0.999999762577018 0.0006632083288326192 0.00018708452745141134 -0.006463281766353607 -0.0006627506064416814 0.9999968129610143 -0.0024361505388622515 -0.016341630602974444 -0.0001886996065333922 0.002436025970080101 0.999997015080511 0.860740946252346
0.9999973389279447 0.0019558034055596144 0.00122350728150712 -0.013411018188132728 -0.0019512879862420896 0.9999913215953858 -0.003680925034307891 -0.029733512774360187 -0.0012306958291335914 0.00367852782404166 0.9999924768821132 1.8522926581127515
0.9999927687472624 0.003683464248116346 0.0009458035296798432 -0.017928992759157172 -0.003682921380357903 0.9999930526642794 -0.0005750767616548976 -0.047877196284369074 -0.0009479152335566749 0.0005715892830884143 0.999999387371013 2.8142512500819463
0.999994065092165 0.0031412788106017393 -0.001414972748838779 -0.022778495269303364 -0.003140113950191329 0.9999947297554679 0.0008247094446004798 -0.06598883180481235 0.0014175559338896135 -0.0008202613743581668 0.9999986588523263 3.7094665619493385
0.9999936775620399 0.0016015976273372262 -0.0031748576324009937 -0.029826478971979768 -0.0016049739889491465 0.9999981489481341 -0.0010612062945250778 -0.08763907895555668 0.003173152130091424 0.0010662951490327383 0.9999943970444102 4.525372326005678
0.9999884434317943 0.000922812044079292 -0.004718201011764259 -0.031503344568375155 -0.0009375323959055865 0.9999946975183072 -0.003118648469299576 -0.10705685699822595 0.004715298067221054 0.003123035894724756 0.999984006177567 5.307688332977858
0.999978158535102 0.00110927862573471 -0.006515516378286179 -0.03800776608598922 -0.001126104105569813 0.9999960396195446 -0.002579270200778778 -0.12567393282510955 0.006512629445058742 0.002586551015482722 0.9999754474043623 6.173347662171892
0.9999798897202158 0.00032674857809965 -0.006333513283408572 -0.04934099598885845 -0.0003255675104612365 0.9999999294230507 0.00018750917193619256 -0.14562724357110826 0.006333574104763836 -0.0001854434149221303 0.9999799255234071 7.072383512334198
0.9999687301637611 0.001258279106164874 -0.007807395747970409 -0.05928919558290206 -0.0012349017233987383 0.9999947424139638 0.0029983599122952024 -0.15684327168920517 0.007811127473545948 -0.002988624787607335 0.9999650265931656 7.933699053123577
0.9999606225668678 0.0028789586317084165 -0.008394338144164773 -0.07553193418324544 -0.0028391584944459218 0.9999846911892672 0.00474937534309053 -0.1662383496045013 0.008407882891970109 -0.004725355468433281 0.999953488178811 8.86338969733595
0.9999525250401872 0.003982331992448094 -0.008893182650468859 -0.09795951958826998 -0.003926139001448725 0.9999722755798458 0.006327203505975658 -0.17467135990690769 0.008918133117081126 -0.006291987250992474 0.9999404371252012 9.760707085525517
0.9999512194051628 0.004407176847145758 -0.008839434504830648 -0.11397815377243023 -0.004342298653699209 0.9999635937900304 0.007345443276567444 -0.1860342127520776 0.00887148536206256 -0.0073067014969252836 0.9999339522491999 10.57723893733884
0.9999474209776209 0.004677691896673242 -0.00912548512268913 -0.12354101765530404 -0.004612252881811477 0.99996359437363 0.007178931029420962 -0.1947518828494806 0.009158733731190404 -0.007136464523190655 0.9999325919633536 11.27406918794104
0.9999216978528408 0.0052938093475037055 -0.01133903636488462 -0.13434159324150063 -0.0052202219548356426 0.999965187012525 0.006509534987104444 -0.20291646605377442 0.011373101856316308 -0.006449832989959295 0.999914522451078 11.931634472481697
0.9998671017448404 0.006119578325624261 -0.015110579389598498 -0.15129446018943615 -0.006011676402514498 0.9999561818063394 0.007175946914430651 -0.20838039157860958 0.015153831040507864 -0.007084153330061833 0.9998600782991548 12.664356804630303
0.9998415233253317 0.0061228941700107046 -0.01671641114181673 -0.16684268993389284 -0.005993729479434661 0.9999518809376425 0.007766016752344835 -0.20910009989428932 0.016763157262483747 -0.0076645923735834485 0.99983011086001 13.511241982799529
0.999836665562666 0.005872305056549537 -0.017092636714415344 -0.18257656958719973 -0.005730359140591468 0.9999487884436661 0.008341670945510691 -0.21267271894941026 0.017140746210360755 -0.008242361516347127 0.9998191127879008 14.33493207856794
0.9998179448597793 0.007096401406304062 -0.017712092576715778 -0.20396554613450696 -0.0069257927008736595 0.9999292098879025 0.009675154180592886 -0.21979633826704575 0.017779497513430175 -0.009550722487556874 0.9997963158404488 15.23999186337595
0.9998139070834318 0.00688874748134862 -0.01801933297043981 -0.2187364942646841 -0.0066858041001088735 0.9999138167209286 0.011298635055564736 -0.22274608289151546 0.018095613449019457 -0.011176058729359022 0.9997737966586145 16.015457164189066
0.9997870972395614 0.006242279221465802 -0.01966708273769487 -0.24004424028636084 -0.005960561494356141 0.9998792597146491 0.01435052957753598 -0.22834735703560993 0.01975428814111201 -0.01423024745410256 0.9997035901493162 16.89012241065177
0.9997667680644213 0.005772737134659208 -0.020810693885453455 -0.26284555864190706 -0.0054370571156251305 0.9998547841287486 0.016150822417864388 -0.2261770967222501 0.020900906294736454 -0.016033906599019696 0.9996529727636646 17.861589249396154
0.999742499728524 0.0049289306518214455 -0.022150392303310416 -0.28285877822133343 -0.004561228186724315 0.9998514703388226 0.016620242438720925 -0.2293729555014979 0.022229022335443605 -0.016514929728060106 0.9996164902911953 18.718586926430277
0.9997147634992865 0.005801839511299832 -0.02316744051142616 -0.3093684225213126 -0.005405791843092863 0.9998388079677413 0.01712120019725905 -0.2352192348147455 0.023263040560393244 -0.016991078245084765 0.9995849809815848 19.70040265574623
0.9996946077126744 0.006711533467267544 -0.023783326695800085 -0.34488772878742807 -0.006290513088113199 0.9998229667559019 0.01773314953734682 -0.23334242041700817 0.02389813288291967 -0.01757812464238933 0.9995598475222817 20.768606943297584
0.9997140432815467 0.00598834736892711 -0.023151055298843884 -0.3714284559950779 -0.005546984361863237 0.9998025360382145 0.019081925899738617 -0.22350274929773126 0.02326075300050084 -0.018948050753123252 0.9995498530551175 21.77059275679074
0.99972529651743 0.006658779496571908 -0.022472030588097793 -0.39637304142383906 -0.006187527629384442 0.9997608456082095 0.020975368664051315 -0.22039720310001396 0.022606326658083434 -0.02083056034707889 0.9995274092042975 22.74103439555596
0.9996849840933753 0.007367005021815688 -0.023992911770688893 -0.4236627877432788 -0.0068353310825212685 0.9997309205286082 0.022166749604155298 -0.22061169945223066 0.024149758326323646 -0.021995767229845455 0.9994663453047086 23.625324065576592
0.9995834618087635 0.007872609021922399 -0.02776553449143901 -0.4507374358164827 -0.007248532790523285 0.9997204275011269 0.022506123818814443 -0.22051112373775505 0.02793495392500322 -0.022295489771499626 0.9993610706271566 24.462916448954882
0.9995282009573023 0.009467869924644701 -0.02921874278862861 -0.477053089070988 -0.008850555825418252 0.9997364006068175 0.021184828611662886 -0.2161178405079878 0.029411615947431108 -0.020916231515604906 0.9993485218413777 25.325566969429556
0.9994072816557356 0.009109630915485478 -0.03319789147033479 -0.5083326892939455 -0.008446216129377888 0.9997629125230156 0.020069384061106667 -0.21407677734678765 0.033372845347502726 -0.019777092002617493 0.9992472766164198 26.123948889970926
0.9992878914880124 0.009064272557183185 -0.03662716052945471 -0.5379935193911147 -0.008344350259972978 0.9997699165329209 0.019760713916624543 -0.2196873498434748 0.03679784972223566 -0.019441012287555546 0.9991336073303985 26.87617380109238
0.9991387413847048 0.0078119565060619026 -0.04075228582220195 -0.5668723833889933 -0.0069868097129233385 0.9997684809188597 0.020351143732733296 -0.2211411596452289 0.04090183314012279 -0.02004888766845599 0.998962002354962 27.642408475154987
0.9990247338330063 0.006338259308360083 -0.043696769432419735 -0.5998683577317674 -0.00551033841128437 0.9998035105063882 0.019041442952021273 -0.22412181867268172 0.043808873079356776 -0.018782088489886935 0.998863361922678 28.433410404355325
0.9989456042970463 0.0056506178080871945 -0.04556040138096968 -0.6304578527390807 -0.004845386321363479 0.9998304484120712 0.01776504037464537 -0.22807932912291032 0.04565305999607126 -0.017525551246764377 0.9988036109098184 29.151347810921184
0.9988998550159341 0.0046047504550037 -0.04666771820426048 -0.6660970535530042 -0.0037674793149382493 0.9998306505752714 0.018013224859556885 -0.23115838749801906 0.04674276145839735 -0.017817588037570883 0.9987480402022159 29.906164857219053
0.9988431460032233 0.004309083528722921 -0.047893647611402995 -0.711057214047038 -0.00337328724717985 0.9998021574170255 0.01960272831543833 -0.23139237591879544 0.0479686420021536 -0.019418491790130426 0.9986600680717468 30.67230913643832
0.998739673644647 0.0037626564126962757 -0.05004904299688196 -0.7451434047225693 -0.0027406133355336506 0.9997866334222837 0.02047380445059003 -0.23588196758803978 0.050115400095468075 -0.02031083570057866 0.9985368879647941 31.40789564724486
0.9986371018999455 0.004296361023275583 -0.052014228734406615 -0.780790706325162 -0.0032245181217860075 0.999781088067042 0.020673132959554377 -0.23120613304904686 0.05209166144172951 -0.020477236762776817 0.9984323420156229 32.068429912357665
0.9984949936678357 0.004651852945871084 -0.054645291512056965 -0.8213985736745155 -0.0035576066908041526 0.9997915491855933 0.020104765895273446 -0.23590908641028802 0.054727425070993825 -0.019880101640590155 0.9983034060363905 32.77745290704971
0.9984113367621795 0.004957574050101577 -0.0561268659760566 -0.8682919417450234 -0.003857574281821898 0.9997986939936438 0.019689860569919858 -0.23591101914950396 0.0562131812426293 -0.019442066457566125 0.9982294747734323 33.56721823521875
0.9983466705229074 0.006337377263548226 -0.05712935414691403 -0.9114053563534484 -0.005187439917674305 0.9997813982361329 0.02025453549460202 -0.23381119259991837 0.05724522620205623 -0.019924692981851334 0.9981613049435717 34.25498941742207
0.9983051157241294 0.009055348097850295 -0.057488230011527 -0.9583697819944156 -0.00779105836130135 0.9997236725579487 0.02217832132639147 -0.23257136987392063 0.057673176855816397 -0.021692837483202453 0.998099807370628 35.00277472342175
0.9982842769977562 0.01038593791499613 -0.05762494765891009 -1.0032270353107844 -0.009071897231185308 0.9996938832562361 0.023018263633317066 -0.2327231063361166 0.057846373954579894 -0.02245600306581562 0.9980729056269462 35.72606878349074
0.9983149936584537 0.01212394032809671 -0.056746660762035266 -1.0554935821578633 -0.010924252676287152 0.9997112273872956 0.021403797309136684 -0.2347708594954585 0.05698977224191548 -0.020747816914237605 0.9981591526170103 36.56575661451211
0.9983824902251113 0.01317251166939918 -0.05530721605924026 -1.0993957049017717 -0.012139104220888349 0.9997461795901222 0.018979424218552653 -0.2388704059568786 0.05554318464598835 -0.018277344754447096 0.9982889828642347 37.28637518434206
0.9984839765257572 0.013275420795897011 -0.05341827237941561 -1.1317903264640865 -0.012359467732560367 0.9997715050731099 0.017440791301277153 -0.24307417385062113 0.053637600418711635 -0.016754129238452552 0.9984199051375046 37.8624237320776
0.9985810555933601 0.012013550626279138 -0.05188015045659841 -1.171310696168401 -0.011093144320694932 0.9997765779105681 0.017992676580007305 -0.24684279494655204 0.05208471521597961 -0.01739163197581922 0.9984912185783549 38.559716108976446
0.9987143520386997 0.011929644011611699 -0.049267906650018456 -1.2112662079954282 -0.010986961445928676 0.9997521979855989 0.01936050880394683 -0.24694148765631974 0.049486661941420096 -0.01879431341438795 0.998597939149274 39.329837946257705
0.9988734909080964 0.012569997917497027 -0.04575745090612002 -1.2414581866913774 -0.0116349385686275 0.9997191785192359 0.020644425526687295 -0.25544566080082526 0.04600410161687902 -0.020088784263284674 0.9987392369288628 40.01775353743499
0.9990298320179067 0.01439952466972246 -0.041617885909279326 -1.2730886035347417 -0.013535889448302196 0.9996886938086318 0.020959369456948866 -0.26247529548941917 0.04190673496128135 -0.020375700245036828 0.9989137382198771 40.71985981892965
0.9992404459099794 0.015631528455346554 -0.03569575010800473 -1.3009401850966626 -0.01489291332362207 0.9996713734245419 0.020864953587830744 -0.2667116513583839 0.03601017065161607 -0.020317491814614855 0.999144867942584 41.4538158228538
0.9994036743990387 0.016038995007764314 -0.03057852574665218 -1.3216560237723687 -0.015382757788612103 0.9996488505538381 0.021576523102760294 -0.2635058967787395 0.030913853860601952 -0.021093274414560825 0.9992994583276607 42.19738543724221
0.9995731965274205 0.016762797359868957 -0.023925580632957515 -1.334159428473114 -0.016233323605444126 0.9996227399265323 0.022155293419189072 -0.2595007432936206 0.024287939160684523 -0.021757445770158833 0.9994682133839395 42.94609407976404
0.9996994801972959 0.016697755374215455 -0.01794809902795641 -1.349751869234937 -0.016315290407094445 0.9996410861838388 0.02124876730836491 -0.2578174925102435 0.018296463925760183 -0.020949553185109323 0.9996131029699227 43.61496654656132
0.9998078948741286 0.01626910304513339 -0.010931131390123966 -1.3601094812726344 -0.016037769653057057 0.9996523596235352 0.020927251220634414 -0.258411736973208 0.011267798894052234 -0.020747920021122447 0.9997212414082636 44.18995636756874
0.999842091227431 0.01736879770200637 -0.0037573230287891654 -1.3648526453514065 -0.017288541466005242 0.9996417837605387 0.02043062637377461 -0.26841797669539086 0.004110832511074726 -0.02036244156365673 0.9997842127327438 44.672146424557894
0.9998282062193766 0.018372352964231564 0.0024524874515404207 -1.3630436557414858 -0.018416217683687734 0.9996449734274013 0.019255389571635428 -0.2802207105356512 -0.002097849939652293 -0.019297247158237635 0.9998115898896874 45.118794460004
0.9997797964321823 0.018586458394582554 0.009741776550960804 -1.3527527299426056 -0.018747297831186758 0.9996849828285936 0.01668753819535273 -0.282565217552568 -0.009428545489691331 -0.016866495526309765 0.9998132944998329 45.671299257991436
0.9997133546129957 0.017720646268721923 0.016099295147553868 -1.3444760377842602 -0.017967749268760776 0.9997209456955625 0.015335929179006254 -0.28899168577782824 -0.015823039993761216 -0.0156208013042667 0.9997527804272257 46.19709353578394
0.9996295988800156 0.017488943345273778 0.020851904077182626 -1.338454204570161 -0.017818974277052986 0.9997172017180188 0.015748039395646597 -0.29470359533575874 -0.020570590625743988 -0.016113765846595785 0.9996585403784384 46.75420630535568
0.9994767770845547 0.017976406248332483 0.026889047715852578 -1.3326336290856582 -0.018418643982601596 0.9996976408857452 0.016290499111966117 -0.298575764606043 -0.02658807293717729 -0.01677723534643617 0.9995056771982931 47.326994244196435
0.9992325340286545 0.017579280751090883 0.035004454387222765 -1.3134222443607078 -0.01817879310185438 0.9996922046931987 0.016882753241414094 -0.30566706060138993 -0.03469689352136308 -0.017506135036747306 0.9992445450519323 47.90725119957464
0.9988279721285636 0.01747408219007729 0.04513688674637216 -1.2840852246374286 -0.018211140294619104 0.9997066120175099 0.015970105123021706 -0.30243089058537315 -0.04484458119672997 -0.016773381891708267 0.9988531509672508 48.559708135746845
0.9985043790626212 0.015868211671413487 0.05231830321330063 -1.2445964860004985 -0.016701729558744577 0.999739853365071 0.015533120205906189 -0.3007851678631656 -0.052058209943429766 -0.016383694697344357 0.9985096480883648 49.224837471101864
0.9980271711091153 0.014692834404167512 0.06104003886881724 -1.2077092924062738 -0.015672632764465014 0.9997554109801086 0.0156040635163562 -0.3039407331929864 -0.06079584122425837 -0.016529937482155577 0.9980133400193961 49.76982722784036
0.9972537756356369 0.014167444803593538 0.0726924376273245 -1.1548624523401347 -0.015292579273837729 0.999771368273769 0.014944838545375483 -0.301428454793024 -0.07246408765463576 -0.016015451530665064 0.9972424285561913 50.328495770050196
0.9963216707463911 0.01313540313322367 0.08467933387578085 -1.105997335224995 -0.014288544624165709 0.9998130620089931 0.013026071116127818 -0.30079115738203177 -0.08449240139587412 -0.014188101378510492 0.9963231061686925 50.840359500359334
0.9948680903312856 0.013225381498190953 0.10031237274038984 -1.0474387315662932 -0.014358679646741182 0.9998408900408564 0.010584088109436965 -0.30359056312035426 -0.10015643343980397 -0.011970124750117363 0.99489969592622 51.373778291740585
0.9932718354733698 0.011436028386486117 0.11524008898862186 -0.9803698097919538 -0.012628057950151268 0.999873994513769 0.00961910845583898 -0.30351215571989354 -0.11511556370782211 -0.011009648033477492 0.9932910926019671 51.87387347008952
0.9911349099659261 0.00944193140391203 0.13252335710431545 -0.8973804852339178 -0.010921899238075888 0.9998857992621001 0.010445120919470478 -0.30488873890188756 -0.13240960072391825 -0.011799930735087456 0.9911248454512578 52.45596365679119
0.9885532367561753 0.010143868104245862 0.15053106004666023 -0.8154030284748807 -0.01182666471653433 0.9998771358201813 0.010288015635238103 -0.30335258529547915 -0.15040820489777243 -0.011950531532609106 0.9885517471005338 52.95638737540595
0.9853923869162815 0.00979168104810874 0.1700175484756921 -0.7222880147642226 -0.011705352754888106 0.9998788819751975 0.010257002335525837 -0.29724384917454455 -0.16989652299066008 -0.012097287393438934 0.9853876532174559 53.44791630346763
0.9816514493575922 0.009259339050477187 0.19045917309094287 -0.6135009692213966 -0.011559608591739151 0.9998730088539546 0.010970032568029723 -0.2933484279405122 -0.19033341121133535 -0.012970381863543955 0.9816338226502646 53.97962555238744
0.9775932913593234 0.008474937634480297 0.21033195696644702 -0.48200685532881804 -0.011091040342170264 0.9998750762185392 0.011261473309335274 -0.29659536410200243 -0.21021024121905207 -0.013341940977990716 0.9775651625838393 54.551020875767954
0.9730657523994499 0.007943251497871574 0.23039085542384752 -0.3424573310392368 -0.010809149217222043 0.9998790799576004 0.011179792320975112 -0.3033872252150105 -0.23027419264974214 -0.01336900216103903 0.9730339490381246 55.12254439221709
0.9675644409788645 0.007577978857983481 0.25251064688381575 -0.21047061449523138 -0.01073664198404786 0.9998803779869387 0.011133473653811688 -0.30029836217220607 -0.25239607182395213 -0.013483469624755077 0.9675300610186313 55.59120537876288
0.9603313116668861 0.006341584799257318 0.27878944767402825 -0.04655758462956927 -0.010036070301297299 0.9998796972023503 0.01182659779654432 -0.29815637683949464 -0.27868090915070487 -0.014155402670628498 0.9602794257142911 56.117282022541396
0.9514846925601966 0.004436813103636758 0.30766409363640274 0.1499567977709642 -0.008834214151611596 0.9998777456443113 0.012901566787441237 -0.3023926528298133 -0.3075692385202873 -0.01499361379823883 0.9514075651692705 56.65557153416849
0.9411346035182742 0.004728262687147641 0.33799896685117287 0.3297934317620067 -0.009970159655153047 0.9998554224887599 0.013774252657465909 -0.3036030105124919 -0.3378849715168608 -0.016333329476327686 0.9410456781534401 57.104124545691036
0.9294969245334229 0.003274284724667867 0.3688153282368411 0.5359349434914785 -0.009631434035401423 0.9998350705840406 0.01539698375091656 -0.3049855214485275 -0.36870408563145723 -0.01786366954872608 0.9293751592058642 57.58257947496387
0.9156031628964899 0.0006081409262160052 0.40208267589956664 0.7537025215492228 -0.0077811977704061 0.9998383843204688 0.016206733189936436 -0.3075433327398326 -0.40200783705694115 -0.01796762099015394 0.9154599191339586 58.02399778206573
0.8977447638629732 -0.0026082495545892213 0.4405082700595685 1.0101669039448726 -0.0056108726135824585 0.9998336501149112 0.01735483236463988 -0.30993788889409263 -0.4404802572932494 -0.01805184567160893 0.8975807895686723 58.49296832781491
0.8777632810213187 -0.006365975324088002 0.4790522903074996 1.3089180747445326 -0.00256258878544391 0.9998350285571831 0.01798190225673296 -0.3039808067181241 -0.47908773270603033 -0.017011467550657786 0.8776021617694251 58.98742839435366
0.8563320749233868 -0.007551681062429748 0.5163703608559815 1.5837257665460094 -0.001112911959925869 0.9998637711346272 0.016468169279198877 -0.3003579211730115 -0.5164243786696897 -0.014676896319393791 0.8562070134202678 59.38190361611617
0.8313061545661176 -0.008734140146373649 0.5557461580401576 1.9013674460999712 -0.00018127343648734458 0.9998722119728615 0.015985207675704577 -0.2917748670793826 -0.5558147573791415 -0.013389343538713318 0.8311983403250804 59.81788583425224
0.8043539412523747 -0.009457732670232689 0.5940751539026926 2.231565821007945 0.0008129486202674165 0.99988988224139 0.014817641709694502 -0.28094842394712255 -0.5941498769723939 -0.011435675932557978 0.804273056249962 60.208069555830015
0.77539595047184 -0.009215169358035999 0.6314081094233533 2.507283385987907 0.0010586903338162183 0.9999110808093736 0.013293218173355263 -0.27176581397671207 -0.6314744643820907 -0.00963904187821863 0.7753367589022346 60.49456898155537
0.7434029787817573 -0.008130083545488843 0.6687943726437534 2.8580391394190534 0.0005850420722140652 0.9999336416926274 0.011505213474348507 -0.2691068430583091 -0.6688435309279612 -0.008161737122694052 0.7433584042593163 60.82661973756609
0.7064132103193703 -0.009451996446248999 0.7077365583672075 3.2239914183693896 0.0019445014687626324 0.9999329733780228 0.011413486120418549 -0.2718524830361108 -0.7077970014067015 -0.006686442594018359 0.7063842412491368 61.14358602664373
0.6647767978126624 -0.010579704923832872 0.7469671203832644 3.6339673167390254 0.0024289776320688106 0.9999250379314096 0.012000774372052605 -0.2705634190855958 -0.747038090834467 -0.006163469931023553 0.6647526626353628 61.46487058483857
0.6188783358249451 -0.012454263071536917 0.785388118561702 4.107293747831335 0.002189185411463641 0.9998977589706589 0.014130784574289467 -0.27219406536114715 -0.7854838081805254 -0.007025876229744878 0.6188423257578817 61.80269829960782
0.5705431813543733 -0.014454352126091011 0.8211403959827116 4.618124422349726 0.0012587702959280084 0.9998593235777349 0.016725685397413762 -0.27102182691600696 -0.8212666398359139 -0.008509098617723199 0.570481114089977 62.13507802611844
0.5209128908923027 -0.015399436518421378 0.8534709236155253 5.139884592826607 0.00040892140613418474 0.9998416464244253 0.017790864469578435 -0.266755886247592 -0.853609742731131 -0.00891848811214172 0.5208366996327028 62.42088024094725
0.4712500314252781 -0.015313182829938191 0.8818667214002863 5.746830999728211 -0.0008322372561953305 0.9998411057150348 0.017806479261291374 -0.2613674601578564 -0.8819992716906427 -0.009125226252005233 0.47116240828723377 62.740955728801005
0.4196427249670936 -0.017793812579090365 0.9075149385085028 6.346281809451346 -0.001576386060649305 0.9997920399301334 0.020332041199232948 -0.25637855629973183 -0.9076879961689373 -0.009962787071885106 0.4195274061185756 63.0063868201207
0.37405893372056104 -0.02021635713463513 0.9271845625376004 6.991079666791564 -0.0012692993302698362 0.9997502804382509 0.022310662088925112 -0.25240909222538915 -0.9274040667276848 -0.009522377215848539 0.373939863278993 63.2494507296642
0.3230787919839531 -0.021048017900191486 0.94613797889772 7.616857663554528 -0.001507661181326123 0.9997399282130371 0.022755282778977735 -0.25520707787626157 -0.9463708687020924 -0.008778204774447783 0.32296303502566037 63.4531790908635
0.2716860228120521 -0.02144542053040718 0.96214697367234 8.243781774536698 -0.0019128898569694788 0.9997376813919949 0.02282343658063766 -0.25498988320014765 -0.9623840428129329 -0.008041289898348203 0.2715737317853228 63.62473950702009
0.21821757651435264 -0.023150181983577642 0.9756255215882419 8.871171502057635 -0.00022113045705365105 0.9997173980892956 0.0237713074711218 -0.24976376275028628 -0.9759001180456554 -0.005403057624427691 0.21815078859995768 63.756613138687406
0.17426417756278745 -0.025994356187922136 0.9843557740292584 9.563456605321726 0.0014238041330568527 0.9996571114137117 0.026146364599731322 -0.2484765093310245 -0.9846979075839235 -0.003154844903767669 0.1742414352370788 63.85976613282924
0.1267947405784631 -0.02605794956807249 0.9915866462523324 10.221229768683793 0.0018550880453349402 0.9996593658415653 0.026032881776348 -0.2391644657582196 -0.9919272414900125 -0.0014613519579653182 0.1267998897494418 63.91406996037423
0.08622992915055344 -0.024330779090636762 0.9959781184883199 10.77508334591461 0.0024862929472257533 0.9997038871059691 0.024206537393745096 -0.22983403248910841 -0.9962721604391407 0.0003889653671458837 0.08626488880113396 63.94071651853486
0.055325724040756884 -0.022237797908559193 0.9982206893285394 11.35541282537406 0.004969163234531607 0.9997457014771061 0.021996358671288546 -0.22326628703914583 -0.9984559938605787 0.00374335707961102 0.05542215803863923 63.954529912968795
0.025671659114806185 -0.022889857805333466 0.9994083351303135 12.048972956739204 0.005290146417676946 0.9997269322426509 0.02276126753008158 -0.21803351137429655 -0.9996564311147975 0.004702696922833014 0.02578573971169405 63.95931472297237
-0.0005289877550091891 -0.02302881854670258 0.9997346616419273 12.698100127761222 0.005237195125273106 0.9997210271522371 0.02303127562456238 -0.214405340899404 -0.99998614588362 0.005247988759305361 -0.0004082337655554331 63.94387224357005
-0.021487788645204755 -0.022645170791971692 0.9995126168182881 13.266175797656942 0.005811545447681172 0.9997237269557995 0.022774891901260298 -0.2103382660173971 -0.9997522197417967 0.006298095061761952 -0.021350248709194865 63.916473716291065
-0.03690797735641508 -0.021097891104859094 0.999095931429203 13.812980013888941 0.006433093008836089 0.9997513787489251 0.02134937947486863 -0.20250782769150263 -0.9992979618321053 0.007215239465865818 -0.036763076553142544 63.88672696803729
-0.05245931426451959 -0.019015118432312208 0.9984420091411933 14.344580574162144 0.0076930909044353795 0.9997813335694911 0.019444829604434947 -0.2038822226126872 -0.9985934291288093 0.008701167566169456 -0.05230155813886435 63.84491248607326
-0.06403847697381018 -0.017667331654488777 0.9977910296545496 14.876355214150719 0.00926682044604946 0.9997896422481362 0.018297466823685646 -0.21215594010916575 -0.9979044039915332 0.010418092222355242 -0.06386128599355857 63.802266340352865
-0.07377960954149256 -0.015279710087147434 0.9971575099629738 15.438313570376911 0.010884862403140332 0.9998107222894858 0.016125736120884693 -0.21464047013759568 -0.9972151668453357 0.012043672804773095 -0.07359932716405777 63.75332910906813
-0.08066709541552837 -0.013174961132326959 0.996654022274723 15.996864711398008 0.012802880543317336 0.9998164522139462 0.014253004318729898 -0.21700085398612176 -0.9966588714133923 0.013909790849537014 -0.08048361169521781 63.696892744949245
-0.08364628824269431 -0.013058846694573412 0.9964099382213266 16.6155563823081 0.013473793979584422 0.9998078998675756 0.0142344735828825 -0.21923534760282148 -0.9964044135485434 0.014616083107101482 -0.08345426756967282 63.64338498529404
-0.08566237422319528 -0.015736029682693244 0.9961999473058963 17.274096032614487 0.012252429251495032 0.9997830181553697 0.016846203892115972 -0.22538169977634656 -0.9962488823681978 0.013648955196755342 -0.08545098245283472 63.59354345815184
-0.08633682419484254 -0.02189843441817927 0.9960253065851196 18.109134262238562 0.01083464137350311 0.9996786381693026 0.02291791731973706 -0.22304617080628636 -0.9962070885786033 0.012770237194329412 -0.08607181715140093 63.522888658261984
-0.08764551837356128 -0.027561591187764207 0.9957703659982196 18.984290229625152 0.009386190002251224 0.999549941250412 0.02849235658098339 -0.218785284088836 -0.996107505516484 0.011843717216095253 -0.08734737440950276 63.448566988452505
-0.088126296724417 -0.03033142827406508 0.9956474076119994 19.79498274473448 0.010220880087052029 0.9994561410873053 0.03135212358225144 -0.22459708685496332 -0.9960568705831443 0.012939339307936627 -0.08776835456124282 63.36969458207036
-0.08888669585630442 -0.0284234643931507 0.9956361092144255 20.45650568638266 0.011133942638923665 0.9995019474496653 0.029527823584506355 -0.2214239321836471 -0.9959795131532889 0.013709986003489268 -0.08852596038858994 63.30389401449024
-0.08897110732386436 -0.021272955124475953 0.9958070111431414 21.175757288252118 0.011806942880958413 0.9996791296725089 0.022410573330879105 -0.21077617876967483 -0.9959642253421412 0.013751330026036056 -0.08869139056945666 63.23731237118058
-0.08869335500697313 -0.014228476505201204 0.9959573480997803 21.933001175829936 0.012863433646936675 0.9997982205082843 0.015428880169234886 -0.19709386880614232 -0.9959759137913015 0.014179870408670624 -0.08849243144346006 63.1738404308684
-0.08718064746174013 -0.012592926776963735 0.9961129217630603 22.759174581512564 0.013995412357190236 0.9998059331439371 0.013864504431490959 -0.19241099237823517 -0.9960942039491565 0.015149727567473244 -0.08698748538455064 63.10324267460466
-0.08540997826587927 -0.01656085873978823 0.9962082480939523 23.691355327798835 0.014299963489916866 0.9997384894404457 0.01784555338228087 -0.18922922633572553 -0.9962432668062599 0.015769929902620855 -0.08515082297933127 63.02443691695981
-0.08373592122655679 -0.02137022422263149 0.9962588062411356 24.637364048130856 0.013677606076429186 0.9996511879175856 0.022592600270330325 -0.18570019269471205 -0.9963941080658582 0.01551824769847941 -0.0834144196168192 62.95055569176147
-0.08322964033894291 -0.022744969602024205 0.9962707931716415 25.512569894498675 0.013487188235266396 0.9996222179289275 0.02394821864681099 -0.1829640117006801 -0.9964391214331942 0.01543009334553663 -0.08289143198661357 62.88215447971183
-0.08245271044140227 -0.018102508924593242 0.9964305543847496 26.355371175381304 0.014481922114298681 0.9997076817579539 0.01936039684536214 -0.18032119343297368 -0.9964897513134496 0.016026546876028787 -0.08216644888571518 62.81395689290776
-0.0810603745614805 -0.0116706719272722 0.9966408636478421 27.085453358091485 0.015081832299269115 0.9998026009094224 0.012934355385867877 -0.17512708739674146 -0.9965950802660267 0.016079634060425348 -0.08086835820043371 62.7530549410203
-0.08034889681589556 -0.010675207104196643 0.9967096341130396 27.988004863182617 0.013996319455386217 0.9998319807107288 0.011836950188314554 -0.1744949451448083 -0.9966685295634503 0.014901352332603096 -0.08018598304247651 62.68946322362178
-0.07869358320158229 -0.01406413993431186 0.9967996388095263 28.953682781380977 0.01171766447452571 0.9998183542050771 0.015031797427798853 -0.17215964253428698 -0.9968299836492466 0.012863069717452363 -0.07851448997023369 62.626597506843346
-0.07451331938988394 -0.017153899363031418 0.9970724692669749 29.879248211205827 0.01217206001383016 0.9997619094739322 0.018109812811125184 -0.1733576076346467 -0.9971457296646866 0.013485848200141929 -0.07428678018195373 62.56257738786856
-0.06974639080479964 -0.017199390919840653 0.997416473656661 30.73022252304 0.012681249758019935 0.9997552783058049 0.018126483504918776 -0.1766703626917804 -0.9974841486832149 0.013912744217654554 -0.06951121257793798 62.507775001308474
-0.06507714670119193 -0.014871242869453532 0.9977694178079157 31.50113718536156 0.012132784418107263 0.9998032450456761 0.015692888147056275 -0.1737959737814384 -0.9978064744826495 0.013126969629355317 -0.0648839128664012 62.46261951656837
-0.05833826343728437 -0.014312648170635945 0.998194267225305 32.28839220686172 0.012529289605206792 0.9998079670145906 0.01506804553141585 -0.17430932264140078 -0.9982182446344637 0.013385708666019862 -0.05814773325244596 62.420720145593535
-0.05389941296801222 -0.015087492499865846 0.9984323817123361 33.1488153182359 0.012111040220887999 0.9998024215386887 0.015761998291422254 -0.17358471334231518 -0.9984729220096411 0.012941617187865679 -0.053706038376434576 62.384897108553766
-0.049655975444403505 -0.016936258955315593 0.9986227752436155 34.04007196315339 0.012386327789418873 0.9997688821724346 0.017571599914908538 -0.17985399219233228 -0.9986895728836646 0.013241803966040282 -0.04943472100828651 62.34568785777133
-0.04352852098755101 -0.0171926029826648 0.9989042407875309 34.913927458947086 0.013709962473535228 0.9997474856627238 0.017804545487926586 -0.1775370000340269 -0.9989581096270295 0.014469945187797381 -0.04328181947020687 62.31225948301273
-0.037979257294490774 -0.016586548684229475 0.999140862150128 35.721383532124094 0.015868456463156242 0.9997261479156492 0.01719945531724094 -0.17522984942389203 -0.9991525249454325 0.016508045810408413 -0.03770565367004922 62.28046285659949
-0.033203448894592785 -0.016213989938923853 0.9993170855698211 36.585050367945136 0.01672223129893672 0.9997194248078869 0.016776133111303906 -0.16972150811937484 -0.9993087100400387 0.01726783692428808 -0.03292299874050339 62.256111658122585
-0.02810916895877775 -0.016812363447432598 0.9994634655932927 37.46496385721166 0.017341877768533104 0.9996998692217792 0.017304067539576497 -0.17327514654015064 -0.9994544181181577 0.017818976212577557 -0.027809174580117807 62.23679609567114
-0.022474308852566793 -0.017578511410938275 0.9995928678107759 38.255745079048474 0.01739471506013055 0.9996871798620832 0.017971263377039887 -0.17606488273245416 -0.9995960830903516 0.017791524835313734 -0.022161505238997736 62.224990377540834
-0.016332812889586344 -0.01716321985976697 0.9997192921551307 38.9590848377052 0.017413037407901587 0.9996961426532295 0.017447306166853808 -0.1795419315793497 -0.9997149720552062 0.017693113018748863 -0.01602898625493855 62.221178990974494
-0.012092297294187168 -0.015100391219511115 0.9998128597548457 39.64273195335768 0.01720972364448308 0.9997347199591483 0.015307355103958203 -0.181719721615123 -0.9997787764091746 0.017391604101286103 -0.011829215889255897 62.21672868375057
-0.006085815642331898 -0.014527638087404062 0.9998759475952829 40.34332628823063 0.017870595252691315 0.9997332034458689 0.014634334736164711 -0.18785258910086494 -0.9998217864566058 0.0179574402256291 -0.005824574427452135 62.21183995745909
-0.001197218416379698 -0.01518008644455138 0.9998840591006518 41.09108898946485 0.01800988454428751 0.9997222757066319 0.015199194539507837 -0.19785451275820878 -0.9998370920938879 0.01802599321769326 -0.000923494315502582 62.21144536812106
0.004872335960267172 -0.01586369784731447 0.9998622922347336 41.852783533762974 0.018921369389169967 0.9996966163131683 0.015768865286881827 -0.2065916804286651 -0.9998091028405002 0.01884193256028586 0.005171020659867041 62.21160507429132
0.010210508063102787 -0.01551064582142087 0.9998275678292192 42.58874241274266 0.0197374470568787 0.9996880170740898 0.015306916807328435 -0.2140319334456664 -0.9997530588644213 0.019577752288554687 0.010513463109640296 62.21818254525261
0.01649722514009419 -0.013620668320784674 0.9997711332885986 43.288884330470395 0.020513201176375586 0.999701364169423 0.01328122943434094 -0.2214875346562414 -0.9996534650268422 0.02028940295536661 0.016771701986982995 62.22572340134369
0.024132736441810142 -0.011227328085269326 0.9996457163094796 43.88650238827362 0.022229859170820408 0.9996957191640033 0.010691232221193066 -0.22804496474819105 -0.9994615772470061 0.021963974804841527 0.02437497523479068 62.23757532501709
0.029841251825956216 -0.008988045444183579 0.9995142393825861 44.45612122951188 0.02234283995747169 0.9997157238871385 0.008322794929888253 -0.2365243642312357 -0.9993049070189199 0.022083624066340728 0.030033587131773908 62.25578198245599
0.03445097471544555 -0.0076425007342557074 0.9993771673015546 45.19387931553181 0.022074420365494528 0.999732627722396 0.006884259785657098 -0.24673678047870606 -0.999162574512617 0.02182350223488158 0.0346104672537216 62.287654530550356
0.03894386934572627 -0.007958125688202528 0.9992097093583063 45.97792915110057 0.02200639005853552 0.9997325859847194 0.00710459829219072 -0.2595443141977651 -0.9989990459639954 0.021712318066769994 0.039108584827283244 62.321301689902825
0.043098861190428064 -0.008338100488090841 0.9990360174910292 46.79062674630051 0.022734441901903574 0.9997144249988102 0.007362988571458646 -0.2706429020584853 -0.9988121111177496 0.022395189875171063 0.0432761152942109 62.361445198168724
0.04769047845110839 -0.006321284655006458 0.9988421595154119 47.62995648177549 0.022709950615057612 0.9997283498041252 0.005242589148318558 -0.28076426972089075 -0.99860396374547 0.02243363453002675 0.04782107938563456 62.412896897812324
0.0514214292871106 -0.005346811979933269 0.9986627299602797 48.54859537597911 0.02246302028915333 0.9997388692825789 0.004195946266942432 -0.2890785280314791 -0.9984243833809135 0.022217219610861073 0.05152810711837745 62.47313300807516
0.055598892813978326 -0.005656382582225284 0.9984371629972213 49.435662137200765 0.023458946498160892 0.9997153053987342 0.004357290523623475 -0.3004789151265409 -0.9981775598294393 0.02318002345974521 0.05571575688572728 62.53277395050958
0.05959778644617696 -0.005308092874694438 0.9982083590116574 50.38439286820603 0.024316721586628596 0.9996968366122154 0.0038641841057151073 -0.3156810123170996 -0.9979262502319457 0.024042857932410917 0.05970879399592331 62.590809597587985
0.06424218724112005 -0.0005776419754717079 0.997934170027373 51.337478572868434 0.0244308000494012 0.9997010292228011 -0.0009940723382539957 -0.3306814504933717 -0.9976352426550603 0.02444419155168938 0.06423709296007443 62.65511713239419
0.07240811728393287 0.004048420941864413 0.9973668707347715 52.145969427691654 0.026516511846925283 0.9996304727417014 -0.005982688832796714 -0.3490637316362196 -0.9970225369322733 0.026879885678247947 0.07227401050900802 62.713513561688096
0.08069892232694771 0.008935353473627734 0.9966984716520676 52.84686467317539 0.027531070977270616 0.9995583135882914 -0.01119007897072455 -0.36415180511990586 -0.9963582307915722 0.028343203679681295 0.08041727885882688 62.76975119595422
0.08563070986324947 0.012386558749354095 0.9962499458924259 53.55845066890626 0.027220903575664698 0.9995203649232225 -0.01476693984100768 -0.3856871372652793 -0.9959550210410298 0.02838332725549245 0.0852524650497992 62.829573493243124
0.09062971187385477 0.012271572301858824 0.9958090498880292 54.393541972318154 0.02801113915381854 0.9994970574444801 -0.014866345991090098 -0.41795283683030116 -0.9954906485793655 0.029241078520835104 0.09024038961557537 62.90732456448453
0.09572989595665106 0.012054687663208523 0.9953343516253561 55.21116027032431 0.027928226506312433 0.9995004918901311 -0.014791243206487233 -0.4511937459596128 -0.9950154778616959 0.029213887394933278 0.09534541204974288 62.99068516479292
0.09995230988761263 0.01091247057262359 0.9949323865138419 56.074278762422885 0.027160651588373774 0.9995373128501325 -0.013691574987078238 -0.4827064835500597 -0.9946214529927572 0.028391516450049788 0.09960967342703665 63.08094476637789
0.1052501979378399 0.007866848089147093 0.9944146562351066 57.01382512438976 0.025935484603344175 0.9996068551457097 -0.01065297066972491 -0.5119353510158692 -0.9941075125319363 0.0269118532777401 0.10500478884661468 63.18751405643428
0.11240624265939282 0.0032024756686320362 0.9936571746637703 57.87829772964638 0.02463291460976886 0.9996785073443127 -0.006008450022291226 -0.5355264845757663 -0.9933569630948504 0.02515205962608949 0.11229121856823918 63.29290286406477
0.11909191739423594 0.0006195241849416809 0.9928830401417612 58.900663146316276 0.025243213623059292 0.9996746701689141 -0.0036515734484577865 -0.552777563778405 -0.9925622879080909 0.025498431568493903 0.11903753445952125 63.42123349513179
0.12549041272241007 0.0018285509622843182 0.9920931471974468 59.80153588127179 0.025992186787147462 0.9996489818072731 -0.0051302434347875 -0.5648325674653696 -0.9917542853654729 0.02643046675820309 0.12539883526637022 63.54892907626275
0.1314125792916592 0.006775262340064772 0.9913046100085153 60.521654857854884 0.027240584328732807 0.9995743572054021 -0.010442939377059944 -0.5747609088384069 -0.9909534219978968 0.028376050423324573 0.13117208236904035 63.65584827107146
0.13848871100168295 0.010441035533115706 0.9903089728474073 61.279820253569206 0.027321533790272134 0.9995235638511528 -0.01435893790063755 -0.5938401540672437 -0.9899870760350555 0.029045310865672774 0.13813746486843106 63.774778431733054
0.14383551128690905 0.013069026575023304 0.9895153087432313 62.043437133247124 0.02757196317092952 0.9994716898000439 -0.017208373983098525 -0.6128946199269835 -0.9892174344095102 0.029758054920014796 0.1433991827997739 63.89857838081178
0.14713478574178082 0.013457866500428095 0.9890248938494796 62.81842554454334 0.026498285001905493 0.9994949246692593 -0.017542418657234382 -0.6341309034496905 -0.9887614453024941 0.028788563521727786 0.14670386120916296 64.0213342194789
0.14929681457815025 0.01114734370124619 0.9887295878475676 63.67180546678263 0.025774257027426122 0.9995528121478592 -0.015161246716107855 -0.6577720811755319 -0.9884564476149167 0.027747296367552795 0.14894273635457872 64.15240891503089
0.15103163834373334 0.0059870192802797696 0.9885107990403256 64.58470529470466 0.025569177927227724 0.9996234272738908 -0.00996096307204642 -0.686074898376173 -0.9881981893119076 0.026779829075900874 0.15082168078672237 64.29225666080455
0.15260154297197567 0.001378828289963415 0.9882868348385084 65.53151244714797 0.024685013451235725 0.9996817213993402 -0.005206343338781896 -0.7142478211886641 -0.9879794629411505 0.02519036983840788 0.15251893677153538 64.44368095281055
0.15450763206907508 -0.002032399990073935 0.987989504490147 66.4013432249935 0.0235464295354703 0.9997214224192142 -0.0016257958762773337 -0.7332865175541812 -0.9877109684966238 0.023514823120332866 0.15451244546987453 64.58329626771038
0.15606000985260596 -0.0022770564345506324 0.9877449510571022 67.18184032541421 0.024497133516871918 0.9996986738953204 -0.0015658420712182206 -0.7494634254144297 -0.9874437522078215 0.024441285275724017 0.15606876625324345 64.70736443400352
0.15697063759563187 -0.0007318905799958054 0.9876029988153124 67.88785901746115 0.02508869819022145 0.9996799565978073 -0.003246782980575535 -0.7658078669099269 -0.9872845467016795 0.025287323163630724 0.15693876236060125 64.81548909894431
0.16007742161677074 0.001791116768430842 0.9871028370890478 68.62777329111874 0.025338544987756274 0.9996613805982493 -0.005923029486922062 -0.7828682526074322 -0.9867791937543223 0.025959892933549406 0.1599778320032139 64.93593327668671
0.16234208421963783 0.005443360299797945 0.9867195232282929 69.38492322927836 0.024788090918910877 0.9996467001646426 -0.009592986945401833 -0.8057484028896693 -0.9864231334674894 0.026016238747855754 0.1621497982779957 65.0583173926824
0.16553264630350353 0.00976026486501148 0.9861560121185305 70.14102318927557 0.025397351875977393 0.9995771987738273 -0.014156207442471749 -0.8312292277375917 -0.9858772324815336 0.027389065723958772 0.16521477401649534 65.18780792878806
0.16944202101426534 0.012353877711962915 0.9854627254341379 71.00222995742037 0.02583162846627721 0.999522230724779 -0.016971660429682848 -0.8582142656619847 -0.9852015674395685 0.02833181943395301 0.16904194604352007 65.33691424381202
0.17297415674116745 0.012346446829378199 0.9848489764173851 71.77497889552129 0.02606141034935679 0.9995139484384651 -0.017107593856240628 -0.883503689337427 -0.9845815070324475 0.028625724927711198 0.1725683165650013 65.47734966918371
0.1749608195421999 0.010109438900111041 0.9845234943211089 72.73524629055977 0.025812235960651898 0.999556490890634 -0.014850925665154141 -0.9123632634028003 -0.984236983708616 0.028011082869557766 0.17462227560263135 65.65530906620185
0.17607388493906495 0.007700371743953711 0.9843468348694324 73.62235160969263 0.026252590030432194 0.9995769934744698 -0.012515415823389027 -0.9395865122836506 -0.9840268230892694 0.028045291789232818 0.17579724983428432 65.81829207921895
0.1769975959432141 0.005507192821192879 0.9841958757572363 74.44234902967312 0.026824548047125755 0.9995858746263422 -0.01041743104402268 -0.9613280794265239 -0.983845666073898 0.028244469807729326 0.17677656878922066 65.96776325992693
0.1769998474229021 0.005658980982213139 0.9841946097934661 75.21756164703571 0.025702019061256905 0.9996158612719546 -0.010369961894935971 -0.9828438359907633 -0.9838752259450616 0.02713127029408305 0.17678640768957662 66.1110407458089
0.17695434157870543 0.006855867356889677 0.9841951829181201 75.93464198224399 0.025962810908317025 0.9995952424534535 -0.011631152744226457 -1.0009214218675184 -0.9838765641309827 0.027610656406635698 0.1767047203857578 66.24028941045346
0.1758015447308503 0.009437890932222715 0.9843803853617761 76.72773282021384 0.026403823322404235 0.9995490894114049 -0.014298810117974412 -1.0235483879333445 -0.9840714684331663 0.028505158683685656 0.17547307754812919 66.3762834329505
0.17502316961353875 0.012979057648372592 0.9844787626764686 77.54733832605078 0.027573689442937355 0.9994562794328357 -0.01807863802327452 -1.0505096236363876 -0.9841781250103746 0.030309892194337638 0.1745701254116314 66.51753257987457
0.17365708225726412 0.01453976418866244 0.9846988438295398 78.36042632867176 0.02896839135930193 0.9993829102710285 -0.019865320542662424 -1.0779597370312601 -0.9843800333631063 0.0319748950826504 0.17312872667615084 66.65689117064623
0.17287077117643349 0.014211124381388874 0.9848419875374335 79.21930670912064 0.030296852281612472 0.9993460329963022 -0.01973846692067441 -1.1056898789789524 -0.9844784391822369 0.03324981621556887 0.17232716706004175 66.80312784636439
0.171467862721267 0.011374184062827645 0.985124053097226 80.17296061648959 0.029851565514214546 0.9994142394200216 -0.016735055448040534 -1.139656991561878 -0.9847373538615021 0.03227701940085792 0.1710278864058295 66.9731557908173
0.1700846906990848 0.009789208198713737 0.9853808245509139 81.11301150632958 0.03039657228836304 0.9994227111761738 -0.015175400435684553 -1.167208896515524 -0.9849605303680532 0.03253330275436691 0.16968894433338225 67.13476394827643
0.16580589303392065 0.009434655503733739 0.9861132760037001 81.8973727749733 0.03150711697832427 0.9993930665752224 -0.014859342552262296 -1.1929728424428352 -0.9856549636738707 0.033533352902702054 0.165408001100807 67.2583403363126
0.1618505594594599 0.010794775279410753 0.9867562359718461 82.6784187188917 0.03459019917650229 0.999263621858335 -0.01660518447622903 -1.2095763276141729 -0.9862088594834211 0.0368196531383272 0.16135798281827743 67.37428700109507
0.15819606971005287 0.013284470801349431 0.9873183510721448 83.47687864746503 0.03800732487405289 0.9990865421852504 -0.019532651643725276 -1.2350537808172373 -0.9866759583491485 0.04061531804436631 0.15754665707638693 67.49073404652435
0.15502506523129017 0.014458215197593126 0.9878047323045853 84.25291376031674 0.04069685145544686 0.9989506587265504 -0.02100827721165024 -1.2647851863609132 -0.987071930221728 0.04345735200272041 0.15427398719571653 67.60074221384805
0.15205562458819208 0.015745091341339064 0.98824651738812 85.06194409893101 0.04285937706796168 0.9988275402632026 -0.022508189822927602 -1.2916715383862374 -0.9874422316411438 0.04577812698671237 0.15120252068384088 67.72387384180675
0.14970633180972817 0.01648554535223398 0.988593061380928 85.8413963064815 0.0429053326176746 0.9988108226809622 -0.02315324876436473 -1.322514854919056 -0.9877991428671334 0.045882102064065206 0.1488209866287023 67.84473765962882
0.14628989328830985 0.017241802727636157 0.9890914959498927 86.5486244767153 0.04409249835824701 0.9987407761941028 -0.023931434468654093 -1.355284466048599 -0.988258629464081 0.04711244215598243 0.14534544741365749 67.94709370136405
0.1440169388089248 0.01732266542331688 0.9894235931079968 87.26211855430124 0.04578826753854356 0.9986592280366382 -0.024149136901411763 -1.383682004413706 -0.988515329113275 0.048781876961595104 0.14303067009623704 68.05056808839063
0.1433526389017061 0.016970571146477122 0.9895261596516184 88.03810351257339 0.04727965303668645 0.9985939166671466 -0.023975487567461352 -1.4173715649994696 -0.9885416811286457 0.05022140291080406 0.14234871042978592 68.16432322911233
0.14382434803431443 0.016722825428739544 0.9894619265147018 88.86379110153459 0.048123617244858 0.9985560899464194 -0.02387158759253419 -1.4490520693646005 -0.9884324328833894 0.051049802551993685 0.14281191576205263 68.28977791088667
0.14598018951865332 0.01629740283259444 0.9891532636194509 89.60383593052747 0.048630595749971604 0.9985372988295201 -0.023628965344417344 -1.47693312421363 -0.9880915187497068 0.05155247333695045 0.14497411171565103 68.40034837532485
0.1482028917534313 0.016331014009872472 0.9888221280176382 90.25169349347865 0.04865577708639538 0.9985323955578265 -0.023783825967799373 -1.501733354593262 -0.9877593422651293 0.05163674082430965 0.1471907903538917 68.49884660618139
0.15077779365260635 0.015188983464158047 0.9884509859990925 90.88278959238465 0.04848778548569076 0.9985648678263479 -0.022740699233778236 -1.5255132974966363 -0.987377836291633 0.05135659182883021 0.14982492741790732 68.60116072816137
0.15396883632099093 0.013390930707743269 0.987984959610591 91.5906396384363 0.048132397440529245 0.9986194247888697 -0.021036082120322548 -1.5560881758279312 -0.9869026647844193 0.05079298582606116 0.1531117331633558 68.71476617038469
0.1580280407827642 0.013121947761881544 0.9873474326767132 92.41589297573644 0.04724911662036616 0.9986658273045443 -0.02083473908463068 -1.5926134417318554 -0.9863035330490091 0.0499437669891255 0.15719720364554784 68.84727655034304
0.16276609571249695 0.012898318105360618 0.9865803725376685 93.18973064738533 0.047498773186737085 0.9986527774771439 -0.02089250063876958 -1.6257650032080695 -0.9855207073584334 0.05026194810429674 0.16193415927621865 68.97945944304821
0.1670829041517299 0.012985203326482857 0.985857336349837 93.93287780641707 0.047981623949346665 0.9986214008712525 -0.021285241016269173 -1.651370207062658 -0.9847746274673251 0.05085943586501029 0.16622951266272049 69.11493197725783
0.16966227221374652 0.013906482755323015 0.9854041420273445 94.58593462680251 0.0474004923675799 0.99862802859045 -0.02225429928941862 -1.6760619013584148 -0.9843616747469306 0.05048435649711634 0.16877032629728622 69.23686688981465
0.17285479542473076 0.014913454481365909 0.9848344066766292 95.32511234788737 0.046471866836368114 0.9986483081172478 -0.02327922437069488 -1.704223956037219 -0.9838503876562835 0.04979101896919286 0.17192809293013198 69.37745249292863
0.17732390356436445 0.015241398378749493 0.9840345181954531 96.08853269762463 0.04708639446638492 0.9986036100674314 -0.023952064972546545 -1.7405668758100281 -0.9830254852651856 0.05058191115164945 0.1763586277543422 69.52102143920314
0.18213911147808426 0.014626878118171325 0.9831639733566783 96.90678981206028 0.04720557973316511 0.9986063221098928 -0.023601836458388058 -1.7789223120738595 -0.9821389806499033 0.05070964285684604 0.1811947979642388 69.67813172232522
0.18829561363621 0.013929450164040687 0.9820136110581625 97.73721362011976 0.047022739021494245 0.9986247963013618 -0.023181419865487437 -1.8138138729975255 -0.9809860467408704 0.05054192942687379 0.18738166791212346 69.8429453670619
0.19257334969672132 0.013309800175165743 0.9811923125493202 98.5008290900408 0.04724965934471642 0.9986224171879307 -0.02281967531632892 -1.844257131887825 -0.9801443642027404 0.050755463834267024 0.19167918043589358 69.9982706626832
0.19653740716662668 0.011053888579607221 0.9804340156948302 99.43160003391236 0.04764795363992405 0.9986473783387774 -0.020810724423101654 -1.8801320208597867 -0.979337898836836 0.0508057603462075 0.19574487124187048 70.18799132534329
0.2024883233668624 0.007499390114702781 0.9792559614564446 100.30998387655455 0.04789345466771035 0.9986982321547857 -0.017551583714784193 -1.9132641558729548 -0.9781128237069945 0.05045394175693919 0.20186555887797805 70.37804569594151
0.20853001031878096 0.005423166755472213 0.9780009325449506 101.15040654056202 0.04623061156588456 0.9988121430615873 -0.015395889937353403 -1.9381684740859522 -0.9769227018299323 0.04842408631106166 0.20803159018342723 70.56497504879515
0.2148276216221537 0.00420408271900826 0.9766429330500793 101.93363542987936 0.04506042516437819 0.9988831712892579 -0.014211551608452661 -1.9654419303216168 -0.9756119367208335 0.04706097962862636 0.21439825821172093 70.74514365563942
0.22137267284363113 0.003613775037300521 0.975182588210048 102.73304522258846 0.04631551448597716 0.9988257095920552 -0.014215307799200126 -1.9832651801064756 -0.9740888115751908 0.048312963973519085 0.22094534318724054 70.92970104100026
0.22632010815516243 0.0012887217765184507 0.9740521278868088 103.54532624431626 0.04606684111023574 0.998865978081195 -0.012025139584288289 -2.0073078815322 -0.9729630284829747 0.04759303549974574 0.2260040888505339 71.12299023161609
0.22960993557314874 -0.002364785669328647 0.9732798596882781 104.48151643204415 0.046365301425983795 0.9988882912217701 -0.008511197549655961 -2.034306072605184 -0.9721777287665943 0.04708066958731312 0.22946432019256952 71.34274095455362
0.23169971823795324 -0.003846108157291362 0.9727797530893092 105.3014212180026 0.04561446474491295 0.9989351842490783 -0.006915075942794735 -2.0585294468934205 -0.9717173257560503 0.04597504889939705 0.23162843889343518 71.53722037737221
0.23591976265997908 -0.0019133245922174432 0.9717706544115569 106.09236423382008 0.04646550810564858 0.998876472927368 -0.009313881503657171 -2.077379228620133 -0.9706610232944065 0.04735114593317764 0.23574360401901007 71.73089447207438
0.2407277546696956 0.003439718154299097 0.970586583706321 106.78281304780462 0.047920953437941255 0.9987320225165656 -0.015424960990813296 -2.0963850596208293 -0.9694089592908076 0.050224650710467264 0.24025768272362488 71.90521621037215
0.24472311167071759 0.007640520582943124 0.96956290206434 107.5313824742868 0.050127255042780844 0.9985319916359482 -0.020521208088758278 -2.117333950133142 -0.9682963683274244 0.05362354077052119 0.24398085777198736 72.09345247927986
0.24778212339397315 0.007364118484879376 0.9687877936293979 108.27746106912181 0.0507596201294705 0.9984989899941582 -0.02057250458641232 -2.142094223444403 -0.9674851318189278 0.05427279926064964 0.24703640009060907 72.28886014134946
0.2503755862376731 0.006136485343754067 0.9681293350393687 108.98562112384212 0.05069456283871887 0.9985249924391667 -0.01943967008345698 -2.1620426498153953 -0.9668206282008754 0.05394611220457292 0.24969519391305647 72.47520635213209
0.2527444973285414 0.004892498815291836 0.9675206884224687 109.59155368596235 0.050429063789830565 0.9985613811001497 -0.01822299922194503 -2.1799629137910257 -0.9662179508762123 0.05339692529260638 0.2521341701830032 72.63164464888779
0.25411992788096915 0.005907765614133708 0.9671546725106706 110.18982610246066 0.049304551480251674 0.9986020139319224 -0.019054631312111533 -2.202283083380419 -0.9659151740484798 0.052527288875000556 0.2534733920283152 72.79057335077016
0.2552512587046505 0.00774997372812803 0.9668436961768474 110.70649768321634 0.04763314063925365 0.9986528597800713 -0.020580319869408413 -2.221562225281405 -0.9657007190856469 0.05130695430737843 0.2545382438793194 72.92899542620428
0.25643417184948725 0.008821003941580714 0.9665214459065733 111.25662705056553 0.04567025114341871 0.9987309090160903 -0.02123204032568747 -2.2472423305244313 -0.9654821301652181 0.049585897847645985 0.25570587608867745 73.08638360227798
0.25857142322541615 0.007935126674747066 0.9659595503207378 111.92896127696471 0.04527903167279087 0.9987675906668753 -0.02032508608249364 -2.28036802699383 -0.9649303748882404 0.048993199509137 0.25789346253812007 73.27109106068868
0.26031732188856477 0.005725917870490961 0.9655061396952945 112.60794107935891 0.04484185053221289 0.9988316750232354 -0.01801370065051045 -2.310643592404581 -0.9644812597275364 0.047984360314793424 0.2597564259062093 73.45490094159041
0.26140862300898704 0.0043428469513413686 0.9652184579134957 113.33399050871392 0.043252179502282474 0.9989326978337609 -0.01620845973152109 -2.337068510157053 -0.9642586690224006 0.045984833140104334 0.26094178342348523 73.65108608626112
0.26265298321479463 0.0034070206528253612 0.9648843467580164 113.90745494553637 0.04154937538264027 0.9990262703263274 -0.014837809918652608 -2.3619029763458292 -0.9639953629627505 0.043987536963790645 0.26225567063111876 73.80895622617923
0.26473661549412664 0.003742445811079464 0.964313495973208 114.46326958663884 0.040263690399893144 0.9990775231791101 -0.014931105574546927 -2.383238357474662 -0.9634798179786128 0.042779630405694886 0.2643417174232164 73.96112222250139
0.2656116494396639 0.005305576495741044 0.9640655073904436 115.01810029883137 0.03869834664399979 0.9991202534734737 -0.01616035476481235 -2.4003426936383723 -0.963303114107375 0.041600119677130856 0.2651726614752856 74.11723812952836
0.26649153708434187 0.005635223845151977 0.9638207846454885 115.55894886009642 0.03716543733176459 0.9991791331070495 -0.016118009535487348 -2.4157246405526784 -0.9631204446643049 0.040116134106646155 0.26606334744563 74.26845900173625
0.26632488139919536 0.006113799261188974 0.9638639317903243 116.0915811663988 0.037028187798402806 0.9991768514207499 -0.016569034168740133 -2.429247188009288 -0.9631718283131391 0.040102880738327955 0.2658792735442473 74.41406192916345
0.26598082283739677 0.006331286921114741 0.9639575284672394 116.67598698838773 0.03624095870478827 0.9992058209650306 -0.016562616392321632 -2.4455915335513234 -0.9632968362840728 0.03934008331872084 0.2655401345363388 74.57163338566497
0.2660109447135721 0.006897881612074235 0.9639453285959028 117.28274592301153 0.03594059729717909 0.9992081579562115 -0.01706840764917562 -2.473403749631428 -0.9632997720120768 0.03918515411507587 0.26555239207821657 74.73964807927052
0.2660643715019157 0.008161843512439905 0.963920709668473 117.9358794171022 0.03665015328787775 0.9991554837829589 -0.018576476803138085 -2.500849181055704 -0.9632582812938955 0.0402703803920563 0.26554054300956276 74.92143758601964
0.26619999361840113 0.010742400831479454 0.9638579585301679 118.5520233448103 0.03600366186213779 0.99912932568908 -0.02107906261204788 -2.5283415844899912 -0.9632451919060296 0.04031366235485962 0.2655814543552662 75.09339385008685
0.2667563631256926 0.012841377779630446 0.9636784431275188 119.2137889518444 0.03486778036652864 0.9991280310786176 -0.02296552645332026 -2.557354405337524 -0.9631330544759998 0.03972752861288319 0.26607600952744204 75.27785651077512
0.2660660361908984 0.013425280694095102 0.9638613106790584 119.75199118907761 0.03482347848847175 0.9991164636991327 -0.02352907374514456 -2.581967841259232 -0.9633255886415717 0.03982529100491632 0.26536344221604313 75.42185913030218
0.2655684412810413 0.013956808107194161 0.9639909805091649 120.2893623560124 0.034613060093074154 0.9991125549587538 -0.024000804044569158 -2.6068087548756753 -0.9634704661101737 0.03974053385715314 0.26484967604699294 75.5658600330995
0.2673237904172837 0.014327768771077791 0.9635002366989761 120.84542437174737 0.03561515963059216 0.9990593534204462 -0.024738002094133283 -2.6363185534628784 -0.9629483638707883 0.04092827122130177 0.2665620474362619 75.71295422736692
0.27000382322822597 0.015015529606006175 0.9627421613873551 121.32634050156837 0.035005332802186886 0.9990643113437576 -0.02539937941433386 -2.6619614046574824 -0.9622227196016281 0.04055903931155553 0.26922556010262955 75.84581784137772
0.2724346458570043 0.01616404247511993 0.9620385062291609 121.80542331226202 0.03368005786827704 0.9990859276634207 -0.0263241874881889 -2.682846904783384 -0.9615846387285741 0.039573133257127066 0.2716412149977529 75.98353809199122
0.2750276186188232 0.018186739329658305 0.9612642984681261 122.2919042455939 0.03265133653820617 0.9990676530131856 -0.028243847560067464 -2.7098595347753394 -0.9608817300891577 0.039154402246523855 0.2741773761009274 76.12270064918334
0.2789945974863284 0.020856006824705686 0.9600661651952817 122.7537860622123 0.03151190195225713 0.9990268657332054 -0.030859708012903848 -2.7344329056817105 -0.9597755021924647 0.03886320268091893 0.27806588584108766 76.26332275894065
0.28434424512401996 0.0237750926451673 0.9584274073890884 123.17650279190961 0.03107746520614634 0.9989385314163887 -0.03400002364752147 -2.763377431394281 -0.9582184205186295 0.039453205464004736 0.2833035530264365 76.38920249572753
0.29068303024486336 0.02884057428028021 0.9563846491882082 123.68445439268798 0.028962500277728873 0.9988223869716587 -0.038923166134105514 -2.7946467628645952 -0.9563809646293319 0.039013594546315124 0.2895054229807263 76.545633793907
0.29471109616527663 0.034964186808082845 0.9549465301460156 124.14504332502203 0.028040212182661676 0.9985836475129822 -0.04521554401333618 -2.827523129518776 -0.9551749139805847 0.04010242586827039 0.2933132781543778 76.6871793215776
0.2989546477486118 0.0404646387445546 0.9534090054120428 124.62573526538094 0.029001681115309295 0.9982537669716314 -0.05146182293153214 -2.869005984744975 -0.9538265151913079 0.04303521509442185 0.29725906071941255 76.83613503910789
0.3037322111607282 0.0438313265209741 0.9517486846425537 125.20753984086913 0.030210370466639776 0.9979958547295799 -0.05560222530480608 -2.9184099636539047 -0.9522783613102253 0.045640867191474366 0.3017993270740127 77.01695958112157
0.30735184766724466 0.04473215742635352 0.950543989422646 125.84905489027906 0.030662752271389017 0.9979102870186337 -0.05687578294436118 -2.9709910117426186 -0.9511018017850029 0.04662717184619494 0.30533795945959785 77.22558914560688
0.31009945240143116 0.04405200960201616 0.9496829734550164 126.54164192962142 0.029546014895450196 0.9979968269229332 -0.05594074057033809 -3.0351866411610304 -0.9502448961315896 0.045406540297449664 0.3081767081952911 77.4524281435686
0.31374449814259253 0.04200360486670416 0.9485779288300249 127.29031247276747 0.0272865445951548 0.9982095937206082 -0.05322641720234795 -3.105533970250789 -0.9491152903463914 0.04258290951007891 0.3120366347856401 77.70374595285797
0.31824185860501214 0.03940323989322907 0.9471903209585437 128.0277977167139 0.02688008147023554 0.9983590670027364 -0.050563173887549925 -3.163568620089469 -0.9476283979766468 0.04155187143012647 0.31666048273959474 77.95404976702389
0.32454779520755755 0.036875929509586895 0.9451501967670127 128.80741657903832 0.027475341484211244 0.9984505545343287 -0.048390037822068625 -3.2236696656166774 -0.9454701657039449 0.041673204495205764 0.3230317473420552 78.22636165971852
0.32999429405950775 0.03698535949452999 0.9432581031039345 129.52533476230525 0.028335905506021702 0.9983937857836137 -0.04906042160255812 -3.2779212517287784 -0.9435575458589299 0.042917731670340305 0.32841623888131904 78.47770641139304
0.3364095264196282 0.03861394306461047 0.9409237981553711 130.24576938493482 0.028779432510860316 0.998270741640538 -0.051256908303231714 -3.334737002005409 -0.9412759291506821 0.0443225651948993 0.3347165000654575 78.74169581097773
0.34422946973116275 0.04047437713038354 0.9380127381675127 130.9494600235108 0.029436750177793194 0.9981139551052894 -0.05387031058987248 -3.3847070867375586 -0.9384239712984628 0.046155795085629614 0.34238880336897776 79.00191124925577
0.35194094786497354 0.04250518290583964 0.9350566178804629 131.56845539283003 0.029140162070144016 0.9979866544606955 -0.05633372411688363 -3.434443365340392 -0.9355685010572102 0.047073845652257314 0.349993761208793 79.23842645566184
0.35949398391535115 0.0422579509378139 0.9321900777798547 132.29757054505637 0.029999899936302588 0.9979343200907673 -0.05680755925748604 -3.496651975492848 -0.9326650425165974 0.04838758484899076 0.3574836501156389 79.51687810953794
0.3658315801851241 0.041365547222795465 0.9297613384316531 133.05529987229602 0.03078608415506129 0.9979271782428903 -0.056511626649593145 -3.5554850983334347 -0.9301717432612421 0.049297448485131665 0.3637997933083567 79.81700220279725
0.3717573255945592 0.03993103504460147 0.9274707560387299 133.8701166052951 0.031446504987814025 0.997959435987444 -0.05557050879447765 -3.620662616725064 -0.9277971805253763 0.049824457487187446 0.36974303948184756 80.14275896804136
0.37869498731502266 0.03760330945876073 0.9247573182734099 134.60103375001003 0.033100724137144905 0.9979847903486273 -0.05413594272205452 -3.6767413093478076 -0.9249294290074657 0.051111147028389224 0.3766871407486202 80.43834715536123
0.3860048801678894 0.03578393646847314 0.9218024421628525 135.38131018283326 0.03518799478370122 0.9979490174469579 -0.0534748875618834 -3.7398066370549636 -0.9218253834157968 0.0530779470917456 0.3839540259234823 80.76152042163592
0.392508263995783 0.03545781414249794 0.9190647453315021 136.14338355063694 0.03551208883518826 0.9979272440588263 -0.0536666294052507 -3.800581297230085 -0.9190626497913971 0.05370250442386189 0.39043550911389513 81.08759572266436
0.39873718171138955 0.03595117149751205 0.9163602856894338 136.84714699967768 0.03565155076292069 0.9978682414474871 -0.05466204934597428 -3.8523924413246644 -0.9163719915236732 0.05446545674516397 0.3966054552984405 81.39142036315481
0.4043004166800925 0.03606658900697788 0.913914861587069 137.5735932866208 0.035634076462433294 0.9978424253869298 -0.055142603244697594 -3.9049302479757944 -0.913931827691201 0.05486068952660393 0.40214290877459513 81.71630100771709
0.4078649656661753 0.03668241066399078 0.9123050863225607 138.36783326268795 0.03586250197390167 0.9977779356496744 -0.056152222421290324 -3.960622239432599 -0.9123376845961741 0.05562006722898227 0.40564314044137595 82.0713328928116
0.4107119642650393 0.036157982743557186 0.9110479036216905 139.17981889415026 0.03670442726649019 0.9977476819990853 -0.056145775304073435 -4.017420947337086 -0.9110260520032339 0.05649923317509011 0.4084597522670192 82.43910857271122
0.4141742973839863 0.035606510494546245 0.909500867397547 139.85838805287503 0.038825336989703495 0.9976339308594958 -0.05673740569915832 -4.075404356771049 -0.9093691464933943 0.05881085280997633 0.4118118975911768 82.74810975821491
0.4163411201260771 0.0338403253686118 0.9085785073790364 140.57406840189958 0.04038516313425115 0.9976325315672622 -0.05566300887771079 -4.131674909785589 -0.9083111307755679 0.05986789070651052 0.4139887986063992 83.07595930622561
0.41905791917399776 0.03261301629495482 0.9073736008644467 141.46544597194818 0.04091808462351152 0.9976610321079605 -0.05475559664570291 -4.196921840046116 -0.9070370283115844 0.06007375617879061 0.4167432939955587 83.48944343317201
0.42238092942536737 0.03113957535482891 0.905883368488732 142.34417135026763 0.0417509384659532 0.9976805605259909 -0.05376205246976392 -4.259178659504959 -0.905456354329121 0.06052954646509753 0.42010113593009285 83.89296638575705
0.42454940389469364 0.0294996284598825 0.9049240717172892 143.18088872205035 0.04239093589449288 0.9977253682467347 -0.05241276667866221 -4.320949013489013 -0.9044118598330393 0.060612387163448606 0.4223331934808093 84.28594170550595
0.42584909552806 0.028877342390597305 0.9043332609908793 143.96814606571255 0.04311559534948402 0.9977074550907754 -0.05216205032352025 -4.385831675799377 -0.9037663377641373 0.06120402889312214 0.42362775354272625 84.65867865974431
0.42850502561835485 0.029437655305186227 0.9030597253061144 144.77666419195398 0.04328873467267154 0.9976525090890418 -0.053061818276275895 -4.441309915177376 -0.9025018163251863 0.061829568642183926 0.42622479511552247 85.0443882286478
0.42812979315320393 0.029959268392523348 0.9032205281391631 145.60661310404484 0.04296898889972551 0.997645142379132 -0.05345873062711869 -4.503550784150533 -0.9026951568539285 0.061697748133236884 0.4258342889760726 85.43700525154912
0.42731601145823866 0.029313998632306732 0.9036269782579629 146.45774298221642 0.04228025845501824 0.9977327966852001 -0.05236073112278448 -4.55857598695056 -0.9031131745780304 0.06058016096809915 0.4251077957420678 85.84427900724492
0.425779083414375 0.02844539324494834 0.9043799155940847 147.27735219628775 0.041724305613448025 0.9978252384072175 -0.051028187491434666 -4.61094357820955 -0.9038646217481346 0.059461358887311674 0.42366625113570683 86.2297429880206
0.4230752056619463 0.02537429790401051 0.9057392093533265 148.17176490132655 0.04119973415169109 0.9980352251094416 -0.047204569128229915 -4.67471257077246 -0.9051574184968822 0.0572872974282292 0.4211985437931114 86.6458352068903
0.4229654993568446 0.02116799626202626 0.905898505511558 149.0711922291194 0.04053592726640393 0.9982842872580081 -0.04225305213151828 -4.7365569097884315 -0.905238656352277 0.054593019224318806 0.42138174770332076 87.06327741716751
0.42378697175544167 0.018262306350094713 0.9055777662559609 149.90808159639778 0.041418939196340473 0.9983601185510785 -0.039516391061573335 -4.79265550955803 -0.9048143865159362 0.05425460214080131 0.4223356060058646 87.44705427720116
0.42571895257422315 0.018189349181751337 0.9046726043135488 150.7417192774007 0.04319310978687831 0.998249705875323 -0.040396534341139205 -4.850811451340189 -0.9038239478383236 0.056273193406634524 0.4241881646366084 87.83468554064973
0.42626673650434904 0.0201137698849491 0.90437387490515 151.55463218588721 0.04730024356580751 0.9978895226078236 -0.0444880616362484 -4.904980606835267 -0.903360036922464 0.06174088540465449 0.4244157239793338 88.20452160532928
0.4255869903796672 0.023933202288236005 0.9046009702890085 152.42128202049108 0.04936152760639635 0.9975478693684096 -0.04961539993706044 -4.961138789080084 -0.9035702259436994 0.06576815450339074 0.42336201605868934 88.60483608153926
0.424972237095542 0.027037204269311572 0.9048025128630657 153.27384549247384 0.05011140585276446 0.997318339073104 -0.053338330981852485 -5.012140733732383 -0.9038182586679016 0.06800823577898238 0.4224777333360425 88.99661431484199
0.42481943644725123 0.02852871177995457 0.9048284693912015 154.1796159411834 0.04969390542625491 0.9972613854035766 -0.05477449174963305 -5.0791532952711345 -0.9039131386256837 0.06823372910167293 0.4222383166326252 89.42178467997586
0.4263919835375351 0.028445618952346118 0.904091103339344 155.04808196622284 0.048830371976148146 0.9973240662908086 -0.0544086534463275 -5.145998822727716 -0.9032195033033803 0.06734651854097216 0.423861976700922 89.83922392818313
0.4275185090935257 0.030580845791669944 0.9034892009609874 155.87235151092275 0.0478381220864171 0.9972620276513176 -0.0563911542711534 -5.212723748427381 -0.9027399617042009 0.06732948889939752 0.42488504500258856 90.24288223264963
0.42965004792165884 0.03438226580367735 0.9023406763075297 156.68041131145773 0.047253087327233864 0.9970496650292089 -0.060490587723977834 -5.275406590235628 -0.9017582725203962 0.06862816669089121 0.42675776815154287 90.63678590214504
0.43038448545905617 0.03540142869700003 0.9019511813409653 157.51386357654744 0.048374297249417164 0.9968900515243303 -0.062210550049392854 -5.348504802209456 -0.9013485019911979 0.0704057101237835 0.4273334926497069 91.03362076733254
0.43016445510809337 0.03398237356714294 0.902110713742115 158.3842319147818 0.04914317829613842 0.9969280076357625 -0.06098766775625736 -5.422730854642146 -0.901411942226482 0.07056731451696921 0.42717299134349757 91.44484420697708
0.4310112735433026 0.031725349676283744 0.9017886583155201 159.33831287211862 0.049709688149373495 0.9970292951283564 -0.05883478188919976 -5.504101737221362 -0.9009762643836297 0.07018608725221273 0.4281538090144149 91.89356542408862
0.4290674138129188 0.029267289314104623 0.902798194603925 160.3975835865298 0.04953042981985229 0.9972088585376117 -0.05586796019168219 -5.5934092369577835 -0.9019134608851128 0.06868710381376711 0.4264202045446749 92.39841389650402
0.42612434145370603 0.026406574841526673 0.9042791263906252 161.3448998935202 0.0493744784551449 0.9974052108188095 -0.05239280779623843 -5.671818209054843 -0.903316227296917 0.06697416096249377 0.42371482776207153 92.83886634028138
0.42397316085749437 0.024886297310027717 0.9053327736687268 162.35347409426606 0.04783543749758886 0.9976117903993177 -0.04982455795776362 -5.749187372179383 -0.904410598009514 0.06443126463502952 0.4217701771647814 93.31029132608354
0.4205432957073065 0.02570474600607597 0.9069082657404814 163.3137236575936 0.046066579638020695 0.9977042460709793 -0.04963977852888689 -5.820168224983241 -0.9061022054250271 0.06265383790883193 0.41839370205489795 93.75439572663778
0.419811982120188 0.02725776170214447 0.9072016942749366 164.10923461545366 0.04406042871084889 0.9977583690916572 -0.05036780250692466 -5.8785265676295895 -0.9065409964751412 0.06111670258243232 0.417669929939079 94.12352108855177
0.42014401810201807 0.028653232881971576 0.9070049593571746 164.90195789769362 0.04292262645524746 0.9977551804376648 -0.05140280194687876 -5.937779197320516 -0.9064417533362423 0.06052761481520872 0.4179709985794553 94.49489359704693
0.4190695078874138 0.029901156056338838 0.9074616622345558 165.69126710106215 0.04137762680224583 0.9977902391759673 -0.051985869285643645 -5.997464377036073 -0.9070108265942706 0.059334302655921135 0.41690622563008145 94.86898342615989
0.4179429434084941 0.029521279706774112 0.9079934967275519 166.50607601621516 0.04021429498360755 0.9978910038233642 -0.05095444011442297 -6.059393666523851 -0.9075827821934609 0.057810367001752766 0.41587432588837053 95.2492184538174
0.4160576147862543 0.028568539444482965 0.9088893770599312 167.35795899725596 0.03934429240617638 0.9980048266797327 -0.04938008281704414 -6.120408760318159 -0.9084867020674752 0.056304568890720434 0.4141034987640163 95.64030068594988
0.41320334968729994 0.027155881856891502 0.9102337885882822 168.26454401987792 0.039059020913367735 0.9981068783740187 -0.04750844375229583 -6.189558720449971 -0.9098007390041466 0.05518348868140288 0.4113604233327085 96.05472060420746
0.41193253761905974 0.02437141924851098 0.9108883676798946 169.0491651463338 0.039354489061523626 0.998233671446321 -0.044505745488738306 -6.252031317586415 -0.910364107729119 0.05418091097993145 0.41024580466344335 96.4082597752854
0.40990004979039535 0.023640137701043056 0.9118240472104885 169.80166650867028 0.039597174099259516 0.998260479497869 -0.04368156219781065 -6.303099839571237 -0.9112705487313805 0.0540107300650899 0.4082509376016807 96.74768625869274
0.4083972901182821 0.026574555462151157 0.9124173641629362 170.6849747405505 0.040164442023757366 0.9980848539292987 -0.04704723109656527 -6.359986327915461 -0.9119202108852343 0.05586069601179752 0.40654779746065933 97.14719884459274
0.4068871367599135 0.03273580706928411 0.9128916829913881 171.43677887500718 0.04088153846081145 0.9977037928790977 -0.05399853227396321 -6.404997725450412 -0.9125631801428342 0.059291724634957924 0.4046145494633323 97.49023845366361
0.4056752744497515 0.03701858492094333 0.913267319064126 172.27767099445973 0.042296393910580224 0.9973487902919356 -0.05921490999212511 -6.470895856039775 -0.9130381080558936 0.06264993913536844 0.40303399157397934 97.86809646445407
0.4035032561196664 0.03530855474429329 0.9142966850332018 173.2339811088995 0.0430552404344166 0.9974155154081138 -0.057519873907218015 -6.555288277885926 -0.913964642955058 0.06257472001564963 0.40094018985754126 98.29110669640991
0.39842072593432104 0.032470583809718075 0.9166278341470055 174.22784758867593 0.042881631636904505 0.9976209095266824 -0.053978574854406915 -6.633206131483608 -0.916199809437947 0.06081268011041835 0.3960804553669142 98.72526540182675
0.39689131457938703 0.03006150850017914 0.9173732011118189 175.22485978630138 0.042334806912915274 0.9978003140882321 -0.05101271732688446 -6.709191804643892 -0.9168887874410382 0.059083321776285655 0.394745630188337 99.16078932455841
0.39482601781538257 0.02997885043213508 0.9182666737842663 176.07593807842258 0.042039463065318854 0.9978311739110257 -0.05065206724828232 -6.774087011881639 -0.9177936038136414 0.05860219192242311 0.3927094140718558 99.53250284558996
0.392580054702214 0.030130787100584526 0.9192241491163684 176.83071367678636 0.04277043452917983 0.9977838091851963 -0.05097214982777919 -6.8337791340419365 -0.9187228039948702 0.059326265655101636 0.39042131553390913 99.85812172209809
0.38846444482525344 0.032327865172371045 0.9208964568506115 177.57491453285178 0.043225748255260994 0.997644885547888 -0.05325614544740259 -6.895868285750854 -0.920449297785807 0.060494557387744514 0.3861521704355424 100.16857381684746
0.38629119427515146 0.034147360781512814 0.9217445801181259 178.28944375804025 0.044059473352327364 0.9974906424804496 -0.055418236816560856 -6.954427041273666 -0.9213239799513512 0.06201915764985915 0.383817336829655 100.46575243801843
0.3848529211308505 0.0364541381234925 0.9222577323670051 179.06912684334986 0.04420029624449178 0.9973453679311197 -0.05786666465452936 -7.016312424142295 -0.921918956800952 0.06303421991278975 0.38221999452021765 100.78619312225516
0.384068361951917 0.03684460054690769 0.9225692216620469 179.87700655566263 0.04412808084705966 0.9973291149288227 -0.05820093638462466 -7.078934455871539 -0.9222495355533289 0.0630643475018222 0.38141667798595597 101.12351796959753
0.3817767131045014 0.03728500945630546 0.9235022303172695 180.73996331428467 0.043258000034247485 0.9973701909645686 -0.05815021589244163 -7.153441522657278 -0.9232417271571753 0.062149257800425566 0.37915983831452355 101.47874726632826
0.3775405546423011 0.03764572872390857 0.9252275010554076 181.55839695664253 0.04248548386228103 0.99741683608811 -0.057919243339087864 -7.227954768517462 -0.9250178988870299 0.06117560131972974 0.37496590850609024 101.8084288689196
0.37394922695263655 0.03879015636460125 0.92663763113244 182.30739089341048 0.04117512893793586 0.9974454731266658 -0.05837068524581938 -7.28874799746502 -0.9265347184096631 0.059982096564991476 0.3713967739132878 102.11010322284558
0.36683247237896566 0.04244600513048047 0.9293181768677524 183.04471027009484 0.04079384010028467 0.9972637003568975 -0.06165204425110885 -7.348980750244918 -0.9293921668586472 0.060526428929282804 0.36409717326952756 102.3974597850753
0.36081253131868557 0.04515711629528891 0.9315444981810053 183.7493402133475 0.039892557802000884 0.9971657179738339 -0.0637896130239292 -7.402129691271673 -0.9317847933269894 0.06017778448582495 0.3579884539743716 102.66971497035586
0.3564174134457405 0.046943388347655594 0.9331467974992435 184.53381327866433 0.03988085850991821 0.9970624301045844 -0.06539134192271269 -7.464697070836882 -0.9334753047173578 0.0605213083498899 0.353498269753131 102.97093509956898
0.35210360388764583 0.043161039194375625 0.9349653345579172 185.53432396442528 0.038382202221124866 0.9974300260137479 -0.06049917155524769 -7.532432804934362 -0.9351737050847786 0.057188004877563314 0.3495420910507561 103.34892243495449
0.34573830029538505 0.036145019297606586 0.9376345584975196 186.41106717760223 0.03560045702145129 0.9980330660524149 -0.051600450830202114 -7.5974729900614015 -0.9376553925450043 0.05122047096612808 0.3437714766895093 103.68010849616795
0.3380629768353509 0.031209490819798204 0.9406058639919247 187.35779364874205 0.03380082336113892 0.9984025388034024 -0.045275543630425595 -7.6518927877829155 -0.9405163092861997 0.047099237718782994 0.33646802786145863 104.01734174269309
0.33425851096230624 0.028613126166386324 0.9420469929150316 188.27267721581094 0.03166717811772666 0.99863371016642 -0.04156804962121429 -7.705582992316476 -0.9419492755341586 0.043726444289903445 0.33289571999417455 104.34759519180804
0.329276604568316 0.02848058913846161 0.9438038852040674 189.0329373498068 0.0334561933366614 0.9985654679678584 -0.041805374170709356 -7.749649911170857 -0.9436406099842171 0.04534161691491862 0.3278513946350691 104.60880911966409
0.32220246303259004 0.02937942387654845 0.9462147865407834 189.81010236191688 0.037816706210993874 0.9983210515463229 -0.0438745344225645 -7.78562815863973 -0.9459151492322599 0.04991920965046952 0.3205504686641224 104.86713483842439
0.3176780092202065 0.0352974876050002 0.9475414343587655 190.6455991531385 0.040996202356250004 0.9978611185222213 -0.05091659389578199 -7.8357833516258175 -0.9473119833773118 0.055020682568989066 0.31555147066586564 105.14431920097373
0.3152462354707555 0.037815544582163824 0.9482561866971798 191.52868030837607 0.040673860754467446 0.9977492414552822 -0.05331123921591003 -7.90049008268302 -0.9481378845256884 0.05537540756837992 0.31299858811789 105.44441666403145
0.30905812925999515 0.03698976173704573 0.9503235397826123 192.3889623224801 0.039801543049080707 0.9978648358731449 -0.0517842302132085 -7.9599349872621445 -0.9502099293888845 0.053828680594075536 0.3069259898351337 105.71858546917062
0.3011607162917752 0.03490141422879603 0.9529344753168817 193.23214365050796 0.037977533411602905 0.9980981161854815 -0.048557774073413225 -8.023841873177446 -0.9528168396489433 0.05081379489689847 0.2992624739749044 105.98757919184294
0.29271527496031513 0.034238348939499376 0.9555864708475157 194.048199107914 0.037107676964164914 0.9981991772411264 -0.047131972857738284 -8.082719198583717 -0.955479349915651 0.04925584246601097 0.2909176410390629 106.24021932044404
0.285875302352573 0.03454004255675159 0.9576441390020664 194.89670309266566 0.035711139380497046 0.9982720128889283 -0.046665863399656615 -8.139307353297415 -0.9576011831806479 0.04753918113373957 0.2841478492407812 106.49441979040819
0.2781496967551698 0.03383518961517637 0.9599416264225227 195.74186629784276 0.035651827399780275 0.998327106018723 -0.04551853019747867 -8.195712607944458 -0.959875873953538 0.04688463855024986 0.2764780954613746 106.74055931315509
0.27141900808006847 0.03274008127223956 0.9619042619362513 196.5255124432002 0.03536789688979006 0.9984069487559049 -0.04396221724979175 -8.2456268445331 -0.9618112257207386 0.0459527121529499 0.2698286758729752 106.95541813925684
0.2643056049820854 0.03086315004274674 0.963945025997073 197.3125645538457 0.03365969717437223 0.9985837317369154 -0.04120140163278283 -8.296555351527395 -0.9638514262899587 0.04333585905246641 0.26289243305770754 107.1729284699718
0.25871209688579866 0.028644605786184527 0.9655296668069356 198.0535146391355 0.0321352472955744 0.9987517044598307 -0.038240799152675316 -8.34448720914873 -0.965419793046636 0.040920891949431756 0.2574686462384448 107.37302149537805
0.2559817781088157 0.028669862992934166 0.9662563677576571 198.79847650290188 0.0343376339492987 0.998659633484705 -0.038728069187076254 -8.386269358397417 -0.966071558514698 0.04309263747047041 0.2546542134440849 107.5730137763572
0.2528347989305843 0.0319705361601248 0.9669811007808632 199.61152988082023 0.03435241463988292 0.9985270566949283 -0.041995579012237494 -8.433947847086813 -0.9668994136197129 0.04383607949848719 0.25136412249177825 107.78780820648579
0.2512861173147378 0.03617631887345225 0.9672365590679743 200.29248454738968 0.03376332746895756 0.9983655137334204 -0.04611224030588384 -8.473652512930496 -0.9673237953049185 0.044244490510909465 0.24965396070625887 107.96506012188172
0.24659132582530052 0.03732575422372815 0.9684004884857069 200.98403426914385 0.032629408295587164 0.9983717001875247 -0.046789635379554946 -8.51556723061848 -0.9685701005822991 0.04313625315557304 0.2449718839411942 108.13542902227864
0.24337475934274141 0.03411180431992733 0.9693323018041374 201.8692931158582 0.031156290183734926 0.998590697427292 -0.042963991826441526 -8.574881509184511 -0.9694317985793814 0.040657149650641156 0.24196897339418483 108.35432689501933
0.2413674526514606 0.02934486559894815 0.9699900162700288 202.79048552197386 0.029902881858469975 0.9988431532654197 -0.03765863554821468 -8.623592624902905 -0.9699729740859324 0.03809506579302037 0.24021073145286845 108.58640146849726
0.23740939137641898 0.025984167994080515 0.9710621009492336 203.7042670979671 0.029902927440263693 0.9989729574532488 -0.034041815574576854 -8.67025231776841 -0.9709493271107335 0.037119446261583554 0.23638855914035417 108.80163431538298
0.23390302727613463 0.025949825871613832 0.9719135663053059 204.5548525450316 0.030832534332040473 0.9989429955807373 -0.034091735169215355 -8.715733441014505 -0.9717709239618814 0.03794071846205999 0.23285569184552757 109.00014357352667
0.23138765591741528 0.028512202594634533 0.97244372947346 205.22045441312153 0.03275111273305092 0.9987755731626434 -0.037077204160795886 -8.751797121511965 -0.9723101960299481 0.040427821569271764 0.23017053230023227 109.15154767893203
0.2254346983550573 0.03433547320545778 0.9736530552806413 205.8434092149791 0.03431774070571529 0.9984787389876266 -0.04315669661287863 -8.786125513230784 -0.9736536804482512 0.043142589971373546 0.22391343747114034 109.2883932195859
0.22008130336149037 0.04029109224533816 0.9746490895683387 206.56831158023502 0.0357284860617063 0.9981432887184187 -0.04933001591445192 -8.836203177339918 -0.9748270078298262 0.04567935060899275 0.2182331361949751 109.44376371468142
0.21708623907523475 0.04198349430764557 0.9752491738063132 207.41086994261607 0.03529577561024414 0.9980837699578893 -0.050823187333348736 -8.893929147637339 -0.9755141070370267 0.045455190598756384 0.21518841190777296 109.63292385020443
0.21299018179143603 0.0372603754936806 0.9763436110706757 208.28764630236105 0.03530053841532573 0.9983267085955051 -0.0458001625810994 -8.951915660444195 -0.97641643495388 0.04422044010338392 0.21131847583451818 109.81183713227243
0.21163964437574362 0.027874995019559822 0.976950175587872 209.2287720896914 0.03763597772543351 0.9986193316409419 -0.036646468501761814 -9.00804796751944 -0.9766228515190317 0.04452432060862327 0.2102983375235787 110.00760490648463
0.21102592800306777 0.02156813824781294 0.9772424843010936 210.09509723978505 0.0369698610045574 0.9988651111757368 -0.030028637218298744 -9.061375992319492 -0.9767810845259818 0.04246533984801875 0.20998906596259828 110.1872842956817
0.21063147651368225 0.020277701611416368 0.9773552045797015 210.87608614769076 0.03833852778031017 0.9988443182346004 -0.02898594863198197 -9.09649110600847 -0.9768134614087326 0.04357571282051372 0.20961063633050578 110.356179787974
0.20646299823950826 0.024225433940250743 0.9781544656690807 211.6304045135654 0.039441203676558685 0.9986748800653611 -0.033058665716901685 -9.130535562676105 -0.9776591542099433 0.045404980749298815 0.20523392973058507 110.50895971830958
0.20180056577716468 0.027006214403429065 0.9790542354924047 212.38429961924425 0.04005262907755523 0.9985560411774723 -0.03579971413224502 -9.162484954786066 -0.9786073362467687 0.04643809870753453 0.20042750418153 110.65718902168663
0.19672956419849208 0.026481693519269975 0.9801000961527488 213.1936910763412 0.041010582480434765 0.9985380661573525 -0.035211682143154586 -9.202841010449486 -0.9795997196278136 0.047121654715073014 0.19535592891444722 110.80869870219011
0.1925817313001922 0.02550089352171161 0.9809495304035878 213.9652663806352 0.04124479634799576 0.9985684974559565 -0.03405616923210736 -9.243340878825297 -0.9804137614005818 0.047017659641329666 0.1912542709019046 110.95547922577408
0.1875621783465016 0.025321737335456142 0.9819262899384217 214.70216887413358 0.04200889317537415 0.9985462066279083 -0.03377463727702668 -9.284844785025012 -0.9813540044999556 0.04758448116065674 0.18622576353602618 111.0883288886355
0.1819872999166056 0.026792488220827762 0.9829357991466195 215.475824925981 0.04255667454295362 0.9984774640833116 -0.03509534398753786 -9.324492284623783 -0.9823795356790122 0.04821738579283727 0.18057001851469168 111.22548076417893
0.17427281724021956 0.028937855177578464 0.9842721095860035 216.24500497440013 0.04345802494487711 0.9983681338533894 -0.037046853766419786 -9.36670722206848 -0.983737965740395 0.049230781466695836 0.1727308452973323 111.3531465561302
0.1643250768207243 0.030462110464976055 0.9859357630971125 217.04654155241695 0.04327673784685791 0.9983379677327341 -0.0380581941848007 -9.411680819384799 -0.985456438960749 0.048921999236471024 0.16273366247187243 111.48576617902692
0.1539148899092181 0.03201448472057661 0.9875653291971684 217.86073632513884 0.044518752780663 0.9982352871728087 -0.03929875435523446 -9.459898986704708 -0.9870806893638888 0.050013840195438204 0.1522180293980238 111.610844158445
0.14186842646802905 0.034300303780773006 0.9892910788701347 218.49315412070905 0.0458136953421565 0.9981010332823753 -0.041175632111116654 -9.498295753542152 -0.9888247847270943 0.0511646022285003 0.1400275993803286 111.6943879614995
0.13103198518674888 0.03779964677917511 0.9906572593795455 219.16165149581903 0.04739878151807952 0.997891214947205 -0.04434499567923955 -9.545768260057132 -0.9902444013316227 0.05276655981357913 0.1289640096958022 111.77331022266404
0.12057083387291902 0.041197308803053896 0.9918495126613602 219.82421488101264 0.04835404574569807 0.9977087898066621 -0.04731867498723909 -9.586257144801436 -0.9915263790132944 0.053665188809048865 0.1183025241948675 111.84649588775417
0.11103419364983225 0.04268250161331822 0.9928995980946733 220.46746652807627 0.04983430945083404 0.9975813228012813 -0.04845664040772819 -9.633720305624983 -0.992566345108524 0.054860809819710726 0.10863858478383932 111.91011156953395
0.10271831723899166 0.042354990120030044 0.9938083326856971 221.0996406587003 0.051348149900469944 0.9975352182299648 -0.04782108209456349 -9.679500835848554 -0.9933842734840291 0.05594232032038257 0.10029028862149593 111.96942854782743
0.09337201746879274 0.042094313034848764 0.9947410392478712 221.7919026254336 0.05271464187391654 0.9974954628816243 -0.04715896587795615 -9.730834981823598 -0.99423479766397 0.05684074542700587 0.0909191771486638 112.03191103876924
0.08412105949553214 0.042667536717608284 0.9955416257795571 222.51530780356444 0.05381980632038307 0.9974299500693521 -0.04729612195820668 -9.777755538804186 -0.995001043113518 0.05755845737248936 0.08160850561009997 112.09231577859894
0.07665226185462458 0.04449853981626908 0.9960644109227041 223.1788773389047 0.05529167921935894 0.9972766122487176 -0.04880767225369764 -9.824704747514515 -0.9955236114536297 0.058815292364663055 0.07398310903433042 112.1407460079483
0.06727164556499023 0.04736141883159488 0.9966099646849009 223.87095383709152 0.05726010307832939 0.9970431367432815 -0.05124708839120812 -9.871776029070116 -0.996090260116241 0.060513465273238795 0.06436081278376692 112.17841711332564
0.0591387278917095 0.048953965540063975 0.9970487049895079 224.5558253822007 0.0591957853901864 0.9968671968839619 -0.052456179509660306 -9.92170485920393 -0.9964930857037554 0.06212327289038275 0.05605558946258349 112.21553329394726
0.04995553582079092 0.050443967078725116 0.9974767418973841 225.20456735031973 0.06070551542929416 0.9967238086529325 -0.053446137941432034 -9.97190471960537 -0.9969048524494823 0.06322227020402996 0.04672964490478423 112.24336309478335
0.03977176192168976 0.05220147676724951 0.9978442828302244 225.88044863897431 0.06188495336992505 0.9965885976290731 -0.05460237744016175 -10.024549695666819 -0.9972905592153418 0.0639231796693032 0.03640559848319156 112.27004405739419
0.027899369843129865 0.05392815841928753 0.9981549874102031 226.55028594049625 0.0641059835781102 0.9963916470685409 -0.05562471142866017 -10.0736141147615 -0.997553030185284 0.06553960162789295 0.024341581432145806 112.27866094251688
0.016205412032698423 0.055553257169245474 0.9983242059765657 227.25018879391473 0.06646028687773442 0.9961873776518125 -0.05651317435193678 -10.117552291374233 -0.9976574637063474 0.06726473240183796 0.012451541508160186 112.2817238821728
0.004516294872573365 0.05616178677897787 0.9984114666741457 227.95240598185669 0.06670749431682135 0.9961807734775826 -0.05633805779022426 -10.169072691914513 -0.9977623531094953 0.06685596652054371 0.0007526340470315918 112.28178754861531
-0.009340212941348859 0.054768830986538085 0.998455374853869 228.70931125126023 0.06760021216175327 0.996249237704871 -0.054015439349753364 -10.223028890529111 -0.9976687685489096 0.06699127946851738 -0.013007564617361354 112.27125284247708
-0.02104899001240894 0.05157281365222392 0.9984473871523989 229.46538544301166 0.06788197191369369 0.9964377763881589 -0.05003794236104629 -10.28104520755351 -0.9974712917716317 0.06672332934298099 -0.024474873091031968 112.2514028375052
-0.02882148664736606 0.047954728968205344 0.9984336061436548 230.2434563609633 0.06834521811657858 0.9966055736348894 -0.04589402750322972 -10.340193050722007 -0.9972453324373266 0.06691542848593218 -0.032001130644262195 112.22283138379638
-0.03885340471155063 0.04606192483174068 0.99818270473051 231.11221766024755 0.06892250230337843 0.9966814642929397 -0.04330989968955266 -10.392552054413597 -0.9968651371266637 0.06711451270532641 -0.041899171420988424 112.18110388876397
-0.05074978615033036 0.041991820643919445 0.9978282147768249 232.03301637813294 0.06924156365457051 0.9968594616798466 -0.038429409597770116 -10.448253392518412 -0.996308217906671 0.06714090153082587 -0.053497983824273176 112.12977461722325
-0.05969232224192021 0.038308319858745984 0.997481478171383 232.93381805051 0.06881394525500835 0.9970440380959426 -0.03417348439614694 -10.505911685642117 -0.9958420896928428 0.06660074118906652 -0.062152020636979756 112.07243360672949
-0.06884113380526273 0.04086899326468414 0.9967901603075429 233.75057751129776 0.06916451797622625 0.9969519229891523 -0.0360989293656127 -10.556441781322455 -0.9952271940363779 0.06645741973443184 -0.07145798494723606 112.00997417789029
-0.0743310644277794 0.05165828106990182 0.9958947308114127 234.59504647524304 0.06989468707910691 0.996471343842137 -0.046471427991345925 -10.611051472734992 -0.9947811948258507 0.06615347986571966 -0.0776794150499915 111.94642624566028
-0.07954629071474896 0.06228080869343526 0.9948836557618266 235.46543042193224 0.07313823399095286 0.9957209423412295 -0.056485429198815724 -10.666411893367851 -0.9941444494449535 0.0682708272366869 -0.08376101590960583 111.86983089930209
-0.08476740204868428 0.0694534839345372 0.9939772135815145 236.28420066853872 0.07694527707426231 0.9950450699225014 -0.06296612707547639 -10.724458976571725 -0.9934253428848501 0.0711443770952776 -0.089691503063798 111.79057524836094
-0.09303696160815104 0.07252892247021517 0.9930174616692462 237.16803555085286 0.07723935456435711 0.9948634958676922 -0.06542710979702086 -10.792504692600325 -0.992662181147849 0.07061288830815131 -0.09816116402924152 111.70115616504232
-0.10063431319755917 0.07027275755459211 0.9924386502716072 238.0040595057318 0.07596049033194836 0.9951336826552059 -0.06276111498064488 -10.865858891232483 -0.9920195254710392 0.06907020479741825 -0.10548254781458977 111.60670288253239
-0.10521658207048394 0.06797192636571596 0.9921236254033765 238.75763170774223 0.07445435581837544 0.9953996269050172 -0.06030034541376455 -10.935856586779504 -0.9916582172084676 0.06752332917949391 -0.10979335252847465 111.51983029402604
-0.10808822012104914 0.06957900550748365 0.9917034328183268 239.37956617455674 0.07364475280315522 0.9953672968602553 -0.06180934173461746 -10.990196347276509 -0.9914097977403825 0.06635289242899783 -0.11271160814521333 111.44959639333894
-0.10661896141350548 0.07554376154436503 0.9914260119438233 239.99816865014787 0.07448504039262031 0.9949146804383775 -0.06779939089628162 -11.041561267271428 -0.9915061148701078 0.06661770590410052 -0.1117036500534324 111.38366500482631
-0.10478923926217328 0.07872289862818246 0.991373754225132 240.77138998979015 0.07381782776201946 0.9947277990297841 -0.07118661490655352 -11.109895177636144 -0.9917510492252336 0.06572146581547059 -0.11004792270512956 111.3052217470033
-0.1082798016318851 0.07651704502844392 0.9911713405757226 241.65426332455021 0.07285999024146803 0.9949628489738608 -0.0688502068539189 -11.187848503215085 -0.9914468752185227 0.06476164746151354 -0.11330941107206369 111.20703861968441
-0.11433365721687237 0.0733434169573282 0.9907313248385958 242.50905635297758 0.07223481551966938 0.9952450096698471 -0.06534142754869725 -11.26442561451759 -0.9908127705345015 0.06409457009985994 -0.11908794997589033 111.10309275039414
-0.1180253456954255 0.07233711184739622 0.9903723340355655 243.15910491924555 0.07115492566336125 0.9953955084414033 -0.06422428145583381 -11.321979124991616 -0.9904579720146219 0.06288977678648532 -0.12262904080367458 111.0251170301688
-0.12114443477300274 0.07403708480386549 0.9898699591346711 243.81814534711958 0.07050388039044443 0.9953377623700032 -0.06581748741908254 -11.37808648698016 -0.9901278850600158 0.06181625088936117 -0.1257995324020087 110.94390379703259
-0.12293178353193683 0.07608070764461342 0.989494569223072 244.6351051833118 0.07053222179436595 0.9952055965880559 -0.06775711186701096 -11.447730587026212 -0.9899055421030877 0.06146174781197784 -0.12770854031539752 110.83724971261803
-0.12337363854662195 0.0771043354732615 0.9893603321151478 245.39468318808537 0.07062009626297903 0.995131423466233 -0.06874774202745394 -11.511710440000462 -0.9898443045830874 0.061387062816953275 -0.12821810013852356 110.73330076042716
-0.12421079138487327 0.07791624741440661 0.9891919620035344 246.17555193970733 0.07102559600002269 0.9950531438529016 -0.0694593810892039 -11.577148607162654 -0.9897105859878361 0.06163034396553944 -0.1291303863786689 110.62694792009856
-0.12498331733713582 0.0774885738338646 0.9891282481622896 246.9836216332145 0.07068073913870895 0.9951078550647651 -0.06902600888944178 -11.649674754522598 -0.9896380163990325 0.06128521610954203 -0.12984883050761842 110.52026750551565
-0.1250645530601657 0.0774721131823432 0.9891192694750847 247.804264734828 0.07065703136841706 0.9951108223864825 -0.06900750022641272 -11.723000921447658 -0.9896294465536407 0.06125783907679134 -0.1299270397784021 110.41548269532319
-0.12492498517409327 0.07678853914335068 0.9891902083702026 248.69192755207334 0.06970550008529985 0.9952162086539664 -0.06845320511327974 -11.800520883036498 -0.98971455043215 0.0604004825200314 -0.12967995363292126 110.30346288832078
-0.12463871021347608 0.0747363612451102 0.9893834788514327 249.57379314626536 0.0693569860303093 0.9953761992002642 -0.06645171596298356 -11.878446680606546 -0.9897751261802422 0.06033819995221922 -0.12924589440834655 110.19414980935623
-0.12403035738624565 0.07349238431182631 0.9895531010990793 250.41229046232024 0.0688593756203646 0.9954868166740712 -0.06530225277350714 -11.951643165336808 -0.9898862848003377 0.0600405469352532 -0.12853122534194564 110.09708988086142
-0.12195423741368477 0.07429724153221522 0.9897510211550942 251.24898666344404 0.0687170274361273 0.9954335838279775 -0.06625670024781086 -12.0300257642195 -0.9901540961472564 0.05993246272338087 -0.12650282919651043 109.99319957495665
-0.11881502534029244 0.07484004446998406 0.9900918934609649 252.0770469281181 0.06780438863792002 0.9954391776500804 -0.06710743983171348 -12.09976620051465 -0.9905985840060672 0.059159203367354266 -0.12334761457813652 109.89839425932068
-0.11811383879347982 0.07508318535079819 0.9901573795932888 252.91265977312432 0.06750868825213366 0.9954374373061577 -0.0674305970596663 -12.176764294950898 -0.9907026284894707 0.05887973918865946 -0.12264370435179871 109.79860740490517
-0.11809310743135384 0.07448004185304787 0.9902054036121885 253.81948131811052 0.06734150935120004 0.995488177452263 -0.06684616422107702 -12.259080582572466 -0.9907164776541826 0.05878785519422552 -0.12257589072143785 109.68601972985908
-0.11834164709472825 0.07377657230585928 0.9902283938272559 254.68027568303148 0.06715736096246208 0.995547323888467 -0.06614691804662169 -12.335154592573929 -0.990699320395177 0.058673190447658966 -0.12276934996662818 109.58068113941343
-0.1174593371410581 0.07358382978692188 0.9903477793746369 255.50589889415178 0.06739454209483746 0.9955426017843224 -0.06597653922665589 -12.408942309748664 -0.9907882113823376 0.05899447454116885 -0.12189492261534526 109.48053798553688
-0.1175305880067301 0.07561770104410123 0.990186105826374 256.33791262544935 0.06551148144964741 0.9955151200379434 -0.06824874778417925 -12.49007268013551 -0.990906053408226 0.05684724324574562 -0.12195730504686594 109.38033661267878
-0.11698330246009073 0.08184620627631917 0.989755578647429 257.21229755002133 0.06583968956717473 0.9950450368584234 -0.07450174428235691 -12.569668867110295 -0.9909490613665418 0.056449739960338925 -0.12179238332170521 109.27767921932148
-0.11676571472879545 0.08489196734980621 0.9895246948628188 258.04592071974815 0.06620721801774976 0.9947891948128651 -0.07753104001571373 -12.645699735803577 -0.9909502369676414 0.05646070990562841 -0.1217777323270918 109.17707838170041
-0.11655981847024467 0.08566799833547786 0.9894820881548982 258.91752517401477 0.06597803940286068 0.9947401687479148 -0.07835110079584676 -12.72682243326926 -0.9909897613168055 0.0561514981150011 -0.12159894006406022 109.06766551500625
-0.11745510381267188 0.08242074180538228 0.9896520196051773 259.8378916779426 0.0653863267502849 0.9950293307077386 -0.07510831715203838 -12.81257313161816 -0.9909232699167277 0.055887855134695845 -0.12226046288961881 108.95041348053616
-0.1196962755357202 0.07833783478864437 0.9897151030794196 260.83838797267646 0.06507255791526632 0.9953575674031697 -0.07091456281756338 -12.905128976789342 -0.9906757107294207 0.05591508431424321 -0.12423823693569493 108.82165230528182
-0.1243598668065129 0.07548623860481246 0.9893616382845888 261.74266303521216 0.06504458869273941 0.9955774468019075 -0.06778457716313298 -12.99143916440123 -0.990102936572587 0.05592293984305299 -0.12871985002186573 108.70684367042779
-0.1279812005871284 0.07499604794273715 0.9889370076446978 262.53373099853013 0.065718871217569 0.995586580752033 -0.06699544904216342 -13.064306047677517 -0.9895968079284445 0.056417665845400214 -0.13234502150965496 108.60115071007624
-0.13117882358307867 0.07646361514835134 0.9884054996820918 263.36996994959213 0.06696032207643718 0.99542753471515 -0.06812002934772853 -13.14188245308565 -0.9890947535553811 0.057248045288555 -0.1356990412636003 108.48514333726891
-0.13503157582033495 0.07812946772048456 0.9877561742683224 264.2031245615142 0.06805230291444281 0.9952636449699661 -0.06942017768008998 -13.219288108182308 -0.9885015718750877 0.057845166391048954 -0.13970890854084383 108.36209404465284
-0.13906025825063864 0.07919588893385919 0.9871120786168321 264.9805024968401 0.06953213640867144 0.9951177270527999 -0.07004278201008388 -13.285299264081537 -0.9878398284042371 0.05889584434611745 -0.14388798746610632 108.23730384510807
-0.14399285069696227 0.07927617865389905 0.9863981683104436 265.722855040727 0.07020072518574105 0.9950929496143124 -0.06972718129452612 -13.352062118566367 -0.9870855672795337 0.05920565113161722 -0.148851515754872 108.1227665106212
-0.14796135164895538 0.07885200352462762 0.9858447139171399 266.5592783054188 0.07032225131880472 0.9951322487658745 -0.06904048403382751 -13.428391545513168 -0.9864898475846925 0.059111496397253147 -0.15278616300571385 107.99157964143345
-0.1540635744316212 0.07891370111563664 0.9849045856374035 267.3575435017985 0.07104442141846459 0.9951101549837876 -0.068618289350976 -13.502758255924403 -0.9855034780347903 0.059400397510207474 -0.15891660566775734 107.85570472192468
-0.1574835987732503 0.07842034531652732 0.9844029487754821 268.20310522483015 0.0710781227649481 0.9951566072369216 -0.06790601988710458 -13.577005863485292 -0.9849603121860485 0.05927542925305161 -0.16229481478232652 107.7173542053777
-0.16352630919636946 0.07729484049729651 0.9835063059447624 269.085553186652 0.07177199536170904 0.9952163161765574 -0.06628170711258873 -13.653807936589342 -0.9839247567179177 0.05974940709712283 -0.16829165597001589 107.56466732058315
-0.168501221369664 0.07744665614136591 0.9826542392161415 269.9218846788091 0.07110047769400453 0.9952667141989788 -0.0662486956796103 -13.723028844950242 -0.9831337958124605 0.05870419968014488 -0.1732101511785551 107.416549117631
-0.17228083911156697 0.07979139770708878 0.9818109010023086 270.7449406700506 0.06969075139658841 0.9952036165985513 -0.06865100639422397 -13.79000247969714 -0.9825795192475744 0.056595886432762046 -0.17701523661565602 107.26294662336662
-0.17603649761533213 0.083414515229506 0.9808430915066667 271.55180044192525 0.07021985420714368 0.9949290266458295 -0.07200974942816457 -13.856329013517103 -0.9818759206653639 0.0561983148021906 -0.18100117632473914 107.10487400477153
-0.18116598429176176 0.08550989265738955 0.9797279951054377 272.3939936119483 0.06973693306631443 0.9948220105429629 -0.07393191128165578 -13.927671932506374 -0.9809768836736689 0.05492927813995009 -0.18619110639588177 106.9421828831686
-0.1822594888961126 0.08465847584487911 0.9795991124817086 273.2741276866495 0.06965952131802501 0.9948947956351439 -0.07301983776923683 -14.002772721536772 -0.9807798069888429 0.054929846947939946 -0.18722628586073203 106.77278328126707
-0.18472419732678635 0.08252899821000548 0.9793191182533042 274.1334528902816 0.0693896704977399 0.995076342840973 -0.0707682523907906 -14.078444399426237 -0.9803377196406301 0.05488202230862587 -0.18954133870247405 106.6054464238139
-0.18706161501926977 0.08075997845088026 0.9790228690214534 275.0184986315872 0.0695686819931989 0.9952017223022186 -0.0688021105230386 -14.158026143233096 -0.9798817023866263 0.05523909672784895 -0.19178240670243907 106.43621758381389
-0.19036789588484027 0.07954450235772582 0.9784849188214617 275.78450993071726 0.06906723954280616 0.9953274094760619 -0.06747639859688699 -14.229111442119192 -0.9792802360092419 0.054735912254489115 -0.19497230385712144 106.28678332115437
-0.1930914889334115 0.08000058645376784 0.9779138934837431 276.58935194288784 0.06899535337650023 0.9953103740724478 -0.0678004459883071 -14.299004226127044 -0.9787519185748405 0.05437982558646864 -0.19770563081322504 106.12747329382772
-0.1974725275903884 0.08237570132960632 0.9768412586892106 277.343909253796 0.06957914111723325 0.9951278466772342 -0.06985207147191057 -14.365058270428662 -0.977836051681698 0.05417391067648983 -0.20224204170637805 105.96794954339968
-0.20366508848015616 0.08581183624919014 0.9752727108321627 278.0652725983003 0.0715759450870426 0.9947907963263247 -0.07258206134666959 -14.426698971805042 -0.9764207166069696 0.0550236340491726 -0.2087462188322366 105.80999369797122
-0.20636060129240413 0.08436500432281807 0.9748322154503574 278.84330207538966 0.07221318442378716 0.994872265877951 -0.07081264422577811 -14.497846448195178 -0.9758076440721375 0.05578279871502911 -0.21139470461178808 105.6450028913118
-0.21236254343913413 0.08166009794752181 0.9737729604724433 279.6763986308242 0.07205430849567561 0.9950980825100441 -0.06773465001048184 -14.57479092588478 -0.9745308239205539 0.055780234743443374 -0.21720552166253645 105.4635032196359
-0.2175555404182188 0.08356971557926446 0.9724637214165582 280.4631411803163 0.07186871017544452 0.9949948099757829 -0.06942777987932841 -14.648190199047983 -0.9733984155170258 0.054785315178936526 -0.22247268126601516 105.28695511717837
-0.2224782335279703 0.09265428604636207 0.970524919249123 281.3579274361903 0.07261511185522307 0.9942835740155177 -0.07827656081599957 -14.723323054811367 -0.9722296442387102 0.053059944592568194 -0.227934554517972 105.0801500261756
-0.22897071311009404 0.10377684988636915 0.9678857256750515 282.17404578006915 0.0756115771565505 0.9931930288884417 -0.08860302910905966 -14.805115844231214 -0.9704922987524196 0.052895867466787296 -0.235258847372808 104.8898723749099
-0.2349518886012481 0.11032430457606249 0.965725715647315 283.1596424941424 0.07749647897079284 0.9925011685607176 -0.094528969912607 -14.904082829107711 -0.9689127441569946 0.05263058260571852 -0.24173976914183273 104.64441703156861
-0.23668417860317423 0.10727597699479363 0.96564613827155 284.14599228067607 0.07598684334647374 0.9928853241037742 -0.09167732989993231 -15.013113964332602 -0.9686106541005942 0.05167782831306995 -0.2431518102413918 104.40274696009567
-0.24047625103456122 0.10093152032187476 0.9653931846112662 285.0921116493905 0.07540912046773364 0.993515762884668 -0.0850875634272051 -15.115453273017412 -0.9677213634299121 0.052337912694440325 -0.24652810317719098 104.16303008774668
-0.2443332225933587 0.09719439867843686 0.9648080250509353 286.03338431949527 0.07600848498888234 0.9938224169981427 -0.0808684962248253 -15.21458391107083 -0.9667078082579255 0.05357473600034684 -0.25021143282363056 103.91756279862217
-0.24885104273808104 0.09589843715915491 0.9637824693770927 286.9233436772742 0.07522449932535623 0.9939939552674105 -0.07948139148944704 -15.297911786110879 -0.9656160899806001 0.052721026567024765 -0.2545703441650263 103.69178023695171
-0.25371454167821544 0.09439800061946074 0.9626619078472292 287.83771044803603 0.07394901250473586 0.994206864226415 -0.07800163251274922 -15.389008577039922 -0.9644482748652677 0.05139774901810289 -0.2592253778187713 103.44675460294411
-0.2578010411002574 0.09165452881031289 0.9618409798694317 288.79528444535765 0.07207107271569627 0.9945413701406721 -0.07545345291187251 -15.484202602814475 -0.9635062966505386 0.049868932485816385 -0.2629994408501528 103.1827391067137
-0.26158625070002 0.08993541460325413 0.960980881518905 289.7224129549939 0.07163947964165247 0.9947120634599 -0.07359141093919157 -15.578161624870326 -0.9625177496552373 0.049593669026283316 -0.26664592551008925 102.93090148774473
-0.26616680204336446 0.0912761003474502 0.9595956997586927 290.3885090580583 0.07140158332789279 0.9946386837302029 -0.07480442985357964 -15.64473766897703 -0.9612788603668972 0.04860619644460345 -0.27125705572189335 102.74836859055266
-0.26907310329635603 0.09556657068405681 0.9583666812082743 291.01339323201506 0.07159187720186816 0.9942966533131767 -0.07904915134856683 -15.709949590894022 -0.9604552400821097 0.047341269289122544 -0.2743802762971745 102.57189384548049
-0.2721222155426724 0.09803626346993612 0.9572556559524759 291.6204140483863 0.07184895211339194 0.9940897332118652 -0.08138384608120725 -15.778180599952794 -0.9595765878179587 0.04663146327980112 -0.27755770344926456 102.39680548076568
-0.2748785084670361 0.09688821228351256 0.9565848001632928 292.3627866199572 0.07210586139243892 0.9941853315696445 -0.07997669188338558 -15.859791652169045 -0.958771375425755 0.046991497233655574 -0.2802663890871461 102.17803623180356
-0.2755676846206324 0.09479327617056275 0.9565964070524616 293.05794375397875 0.072419779755204 0.9943452350267195 -0.07767193238142539 -15.935945290576843 -0.9585498561332284 0.04787262654699906 -0.28087432231241843 101.97291681799626
-0.27639820183664365 0.09389333514914859 0.9564455424309545 293.7830146188455 0.07223387473287411 0.9944305122265449 -0.07674779276256165 -16.015165242614437 -0.9583247369042219 0.04787481558627002 -0.28164108484032535 101.76006405940582
-0.2783247532998719 0.09552887004025239 0.9557246291110223 294.32706710470126 0.07173761978840462 0.9943299465179067 -0.07849631433888443 -16.07622071879764 -0.9578042835609268 0.04671394274226136 -0.2835996508210353 101.60142078477082
-0.2805437911808984 0.09824930817866721 0.9547995887474316 294.8277044644371 0.0714936488983181 0.9941231005126687 -0.08128910870639497 -16.13205879328635 -0.9571749262266813 0.04545695182795919 -0.28591926506176224 101.4552433289877
-0.28206568254666475 0.100306101356524 0.9541371163308453 295.4370636263082 0.07161949701568528 0.9939459970818679 -0.08331868057133784 -16.19811018830293 -0.9567181394625609 0.04483347985136963 -0.28754192860818156 101.2717843257385
-0.282664798078576 0.10044252698575687 0.9539454442995761 296.08675022406214 0.07139888418696694 0.9939468174680347 -0.08349804418079661 -16.263797516067328 -0.9565577929555817 0.0445086824999093 -0.2881252608121483 101.08148491688853
-0.2835960219410299 0.09917500969856557 0.953801663759565 296.80406983165415 0.07102315377690563 0.9940781663839184 -0.08224542994212648 -16.339625649664857 -0.9563101003162124 0.04441752548344734 -0.28896033544956057 100.86906135321068
-0.2842541826610541 0.0984278401223633 0.9536831339226592 297.4683687762069 0.07129228042864916 0.9941323195287638 -0.08135319305128344 -16.414151518227722 -0.9560946451010895 0.04486526002602771 -0.28960341512457716 100.6731996006742
-0.28335726015355706 0.09838672094671516 0.9539542527079717 298.162042703106 0.07068064745469892 0.9941607817403665 -0.08153886266538443 -16.492930688243277 -0.9564062469440763 0.04432147550266245 -0.288656712403528 100.46895744442088
-0.2820988847424713 0.0996700393468051 0.9541939543319599 298.81675400330926 0.07047193133539452 0.9940547392264792 -0.08299929105258834 -16.56907861046404 -0.956793565049908 0.04382988338997955 -0.2874456734778028 100.27430696921746
-0.28317759482497246 0.10190191491366403 0.9536385319008844 299.5127288768936 0.06927904016626153 0.9939151303454319 -0.08563368650280857 -16.648881695243016 -0.9565620023724466 0.04181762077579506 -0.28851416292769183 100.07077104438574
-0.28164179264142847 0.10440489623392239 0.9538225821818797 300.2220261118151 0.06819559558749648 0.9937268154069526 -0.08863620639230742 -16.72982039974182 -0.9570931309857932 0.04008283901543203 -0.28699495576799583 99.86294319081057
-0.2813697865203173 0.10560363812206812 0.9537708922214476 300.9388272994502 0.06645973474372409 0.9936840096434626 -0.09041677187713207 -16.814738912974775 -0.9572952245213096 0.03794681270239764 -0.2866110474395996 99.64837551577779
-0.2807453371028229 0.105836096402027 0.9539291254560819 301.64371540008824 0.0651441273452113 0.9937107810476266 -0.09107758397181842 -16.901021616965178 -0.9575689522783478 0.03657327341233828 -0.28587426834965973 99.4356698024453
-0.2789162224083836 0.10643483423569207 0.9543989558558098 302.36546829008057 0.06366494710824659 0.9937020008812917 -0.09221229828075196 -16.990166024143615 -0.958202752754938 0.03504225314866353 -0.28393577637755313 99.2219000574903
-0.27486927025267544 0.10614409728940807 0.9556046854643295 303.1193130956027 0.0624393303798493 0.9937602619291868 -0.09242224749564724 -17.085152349239145 -0.9594520385576745 0.034263280943998574 -0.2797817243611081 99.00404763326645
-0.27167891168785624 0.10528190878276379 0.9566118798275305 304.01714293544933 0.060607610112957136 0.9938968267221818 -0.09217274775100018 -17.189338912777117 -0.9604776345863015 0.032936568045739 -0.27640169309335055 98.7479144201485
-0.2656022873094153 0.10334753610918078 0.9585273662009708 304.8545416363742 0.05878220610737665 0.9941239005931409 -0.09089731852274403 -17.28333944747673 -0.9622889780212364 0.03220181748965312 -0.2701165780347562 98.51638088545366
-0.25975852189963167 0.1017139511434364 0.9603019225448377 305.6590770047163 0.056747324144815856 0.9943266708096348 -0.08996784380559891 -17.37488766748011 -0.9640047984854231 0.03112465035010249 -0.26405682085047955 98.30306021641108
-0.2547514092177066 0.1009254981759294 0.9617254095216239 306.4387710592525 0.0552869502505324 0.9944319786246235 -0.08971283643218848 -17.46032712003979 -0.965424814593859 0.030316393364877344 -0.25891281092243856 98.10005984601335
-0.2479182636223362 0.10049802380692349 0.963554192442434 307.10877682103734 0.053673009664279174 0.9945020437466221 -0.08991603314964065 -17.5367204407559 -0.9672929972847232 0.0294250266727522 -0.25194925125755774 97.93267262159311
-0.2411873801700215 0.10086288771126668 0.9652229408428232 307.78299636424447 0.051654144100889525 0.9945088943298939 -0.09101597934392583 -17.61673387923084 -0.9691029341839419 0.027905859264209354 -0.24507298091548202 97.76669424978274
-0.23463771954683194 0.10086050036149263 0.9668362322713675 308.455179811777 0.05079168279061 0.9945161084094445 -0.09142163350886642 -17.695261162500863 -0.9707550388873394 0.02765627561622924 -0.2384738662702456 97.60788737644923
-0.2276183418164614 0.09965206783830284 0.968637886851571 309.18743611253063 0.05027701823324146 0.9946255350141846 -0.09051114039342736 -17.782346148877913 -0.972451598747361 0.0280982290063761 -0.23140522383992657 97.43957991890716
-0.223893922028649 0.097179549423522 0.9697564884302 310.02906932652184 0.04938461708235253 0.9948694695577586 -0.08829438338586929 -17.879246900033607 -0.9733615316388142 0.028122477054888868 -0.2275444022823649 97.24885149058117
-0.21735115929268978 0.09621712664283256 0.9713396615472485 310.9299747802391 0.0481135310414444 0.9949761740095726 -0.08779237600153242 -17.988032338079666 -0.974906950270049 0.027652806256646914 -0.22088857059903458 97.05175803879197
-0.21243033297839145 0.097229388630525 0.972327002410828 311.75076667572023 0.047262725995144 0.9948953035124363 -0.08916035991629313 -18.08755107019482 -0.9760325754615969 0.027014459747131372 -0.21594126655730497 96.87520885044727
-0.2069946614820035 0.0990601314419557 0.9733140811046841 312.4084753397821 0.04662405041112918 0.9947291587784717 -0.09132414028684917 -18.16670431215124 -0.9772304784651425 0.026476235279475388 -0.2105222100497111 96.73691429050464
-0.20243867644647903 0.10081209171028448 0.9740921437131074 313.0759619800862 0.0454431162117081 0.994582728041789 -0.09348861037537862 -18.250985651261573 -0.9782400040212866 0.025340071940454456 -0.2059232266804445 96.60001954679912
-0.19878173857977713 0.10221203530567935 0.9746991947497823 313.69020578308005 0.045295224698163994 0.9944419699975194 -0.09504478379686662 -18.323184049371037 -0.9789965081790353 0.02525605167323077 -0.20230662081883338 96.47944634502892
-0.19531332634458212 0.10307718640315139 0.9753090782902755 314.37897550485195 0.04559467057861148 0.9943405919508739 -0.09595787207733936 -18.402636363650874 -0.9796804737091795 0.02572704495260132 -0.19890773889158833 96.34695623857134
-0.1916314767836228 0.1039160109289355 0.9759502240269976 315.0906237213307 0.04553150327121985 0.9942497577149108 -0.09692420489073546 -18.486518351194785 -0.9804102505153597 0.025862752298542978 -0.195261001554211 96.21348483176112
-0.18952498768383122 0.10466326266466461 0.9762816604299357 315.72170516099357 0.04546162379843688 0.9941715438231851 -0.09775572726869283 -18.56223234969347 -0.9808228789159907 0.02585619656115613 -0.19317851147148316 96.09540957472827
-0.1859333077862718 0.10558039635356689 0.9768733720198747 316.3453858222213 0.0465084226985815 0.9940413552145827 -0.09858372452511038 -18.636166876924154 -0.9814610393050479 0.027102841714044677 -0.18973577495369176 95.98310369771187
-0.1798181676297465 0.10752808404844337 0.9778052657513933 316.9598399815061 0.04782321347884176 0.9937879545105075 -0.10049100319120971 -18.710813377630796 -0.9825366999979375 0.0286916819076462 -0.18384346751101344 95.87228506814989
-0.17441738369987564 0.10968434790409558 0.978543775253895 317.59761238897977 0.04849139670402952 0.9935275770577714 -0.10272067986244952 -18.78910413087916 -0.9834770768599452 0.029534682164614433 -0.1786072278505339 95.75590101102433
-0.1701766502957272 0.11052990498446505 0.9791951020089166 318.2716399231365 0.04867300823512123 0.9934194063622737 -0.10367652256981169 -18.875042885937177 -0.9842107731393054 0.030017047938630505 -0.17443660988903817 95.63871960938489
-0.16521658625751168 0.1111017658872661 0.9799795289913699 319.01273277331285 0.04968355799985447 0.9933107331709058 -0.10423690052927538 -18.972443125784782 -0.9850050881543146 0.03146720489980215 -0.16963133945678993 95.51152002496363
-0.15911218784832232 0.11167842217175622 0.9809236676211605 319.67840945956783 0.05029471910569995 0.9932081698122881 -0.10491888604155561 -19.062383940405997 -0.9859785762927098 0.03264140682245857 -0.16364835976095804 95.40170671448796
-0.14997154883624428 0.11229205337198686 0.9822927411363489 320.3655692547939 0.05102797301459902 0.9930842139935034 -0.1057349984013022 -19.150798541391968 -0.9873726148266818 0.03426716601070107 -0.15466441356665026 95.29327894621655
-0.14086499617118434 0.11290550296972547 0.9835697231273678 320.96792038079803 0.05160291247230164 0.9929627455147642 -0.10659327110167122 -19.227961718144297 -0.988683059568671 0.035739801607336634 -0.1456999461324545 95.2054834567296
-0.13430041138334928 0.11417264935575813 0.9843414070541541 321.5326882390846 0.05179211074403425 0.9927914709741452 -0.10808641184565071 -19.30229753639511 -0.9895862654498299 0.03646506958826628 -0.13924554546908197 95.12485351820821
-0.1309815494065245 0.11559585421132844 0.984622482073318 322.092986500591 0.052433223383975706 0.9925966072428782 -0.10955698232194432 -19.37639465473033 -0.9899972680773582 0.03727698725860345 -0.13607290479845632 95.04960375823482
-0.12766329382832448 0.11704315418822378 0.9848872948041196 322.64007434115024 0.05337834167940461 0.9923842043297221 -0.11101506040361764 -19.450183742787946 -0.9903801472406747 0.03839910226208259 -0.1329386057434281 94.97676531754638
-0.12568397077817334 0.1188149320002721 0.9849297190273043 323.170496557998 0.053892659645532706 0.9921540375171475 -0.1128093394837119 -19.521370303516616 -0.9906054314033227 0.03890215639513281 -0.13110111174985017 94.91080322611352
-0.12428361188401871 0.12062695525441874 0.9848871618023628 323.70308588016 0.05472570263772134 0.9919054235802609 -0.1145806621680485 -19.597612236160334 -0.9907364338147008 0.039658143402197865 -0.12987898357324995 94.84507741483878
-0.12255480578648227 0.1224039518728376 0.9848845577754544 324.2408106097499 0.05517574588832832 0.9916708004401017 -0.1163815304081894 -19.67755058824482 -0.9909268169972518 0.040078624232847866 -0.1282877516963255 94.77501367858217
-0.12244685937123047 0.12427072278042227 0.9846641834096311 324.7729293776434 0.05601344812535957 0.9914138381009021 -0.11815707871787923 -19.758278865906725 -0.9908931628885276 0.04068647295683137 -0.12835634249659575 94.7030747444386
-0.12186062539814928 0.12525650454645354 0.984612002794186 325.320893390693 0.05695548959799841 0.9912530639905096 -0.11905223783733014 -19.841377136656604 -0.9909117317815066 0.041571278525302416 -0.127928763847493 94.63338479665613
-0.1226610548865848 0.12522961786700862 0.9845160275094534 325.9412128263526 0.05782322422999667 0.9912236626461524 -0.11887861603329317 -19.935144529257144 -0.9907627063801694 0.04234611457060372 -0.12882572036288278 94.55536350681137
-0.12409400500986062 0.12531927475086707 0.9843250262471896 326.5627581865456 0.05970107600830526 0.9911385051548952 -0.11866020867488308 -20.0289497485036 -0.9904728463941164 0.04404024267908854 -0.13047604217136521 94.46976051557813
-0.12513768787008003 0.1272831532912889 0.9839408305191722 327.1091490341013 0.06127171968650434 0.9908349236570284 -0.12038243405175904 -20.113202815823577 -0.9902455934974864 0.04522336729826752 -0.13178964909664664 94.39668814979834
-0.12423545534383013 0.1307802670749444 0.9835964992715862 327.6456094831019 0.062293006214534305 0.9903487603302482 -0.12380999268675333 -20.20020052681536 -0.9902954776289082 0.045889592024164066 -0.13118312517846467 94.32829484412187
-0.12755750219565778 0.1370861571509999 0.9823117983365458 328.1775305578505 0.0642491047402082 0.9894641255014759 -0.12974126901521751 -20.281398266256218 -0.9897480165040429 0.04656318141159099 -0.13502123523040696 94.25045206894637
-0.12804802391338335 0.14319890129320287 0.9813754522303378 328.73918515505363 0.06610140189812842 0.9885531966310445 -0.13562146621255683 -20.366865393587847 -0.9895626853509486 0.047504232432081496 -0.13604793148761657 94.16855888731783
-0.13101970292449835 0.14626112277823486 0.9805312444839426 329.33771158446075 0.06649373163537274 0.9881264168572299 -0.13850908981757476 -20.463706681031816 -0.9891473202201886 0.04705176163057204 -0.1391894774351881 94.08272786188465
-0.13479360884597696 0.1470362365028476 0.9799035810575238 329.9322903142767 0.06716011189128264 0.988010401355167 -0.13901426611952503 -20.561463576499595 -0.9885950649204299 0.04707219953516606 -0.14305245767163002 93.998432961142
-0.13962156221694563 0.14602187400645897 0.9793791051864157 330.61675558863107 0.06740395890631498 0.9881744766506488 -0.13772403573802938 -20.670299103899243 -0.9879081565043666 0.046784783935122594 -0.14781291656783133 93.89207383880479
-0.14165936069791726 0.14558938444857503 0.9791508344798292 331.36957332277694 0.06857019295616039 0.9881930233733838 -0.13701341975925005 -20.787954545746896 -0.9875377229071371 0.04773132820333661 -0.14996988412122353 93.77548027752353
-0.14443142741216378 0.1452775522338887 0.9787921105079559 332.212974501789 0.06870137005061712 0.988248946511555 -0.1365435515576213 -20.924586540132896 -0.9871269850069213 0.04752317893123797 -0.15271497285929975 93.64622447027509
-0.14663573125409193 0.14755716717013917 0.9781231235055764 332.95681682035945 0.06887524265966526 0.9879348241095769 -0.13871187497885828 -21.046001713432375 -0.9867898273027299 0.04702835026132525 -0.15502958105970716 93.53383933032427
-0.1480474483653976 0.1491127044484951 0.9776744623874323 333.6928752522532 0.0692478991486432 0.9877048656871752 -0.14015643674615097 -21.16617405222919 -0.9865529288872424 0.04695209973935497 -0.15655292662250536 93.42199752070822
-0.14885072257944684 0.15010289679780697 0.9774009324532525 334.4260712634224 0.07181027945062635 0.9874432980863962 -0.1407089792070242 -21.284376293418934 -0.9862488256787948 0.04924280086638892 -0.15776057939179172 93.3021903929571
-0.14788394714031008 0.1505266503126132 0.9774825142803686 335.2716994173376 0.07390015613129519 0.987268520940058 -0.1408532373948155 -21.419459785780816 -0.9862398821290765 0.051406177707493776 -0.15712510872401508 93.1660714067295
-0.14686018773757717 0.15122682812951335 0.9775287881753533 336.06546798627744 0.07594599172797954 0.9870508189887944 -0.1412900813008595 -21.548829076688317 -0.9862374417948954 0.053489505395325494 -0.15644354002139674 93.0382426645857
-0.14551471788122225 0.15243966442075763 0.9775416183422778 336.8928599160256 0.07622484571912982 0.9868489579828446 -0.14254440368975735 -21.682827247178984 -0.9864153485094632 0.053770650353706546 -0.15522073761420044 92.91332608620962
-0.14651961419395157 0.1552015619010998 0.9769567430751064 337.67487843371833 0.07606068926368613 0.9864590983090914 -0.14530388471044828 -21.81530946029764 -0.9862792577182142 0.05301813413044123 -0.1563403442753602 92.79309572291145
-0.14912874320537978 0.1586133641711455 0.9760135340538573 338.4551601377941 0.07522926739251863 0.9860101260974956 -0.14874336476221503 -21.95000863782497 -0.9859519132683763 0.051242872084926235 -0.1589748180779561 92.67281767459872
-0.15188387541559012 0.1622737541209486 0.9749864189373308 339.27551228276695 0.07555946473052584 0.9854503214802656 -0.15224464254638975 -22.089387223695596 -0.9855059896714891 0.05054594561323005 -0.16193533185715417 92.539483346888
-0.15296346459690996 0.16336039223887364 0.9746361170950292 340.07644220779684 0.07553132223360695 0.985290112162376 -0.15329192489069665 -22.231800297954365 -0.9853411581072594 0.050167490694805895 -0.16305221561583838 92.40767506143688
-0.15498657814917824 0.16386761876351194 0.9742312682902295 340.9494380086223 0.0758437768423587 0.9852105399431578 -0.15364866904466742 -22.392712465089872 -0.9850009553842564 0.0500758974526437 -0.16512274945148334 92.26223634124189
-0.15769113197958923 0.1663877190229322 0.9733697313217349 341.63141626774393 0.07568309994227011 0.9848394927209276 -0.15608728955400106 -22.515746116563204 -0.9845839605021642 0.04905405727900713 -0.1678931927933469 92.1408227361666
-0.15840052102050278 0.17236027855825872 0.9722145901578302 342.3066038585175 0.07541197558784668 0.983881602720396 -0.16214199260612028 -22.64041560708727 -0.9844908881642199 0.047633246831018675 -0.16884538761234838 92.02312755740317
-0.1585341460860782 0.17936241034332262 0.9709253577286963 343.1269023021843 0.07736232690440126 0.9825947721679748 -0.16888630519998643 -22.79064777017556 -0.9843180354441842 0.04833879874386746 -0.16965071657763633 91.87250358538266
-0.16038092980299914 0.18363762412510265 0.9698222416305051 343.8683528856667 0.07841610472359585 0.9818060002949177 -0.1729389843409355 -22.925768393058796 -0.9839354002552744 0.048313567355184585 -0.17186310637804936 91.74541530008507
-0.16355014969252138 0.18440011486972843 0.9691480517297602 344.6831445627477 0.08143360856928787 0.981546624899911 -0.1730167348639366 -23.08385146647398 -0.9831683049869648 0.050624310203941085 -0.17554846420700318 91.59099180551208
-0.16708298507464645 0.18299077678034412 0.968812495641895 345.51644172944265 0.08456413964463383 0.9816641978585104 -0.17083415621289033 -23.246393085124147 -0.9823096163556131 0.05338331439816919 -0.17949384212044178 91.43661915636699
-0.169941630959688 0.18256053141049522 0.9683963519333826 346.43327101543014 0.08698494934380137 0.9816336193573855 -0.16979121277314735 -23.428801847971922 -0.9816075899535521 0.05538131199635521 -0.1827004368553755 91.25914655980878
-0.17050257389662496 0.1842014100334861 0.9679869383603821 347.3186767170295 0.08682775589765389 0.9813588247880229 -0.171452027740846 -23.61208496837039 -0.9815242295024644 0.054815121566462774 -0.18331800060891656 91.09070416229356
-0.1709870812314408 0.18674972998554917 0.9674130226548958 348.1272592347692 0.08589529154784939 0.980959859016698 -0.1741831044844759 -23.770449719060135 -0.9815219900449842 0.05331316299249684 -0.18377238560206224 90.93394317766698
-0.16969232005848978 0.1875519918747182 0.9674857967210665 348.8871914651655 0.0848247229941081 0.9808599874237464 -0.1752668007355084 -23.92554756296528 -0.981839743991932 0.052325284661560965 -0.18235345267624337 90.79529868320424
-0.17017929711934507 0.1868107749898909 0.9675436637070423 349.635935001886 0.08410476444374401 0.9810368007143413 -0.1746229774171535 -24.073970787288246 -0.9818173941369295 0.051657816367379365 -0.1826638294198562 90.65544003171007
-0.16913434549305606 0.18583117880375807 0.9679154643661012 350.37783169684167 0.08421664913334832 0.9811972271256623 -0.17366507273963167 -24.223126923968824 -0.981988354912312 0.052141868640440237 -0.18160422999285353 90.51774499887249
-0.1669676590132564 0.18529357321051812 0.9683945954880766 351.1282819545057 0.08425804241051746 0.9812706199992566 -0.17322976827156866 -24.382646498570757 -0.9823555278679829 0.052671264017037506 -0.17945293202973128 90.37938300607154
-0.16483278555916528 0.18543640094557542 0.9687329322414728 351.7338654653887 0.08405467306790292 0.9812354550044078 -0.17352750150261428 -24.508814087125565 -0.9827334148894382 0.052823508465869744 -0.17732656939416105 90.26540629048046
-0.16248885318109924 0.18483718758899162 0.9692433062322829 352.45181273482274 0.08305679963835116 0.9813736189173635 -0.17322640712914117 -24.65639920613796 -0.9832084929585019 0.05235488685145139 -0.17481425913536336 90.13546727549918
-0.15906042096923323 0.18466741610775722 0.9698441771280468 353.23807493223165 0.08241643311003381 0.9814054315430981 -0.17335198438761218 -24.816828116717097 -0.9838228062179243 0.052357658138883885 -0.17132239082998565 89.99912479910196
-0.1563824689388158 0.18500354904513389 0.970215548344443 353.9994418200349 0.08204097532541504 0.9813397378796103 -0.1739011133547753 -24.96638910106922 -0.9842833950525917 0.05240234440443181 -0.16864220267971058 89.86388658554255
-0.15344439213799133 0.1854695605072965 0.9705956215884328 354.7584189817541 0.08293559235860791 0.9811794630156612 -0.17438047160282605 -25.116871282773232 -0.9846707602247216 0.05373921735127598 -0.16593851414588287 89.73275155569816
-0.15070097665163043 0.18670165000516983 0.9707892199244876 355.45912897543514 0.08254228117249689 0.9809516580208277 -0.17584258996337548 -25.256188939776237 -0.9851273965610168 0.053631506705803064 -0.16324115300187148 89.61143104752614
-0.1486654926899344 0.18689666475046124 0.9710655013892813 356.16272947567643 0.08230035627293167 0.9809093808473779 -0.17619148084672226 -25.402420387549455 -0.9854568598577054 0.05372544342084373 -0.16120903848304027 89.49440954942807
-0.14651733095533992 0.18644762144249857 0.9714782324829321 356.9576240256309 0.0812374398538473 0.9810273030736107 -0.17602814828915644 -25.564560975834663 -0.9858666999628892 0.053129230020316075 -0.15888402947348934 89.36343505580174
-0.14432843981241328 0.18709437128644743 0.9716815310039844 357.64124615799005 0.08003707727372111 0.9809526870627532 -0.17699122013773258 -25.708363292200193 -0.9862876698624983 0.05222568311943919 -0.156553857505694 89.25977205427434
-0.14139340606295628 0.18834347207045968 0.9718717205734323 358.33317918293454 0.07842699035158802 0.980780225754396 -0.1786598890449299 -25.850530648115036 -0.9868419893307689 0.05095964381350133 -0.15344706838546449 89.16485786162411
-0.13834256743659512 0.18964570272052877 0.9720575299202675 359.10223864698986 0.07728212197570537 0.9805695441093109 -0.18030763374907233 -26.0102776787605 -0.9873645768701573 0.05017844761343705 -0.1503107306120306 89.05399126782577
-0.13541697037080347 0.19116263402618838 0.9721723568831642 359.95196535659176 0.0769767253029328 0.9802746509905188 -0.18203349248710363 -26.183687328064835 -0.9877939197510942 0.05018422040428008 -0.14746089693605247 88.93066808688631
-0.13454479579063192 0.1923378184375333 0.9720616552072975 360.8351470957569 0.0745782130887834 0.980164429279907 -0.18361857669330953 -26.367299404303125 -0.9880970539669381 0.04778969735291752 -0.1462202337871732 88.80051950075392
-0.1335645408198259 0.19241836682573057 0.9721808913693534 361.687301341203 0.0726047759346922 0.9802340506380424 -0.18403736707855556 -26.54398857921017 -0.9883769827080469 0.04600410935832424 -0.14489500327853047 88.67790653952954
-0.1344801791806568 0.19164446164115193 0.9722075301754324 362.58772697415094 0.07153415762811713 0.980437469798557 -0.18337184109736496 -26.73700362936856 -0.9883308887715564 0.04488616866335127 -0.14555853174153432 88.54412475505859
-0.13524590581035953 0.19027386962072726 0.9723705052607736 363.5362831833441 0.0713153595450228 0.9807114279502952 -0.18198685276869464 -26.938780914538977 -0.9882422094074406 0.044731975445368936 -0.1462066548357346 88.39820823631709
-0.13571413454505668 0.188699970909361 0.9726119445408306 364.51903599482733 0.07173861863920046 0.9809892980522461 -0.18031518988343448 -27.145727073656545 -0.9881473798378592 0.04530251743298798 -0.1466711888334189 88.24727279454669
-0.13467318203995268 0.18747628375445347 0.9729932050476283 365.5611167357857 0.07158952197155254 0.9812133976736694 -0.17915135659429346 -27.363985761765722 -0.9883005992020437 0.04552923517160079 -0.14556446805993187 88.08971474106954
-0.1346616855121144 0.18759702775964165 0.9729715235456725 366.41428146058075 0.07038061896459662 0.9812459963661161 -0.1794515619592818 -27.542015018696873 -0.9883889917078179 0.04431308826085254 -0.14533943470231833 87.96620679117072
-0.13546883287644643 0.18984125606649507 0.9724240293278397 367.30189134898114 0.06959364193127136 0.9808706627602166 -0.18179512627975666 -27.729313679213245 -0.9883344172504748 0.043046956122661 -0.14608914828534833 87.83211350870116
-0.13726270727656067 0.18994157790919114 0.9721528409527375 368.17331349836564 0.06912014015007811 0.9808868051084502 -0.1818886521742581 -27.903292015805455 -0.9881201118369888 0.04222881179362649 -0.1477679668864531 87.7001185596323
-0.13810018431138632 0.18827613173600877 0.9723581836502889 368.94084768111713 0.06950114828495138 0.9811871809772829 -0.1801147031003396 -28.056524019042126 -0.9879766846845298 0.042706136612617226 -0.14858753788723453 87.58168515768556
-0.13996603793087 0.1867127323764169 0.9723928546603319 369.7129706997974 0.0680473673240515 0.9815519350166714 -0.17867667633267292 -28.220907000161837 -0.987815298538244 0.04116010730741398 -0.15008924525175849 87.46197898894725
-0.14103849474277028 0.18657870523616563 0.9722636112459893 370.4976782886765 0.06632586638754184 0.9816546845158409 -0.1787595027293482 -28.383425524876454 -0.9877798451318167 0.03927425518705704 -0.15082609333555855 87.34378493319265
-0.14076453856868057 0.1881935198163212 0.971992049237386 371.2309429171162 0.06482331970597908 0.9814126710289999 -0.18062974939366377 -28.53290834378808 -0.9879186615829482 0.03758148803420938 -0.15034743048450117 87.23771632907274
-0.14051248526521473 0.18845002081836665 0.9719788223712248 372.04704394198535 0.06315338529934096 0.9814253153718039 -0.1811518707399558 -28.70415464463446 -0.9880626960926249 0.03592965350389554 -0.14980376693950126 87.11435221117995
-0.1402555488769417 0.18945899593641702 0.9718197723178902 372.7565407084168 0.06353044256243591 0.9812212342785825 -0.18212295920238558 -28.856346412791375 -0.9880750294775444 0.036196384620257815 -0.1496581366427289 87.00891540488175
-0.13905559317338953 0.1903071491703435 0.9718264922206316 373.57723706294735 0.06582199189132311 0.9809668322733639 -0.18267878739201926 -29.032167917599356 -0.9880946348354783 0.03856504834972661 -0.14893532037474547 86.88232495019425
-0.13849441277426955 0.190805734876341 0.9718088645246109 374.4658268433482 0.0670964275958396 0.9808182589748868 -0.18301260138401995 -29.22249052044096 -0.9880877324580992 0.039858680356599306 -0.1486402319900105 86.74516649040513
-0.13800053236788212 0.1908723582479 0.9718660380541501 375.33017482534945 0.0680383050712111 0.9807634362663532 -0.1829586596093506 -29.40827008534397 -0.9880924258940659 0.040875725558072964 -0.148332508071843 86.61661385878583
-0.1379063289562114 0.19201933387556935 0.9716534463746875 376.254070604206 0.06810546255013598 0.9805432989715916 -0.18410998020948788 -29.607997543578175 -0.9881009515250225 0.0407849759088906 -0.14830069229595047 86.47749926696851
-0.1391362800998358 0.19415919288929007 0.9710526779616867 377.16158405793993 0.06958515516889772 0.9800836506416494 -0.1859944728346936 -29.799637204020865 -0.9878253903094929 0.04169227220378839 -0.14987579090161612 86.34214306194936
-0.14044953516647185 0.19524178337237907 0.9706464722529509 378.12476993991106 0.0699519867980232 0.9798708688110631 -0.18697539944725153 -30.002444929700005 -0.9876136125097368 0.04163804127265432 -0.15127995870056868 86.20276075374387
-0.14036445086635654 0.19407315724273974 0.9708931097555614 379.13312093966005 0.07110437859867906 0.9800450690009307 -0.1856228166768695 -30.219114525547734 -0.9875434108316876 0.042979906523793125 -0.15136293918302565 86.04652083001761
-0.1394944772039534 0.19302917168989067 0.9712265594115076 380.0458000989156 0.07099524682510021 0.9802416203200408 -0.1846240523891261 -30.418278527158506 -0.9876745242020982 0.04319843364121636 -0.15044244604866938 85.91302968671452
-0.13898718521779296 0.19532857446411855 0.9708394874247 380.8335718812584 0.07079330169363696 0.9798061830237492 -0.18699773299091996 -30.593491900949676 -0.9877605331154666 0.04273864417883626 -0.15000845813888766 85.79830481316378
-0.13975189227342485 0.200717545509523 0.9696297620899607 381.6218450329959 0.0693492849633595 0.9788189223614933 -0.19262448936247512 -30.76379256632276 -0.9877550735283874 0.04032349379352305 -0.1507114148537399 85.68168182921846
-0.13655364955513075 0.2045519249451529 0.9692840712579629 382.5208701019618 0.06829662863844918 0.9780653709982123 -0.19678338489504082 -30.95474220027228 -0.9882756049350803 0.03932734488063936 -0.14752860276855856 85.55586509912553
-0.1324456875874949 0.20690023999933396 0.9693556780293283 383.3804885116863 0.06679217004112338 0.9776113998849123 -0.1995363546731748 -31.140828090851404 -0.9889372810551114 0.038317639583872416 -0.14329973006271604 85.43166506959199
-0.12876426205523717 0.20794144350703844 0.9696288572900378 384.33346674067957 0.06531219068389353 0.9774239102762603 -0.20093983519535158 -31.35640257421477 -0.9895221485977178 0.03745471522350227 -0.13943837973128342 85.3015552578461
-0.1254266894722178 0.21069259745910385 0.9694724209300547 385.26183450834884 0.06287887775259365 0.9769129843802185 -0.20417460097159204 -31.57104635530465 -0.9901082730189751 0.03535039356599402 -0.13577907561224328 85.18096516853562
-0.12169538789224493 0.21113611770338678 0.9698514176753587 386.2624735728409 0.06172891491779957 0.9768323027455246 -0.20491020808136085 -31.800536044778088 -0.990646139460923 0.03493124838904762 -0.13190918943407898 85.04801206602431
-0.12015203138905531 0.20961716777820646 0.9703731922954858 387.29955425248096 0.05942045614085277 0.9772203973529279 -0.20373881414545997 -32.03441784108486 -0.9909756297432848 0.03318038532067894 -0.12987056358110943 84.9115328089043
-0.11719639068227487 0.20741550883210855 0.971207399429684 388.2187272181949 0.057835015948414184 0.97771237123733 -0.2018257418163585 -32.245324882894366 -0.9914232783938943 0.03251654694758371 -0.1265802402956776 84.79735940925319
-0.1139291062689187 0.20594303291484023 0.9719092683674785 389.28234804014465 0.05532764732114336 0.9780759794276472 -0.20076411509170458 -32.49020196721575 -0.9919470803357786 0.030900577025118055 -0.12282566569264872 84.6683552047403
-0.10938229890575221 0.2058199435381893 0.9724575381619676 390.29243146473345 0.05429031409581786 0.978104456796959 -0.20090851995199915 -32.71638215182801 -0.9925160323548801 0.0308191894095571 -0.11816134343628583 84.54436776923194
-0.10464453461806875 0.20525538353685938 0.9730980160825066 391.112776772741 0.05244061236356924 0.9782477085025766 -0.20070227448734085 -32.90041382069875 -0.9931261267077336 0.030027459742625266 -0.1131319942010371 84.4525898369919
-0.09867946432190357 0.20506799865715974 0.9737604835111637 391.8725047642326 0.05113424663507379 0.9782886538004908 -0.20083973378365017 -33.07435471830414 -0.9938046347961 0.02997375138302417 -0.10702299792952541 84.36803798095326
-0.08894227247009036 0.20605087869866104 0.9744907939818475 392.64101303436087 0.048758749724886266 0.9780960185573239 -0.20236294820835446 -33.24362124279855 -0.9948426290087924 0.0295163322555683 -0.09704086580949763 84.29554214028434
-0.0799997927917856 0.2066179756205897 0.9751456533788823 393.4172510502922 0.044749593216357485 0.9780392866302499 -0.20355988729306013 -33.41552673386314 -0.995789891021317 0.027352622511240002 -0.08748901063285508 84.23030287545278
-0.07075345753895615 0.2066864342388739 0.9758456159392779 394.00094283485583 0.04125722448945191 0.9780666081165723 -0.20416550030495015 -33.5465252429905 -0.9966402508797817 0.02581526658710817 -0.077728902843965 84.19126002085916
-0.059620209418511226 0.20737833131561095 0.9764423476732519 394.53024730388915 0.03772963095550419 0.977951587951415 -0.20539514738977577 -33.67676671316927 -0.997507847376079 0.024595107726113438 -0.06612998638353593 84.16410228721479
-0.04669676537221384 0.20733401945476565 0.9771550626592022 395.0875542035932 0.03448879657842694 0.9779736070594324 -0.20585953173398389 -33.81278468950914 -0.9983135454426875 0.024087927928617543 -0.0528189048898357 84.14281931169035
-0.03371636212271508 0.20712259237577643 0.9777338281213113 395.7071921202854 0.02990703377377385 0.9780610316698893 -0.20616058706669968 -33.971022858660255 -0.9989838718698458 0.022290133610412814 -0.03917108228739295 84.11982671626507
-0.0209033661473165 0.2075521218167431 0.9780005961210275 396.29935749388414 0.025441517641871476 0.9780079879611558 -0.20700991441051883 -34.11850060710769 -0.9994577422101417 0.020554615382926154 -0.025724100036161605 84.11277746917104
-0.011954327987359868 0.2078801308890318 0.9780812569638249 396.83141528161786 0.021397612294364775 0.9779803486575265 -0.2075971575619553 -34.2490969397901 -0.9996995729870424 0.018446919018157596 -0.016139236297510677 84.11284008904416
-0.004117876842085486 0.20759876275255726 0.9782053960155437 397.3964652170956 0.017949209391229588 0.9780714412901431 -0.20749477490976048 -34.38918663015766 -0.9998304201076038 0.01670357555225896 -0.007753811400000447 84.11559741176421
0.004047546952081525 0.2075803888073728 0.9782095887621715 397.92661882793726 0.014962619361558531 0.9780955204256788 -0.2076180939731942 -34.51715619188927 -0.9998798614761256 0.015476921715933198 0.0008529411978937482 84.12389078167412
0.011937509246461402 0.20736409191618915 0.978190998351943 398.55534347519955 0.01313304851595491 0.978143810225351 -0.20751435987543343 -34.66245567460147 -0.9998424970512471 0.015323834429012887 0.0089532780993311 84.13040533965531
0.019040293021805713 0.2068972205323228 0.9781773905471591 399.19244663976036 0.011807344203501867 0.9782399939364397 -0.20714029276337187 -34.81115788892713 -0.9997489954306074 0.015493689013110747 0.016183069432625506 84.14224450741528
0.025926880461597936 0.20684911688206448 0.978029263219995 399.8846726808526 0.010767635269512054 0.9782436048627252 -0.2071798918232267 -34.971118116891475 -0.9996058497729179 0.01590259067861004 0.023135529159190996 84.15829283035116
0.032383584143208834 0.20686153376073713 0.9778341420344255 400.70157165807615 0.009268352549547823 0.9782430519895219 -0.207254985163792 -35.15844961024088 -0.9994325395538519 0.01577457081451078 0.0297617505627766 84.18669564763397
0.038155124379483873 0.2073407572818216 0.9775244226378144 401.5148363449374 0.007313089806476742 0.9781526109343796 -0.20775944849690692 -35.34589791166029 -0.9992450676391015 0.01507581148918707 0.0358052329537725 84.22148846187098
0.04406336536764799 0.2072817322328937 0.9772884442757999 402.2894043366348 0.00490461202209508 0.978181897588533 -0.20769236868746271 -35.5258912624919 -0.9990166988661368 0.01394484537839756 0.04208534987359183 84.26211986161378
0.0497925499658625 0.2067352804528331 0.9771290732467182 403.04415446973803 0.0027997714502143453 0.9783098912299315 -0.20712778181959401 -35.702168709977315 -0.9987556574296472 0.01304915850802092 0.0481337326051992 84.30464434458756
0.05523322974385129 0.20606496866704951 0.9769782592362615 403.7547639660379 0.0015467405865367398 0.9784530838131851 -0.20646348435020076 -35.86602552177104 -0.9984722820016709 0.01291477699055538 0.0537243949213319 84.34742120903431
0.062243680036969506 0.2047271159131309 0.9768380276716052 404.35751385944445 8.928250217037312e-05 0.9787346677190659 -0.2051303054974663 -36.013511389500856 -0.9980609782593914 0.012855279644595752 0.06090176894942357 84.39032447586642
0.06851076454100288 0.2035810542235039 0.9766580924270573 404.985797032645 -0.001361535971408568 0.9789764430055931 -0.20396879727035216 -36.16232503524242 -0.9976494481338665 0.012644303118893903 0.06734760750636654 84.43945604275041
0.07465744182541267 0.20296632039936668 0.9763354644606694 405.60637582687303 -0.0034305189556477003 0.9791142891630011 -0.20328167722774426 -36.3102034784573 -0.9972033383015637 0.011827152673899173 0.07379444789310437 84.49544196579065
0.07948976260892068 0.20448919559158 0.9756359702915276 406.3556230137965 -0.004852451871305588 0.9788007734299072 -0.20475717238683236 -36.48431477568467 -0.9968238717803748 0.011541872435748954 0.07879691510118066 84.5601681022442
0.08525383878881872 0.2087138899948573 0.9742537118712914 407.0618087495967 -0.006721930078186346 0.9779119038217636 -0.20890936795585957 -36.648957160146516 -0.9963365890239088 0.011261460247570496 0.08477370397297836 84.62585569179296
0.09000457801819375 0.21143480053943028 0.973239179778857 407.741944850195 -0.007985641543378112 0.9773271077804571 -0.21158438960997575 -36.80676993819434 -0.995909335966337 0.01127162447639765 0.08965235644842458 84.6923483486399
0.09334836995531111 0.211217524129116 0.9729713455839575 408.37573454420874 -0.009605597395336375 0.9773840252288638 -0.21125387505582208 -36.95594889823279 -0.9955871706311648 0.010374233860325722 0.09326607607509838 84.76098817339229
0.09782403837701312 0.20787714840811986 0.9732510203875078 409.07430568226533 -0.011406687491716189 0.978111457636489 -0.2077687751340108 -37.119551550124285 -0.9951383547005318 0.009223210391700244 0.09805400243738793 84.83932570572381
0.10084128497024722 0.20571414543527217 0.9734026533831663 409.70323880826834 -0.01278225728226116 0.9785771045695318 -0.2054834891446986 -37.26965748776155 -0.9948204104984586 0.008278935930741905 0.10131046380080896 84.90938146891966
0.10427098542718612 0.20664752101706202 0.9728434425207122 410.3053133966485 -0.013779694593917261 0.9783818382783588 -0.20634703425044837 -37.417579730806686 -0.9944534587475395 0.008110523075641024 0.10486437812955077 84.97829445063596
0.10646422043524298 0.21051544782510687 0.9717760112258966 410.95366019029825 -0.014267829971377526 0.9775534548307239 -0.21020388192519454 -37.57199271062929 -0.9942141614335543 0.008514057523193112 0.10707806511824783 85.05049383753844
0.10862587638262738 0.21449234619825006 0.970666499062618 411.73180471387116 -0.015147755826213966 0.9766881904613922 -0.21412782188841825 -37.75573745435051 -0.9939672854141313 0.00855640319404605 0.10934268832823334 85.14244525885552
0.10828946450594792 0.21428186662554916 0.970750572244224 412.51743241167304 -0.014254501889249678 0.9767272348832501 -0.21401102264417876 -37.937340739341224 -0.9940172036000714 0.009337573174462875 0.10882375050652748 85.2299847969163
0.11047572694983256 0.2108920204760463 0.9712464514501146 413.3054677797815 -0.013843302919497725 0.9774599534237456 -0.21066656691825938 -38.12676063885137 -0.9937824091415516 0.009828283287409038 0.11090504104159186 85.32423513892044
0.11397166583907599 0.20717611279615783 0.9716421757378293 414.08906880126995 -0.014517065410989256 0.9782577936937477 -0.20688388987374495 -38.31330050506737 -0.9933779312012728 0.009473508542916632 0.1145012595483911 85.42376217441706
0.11601389275102873 0.20481712826804133 0.9719005713841248 414.82046005218444 -0.014933161596857706 0.9787569360615745 -0.20447948747020675 -38.485614812740714 -0.9931353268177889 0.009208913040596381 0.11660796948380325 85.52121180551669
0.11574453654943269 0.2042452228311235 0.9720530290110845 415.5477003847946 -0.014598351401156085 0.9788744833993342 -0.2039402703882986 -38.658752676457354 -0.9931717325796817 0.0094146003817976 0.11628101695601671 85.6135882334805
0.11595486373040029 0.2047491781867719 0.9719219328778973 416.2167771502223 -0.014830859707889861 0.9787703929264046 -0.20442251229014347 -38.81710224428137 -0.9931437535309732 0.009289346722496391 0.1165297938721246 85.69624738117822
0.11605307147981775 0.2046841093636062 0.9719239167620731 416.89870827976887 -0.015118502733742451 0.9787865363283452 -0.20432412284761542 -38.979087611774666 -0.9931279451687939 0.009018407641328273 0.1166857011309633 85.77956663852851
0.11641726520006851 0.20403051841220604 0.9720177816890929 417.74219608968986 -0.014981773134188687 0.9789217671163893 -0.20368534640341251 -39.17223801450432 -0.9930873913392987 0.00914994110195053 0.11702013391181026 85.8823404517385
0.11806877691972482 0.20406142709038397 0.9718120692245584 418.4649866713375 -0.0152040334784408 0.9789141400101502 -0.2037055322129748 -39.343891266954 -0.9928890176060299 0.009275799804924496 0.1186817519895626 85.97454526409304
0.1190910091179918 0.20743953358384398 0.9709717665585224 419.18131887609496 -0.016868588517634987 0.9782129425941867 -0.2069175914769988 -39.510042541624784 -0.9927400376073696 0.00826310158094328 0.11999557860013714 86.0709442338917
0.12063376169710453 0.21416053189799147 0.9693207735914762 419.7723747847648 -0.017568137898820238 0.9767593731844524 -0.2136176196550294 -39.6482654246669 -0.9925416142759833 0.008740336005121321 0.12159255921701431 86.1494440419968
0.12086688753633047 0.2188880065806932 0.9682351140463832 420.4174551683303 -0.016592691043233257 0.9756951566097674 -0.21850318984441078 -39.798939345758924 -0.9925300388911282 0.010344174368672463 0.12156117782995703 86.23088056073702
0.12235299421115244 0.21899770195529403 0.9680236316050698 421.08813795546604 -0.016782564275742137 0.9756688636929121 -0.21860607026454973 -39.95712219008938 -0.9923447436974191 0.010501188431751778 0.12305134984072438 86.3199033736087
0.12172462563986894 0.2177087191627112 0.9683935300864869 421.7758674742056 -0.01720835872247685 0.9759647874289019 -0.21724779881263218 -40.12251042969 -0.9924147257587992 0.009779943731299222 0.12254535812383953 86.40881810188732
0.12225783956264245 0.21680396600080035 0.9685293289270085 422.36649088332047 -0.017876235823923094 0.9761725069738477 -0.2162583566504612 -40.27331279202272 -0.9923373724990123 0.009125620785167559 0.1232203805668625 86.48500720907747
0.12189472690510546 0.21747453624171487 0.9684247526985166 422.96278894944516 -0.017461931041494873 0.9760193875348255 -0.21698211013916158 -40.427588001602764 -0.9923894177776346 0.009538408808208335 0.12276914205277902 86.56405779780704
0.12038275522301081 0.21960207378515706 0.9681337311725986 423.6876904917027 -0.018149351182676243 0.97554987428136 -0.21902749562844367 -40.61027699114924 -0.9925616319889489 0.008796134314501776 0.12142501688102199 86.6619246235677
0.11961750391769373 0.22033779038649895 0.9680614189627113 424.4569803011675 -0.01824787307572798 0.9753855332174426 -0.21975003235115703 -40.79941267497917 -0.9926523398877944 0.008620888452937103 0.12069387887365768 86.76204385370048
0.11810999863922636 0.2193058990778341 0.9684807436656174 425.1486085709313 -0.017792339075541695 0.975618199678827 -0.2187522825610346 -40.970300366833975 -0.9928411055610379 0.008605294016179944 0.11913222915412933 86.84672513299222
0.1172783092375201 0.21805758489766772 0.9688636064230028 425.9145762197646 -0.01812994337593916 0.9759036339504357 -0.21744747042795465 -41.156656320592546 -0.9929335845541607 0.00793642935630886 0.11840569983534685 86.94378600134411
0.11784930089744125 0.21823608755376314 0.9687541237936553 426.67035509485055 -0.01812637215572068 0.9758624888919376 -0.21763234457704644 -41.34452983074946 -0.9928660417752526 0.008087821885802997 0.11896054062875909 87.04486195969737
0.11758131640205202 0.21974338507671237 0.9684459090461326 427.4122923461565 -0.018215328495787515 0.9755238662305328 -0.21913782928198552 -41.526740928414156 -0.9928961858326134 0.00812595407678707 0.11870607831695329 87.14156576827091
0.11797706792824066 0.22141737625373953 0.9680164032370355 428.1740061300991 -0.018369111399199486 0.9751440778340491 -0.22080897448152348 -41.70937083217028 -0.992846406645791 0.008268794234258267 0.11911187956057191 87.23779667608136
0.11839669375636101 0.22228385269871748 0.9677665584927904 428.93286359790864 -0.018599958548586353 0.974947147253468 -0.22165762248186296 -41.895921298043 -0.9927921557151597 0.008243111775074165 0.11956498926822215 87.33321334916722
0.11870482492428883 0.2236379541070366 0.9674167819624152 429.69355880130206 -0.019136816753622023 0.9746398379422115 -0.22295956705312026 -42.08406909194199 -0.9927451570187754 0.007953098691442345 0.119974169874068 87.4296764773699
0.11872835635019587 0.22441570781633483 0.967233770855669 430.4222527115143 -0.018960198093170066 0.9744587655248519 -0.22376466472623963 -42.26837832534264 -0.9927457319407872 0.008228266954371656 0.11995085383722252 87.5186462185157
0.11923567420576887 0.22228021516314772 0.9676643839388338 431.32507879303415 -0.01950538388409411 0.9749536512655812 -0.2215511631281646 -42.49347556083327 -0.9926743645306 0.007542137026966532 0.12058491685462314 87.63293796531055
0.11961841671704937 0.2196068496730902 0.9682273833964672 432.31548577248645 -0.020960010404317067 0.9755708276486106 -0.21868296276768553 -42.740112957834945 -0.9925986663027297 0.005864453739529288 0.12129919965267477 87.7614580054801
0.1199919709168109 0.21834028681374987 0.968467576158124 433.15733965358476 -0.022727078386320897 0.9758642885640306 -0.21719201231499727 -42.951914500880775 -0.992514688467391 0.004050859107108836 0.12205811614543663 87.87600861558613
0.12230645156978284 0.22037362485287995 0.9677172094024231 433.9291215496488 -0.024815780229726542 0.9754116039875584 -0.21898945147656265 -43.14538615849329 -0.9921820946560158 0.0027691651482566683 0.12476787554648502 87.97931182373107
0.12450034831618653 0.22355706601819952 0.9667067298320033 434.7129506846125 -0.02688639045367476 0.9746894619734189 -0.22194047563781066 -43.341567935417544 -0.9918552239503112 0.0016404119299091588 0.12735982008144958 88.08204121538097
0.12529880081274594 0.22659419996904176 0.9658961015840581 435.44626122143893 -0.02807781182252968 0.9739886853798752 -0.22485034408521423 -43.52798885139318 -0.991721658026156 0.0010532294958183884 0.12840188359008786 88.18014418186387
0.12499188556615877 0.22851062366443642 0.9654842947532136 436.12841549965964 -0.02881710665115549 0.9735412847857905 -0.22668687915688135 -43.69656770358854 -0.99173918088723 0.0005115565670075178 0.12826977587493602 88.2747265170512
0.1256013444699949 0.22785214529597306 0.9655608226058864 436.798615224201 -0.029343026998223786 0.9736957418021055 -0.2259548387687837 -43.86412987030754 -0.9916467561757627 4.77542527084134e-05 0.12898336592607562 88.36776663401051
0.12816277295427678 0.22748987716129848 0.9653096184218884 437.4991179006156 -0.029919463336184754 0.9737804451472566 -0.22551379195624352 -44.043966802103085 -0.991301734762099 2.0927180105801686e-05 0.13160877713780222 88.47113043678195
0.13122816465905007 0.22812681115794115 0.964747286511411 438.1143373443274 -0.030947429594458398 0.9736314083935173 -0.22601800191832205 -44.20526886775721 -0.9908690253518448 -0.000196521154109674 0.13482780120480514 88.55935120092003
0.13230971845624534 0.2287130545787305 0.9644607182603656 438.77568800814123 -0.030659584761439165 0.9734937924870588 -0.22664912497386425 -44.375357424110156 -0.9907341360144444 0.0004179167730641015 0.13581493688576862 88.65616099896108
0.13252793707364602 0.2285272833166658 0.9644747931775679 439.4448812889875 -0.029640955563029116 0.973536439141068 -0.22660144619538197 -44.54732915565208 -0.9907359686860654 0.0014430677159407116 0.13579454299511703 88.75471220781372
0.13186899807468716 0.2277349282268379 0.9647524914776326 440.11072047402047 -0.028699201976056136 0.9737208889864606 -0.22592916181262032 -44.71996155151977 -0.9908516151032494 0.002105425594264091 0.134939408737222 88.8513207950341
0.13169170967650246 0.22663755024321686 0.9650350845550839 440.7559624323141 -0.028614878901322145 0.9739771269501522 -0.22483270421224064 -44.88117584408841 -0.990877632358277 0.0019942411288303764 0.13474991908857445 88.93585592454306
0.13240871833604004 0.22646794365276401 0.9649767882215099 441.4117524776882 -0.02847767667652256 0.9740159750914806 -0.2246817798525259 -45.05203685525371 -0.9907860279796629 0.002269529528411848 0.13541748777763063 89.02387570703675
0.1331737694224627 0.2287986046421637 0.9643214949650436 442.01100133623527 -0.02890341623863196 0.9734709297309148 -0.22697784362920603 -45.20659043827616 -0.9906711561701753 0.002355309454649115 0.13625385444024488 89.10441174879598
0.13205771227735374 0.23317983775285028 0.9634251003028891 442.609536546617 -0.02865505621733728 0.9724291385602724 -0.23143132508826017 -45.36330988392287 -0.9908277591898887 0.002955290930099005 0.13509854874966387 89.18555118621526
0.13045938908721666 0.23887618307238087 0.962246598829929 443.27571875296644 -0.029482663737078564 0.9710466662091956 -0.23706358763625754 -45.53999256421621 -0.9910151968249326 0.0025575779123995874 0.13372486102914882 89.28199579512564
0.1287765314296923 0.2433151924985687 0.9613606617978124 443.999877986653 -0.02928893675541006 0.9699427877092859 -0.24156395996604543 -45.735882102123625 -0.9912410217180676 0.00295053726031301 0.13203231117116818 89.38237117470429
0.12728443098851672 0.24423067455723813 0.9613272342096899 444.8065076629354 -0.02883005367565525 0.9697120250384381 -0.24254363834351728 -45.955107980250396 -0.9914471754122819 0.0031569132343045275 0.13047042678646548 89.49667907179693
0.12677514689531824 0.24221293930336976 0.9619048571265761 445.6304697376483 -0.030040456663772384 0.9702218376601278 -0.2403479908192227 -46.17382078600338 -0.9914764914475312 0.0015740906669183964 0.13027620329695505 89.61943315073638
0.12742222781214954 0.23962996547122875 0.962466132135387 446.45917076465827 -0.03159696236768805 0.970864284583128 -0.23753772940319628 -46.39573198288033 -0.9913451507061136 -0.0001434194872613783 0.13128126904599466 89.74240812480659
0.12838505233268224 0.2388204760395582 0.9625393802654411 447.172732458677 -0.03304300120032743 0.9710626709020576 -0.23652790374972182 -46.59531761838275 -0.9911737680191165 -0.0014385425964258 0.13256127709851168 89.85354247031066
0.1289216258223423 0.23919044909841042 0.9623757807922175 447.8255166229759 -0.03380444288037511 0.9709706032245018 -0.2367981151010168 -46.780256624203254 -0.9910784399011388 -0.002004179120757753 0.13326480866748067 89.95585370857091
0.129424395288159 0.24035870959727432 0.962017160254968 448.5220882228542 -0.03369474466258418 0.9706827950294459 -0.2379907048940053 -46.97423307558652 -0.9910166447070508 -0.0016131195107062055 0.13372885911061339 90.06101002641641
0.12996724808961624 0.24130360815323923 0.9617073791524351 449.22332783589053 -0.03358811057569199 0.9704488745152778 -0.23895778032946602 -47.16776035275363 -0.9909492183013066 -0.0012452486734072798 0.1342315019053794 90.16206070869963
0.1303178013700329 0.2421991951408794 0.9614347718484059 449.9572081881907 -0.03432797919392628 0.9702249510529495 -0.23976057682355276 -47.36603654338319 -0.9908778231903997 -0.001759041617473152 0.13475179138714896 90.27399709893149
0.13049902226695026 0.24327271646440193 0.9611391109571008 450.69071618150554 -0.03405821563223044 0.9699570585021339 -0.24088034915666368 -47.56604793777297 -0.9908632817575398 -0.0013000330452810716 0.1348638824102376 90.38424467020033
0.13102273503102127 0.24403778516335833 0.9608738743027405 451.38192045591506 -0.03276652211590955 0.9697657032593415 -0.24182811211755773 -47.75381649092595 -0.9908377253281294 0.00020048560409034535 0.13505762426499246 90.48767467464137
0.1302618219164938 0.24486526011612336 0.9607668094492359 452.111779522623 -0.03209460057999694 0.9695567989215814 -0.24275409425702005 -47.953177463479854 -0.9909600367142003 0.0007861635958163549 0.13415508779839186 90.59344419326781
0.12896159270266946 0.24525505574085665 0.960842789035306 452.8446898257475 -0.03175341252037889 0.9694582151907244 -0.24319228974728066 -48.15319048746401 -0.9911410739147604 0.0008524275713488474 0.13281056044733003 90.69955743302347
0.12765049729547476 0.24473957414497052 0.9611492555204744 453.5384383479479 -0.03193335234762002 0.9695888106241192 -0.2426474795260577 -48.34123098600641 -0.9913050042989111 0.0002813535938067364 0.1315838489028735 90.8096397370374
0.12679315942507327 0.2439771566562018 0.9614565209893625 454.30345745619337 -0.031595446325866604 0.9697809335662056 -0.24192285684268722 -48.54866334648393 -0.9914258532510033 0.000296515452650104 0.13067015567492388 90.92548570278353
0.1258746996878655 0.2427853883195384 0.9618787944419122 455.1101938822756 -0.03066109970647829 0.9700796753979918 -0.2408429370866335 -48.762025965083915 -0.9915722146890169 0.0008237707557928021 0.12955255481256464 91.04541138824123
0.12584435325222534 0.2413698423665688 0.9622389505473535 455.91180539183324 -0.03073550153844951 0.9704330442890846 -0.23940558785667243 -48.974196277725035 -0.9915737631158418 0.0005529446238874622 0.12954214199453998 91.16370900015743
0.12483175461595362 0.23983093480949286 0.9627555015412339 456.67943243648693 -0.0321348960821127 0.9708138401169024 -0.23767169854920686 -49.177518742863015 -0.9916573911857345 -0.0012690728420584154 0.12889533723462276 91.27426830254164
0.12403198897783772 0.23949796042549473 0.9629417389760586 457.5184394912552 -0.03337523449725355 0.9708930546589093 -0.23717666440302596 -49.39726604628679 -0.9917167737980728 -0.0027209129204826886 0.12841509724492683 91.39639432146913
0.12328628212484896 0.2397592014822086 0.9629724907516575 458.31277577339523 -0.03285873176927281 0.970829518170567 -0.2375086322541113 -49.60685831100065 -0.9918269992223185 -0.0023604985316299353 0.12756814516302567 91.51265174636427
0.12281322630947039 0.23983105052502293 0.9630150459092152 459.0598034503424 -0.032598043384788646 0.9708121253967921 -0.23761562396030592 -49.80421195416466 -0.9918942882237726 -0.0022100648466498096 0.12704659225036735 91.61900703063976
0.12327620161767522 0.23917971883848307 0.9631178745154026 459.9140389379829 -0.032287376059415826 0.9709734941705915 -0.23699788810313974 -50.02374445556597 -0.9918470161581966 -0.0018803495672582334 0.12742040976071495 91.74127684893557
0.12403673217561223 0.23760980443405297 0.9634087761215436 460.77308079558026 -0.03173644847708495 0.9713597241811137 -0.23548478523431154 -50.24934426529218 -0.9917699768138064 -0.0013664097482130196 0.12802517727050003 91.86050275092845
0.1264068853970896 0.2367410543779687 0.9633145760841674 461.52615103145826 -0.03202655704387404 0.9715720413779593 -0.2345678325273489 -50.44863047102756 -0.991461345170917 -0.001200660098026665 0.1303953965721421 91.97000418740888
0.12800480134123857 0.2362516278383995 0.9632237222874555 462.23065393807 -0.03297000356753257 0.9716902222268938 -0.23394676935876849 -50.64180871879838 -0.9912253778522566 -0.001811179823955732 0.13217023087404398 92.0706824961045
0.1309678434058912 0.2355852893934944 0.9629885749140528 462.8507474377415 -0.03329708868816607 0.9718524897998557 -0.23322530298985975 -50.81448849759274 -0.990827294677788 -0.001519701024336423 0.13512572897229452 92.1628470638441
0.13451919466641127 0.2351331968657553 0.9626094566323327 463.42557234292485 -0.03369598164329554 0.971962498124102 -0.23270900941185638 -50.97173436739714 -0.9903379055087189 -0.0011322420426445785 0.13867065637892448 92.25169346202223
0.1359440322543714 0.23436872858158536 0.9625957194780569 463.9876319648774 -0.03302780390027189 0.9721477443779325 -0.23203001372757914 -51.123102267292076 -0.9901658367485463 -0.00024932698799818247 0.13989836872567585 92.33762318921772
0.13723073031926677 0.23337603890518097 0.9626543258724661 464.52721687518186 -0.0338007208275438 0.9723861901454347 -0.2309168865327572 -51.27134447893819 -0.989962240657481 -0.0008495171403011216 0.14132954536489858 92.42514306316066
0.13817583166636416 0.23272688014257295 0.9626762897269349 465.0995507621097 -0.0346739020903066 0.9725408478394849 -0.23013478615256183 -51.42344956571951 -0.9898005657995664 -0.001580677942660324 0.14245118953557692 92.52359906940295
0.13862801745746112 0.23190064615362763 0.962810657964144 465.6292473804633 -0.0357532785493203 0.9727358457583024 -0.2291433556746785 -51.564060525164166 -0.9896989319226275 -0.0026579485337158886 0.14313965020497726 92.6099079317033
0.13949746227067678 0.2311967708627874 0.9628543561529259 466.1234973471791 -0.03645922715758016 0.972901570268931 -0.22832708845714803 -51.69464339475417 -0.9895510005932562 -0.0032538762832206736 0.14414655567865683 92.68870270466033
0.140919228094088 0.23037982518315542 0.9628431374330658 466.59202557547167 -0.03682889209853539 0.9730948114322541 -0.22744256565211882 -51.823508817397666 -0.9893358397734119 -0.0034094152289021904 0.14561240341274428 92.76310463895834
0.14187024260360012 0.23008435684103645 0.9627741287553623 467.0913337812174 -0.037933067725873675 0.9731611012393829 -0.2269769887179184 -51.95917211792212 -0.9891581858512325 -0.0043196957759505305 0.14679040701593207 92.84328201317167
0.1423944668201418 0.2289252461125781 0.962973025329011 467.63662906118407 -0.03870561681328936 0.9734304575402757 -0.22568788084438832 -52.10452831998239 -0.9890529263118896 -0.005135759459314352 0.14747180384285466 92.93110355778195
0.14316101271816528 0.2280213346785044 0.9630738265413238 468.23082747346643 -0.03899630080068651 0.9736412485522151 -0.22472651744185515 -52.262783815373496 -0.988930843366397 -0.0053842408114712645 0.14827945572300996 93.0259706988479
0.1439603119807721 0.2275788264730979 0.9630593472447748 468.85301306259197 -0.03910569552125778 0.9737448164785811 -0.22425828180669677 -52.424146278263095 -0.9888104839412857 -0.005376813389091497 0.1490802358650573 93.12618292507725
0.14310629512689013 0.22793657602515774 0.9631020224280441 469.44829244922335 -0.03982932150623362 0.9736560502389818 -0.22451619313844065 -52.575659777660036 -0.9889055634606425 -0.006230019498554873 0.14841486924711694 93.22169100434145
0.14246881581908083 0.22926410134088704 0.962881409289571 469.93999357244365 -0.039794511742464116 0.9733448991849716 -0.22586744799943137 -52.70535685640988 -0.9889990057397886 -0.00613832770001747 0.14779474814335988 93.30311216484327
0.14047922679130462 0.2313015327883427 0.9626864431214799 470.4347956667515 -0.0394251894141526 0.9728640639670846 -0.2279937882511402 -52.83394697838886 -0.9892983580698888 -0.005925704279760634 0.14578629822110556 93.3803243062815
0.13892471265797163 0.23338485167151174 0.9624091828443725 471.00194404501303 -0.03832138846616903 0.9723721464903677 -0.23026914668652232 -52.97869831254081 -0.9895612135683813 -0.004890781121766113 0.14403015261081165 93.46607651076457
0.13852886206920273 0.2347126644993954 0.962143294679858 471.55141616350784 -0.038481898171016125 0.9720522254277866 -0.23158932305709243 -53.120510362723714 -0.9896104778583186 -0.00494329490132032 0.14368947751506 93.55468823803716
0.1380822094118208 0.23527669443856847 0.9620697378558464 472.1026093427893 -0.03976220560169275 0.971908514402657 -0.23197587511917797 -53.263430259513036 -0.9896222867587621 -0.006222273353094131 0.1435583953124313 93.64401018608332
0.13754627444413559 0.23516843954814964 0.9621729716776672 472.631691005084 -0.03991232610136021 0.9719328113717387 -0.2318482615940999 -53.40700219952763 -0.9896908752796095 -0.006512696792896113 0.14307185666219016 93.7262076334832
0.13789746912562625 0.23387389541432518 0.9624382001211729 473.1766107461951 -0.04043900603764344 0.9722407224164742 -0.2304618503479036 -53.55630686513239 -0.989620621652276 -0.007139938292574095 0.14352716287080833 93.81408776745604
0.13704851721377387 0.23278528778094526 0.9628233034790208 473.7576752434602 -0.040934656031016724 0.9724953477534184 -0.2292970835697203 -53.71443158967571 -0.9897181709280327 -0.007988015441888024 0.1428080310912926 93.90775699482514
0.1356437039631096 0.23208657806038965 0.963190846021386 474.2756682632864 -0.03972404861355814 0.9726682630835407 -0.22877598202563845 -53.85495900700009 -0.9899610020283216 -0.0072298184117323815 0.14115574444144005 93.98609307638513
0.1338931665022815 0.23134924347851274 0.9636130693934775 474.82483302603106 -0.03790964560969121 0.9728524950166085 -0.22829998184342207 -54.00002504313552 -0.990270406875689 -0.005962422484144402 0.1390286689297583 94.06917648113816
0.13262229343903034 0.23080421227005662 0.9639194690851394 475.3999137318075 -0.03685149156647287 0.9729857971806056 -0.2279048179704568 -54.15058137438568 -0.9904813450299307 -0.005296610540703345 0.1375450873876705 94.15597275616763
0.13215975464107405 0.23001036994945268 0.9641727173950388 476.011983313082 -0.03581523595514409 0.973177779262254 -0.22724937584878943 -54.312354075561245 -0.9905811769495173 -0.004498851620502593 0.13685281220131337 94.24689064933239
0.13023834981927845 0.2292707690752715 0.9646102252640657 476.55486463614517 -0.03490432099412769 0.9733538270506343 -0.22663630720125663 -54.45372238742524 -0.9908681348253625 -0.004152326277808096 0.1347705367437267 94.32440102778435
0.1283934436900052 0.22816618902694139 0.9651193261987608 477.0499169499746 -0.032856437442863005 0.973618405516426 -0.22580446177658925 -54.58202072016901 -0.9911788830155671 -0.002718570318083272 0.13250294804056498 94.39133055089052
0.1265578024861776 0.22722451528927137 0.9655838349317117 477.546280119664 -0.03147131710568074 0.9738405320523795 -0.22504260559185438 -54.7067110268064 -0.9914598725261176 -0.0019072974317865619 0.13039817248337138 94.45667269244248
0.12397427357114264 0.22633253957174754 0.9661283356902004 478.0100260320797 -0.03037926317134284 0.9740488680094858 -0.22428977484184245 -54.819544646690886 -0.9918202860708565 -0.001544105061771543 0.12763281661815726 94.51359072010644
0.12246920401121206 0.22515228587249908 0.9665959560412274 478.592542574273 -0.028697620230821626 0.9743235070280412 -0.22331625611599587 -54.963649763814814 -0.9920573273062145 -0.0003896395338291659 0.12578595914920612 94.5880576754071
0.12087980262101593 0.22440776912614532 0.9669690928225869 479.08714120825204 -0.027286803237386095 0.9744951831148245 -0.22274327925907778 -55.09217855633782 -0.992292045562893 0.0005396682595114432 0.12392015603113567 94.64843751685672
0.11919489952467105 0.2243744319573716 0.9671859646475004 479.5423647372026 -0.025939075501556233 0.9745018885817531 -0.22287492795897756 -55.20822326172942 -0.9925319845170884 0.0014776448836015686 0.12197572002726434 94.70454637175943
0.11804565077495498 0.22478845399941838 0.9672307766410632 479.9584133844049 -0.024868634256948987 0.9744048275542885 -0.2234206415465897 -55.31301256953838 -0.9926967187229506 0.002320126601573753 0.12061443383459935 94.75656060335399
0.11624260057999283 0.22558001361187885 0.9672648630386975 480.37974918777826 -0.024283272294417336 0.9742212200215554 -0.22428405459681147 -55.417331492439175 -0.9929239550424175 0.002583005724967428 0.11872382905023368 94.8071586328225
0.11426533461200339 0.22577003800313836 0.9674561092091333 480.8367236699292 -0.024275134199026594 0.974178220955344 -0.22447162777486815 -55.53170950504727 -0.9931536392550893 0.0021641987758764954 0.11679539835983313 94.86237616742645
0.11321780630230112 0.2251706722739796 0.9677189140880657 481.2746556700847 -0.023958669084150806 0.9743169315647295 -0.2239028785924946 -55.63669103916985 -0.9932812846881858 0.002164535509902917 0.11570481525941502 94.91346013478494
0.11309859513086043 0.22415774144831005 0.9679679822846542 481.6740353357856 -0.023991303339833646 0.9745508548839407 -0.22287899992829205 -55.73978269509387 -0.9932940778759752 0.0019844882898230613 0.11559816894201018 94.96019302437202
0.11393908096880467 0.22342211686347022 0.9680394844861631 482.1312344432014 -0.025662889338864063 0.9747216830097016 -0.2219438144700478 -55.86040746197805 -0.9931562323918467 0.0004453840814086725 0.11679254982341299 95.01763534820337
0.11627193787780087 0.22250202782478792 0.9679740100209325 482.49931717063816 -0.0272712396077246 0.9749319598250873 -0.22082561717760815 -55.95512675610427 -0.9928429462671331 -0.0007220287190290223 0.11942513438187863 95.0640486481469
0.11905682798904098 0.22151863205246944 0.9678610268849536 482.8525665455656 -0.02842568776725532 0.9751551958363761 -0.21969142975609296 -56.0438115797697 -0.9924804542076124 -0.0013563505891892064 0.12239570388266305 95.10886058168177
0.12158771974263628 0.22071697152624029 0.9677295308546066 483.16527926549946 -0.029274600879723604 0.9753363659037766 -0.2187737897668409 -56.126796289142725 -0.9921488921281527 -0.0017296895380857435 0.12505032596112078 95.14904781016276
0.12586775035292364 0.220345020516353 0.9672669648834017 483.45800175121224 -0.030960335971866794 0.9754188290490687 -0.21817324660244466 -56.207641435466606 -0.9915637987631482 -0.002485934470234693 0.12959572952920248 95.18932078636803
0.13088031698926175 0.2201237188101739 0.9666518975525656 483.7543785974461 -0.03321966994164312 0.9754652151926734 -0.21763287315586838 -56.28327514122401 -0.9908414586369308 -0.003627997559235447 0.13498163386161557 95.23296490538118
0.1375912179566304 0.21991816113015927 0.9657663584668637 484.05269860749326 -0.035738720237893734 0.9755072337075213 -0.217044651765612 -56.35856731913718 -0.9898441294552244 -0.0046518157130134175 0.14208082204718292 95.27937577895128
0.14677004768924956 0.21992260422615342 0.9644130864166497 484.34639704938627 -0.03776588866049293 0.9755064015461146 -0.21670486426527805 -56.43343319955598 -0.9884494376319817 -0.004616133981626383 0.151480693661221 95.32965479563126
0.15879986223651815 0.22009207790195093 0.962466664876488 484.66736432948795 -0.03972487290730427 0.9754714965222359 -0.21651164852073437 -56.51962062969208 -0.9865112965527374 -0.003851845982041496 0.16364786908593976 95.39018900251129
0.1735117695080076 0.2201419110546827 0.9599120818280171 485.0331599555279 -0.04195208863890057 0.9754639234416056 -0.21612532550060276 -56.61328717585895 -0.9839378476819741 -0.002770029079296911 0.1784898844132786 95.46878901292746
0.1905520034677132 0.22003785840558124 0.9566991558701888 485.3603439380403 -0.04622771699048729 0.9754859904734202 -0.21515129693296386 -56.70137736952381 -0.9805880542594275 -0.0032285071433521112 0.19605265768496183 95.54949090746989
0.2083598952139349 0.21991496027404112 0.9530076412674302 485.7085656297842 -0.0501792880741509 0.9755137863747133 -0.2141375530850207 -56.79051991866069 -0.9767641440566966 -0.0032035668458621647 0.2142931264521896 95.64213985143007
0.22918615917273785 0.22011254234378047 0.9481688526557979 486.0408905629904 -0.053926203001014014 0.9754719596888705 -0.21341607364640316 -56.877419635675835 -0.9718876833634347 -0.0022191358028098573 0.23543450546329484 95.73576258847514
0.2502864582702097 0.22108079776848474 0.9425921544679922 486.3531721750989 -0.058018418584978575 0.9752546385761418 -0.21333600971382205 -56.95612994955492 -0.9664318661506639 -0.0012925918800692421 0.2569197876668477 95.83571815720558
0.2764760166185262 0.2231408850084126 0.9347562022647519 486.67309871732664 -0.06432367473398265 0.9747856373642145 -0.21367130377558427 -57.03614755662005 -0.9588657242301822 -0.0010519629764902416 0.2838580917825422 95.95225892680345
0.3011639379078365 0.22511464443316087 0.9266194900635232 486.98023364260956 -0.06980922082326226 0.9743322548688361 -0.21401712503969852 -57.115286031264056 -0.9510136461649207 -0.0002323444443137553 0.30914881663070387 96.07873118053331
0.3235829101988083 0.22530979691448164 0.9189829136831829 487.252081732387 -0.07475743646040049 0.9742871700470543 -0.2125460796523214 -57.18662456957023 -0.9432419763354165 7.547222738156071e-05 0.33210626067992577 96.19973846697106
0.34043799677151093 0.22627171125180237 0.9126352409596012 487.5250067901276 -0.07965327178587463 0.9740640433901403 -0.2117890357602499 -57.26328277092732 -0.936887040495283 -0.0005933478171329727 0.34963169377269077 96.32626410339991
0.3484459343629984 0.22777825246350006 0.9092318178168752 487.8691736273263 -0.081336493444933 0.9737130144759535 -0.21276122831529848 -57.34911343881421 -0.9337932349615645 0.00018205720675659262 0.35781302546887966 96.46743847930576
0.3470744399826655 0.22853739424433023 0.9095658263934167 488.23630527062124 -0.08100983194386455 0.9735350141424413 -0.2136983466644137 -57.44358351192032 -0.9343322429624005 0.0004854592557599265 0.3564028957376246 96.61147555433685
0.33985216008954555 0.22942532471806876 0.912066077463956 488.5852951444621 -0.07929952104317449 0.9733259043949946 -0.21528648307775744 -57.53681681074 -0.9371297110031231 0.0008391732094386421 0.3489802294450656 96.74408281372297
0.3265356846711719 0.2301860141346467 0.9167272470768727 488.9860507311453 -0.07579700916887662 0.9731455097261156 -0.21735369861346449 -57.6423679069329 -0.9421407856776962 0.0014885552405143959 0.3352141467270032 96.88026985368187
0.30867908513252645 0.23074727018286906 0.9227529028428515 489.4852178505198 -0.07164953970484364 0.9730124148471129 -0.21934717689880312 -57.77014980138863 -0.9484637925940215 0.001593065141526337 0.3168815177343474 97.04378912502384
0.28734515143224215 0.23095119466312433 0.9295667322102624 489.9390917703058 -0.06676035175258672 0.972964221591184 -0.22109653759688971 -57.885860001392736 -0.9554976815158983 0.001472816057062951 0.29499493458466136 97.17446772822245
0.26455147491232184 0.23078341227662796 0.9363501127995227 490.3881862256354 -0.060787732303312705 0.9730031289217939 -0.2226426794435871 -58.00154166428923 -0.9624538268006106 0.00198184922619817 0.2714382131360801 97.2890728160548
0.2387802247602353 0.23098079222734474 0.9432029886962234 490.93678073264954 -0.05406337332734986 0.9729547488610217 -0.22458007109548847 -58.1458131747563 -0.9695675097320061 0.0026325445514942467 0.24480995441620573 97.41890746740471
0.21464451288452382 0.23118759217293938 0.948936262513902 491.41755423177545 -0.04727206327970628 0.9729020689469843 -0.22633363928492412 -58.2717803554209 -0.9755475821926114 0.003723098703728878 0.2197568051601517 97.52109407951913
0.1913508261283981 0.23033144151273774 0.9541133519612086 491.8901463008988 -0.04020124873366784 0.973099124524254 -0.22685227230597857 -58.39478869796175 -0.9806980783810268 0.005051821532547174 0.19546293295397352 97.6100739852536
0.1693261646778248 0.2304411676311591 0.95824084562092 492.4190743392272 -0.03422213235578788 0.9730689351546177 -0.2279598497413159 -58.531987495896146 -0.9849657332174185 0.005806522009668981 0.17265221889576104 97.69298227193543
0.1473037692864099 0.23080265295158053 0.9617857011541282 492.9390100150877 -0.027773182934961744 0.9729750045642118 -0.22923413969767895 -58.67025767527318 -0.9887012945595262 0.007055202604211449 0.14973300989606786 97.75890037202983
0.12831725691402524 0.2308985723638472 0.9644794092454264 493.4740910714547 -0.021840964666158414 0.9729411306003054 -0.23001853979332368 -58.81356518233463 -0.9914926393274521 0.00845018736708209 0.12988818457792572 97.81717202250883
0.11008896939811216 0.2315508415951491 0.9665736529481078 493.9774322291435 -0.015894646202982123 0.9727704558547303 -0.23122499959620219 -58.94405113462354 -0.9937946362498385 0.010091975661890532 0.11077171565113572 97.8620902007376
0.09376850288059206 0.23217075758017314 0.9681447243011709 494.4441868088907 -0.010384486975286576 0.9726044006619091 -0.23223445533199846 -59.068380589292836 -0.9955398687635758 0.011722590914073235 0.09361063275327557 97.89519630919492
0.07905176289723943 0.23162980854330592 0.9695867421623707 494.9577522098622 -0.004991321077517583 0.9727103549145781 -0.23196907586111168 -59.2085663201753 -0.9968580167189032 0.013498045641827628 0.07805060708995955 97.9264367170971
0.06744949041236634 0.23033353469340373 0.9707713577556583 495.48120664602476 0.0001345610462403305 0.9729850421473865 -0.2308681217725287 -59.354579020177674 -0.9977226809772555 0.015702565175576864 0.06559635135028258 97.95568495089582
0.05792531793583337 0.22949016302990577 0.97158577728091 496.00650566125154 0.004796703894862299 0.9731446796908394 -0.23014435474536632 -59.49382063791356 -0.9983093955151296 0.017991594201838625 0.055268918609817634 97.979328742499
0.05224059047569747 0.2294601518744234 0.9719150988684799 496.4444316181769 0.0078323027327761 0.973119958505804 -0.230165595586236 -59.611772857249086 -0.9986038132015411 0.019636319905509403 0.04903915986143934 97.99210556229103
0.05127305880111728 0.2302806067977023 0.9717725637072027 496.794481119528 0.009230694734652675 0.9729016063201097 -0.2310351892990938 -59.70984933631092 -0.9986420117919627 0.0208160167331516 0.04775799128389146 98.00937827679076
0.05338839051495111 0.23005971012567789 0.9717109701630016 497.22045474113264 0.011464725991532667 0.9728934262135931 -0.23096956788355635 -59.82087163312958 -0.9985080068863581 0.023471493503121898 0.04930364262983695 98.03565597070154
0.05884140069553985 0.22988763603356963 0.9714367526314278 497.66037843004915 0.011953536340846383 0.9728908164555673 -0.2309557798050742 -59.939805637469256 -0.9981957736502096 0.025201866107874695 0.05449828815243358 98.06496318240285
0.06774939931627606 0.2298556530452229 0.9708637379444387 498.10463881051857 0.011053542995791062 0.9728669118558431 -0.23110125703534717 -60.05562996688631 -0.9976411369222549 0.02638845541580425 0.063370429549152 98.1017343496046
0.07946382998902775 0.2300126628672174 0.9699379746376653 498.5856830459296 0.008550633215933162 0.9728218152174444 -0.23139706676759117 -60.18802894718546 -0.9968010766422188 0.02668128103691121 0.07533739341885781 98.14963654945058
0.09196261003605168 0.23012634557860087 0.9688058337076656 498.95518983045747 0.006782270371200072 0.9727613313845036 -0.2317097170419524 -60.295670778336714 -0.9957393630684559 0.027879333451294116 0.08789689188101234 98.1945286999463
0.10547584640157022 0.22976784592600785 0.9675130918000047 499.3129800997276 0.004740428709483301 0.9728130525196178 -0.23154328576556737 -60.393376538761906 -0.9944105661956372 0.029008650881893448 0.10151908201165716 98.24253356640361
0.11913182231582156 0.2296217194843747 0.9659614251370291 499.7107956047005 0.002959650821669762 0.9728034630306327 -0.2316131748899959 -60.50117036761305 -0.9928740350007801 0.030451408122606282 0.11521224919523511 98.29804465933486
0.1343338846542952 0.2301062666217752 0.9638493209496415 500.0567957219537 0.0016451771894963646 0.9726123078731392 -0.23242760585976616 -60.5927782349862 -0.9909347611350139 0.03280860611297759 0.1302762239981708 98.34876573992543
0.15043505058992723 0.2328573828174741 0.9608052533273389 500.34861098265975 -0.0017099720926727693 0.9719250151223389 -0.23528459570249197 -60.66978450225867 -0.9886184155423432 0.033752099887851696 0.1466097684457345 98.40593491688216
0.16549818099240524 0.23731948210007278 0.9572302834239874 500.66530989253533 -0.004824781900670188 0.9707981902203962 -0.2398491095343392 -60.75410222300732 -0.9861982932290141 0.03507616399434373 0.1618103493341064 98.47283414150161
0.18139312820471298 0.23981870097315125 0.9537208835417563 500.99726495669375 -0.008426739996414967 0.9701528199543911 -0.24234788216028894 -60.83620235632819 -0.9833745589006999 0.035923482544084305 0.1779999446875283 98.55631277677128
0.19672084159765563 0.23880339636288447 0.9509331461079013 501.3918890004476 -0.012675185184600753 0.9704235175801117 -0.24107578934430685 -60.93987254666242 -0.9803776059058323 0.0353713784435384 0.1939294083561269 98.65457284687453
0.2115081647054717 0.23601060794883139 0.9484531033206417 501.74587988633107 -0.015761958250262727 0.9711048338302486 -0.23813223717851398 -61.03925363498029 -0.9772491273646887 0.03541743422596339 0.20911659048915532 98.74434497622805
0.22440249710931623 0.23442246620029253 0.945880344775007 502.0638702505232 -0.01839932366333571 0.9714810823812523 -0.23640213929675918 -61.12843726366577 -0.9743228336541441 0.03564567176987413 0.22231599561038964 98.82728745176165
0.23671746120764875 0.2344099563154969 0.9428768827050448 502.3561941450021 -0.021923846877597852 0.9715003867175822 -0.23602191327433644 -61.20533908167385 -0.9713311425551531 0.03519901969882046 0.23511027309487903 98.90564131721722
0.2486849982213641 0.2348170630413654 0.9396896926987539 502.6018116602986 -0.025453453538015577 0.9714173883183813 -0.23600927815593686 -61.27248522675778 -0.9682499126582118 0.03477361898517458 0.24755383669021402 98.97852769512772
0.2597666721658057 0.23555227794527958 0.9365022159005837 502.80507922355287 -0.02949642968266263 0.9712768049155203 -0.2361171930823277 -61.33380937252988 -0.9652208227488077 0.033711905729157825 0.25925329456774354 99.04570253285597
0.2713024644935137 0.23602835281929294 0.9331053474421679 503.0907985774022 -0.03322768486821585 0.9711849168952311 -0.23599952998577256 -61.41795626207631 -0.9619204196387828 0.033022323670795425 0.27132753716004626 99.14306389988587
0.28133192637161103 0.23559166004068802 0.9302413218747717 503.2982940057674 -0.03692849486741194 0.9713345762180203 -0.23483063537407126 -61.48880981697402 -0.9588996993799055 0.03171294314054972 0.281967472887384 99.21483722172417
0.29022375449112636 0.23520351915640764 0.9276041595990863 503.55001650975953 -0.03942621349430257 0.9714408809014997 -0.23398330838507175 -61.5724982043276 -0.9561462994848557 0.03133559461321376 0.29120840388227043 99.30279503971192
0.3004894679227602 0.23601261536003929 0.9241234360508459 503.7965717732907 -0.04206630996561365 0.9712376765149876 -0.23436680926199605 -61.648064316940136 -0.9528570224505777 0.03155029490648927 0.3017748724760553 99.39012778884813
0.31160873201711775 0.23763171356855384 0.9200169383425333 504.10461151216094 -0.045870391587135545 0.9708574190930523 -0.23522707957976383 -61.737117920441825 -0.9491026842793856 0.031097274775370193 0.31342790908790713 99.50437350184708
0.3207044691971977 0.23879514222427772 0.9165836151094141 504.3800386749777 -0.048849025774022926 0.97058016840933 -0.23577088321387302 -61.82484905027621 -0.945918821103524 0.03083855931473263 0.32293430778026416 99.61068760262926
0.32737313526737283 0.239183913211095 0.9141213737607549 504.59874085570345 -0.05117861752502805 0.9704999006399864 -0.23560707112904739 -61.90109094267777 -0.9435081236605468 0.030347957407524166 0.3299566972615543 99.69704785352454
0.33373478996944117 0.2383691143714616 0.9120313894147668 504.85112388148735 -0.052427219432372336 0.9706971085647194 -0.23451761146380448 -61.974123509470765 -0.9412079879743113 0.030451416023948293 0.3364524255158413 99.79627643200102
0.34020990255422495 0.23734648276481102 0.9099032197564918 505.0940193868505 -0.05324392009463141 0.9709320896070857 -0.23335801324184252 -62.04710617625299 -0.9388409381663169 0.030943892618692202 0.34295796875506596 99.89257748511034
0.34625692783068907 0.23660315392824668 0.9078133549802362 505.3281312836286 -0.05455844731843911 0.9711147747673369 -0.23229177784586183 -62.11612132611411 -0.9365519290223385 0.030903750254572267 0.34916391919089823 99.98514175195321
0.3532387586550147 0.23616300271414972 0.9052344533505748 505.5478246554313 -0.056990894857150746 0.9712483982535741 -0.23114624546648788 -62.18220446932704 -0.9337957042561585 0.03005969126437645 0.3565417194015926 100.07894025056373
