0.6846780910691338 0.7178575253191176 -0.12608126328935376 -0.2993548120971308 -0.6043940558073714 0.46252919032806605 -0.6486713909208419 0.37624875216414316 -0.40733737480698096 0.5203338557476114 0.7505524243170366 0.12908441856026884
0.8563414917937029 -0.16272504082775757 0.4901018368871313 -7.48636775807101 0.4622325011414021 -0.18164263464091646 -0.867955683297984 -2.6094073873024746 0.2302615128958799 0.9698074625245525 -0.08033132210158962 -3.404311197819245
-0.4631617572301292 -0.08043748376466985 -0.8826159968214419 -9.89587228689531 0.12355454901195523 0.9802878329401216 -0.1541753482500127 -1.5803818275677246 0.8776191999141492 -0.18045934665505375 -0.44409341826566184 -23.59435765874988
0.9326145075102682 0.2527245886533552 0.2576052458149341 -6.784681214606699 0.01973717607456295 0.6770473165830453 -0.7356747752834125 -15.683387669082961 -0.36033404538286684 0.6911853683330472 0.6264360800116228 -23.347584017412963
-0.3050844204334094 0.40495747991731446 0.8619355752420416 -17.74024543484811 0.08943589183585049 0.913268570634309 -0.3974188459837964 -29.242856492394097 -0.9481164051214056 -0.044158321419462306 -0.31484174594401976 -35.64282108474048
-0.28199078033007746 -0.9592393496200992 -0.0184680791974704 -19.311836817013898 0.2815490510152433 -0.10113900211808845 0.9542017785159351 -45.352544212465084 -0.9171757365310373 0.26387643394393406 0.2985931947111029 -11.858810128921142
-0.9385589731301011 0.3434695306620592 -0.033700674529685115 -8.307398677088996 0.3123339752281555 0.886880596824178 0.3404266365826392 -52.91758462533974 0.1468146514321668 0.308984608813409 -0.9396669461257413 -5.011653381541647
-0.11656299601839072 -0.3352122613426595 -0.9349041703857984 -2.519565351386853 0.2583192789680535 -0.9191565844869002 0.2973589132812418 -72.62683032357833 -0.9590016778257704 -0.20684272537345105 0.19373143494911058 -6.798767187141569
-0.5588510401628429 0.12800007511020928 0.8193299064971875 7.239162326415596 -0.6628977410433358 0.524674838946923 -0.5341188054128623 -67.64290049838034 -0.4982490339464308 -0.8416247941617464 -0.2083641188488249 13.31714053848377
-0.12184085665238176 0.6881868250991362 -0.7152298227913774 13.75958947605335 0.9345768086467803 -0.16312133823014222 -0.3161607466995338 -66.66352046858057 -0.33424690632796167 -0.7069585014510955 -0.6232886031656671 43.81981338137846
-0.9681653067838999 0.24769717841095062 0.036083882098396275 3.781300955671828 -0.21187398884888173 -0.7341743519034583 -0.6450561478324199 -68.61232899121684 -0.13328672698097657 -0.6321662192923553 0.763282725860024 61.32381532295928
0.06906712901116523 0.9868746077428745 0.14597342320608758 8.699586892024548 -0.9137332438707373 0.003851007925074627 0.4062963558579144 -57.37933007397511 0.4004014120050219 -0.1614424923318191 0.9020061146877419 64.65303441995653
-0.2900103906543166 -0.8853788193578238 -0.3633157298343654 11.995393261978618 -0.47794706985404867 -0.19490774843995087 0.8564914290382586 -40.75571449482322 -0.8291324211068221 0.42203710243367915 -0.3666389401562858 51.62181714129813
0.05322651004704123 -0.9727736443868231 -0.22556235371752964 22.386406093799465 -0.4242022303927965 -0.22651458818372328 0.8767802513000255 -31.912416821230615 -0.9040018840455974 0.04901610068475658 -0.4247093306199819 68.86131452077555
-0.5463063153915759 0.8367276108303798 0.037898747174090745 42.91600371310656 -0.25172046936662085 -0.20716978756532442 0.9453663228727726 -22.15581661452949 0.7988655800978843 0.5069197021168383 0.32379963023550196 81.5551189287643
-0.61462951543644 -0.4707216221118568 0.6329705468904148 33.83441252892734 -0.2097396587173911 -0.6760231045363146 -0.7064007628069183 -17.119217098315783 0.7604208271184323 -0.5669337850309034 0.3167747607923556 64.15202341538827
-0.6953811042922704 -0.40468140520381435 -0.5938670558934303 40.99046449599551 0.665334139286357 -0.6748720882689283 -0.31918356407499976 -12.495662345936706 -0.2716166469370873 -0.6170742457417937 0.7385416524129509 53.61840629275272
0.4173742896831244 -0.6306204397118441 -0.6543061694108876 52.49382660756596 0.06215323234653249 -0.6985229184151295 0.7128833762668961 -21.80621428156614 -0.9066066831986109 -0.33820643616946755 -0.2523504081890154 55.96409476937886
0.33304893726814067 -0.2799725128848577 -0.90038536050599 52.558926654179906 0.009949363710752597 -0.9538044735376624 0.3002632785095347 -22.311512745612117 -0.9428570493697941 -0.10896062723975909 -0.31487801791361236 55.997092219274066
-0.244836383959559 -0.7027763423997399 0.6679525115252222 58.58506259692694 -0.968172773158755 0.2141097798142744 -0.12960896381797476 -7.331555937085939 -0.05192905163484 -0.6784264254516681 -0.7328307845916269 60.79659012569979
-0.4606461805574625 -0.8408525008489279 -0.2842044478081342 71.8954284031015 0.06431000964435038 0.28773959593133613 -0.9555470410151535 -12.271394713843987 0.8852509920905856 -0.45844628556612405 -0.0784709134218465 77.45221803648428
-0.4060771865315086 -0.6065459486724709 -0.6835227360722302 66.28534311713537 -0.3910038811269512 -0.5607217594014258 0.7298678465841819 -9.632270611312418 -0.825964456573233 0.5636427243234701 -0.009465505528036844 96.44320261394616
-0.845157655994301 -0.3279062940354896 -0.4221208344137145 70.31855036261074 -0.14783108729186323 0.9023133936598167 -0.40494013045413313 -9.495285687724737 0.5136677001178145 -0.2798356695527142 -0.8110718167349051 87.01531676577082
0.3379740202432843 0.8770720891184632 0.34134749468828357 96.05767718723405 0.698059685814478 -0.4768739814683355 0.5341384472579467 -21.113281986919702 0.631257662671262 0.05775600650938912 -0.7734196836329571 80.97789757779252
0.6848559475182765 0.6532792879663581 -0.3227979291492018 81.25264277316698 -0.502159284594346 0.744129041247134 0.4405769204898464 -26.28082163466869 0.5280230904463736 -0.13963574716665894 0.837671459504662 72.5068542966598
0.5047789018711557 0.8604387417951905 0.06959476879522249 81.13777024001546 -0.5647384635857916 0.26817788808696347 0.7804813182184285 -26.109420618974816 0.6528925853251134 -0.4332733455442727 0.6212933929057701 72.64898329751144
0.34102015959590687 0.8956600033404555 0.28547926223345627 80.86309539840666 -0.4271266844563925 -0.12289680943372427 0.8958008537930182 -26.03134227432875 0.837417486188623 -0.4274219608854777 0.34064999806009333 72.49761882644246
0.25791045442155075 0.9322280556853785 0.253836659474411 80.59428562549596 -0.14150169985645134 -0.2234462831108162 0.9643904953397743 -26.086703857157723 0.9557507344688804 -0.28464470969441774 0.07428272211743812 72.26367534836982
-0.33003066290720523 0.9245716940609504 -0.19038630224439748 80.59106459633549 -0.11729731774892733 0.15995692430326106 0.9801301554468914 -26.20556417794559 0.9366542055582402 0.34580480752688436 0.05565909001552797 72.15894992824501
-0.3694138038667571 0.836695298189949 -0.40431969961841546 80.80825946774446 0.17530961152084767 0.4900325022539432 0.8538938381573837 -26.48865225270868 0.912578753654227 0.24455904138177403 -0.32770549836297463 71.878099901864
0.7194798116391562 0.5984110511875086 0.35249541055217476 72.98418123152 0.07980335504083012 0.4329487864919782 -0.8978790412964048 -33.14276333851056 -0.6899132011839694 0.6741361599052419 0.26374270177637704 66.5427067253226
0.48933942819381593 0.8076423947112786 -0.3290299169984107 50.955221470944394 0.8323182902886032 -0.5451491343211365 -0.10029299576726265 -40.014007450090844 -0.26037124969167924 -0.22478030076932043 -0.9389785027997436 64.9847882123192
-0.06034014404747477 -0.5902147030780509 0.8049879944985631 39.422402521022825 -0.8553619808300083 -0.38510960343360084 -0.34647723603980013 -46.883689152712854 0.514504566322686 -0.7094626118504795 -0.48160964859458694 71.49730728158988
0.04533509168418751 -0.23061003552954473 0.9719895786350025 38.98831128424957 -0.9559033416038579 -0.2926288175384349 -0.02484304040644656 -46.67629157945645 0.2901612154864352 -0.9280018247067843 -0.23370725784261595 71.86723503433684
0.042329373697718234 -0.32355648982399665 0.945261562751355 38.52846224564258 -0.9949525614295253 0.07250436703806436 0.06937230906663755 -46.618144187021805 -0.09098145210528473 -0.9434268994750918 -0.3188542938704603 71.99051206820027
0.03675689264518396 -0.7291059004674274 0.6834131376749013 38.06523289221434 -0.9640424428209549 0.1542426359956884 0.21640558606678506 -46.290496337205816 -0.26319403352446524 -0.6667936675949203 -0.6972195533491865 72.06332430064876
-0.058090212863442424 -0.8819162248440716 0.4678133169612238 37.810766576530455 -0.8682633378891886 0.2759001118979195 0.4123080211834855 -46.48202535261795 -0.4926908800120069 -0.38223409137791187 -0.7817626213509431 72.53029563040987
0.18455121856489462 -0.8821756088691869 0.4332517084126654 37.107460332560926 -0.8218477113366316 0.10323085665767127 0.560276476040593 -46.6176497814745 -0.538987186394031 -0.4594666313781712 -0.7059626247564692 73.04465225028777
0.4084323742802816 -0.7305199703469735 0.5472874642854804 36.970009052400734 -0.7217338402776659 0.10861310451103738 0.6835959752123537 -46.874849061631416 -0.5588231020974577 -0.6741986105390114 -0.4828798754446521 73.64477489056483
0.5680979532129431 -0.5773025679660819 0.5865035895670495 36.712126730493 -0.6453583588118567 0.12971509689503163 0.7527858808115234 -47.02128793826759 -0.5106635920710741 -0.8061611120968823 -0.2988761567535748 73.89122622803714
0.8554012094070407 -0.2977847600176556 0.4238077484499323 36.06650968458712 -0.49828498906080604 -0.24969043109661526 0.8302811320844646 -47.404969097501606 -0.14142432825240972 -0.9214005238331566 -0.36196717262528233 73.98735027278458
0.9037683073405957 0.4084054552662991 0.12809305506327665 35.68824568697016 0.2594674263306501 -0.7607670980531032 0.5949034183741175 -47.76872905160963 0.3404107832018043 -0.5044188801270109 -0.7935251048652135 74.08641696433983
0.6577726548210959 0.7346852073343948 0.16605053656530694 35.50418816386422 0.645649283368162 -0.6634985080172606 0.37803006857265886 -48.13495413537503 0.38790738257448576 -0.14144743187094896 -0.9107801527049906 74.51220572982875
0.08165452285903312 0.9723176909870085 -0.2189311460033892 35.16755192649819 0.7524357439294024 0.08391053602308117 0.653298915659384 -48.10361397710926 0.6535847230115398 -0.21807643095486698 -0.7247549103717179 74.67833645958092
-0.1320088903040665 0.5463460166463716 -0.8270910971442826 35.10220555950713 0.4622933970184622 0.7720266878429145 0.4361875838804108 -48.58145553906293 0.8768457492363294 -0.32477811403009216 -0.35448654233022375 75.0794039538218
-0.0855505276881166 0.09082704164580191 -0.9921852426428035 36.01089393959289 0.3951062544166882 0.9172790314807214 0.049902165550270466 -49.01357833129094 0.9146431844895042 -0.38774943831250547 -0.1143600374048419 75.43472011088316
0.05927409268656885 0.24612294602157084 -0.9674244556438759 36.678274292290396 0.7416283341514154 0.637842140296076 0.20771330734047697 -49.07343043827402 0.6681870964931771 -0.7297814052880399 -0.14472423631110753 75.44068889994921
0.1618033907999958 0.6081080440369145 -0.7771899828891417 37.118506252978705 0.7209865486352696 0.46489620694924844 0.5138578728123228 -49.082155813281105 0.6737937810729834 -0.6434874696074525 -0.36321593721307466 75.4289046634359
0.04548352566137599 0.8879051101629858 -0.4577726119372689 37.498581698337446 0.5583668742267672 0.3573839357536774 0.7486675872718429 -49.47070115804197 0.8283463542864432 -0.2896571038515547 -0.47952171955886375 75.98947483411477
-0.471584958271701 0.8062603344324241 -0.3571440889232183 37.53553458357291 0.15550534152880244 0.4746966060374773 0.8663031922903851 -50.045382274420824 0.8680009884141201 0.35299774126390426 -0.3492375678169426 76.41604171683974
-0.6581420241851907 0.5716590400767452 -0.4899540977478975 37.51979140966144 -0.28970111499837486 0.4083747281096215 0.8656230966246757 -50.59170674496188 0.6949261399387134 0.7116431854096049 -0.10315830887500986 76.64393422440719
-0.6473062646307742 0.5823322753553652 -0.4918167553563008 37.73274778976545 -0.5219330123121868 0.13160720663323552 0.8427724923257315 -51.023605622590246 0.5555002524108188 0.8022273145696562 0.21874826931858474 77.00951137844186
-0.6497200870096423 0.5190823833811938 -0.5553532999807277 37.835566776066806 -0.730614395404641 -0.22466532247792567 0.6447698024127696 -51.63380205629908 0.20992001753929126 0.8246690076262055 0.5252186345676573 77.30710462553036
-0.4320228378409039 0.35828981939637167 -0.8276380083712984 38.32205160143268 -0.8924044158996178 -0.03727420109430605 0.44969433220315835 -52.18111878158207 0.13027135551131885 0.9328660349962894 0.3358427231362124 77.04181827018496
-0.0782212645934023 0.30459457702209025 -0.9492647562267047 39.26720680423939 -0.9817629823474419 0.14195747966483147 0.12644967560048168 -52.67884352632383 0.17327111778270302 0.9418440516433412 0.2879355867661888 76.84535123821593
0.1756743662963955 0.26235371182649636 -0.9488461660971296 40.506532146065766 -0.9450514942620691 -0.22499403616575273 -0.2371821175444626 -52.92014261177213 -0.2757103375272508 0.9383753052913877 0.20841208266294323 76.24925531384808
0.4524629309226343 0.09009425420654701 -0.8872205596692783 41.884662806954694 -0.7012209944550165 -0.5787237906267132 -0.41637470035794266 -52.6522007455345 -0.5509686135129812 0.8105318004382156 -0.19867507997222175 75.6509952621078
0.7113764157360709 -0.49770851802047733 -0.49621550381297264 43.08117232735501 -0.6346019904488333 -0.7583040190683257 -0.14918219861365242 -52.52921426297751 -0.3020329598783531 0.4210240441526895 -0.8552864113222164 75.82013484578911
0.5276663815768137 -0.8485876310682517 -0.038304335937415473 43.76756740905016 -0.8493186399702771 -0.5262489585460493 -0.04147145317248059 -52.469256146714955 0.015034545309730857 0.05441567813758515 -0.9984051764790469 76.8546893961479
0.4857193820533536 -0.8732632205497303 -0.03857498584345548 43.677908426247186 -0.841726098844019 -0.45536472372386455 -0.2900692036613289 -52.38498395110345 0.23574107920033097 0.1733618067020637 -0.9562279161133397 77.98764817575659
0.6683234721507761 -0.7419797414115847 -0.05300754575653154 43.466178075551724 -0.6201084352428085 -0.5163553741554046 -0.5906290342690145 -51.95534790539892 0.41086404699492396 0.42760167319087133 -0.8052003129478538 78.99486975502433
0.6000409631505063 -0.7968963805923993 0.07004999029370916 43.64394687126563 -0.34769636116352703 -0.3386605884106331 -0.8743090107570702 -51.417182324332984 0.7204568571226568 0.500265094181175 -0.48028819740739526 79.89760328363747
0.3624460831920774 -0.7720686890536056 0.5220562959698605 43.384580383706925 0.05596882944633667 -0.5411019045606441 -0.8390924972917176 -50.94876853386337 0.9303227004158988 0.3333446688697648 -0.15290848513728025 80.70340069014306
-0.26998373936731573 -0.6689044483512108 0.6925861819681403 42.818400668166746 -0.07095942913915525 -0.7035190945611607 -0.7071249132961521 -50.490850575500716 0.9602466036875569 -0.24005774839361035 0.14247363806228716 81.3027845055719
-0.7588067340296807 -0.4383743780224737 0.4817055584946283 41.75550816287463 -0.03432975321999042 -0.7116408988453928 -0.7017041393168331 -49.86155577102863 0.6504104922547501 -0.5489946591579317 0.5249486220393403 81.40051882638116
0.8506072164936503 -0.4371793111727496 -0.2921328689679537 49.530069448386776 0.5200549756329879 0.781428414451213 0.34483685331999725 -45.18180163612774 0.0775253866052972 -0.4452458679996759 0.8920459245245822 77.1597988996172
0.03902911689362972 0.24781581752569593 0.9680206860488971 45.04753414254373 -0.9597291201196929 0.2790135162626634 -0.03273337344402257 -53.50261982960281 -0.27820270312990214 -0.9277600866208989 0.2487257076467968 76.08460035636766
-0.3776436400082681 0.825894072751022 0.4186696331907027 43.99328314896299 -0.4892745902153059 0.2058886137240874 -0.8474787632197156 -53.8691528965207 -0.7861269977115352 -0.5248893781869713 0.32633645848348597 75.31845718721021
0.2287684923740651 0.9652433902003624 -0.12637315605543206 43.69077597445826 0.213528618220483 -0.17640911080592825 -0.9608773880290418 -52.96078875880457 -0.9497739236774982 0.19283418602305585 -0.24646393367605882 74.06696174778702
0.5903350667594024 0.7548902968968968 0.28573615207930597 44.43872638024061 0.7868574640552795 -0.45932626480621297 -0.4121586026272741 -51.92912315377729 -0.17988841045122564 0.4681453002114705 -0.8651474658549513 73.84004228095966
0.5163461359167477 0.2610467862848629 0.8156232238565733 40.054257760069234 -0.7990748283774478 -0.19567716022423712 0.5684979046752332 -55.01194997265593 0.30800338728233984 -0.9452856839796758 0.10755877038011386 76.9143739979183
0.5723175666893148 0.6343246582270783 0.5196968643583714 27.422847173071244 0.0049686542731057996 0.6310578274179006 -0.7757198791634218 -44.29826308934121 -0.8200170213681768 0.4465403077211524 0.35801374030442235 77.76121363955279
0.6420676211277737 0.3619670470360502 0.6758173027966398 7.75216510992675 0.26254224708330715 -0.9320346947093004 0.2497656829001712 -51.90606198538707 0.7202921201816461 0.017064135434943208 -0.693460941139505 81.28238267248133
0.9401075447745937 -0.01870715712871161 0.34036428503891014 0.9695408149446596 -0.19785780989664825 0.7831326814116312 0.5895383705645716 -45.24284308130728 -0.2775789821308302 -0.6215732021067115 0.7325275852157529 79.64613329890676
0.11347663491597991 -0.049171579852872196 0.9923231374219386 1.2207156859689374 -0.4916118232827785 0.8651585478815863 0.0990883557034162 -45.85828840566398 -0.8633891755962241 -0.4990820000382681 0.07400195065723286 78.61987147703154
0.9065111842751993 0.3793062637908663 0.18537591815818735 -0.14624480841038023 0.4167345756505411 -0.7336326747242272 -0.5367638140135186 -53.71357006657214 -0.06760004616375287 0.5638349553069495 -0.8231162596697197 85.05739344677372
0.387508018327604 -0.06332853313197427 0.9196885519691799 -14.272415188829596 -0.921615002528887 -0.00331885222397101 0.388091190744642 -44.590209505353414 -0.021524935435235308 -0.9979872154047207 -0.05965060807100839 78.84880439390973
0.43518993343678297 -0.7804577497592372 0.44888241520028116 -15.5378543773839 0.889821503769775 0.2968543335407586 -0.3465475379900533 -47.74094845961178 0.13721302148187492 0.5502392256998948 0.8236561061735627 93.14723594428482
0.8732549655375301 -0.014231906730843638 -0.48705566211148044 -35.538315764847745 0.3642926652388499 0.6829015176547448 0.6331953657742768 -48.11897720066987 0.32359947345016465 -0.7303718025880043 0.6015317204995309 102.33923376837446
-0.5000214008524292 0.28412929441176804 0.8180764895452296 -38.695819858833346 -0.21975382030587165 -0.9553561692988686 0.19749138777061906 -55.97478863155888 0.8376675099050636 -0.08102551351062508 0.5401370279936286 103.78452904660865
-0.3985822530616415 0.44799979759608105 -0.8002676857765633 -40.48106449672612 -0.5922385482242682 -0.7919810389946715 -0.14838981053337144 -56.90804498597808 -0.7002754383394555 0.4148038274013259 0.5809923366376656 104.3299182942821
0.9818076701836578 -0.17411065554789634 0.0757573652737479 -40.10398072305717 -0.1660445497427655 -0.9808047862083019 -0.10223100729038952 -58.03163962669328 0.09210269414767401 0.08779208948172855 -0.9918717874580223 102.47592440596631
0.7745116765523397 0.38897211847382396 0.49883098734347875 -32.51720517666852 -0.5903644545101264 0.16129939336822255 0.7908554334073974 -48.733064345104964 0.2271595776872352 -0.907018851374672 0.35456357612694467 104.1748555904878
0.5295251912912373 0.8369389090837344 -0.13833413985603063 -32.43202559346222 -0.01742032774467283 -0.1523102989361899 -0.9881791866960339 -55.79277238005604 -0.848115324687184 0.5256755989198063 -0.06607239008130356 113.51531379163222
0.9301141094014175 -0.28157060171260084 0.23580869310441566 -39.764820983078494 -0.25756113117298557 -0.9577813709075075 -0.12773844077420812 -52.59217435752413 0.26182056298407813 0.058076172340632115 -0.9633676094850615 112.63711813178091
0.14531545382807204 0.12254029104114472 0.9817674347574855 -41.03820843352365 -0.9613332451264388 0.2521038775832534 0.11082430564707704 -42.85067154680675 -0.23392693451890018 -0.9599101582851596 0.1544366450281489 113.16078638240494
-0.34082371031245795 0.7090362878207703 -0.6173384331484566 -42.2537269330388 0.8811743449615027 0.012055323032292955 -0.47263775025726806 -44.7131600617319 -0.32767510169452 -0.7050689411255676 -0.6288933263992843 111.4302877598682
0.6915035912399117 0.2347362875150805 0.6831702998710806 -41.758842329651976 -0.6423265517236727 -0.23290310299111272 0.7301867881356693 -41.90042495090941 0.33051381855087153 -0.9437452092279717 -0.010275982005295912 111.03812700033698
-0.44208536746890575 0.7152476028890832 -0.541277557664552 -40.980975332360785 0.26371714856449874 -0.47313494256036265 -0.8405930000192781 -44.517669029053266 -0.8573294544239638 -0.514358039394565 0.020542976592676288 111.43581523242655
0.9751984034346479 0.07674834568867239 0.20760001293970345 -47.775599691835666 -0.20839847228780153 0.00245672788910474 0.9780409200213388 -38.465756005955704 0.07455300588589703 -0.9970474692421272 0.018390035107263232 116.5521341866631
-0.7773329679485247 0.6245738839937063 -0.07523908806832431 -47.860770327775874 -0.14400543819018377 -0.2930870910891104 -0.9451784967976016 -40.074975377430874 -0.6123854102703539 -0.7238835683104974 0.31776829423035735 126.09279777090869
0.84354963004046 0.49007787266110003 -0.21965359179073968 -49.17705922637368 -0.01766633167542024 0.43409955605501943 0.900691665420507 -39.60621731052796 0.5367605819951161 -0.7558976479397232 0.37484239815615533 124.13316810058971
-0.8075417576323801 0.5875235753712231 -0.05188793754833904 -46.60145911133191 0.1638760831658258 0.13899176517659115 -0.9766401172281018 -40.32425130410263 -0.5665870974936087 -0.7971808688096512 -0.20852271664654934 124.653791892448
-0.5776611729177632 -0.48427481667867245 -0.6571038511788772 -46.151068267689 -0.740007915798977 0.6504533244212564 0.171168797694521 -38.811429068369655 0.34452264636468916 0.5851396198175031 -0.7341088280777578 121.63033721495414
0.6422171368684882 -0.7509096487005069 0.15392156639315513 -49.08745601005501 -0.0831106020601835 0.13140674902322266 0.9878384959781328 -37.73836215712528 -0.7620037906320646 -0.6471993246285319 0.02198311312658971 125.7911112716447
0.8790689654799276 -0.2499559513253718 0.40590611762706663 -48.07664277086861 0.13876572454755456 0.9488052430451185 0.28374757172684995 -38.80349647880894 -0.4560502468158995 -0.193107827824559 0.8687505621362426 123.66051548787894
0.23385210834388248 -0.35657453053559934 -0.9045262824243628 -51.30069734093104 -0.4164875850809278 -0.8773825350315051 0.23819735241002352 -37.722946873277365 -0.8785506717865381 0.3210210139461381 -0.3536866207653549 123.67065160215107
-0.7591428174758496 -0.1191865513398735 0.6399193298022313 -51.85947023246581 0.3894861122473291 -0.870855395127325 0.29985237892017824 -38.54641549480581 0.5215388298499828 0.47687047167688834 0.7075251247845359 126.75076226173337
-0.6574375312132333 0.5361521813158786 0.5294494603099285 -51.90173228038454 -0.6114422764984047 -0.790227163578277 0.04098014706511008 -42.64638582887148 0.44035694051836943 -0.2967858965875134 0.8473511058139049 127.29795949793368
0.6498350244056532 -0.21172938103095681 0.7299898014794127 -51.29549635282247 -0.7126558494103332 -0.5036477974341614 0.48832421242546725 -45.40821760308281 0.2642651724252334 -0.8375616785335666 -0.4781781606212233 125.64167489439188
0.5018914877417362 -0.043660577034617586 -0.8638279276252833 -51.10716307162647 0.5533803449049842 -0.7513546677420531 0.35949458568255044 -47.862064001406296 -0.6647368865989226 -0.6584526689711515 -0.3529376068365893 125.72178890636538
0.9380746172050465 0.3314286512743952 -0.10085168154295392 -50.41921525455325 -0.3416017635857475 0.9333784807141233 -0.11005837930344323 -51.12422357648386 0.0576562890820406 0.13769408431094635 0.9887952727815089 122.80968696472881
0.543074995272067 0.7906344160789334 0.28278396280865853 -46.910513347944715 -0.014249273553863965 -0.328048159424864 0.944553525905835 -47.141327043969476 0.8395632839241075 -0.5169928676582325 -0.16688878655286044 122.72055303902575
0.7812523931803113 -0.20078101873507728 0.5910428754885226 -44.93507178075509 -0.5562759886757266 0.20563602903164233 0.8051526861328472 -48.87467883807233 -0.2831990864619407 -0.9578104228289657 0.04896398010089153 122.91037148538815
0.11699511294420342 0.9539231173152369 -0.2763020626031481 -46.925301879896004 -0.9133795916959742 0.21258703336722687 0.3471951536490904 -49.29704232705019 0.3899357190877322 0.21174852891036325 0.8961655513820146 128.36531150573873
0.32252126432781314 0.0719854406890447 0.9438210266704132 -49.92703589766655 -0.058258949707034366 -0.993704055078913 0.0956982011260194 -43.50354379841046 0.9447676586523386 -0.0858507265462943 -0.3162968920429848 123.66291557896758
-0.5013300726628716 0.3897714851455487 -0.7724935906603192 -52.227742081924745 -0.056433655053847336 0.8761615581443606 0.47870258679822014 -46.7793808919012 0.8634138062488365 0.2835826394500888 -0.41724990806639756 119.94373980864054
-0.4628785443539267 0.7406782275897754 -0.4869694203451165 -47.71269571260807 0.7630941862555304 0.6124919754991454 0.20625431596008464 -43.90496524422641 0.45103294345291156 -0.2761328360112657 -0.848716643407314 117.76643202407605
0.3701541934071135 -0.8851464425698347 0.2819603665572445 -41.444558916718655 -0.8864269225433405 -0.42734038625154036 -0.1778412361313463 -46.126448069900626 0.27790858945608204 -0.18410858069180758 -0.9427994730705884 115.06569629273424
-0.4472677267868285 -0.7045164619508703 -0.5510064749303505 -47.00762722335606 -0.6007287296514051 0.6930503547116756 -0.3985049550575605 -48.13902368010579 0.6626285339059533 0.15276701435272616 -0.7332023359069453 114.8099333325342
0.04707357480863917 -0.9615352929795224 -0.27061773576304887 -52.48157217421406 -0.8642487740501307 0.09663662579341244 -0.49369567458922414 -46.08889520365988 0.5008573999728676 0.2571210666399152 -0.8264566667299452 118.98879944975927
-0.14802192372889877 0.4423203910525182 0.8845576192395517 -61.73724045359889 -0.7357071646801743 -0.646972524191494 0.20040339512978445 -50.92964116013107 0.6609269838142905 -0.6211112819780629 0.4211843984120405 125.33687825592904
0.9779180676963861 -0.11850932103295782 0.17213887911007766 -57.9553564283167 0.06846040677592945 -0.5965725732790375 -0.7996338771683581 -63.931734192112884 0.19745740193024172 0.7937611137108793 -0.5752859017770419 123.01649897004965
-0.9002800749187889 -0.4340717979146067 -0.03282470044647363 -57.857329687086725 -0.4352856874287132 0.8984798480204604 0.057099325922833025 -65.97805642401438 0.004707124805428844 0.06569350771810539 -0.9978287458375601 126.54965585367164
0.5011226445048792 0.8617827633598837 -0.07878174877622077 -54.43335067146267 0.8562998153897078 -0.48065681511283753 0.18899643448788933 -64.08455377358077 0.12500688512234034 -0.16217118998572075 -0.9788124354597393 127.36148140964248
0.3157736964613902 -0.6547399020004505 0.686733305841176 -58.67309538671908 -0.9208498288913984 -0.38595428328606596 0.055451635177152125 -68.01666492952816 0.2287412626829488 -0.6498884149925894 -0.7247913374238345 127.62025496613724
0.3197390216199281 0.6586321854044155 0.6811538757160052 -58.64803888345373 0.9381098890820997 -0.11906468060098181 -0.32522828573135476 -60.86926220223285 -0.13310444793432738 0.7429853606786541 -0.6559389908804851 128.9522327263619
-0.6058939397465428 -0.11811210998434402 0.7867287100732112 -54.85717487650833 -0.7820978787415436 0.2694939871601106 -0.5618682220525758 -61.43233043336179 -0.14565521565117825 -0.9557314059711507 -0.25566000429088753 133.70633283486623
-0.12734645701516156 0.8041580761702771 0.5806140442805399 -57.89074280942292 -0.5076890181837371 0.45003523953315855 -0.7346564802640516 -61.337552747403805 -0.8520767223092759 -0.3883272739693329 0.3509518308688936 125.68958636874333
0.9562403900413697 0.2492973142720022 0.15315079350201152 -51.92512356645041 0.1130121382356459 0.16810870622030083 -0.9792689719910168 -59.0349964407929 -0.2698751064195015 0.9537244423782498 0.13257871226316795 120.68422948934705
-0.7235355422110931 -0.6584511918068315 0.2072157020243952 -44.86091189350455 -0.24838768395714986 -0.03173604052596006 -0.9681406830570322 -56.447735013888654 0.6440495925126453 -0.7519540223576824 -0.14058901324214018 130.11229422364113
-0.4126934239707949 0.8329637569923326 -0.3685858344381673 -50.90435426983903 0.7874540555497259 0.12287537189031213 -0.6040014514726811 -56.69953475654739 -0.4578211967674159 -0.5395118372381064 -0.7066305465166465 124.76825988234299
0.9953140187717748 -0.0009890087569599415 0.09669036093663974 -43.32222876849201 0.06295743190326213 -0.7523325320296571 -0.6557683455443621 -57.48685323458077 0.0733918647026035 0.6587828042014481 -0.7487448504557154 122.35575730370495
-0.5589465765848695 -0.8289988847317763 -0.01842752391194563 -44.88307903271821 -0.7779211023035197 0.5165546724107761 0.3577848920810811 -61.031620574843956 -0.287084452931418 0.21431780029681297 -0.9336221919818549 125.75937006504857
-0.3791058991787955 0.4110440843128261 0.8290485377583552 -45.201780751373825 -0.8139597308651465 0.27804298987211 -0.5100604398626839 -61.05316883331329 -0.44016846063498816 -0.8681790463576097 0.2291655945551514 126.34937567827525
0.1355403732351328 0.7836715708856934 0.6062076180722495 -43.538571170526396 -0.2920962561080959 0.616266182397231 -0.7313656880119379 -61.54241899473894 -0.9467357521457158 -0.07794139733860345 0.31243648024837245 118.85544217911078
0.2155704176920879 -0.09904570057358261 0.9714521831845081 -36.29081093818441 0.46496010987707675 0.8852373292429967 -0.01292157644491533 -56.32480039543964 -0.8586859095380313 0.4544720234652658 0.23688328064308584 116.16530982489041
0.4824121576677009 0.4357337707462174 0.7598780107133487 -37.65286407309018 -0.7148417560944853 0.697195787859867 0.05403052039551561 -51.7609736372946 -0.5062408259693637 -0.5692575115198243 0.6478164182082091 120.00080039776805
-0.3536088860193688 -0.8979467202106761 -0.2620161128461972 -33.932899659197105 0.5647766617816431 0.01833488712014856 -0.8250400924931307 -46.590751124554295 0.7456460809492151 -0.4397220935740904 0.5006559720885145 114.53923300410545
-0.6929185085542391 0.4275857070831455 -0.5805466420548614 -42.07257015936299 0.2037070170489234 -0.6562778270390336 -0.7265004232221426 -44.82829526822581 -0.6916410859022165 -0.621667014433876 0.3676448441864423 112.75811165539392
0.5872097194630909 0.782502518997922 -0.20706171333683238 -39.08476537937345 0.06482448286817427 -0.30045115774096176 -0.9515917655344583 -49.96842687376226 -0.806834885084273 0.5453612651940184 -0.22715316118651493 107.04476129530745
-0.5978160263067962 -0.37803509449443584 -0.7068984835330563 -33.636782865824365 -0.7988716388050272 0.2078130759755501 0.5644624258234979 -52.041736214082796 -0.06648385821928798 0.9021658344141406 -0.4262355027588791 111.41704218759264
0.8719549516674341 -0.03409827466049662 0.48839724602808676 -36.30926905301843 0.48840167630917997 -0.008766349085598053 -0.8725748986202215 -48.78779559152419 0.034034759306133755 0.9993800372175171 0.009009793010204792 121.00779882847392
0.13087749920571248 -0.9012286741034884 0.4131076823000589 -36.72545995672568 0.32949328221118684 -0.35346395257754654 -0.8754983787568966 -48.7055521151492 0.9350429172927607 0.2506992445180617 0.25068831568047883 129.5500669827026
0.42114178255111945 -0.25975202428811794 -0.8690043065876543 -44.496253447681305 0.8556857220486712 0.431471518074238 0.2857171226453778 -50.966787757575304 0.3007350063955123 -0.8639219958821139 0.40397678269840515 133.8182699463592
0.5041328197820824 0.7021048946924611 0.5028904620963233 -45.344272915072786 0.33475974136142944 -0.6956412548991655 0.6356250152770421 -45.910387029146065 0.7961067865444897 -0.1520919502511499 -0.5857320403449057 127.32111140471812
0.015419264683501084 -0.977768888529718 0.20911778236194636 -40.49223143254921 0.8446212713278514 -0.09919741735770522 -0.5260938893487374 -50.407981677737205 0.5351421813846676 0.18473730812404973 0.8243148504606337 127.82855369453381
0.16037693197691674 -0.40659208053342744 -0.8994232150312602 -47.06554389788627 0.9866616531771876 0.040286779986156956 0.15772050439940383 -49.019599144746024 -0.027893042848129337 -0.9127211268541136 0.40762988452127374 129.43172523860304
-0.43433589660953553 -0.7677689729470961 -0.47104472515478824 -48.319059894783365 -0.45068669759711094 -0.26754638501423234 0.8516457200472638 -47.39186625258012 -0.779893473190665 0.5821938990109535 -0.2298182639152561 124.28407482592515
0.8949892042601654 -0.3671343478036689 -0.2533904002138372 -52.19490316243727 -0.32785049311232545 -0.15615544095635578 -0.9317346899336351 -49.55134943238731 0.30250351803533965 0.9169666563853338 -0.26012261080832905 126.64735172932838
0.3745718643810468 -0.5991550468195063 0.7076080470746637 -54.21983832196648 0.720818091198335 0.6681952441664959 0.18421833533734316 -49.60456319705705 -0.5831956771232909 0.4410536764884601 0.6821689355582796 130.76210153514833
-0.8467408267280905 -0.2419260985095295 0.47381614072526645 -57.21456485750949 0.5316695798914217 -0.41645663246310965 0.7374898854191576 -47.66248704706721 0.018905823703414776 0.8763764237686009 0.4812555804275427 132.47879982925866
-0.6798906360482742 0.6744100527250204 -0.28795798963964603 -57.110613978824965 -0.3682836443626195 -0.653593290652228 -0.6611981304490934 -49.74616556412766 -0.6341260760360352 -0.3434921996171422 0.6927461501107861 134.11031029557762
0.22607968268731246 0.7675814739037693 0.5997554985122847 -55.40489038725326 0.5817339360075333 -0.6002360570790145 0.5489101050986559 -49.97201108020513 0.7813281031507731 0.22480070440714855 -0.5822293693424119 133.11238132171442
0.5279076211265706 -0.1784943683154367 0.8303332487839787 -53.94803538790886 -0.8343099297736214 -0.2918744009529076 0.4676925006342447 -52.24092383799309 0.15887254211352916 -0.939653709910227 -0.3030023445690319 134.4094966032806
0.10583331582148932 -0.9942728813306052 -0.01485754733336582 -55.26031500926429 -0.9461571953066562 -0.09609257943356854 -0.30911612372576414 -52.41989930279831 0.30591807895524453 0.046772359661856874 -0.9509082370765294 132.46877526355644
0.03668707473172289 -0.6626629965941383 -0.7480185903388392 -53.95133071834165 -0.9012755135437224 0.3014069795769117 -0.3112174181321147 -52.209112453079904 0.43169029087312766 0.6855884958247166 -0.5861841921774039 132.84403010764706
0.11513999362825889 0.06386598984508236 -0.991294061925315 -52.11940488033766 -0.6501092723672842 0.7593754521690188 -0.026586775381287307 -52.77070792487051 0.7510663857804862 0.6475106624482746 0.12895435691140023 131.4037987116767
-0.6374685952248003 -0.6855621026044605 -0.35162251573906445 -51.58066143803475 -0.675605303713928 0.7167627666710381 -0.17265170114333198 -51.13495166357174 0.37039339045902303 0.1274979991475343 -0.9200831465240754 133.84111947273323
-0.6676132704236973 -0.5677435386638311 -0.48162204627658395 -51.70913563738162 -0.5992721594524899 0.7936472085816326 -0.10486652094795823 -49.1265963747969 0.44177528230914437 0.2186124027040742 -0.870082304914096 133.52108602732278
-0.6158745023853429 -0.18796001837620882 -0.7650945227902363 -49.12173043407296 -0.46007604985501316 0.8741394836503569 0.15559624504881703 -50.62462248745061 0.63955345801693 0.447829425803507 -0.6248361222937472 132.40347092378624
-0.12066251431284179 0.6411441669670226 0.7578751314061335 -49.7035873262864 0.2525459692843843 -0.7185078351686739 0.648048627958916 -50.6320349834734 0.9600318177216379 0.2695934865040027 -0.07522141315278719 132.9887445954212
-0.4885324352146814 0.7970323829066431 -0.35507103562719683 -44.753548059332076 -0.7265369730963931 -0.596931817433378 -0.34031813360385726 -55.9612126611958 -0.48319777158751837 0.0917157889015775 0.870694049364653 135.28269313977285
-0.41564011328823514 0.13883914587692026 -0.8988698391858017 -42.90692339866832 -0.7605112578842396 -0.5951106386105074 0.25974209216821814 -56.30986472537287 -0.4988646338006672 0.7915598646879207 0.352940586725536 135.4894209901747
0.1255139393898834 -0.8229383693747692 0.5540926738638828 -42.17183636149838 -0.9177462685721207 0.11581968819837961 0.37990470693000944 -57.04920822548333 -0.3768130007587033 -0.5561998202412728 -0.7407116324338346 135.91349804255844
0.651657507988212 -0.2742650216812515 0.7071924703818435 -40.611734516433174 -0.745163001478254 -0.40563507487555645 0.529331925410341 -58.846628291605654 0.1416848386755233 -0.8719167872640617 -0.46870728880251755 137.09237588668265
0.2349941864289801 -0.9090158550311376 0.3441916728315634 -39.4150780163115 -0.8198363039965456 0.004861942670636204 0.5725773276708992 -58.9274360301883 -0.5221553092652244 -0.41673317220432016 -0.7441016706006384 140.57913411393255
-0.5115295091222948 -0.7188312321867777 0.4707645068714733 -35.900621685463285 -0.3598780171774314 0.6767270840552029 0.6422836339644503 -59.91673995241197 -0.7802726280278858 0.159129234708702 -0.6048574316411082 141.82232697029272
-0.9119869517698962 -0.4020537658586057 -0.08144058668971779 -33.480764220428675 -0.1452207393032265 0.13075083208302304 0.9807217529890012 -63.287644292671786 -0.38365444957367134 0.9062323042512386 -0.17762959791040706 140.90678138445654
-0.8897526901053371 -0.40518170053723174 0.2101616996507032 -33.01078582989637 0.19323769209835978 0.08275790862067398 0.9776555236448214 -63.51809015288955 -0.4135206703452853 0.9104827939672933 0.004662304869566973 140.86797397322403
-0.8968924302335584 -0.25536927223155176 -0.361068557741696 -31.130103012271054 -0.044160146172242044 -0.7606434683646867 0.6476661142318504 -63.69563887306871 -0.4400384643185039 0.5968316754614041 0.6709382244932428 136.9463776698084
-0.5957853375514293 0.33414692200206136 -0.730332572240399 -26.70954670511062 -0.7402951760381383 -0.581114518323564 0.3380369342664094 -58.81750428912082 -0.3114528598253553 0.742059129119856 0.5935868639015592 135.02715330265167
-0.17032578237085697 0.44903295221785616 -0.8771308543668225 -23.474092170653524 -0.9852792168473304 -0.09082193884624824 0.1448317654139398 -54.0207910397439 -0.014628489616715677 0.888887385019455 0.45789215329027977 136.10211152288977
0.34961931688600023 0.701937804161806 0.6205236920123748 -23.122686759685912 -0.7749838671157803 0.5888516333002469 -0.2294640705424295 -49.29359165928744 -0.5264658953535695 -0.4006707788797867 0.749864379725714 133.77852845825615
-0.3775176361114052 -0.6544790032352192 0.6550860010327584 -27.73507817019116 -0.5188825685981382 0.7354508763329678 0.4357440630760996 -47.31553386760248 -0.766968913600712 -0.175411638226492 -0.6172434226015233 137.43362343764872
-0.43540445180759224 -0.053665880443083874 0.8986339280387753 -26.648603228015148 0.15458664112730613 0.9789370066767766 0.13336156621639259 -46.30627814780584 -0.8868629734807443 0.1969830201692023 -0.41793750254543155 140.34356419057528
-0.3438908967174365 0.5528082495490224 0.7590402429288073 -25.70207078196651 0.03241421759502965 0.8148481459185495 -0.5787674987339936 -49.93435934052353 -0.9384499824991097 -0.1744291785328623 -0.2981377064776804 142.27959728875547
-0.520660930873683 0.853708922480207 0.009657677745359628 -26.911509080918023 0.04919561095718041 0.041292726864501375 -0.9979352196263253 -52.7780360971373 -0.8523449929015241 -0.5191107650451658 -0.06349824162859428 145.87233710128527
-0.7916164410197831 0.608246338576241 0.05813606381385793 -26.30667728884699 -0.1608132086020497 -0.11560767622074347 -0.9801907860911325 -52.399269115795256 -0.5894764815039584 -0.7852841885632464 0.18933098253132624 146.00441574904653
-0.7795500982258466 0.22461219750127673 0.5846802588506987 -25.92054300562729 -0.4328394441903582 0.4815309359468389 -0.7620879039055416 -52.29984939352389 -0.45271587105938305 -0.8471583786163062 -0.27815646969131486 145.76240167191702
-0.9134287980536657 0.14003571577253662 0.3821489620479286 -24.989195714623275 -0.36318778982107 0.14332267448410538 -0.9206265476856557 -53.16959049960307 -0.18369120885639445 -0.9797186378174078 -0.08005579618041427 150.5486562788776
-0.913640253109525 0.3962387042870011 0.0908646087479707 -20.703024208415748 -0.311639414989984 -0.5391468128889157 -0.7824331212163914 -51.308311487265 -0.2610409219311506 -0.7431793884229313 0.6160698285914131 156.11385640534806
-0.9434118947703277 0.3315483809595025 -0.007047544891156477 -17.65528748540396 -0.2585777622318443 -0.7487495948978679 -0.6103372715306264 -47.01011354041192 -0.2076331805974977 -0.573977103396477 0.7921103124512123 159.89966295313357
0.1707006562685576 0.8630563946482731 0.475389256931841 -13.961848963794944 0.21365380688430963 0.43857045139823136 -0.8729307016964133 -42.477177090675255 -0.9618801051863616 0.2505785681519415 -0.10953102039877517 162.61165095467706
-0.48840116424718766 0.6947314452617586 0.5280270085199242 -15.901940693334364 -0.17240908072762737 0.516352400344118 -0.8388416462846379 -43.60933592816521 -0.8554176825648667 -0.500727887802724 -0.13240910365974154 168.48416020732114
0.9921887503481638 0.1215806481054471 -0.027921849666678607 -13.191164191459977 0.07409290721924848 -0.39428871243546937 0.9159948975544453 -41.66364474315966 0.10035798315206076 -0.9109086437465829 -0.40021708854746807 171.1064655805889
-0.24024066334870564 0.4680954745942872 0.8503946438790188 -16.56423152775392 0.96124472499961 0.23678050236878154 0.14122171348065204 -43.748752644331105 -0.13525162599465096 0.8513645637224617 -0.5068386107070635 167.09357146382084
-0.7262708174353004 0.5455221409450123 -0.418253862481425 -16.234888683693594 0.6817946962426616 0.6492589420695389 -0.3370739063145047 -46.83720294094927 0.08767378124180131 -0.5299702065979885 -0.8434719249632738 167.7836548379579
-0.5679006800292986 0.44557069693824486 -0.6920661613257988 -19.304956674380016 0.8223405459756379 0.2711000494872588 -0.5002607216367229 -51.34220635749432 -0.03528234780662275 -0.8532124689653644 -0.5203687526507328 170.84271239359714
-0.17023553846448689 -0.013437664941435614 -0.9853117733005262 -22.270383673325227 0.9809766456447017 0.09236107678282147 -0.17074616304674753 -57.28419954555182 0.09329888607788574 -0.9956349032935916 -0.002541102159736459 180.92314742718295
-0.713861934350645 0.11542568394969124 0.6907083683942892 -20.875592666562852 -0.661848692707741 0.21107444803187667 -0.7193079210943616 -62.999293457262056 -0.22881749637256993 -0.9706309746102199 -0.0742836757370301 184.87036864701324
-0.1508805237245949 0.7486707269182687 0.6455441194963077 -16.18375548192382 0.7058720265179973 0.5387707825513284 -0.45985946336723904 -57.93257322327816 -0.6920836291518303 0.38628769916307476 -0.609755741043355 186.65368786718602
-0.11740818344922714 0.9172194400784908 0.3806886092349659 -15.15030650704013 0.6348423649511064 0.3641047777523275 -0.6814711163954157 -61.76005996391906 -0.7636690972682078 0.16166697114757075 -0.6250386390596442 191.8021422998928
-0.3840354892414357 0.12699881202963634 0.9145425330437903 -12.607608854553106 0.5485665459035881 -0.7653442147421036 0.33663478381801165 -64.32774221239387 0.7426920544333951 0.6309671423329857 0.2242520402976295 196.86550794434223
0.9200895625406795 -0.2625749456235268 -0.29067093909523056 -10.796539718239055 0.3906544230119924 0.5607170225788151 0.7300585883143326 -71.36514468291331 -0.028710950608959045 -0.7852711751498022 0.6184859438936183 198.57594147603044
0.059314971662267325 0.13314495790974962 0.9893200464561078 -16.0965975539114 0.954551876011638 -0.2975489380388717 -0.01718561824903885 -70.91114736668978 0.29208295078516056 0.9453766707800394 -0.14474287618215564 194.94186655263798
0.38572257950012767 0.7463048874378063 0.5424454872613564 -16.839854857079626 0.8369632766343679 -0.5304387518301185 0.13463730583448208 -74.51203654591703 0.3882145865745269 0.4020743035103676 -0.8292319875809314 193.6124551467235
0.7653235109555349 0.6414951131128434 0.052573219713399726 -16.770320673732513 0.5640681429186943 -0.7078022931017695 0.4252564450118679 -74.49525943718591 0.31001137676374124 -0.29580387714195805 -0.9035446931640047 193.95880371735103
0.9684818140644671 -0.1436005560049487 -0.20352360094462843 -21.341666458245324 0.08996824302174951 -0.5602543322230069 0.8234201834257718 -70.85348983325397 -0.23226857530449244 -0.8157781337719358 -0.5296766422881034 195.4905914806778
-0.4377336982565142 -0.3339793101874623 -0.8347736398433899 -22.673167508330874 0.8349233562832928 -0.4954857356637079 -0.23957644893944746 -67.03981635303447 -0.3336048538965153 -0.8018426941242911 0.4957379300963197 202.98104676176922
-0.9244062656984253 -0.34496223549055927 0.16270867224228763 -18.038631585248492 -0.30151630248790645 0.3996832042607779 -0.8656449939587582 -67.44031296985682 0.2335829087744109 -0.8492669735231632 -0.4734813960561623 209.54847608672017
-0.5023064623154945 0.6657577149053359 0.551774304367391 -10.586018485591477 -0.3458937422917481 0.43013333565266204 -0.8338721920076986 -68.32993734337673 -0.7924933671391219 -0.6097146698287171 0.014222673312557737 214.75164417713614
0.39298811125725386 0.11599971073167765 0.9121975726346911 -12.314161836239391 -0.7503365715787689 -0.5329979758150104 0.3910347646035067 -68.68919006396887 0.5315593793376933 -0.8381272128306464 -0.12242304256494471 222.516651570323
0.7122092087080952 -0.5391502871438316 0.4495275418749244 -12.91067064957924 -0.6022467297288329 -0.1403131992192276 0.7858823592979999 -68.78461880230684 -0.36063405213916255 -0.8304391452704941 -0.42463384985196173 223.2308532307775
0.5567677689576709 -0.342278446813524 0.7568719285961254 -10.771124804394459 -0.27943663056885815 0.7808813354992484 0.5586944687082849 -68.02229560137722 -0.7822562373968133 -0.5225608143707584 0.33912442309269 227.42120979287782
0.5465318700323202 -0.14295429077665012 0.8251466450198529 -10.116310795368845 0.38351683624286 0.9186484813791201 -0.09486729667331434 -71.38332387836313 -0.7444580252487326 0.36830563179020165 0.5568960497564849 229.62480993613622
-0.6156600169132056 -0.4442641131012808 0.6508395665482876 -9.743960155914468 -0.5356710682246966 -0.3698038153796163 -0.759145338388961 -69.84700488448149 0.5779439853839164 -0.8160113577279492 -0.010306008807677606 228.9050745841447
0.24457756811411832 -0.6907175879125117 0.6805079183401942 -8.823117681642456 0.9638059314507401 0.24998384171647786 -0.09266177950504154 -68.42801134647837 -0.10611286291376198 0.6785405607839451 0.7268581482622685 232.1234255384587
-0.14679639968584984 -0.5298011478399993 0.8353212320937918 -2.978598654050992 0.9653029478947084 -0.2611013809558292 0.004035795924431789 -72.63311499333541 0.2159653579282017 0.8069304880907512 0.5497473524852714 225.58935372033744
-0.46974023098746265 -0.5838346934278928 0.6621791042775382 -1.059999236143405 0.7792184101703727 -0.6267524562786382 0.00016673406905414988 -72.26758672935804 0.41492503496824523 0.5160604705832962 0.7493455851994772 221.6977024050175
-0.7131442864789341 -0.05279420600256444 0.6990264647887159 -0.5295303807252424 0.10626885805744082 -0.9937776708140996 0.03335971820129438 -74.56964772599889 0.6929156921802379 0.09807503659882752 0.7143172479553606 220.46840348036886
0.8348570554882226 -0.5475623081820117 -0.05647314016345775 1.0508808709999435 0.20256620584338078 0.210205416830718 0.9564416422266652 -73.01364073042663 -0.5118404332912276 -0.8099316029106475 0.28640909457424163 217.49156035737295
-0.5415036293037123 -0.6309561957592381 0.5555790659158578 1.722772511686029 0.8399051261312794 -0.4347247859527751 0.3249211282399357 -74.49135139025312 0.03651299151404419 0.6425796756133394 0.7653483925241829 219.71506557062267
0.3065828666690476 0.9292848209416978 -0.20600161997504926 4.190578931233626 -0.9324192229343864 0.24970857162337312 -0.26122791190883154 -77.66861520265942 -0.19131476306710138 0.2721678725073397 0.9430394003473059 218.48825878021037
0.568923917818177 0.7503666289104334 0.33656425530945394 -0.3811787966388023 -0.7615299410670623 0.6351892035243483 -0.1288674690699679 -76.4861529538989 -0.31047982960702863 -0.18298797212848925 0.9328009849177329 217.44441008279787
-0.9053440920872546 0.1820484819811745 -0.3836801078125549 -3.2422880636907165 -0.4242774586737086 -0.3484617943044752 0.8358008231459714 -78.13830855362271 0.018458412285042587 0.9194741584832355 0.3927168940820599 217.48673198444644
-0.948521263618085 0.3089867503684916 -0.0695312919559977 -2.7617837129728438 -0.18387158489937955 -0.3584870759506425 0.9152476477123266 -78.28997521051899 0.2578733269086616 0.8809166841836272 0.39684649777461933 217.31574021770257
-0.8557363920889293 0.4805598822816918 0.19177441642729082 -2.1070808463327504 0.04276603918996951 -0.30368121142110366 0.9518134206459852 -78.7605735403904 0.515641632479984 0.8227028147339814 0.23931942144790472 217.31461334556627
-0.9107362194079603 0.34789604546939373 0.22254860189462483 -1.6954845226049922 0.24311678448021856 0.016019789379103748 0.9698647304919622 -79.61918343962529 0.33384692264942695 0.93739623846856 -0.09916917032273968 217.15457745629837
-0.9382133768008748 0.1174222476034041 0.3255267659650487 -1.1980688104686275 0.3442079402052794 0.41376840486946836 0.8428028245274294 -80.221385792491 -0.035728888753167085 0.9027777815717105 -0.4286207223279377 217.2846414702829
-0.735499940822993 0.3611147814439014 0.5732677835637511 -0.9414274895630856 0.6775150862763274 0.38748163008210484 0.625165013589927 -80.7477704856344 0.0036255920000624223 0.8482064023406314 -0.5296534283010071 217.38965535831207
-0.4726166777219779 0.30071306436386047 0.8283749928987084 -0.7848504895549699 0.8798593572465739 0.21414005253885424 0.42425410942535424 -81.21637748304076 -0.049809511186943725 0.929363056517501 -0.3657913637249571 217.41973824040696
-0.09181503587127222 0.12432390353177511 0.9879845981585832 -0.6775349540438493 0.9869841245695861 0.14291617695091066 0.07373807844893754 -81.68991883552265 -0.13203157590350242 0.9818953780196522 -0.13582757300371556 217.59271634027965
0.20035388933288326 -0.055199032777778614 0.9781673608384112 -1.0069366016871668 0.979660155453814 0.022649096889456863 -0.1993815393317507 -82.07057841069683 -0.011148939204876205 0.9982184556450994 0.058614127683659076 217.91629613092235
-0.12119094719703513 -0.6571610586687964 0.7439436116311436 -1.3099803403109773 0.9517191229875356 -0.2898719804765221 -0.1010195321433053 -85.30365912246715 0.28203451075589736 0.6957827088279239 0.6605626062976584 212.69462324807586
0.2518472575828837 0.7969156677928085 -0.5490886788801246 5.224040312286574 -0.23403976495803563 -0.5003826540945319 -0.8335721851763632 -88.11062496980682 -0.9390411850746297 0.3384414541802621 0.06048995640585233 204.0124307826835
-0.12044133355225202 -0.2948193379391703 -0.9479321933288598 -1.4671185327095895 -0.2161469375200319 0.9397623526534469 -0.2648154488242108 -83.00879370539586 0.9689037034570899 0.17299791476305368 -0.17691052799301835 204.73239077124563
0.9445254592205546 0.17422381025660152 -0.27842004386155617 2.7387584273360606 0.29264764221955053 -0.8312517537287053 0.4726286908623813 -91.56567256836348 -0.14909397837450783 -0.5278888006603486 -0.836124631708598 197.75305963284472
0.34351165515674664 -0.2420491848509827 -0.9074204840560114 -1.1325517188528482 -0.9363335702738156 -0.01351665403708646 -0.35085145751718055 -88.03471443200628 0.0726580205466624 0.9701698264616431 -0.2312819056338484 201.47878960600286
0.014355891487508557 0.4302802118168687 -0.9025812139073293 -1.1212672023242185 -0.9864373962306757 0.15370504907413238 0.057584904330576996 -87.61517703851935 0.16350893460983104 0.8895131798955807 0.426651064799806 201.72629789881242
0.22154760336823395 0.860520415364866 -0.4587169870214842 -3.3584468339154467 -0.9239409289316961 0.3356722228689509 0.1834593105815302 -84.4510116431897 0.31184903284542 0.3831824285304528 0.8694374084308074 196.46061033652634
-0.8171868832420541 0.5754683759634422 -0.03227609212921731 -9.763889452944188 -0.07529402947445944 -0.05106632072089762 0.9958529208741259 -79.86364003742334 0.571433641801596 0.8162281416087213 0.0850600603299602 191.07209383748162
-0.6457233138233084 -0.27565924243868706 -0.7120768104939049 -7.654058586718892 0.6903520244108825 -0.6092455230029354 -0.3901717251322482 -80.04074658385255 -0.32627516665667045 -0.7435266469730644 0.5837059541105882 186.17314449798394
0.71180816320711 -0.06566028991998937 0.6992981232059341 -0.9172437701353919 0.53076138927577 -0.6018030729557953 -0.59676243936345 -78.37925328720912 0.46002335423951585 0.7959408192250123 -0.3935183932748756 194.2482722667257
0.7935002247369434 0.14613959731701617 0.5907627370090628 -4.04657325842404 0.28680736940474955 -0.9459773307217031 -0.15122308889772135 -77.20715923174808 0.5367484757291325 0.2894306615696761 -0.7925471379960883 189.29552996964904
0.9146160529967255 -0.08398494116334619 0.3955047474537805 -4.479606186075748 0.008977052144713437 -0.9737296959616846 -0.22752997986453466 -77.61247797299208 0.4042238094613929 0.21165303886349968 -0.8898348740099837 189.58541699013801
0.9663375748188137 -0.21299901020061815 0.14430215918983721 -4.955473477004454 -0.0979716828830325 -0.8232744865194552 -0.5591249137707897 -78.08977619498341 0.23789333922234612 0.52616588781456 -0.8164289421951894 190.117349638311
0.9761075877058856 -0.17063872706337693 -0.13452286812726327 -5.217754510379406 -0.2085228314708823 -0.5615643647658404 -0.8007269778023611 -78.0404339377484 0.06109178323113428 0.8096467680731686 -0.583729307959015 191.14412485263114
0.9633235123052888 0.22295062293548923 -0.1493346254974962 -7.706231555825483 0.05021730916468134 -0.6964558671502131 -0.715840378137684 -74.30649655923325 -0.2636020343245841 0.6820866842599406 -0.6821082924691788 188.38610833558548
0.9554080605623195 0.2631376244388351 -0.1339926431459268 -12.461362440491186 0.12881569832865666 -0.7797194629252199 -0.6127349141347389 -70.5074860831601 -0.2657102814658218 0.5681515200545457 -0.7788465167047104 187.23601221459558
0.9425444290012599 0.30051724164277926 -0.14594309450639525 -17.313825703981482 0.3110196516416629 -0.9488156780478273 0.054914345879188614 -66.58638545870458 -0.12197038842025254 -0.09715038119356276 -0.9877676993010837 186.33536007161487
0.799929178585625 0.5857528078285056 -0.130410725664525 -22.943692770846148 0.599919530747392 -0.7858303839492978 0.15022371413970345 -63.151251675338855 -0.01448674826030243 -0.19840427360094343 -0.9800132031466325 188.249191913426
0.593274986109024 0.8016826607696271 -0.0730048099693971 -27.82991405132171 0.8038865332747663 -0.5852451138853869 0.10608769152337272 -62.2425146575666 0.04232295449064374 -0.12162675731354913 -0.991673181763313 189.88668916639742
0.3683227792280991 0.8956684977150267 -0.24923136340074878 -37.45403665129678 0.8759615261576539 -0.2445117303693848 0.4158189731160947 -64.69118870856285 0.3114959630448592 -0.3714726852847669 -0.8746303842733109 191.67473932164796
-0.005771925949849933 0.8577582312422124 -0.5140209155346314 -45.67520241141061 0.7940764606089173 0.3163589617822614 0.5189986339161834 -70.68205161471703 0.607790473417973 -0.4051762876036578 -0.6829516208239594 192.70024569689468
-0.09361615830137471 0.626493907718757 -0.7737838189676578 -50.93046708773575 0.5786310367947461 0.6666983594542604 0.46978656936829843 -78.79654296045418 0.8101988263153237 -0.4037557195784116 -0.4249225585268329 192.474130747645
-0.19611081987968235 0.20711081447504345 -0.9584600444742613 -51.44131569184422 0.28070330592852993 0.9483929623863495 0.14750065402173282 -83.37181237460908 0.9395457414979391 -0.24011642889133952 -0.24412681173840242 191.74068424501178
-0.36388190755520283 0.029928445351964778 -0.9309641483498711 -50.24304897636213 -0.23731002897403106 0.9635219145168031 0.12373144464613182 -83.06134036249797 0.9007074483439842 0.2659507631210873 -0.34350587199199256 191.79302056933992
-0.40531343812241566 -0.3436135363547709 -0.8471427002053163 -48.11885222999991 -0.13691640948733305 0.9390365034176056 -0.3153796792159153 -86.24786466290739 0.903866645966363 -0.0118398852614311 -0.42765044537158126 187.90869065234122
-0.5105134610787418 -0.43185373206607264 -0.7435579063919688 -44.2750771516737 -0.05668572217913262 0.8797546437048046 -0.4720365407263108 -89.41964727864752 0.8579992627959729 -0.19883189125599274 -0.4736065287357537 185.15851210048936
-0.48089524725024146 -0.6113048875880754 -0.6285269251058849 -43.554852705708164 -0.17826336465450907 0.7700564495917669 -0.6125644760057307 -89.05782055151548 0.8584648705649996 -0.1825360207001627 -0.47928975281427216 185.54795032755786
-0.22967456849879914 -0.9138161715201432 -0.33494715591143304 -38.17363827840028 -0.28337162767232743 0.39202334218779655 -0.8752246681911136 -91.38587438691965 0.9311015590230878 -0.10610232725145875 -0.3489873678753966 182.75092638061346
0.4841161670736011 0.8302299591671988 -0.2763145882489669 -34.80359597486395 0.8578657541546459 -0.5125409910280175 -0.03698757040814837 -91.06443603182352 -0.17233074196627512 -0.21913454181677278 -0.960355230087338 181.81595309693677
0.17871501791968442 0.6558337942980345 -0.7334459602633381 -34.58525874382473 0.981347284454579 -0.06514368322024656 0.1808695879083148 -91.16570776356062 0.07084101681646734 -0.7520893130427679 -0.6552428676019789 182.4873590717513
0.15337226226107073 0.5020774306509697 -0.8511140950541481 -33.58401770600842 0.9842294122694484 -0.0007880436307801846 0.1768950056134199 -91.22689777131373 0.08814427487169986 -0.8648223127430023 -0.49428023851777114 183.07336385603168
0.1715353152245303 -0.03985419464961333 -0.9843715146222239 -31.804950200097263 0.9843661681933454 -0.03362085801509858 0.17289558936733665 -94.07532843239963 -0.039986029399926876 -0.9986397153504145 0.03346395639593283 181.8726317985277
-0.954185323595025 -0.12278069550092778 0.27286492821204583 -31.04505124613766 0.16143224127222952 0.5565806518382309 0.8149586550722399 -98.49720901026123 -0.2519325300823224 0.8216707849325277 -0.5112603265213143 181.14313079691058
0.1761788472483213 0.8066237543473589 0.5641977780041526 -28.38087103830965 -0.8426736631713725 -0.17266219936320046 0.5099890805776156 -102.00178991078079 0.5087849360777016 -0.5652838966693038 0.6493011666297651 179.8577960496644
-0.6927409113574803 0.6322198765742932 -0.3469986417783104 -29.9411245860909 -0.7156264325649454 -0.5429700737692132 0.4393885615323003 -99.22979112220484 0.08938030401592154 0.5527038326766311 0.8285708386122344 176.87115343870482
0.9625331572405976 -0.06943880406838612 0.2621224402869754 -25.398058312743757 0.2619213877842411 -0.01214710226092336 -0.9650127639196487 -98.15438352501177 0.07019336032435632 0.9975122557624106 0.006495519237138733 176.19930722569836
0.2875794780767934 0.7931595917688213 0.5368388079993798 -34.41300900715265 0.6217973427902509 0.2717113843842227 -0.7345345383948884 -99.07872648678085 -0.7284683303260765 0.5450420035016796 -0.41504590846171546 174.44445074732948
-0.32934116944651803 -0.48368483337799634 0.8109151472673931 -35.33718368925395 0.7114790302660516 0.43749270868636037 0.5499070097188693 -99.54750097120368 -0.6207511446620742 0.7580561402735077 0.20004725590308234 177.64864238505157
-0.5228755169088901 0.5590821056520284 0.6434503811149335 -36.318522175202055 0.02116063550352431 0.76314187429375 -0.6458844379643369 -100.31899675672989 -0.8521463614440563 -0.3241013403846342 -0.4108587346504094 177.68470756111932
-0.16610805858608377 0.9461684829304919 0.2778008545375121 -37.753710345835245 0.04656074249754346 0.2889257692135859 -0.9562185927613065 -103.32681922468555 -0.9850077208483374 -0.1459009999737796 -0.09204720569257756 183.2244105773616
0.1852289277425032 0.9337324925646857 -0.30632315723154124 -42.36069975962345 -0.19655068975803658 -0.27021652636176074 -0.9425236629584542 -103.82020271583832 -0.9628385486066701 0.23479067530444953 0.13347384802678733 188.80788832788372
-0.12722862529599094 0.0703015100602899 -0.9893788832335836 -42.16633175229143 -0.6579823572433221 -0.7523887517609382 0.0311509836142665 -102.89408620253583 -0.7422075817868007 0.6549571466186603 0.141982539881946 188.65168448417998
0.04917473069107585 -0.9251472385107132 -0.37640992672545076 -41.07463469658133 -0.7155231849094549 -0.29557020223271835 0.6329809060383557 -93.91332718686805 -0.6968560954160381 0.23820336401510045 -0.6764988837044736 189.2016280758202
-0.8752798195749879 -0.46798188327031964 -0.12197620413645817 -36.288221269607575 -0.43100013736246706 0.6404251462133225 0.6356842877491755 -89.89841245339349 -0.21937210177757313 0.608973389425519 -0.7622514624015364 191.18342229891684
-0.5712044364704157 -0.8007603022507153 -0.1803009431363435 -35.70244136948716 -0.08385521344435942 -0.1615834741471559 0.9832899287904527 -90.31650426077135 -0.8165131933623064 0.576778743732704 0.025149271230154452 191.20758447759974
-0.5731077951186685 -0.3741478818246403 -0.7290821748612085 -27.391405292232015 -0.308474675525522 -0.7257518964317066 0.614920774885027 -89.26055960906041 -0.7592040764732746 0.577319276788775 0.30051892272275077 192.88492507024378
-0.41801372224302547 0.5782969956134252 -0.7005976826117923 -20.786164592020377 -0.8051990329695994 -0.592936272906375 -0.009005197205840438 -83.32528495800696 -0.4206174572237231 0.5603562805362118 0.7134996801276555 194.24268805538193
-0.21011755325326478 0.8337947703376849 -0.51052609607383 -20.757664543156498 -0.8841124635966897 -0.38496506427890126 -0.2648528855756163 -74.39188857808129 -0.4173676622929123 0.39571224424101853 0.8180562659315561 193.59782631982947
0.5172041928648865 0.7469260805125593 -0.4178531478080832 -26.181125024404444 0.7453852375378209 -0.153180965441264 0.6487961463257664 -59.924448834918564 0.42059561403284373 -0.6470216550291219 -0.6359735115393609 193.32357992780575
0.9348797919291888 0.24186463400897212 -0.2598100718951041 -34.22372849209932 0.3486104297037168 -0.7634718073656876 0.5436741373833751 -64.66929785264769 -0.06686211890319155 -0.5988424652389569 -0.7980708984058362 194.92464728551104
0.637551771068764 -0.01823345176809207 -0.7701917166807883 -34.365465009263495 0.7391356962947815 -0.26746367528112974 0.618176030648177 -65.32919489996583 -0.21726979005354127 -0.9633954139613317 -0.15704494480357883 195.49570846538404
0.12812605142630332 -0.16277389129347378 -0.9783089365119189 -34.20545243969872 0.764053686694217 -0.6127102347157474 0.2020102277696509 -65.703335599894 -0.6323018889698786 -0.7733633224996836 0.04586384869773073 195.70549431446247
0.001206253785887774 -0.39618983259002605 -0.9181678286152742 -33.61475329409018 0.13331897885614857 -0.9099084465784969 0.3928010548889313 -67.9110755862879 -0.9910724468113077 -0.12288301508911544 0.05172204340559462 205.10264487803735
0.019880701506698913 0.040115344843735586 -0.9989972556597271 -30.600472081948606 -0.6451666086101915 -0.762804297660751 -0.04347011162521829 -63.37374959036094 -0.7637832184867773 0.6453838877585593 0.010715996436241408 214.45137754062617
0.06110046137318227 0.6307117115145082 -0.7736080859055319 -30.23300012216103 -0.9976452290845718 0.0143968207245782 -0.06705765010655795 -63.41612622064464 -0.03115654834498178 0.7758836694450134 0.6301061823087936 214.71161481188625
0.48718562038685054 0.6870191149560406 -0.5391242036611735 -30.14472948076102 -0.5522650543256308 0.720598211936599 0.41921537033424816 -63.19348529409775 0.6765009098729888 0.09350375735120563 0.7304817357759326 214.5633461410888
0.3632473165878403 0.617767023446285 -0.6974347938940577 -30.184072924380622 -0.1327802235824324 0.7752518309396732 0.6175386715421797 -63.10780093480019 0.9221826279089878 -0.13171371745949678 0.3636353907636984 214.17211775184757
0.054290092138232514 0.42169824647030557 -0.9051094822282485 -29.761291602799595 0.206283358994404 0.8821558403859914 0.42337719479781594 -63.117658955914216 0.9769850365781467 -0.20969421116652964 -0.03909700890910876 213.8026616432506
-0.04787939314235963 -0.33942388603686513 -0.9394141734612846 -32.379485954788194 0.526924480132423 0.7904002273147368 -0.31243891066572416 -70.47770029749614 0.8485624054537707 -0.5099597104168526 0.14100687147109028 204.73715415797133
-0.5678638244929735 -0.4674998942835485 -0.6774765868109981 -29.775661864444245 0.7547636648749954 0.032659614113450634 -0.6551833024356021 -78.64965187372484 0.3284242485211355 -0.8833896073934902 0.3343057201611965 199.45158900698115
-0.960618092810959 -0.2728959088817673 -0.05235172088695024 -21.714526334160553 0.268905116656844 -0.8654958639003604 -0.4226191522010487 -85.67421616228526 0.07002083975502632 -0.4200532495850477 0.9047940923287662 200.57958404240955
-0.5635498510797808 0.8242626862755557 -0.05479588818293707 4.362918921806347 -0.30906516307611814 -0.14886378427606964 0.9393179965824862 -80.57261362529694 0.7660876518523747 0.5462880172077785 0.33864304501126563 203.5793606232
-0.39322277609901324 -0.03550520505564186 -0.918757437396257 7.283872879632883 0.5811520902794278 0.7647358768604491 -0.27828274579342316 -72.36191678096257 0.7124872604621296 -0.6433649190439524 -0.28007764034769245 178.802021407939
-0.5016225118483304 -0.6331759261556954 -0.5894600089436471 12.521758031544167 0.6473648791201754 0.17724188553109196 -0.7412853885617197 -83.2459588434188 0.5738410658785988 -0.7534411460427775 0.3209873370727475 173.97139774524902
-0.7364637423157857 -0.6343303286153694 0.23504508174590874 21.243402520904937 0.4371313459162671 -0.7114141489733102 -0.5502781978763188 -90.87815050710496 0.5162725468893877 -0.30251436798819165 0.8012163967924294 171.72952309408595
-0.8761484551976665 -0.09423682247913809 0.47274020956945584 32.68822512016705 -0.025011186307336605 -0.9704964642019193 -0.23981462326361028 -91.84557457484968 0.4813920699536272 -0.2219370051627335 0.8479420031612729 167.02214057338057
-0.7188052319763114 0.6266248781547896 0.3010984898018773 42.999458602001525 -0.3404028686187481 -0.694866613531964 0.633471606652376 -86.22114498584276 0.6061723562812849 0.352847915504836 0.7127786634042018 162.42283819088772
-0.6670714223298161 0.5098849103212133 -0.5431694908015354 48.279750054871116 -0.17479861646103323 0.6016180487128403 0.7794236121303088 -79.21662711250093 0.7241969077496674 0.6148764930371606 -0.312195030575657 152.95646622043662
-0.7341652649703394 0.3353079858302801 -0.5903981015801686 48.35127157740422 -0.24205838417297948 0.6831551111148517 0.6889897189430451 -79.07084298575498 0.6343572356035625 0.648743130056951 -0.42038464391710306 152.9869433815936
-0.8419759826687819 0.28854490217606044 -0.4558709072063515 48.63555033551242 -0.3454617711140651 0.36068389976436577 0.866350557886066 -78.48328636560208 0.41440633357571793 0.8869323333146505 -0.20400594798523378 153.1995556842302
-0.9065285183009439 0.23155115160458242 -0.35297324218371356 48.79935808137572 -0.3774309969311252 -0.07005879811129867 0.923383781188934 -78.24624634450122 0.18908169679445333 0.9702967736717387 0.15090488043644856 153.7287668239217
-0.9810622599292069 0.1885982461174151 -0.04413098349264439 48.652821126758546 -0.19328686902610542 -0.9385173351160669 0.2860513903981544 -78.01984544378263 0.01253109750497324 0.28916416314624144 0.9571975022675565 153.924075445707
-0.9556096096921939 -0.1808339342602559 0.23261419149287899 48.641807676688565 -0.14912760116699553 -0.38404497876939864 -0.9111917541616504 -77.98697168407072 0.2541087020039 -0.9054327929238943 0.34002974144025017 154.2340631112663
-0.9927325675959324 0.018714316812487673 0.11887734679334319 48.507697736323195 -0.09553069617881418 0.4781886186531549 -0.873046121965028 -78.05134886649084 -0.07318425597062725 -0.8780577539870734 -0.4729256234770914 154.3654288747344
-0.7322682681110855 0.6217036752556743 0.2779707245217999 48.50108318026617 -0.063419321503514 0.3441437387874813 -0.9367726921262189 -78.26018314356054 -0.6780569099844199 -0.7035976316240397 -0.21257751432222716 154.60575717427446
0.3560662337134394 0.81726938898981 -0.45308672793334503 48.14057741879183 -0.805352469454001 0.022469605680629237 -0.5923702531060246 -78.31107859137589 -0.4739453946959117 0.5758175602052913 0.6661905884998353 154.4491733973005
-0.05613184857732421 -0.6004964381043877 -0.7976548397641875 48.224513107375074 -0.9969972402856397 0.07639759085740501 0.012645591089343279 -78.58198565764617 0.053345275686858595 0.7959694943495784 -0.6029816295931112 154.54154866798353
-0.286792383688087 -0.9235619269905752 0.25452602160085075 47.74024021637864 -0.9576820116768985 0.28316185082250983 -0.05161909287517465 -78.78345858041575 -0.024398630473684665 -0.25855895508030813 -0.9656873063154462 154.96324112353437
-0.14305207544204332 -0.7429283523341698 0.6539063900970506 47.72553293831927 -0.9886132886691696 0.07609419519633646 -0.12982079542256558 -78.66292382448732 0.0466890691538218 -0.665031681016365 -0.7453542741985802 154.60351608984635
0.1705369918109741 -0.8018518500055906 0.5726698394945139 47.825857481042284 -0.9820854602047511 -0.18559736620860962 0.03258475887354023 -78.23096408764053 0.08015786473255491 -0.5679676296225297 -0.8191382596500285 154.32719581078695
0.3767111410054307 -0.21544899069186307 0.9009275490583251 47.74885680537433 -0.8616739855715917 -0.4384854339011045 0.25543779447396875 -77.60432996750201 0.3400097922583263 -0.8725320949205323 -0.3508291386159821 154.21941469835375
0.326820150542351 0.8530068202175526 0.40690042253825665 47.5034050828243 -0.7612147155872355 -0.017582026048711463 0.6482615437718512 -77.27699717094127 0.5601256519504482 -0.5216035247411194 0.6435751836457967 153.82139851437157
0.664675881944624 0.7373781993692641 -0.12033022503126833 47.4537853198428 -0.5185171921960324 0.571224704353178 0.6362721575974899 -77.12868394717687 0.537908815096271 -0.3605214670883915 0.7620225576780227 153.83393041050078
0.8361970300510991 0.535090153153153 0.12022085897319752 47.51113109909454 -0.3905431371365497 0.42708373167668706 0.8155216393037374 -76.94543488107587 0.38503322579909677 -0.7288882041408333 0.5661019350744952 153.97121329155465
0.9299554485735315 0.1527641861593048 0.3344338007670341 47.61050442480846 -0.32195919409872875 -0.10090790013240404 0.9413606498182105 -76.57731742101782 0.17755320612057265 -0.9830975023454945 -0.04465601726924571 154.3335375395114
0.917565203325274 -0.05478105125299445 0.3937932631092898 47.785917611508246 -0.26652877720691626 -0.8197030020575117 0.5070003938247846 -75.66538688703213 0.2950195054013038 -0.5701631563346726 -0.7667316783538092 154.48467861142453
0.9265158268508866 -0.2520136726088809 0.27938777964148354 48.18333327953847 -0.10294806211163204 -0.8840084677296369 -0.45599421650910904 -75.29161908066314 0.36189794017412236 0.3937234280563979 -0.84499215564243 154.30383427356477
0.9730714787729188 0.20436402790878885 0.10661726546661172 48.428642772135305 0.16601367202176961 -0.30046726633376714 -0.939233135362972 -75.47679768115016 -0.1599104683894444 0.9316408996812043 -0.32630334987655235 153.64460265719515
0.5907122790393144 0.7660107790510984 0.2535478056889972 48.54197238720038 0.43931669602514134 -0.0417563125666013 -0.8973612711469062 -75.92082773864442 -0.6768011849766009 0.6414701058805193 -0.361187291132868 153.34560918553856
-0.097263429467571 0.9941784735774423 0.046357178121961135 48.52317249609884 0.4967233991708797 0.0888526913711258 -0.8633487498990382 -75.90355304933787 -0.8624417023801257 -0.060945565149011297 -0.5024738282580827 153.48595801466882
-0.4828146340807016 0.8322563659366539 -0.2724690266350103 48.60952523262179 0.4738762648590677 -0.013351555269776591 -0.8804902166265642 -75.95619303611616 -0.7364314732008208 -0.5542301663837776 -0.38794021182325683 153.73566829891018
-0.2856807186393327 -0.6639166767701493 -0.6910869506105528 53.26074574578888 0.7541731438212314 -0.6006915274253869 0.2653159588455864 -81.56731791699586 -0.5912777656368534 -0.4454035644062969 0.6723141145905314 163.94125072997144
0.022588225489758283 0.8020687603777471 0.5968043864578451 63.197615478053606 0.7535382560655617 0.3786510722873993 -0.5374043748438149 -99.65633748734865 -0.6570158816306437 0.4618539477818758 -0.5958364391369484 180.1058434486634
-0.40572970997283614 -0.8485687488615131 -0.3395798593865103 61.245938680505276 0.7334158558841866 -0.5239768506746945 0.4330697891733993 -116.1256584605027 -0.5454214744424898 -0.07334397325366739 0.8349467508795639 194.7732967256838
-0.39159339665164294 -0.7738488555781164 0.4978077544788417 65.27750448373895 0.8380890816515696 -0.07664695185238064 0.540122149136809 -124.41516817404356 -0.3798174599926308 0.6287155107774715 0.6785687169274494 200.18717422193535
-0.44968880785241544 -0.8400691696265966 -0.3034201152447735 65.4419678636037 0.7924891678832314 -0.5319591299629172 0.29829583107518803 -124.45290049066324 -0.41199623163326643 -0.10631685798581678 0.9049617841809712 199.91330859182864
-0.4161067835758624 -0.8632995155360129 -0.2856030306867093 65.96409052368703 0.8249704201833825 -0.49051250512816524 0.2807512923128619 -132.75880382928705 -0.3824643126941373 -0.1187915350021892 0.916302144888475 202.28164233063637
-0.3723491931170092 -0.5822600978471301 0.7227234995765396 66.15005040678523 0.9246196645416563 -0.16542236664072082 0.3430946175005588 -142.03323819404832 -0.08021567382988394 0.7959953637239546 0.5999640210895831 205.00533571689613
-0.16668551563302553 0.9853204647237835 0.036871678489824714 65.76409135062332 0.9854346644492649 0.16774911333914555 -0.027906219301290808 -142.4784426291957 -0.0336817603446261 0.031683067566696616 -0.9989302889839942 205.3251310370829
-0.1472601397249407 0.02560061856668207 -0.9887664332779464 65.81317978935851 0.8645489719212873 -0.48229066844974006 -0.14124725227821114 -142.6819277856293 -0.4804888410754529 -0.87563709346698 0.048889202761570834 205.25426681611438
0.026699895361541312 0.4821137417133862 -0.8757016932944682 65.33085592360295 0.792270514081919 -0.5444016098317538 -0.2755618256017399 -142.64841394741208 -0.609585554376128 -0.6864351588196137 -0.3964999680103835 205.60522626303992
-0.1319814786811701 0.9899032264301098 -0.051696146746048076 64.80768257852536 0.9170519066557473 0.10213805261617255 -0.38546545721611886 -142.80559897822587 -0.3762933560191925 -0.0982823509641163 -0.9212729724163052 205.3168091072215
-0.3087287612602185 0.6160029580053421 0.7247254015828323 64.75245840822524 0.8160530312420232 0.562964530518496 -0.1308754659162347 -143.23019030604783 -0.4886143695916357 0.551009340308089 -0.6764944232747285 204.81749359013537
-0.4441366224751377 0.50633020945131 0.7391700613345803 64.85514678855012 0.7255553953592271 0.6872817420500462 -0.03483066622627272 -143.46042791209706 -0.5256539059509472 0.5208392516330193 -0.6726176069037025 204.82365352132706
-0.3610076690069938 0.7000697325347932 0.6160972589671192 64.67639273834473 0.8582724224885605 0.507814253489476 -0.07411567140990409 -143.61164035344675 -0.3647491078998682 0.5020229611696929 -0.7841753851943186 205.00901549845787
-0.27575328531226945 0.9525525468663417 -0.1288556211344053 64.23676857258974 0.9418675376279042 0.24099064110126775 -0.2341133325215477 -143.58149225239248 -0.1919522524020847 -0.18592244716559783 -0.9636322827913749 205.04675975357853
-0.058448823742398875 0.6650418125234842 -0.7445153608882806 64.20541861368547 0.9438781519157293 -0.2060424183984867 -0.2581483220101325 -143.44405382601076 -0.32508117346175824 -0.7178202486806694 -0.6156754999549219 205.44305044586554
-0.025258739553174668 -0.06829576638903025 -0.9973453185178732 64.36223340710565 0.9404889758951885 -0.3398237563344027 -0.0005484983070125726 -143.28371381033762 -0.3388841723890348 -0.9380061316026173 0.07281493514442901 205.48180300726014
-0.02150013431593451 -0.20063733538493903 -0.9794296319154464 64.42372361058275 0.9561583649641867 -0.29031082654682844 0.038481230472891925 -143.46357311652883 -0.29205979753024414 -0.9356624838259384 0.1980827883165619 205.29553601914492
0.13961126633528495 -0.1978156998271602 -0.9702461766037254 64.35227212718908 0.9893289240545541 0.06910654414716602 0.1282675546858658 -143.3720113794738 0.04167702414178086 -0.9778002017068322 0.2053528456115448 205.5171477772767
0.38260909883435307 -0.06931021702308461 -0.9213068822631121 64.50535327043715 0.8530252117391411 0.40955279227081054 0.32344164617527726 -143.21424846253208 0.3549059954784595 -0.9096497150878415 0.21582198732763086 205.8984968236996
0.5777922738727984 0.05210825011136815 -0.8145187649914709 64.7913195442439 0.4417459870679672 0.8191916774113962 0.36576697304328637 -143.22470201322687 0.6863064702902386 -0.5711477268887901 0.450304011649372 205.7502816100632
0.8667277851150873 -0.47465378517512646 -0.153253811464573 65.24305533173963 0.3903993451506639 0.8368108817379872 -0.38384358729933615 -143.15188046920932 0.31043726872820465 0.2728577146129706 0.9105917689946221 205.72637070644248
0.8818779588332943 -0.05484233182822194 0.46827725159745337 65.18825715270897 0.4070457925712817 0.589758046223462 -0.6974949244723576 -142.4943726204802 -0.23791802889659378 0.8057156853098518 0.5424179624345339 205.47654665744574
0.4945116549447308 0.672719794312863 -0.5503692410223175 55.961064822874974 0.869155670617982 -0.3789742775044758 0.31772144595945107 -145.708734964531 0.005161720297507117 -0.6354735048211033 -0.7721054211142089 208.3875136897273
-0.052073079170887215 0.6071289292669937 -0.7928952375142475 52.30806515383301 0.9370427185420669 0.30424471248154455 0.17142373976294087 -155.96770775510305 0.3453104951387259 -0.7340501469069637 -0.5847487013862527 206.5382161228774
-0.003351972200208923 -0.4000021537163989 0.9165080694159817 52.47304236407201 0.7062833261836228 0.6478759205102248 0.28534304753756395 -155.94059211709285 -0.707921342690955 0.6482708297041191 0.2803431895326951 206.10219953232408
0.2251267705254365 -0.9687646101902447 -0.1039858992158523 50.5791068969659 0.7430720731978839 0.10168086545483902 0.6614415285070564 -155.95933826423988 -0.6302077683004111 -0.22617721291787088 0.742753012198884 212.52654591905772
-0.6466259332849581 -0.3614208279687797 -0.6717513584010959 41.22791822729831 0.37156126293362834 -0.9183304847210783 0.13642341704822647 -165.2898312219375 -0.666196014916421 -0.16138186373415833 0.7281062860373929 218.59255911075505
0.82956485210532 -0.1535172548955441 -0.5368934797525619 50.04263270114943 0.14896247925408446 0.9874647839585272 -0.052186973625743704 -174.85042681153115 0.5381750049249349 -0.03668450478163032 0.8420343883612889 227.69769196836688
0.3432634926966995 -0.7986803590819873 -0.49424675881418845 35.651478898650815 0.8859400021376568 0.4500742105361628 -0.11199784650865867 -173.3280265921149 0.311898200049297 -0.39942820259330053 0.8620769245137531 218.08824879320306
0.4150089216136582 -0.6452364688932307 0.6414339359523026 31.27491453276621 0.7856377205381309 -0.10140904042355652 -0.610319243173621 -179.2085538111751 0.45884743330296335 0.7572226262669172 0.46483645212129404 214.0967110408975
0.24916533815652386 0.8873708280485542 0.3879299521689029 26.819872967257936 0.9644564724138767 -0.2637474161048634 -0.016155906566557163 -185.87946497154252 0.08797924232638984 0.378167045135385 -0.9215472526643671 211.1867071738017
-0.2706048046172307 0.6306623030334938 -0.7273500527604014 23.085041970193423 0.939838529588459 0.009423065240628492 -0.3414890102806711 -201.14442076727602 -0.2085103786843009 -0.7760001709883567 -0.595270658278205 210.5702039460559
0.11354301672494845 0.9634488879770715 0.24264011129395097 28.959714439951302 0.7232059009997219 0.08730692745011728 -0.6850917640567562 -213.4741780189203 -0.6812350608359619 0.25326614593143465 -0.6868588291729656 211.21421323862532
0.24013270934168005 0.827285634642324 0.5078727799544586 33.80623015788317 0.09359249256438563 0.5010130364806262 -0.8603640988628277 -221.44417760462227 -0.9662177431820463 0.2541346414617847 0.04288189325671004 221.48512178676432
0.058873865686210225 0.9951865413184954 -0.07834293789289884 33.833829927312095 -0.45925681539469626 -0.04267914983051833 -0.8872776722555702 -220.02805217960233 -0.8863504078256409 0.08821699466810425 0.4545335151548716 234.6018376840685
0.8499616351414383 -0.07617607302225603 0.5213083777253139 36.486908597143284 0.24402963731034896 0.9338695020025432 -0.2614140190267129 -213.7634466953921 -0.4669205016936732 0.3494065814039947 0.8123424684021503 245.88340503307165
0.913453501101076 0.09181335291231774 0.3964505133723289 31.115551717707795 0.07599386423071998 0.9185923179468062 -0.3878312597101915 -213.05326240762065 -0.3997844843480903 0.38439362850613096 0.8321141174372773 248.68683897562133
0.8698655645643878 -0.09611928915345092 0.4838336303293859 25.988011763172203 0.21898867529659416 0.954128799974123 -0.20416217365560266 -211.69386728358685 -0.4420156780895013 0.28354773021939755 0.8510128230587969 251.25399160659018
0.8680311225064878 -0.37596601070751173 0.3243016021434447 20.094258976407637 0.26855068860681813 0.9048883764309428 0.33023863167257456 -211.15607987288305 -0.4176152511689811 -0.1995659915738349 0.8864372042046849 253.9792296515964
0.880621969485675 -0.33069105601801085 0.33933519170410753 17.669571645917337 0.12255016063579512 0.8507649810213277 0.5110581231092207 -208.53932185778382 -0.4576968483475849 -0.4084634286413775 0.7897285751922719 253.31764591966643
0.9937617612268956 -0.09901501395684294 0.05131850479451477 14.962285962111453 0.022968893769717568 0.6320061514371283 0.7746229111410428 -205.82267561068895 -0.10913290907061038 -0.7686118991771814 0.6303378114955743 251.88315294031793
0.9551239615512864 0.2590909423607376 0.14356218742134436 14.87838633585834 -0.1810657864576984 0.8942660389101071 -0.4092718321928351 -206.12023951254554 -0.23442141336710395 0.3649111333443406 0.9010474270072113 251.23309365960685
0.8821178056646465 0.3504929198129441 -0.314679027090121 9.444458772786732 -0.16437075156634282 -0.39701816003915197 -0.9029722236196636 -202.48365948293232 -0.4414186595046735 0.8482519046604727 -0.2926060034944165 253.29726490817328
0.8014103100567198 0.5311937145054519 -0.274908625919034 5.10631496025055 -0.36850217957784814 0.07647927049742455 -0.9264756148062152 -202.42557129296952 -0.47111321206389933 0.8437915375577544 0.25703731745556524 258.2483848067056
0.5640948724771011 0.5795772922357557 0.5881217026855171 5.227261079175957 -0.7566496232826647 0.6479838510707029 0.08716809242940278 -202.5148499824582 -0.3305727188248313 -0.49417313876439234 0.80406130767032 258.707848731514
0.4540029855777449 -0.30165363386667465 0.8383831905886017 5.0305812361735285 -0.6879397431649362 0.47929840249521005 0.544988028437047 -198.18391246354116 -0.566233343119824 -0.8241833088218704 0.010083382308458575 258.02135718084344
0.9118134252664891 0.2320662125377823 0.3387352218210585 2.6341021961248927 0.25568104682786613 0.3246089272793211 -0.91063507873548 -195.55829538527883 -0.32128411071324514 0.9169374664222941 0.23664784569959996 256.38009293999414
0.9733894871020171 -0.2117259893036243 0.0876641993785032 2.6983039550523427 -0.07321213126017845 -0.6498298842840396 -0.7565455077705062 -194.77914501338785 0.21714716262390826 0.7299953609063505 -0.6480384886868923 256.2661464407519
0.8567185100375136 -0.44506025717846104 0.2606813419471084 -2.480152411042678 -0.47294157097129297 -0.8795157888744018 0.052709084300937355 -195.4357626004317 0.20581463749283166 -0.1684438915511106 -0.9639849534058146 257.3511123290113
0.9623034712195145 -0.052527303366872495 0.2668574744688224 -7.673046612974298 -0.27174021266820103 -0.14466861717389848 0.9514348364570387 -194.93243678058366 -0.011370404474466744 -0.9880849526260356 -0.15348889307077074 256.3522705341715
0.914031472248322 -0.3363046470196769 -0.22681634009157303 -12.030297938738425 0.3493417821702931 0.9368074042647243 0.01876716667139831 -194.2736167909135 0.2061717414430267 -0.09639020545552102 0.9737567156752196 253.15134019228614
0.06621539905475227 0.9425095001506958 -0.3275536033288394 -21.142062103990718 -0.9928560198586632 0.02957968710090688 -0.11559397017762452 -191.72358733915615 -0.09925948195730555 0.33286766775506854 0.9377348617838985 250.69928309878966
-0.18683348358152857 -0.8987001236016228 -0.39677618029717987 -15.37499873980982 0.9797770422474302 -0.19990912065643174 -0.008561014148393335 -185.89748295928726 -0.07162539282731059 -0.39035167646213814 0.9178754663817583 252.87653730601727
-0.9714067284395127 -0.11895466092805165 0.20547203358592786 -21.29339176838888 -0.02942472916075006 0.9190784368484733 0.3929745694494532 -190.50082597922002 -0.23559107210643757 0.3756921819304445 -0.8962991861984925 249.63750244856575
0.13208970368415365 0.6048113628738591 0.7853378416447908 -23.501297831170866 -0.6131052051014769 -0.57269570932809 0.5441705908946852 -180.3740651851691 0.7788801689978415 -0.5533740505804904 0.2951657881361469 254.34136180171578
-0.5767466396690232 0.7946292547388624 -0.1895459341258769 -19.424840762388804 -0.7961726253337977 -0.4947940185817008 0.3482643103231494 -185.6805407622991 0.1829548149122632 0.3517715546898718 0.9180328474578064 251.42851210820922
-0.350380109799339 0.3837189311372957 -0.8543966061167704 -19.16730407613693 -0.8996598480264343 0.11580703304387015 0.42095235947388193 -186.37231281423524 0.2604725254341758 0.9161596547460632 0.30464003431839864 251.27244749784506
-0.279906221373365 0.6438250103601052 -0.7121389353709687 -16.79285507411052 -0.874114923040986 0.13580433905651074 0.46634781312929396 -184.04537390544215 0.39695794305384124 0.7530249249050356 0.52476456999137 253.05912420224226
-0.04088234825581224 0.8766626804511364 0.4793653912260676 -11.256175812042551 -0.7983426439450076 -0.31715221657533715 0.5119213751937348 -178.24069617243563 0.6008141613344216 -0.3617692859068874 0.7128431295274122 254.39893474057007
-0.053664768932326065 -0.7293640985375662 0.6820176715745163 -7.401218644708971 -0.9912362081010389 -0.043653851550171076 -0.12468007456810806 -174.9765503481988 0.12070986838247173 -0.6827315380215846 -0.7206294295029633 248.6990706865166
0.6865941628338937 0.14023788562225392 -0.713387546147692 -10.568175006257256 0.36738294515793035 0.7798093087998819 0.5068798807569057 -169.0359831486796 0.6273900120096828 -0.6101071851283589 0.4838915121029077 245.28568649597437
0.900342222425183 -0.29227046155775105 0.32243117066949695 -13.603764538911292 -0.23536000112774932 -0.9502288362718924 -0.20413433955733665 -168.00499790293568 0.3660458337252682 0.10790336425795514 -0.9243199184233704 238.92968158986963
-0.9440052378550655 -0.20930126321327783 0.25504331420276094 -15.731538134680362 -0.15243966333980305 0.9622565670953789 0.2254427823698589 -171.42609231302708 -0.29260256311770316 0.17394045043963008 -0.9402810535992986 239.98432795980042
-0.7855344083400974 0.6127047615028194 0.08676732418109744 -13.122369695047094 -0.6145378617238297 -0.7559319100105595 -0.22563280775563285 -168.7165738971441 -0.07265610656840339 -0.23056414001218636 0.9703407996774949 242.2230112743316
-0.02944621158474676 -0.9276760119353787 -0.37222323611373137 -9.762572704032294 0.026773824345345112 -0.37298310824312325 0.9274517579341918 -168.42465358665382 -0.9992077276288595 0.017344101157811424 0.03582037411581205 241.11598556675568
-0.13022365532288815 -0.42007004002524556 -0.8980996387191875 -9.670223960839154 -0.5038494809435133 -0.7520963564028971 0.42483734680279467 -169.58341447972595 -0.8539189072431272 0.5078309090225567 -0.11371133494082888 242.21067552511187
-0.24343814872436123 -0.9648053111677332 -0.09944133591314425 -9.148158199984405 -0.8609406527526293 0.16773160965145184 0.48025753462242465 -170.33974345420123 -0.4466755647934337 0.2025260937910655 -0.8714723869120572 242.00456627818963
-0.30361291408976004 -0.49070683362933826 -0.8167165982318435 -10.002835952844134 -0.9204401366207328 -0.0704271805816858 0.3844866280287536 -170.08343652888937 -0.24618926316054454 0.868473842821293 -0.4302836634589825 243.0629541340851
0.666789545011932 0.49877362039447676 -0.5537296978322259 -14.473952108482688 0.35312715004739453 -0.8657660286267032 -0.35461302792671184 -176.51907064480136 -0.6562719852029242 0.040915269454456234 -0.7534142434035079 247.4458654866036
0.8807801454392652 -0.473332887580669 0.013502330707471588 -6.776704294447737 0.04986005213379969 0.12106035718109932 0.9913921348893177 -181.54794496081664 -0.47089309891014886 -0.8725252818421529 0.1302279614563121 245.4017820821582
0.4313891113310437 0.7113039936657881 0.5549324852809703 -7.441380488903816 -0.8960875127441484 0.4091164775008816 0.172194301128916 -181.96930568348915 -0.10454952954947348 -0.5715508170166266 0.8138790201489462 242.99662114528385
-0.32387499047552487 -0.9356794523293033 -0.1400319714680011 -7.886276775009423 -0.9166330633537024 0.27367984439168186 0.2913471639480148 -181.0945438328014 -0.2342836266393507 0.22271799492290736 -0.9463127797014216 242.1913142079485
-0.018937290415939036 0.9435432226930709 -0.33070767445234434 -7.03942234283252 -0.9683134550930373 0.06507383885312656 0.24111086284674293 -180.7908474204474 0.24901893847152654 0.32479467730689787 0.9124132758107043 243.07561703578585
0.9636207038875166 -0.08631752373585685 0.25295142643487506 -7.928815037230097 -0.19093164369354798 -0.8845886233817022 0.4254974439642901 -181.22169096300985 0.18703006837352862 -0.4583145780790462 -0.8688886586004085 242.01070570442926
0.5948594933832396 -0.469601334863757 -0.6523931095788905 -8.08904294526747 0.0041124919961860115 0.813373462018009 -0.5817273405079212 -180.38086711060876 0.8038191777641379 0.34336306962021157 0.4857741572784301 243.29133370889676
-0.9344239822219406 0.2837886653378529 -0.21521109375274308 -5.902195252956437 0.11185528468726176 0.8075062607412704 0.5791563123640994 -180.9918747643545 0.3381423024941177 0.517105049568665 -0.7862964777833888 244.04879591303862
-0.7361026789840842 -0.022112931097290636 0.6765085840333012 -6.804403525336439 0.1871577655805185 -0.9671489592856072 0.17203157075279532 -182.81228101389888 0.6504804507249717 0.2532467350846852 0.7160595466814076 243.83306994074186
-0.9542530991959166 0.14223081647558913 -0.2630045960048548 -7.805613499932626 0.24564574061747232 0.8744175773571657 -0.41839224481975995 -180.76881065895603 0.17046757108459729 -0.46385805507020356 -0.869354077436233 243.57378431042352
-0.7117188031426669 0.25225223298740584 0.6556105217322544 -9.587309247925699 0.639812457955913 -0.152507331363104 0.7532473249371133 -182.45426625556814 0.289993730790136 0.9555680639459282 -0.052851785864309955 245.5182959304352
-0.8798164599875933 -0.16785965327837973 0.4446865565048751 -11.232794783564016 0.38943345047003286 -0.7909669916023445 0.4719245764426143 -181.54868851292386 0.27251529202946445 0.5883828303042152 0.7612759424895121 244.57438834153342
-0.9019119483001294 -0.28994381811404113 -0.3201365643767016 -12.86148443666385 0.4314342608241134 -0.6399040681256226 -0.6359145085492459 -180.68641813765078 -0.020477209297527842 -0.7116567753726016 0.7022288216569109 244.44303639159966
0.27716974826552593 -0.09686402179023396 0.9559258820269739 -20.7778690402225 -0.47635237933549657 0.8501724590015048 0.22426591505787424 -178.6029308744341 -0.8344251562290265 -0.5175172955930599 0.1895006791919451 242.72236451029835
0.47951794115289487 -0.5355811370058327 -0.6951369575817631 -19.119092886378287 0.2227387409393347 0.840492116691373 -0.493923531596152 -181.19428060331546 0.8487932595144985 0.08201126424579266 0.5223257174786224 237.11714780703423
-0.9551862543200185 0.030742380284710668 0.2944046969946727 -15.645634468675947 0.28089537508362833 0.40784976833975833 0.8687671464332852 -180.99880477813633 -0.09336491747289752 0.9125313542665996 -0.398207884986778 241.29484629833428
0.20883021741375862 -0.7849314399896868 0.5833288736301687 -23.694583682671436 0.849250684560853 0.4413307740084194 0.2898282641255904 -176.59584694926895 -0.48493630001047205 0.4348675458445331 0.7587667642321357 245.6096382278993
-0.21374432140289393 -0.9626129504429907 -0.1664021415350754 -28.47319292784759 -0.9191511121348469 0.14047876201091675 0.36800400878951806 -168.1620886438681 -0.3308694578369126 0.2316074805858458 -0.9148133016126208 245.91017632180035
-0.5443825469656343 0.1836662335273194 -0.8184829608618004 -28.14569869958232 0.25599996018900695 0.965562461747417 0.046402078051484594 -172.51359119179733 0.7988189174915906 -0.1842711239618357 -0.5726539006515228 244.43519850627996
-0.08824107477714335 0.8558096523418046 0.5097090853425864 -31.992669335714545 -0.11776175707927702 -0.5170794938763575 0.8477977150135356 -176.44341232873873 0.9891135836150341 0.014786344077185034 0.14640929867004635 249.8195198127691
0.058101703325868385 -0.3097547920466235 0.9490395992132193 -38.172768187937194 -0.2992658901503405 -0.9123303209766399 -0.2794518069706956 -173.95009772833833 0.9523991385249968 -0.2677785544639765 -0.14570698921474662 254.98661787289944
-0.28612874914267084 -0.876990865664409 0.3860276679918735 -37.9973565310789 -0.48034541277760706 -0.21731059990698412 -0.8497319504358883 -173.76822209282247 0.8290950629074826 -0.4285593596099138 -0.3590797292429327 259.3615546889918
-0.772475018334793 -0.3557150140984089 0.5260695531901013 -42.93440094360569 -0.5638360354445419 0.0030313719193281003 -0.8258811875315177 -175.1943498708273 0.2921836257952309 -0.9345895567195551 -0.20290660237630936 260.03436064095297
0.2554830531157928 0.8643648117884584 0.43313032878400304 -47.3473896928252 -0.9652302479312987 0.25366504273385054 0.06312380353970276 -175.83060070630967 -0.055308028794354695 -0.4341975566913532 0.8991181811720534 255.88595447220692
0.9723562513535545 0.150122127983175 -0.17884816785046623 -39.935642424787424 -0.1359624866708173 0.9867057884238198 0.08902746379189591 -177.21915592888672 0.18983551478043245 -0.06224976932273288 0.9798405194455443 251.89121901141374
0.4706058719982543 -0.8569642364399319 -0.21010095360014408 -36.94166179971581 0.6467526682638008 0.49700481472753955 -0.5785302068442926 -171.9867581153383 0.6002008824838719 0.13637636012362775 0.7881372907463594 251.5781009264858
0.6415218352737541 -0.7228234175029431 0.2568580191007536 -32.238650082964774 0.43769520780877086 0.0699250202825426 -0.8964002435294877 -171.7254108190308 0.6299782852830983 0.6874858534165301 0.36123477327620623 252.40762742378294
-0.8980388989710062 -0.4395511770380916 0.017913645619289445 -28.44452991532762 0.17261937638833053 -0.3895454039191552 -0.904686094278434 -169.32391615242986 0.4046340159085109 -0.8093510616845392 0.4257019757058448 253.27526249666974
-0.9684706385271018 0.24686194181875726 -0.03352318589249711 -32.40191741206519 -0.09622546541782084 -0.4947886546010911 -0.8636694084446709 -169.33888481428974 -0.22979399930379776 -0.8332126793079396 0.5029426895029399 251.52211263831344
0.11820005918619686 0.9869629169554468 -0.10923802709303257 -34.58943084737867 -0.699322510300455 0.0046380439567318766 -0.7147912388490272 -171.90169989939557 -0.704965795337228 0.16088097806469684 0.6907536017289347 246.4088739708284
0.8535224995451096 0.3631720631752572 -0.3736380538693809 -30.77137364293766 -0.52055492985181 0.5628868689637729 -0.6420131912625622 -173.95482827132093 -0.0228453009883038 0.742471834669295 0.6694876152294118 244.21318388852518
-0.5447320671038858 -0.7999949503399636 -0.25154533289109143 -25.399542879669834 0.832464993242418 -0.47959508153396346 -0.27747178738447237 -172.537160814101 0.10133612433199184 -0.3605504641502959 0.927218611065577 247.95622795478374
-0.9747172559404442 -0.11478214895757957 -0.1917063620556546 -29.832363346580127 0.17445782710970847 -0.9270138411900606 -0.33197862100172937 -170.20540465629475 -0.1396092315432307 -0.35702996586103436 0.9236010318017069 247.09373010968264
-0.8098998593253185 0.585315133687501 -0.03831986614297738 -33.80308156853835 -0.5865203224603908 -0.8089382284534745 0.040160352183658765 -168.5043157813657 -0.007491942724958072 0.055001243830817274 0.9984581783786788 246.5833609781174
-0.13801323480863448 0.9882203447145894 -0.06612788602274983 -37.086553656581266 -0.931084044280821 -0.1066896432841106 0.34885501644892614 -171.04553543775333 0.3376904640396712 0.1097172288571371 0.9348407779876646 246.5116243694183
0.40811465309516237 0.7920739105985188 -0.4539398088713829 -40.50960881720443 -0.5949213442067967 0.607901573996649 0.5258557506955457 -175.31390543877572 0.6924673451767901 0.055449044009529685 0.7193152155920498 247.76763216205214
-0.7639712159386892 -0.09972618458673053 -0.6374971916212162 -40.377272958845346 -0.39675025580475026 -0.7065446393094862 0.5859896818049743 -180.11976651388807 -0.5088587384884228 0.7006064235865974 0.5002133779630135 251.0356995597353
-0.9387632544120166 0.31227731662553104 -0.1456242757472827 -43.76076130112545 -0.03300729248369631 0.33918899188781954 0.9401390037781764 -180.23283879156278 0.34297823663996396 0.8873746138487866 -0.30811073315945664 246.38078929565916
-0.5215257909626402 0.8267426975865361 -0.2109676784441957 -48.8743462411095 0.8473147542832387 0.5309037125763004 -0.014105146104801122 -181.5324701111711 0.10034219717909172 -0.18611222410159944 -0.9773912642873521 245.70051329020208
0.2188229288264983 0.7650338635019335 -0.6056729426968832 -54.458972487871534 0.7549336163210911 -0.526005154401056 -0.3916552214536181 -179.27872632910197 -0.6182165969691813 -0.3715397222893237 -0.6926517696454817 247.12973925136242
-0.6326642727208137 0.3415525807301194 -0.6950379504884917 -56.71227089348041 0.23896752689607895 -0.7675893699707711 -0.59472773619283 -169.42961418930417 -0.7366345356496772 -0.5423544908124862 0.40400639497873514 243.58501297554142
-0.8012093046770109 -0.5352464527507664 -0.26753482935256573 -63.04706593176482 0.5486465046427004 -0.4786371285492019 -0.6854877913701486 -163.11469335395154 0.2388528062266173 -0.6960012456827207 0.6771496163816175 241.50788831731663
-0.9430751161854841 0.21715639062455702 0.25189765231667904 -64.51978271744133 -0.2685885510311198 -0.9439697056375508 -0.19178473634145454 -157.52297542587067 0.19613647158737374 -0.24852423795169726 0.9485600601247051 246.1484144739838
-0.5381738642834575 0.8363563298193607 0.10429276759825144 -70.53706944866197 -0.7720048832359016 -0.5388114208503545 0.33718053476015736 -155.2166510162785 0.33819720883256393 0.10094722548099785 0.9356453952248959 247.93638309840694
0.4793433164611472 0.6107063894304966 -0.6302917505987198 -75.81154018164068 -0.3593944341469119 0.7917913343401755 0.4938644789494658 -157.76703172227636 0.8006657390373643 -0.0102072901681005 0.5990243614070931 249.31853143219806
0.24141418272272022 -0.4772567384416798 -0.8449527785576747 -75.06265796199469 0.8814441279156481 0.4720565933990118 -0.01479263301594629 -161.91213513524784 0.40592541401511956 -0.7412075136158086 0.5346363063018866 253.1108228580363
-0.2466540445232714 -0.9690689465909477 -0.008195063967228416 -73.15169644236579 0.8413526063180773 -0.2099349877679549 -0.4980492874732871 -160.6063203578059 0.48092366770839196 -0.129740809554989 0.8671099977361145 255.2678392929431
-0.26730102746437784 -0.5362132055417683 0.800640717749924 -73.27695668486375 0.7567793558724528 -0.6311635448171709 -0.17005171630742338 -160.63585579744677 0.5965192094490878 0.5604533681729896 0.5745057483278885 255.03185989371846
-0.18047075348663702 -0.3212686390004011 0.9296325987887901 -73.43049680855253 0.80585814873748 -0.5901984910343964 -0.04752247146482287 -160.69255765173438 0.5639352367509662 0.7405755888331413 0.36541051705592437 255.12443624368734
-0.4651018241233972 -0.5911025807151569 0.6589977483034173 -72.94196626830617 0.42831692442677444 -0.8017392474818618 -0.4168438452188163 -157.01899601336518 0.7747418314810934 0.08838505597160727 0.6260696258677761 254.97257115824294
-0.7836262066644362 0.5497253234840074 0.2893648854804497 -74.41459139836424 -0.5350497206166627 -0.36053828507601515 -0.7640248303965511 -153.49073202205204 -0.3156766774672173 -0.7535344807736746 0.5766576294374395 258.26129442594817
0.9004956216888695 0.27217238448168524 0.33916047594720405 -77.48957243149182 0.1636445045459707 0.5105028767287734 -0.8441607009234391 -156.1601414541488 -0.4028996294998109 0.8156647632313175 0.41516609034423063 255.89089542037073
-0.8076595639176071 -0.3324280821293883 0.487008828486919 -73.40389175740758 -0.00010418309985121427 -0.8258494843013545 -0.563890608562574 -155.49654445512053 0.5896490633913585 -0.45548238109828787 0.6669706009643364 253.3524995639126
0.3664754349847203 0.9117966213195199 0.18526380354260225 -76.9312071216061 -0.25400743706297196 0.28959779819132264 -0.9228289858903651 -153.2419555812555 -0.8950843409810394 0.29113577010228364 0.33773360196682933 257.2101454160772
0.5359415793283917 -0.27788638051769 0.7972112537274989 -78.59241353147215 0.8312333254464682 0.33889230862601866 -0.44068487814007695 -155.09245890576864 -0.1477084365031297 0.8988499110957879 0.41261489928127304 251.45118533129215
-0.758100780385182 -0.37938961515419434 0.5304212728506787 -74.81706238363583 0.32438625923934833 -0.9249759311932781 -0.19797242618564753 -151.68020212908678 0.565735593361495 0.021978321734918486 0.8242937533292568 247.23909032491272
0.4471951312696372 0.8812898096605011 -0.1527900060779283 -78.06760653949945 -0.5024060986908753 0.10616960570185924 -0.8580886474154796 -147.87352130161355 -0.7400031260521455 0.4604956961945156 0.4902439058462438 249.8340501497054
-0.028366426404925527 -0.9399883147965712 0.34002546066275646 -77.83902827653593 0.706016398218038 -0.2596454728038565 -0.6588816842952093 -150.57587858865753 0.7076271555701092 0.22137343223243572 0.6710123785753788 244.79918939102143
-0.9211501393928084 0.3145365439148905 0.22923608624884775 -83.05360270571981 -0.3874303581152424 -0.6848062809772248 -0.61720181071092 -147.01238429191446 -0.03715021274917614 -0.6573485529581845 0.7526704070285157 250.75417901497602
-0.5938479598508084 0.7823374078143988 0.18786372964274708 -88.53119020376013 -0.7305389708464702 -0.42645910741441145 -0.5333342683326139 -151.95017830195025 -0.3371311505269365 -0.45396124288043854 0.8247798356572686 247.983419886265
0.44130190109294276 0.8522370334956583 0.28097094303553566 -94.79914459631213 -0.520090412335376 0.49806598765868715 -0.6938560621154766 -154.69626257131003 -0.7312719022966588 0.1600697056788102 0.663037777381745 247.3141228511507
0.18199802777301163 -0.9496366094303954 0.2550823943675453 -92.70661489770238 0.5761040461182786 -0.10724732910318932 -0.8103099027201761 -157.2451227553646 0.7968568541042254 0.294428803668695 0.5275706906541886 243.3265137646251
0.4143681697432975 0.8400362911592243 -0.35019715795398404 -88.44553377512074 0.6280416023708787 0.014556762556900539 0.778043601834294 -152.98600301898398 0.6586825985214804 -0.5423348874997075 -0.5215458792912364 247.44810814634195
0.10701621557382547 -0.8136809959530903 -0.5713762039401419 -92.54434109693666 -0.5538386858412828 -0.5260468051417219 0.6453971404226924 -148.36671265895205 -0.825718014621128 0.24738228640098428 -0.5069435517936519 257.3384794037502
-0.4593938996645032 -0.7221644007244342 -0.5171419759382935 -84.32833451767178 -0.6840742183607552 -0.08371713756363668 0.7245922333645823 -147.75940864130033 -0.5665683619168683 0.6866367447234916 -0.45555490565941953 249.2529695889922
-0.8093731723598595 0.3185069877958349 -0.4934251377761008 -81.81563272279475 -0.2536143570251704 0.5682376443971626 0.782806321768465 -151.91135375204533 0.5297120215502479 0.7587221350502356 -0.3791383599821588 240.01059498827448
-0.7254480023333871 -0.5414831270308976 -0.4248778872233087 -87.98343157804625 -0.5309886645388273 0.0475342739489391 0.8460446388527151 -156.72522757617904 -0.4379226347675733 0.8393667350693561 -0.32200504657106843 239.2662901121932
-0.08631818259889198 0.8171900959274402 -0.569867983370648 -89.81896213995859 -0.11694574814429591 0.5597373534894473 0.8203766129648025 -160.15841417839414 0.989380039895588 0.1374570559365165 0.047251396058422 233.62940463659362
0.9106456705258206 -0.3236180110807222 -0.25689656606646055 -92.46826373817736 0.3135884911149627 0.13646252770585277 0.9397022064315751 -162.84085672510037 -0.2690478042891705 -0.9362955523958688 0.22575189383677405 238.491183141016
-0.9169594377511373 0.31542440485558326 -0.24432117047161964 -85.64822722079117 0.09006649892056474 0.760203000959238 0.6434123274423338 -162.1642908695351 0.3886816374506433 0.5679778535771184 -0.725484488155753 240.87175288844605
0.213381600360236 -0.8642464807025635 0.4555725114852089 -94.7282099696086 0.019824159732663955 0.4700464252735639 0.8824190392202776 -167.70116459899194 -0.9767677796275827 -0.17926064453966897 0.11743221875032077 239.6099852066047
-0.303376258077801 -0.8541787105289566 -0.42230507516936505 -84.99779427945391 -0.18852930166188026 -0.38062382006352996 0.9053077984945944 -172.32873787313923 -0.9340340188930986 0.3542657732258908 -0.04556548552431636 234.182098791157
0.6329312081073785 0.6776532950505937 -0.37441166850247953 -80.54498241829626 0.26685299779508376 0.26302049864068305 0.9271513872408238 -171.16963382078185 0.7267651363208827 -0.6867359237741117 -0.014359931288313619 224.90014931963216
-0.0560179654394748 -0.9324072084832601 -0.35704171341242397 -79.44807084369974 0.5370530939023567 -0.3296025622249257 0.776489616997337 -170.5938954781811 -0.841686379762633 -0.14825298831127096 0.5192158410322724 232.8598045176617
0.7475509446621663 0.3645972290326969 -0.555190458956551 -74.56630328011704 0.4256678570569546 0.3786789776873016 0.8218327733342357 -165.66221031690395 0.5098769073053266 -0.8506885989828364 0.12788450632259496 228.43324309633218
0.2728748120579057 -0.9617872333126763 -0.022464522721711597 -72.15895734073072 -0.20913826176537328 -0.08209586692248341 0.9744339157172259 -165.73647749798465 -0.939042344311545 -0.26120028038077714 -0.2235484044203431 241.4073190983808
-0.7231600059017543 0.32086571766972555 -0.6116247191607538 -56.668432583029315 -0.4463587415465126 -0.8928845643892348 0.05933825511810806 -166.84773084117768 -0.5270706591237941 0.31591509286474223 0.7889196247977804 233.90335999619057
0.5154678425427618 -0.6905777371560202 0.5073413961513346 -63.845217984196005 -0.6952289232730825 0.009084887810892282 0.7187309712667289 -163.81601859882838 -0.5009487474271824 -0.7232011157056759 -0.4754266491197172 228.41190600088723
-0.46673389021795 -0.869135534932695 0.16359369682014488 -58.830631400024004 -0.5884105114823073 0.4432660196021324 0.6762309559930053 -166.18111205557562 -0.6602518804964894 0.21935965395519683 -0.7182957583875228 229.68488097017817
-0.7312762814167139 0.24757496293224004 -0.6355640313661935 -55.24072333107996 -0.5397565051979151 0.359638465751784 0.7611327670309815 -173.48129369860123 0.4170106897117649 0.8996481599385415 -0.12936488312256564 223.6563108660943
0.2264283547760232 0.8372648300744855 0.49771257214759146 -63.19369488077716 -0.9605645282725679 0.10727983385282869 0.25652840831574797 -181.01511358552375 0.16138769215130397 -0.5361703475285241 0.8285380928196472 217.75801650069437
0.3148426946629914 -0.28788728470989894 0.9044307540766807 -71.75471256349645 -0.2505643938058756 0.8938778094693661 0.3717525336765633 -190.70655952177748 -0.9154734087749589 -0.343661713085136 0.20929659525502947 226.07907765855876
-0.2435371100592864 -0.6173567351240126 0.7480376578896255 -65.81094311786882 0.4268456535990092 0.6243303120617734 0.6542281325688206 -203.03656047253295 -0.8709147283331509 0.47862545172386334 0.11146843918582111 222.5612641110865
0.4517772278092069 -0.7610183088374904 0.4655625307594672 -63.27585081013127 -0.024839417655721965 0.5109221579671557 0.8592680325886171 -205.74684444909605 -0.8917849178829819 -0.3997620318543428 0.2119197445358322 214.46417395727687
-0.985236002124999 -0.0676921845099317 -0.1572507178776234 -55.90699531184012 -0.16350185754999597 0.09967377282208761 0.9814949218356225 -210.14092916031228 -0.05076576301461127 0.9927149173693756 -0.10926998736093887 211.80438706224697
-0.11786806601082228 0.9583014203449498 -0.26031808769220266 -60.350360842679905 -0.21036998645943858 0.23209877233038367 0.9496708001617122 -212.5970266212892 0.9704903852238442 0.16669897314496424 0.17424082340395966 204.90770592858576
0.9265750837819124 -0.3198914528158651 0.19780817103927129 -70.29620795089193 -0.1252883957547525 0.23337227594186105 0.9642822194310742 -216.7452074600822 -0.3546285831736459 -0.9182629466754445 0.176158249194248 209.62153022026175
0.5471355368334112 -0.8153895662729862 0.18916278584111304 -61.235908864199395 0.3667740763371628 0.43667936762226756 0.8214547503180194 -220.47705808195198 -0.7524091182734567 -0.3800670797453635 0.5379865552528164 215.8632874007751
-0.07829107109465896 -0.8264082893265582 0.5576018718756308 -50.73321314736899 0.8676560672919743 0.2189656627205522 0.44634850446795094 -222.43517169406505 -0.4909617674302932 0.5187517497625487 0.6998951100272223 214.0978679647326
0.1051882305586302 0.06777128648640135 0.9921403574494526 -46.94760222323448 0.9513296448934314 -0.2974640513134065 -0.08054219343396975 -221.36758812836402 0.2896676421329876 0.9523246247494569 -0.0957625511195401 208.70599977419147
-0.12448499535569241 0.017402939226292758 0.9920688603305642 -48.16948357435306 -0.29936099005141936 0.9525950300202942 -0.054274362419756916 -216.00651673660542 -0.9459843992195263 -0.30374305998149664 -0.11337402677134635 204.90639104499098
-0.14373802871850694 0.34795097005228853 0.9264283574782208 -49.82372056345103 0.8080726877357318 -0.499145498983497 0.3128454925039969 -223.2384549326043 0.5712774373591784 0.7935892472080168 -0.20942348550280615 202.12472510191097
0.35279343266053415 0.10057110519011535 0.9302807354086403 -53.98712779861394 -0.4291862149411411 -0.8660619192635262 0.25639021998913336 -215.28912230006495 0.8314661669461321 -0.4897164534732502 -0.26237722542455827 199.52847856201754
0.5719009303503509 0.254006124438689 0.7800065478007511 -53.22987176647039 -0.6462748329173877 -0.4461112713199981 0.6191232300106821 -209.3670592460541 0.5052308048822892 -0.8581757525990201 -0.09097368547607941 210.4502963523263
0.820651245762465 0.14486835239264298 0.5527609730286318 -52.73802016026046 -0.5713589758243639 0.22320921898501056 0.789763613561069 -209.6258805050119 -0.008969591598865389 -0.9639454367520726 0.26594875707813714 221.82014892678694
0.39632757928871437 -0.8637451124701038 0.31123757899578885 -49.48970496461767 0.5425307932147378 0.4938108198070329 0.6795669302249008 -215.33698532258435 -0.7406650986167355 -0.10047514580987515 0.6643191678444526 229.48311654707902
-0.8533541687074102 0.4393383387989995 0.28065724079564364 -41.41119561941521 -0.22501400710210762 -0.7960118206965489 0.5619020180771901 -216.6311607264957 0.4702715804272491 0.41634961915762564 0.778137285618519 225.83096917805372
-0.1892677977249501 0.9266874902544256 0.3246967757005056 -50.693859936667984 -0.837491667413042 -0.3249789216163034 0.43931356400506 -210.6132539027825 0.5126259920820163 -0.18878293331512025 0.8376010961853301 223.94632360587912
-0.1738600311763143 0.571072627970363 -0.802277223372568 -62.198749358496826 -0.8353557426264093 0.34589662610472144 0.4272426796452471 -212.26118299665515 0.5214915846113457 0.7444673113256168 0.41691120103345003 228.47920790148314
-0.14500705101841488 -0.27942961601933897 -0.9491533305247526 -69.22549773930417 -0.8901871182016267 0.45559124950937846 0.001872954448611704 -221.46513804913383 0.43190259288736244 0.8451956596325894 -0.31480858818558916 222.85837160660688
-0.19656651724852048 -0.9039283524206926 -0.37983567234634696 -66.44791085546368 -0.8984134245700448 0.3212050430615267 -0.2994672584176226 -232.08121860726877 0.3927020789976956 0.282384231149434 -0.8752395233014952 216.57731345341318
-0.1228442021833065 -0.6808015091042435 0.7220932122595622 -57.860156150682485 -0.9284313037527044 -0.17821256729889898 -0.3259687025908911 -241.16752610320384 0.3506060698305163 -0.7104573076956261 -0.61018505204559 216.66616656191832
0.2199227840611823 0.7487009100161824 0.6253646267512422 -51.48512428012226 -0.920458344942789 -0.05305912069282899 0.3872223714307908 -244.98500956389628 0.3230950390766765 -0.6607811113010467 0.6774790909480471 227.08629881973758
0.17859208601187165 0.6130493417095966 -0.7695942901577169 -59.30263147427826 -0.817426553962796 0.5277977779789895 0.2307451720772277 -251.4100401679427 0.5476483321351715 0.5878775469346234 0.5953833169645351 237.9187111765068
-0.07257688266588413 -0.983411665533602 -0.16623505104198305 -64.56539774544764 -0.9568896455375978 0.11565686140591717 -0.26643141082211536 -263.16882001196484 0.2812379817262121 0.13973183782574702 -0.9494104545097464 235.28124353095845
0.26450961160732256 0.24469910069017917 0.9328220706483967 -54.93477519338056 -0.9292588088664699 -0.19400230806857247 0.31439015666546577 -270.72842372472115 0.25790062332497726 -0.9499923444878293 0.17607331967990736 236.07691063145063
0.22980522653550386 0.8319461732032305 -0.5050298236237809 -56.110413646607405 -0.8256744389623044 0.44136712295673897 0.3513641752045509 -274.75354965783066 0.5152196412223119 0.3362448924004518 0.78834516148281 247.08073186900302
0.2340961560773162 -0.8892337810308961 -0.3930168856211167 -61.745397893773905 -0.9482827166260052 -0.11970534633187709 -0.29399067911749893 -283.0347190816028 0.21438022077194252 0.44151320788065207 -0.8712675870297861 246.16351515229442
0.383714782458361 0.4232855438398978 0.8207266987853483 -52.41410352614309 -0.7971757723636883 -0.2967815324362823 0.5257675436551105 -286.56766234142333 0.466126328026306 -0.856008218640997 0.2235535191845047 244.03576274858617
0.21198295230967545 0.39488008753889664 -0.8939423607791209 -54.678167573502265 -0.6742309607843013 0.7212630742498027 0.15872047518704266 -288.5023907847736 0.7074431704737483 0.5690775818717472 0.41913585668736647 253.39658858750104
-0.10121096795764885 -0.9948555885936157 -0.00432409633645739 -56.26183161153749 -0.9070253964904252 0.09405956433740238 -0.41043602239331284 -298.6195733874832 0.4087312932556816 -0.03761856191707382 -0.9118791442471013 252.45066899173634
0.11597213201062627 -0.27617247817431095 0.9540855448522269 -47.467934063616156 -0.98885591676987 -0.12238237042427152 0.0847734113891597 -305.7104982443169 0.09335116745991326 -0.9532844893883421 -0.2872877335102841 255.85887009317568
0.23310901171721 0.9217774908616231 -0.30981679424633746 -43.78741040472673 -0.860135995816559 0.3440763855972152 0.37653354375807296 -311.1770205082126 0.4536807879521462 0.17871121457594155 0.8730613062253468 266.61598428267513
-0.11265670507583966 -0.40849555499676504 -0.905781346876464 -50.54927620874341 -0.805361469540854 0.5714624122543006 -0.1575551165766801 -319.76096320418424 0.581980558249544 0.7117317563017541 -0.39336565291235914 267.58046922908693
-0.18063878521371307 -0.9205726116771713 0.3462884576568898 -47.734321722269755 -0.9272642098920744 0.042001277706904906 -0.3720443222577307 -327.6580582797399 0.3279492557237195 -0.3883065275022537 -0.8612010951975139 266.36963049108437
0.07370834073767057 0.07077847672444298 0.9947650414737484 -42.79161452704267 -0.9972783045693993 0.003480482805916579 0.07364692440707804 -332.68279497760693 0.0017503545021969626 -0.9974859866043247 0.07084237988034464 271.448924009902
0.47402727421255303 0.7765607411062126 0.415031997170325 -43.81611517405685 -0.8805080910589438 0.4190865835964972 0.22152186580369598 -337.3584695277859 -0.0019091574975944822 -0.47044643778222994 0.8824264866240459 277.03831548998323
0.35430694386784956 0.012523116150114854 -0.9350453256868979 -46.86278173242184 0.28855563242836224 0.9496512343644563 0.12205810118108495 -344.20385026265916 0.8894954955034282 -0.31305862810654944 0.33285441088733303 279.40706189965834
-0.03218260281477316 -0.5589595138370235 -0.8285701792649472 -45.14834763956301 0.3996496257615096 0.7526458382053369 -0.5232632405022074 -346.62208869391407 0.9161028636047099 -0.3479777350970349 0.19916585844964926 282.2910697384528
-0.09832783975538008 -0.9653009813784684 -0.24192075412995911 -43.16212371581286 0.2723998511594644 0.20770676180633935 -0.9394978564042743 -347.5163933611354 0.9571467792440929 -0.15827797209242608 0.2425244864605775 285.05083037614537
-0.31642096527636326 -0.4335196909047891 0.8437644519244649 -37.86398166101734 -0.35665147643863043 -0.7698411106214492 -0.5292866791742249 -346.5580791856337 0.8790207603280596 -0.4684072394775188 0.08897842950585264 290.1491762672746
0.5431219403271147 0.6918194826394621 0.4758196731701827 -37.7215671523359 -0.5167542849431151 -0.17124733769802294 0.8388321395394134 -343.3872067088041 0.6618032690522444 -0.7014699942063156 0.2644924957346661 296.7201029863085
0.8248357997146427 0.3264545582352872 -0.4615986621693259 -39.21764479209605 0.11810913968809925 0.6989407149123769 0.7053595594871548 -345.7964522224465 0.5528979423286379 -0.6363248372059516 0.5379540565174458 303.661845947007
0.515168467216011 -0.3890770291716079 -0.7636887558143721 -36.3294314988719 0.6488971980646804 0.7591677207713514 0.05095878808055266 -349.721301256878 0.5599409582537362 -0.5218078545880899 0.6435702651304362 309.83180150169164
-0.4475391265364576 -0.7892058684559002 -0.4205506240796169 -30.345631661035256 0.7406624872080332 -0.06358975835034304 -0.6688612880678293 -351.0764797979419 0.5011265411667941 -0.6108276678636224 0.6129940863584995 316.15930503686644
-0.7961878502357005 -0.3983271659202087 0.45543427190652885 -27.52893140259983 0.03461705348121121 -0.7814784574339873 -0.6229711712229345 -346.4905920302401 0.6040584133553105 -0.4802362850270377 0.6359925658355544 321.77309276738106
0.3063123477015779 -0.19054507243614918 0.9326657070010951 -29.413503271500264 -0.5716955150161134 0.7465719861301934 0.3402859204199897 -341.3383904544458 -0.7611418946267559 -0.6374345808754961 0.1197504544795997 327.0274865621211
0.7297045367075864 -0.20997691931997217 0.6507234300847503 -28.045484526468496 0.10291811733204549 0.9745669247907486 0.1990657434837324 -347.7589018073795 -0.6759727437058369 -0.07828794579497445 0.7327563355645612 326.0797177184828
0.8335128943479874 0.4720146019708307 0.2871558296151437 -24.6693546267624 -0.4346888000639461 0.8810586524946138 -0.18649744760543693 -351.6816453715168 -0.34103064679674866 0.03062460433534452 0.9395532084744816 322.5991491741104
0.9993983846615759 -0.03416506836074868 0.005967984562670196 -23.589886781132147 0.03435686551739105 0.9517296762176863 -0.3050085723359237 -356.94029294283854 0.00474073070896638 0.3050301157434841 0.9523309057055008 319.9937774717405
0.7458048870314952 -0.645378818633905 -0.16510981478593711 -19.73172163015418 0.4487030666006177 0.6698662819533323 -0.5915612583031628 -360.4610700454099 0.4923826037779372 0.36710399720068976 0.7891730017785282 317.5848303339381
-0.11269684171455095 -0.9877550391496475 -0.1078860718630854 -14.395665046346666 0.6171680262194011 0.01550867206823766 -0.7866785293263886 -360.93186489580523 0.7787188512422268 -0.1552400197280337 0.607863049538977 316.76510190501244
-0.6217554351377835 -0.7656969121516233 0.16470706602358798 -10.599805738763623 0.3604817352572991 -0.4664686395463227 -0.8077499160418968 -357.93515678748065 0.695322297515702 -0.44284901156181256 0.5660491635328245 319.27260494375963
-0.31381087103949945 0.8346746601950664 0.45259358020820945 -9.797866504022458 -0.740323051242658 0.08336951185713566 -0.6670616945166811 -353.54967638837286 -0.5945119990514848 -0.5443966716659449 0.5917666320965117 323.16424337821655
0.17757076185008014 0.902798249216346 0.39169368867507465 -15.191169312655596 -0.6528927563732411 0.4058842497784075 -0.6395224972252134 -355.82314084486444 -0.7363420898002059 -0.14217347500052677 0.6615036128358934 322.6208515379911
0.9308873115689246 0.02295395264889953 0.36458459816313704 -19.16218700598157 0.17271474509222942 0.8517769579489639 -0.4946166502807378 -359.3582142481315 -0.321898167108345 0.52340149977336 0.7889438763608506 319.75644503645043
0.8422770100038993 -0.4572671963337613 0.2854402732200856 -17.42432977951939 0.5334827050139999 0.6312495563661623 -0.5629566600001032 -360.59222292717175 0.07723756773644791 0.6264429014240539 0.7756311297166785 316.6635947482493
0.6247262216092104 -0.6987801049516683 0.34845876794481656 -14.790326519695505 0.6296850652837175 0.18694819025076378 -0.7540206182330875 -360.714760512053 0.46175087070034093 0.6904757338862125 0.5568028325374911 314.37878122436683
0.036194883940431466 -0.9182077945149623 0.3944418543569024 -9.894522874001774 0.5816324198322061 -0.30160653527154196 -0.7554715256590624 -358.42468901639995 0.8126460844529257 0.2567643744242397 0.5231428078926988 312.2699865372948
-0.49169247788129483 -0.584804642420627 0.6451682241076656 -5.992652996046203 0.061440298951481266 -0.7623709800395924 -0.6442170274513295 -354.11164344601474 0.8685986396833166 -0.2771173379576922 0.41078264829899286 313.22271337645077
-0.8633706561431781 0.10115488579654956 0.4943266118573721 -6.0456790154068525 -0.41820185031838486 -0.6916035515424198 -0.5888902613256509 -349.74244422752025 0.2823089132513948 -0.7151588750574236 0.6394133724949899 317.13696283867864
-0.4190925741358308 0.8553103164856607 0.30464024162511205 -10.331916805369458 -0.848259385669978 -0.2492029293571932 -0.46728354841850406 -347.4353123419545 -0.3237551990733097 -0.4542490093693078 0.829964100765813 320.7898655994614
0.6079129499000631 0.46769927858529264 -0.6416379276154154 -13.591688930093941 -0.5489331830796954 0.8314340713544774 0.08596362896547943 -347.6751620006549 0.573684761744459 0.29995794672206744 0.7621751926824206 320.4021774243891
0.055591095690895695 -0.963070902067814 -0.26344651766568766 -12.68900869149362 -0.5494866096735224 0.19079358672568728 -0.8134262554490415 -347.6449561896103 0.8336510636167779 0.18997959062657097 -0.5185881403155842 319.74747714148094
0.032551508447900515 -0.8007305489597273 0.5981396051595522 -9.3809634514974 -0.5257999261794349 -0.5226685991368482 -0.6710826872346127 -349.1415592167066 0.8499851980637478 -0.29265700647512816 -0.4380377148528981 321.88155335875206
-0.4633296424241454 -0.6599661987332789 0.5914137798366423 -3.64928497482654 -0.774811324967996 -0.022218334390403598 -0.6318019913851634 -348.09201973836406 0.4301081877300851 -0.7509666851109056 -0.5010548719462572 329.33638943205983
-0.7806756139442287 0.03468130314045861 0.6239733912638316 -1.1814504874165217 -0.4374622107311002 0.6827044501426676 -0.5852704058276486 -352.3775428326951 -0.44628735135007347 -0.7298711125725422 -0.5177989562147228 338.11224157169505
-0.25888227800735036 0.7700271562265381 0.5831278974696726 -5.526437880000229 0.17656355180708047 0.6312628051539233 -0.755203669881491 -359.08041493101103 -0.9496342866109002 -0.09254971368339275 -0.29938148271082093 341.46285140328825
-0.8882263132298884 0.2606766941921999 0.37828782374148845 -12.535764955631613 -0.3795389791476056 0.047580296569204324 -0.923951448229821 -362.71592874521815 -0.2588516559607808 -0.9642529629114007 0.056674894997230336 338.622998494491
-0.03410423619267729 0.9223951449433527 0.38473899939913825 -18.90280564349871 -0.19346965299695695 0.37158782424079007 -0.9080154085946098 -364.3469393182054 -0.9805133321087233 -0.10540249266945059 0.16578274969403614 344.2216214319602
0.8234925114575888 0.34301589065726606 0.451885142851455 -27.04010295986565 0.26514782186422037 0.4714730698475445 -0.8410765583281913 -368.5100010021664 -0.5015543002845644 0.8124366087056487 0.2973046261007822 338.8909217170469
0.7135369191876467 -0.609652845675789 0.34523683568764635 -25.113154925369027 0.5302911574783102 0.14791022763882514 -0.8348136635562144 -370.47706443531865 0.4578824666402057 0.7787464107906035 0.4288329213391085 329.0352519926193
0.5186495825254771 -0.794182367056784 0.3166654044922442 -16.41192313265643 0.3864010094726914 -0.11266474882154792 -0.915423898667424 -368.62594764798837 0.7626905469616325 0.597144054838585 0.248439343394518 324.97272687906604
0.38107639532223714 -0.7801520785631744 0.49612852693810394 -7.649612089355282 0.3293239092434612 -0.3868818887298898 -0.8613176922445055 -365.4082081952949 0.863901929462375 0.4916148273662606 0.10949117674419001 323.93549359829933
0.39672317184844 -0.5723711199872642 0.717636416246446 0.499264620287871 0.474493684577836 -0.5413735003058621 -0.6940968782974974 -360.1533296492114 0.7857903462210913 0.615878262460293 0.056811069472664025 324.3427632624534
0.17683526583103915 -0.456339004581849 0.8720573385137682 7.904077315456314 0.29686086575283493 -0.8200296690957813 -0.48931070720672293 -352.0823764660109 0.9384044517919458 0.34540708548018517 -0.009540972546938779 323.74907324226535
0.06472465682710549 -0.33063395683579233 0.9415369909810893 10.260741762228065 -0.2087818152496443 -0.9271207289520451 -0.31121906684599765 -346.90474181342046 0.9758180529277349 -0.17643225480205876 -0.12903792871006797 325.2912133463852
0.040083683263626074 0.5738009111644823 0.8180133328270596 12.155917157068087 -0.23026736369972325 -0.7913308751006017 0.5663677138814467 -342.73350552046867 0.9723015167893132 -0.21106387767527954 0.10040816694808131 329.54305258555024
0.033608150793462015 0.7533685220497698 0.6567391888602295 7.280958139190802 -0.31409855211819765 -0.6158539292559677 0.7225413741629185 -338.2197369570031 0.9487953371288744 -0.23056410779766104 0.21593425026607588 336.2060916160472
0.01787687203048775 0.9700634082291828 0.24219290134351767 1.1470046837356556 -0.43519888369753457 -0.21053179248523216 0.8753732323879778 -335.59224347291337 0.9001568469299254 -0.12105101555848212 0.418406862464556 342.4617484991158
0.7388391079672435 0.5918584766923892 -0.3222116014446656 -8.021744655725813 -0.14429456273584967 0.6060000289821255 0.7822678850870299 -336.52803840105616 0.6582521186468272 -0.5314767242702475 0.5331384809371104 348.9960046015468
0.6775670434518594 -0.4387888977779256 -0.5902264013196487 -8.39189449846322 0.17707212596171953 0.8762467368383914 -0.4481485450020668 -339.88355365610045 0.7138265642544428 0.1991380409838977 0.6714131937918647 352.32915948004324
0.38982657362890966 -0.6292801423108679 0.672340497802982 -8.158194754686965 -0.39960376574116857 -0.773372922188363 -0.49214952365242726 -339.6407772075254 0.8296698577736925 -0.07681683226383541 -0.5529440309676279 352.43641021317876
0.4574125539865225 0.4139106654486237 0.7870525500139159 -8.845696300057323 -0.58439209361765 -0.5271983909870387 0.616885514060639 -339.7979648386694 0.6702683316200346 -0.7421184659935066 0.0007389578732268295 352.5510429733471
0.7551673151596119 0.2216307146679071 0.6169296170799548 -9.565263269053501 -0.6539535122087159 0.18942914196903254 0.7324352558709626 -338.9113667879711 0.045465701187911496 -0.9565544555793304 0.287986880824146 359.71795087867616
0.8322283093943463 0.054747821123981126 0.5517234063593891 -7.283694952934717 -0.5360624932177824 0.3334927491866576 0.7755124690197193 -345.55502348420555 -0.14153813764411297 -0.9411616557861358 0.30689036034084455 371.3705626769003
0.8234901108267957 0.28722068278575164 0.4892528147599777 -3.2999942141249323 -0.5670558536855896 0.4435403656187304 0.6940602300000418 -352.21908073697733 -0.01765491918358739 -0.8489854082650011 0.5281212743127549 379.95180144155887
0.9150771490337901 0.22833119690505757 0.33241341103526073 -2.399867952239223 -0.40095523563273483 0.426762988322898 0.8106221381238049 -359.4619794960487 0.04322858238352737 -0.875064692647129 0.4820716475250271 387.71009428493755
0.7899028547836804 0.5983295129812837 0.1343699144160437 -1.4555807527841202 -0.5192824165727734 0.5360790906393282 0.6655561437006292 -362.72117447754727 0.32618898179265887 -0.5955006318005843 0.7341523994935734 391.33587615713503
0.561168350422719 0.8105095411637031 -0.16782242450414991 -1.775420832844437 -0.641007873872276 0.5538390545677656 0.5313861188149621 -362.87000204795163 0.5236401322641219 -0.1906215762134293 0.8303399463860082 391.02371770404824
0.5713506893616725 0.7638249852950979 -0.30021622475290755 -4.108897030378003 -0.523353278105791 0.620867110623219 0.5836311996820421 -367.10528733790795 0.6321864725394416 -0.1763389429063374 0.7544831616098612 392.92162203675133
0.9193155152878109 0.2503370027290148 -0.3036286686328594 -7.736361267220143 0.15689723839489023 0.4744232213269389 0.8662019762444718 -374.03720820199874 0.36089089755099785 -0.8439514157405181 0.3968674437824407 395.6152771600965
0.8869189508122749 -0.12685761777374693 -0.4441642933676978 -5.5402279901254925 0.4341361719546066 -0.0995572991267497 0.8953290615138038 -378.14902572576193 -0.15779910928347698 -0.9869120979111335 -0.033225774723624674 404.68261795425485
-0.15082817788471184 -0.649986698846283 -0.7448275988971488 0.2962154929826619 -0.8880576792544567 -0.24190961320725915 0.39093899441614205 -375.347604285555 -0.4342861027861325 0.7204144851131392 -0.5407388931508459 413.9504777168397
-0.41902655818884976 -0.1326326774102288 -0.8982345553447628 6.131559615722984 -0.9016651317337159 -0.05563214715433419 0.4288415259960503 -378.22041013518987 -0.10684911673959044 0.9896027673192878 -0.09627891340255061 404.777186663918
-0.19529606590620657 0.7146943215571734 -0.6716185475219495 5.569550832814072 -0.804013659219563 0.27548231629160785 0.5269454708022266 -382.89732769571344 0.561623968888374 0.6429008633876155 0.5208233841001457 394.5365584477889
-0.0037007898318204497 0.9180089058288059 -0.396542498319691 -1.3064609179846567 -0.638873994474769 0.30289479662858504 0.7071737844117117 -389.73670095989263 0.7693024914417433 0.255957791431183 0.5853710666467861 391.23775041204806
0.3056808304743091 0.9512725970797508 -0.04049291204254753 -9.46685066253483 -0.4555348442658267 0.1834615923797388 0.8711084030022903 -396.0157304894119 0.8360904469853986 -0.24783520768171938 0.489418506283849 392.10926919218383
0.32695555683228406 0.9442989670787629 0.037410220935930216 -13.45378163833484 -0.28200853487101024 0.05970780564480392 0.9575521730981501 -398.5228977975128 0.9019818457798331 -0.3236270055466134 0.28582216702791974 395.36837170569856
0.22383664617763163 0.9745979021960293 -0.007488982778132733 -16.94031240569679 -0.1363179422244771 0.038914816996158695 0.9899005281571681 -400.0340500758226 0.9650464105190129 -0.2205551315504991 0.14156574264669067 398.50423057602285
0.5561976250345336 0.2216878696977645 0.8009361337427684 -24.724789278915168 0.1270361835542377 -0.9751174297375365 0.18168050608151484 -401.5905954047745 0.8212831484779873 0.000697603703756894 -0.5705203794564703 404.0089870514995
0.9419913023347163 0.25693387730791806 -0.21595686841882797 -25.231231530893336 -0.11799087339097039 -0.3488557893804093 -0.9297192006257632 -390.84588397942355 -0.3142141628287686 0.9012683401225677 -0.29830326677816593 407.4715989475728
0.6713034593328102 0.7384697905418234 -0.06335640413502178 -22.703471448826477 -0.6751249635596426 0.5739596062314771 -0.4634400220019851 -387.29425532739003 -0.3058724392069252 0.35388237999612976 0.8838604596099314 395.31705995214855
0.9036152817119762 -0.359961852292632 0.23217856824144167 -28.36618339040609 -0.2782941264310311 -0.08129903696793225 0.9570490299781288 -398.2076190998958 -0.3256252475631727 -0.9294180606606166 -0.17363832142496483 389.090430281813
-0.7450179796007068 -0.5154519925198752 -0.4233880648754454 -20.917210746944328 -0.21321131065600085 -0.41740915534989137 0.8833518744183668 -399.0497707730856 -0.6320515383099947 0.7483841529838698 0.20107713068020408 395.6054109541535
-0.07419055792425419 -0.9965411344853856 -0.037436992313371824 -20.738400421649207 -0.09105993086927977 -0.030613938963113846 0.9953747413568651 -398.93850935825685 -0.9930779677875088 0.07725641733698758 -0.08847370160270036 395.6715690478066
0.5332454938456457 -0.8413195251375977 0.08849124202746811 -20.764741246902968 -0.019558602375612986 0.0923154979253972 0.9955376988923625 -398.98740639721933 -0.8457344171585005 -0.5325967569043515 0.032771789217828674 395.9373925155796
0.5452527755394593 -0.8133655603671015 -0.20281981159450457 -13.268644951919029 0.06426760466303498 -0.2006770900318676 0.9775471244534554 -399.32376454062353 -0.8358044542579292 -0.546045026298247 -0.05714668404685666 396.82816259076776
0.5579501290089348 0.03999231967744998 -0.8289102894196291 4.464510002890044 -0.3028268707580732 0.9397739422218997 -0.15849550109572375 -394.98440684809356 0.7726496876889193 0.3394488943678084 0.5364577413242234 400.0271057279522
0.4457431237653031 0.4306704281551401 -0.784752221996613 7.469053793250275 -0.3449688975325487 0.8915920776586806 0.29335989294969517 -407.94949836815744 0.8260202947574145 0.13995195378753564 0.5459889406205266 400.3943074956309
0.4472833136760209 0.3487768995756507 -0.823585036064521 5.326438747408033 -0.27408850659324513 0.9299792279631355 0.24497780738380576 -420.5009883076329 0.8513595761254357 0.11616070712375229 0.5115599302721315 403.85758504286326
0.4340869931879442 -0.5161318268918303 -0.7383606297835462 4.254138728990417 0.8648836213396145 0.009422700272639176 0.501883984859099 -433.65672958289406 -0.25208094708551176 -0.8564573252584582 0.45048423515989855 408.09333287370157
0.1342605203950616 -0.4601647209961143 -0.8776232347732252 9.04982239481943 0.7762605310157811 -0.5016554224532103 0.3817871463399353 -431.1145539274483 -0.615949430270333 -0.7325232192045931 0.28985519259760084 412.2899253337038
0.31270905084107387 -0.4622219506439969 -0.8297975161838801 8.93021291530877 0.8598083611053696 -0.23351445255541248 0.45409314311168203 -431.2444423987217 -0.40366153110666503 -0.8554658782152589 0.3244002150338667 412.0758198218847
0.35839424414346216 -0.04562232617320697 -0.9324549153280202 12.579310251382282 0.9326067666082439 0.06286429985009084 0.3553768403833826 -427.67700551573984 0.042405007267496 -0.9969787776873203 0.0650778933259241 415.5805375452456
-0.9042975165128577 0.15277159964262663 0.39863120797463225 15.581410956994192 0.003141672830639034 0.9361313535911582 -0.35163648660998387 -423.59883246071604 -0.42689124085708813 -0.31673163272117627 -0.8470212165661931 426.96809422834957
-0.8244946968319065 -0.22935151258306877 0.5173068514643165 12.0032176784001 -0.30574546046252005 0.9498091207657551 -0.06619930148231654 -429.17575855682026 -0.47615985582850845 -0.2127451945075198 -0.8532357668964257 428.06351663572616
-0.7581747297154988 -0.16382988019952968 0.6311345732683649 10.948501272784304 -0.4505518020826279 0.8313154918463513 -0.3254498834787884 -434.455140335623 -0.47135353277654396 -0.5311066967851817 -0.7040962460977932 428.46059662123395
-0.6240803281494762 0.5042405899311934 0.5968795284499934 8.124799194354697 0.6760295728397276 0.7314953270702377 0.0888740857648736 -446.32141524955637 -0.3918006644493797 0.4589727812629519 -0.7973933943774392 431.8872783223895
0.396945633565467 -0.31398039609279044 0.8624676659810075 -2.2778319187775793 -0.9171459978490343 -0.09909590424042237 0.3860352579652192 -450.97583607273157 -0.03574048996318823 -0.9442437781802886 -0.3273015501720159 423.6925061540062
-0.2220053179835798 -0.735048642515907 0.6406380662453133 0.5975966051941959 -0.7198911793194114 0.5667055420518328 0.40075119281899413 -453.30108390600503 -0.6576247628588183 -0.3722207970321637 -0.654966678184183 429.6760806114142
-0.4536112057263527 -0.5335853996115477 0.7138091449126104 5.363751626812563 -0.35911842655716314 0.8424859408148235 0.401561197374037 -459.79966220291215 -0.8156413609832395 -0.07418935806937466 -0.5737814125628874 430.2138004633001
-0.662497477143189 0.01708992223616036 0.7488691657004406 9.009668703005396 0.4339015493786469 0.8236873706472769 0.36505966756543495 -472.73835296518735 -0.6105952327243613 0.5667866000481464 -0.5531061487455591 425.8015961347885
-0.26220318215448507 0.584803183343376 0.7676292907514134 4.177770967872371 0.7113923337020562 -0.42034971543695654 0.5632291401215076 -481.10029740263406 0.6520509480232385 0.6937660653876933 -0.3058074683497347 413.527924367055
-0.009399417249776228 -0.7566961429833706 -0.6536991648682579 -2.272448998629219 0.24615867656557935 0.6318597680867803 -0.7349551955220155 -474.5454117772685 0.9691839644292752 -0.16782187183859518 0.1803282075154717 409.7460893543297
-0.008872905976949478 -0.6622022220506271 -0.749272639731853 3.7140305617585243 0.23815426277202342 0.7263415750591993 -0.6447561271240755 -479.05879686488186 0.9711868093539151 -0.18416333362461962 0.15126152149581468 414.05901394580115
-0.12232140308670685 -0.47013494746859635 -0.8740770020516513 12.464486932027857 0.4270569178969817 0.770059868361233 -0.4739516726585239 -486.69295046417636 0.8959128658654424 -0.4312550640956923 0.10657957810288923 421.7168172549427
0.1648587450913464 -0.8764270764494797 -0.452434717758404 17.064053549726133 0.3653431408900392 0.48034400773679214 -0.7973669316167799 -492.1337305548021 0.9161582743017204 -0.03384100910987206 0.39938553119876347 431.19459540874306
-0.647917358864773 -0.3817576124983096 -0.6591390000457341 28.886933746062784 -0.758435854152302 0.4034851710754173 0.5118347114630961 -495.4325686390228 0.07055601475402129 0.8315412449312618 -0.5509637072985817 438.03034307089894
-0.6263577502902876 -0.6583464727194334 -0.41743968487575905 30.33189047452123 0.15849634951990918 -0.6318657629646368 0.758699258456196 -499.99057022731813 -0.7632528256352221 0.40905449447598397 0.5001195304213243 432.8039731488604
-0.3948407698307092 -0.664259865566579 0.6347122162657388 30.489959772715075 0.2749748726502151 0.5737367528467149 0.7715017549195251 -500.16634585092186 -0.8766353779596675 0.4791502576753761 -0.04387988923335066 433.38132772521413
-0.036377330187239855 -0.4871431209194144 0.8725641922456732 34.20188161048939 -0.04167861941027976 0.8731219603180026 0.4857169289766446 -503.2381470426923 -0.9984686187019105 -0.018698185776729014 -0.05206529857935624 427.7212290301196
-0.05630620313308279 -0.9424199546523541 0.32965776278103 40.5270844225786 0.1778492646363154 0.31543343796734136 0.9321327079769418 -514.6534875904663 -0.9824455458482457 0.11111424429460119 0.1498478366803539 422.04259006162096
-0.3182148086773327 0.23820227984550474 -0.9176050399898944 54.953950823580236 -0.7625747546864714 -0.6393602125552119 0.09847975485461 -518.0707996420779 -0.5632220512846758 0.7310801546190117 0.3851009328331006 414.1570935369029
0.03025008047614557 -0.07768259450707496 -0.9965191152917434 50.90371623278131 -0.5846107075782796 0.8072926303202331 -0.08067793760046515 -514.8166682143051 0.8107498092605454 0.5850162592110494 -0.020993409506309152 403.50634748078846
-0.32218542111561416 0.5058090579818695 -0.8002210640092215 50.95465103422973 -0.7514676349730594 0.37744875348239054 0.5411366112938467 -523.4416668969694 0.5757542427186744 0.7756865574174164 0.2584906509592998 401.3049224939514
0.7099617391465962 0.658466365967034 0.2497526252877246 42.00567196644813 -0.611516869742229 0.40052109581030726 0.6823708447989095 -532.9637246985274 0.3492870552548504 -0.6371851353422193 0.6870179446930857 394.6863101909285
0.7541477902074952 -0.4694092572508951 0.4592559849716891 37.83585719602599 -0.6563374389552755 -0.5621459288882928 0.5032028625315529 -540.5647553168815 0.02196080032195602 -0.6809162238054552 -0.7320319797711962 403.2949025686382
-0.7387910142566718 0.6276860184560091 0.24535300994371842 46.72485301749144 -0.5240676697070524 -0.7639722477074011 0.37642991685135974 -536.3852127869808 0.4237226862246364 0.1495214598903535 0.8933657807476367 412.4210178212163
-0.6521073622592509 0.6016126972004149 0.46132217663421005 35.82265975641671 -0.18100037814367367 0.46735904842251397 -0.8653406167339248 -529.6361494047375 -0.7362029959183317 -0.6477944754510083 -0.195876150605489 411.9829723497764
-0.9165926104756628 -0.19230718336743557 0.35053663666825763 25.56887474963537 0.10639533512382388 0.7278022767035334 0.6774834896062354 -535.7705124727769 -0.38540630389927105 0.6582718232238376 -0.6466376014927258 417.54902948262094
-0.8937919599811578 0.3079252929781373 0.32606432834238247 25.073730916249197 0.23354185519395948 -0.3011226817041079 0.9245449326213895 -539.3567957882983 0.3828761342074023 0.9025004955719701 0.1972275876918378 415.04621960428926
-0.7505140028352488 -0.37562427502330764 0.5437233998656185 22.692162091933227 0.6578854753157923 -0.502572769282752 0.5608986654860031 -538.4167870844152 0.06257342020957773 0.7786700299797609 0.6243056555042507 411.6691416743508
-0.11156897053586874 0.7079019820147225 -0.6974432942348752 24.17703261104047 -0.7031484274019487 -0.5521773097333605 -0.4479760123687365 -532.9879472862353 -0.7022354689530652 0.44042593301854166 0.5593660194085927 403.5858954671709
-0.701629132032622 0.7106663270319491 0.05167139156311911 16.566542366653124 -0.28135155288871433 -0.20968857384184225 -0.9364144411996661 -526.7927237869972 -0.6546433111017453 -0.6715534778579397 0.34707068675796793 397.20140412430493
-0.8882666725900353 0.2946469583788172 -0.3523712364594185 8.47678023212521 0.31904074510488467 -0.15612260760181826 -0.9347934180119842 -523.4123042815174 -0.33044715360968835 -0.9427666208101132 0.044674124026482416 404.2536436948446
0.6166835491296679 0.2747312581100101 -0.7377154844858066 5.388541007670809 0.02735594228906276 -0.9440382236801829 -0.32869968763636226 -520.3361379112058 -0.7867356942800522 0.18252278775006306 -0.589688374735019 414.42184913281596
0.25816395797173763 0.6756830525681552 -0.6905097995514239 4.396128184645657 0.35111061674896016 -0.731485931219098 -0.5845080557483309 -514.761108631557 -0.9000403910994952 -0.0915464084533482 -0.42608279651818726 414.53329789463413
-0.5553580969880291 0.27770901343892773 -0.7838718568520072 5.00783150124227 0.5590182391245895 -0.5731925194465899 -0.5991234797406243 -514.2298104222004 -0.615691475039143 -0.7709267406863297 0.16308270312597734 415.54225978531656
-0.8939485041123925 -0.23574388353893638 -0.3811573079047522 6.0486553765013555 0.44286194338346846 -0.3341579704966773 -0.831992638102141 -513.765553424993 0.06877042313257604 -0.9125586403774394 0.4031220122675575 415.81356686837637
-0.7680196450714282 -0.6264895229568495 0.13287852501310415 6.924378135098209 0.10558593192058965 -0.328511707711715 -0.9385796017796221 -513.0306899541376 0.6316624381462144 -0.7068174697343231 0.31845192527844424 415.2548812608008
-0.5824561038932738 -0.668765678018042 0.4620577398362005 6.841357182627968 -0.35580260921656715 -0.3013307072945475 -0.8846492571160908 -512.3470304916906 0.730855245799162 -0.6796707090543446 -0.06243666343911987 414.66490033552276
-0.396280744183333 -0.7018996161962009 0.591860203572711 6.5016116511152875 -0.7348680631617859 -0.14395866673739202 -0.662755484334938 -511.59155399621216 0.5503912258878693 -0.6975763980058505 -0.45875556390176914 414.43579831320903
-0.1970770997138433 -0.6780305632340754 0.7081208739253938 6.089187402841148 -0.9595673852167749 -0.014662742375261722 -0.28109684668149243 -511.0665469241393 0.20097524722368848 -0.7348874466927005 -0.6477263239184113 414.50846022117463
-0.13410449573823033 -0.04591381958905186 0.9899029777677915 10.631317254149096 -0.9637331978396596 -0.22653605150230982 -0.14106644091167442 -508.8710066608164 0.23072561107198267 -0.9729200062392002 -0.013869169224345038 419.0717481791363
-0.11881518631260425 0.6396329614907242 0.7594423125400037 10.749735715289535 -0.9072933110183319 -0.3806573484207551 0.1786584195459963 -505.09516985248223 0.4033631109594618 -0.6678095968671656 0.6255625812412515 424.5172541365867
-0.35180907677740114 0.9213650897297788 0.165277781096769 6.9609696887670935 -0.8015039250301876 -0.387710197959485 0.4552716338181212 -501.1363472084389 0.4835512709715889 0.027697902907150115 0.8748777026055162 426.9632926976405
-0.30654974002078345 0.8623695139729639 -0.402921925766303 3.1646323472104734 -0.772568364777237 0.02185333708811819 0.6345553982147976 -497.9725094482653 0.55602641901138 0.5058075256736961 0.6595402704408834 425.1138718122354
-0.40589826576308646 0.9083314633404077 -0.10089871434460558 3.6315612764471985 -0.4904366278576669 -0.12332656798204165 0.8627064806093508 -498.0911945973419 0.7711799478112235 0.3996554895602511 0.49553705992411257 424.66422148865297
-0.24755828021146717 0.8740281092636415 0.4180786554175744 3.705968258349331 -0.11109348045422404 -0.454271188262917 0.8839094558351356 -498.67431143284915 0.9624827980277403 0.17237329181523747 0.20955741878890857 423.8415517007797
-0.0496683060112343 0.9426984589136151 0.3299282875715144 -0.26849789671119195 0.04517999298132994 -0.3278771859881737 0.9436394010122113 -497.21170590302984 0.9977433676112212 0.06177512825055374 -0.02630600534946557 422.3434777150766
-0.20319210702534776 0.9562455369920083 -0.21049332679557314 -4.405897684264366 0.27964866462056526 0.26269966532792716 0.9234638651363308 -496.6575634346781 0.938354726112963 0.1287763907688981 -0.3207912859820247 421.29498148092165
-0.4678585904463431 0.3940154165736625 -0.7911132604424267 -8.361326312319216 0.09764372557684114 0.9126880369355169 0.3968201734920604 -498.9720582178882 0.8783928746301604 0.10840848092782697 -0.46548207168685163 419.03658051907945
-0.6803629709037167 0.05637353712638907 -0.7307039428762725 -8.159105158787074 0.5721723456800417 0.6638848486207815 -0.4815347491207285 -503.1926251477383 0.4579574594458182 -0.7457070014983248 -0.48393804691748304 417.2707322539116
-0.7617594800013204 -0.5922062139086414 -0.262705719077665 -7.477096996309171 0.26921668741848215 0.07947440730960527 -0.9597948706875902 -502.8779254768349 0.5892748678193725 -0.8018576050588891 0.09889141199154788 417.2833030830086
-0.4604710599419817 -0.8874632377525713 0.019375360477524556 -3.5071991418585307 0.3273136605911271 -0.19003881913960996 -0.9256084565357326 -502.8126017006668 0.8251255483539128 -0.41987408690909617 0.37798621746818556 419.24764353815704
-0.5264843174535994 -0.8311911604694071 -0.17870511529595667 0.6843089325858798 0.14832883834104088 0.11717001307694445 -0.9819723742305322 -501.9480273092881 0.8371456379817173 -0.5435001773625 0.06160144491092479 418.8593680780257
-0.5099618855286526 -0.6802004484745723 -0.5265607516735897 0.9360270778407759 -0.2006580366455802 0.6893186128664925 -0.6961150783350109 -501.1719137153526 0.8364659154069609 -0.24933351128720257 -0.48801390606374 418.5817384884413
-0.45557905593623244 -0.8889187305098362 -0.047657259059199854 6.123811310584741 -0.40659627828246453 0.2554122400033847 -0.8771796019877026 -503.55551191931926 0.7919136255167621 -0.38024739079346115 -0.47779151469617104 417.7211584398718
-0.609841847678476 -0.5163985883630637 0.601186675465067 11.61949125000173 -0.5938772455215372 -0.20454143322244187 -0.7781212112178041 -502.9164513162573 0.5247882792820909 -0.8315619640363207 -0.1819394456850892 417.8054765725165
-0.5327148694398683 0.3477088746503535 0.7715655554565997 11.541638684589977 -0.46764572968776547 -0.8808078388612125 0.07406093778395577 -502.546150054415 0.7053526347738868 -0.32136597438127296 0.6318240032853368 417.6971144640508
-0.4036470150073663 0.4582222853966986 0.7918973572638514 11.439040354129252 -0.6897240607425364 -0.7210871236025684 0.06568165807439182 -502.9658080145718 0.6011237870093578 -0.5196784557208431 0.6071116004089581 417.4059920364398
-0.38248377896265523 -0.34727155114096275 0.8562176292267047 11.325208158974549 -0.869950565126574 -0.17683764234059737 -0.46034168015439864 -502.8639807792899 0.31127507620496137 -0.9209402358565765 -0.23447155246218504 417.0846212641988
-0.3795971418454079 -0.6819540358522375 0.625175737603152 13.550039962318742 -0.8954144486157739 0.10086321695977667 -0.43365836400862384 -499.5577183095226 0.23267783545690493 -0.7244068638889122 -0.6489188858691965 420.223782894213
-0.3832445219380206 -0.8246979762295158 0.4159289415362215 16.79048438842295 -0.9143428949347596 0.2749861942909596 -0.2972535339263417 -497.50337926612946 0.13076967112761373 -0.49422246099536465 -0.859443687603126 423.00710488344936
-0.45088497092200136 -0.8417408782114152 0.29694281763421015 16.819948390062606 -0.8901508674337247 0.39950707860900264 -0.21914727319382407 -497.2447725200656 0.06583446060883814 -0.36313411859693756 -0.9294081104160685 423.49678535038555
-0.36365287920958883 -0.807006437790129 0.4652925883869896 16.72569586180835 -0.9304850106438163 0.29098091717284696 -0.22254831117855386 -497.049134451947 0.04420665571784056 -0.513878113181067 -0.856723442181728 424.1580494077246
-0.25292607925527133 -0.842068654741227 0.47639141379212313 16.53584419317615 -0.9666749458017506 0.19980130287194842 -0.16005932815632737 -496.8963382053411 0.03959731798670819 -0.5009988224267301 -0.8645416313488247 424.76409085138596
-0.29088496162255073 -0.8971266549565008 0.33249015634813683 16.476356770445587 -0.9553854739447836 0.29097187176510964 -0.050734268663404164 -496.8307152485319 -0.051230218398426175 -0.33241410139774 -0.9417411161857491 424.82993147636057
-0.32286878148191145 -0.5560816174662081 0.7658518033278717 19.96590716048565 -0.8421622928347874 0.5380455262119547 0.03563262901548577 -495.9820338203814 -0.43187778649942205 -0.633466847151028 -0.6420290733984667 426.64471750156656
-0.0920975242272884 0.33443140760287615 0.9379092065013352 21.674819352985327 -0.8871723015571015 0.4001483802090383 -0.2297968258396072 -496.34179475869325 -0.4521541256928651 -0.8532507881185006 0.2598456064552105 430.59083818134184
-0.2843381285269289 0.5725880047788662 -0.7689569594256642 20.875678741349045 -0.8474394458684226 -0.5251749921835036 -0.07770207958142875 -495.85770635753124 -0.448328243870521 0.6295507957015157 0.6345609359073101 430.2465664630258
-0.5581736403853436 -0.6118638523134244 -0.5604148583069075 21.707548414811303 -0.7958436671450694 0.20376867839724244 0.5701852183013256 -496.0077588167272 -0.23468072917064153 0.7642649749507158 -0.6006862770361217 430.0267496098549
-0.6529848777426848 -0.6148672048600771 -0.44220930545040454 21.876127519610115 -0.7001985928858029 0.26755895923562345 0.6619170143254309 -496.14780431775563 -0.2886740029169849 0.7418561341124752 -0.6052411059400842 430.8640384873446
-0.5782126961989124 -0.5097606602577346 -0.6370354363832401 21.974401185633965 -0.6642319512040142 -0.1592849409759812 0.730358968301196 -496.43342202287727 -0.4737784217902858 0.8454421191494297 -0.24649874282443343 431.5005193990724
-0.5735534111808098 -0.4237394723512157 -0.7010573044297969 22.6484333641807 -0.5196600319674297 -0.4733560183471437 0.7112577107280806 -497.0798367674075 -0.6332376613077175 0.7722557474477315 0.05129449127807673 431.669646431392
-0.6494590086358093 -0.5129420790485187 -0.5613318266793514 23.459139897019014 -0.524781051863591 -0.23186787272661283 0.8190495328136019 -497.56406288068973 -0.550279786751009 0.8265154040540446 -0.11859360503265781 431.4992708295426
-0.3398700370305339 -0.9293678718127801 -0.14409620665045192 23.971609767772204 -0.6187895933001222 0.10559831235601343 0.7784268980778044 -497.8012312926824 -0.7082286333891992 0.3537292117845915 -0.6109728697560288 431.5101125266595
-0.21169876970124116 -0.889290693145788 0.40539572517635986 29.026767921661015 -0.7527686528187718 0.4129124689987412 0.512681819727183 -496.23402440803517 -0.6233161206325342 -0.19663508341505714 -0.7568432187249612 432.9762792579363
-0.48818389803799983 -0.775303081942284 0.4007263565417457 33.303755884136756 -0.560827595200659 0.6304912863572498 0.5366126594565463 -495.45438568428557 -0.6686919246991619 0.03722726095720674 -0.7426070568502245 436.55405941068074
-0.3169982293270371 -0.9456618485090197 0.07235876503941863 33.08400258488772 -0.6113490228794832 0.26206770366092125 0.7467080359298365 -495.48397673221734 -0.7250961969475664 0.19246866491041437 -0.6612044450847082 436.8851581102297
-0.340100164882277 -0.9243060798915808 0.1731766396559 33.24536529411137 -0.5343867084037957 0.34149134621238175 0.7731846521649361 -495.5948879058847 -0.7737975986835344 0.17041693324759544 -0.6100781467435781 437.35189870930805
-0.25216433639105534 -0.6947539928496076 0.6735948610789638 38.213462887029095 -0.617796809763827 0.651349884406161 0.44053425511499034 -495.49163886048876 -0.7448088676285318 -0.3050577281492905 -0.5934640117128381 439.70419095059384
-0.26539743495337614 -0.3128866773697293 0.9119573063716865 41.630038084292636 -0.45690305283919413 0.8737365059071069 0.16680563105442744 -496.0946364140866 -0.8490016500728323 -0.37240629072260595 -0.3748463055758135 444.00209673518646
-0.18532551404870476 -0.049757443051986726 0.9814166549959883 41.25795561523435 -0.508384737856197 0.8595329078423004 -0.052422692138490136 -495.9882036651363 -0.8409514921548501 -0.5086525112462222 -0.18458930263003245 444.1390663610639
-0.17328894151743043 0.3424136938096474 0.9234304549013992 40.907974227495714 -0.6568520044256863 0.6584443714939684 -0.36741863579556355 -495.81159074671575 -0.7338367577531991 -0.6702267317404973 0.11081399293736852 444.20785752000614
-0.27679284627361245 0.9532037297101893 0.12160744187071904 39.85975465945847 -0.5908793290554298 -0.06903350239921355 -0.8038009666836092 -495.7943513436618 -0.7577910917573247 -0.29434168106655584 0.5823363598816024 451.30056855005637
-0.5177785945841259 0.8002995230689322 0.30236732688260165 37.08388550548154 -0.604101566141908 -0.09175912368956272 -0.7916069485575646 -492.89527957296633 -0.605777702441566 -0.592537709007086 0.5309731053728146 456.04342221493846
-0.5150440960723763 0.03719463049536342 0.8563563151885465 37.16185036806614 -0.8371702967979042 0.1926930781907935 -0.5118742734077064 -493.1049008813915 -0.18405290886128728 -0.9805538930011288 -0.06810719242509052 456.4819364992432
-0.17564256799102618 -0.5246918248741423 0.8329754961700633 37.25179537684602 -0.9434623954772567 -0.15190447163645995 -0.2946247440680535 -492.83775845192895 0.28111989724997505 -0.8376297036322728 -0.46834611449554386 456.8150478811399
0.0036518640920775772 0.05391126928330814 0.9985390522823424 37.12797395934488 -0.6641007481164738 -0.7464211294060425 0.042728139759992935 -492.5104167033254 0.7476341754091991 -0.6632865690035273 0.03307668574290587 457.0800964835002
-0.35378028036268233 0.7871299644366166 0.5052384905294884 36.838115576488 -0.24673095937196987 -0.5995764615378665 0.7613356030405521 -492.40129326327536 0.9021991725300413 0.14468754561378994 0.40632765993760017 457.1207376439634
-0.49390292238881556 0.820740704743643 -0.28713167507730597 34.933536103468256 -0.24066343020039488 0.18828609187967485 0.9521709200394964 -489.8048268345698 0.8355483329047881 0.539382093864441 0.1045272222841543 453.69147915896446
-0.5475195423061034 0.6751621390787308 -0.49434647439579377 33.94848979836221 -0.196256571248387 0.4706769488849954 0.8602014694419796 -490.42446124286903 0.8134529544077796 0.5679958589135543 -0.1251998211752264 448.88037352595313
-0.6769799414751857 0.6762322636226895 -0.2905306945504929 34.57868624071616 -0.14481439602930213 0.2646411969056269 0.9534116779246147 -490.8183053591216 0.7216141278709329 0.6875136089824638 -0.08122861516104608 449.03718765887925
-0.7069286740278765 0.7025157843717483 -0.08199647886183802 35.00354927486815 0.05473059891248961 0.16991791541047832 0.9839372254190007 -491.29263829971813 0.7051641024469926 0.6910857216952947 -0.1585689562588529 448.84482220212084
-0.5472975217260565 0.8199707017275905 -0.16767072201455904 34.95764071885015 0.2898874953901982 0.3736596877488252 0.881103670272603 -492.79274826877884 0.7851309844407601 0.43362020946885843 -0.4422022740910169 444.457013744041
0.05822664039564958 0.9745197355018667 -0.2166124268494561 31.518289073152772 0.4119688967385348 0.17418759761274114 0.8943938220705346 -497.4956831938321 0.9093356291646505 -0.14131512995881992 -0.39132946167705207 438.29885059842167
0.41484886617094435 0.8656394774941469 -0.28030111173583583 24.820111040795116 0.4099229721753472 0.09721810150092679 0.9069243615779036 -501.0568940925226 0.812319872414563 -0.4911384079302088 -0.31451468826776263 436.1859171611952
0.5863297719700467 0.45377984529625337 -0.6710448945521187 16.830042759767245 0.5607405193570524 0.3704824346263272 0.7404814890222 -504.91625627793115 0.5846259218104666 -0.8104484052894793 -0.0372278647118207 435.0235101707852
0.4933461934959319 0.13984748932876592 -0.8585174506621968 11.629848262630905 0.7196764973168617 0.4887207445577483 0.49317113971587506 -511.0417787833444 0.4885440334021177 -0.8611589362988469 0.14046356773138033 435.9041679072777
0.3719264497989637 0.0649895825861705 -0.9259843789693301 10.736476506421393 0.9066351224564063 0.18864291693469135 0.37739449468537495 -515.0925038887787 0.19920710496465316 -0.9798929554015812 0.011239452208838601 436.3354393944306
0.3489361805397595 -0.5573879853151046 -0.7533672250215661 11.643450397088897 0.8771437000985646 0.47727821211549387 0.05314543834835243 -515.2788836962096 0.3299431334150263 -0.6793556815587872 0.6554489962202004 436.28301333258946
0.3545992769624896 -0.8229651958261257 0.4438328956223822 12.365213176628027 0.8806106998637052 0.1343833473924555 -0.4543852013756124 -515.1763788696132 0.31429945603395093 0.551968660706808 0.7723641948810769 435.71432465095967
0.05301518573811147 0.7021428723563203 0.7100596995185492 12.038848810246588 0.9977262014772125 -0.0668767678657084 -0.008362105338443159 -514.955009385157 0.041615105034215776 0.708888485390369 -0.7040918252003349 435.15936337648014
0.010120674821833396 0.8018385220351687 -0.5974550665293668 11.669036353446728 0.9920572502316516 0.06686469302212272 0.10654353612431873 -514.9140528691278 0.12537936115632184 -0.593787922921574 -0.794793003484879 435.458111532376
0.051277384616296655 0.5762948275227553 -0.815631596738033 11.779893820589283 0.9905671927954929 0.07456777487352773 0.11496209596067096 -515.0473688598661 0.12707189454860632 -0.813832856746968 -0.567035109049604 435.592438535826
-0.39613184567232446 0.8779176499850673 -0.26896126243185575 12.037449975909833 0.8963329273184308 0.4332764179812913 0.0941213526574941 -515.4437941116527 0.19916536910068341 -0.20379437054541777 -0.9585410842968519 435.3691827246673
-0.6603261042564167 0.5245292260346176 0.5374369982361393 12.302195027438671 0.7288433920314895 0.6200907420810595 0.29030119096792517 -515.7701044265833 -0.18098824804272978 0.5834008592904949 -0.7917617643265774 435.3791757019692
-0.6634826640310476 0.08366035407369998 0.743499629916875 12.174518579885532 0.5032464181654205 0.7852506304361531 0.3607277228094634 -516.5072553536046 -0.5536549441068308 0.613500116182457 -0.5631019537438782 435.6528708440471
-0.614156838486383 0.030582447762320327 0.7885912069185648 11.909141307407667 0.3326264791312184 0.9161869988311597 0.2235195932206475 -517.316916375936 -0.7156612348878334 0.3995824033433142 -0.572855042586867 436.03996191553625
-0.5285960463521592 0.37710660666327306 0.7605108986673234 11.644214190124238 0.3876141453370248 0.904278981869462 -0.17898267313843058 -517.8348789945072 -0.7552095696662694 0.20017524861991076 -0.6241701496582831 436.4509994934471
-0.429987176866412 0.6385853451514975 0.6382160956041439 11.215545454869641 0.40849465875701735 0.7680135569658707 -0.4932416143064373 -517.9462148252545 -0.8051354802127644 0.04862029693839278 -0.5910946838097786 436.837664718025
-0.5617889577285751 0.6792796348399733 0.47219947550364305 11.105135287667213 0.20338329389230939 0.666671978142984 -0.7170660425124286 -517.8483248784798 -0.8018905179260778 -0.3068022999434601 -0.5126830853555125 437.37333503266973
-0.46438846434410774 0.8569312060973868 0.22363421518318902 11.026035099219605 0.18398889021071377 0.34035418441201615 -0.9221209885000242 -517.6090521343535 -0.8663090917583334 -0.3870761387242984 -0.31572237862897345 437.8160189566922
-0.003828874804823833 0.9995875592597033 -0.028461396504028263 11.090127214966195 0.12098454556225095 -0.02778948381991687 -0.9922653295989529 -517.078247276938 -0.9926470064694811 -0.007242648842309919 -0.12082824415227711 438.1561629026528
0.10082688552988678 0.7516099501691756 -0.6518561359387777 8.716794965853493 0.05520563042354773 -0.6584121694963312 -0.7506302374862563 -516.9632058863185 -0.9933711680554654 0.03969758010033947 -0.10787874957699027 442.2643709107524
0.12960617128951307 0.4256708928207037 -0.895548173672919 6.4519816085355455 -0.009624333952868398 -0.9025832942647612 -0.43040767780110056 -515.1528912970646 -0.9915188412529716 0.06440254590772002 -0.11288356621300785 446.7044962031476
0.18048665826096164 0.021354152534580527 -0.9833455986372861 5.0076276208900765 -0.444812287325734 -0.8899143620117278 -0.10096760534601544 -512.218022848882 -0.8772494486939492 0.45562751064305756 -0.15111907990512122 451.13604547133417
0.16988814464294705 -0.282361129647106 -0.9441452275864074 4.44152717938229 -0.4573200069272119 -0.8712506673666168 0.17827138266508177 -507.5583823167316 -0.8729240686187258 0.4014903075762061 -0.2771445531640319 454.11048038137847
0.18548025088027664 0.004120114901609387 -0.9826393545887468 4.46402254993738 -0.6493088444667771 -0.7500639030775728 -0.12570666568347333 -507.69838503033253 -0.7375602355269748 0.6613525277438913 -0.13644681387323157 454.6261571326914
0.16509964796493856 -0.27576243407605655 -0.9469409623594829 3.691964406073812 -0.5799033190442764 -0.8037622094547672 0.13296033699499762 -502.66123384315654 -0.7977808262945929 0.5271825021800711 -0.2926164086169349 456.6873724975477
0.24049513079280363 -0.37449427422859705 0.8954976999607256 4.87884145904432 0.9507566551276095 -0.09494025313213567 -0.2950392025913934 -492.7430448942613 0.1955092703569632 0.9223558895053477 0.3332202549355059 458.89792873450284
0.8490102549595907 -0.406177643327549 0.33793684178309175 5.313897891921968 0.0029639793537110143 0.6432270806411721 0.7656697313830718 -496.98962961498194 -0.5283680552416498 -0.6490598160344783 0.5473102898808345 452.83256219883947
0.8067358711753272 -0.4549873584987343 0.3770460684920757 4.859394733789158 0.08526289168091887 0.7210256386929458 0.6876425435134425 -497.0835938919808 -0.5847285468156956 -0.5225978683019775 0.6204707846345632 452.81850468098406
0.8007496213862463 -0.06971470473312287 0.5949284862853329 2.2132848559402003 0.23795020781394094 0.9484969581155744 -0.209124888635484 -499.7946219604491 -0.5497087796743721 0.309020032343332 0.7760972085759844 457.00383686017705
0.9612855817281328 0.2384766369852867 0.13805406177941446 -4.666761182706522 0.1383526841860345 0.015569917192501689 -0.9902606285504526 -505.99720732831696 -0.23830351474564343 0.9710234143885526 -0.018026745936719678 459.8458982525644
0.9996399617108865 0.0250914429077755 -0.009506126627811688 -9.167283228502201 -0.006228349031033896 -0.12761748809027162 -0.9918039042078207 -506.1761993949571 -0.026098939039850416 0.9915060243015831 -0.12741526264407588 458.9909919770303
0.9758692086708152 -0.11166008662724798 -0.18764677621156553 -12.847212765896373 -0.21808155716128536 -0.5414632396789169 -0.8119470392227068 -505.3673985613163 -0.010941754626475564 0.8332764158013867 -0.5527483087942329 457.07512258437487
0.849987460382153 -0.4998945305017427 -0.16621304271187956 -18.475784766748653 -0.49988374844766525 -0.864923865172759 0.0449771663461078 -500.9619558887673 -0.16624546679837093 0.04485717143399372 -0.9850635913178039 454.59500396189276
0.4737749230757817 -0.8679594955852866 0.14894172111222953 -20.70541203382802 -0.7453962998850495 -0.3051723375186364 0.592667023320083 -494.30368695107745 -0.4689580774250641 -0.3918113811985894 -0.791556797192114 456.4775268799377
0.49040870577630474 -0.570675098569335 0.6586571438705353 -19.470622804967345 -0.730479242376172 0.1430119138894515 0.6677931333453565 -489.64036433074995 -0.47528873093767093 -0.8086269376903991 -0.34673202604475745 461.7881558199713
0.5399705246870505 0.11792853837268513 0.8333814806596528 -21.583646793215983 -0.7401571731554584 0.5379598509484375 0.40344337619306064 -486.1110368737816 -0.40074828944826557 -0.8346808124096394 0.37776811657347453 467.9123637905258
0.52003218719524 0.45153681976714544 0.7250386366777349 -24.41764361875234 -0.8409412420168606 0.4193455082994315 0.3420046376063203 -484.91277834625953 -0.14961400922397886 -0.7875683113633152 0.5977890959027771 469.86568781338036
0.4770020963352182 0.703775304011526 0.526468727993689 -27.463220192684304 -0.8788968052909335 0.38404426623287774 0.2829318066655653 -483.28682050783897 -0.003066878086304732 -0.59767074801862 0.8017357864169863 470.5207349142049
0.5703247444160373 0.8127301653409392 -0.11916108530754803 -32.69557769642171 -0.8172270993860773 0.5760493654205588 0.017521319230846263 -480.3149299687762 0.0828827722497144 0.08738882619341846 0.9927203227096415 471.06082030673645
0.2944546553758161 0.920407488328359 -0.2571896408423028 -35.21312204910887 -0.9507336998147211 0.3094331148716325 0.018883311612372757 -478.85077100820365 0.09696333309101562 0.23895857977884435 0.9661764379169856 469.43401746296456
0.22376406573736285 0.789453108981116 -0.5715710206131318 -37.46981454948168 -0.960119945859692 0.2794080621761066 0.010041133072240546 -476.71984418998693 0.1676285549871077 0.5465298926051919 0.8204911602460372 467.5114524091649
0.21764567617460867 0.15115936076267042 -0.9642516306941463 -41.4197839037553 -0.9207350433074284 0.35959604760624525 -0.15145184902019027 -472.0190485168659 0.32384771061127476 0.9207831070343248 0.2174422455091198 463.38700667951235
0.02120044418724146 -0.5776450987188527 -0.8160126721395645 -42.396614761124624 -0.8819730401505714 0.3735643277919738 -0.2873556149597366 -466.86227005171736 0.47082278790838167 0.725793243925167 -0.5015476741634427 458.0855727690186
0.08441087617160949 -0.9089690787549977 -0.40822789940330345 -40.21884515368517 -0.9112648593723579 0.09530790497756068 -0.4006404364537658 -461.778854813948 0.4030771142808982 0.4058221496124637 -0.8202665559602558 453.7771854716691
-0.10347267685872884 -0.9630928588710547 -0.24848651942362887 -38.53969189574584 -0.9215482120208361 0.18682522596148446 -0.34036043816172207 -456.32335983276704 0.37422225757547967 0.1937743020527241 -0.9068678083376251 451.99086693468564
-0.299017194866134 -0.90606673445133 -0.2993856875254617 -36.23117172861977 -0.8725874207452358 0.38661128873425316 -0.29853459528238285 -451.03609294189584 0.3862381523510672 0.17197320763404828 -0.9062258578988394 450.9112629869576
-0.7213639076616076 -0.6282475251295078 -0.2914432361401205 -32.56085124933838 -0.5771163150857869 0.7779348379605853 -0.2485038163671537 -445.9058092438497 0.38284575429927586 -0.011065037545568356 -0.9237460112818515 449.2920437336841
-0.7105459653044764 -0.7006105308267528 0.06533999758331352 -29.649813079897374 -0.5999463863291777 0.5546861718046755 -0.5765306447529346 -444.0184617888596 0.3676802479330292 -0.4488520189364501 -0.8144587775796734 449.2880001270222
-0.8295016054340637 -0.2912666839596352 0.47654045515304466 -29.956312563328897 -0.5357126285105732 0.17368065713662403 -0.8263455747996007 -443.2705028949038 0.15792107597343297 -0.9407437207612629 -0.30010362478924746 449.9832839093144
-0.8004989751098639 -0.1402920359662013 0.5826830489146892 -30.372697938214056 -0.5431784024481896 -0.2410627957788364 -0.8042673383926041 -442.2048981211024 0.25329550718852867 -0.9603160277407362 0.11676691698575055 449.96794140493
-0.6563419932288654 -0.4107957158144626 0.6328207232643743 -30.838693368993376 -0.348978656072454 -0.5783439824079826 -0.7373819469029188 -441.2877614068001 0.6689014019496643 -0.7048156623408403 0.23623250536032062 449.4664804109969
-0.5927709551755705 -0.49241681136420445 0.6372976373611895 -31.506961474325184 -0.30997962096402853 -0.5908529234580447 -0.7448526414184751 -440.4272747986058 0.7433271347712535 -0.639076291789166 0.19760127526351026 449.11406226035336
-0.6536775350994899 -0.272811185401562 0.7058893236379573 -29.76393541006774 -0.5083108201218463 -0.5327480731257517 -0.6766088979076873 -437.61412489152633 0.5606476524996022 -0.8010952176243421 0.2095725698799614 447.9884141771182
-0.6994728979581052 -0.07507425868540432 0.710704946306785 -28.307074562945196 -0.581929582104905 -0.517434383303681 -0.6273911223840758 -434.558481599737 0.4148440990219155 -0.8524233189313716 0.3182433956089558 447.46481381285776
-0.7514445831976692 0.025882450234702547 0.6592883566033394 -29.12389831322421 -0.6469980763937623 -0.22475996276602325 -0.7286126874274061 -433.78348236381703 0.12932334485952762 -0.9740703557275838 0.1856405520544463 447.1086266660047
-0.742097552335535 0.29225521742988314 0.6032231019304733 -29.774448999515656 -0.5770071830686001 0.17944079273349617 -0.7967833536102606 -432.973201782446 -0.3411069238594386 -0.9393550392626772 0.035470786669641506 446.80528456798686
-0.5890836120600039 0.6451486364216138 0.4865837388627714 -28.293644100233884 -0.5400161604370277 0.13365050206868992 -0.830975384571431 -430.49572403521825 -0.6011347972536519 -0.7522770634680559 0.2696593690393256 448.2943696168948
0.11885844256287968 0.9891777099250088 -0.08602400141265275 -26.421808533445745 -0.6819869278224754 0.01836358654895848 -0.7311337832218675 -426.6116577329135 -0.721641532140984 0.14556866722126646 0.676788934759305 451.74318122599533
0.4703090687217711 0.5503264080543512 -0.6898914584744897 -27.922584833614653 -0.7966874969998808 -0.07149810817734144 -0.6001475257394021 -422.09528532361907 -0.379602966271504 0.8318827231798088 0.4048119598935026 454.38714019467784
0.5394851355548781 -0.08305211432983702 -0.837889094582738 -29.75199088122092 -0.8412489946789738 -0.09505017443708665 -0.5322270129287832 -417.48925496796556 -0.03543892587183355 0.9920019206860544 -0.12114566392664332 454.4259410162514
0.0018025673266342938 -0.8681444782489793 -0.49630828689116424 -31.89832367574872 -0.931724900497927 0.17878204032065984 -0.3161102526823666 -411.7803430216305 0.36316037854253935 0.46299259923306635 -0.8085495609498815 453.34468014109734
-0.5124076336310943 -0.8470601370309895 0.14116494341593952 -30.454744471434548 -0.8199960089167923 0.43381052657871877 -0.3733831442232313 -406.68108346766223 0.25503913887306867 -0.307079063569197 -0.916873757046381 452.17950271814357
-0.8129019220588057 -0.3931313771171195 0.42969545661910197 -27.220165619654118 -0.5782919073298538 0.6323368269665857 -0.5154887071300688 -402.8201432992437 -0.06905747627811225 -0.6675311660048728 -0.7413725159339739 452.756597361918
-0.8404342535802635 0.11351855047541037 0.5298903698945187 -24.011521648709788 -0.3085411796165101 0.7036164417431459 -0.6400986200497287 -400.21973501102434 -0.4455026440884939 -0.7014538057539328 -0.5563182115511615 455.02017891169936
-0.7651706920531439 0.38570288169409067 0.5155066430956925 -21.28194162621493 -0.15772849491728197 0.6639903028034484 -0.7309162740520381 -398.1489153656835 -0.6242079252252744 -0.6405857981846467 -0.44722958449782324 458.15229912911343
-0.7473958279161953 0.5531544769839672 0.3679940230575234 -20.26651659495051 -0.1160352340984734 0.43669710709870285 -0.8920938633906953 -396.5060399635496 -0.6541676397233182 -0.709447504220164 -0.2622001866791889 460.2721975937427
-0.7234930204852038 0.670803196813299 0.16303656171011924 -20.617350423213587 -0.05463363821392756 0.1797922557535825 -0.9821862910601777 -394.93692466733955 -0.6881664151095326 -0.7195122069264003 -0.09343002300756365 460.26388685786344
-0.8288366149953866 0.5535984558728928 0.08098527828031947 -20.595540519176648 -0.01867532097420852 0.11729305332831151 -0.9929217350966956 -393.4845598354785 -0.5591789499163032 -0.8244823159389607 -0.08687814842885827 460.05992095759467
-0.8196905189542433 0.547676395761061 0.16780351206902672 -20.397134488685065 -0.00536566556371205 0.28559536391842233 -0.9583352741819341 -391.9426549497443 -0.5727815139907902 -0.7864387157525243 -0.23116116368442396 459.5786348674929
-0.9033135639903268 0.41879872564172393 0.09290980848094173 -19.11179752298207 -0.11122263637561562 -0.019468263071804513 -0.9936048066966189 -390.314906330052 -0.414311634242575 -0.9078703729794446 0.06416584447671365 461.151765956449
-0.9621579303193283 0.2561180801646801 0.09303572505435027 -17.6883487794055 -0.19011473918867097 -0.3863505637470435 -0.9025461915246035 -388.48929202316987 -0.19521399300985984 -0.8860794382588392 0.42042208080457133 461.854202548355
-0.9236756868655303 -0.1353237703480011 0.35848389457867763 -17.702879747367778 -0.3243561958074025 -0.22195379032400858 -0.9195268202734259 -387.06247788499866 0.2040006954273595 -0.9656210396110924 0.16112021637754348 460.8644775584488
-0.776219049449699 -0.3907246503309023 0.49479110227974454 -18.35939792687827 -0.5290807846083841 -0.023104170487883602 -0.8482568718638508 -385.53222392038714 0.3428666076327474 -0.9202176073787443 -0.18879100730848145 460.1500358621481
-0.6280357098040331 -0.567443737118184 0.5325211286102167 -19.380902953990834 -0.7015019773522092 0.11661618754238924 -0.7030616193293597 -383.92767985286775 0.33684732889232005 -0.8151124278333809 -0.4713020337423568 460.28962234730733
-0.28443921836934616 -0.7268522425185706 0.6251241065573828 -20.429525332886335 -0.9006786295025239 -0.020785930129560905 -0.4339884231936464 -382.4877194019903 0.3284392446266057 -0.6864792514376354 -0.6487479479233285 461.11145813970217
0.23612920605591856 -0.7527789439841365 0.6144646934865632 -21.90076047369646 -0.9272501906898408 -0.36366364564222936 -0.08919549710529308 -381.5255884002885 0.29060296267082 -0.5487008422923512 -0.7838860272734858 462.05409442210436
0.7034943807879929 -0.598917596926867 0.38261386317156904 -23.462445976519405 -0.7076893422101488 -0.6398404790355743 0.29963303607863057 -381.35329936211735 0.06535633956923269 -0.48156191032813106 -0.8739717818094784 463.28719447431354
0.8004946297142975 -0.5960909384897718 -0.062321271239922926 -24.629452620690564 -0.41911113936241373 -0.6310730217158925 0.6527577606775095 -382.0105353346254 -0.42843225912729144 -0.4964095429307956 -0.7549989172352016 464.7875467698013
0.4210215853116351 -0.7273283355942926 -0.5419726164146309 -24.880478562527983 0.035377050485982005 -0.5838890497416596 0.8110622922382092 -383.14471314998804 -0.906360463061245 -0.3606481246775369 -0.22009916212013156 466.28423634192546
-0.38119530412729935 -0.6825874219829827 -0.6235098647671324 -24.409300672414243 0.46784193163972815 -0.7241291481852361 0.5067158017549248 -384.69633275438326 -0.797379500056846 -0.09854637537300237 0.5953776488834125 467.117188778034
-0.6421059114518778 -0.7664952835994608 0.01360068742167867 -23.063153967279952 0.7530908134570435 -0.6339960363425505 -0.17579320973390336 -386.0386814642233 0.14336744806672602 -0.10263530640927036 0.9843331594095126 466.6102243372208
-0.2995711283986354 -0.7632603609685784 0.5724428009889636 -22.801032783990873 0.1649266005042568 -0.6323941244689651 -0.7568863110026791 -386.51374877393704 0.939710782888055 -0.1323302411063066 0.3153289580940329 464.7483129825484
0.3243879238370224 -0.8121837021209798 0.4849021642329228 -23.787559683985037 -0.7799725456544935 -0.5196879441603507 -0.34866498063275786 -385.40736460858756 0.5351778236193632 -0.2651076662479877 -0.8020614829316954 463.5010487373686
0.6638231482059755 -0.7395690058506285 -0.11124977973473733 -25.29825072492194 -0.4607638941296505 -0.5215903757936855 0.7180808546019637 -384.32977652532105 -0.5890971581771488 -0.4254188118366664 -0.6870104604466294 464.435670480876
0.40322869866302347 -0.6080122215771934 -0.683906247220551 -26.16016010261927 0.9019916346072533 0.13803605338622735 0.40909306895142333 -385.375305054994 -0.15432986643247681 -0.781835779673918 0.6040820357771067 466.12847620818593
-0.18994759135388609 -0.8935407951209698 -0.4068227623836317 -25.62798294025813 0.27587351252688924 0.34909669292849493 -0.8955586547359521 -387.1755402947383 0.9422386733863861 -0.2823408338178826 0.18019416176471686 464.8935577479907
-0.4037508619718663 -0.9039984551036498 0.14061306705707055 -24.99150311386055 -0.8533346673859471 0.31670408508847636 -0.41414788171085726 -385.5762445062868 0.3298563124972696 -0.28720256903184177 -0.8992827683477632 463.3862045399006
0.40443392922132626 -0.7554847521774904 0.5154376646326135 -25.006577784382333 -0.8339073458168869 -0.07319969720562515 0.5470286490867224 -383.8798760044532 -0.37554192240978695 -0.6510642007946106 -0.65960872565214 464.7685902985102
0.7550668542438456 -0.4205979911846307 0.5029625984442223 -26.433172805005206 -0.43652500423885354 0.24988616323602048 0.8642932523729746 -384.58865255356847 -0.4892033997189492 -0.8721549376312886 0.005079219308960865 465.65682463430153
0.7372597537654003 -0.26434664078448394 0.6217466598090796 -27.392650497929093 -0.46223452149161565 0.4738111199040877 0.7495613849423244 -385.9144802329466 -0.49273451535203394 -0.8400142118804869 0.2271317265808622 465.2634651646957
0.42383406482832886 -0.05376687822560976 0.9041425818403731 -28.381459281741133 -0.6451408886803054 0.6827362399998924 0.34302253620367196 -387.14584166952744 -0.635734157682192 -0.7286839845891258 0.25467966420472543 464.5531042738867
-0.2792282078306064 0.25972343584267216 0.9244324447063681 -29.498750593955727 -0.4557103256434408 0.8115550475371817 -0.36565899950483394 -387.9029620322099 -0.8451980283067748 -0.5233757175213668 -0.10825040995459365 463.5295124102927
-0.895525993762984 0.4001436039361053 0.19472619424169044 -30.70415317264996 0.18474443208684482 0.7323814298740823 -0.6553525280248089 -387.5033642387942 -0.40484897098514866 -0.5509106437568855 -0.729790910663899 462.8470312371299
-0.5067571929619776 -0.08791603099431193 -0.8575942623849063 -28.90207535381536 -0.7109953588955203 -0.5199484243017678 0.47343345434722195 -386.9346252501164 -0.48752717566340026 0.8496613487503828 0.20097971397469727 464.51008218529347
0.5858829425673578 0.7735977150555857 -0.24142856680475597 -25.356467997980555 -0.3528026476403138 -0.024721193060727273 -0.9353711319212515 -384.1371317404512 -0.7295693725935898 0.633194628747303 0.2584435967459125 466.04568749453097
-0.6988323289999006 -0.49168183554167433 0.5195020197679238 -27.776170798632904 -0.4337768099231868 0.8688083361765017 0.2387671546990645 -382.35429612675284 -0.5687451583243966 -0.058489722076554417 -0.8204315311431949 464.69799193680547
0.7906546020707272 0.32385996520423055 -0.5195960191940485 -27.013519411278406 -0.09278028519173996 -0.7754726954169959 -0.6245269548565884 -384.16668669424854 -0.6051918034013075 0.5419933778198924 -0.5830832354777997 466.12602388361404
0.47323502021548924 -0.7541870846022556 0.4552476875952289 -27.524233923864223 -0.8527306249105854 -0.521894777780181 0.02182480848444545 -383.66299951821014 0.2211314020695649 -0.39853190881651046 -0.8900973096655329 468.277268261764
-0.5115498987152455 -0.6019439751114795 0.6131722041575433 -27.76922976825514 -0.4503135626299528 -0.4199528692188218 -0.7879449745676428 -384.6725996662438 0.7318021566215477 -0.6791929316931038 -0.05623668822202174 469.41659368286616
-0.9592507191119626 -0.10513019707419807 -0.26227027957115223 -29.108181406895394 0.25528569249922706 -0.720305111761732 -0.6449726825029984 -384.26995109943783 -0.12110851781926261 -0.6856443594408564 0.7177914316001281 470.22020748680086
-0.27157012397857727 -0.008095950694227081 -0.962384602611983 -29.761325841554992 0.19100908936782 -0.9805261292430141 -0.04565126121579938 -383.30643121743657 -0.9432736588822663 -0.1962217252346779 0.26782800265243156 469.2678111238557
0.4174661856920225 -0.5694963385308389 -0.7080931465589323 -28.80604706595863 -0.5732674214338058 -0.7696637215962661 0.2810377540139861 -383.3782821545857 -0.7050435783172508 0.2886029730591173 -0.6477822756258831 468.0256696486102
0.20352506604843643 -0.9790578999517955 0.004814149142612597 -27.60614607793619 -0.9649164952393877 -0.20141356456148338 -0.16843020283066468 -384.3700579104422 0.16587255561098868 0.029634516237414987 -0.9857018264883435 468.4034627172656
-0.4083904746525643 -0.9092986736196613 0.07995712830377111 -27.426748544243445 -0.5221210244709285 0.16084908722721986 -0.8375662403318338 -384.8597972565976 0.7487368402973689 -0.3838013721857961 -0.5404531901005072 469.7168605181627
-0.7648397229257693 -0.47654557837197453 -0.43350260664609674 -27.515668357006305 0.3346106852111861 0.28115781346449253 -0.8994364753946612 -384.17945379543005 0.5505051203915723 -0.8329793488808639 -0.0555834216351888 470.82348386408506
-0.5455302364365708 0.03427850743806939 -0.837389840552944 -27.411678393223436 0.8168707664776286 -0.20166912928326106 -0.5404180910816994 -382.93754629618087 -0.18740040556977058 -0.9788536898954574 0.08201549713521135 471.05867562621444
-0.22882928500187583 0.15465284660385356 -0.9611033531118609 -26.433492934811667 0.6661419285355463 -0.6950640084478624 -0.2704458452395556 -381.77584877418633 -0.7098535689650902 -0.7021171705618073 0.056030254593460775 470.74435175392756
-0.24698397304425448 -0.04100270961722611 -0.968151690006957 -24.72673709553649 0.32819053739632764 -0.9435973206679851 -0.04376148525488737 -381.335553231073 -0.9117510012184169 -0.3285466089191138 0.24651011651647617 470.5876979519411
-0.25206138663221517 0.2868598927359391 -0.9242166733556464 -23.22431972573623 -0.5714730953998116 -0.8148606290178019 -0.09706006650973775 -381.67690565592824 -0.7809504200672444 0.5036998681916053 0.3693276109100913 470.2867253604946
-0.748224625815529 -0.5222225994268394 -0.4091985654558109 -21.248624646223824 -0.34284838491014163 -0.22368459882247418 0.9123706402631226 -379.79463573343685 -0.5679919843516483 0.8229512481900183 -0.011676849522424445 471.65424876160705
-0.7963156464311388 -0.26468817899145375 0.5438948052253787 -18.939479059303686 0.5062043499383143 0.20060459555885266 0.8387579819853889 -380.52573337771116 -0.3311171202950539 0.9432380209379074 -0.0257582706067809 473.03347525443075
-0.08923013819235286 0.23862915020280487 0.9670026427635385 -18.077513335605094 0.9612771487129532 0.2747904651567599 0.02089123311895497 -382.94442701020455 -0.26073784880694256 0.9314216708518329 -0.25390834028662684 473.73531624624377
0.6233877434089145 0.7465926126144371 0.23235144104803193 -19.56185886970271 0.5502873254164203 -0.20779529154255683 -0.8087057414775726 -386.982346560984 -0.5554921969331262 0.6319973003125051 -0.5403774898569663 474.4125139975984
0.9077999484309371 0.21501881758886773 -0.36009187954115296 -21.544352212317616 -0.33002910432716975 -0.163581509071811 -0.9296891309393692 -386.5413217998665 -0.2588050307196524 0.962812545604011 -0.07753681771730267 475.99340904497126
0.4003173456270266 0.012923763323975329 -0.9162854354030107 -21.405438367686898 -0.8821869342201405 0.276013385453328 -0.38152696384641915 -384.9169166701389 0.24797628088469367 0.961066900580881 0.12189412096757131 476.47305042611725
-0.48252628739383563 0.1648533464443885 -0.8602277350446303 -19.918517125247327 -0.5007752703357369 0.7538486706135146 0.4253660898971745 -383.80000189515454 0.7186045578717806 0.636031096708586 -0.28119732115647506 476.5763851486622
-0.909846171617086 0.41446286989430975 -0.02001183331709627 -16.986053042392882 0.1624168768234147 0.40009468824378275 0.9019672935101598 -383.10673601551355 0.3818385812312141 0.817401229457165 -0.4313403852704383 475.70704604880405
-0.6898960338875434 0.3577460912878328 0.6293339309099121 -14.516535045675884 0.7111629659184464 0.497350939825552 0.49687954129821393 -384.98759826524554 -0.13524310826182445 0.7903542097205025 -0.5975362121618754 475.72126381542023
-0.15641436864780361 0.7384831678624446 0.6558789187528166 -14.582037752479266 0.4516206915975729 0.6440423035408568 -0.6174530445068038 -386.1509709429071 -0.8783924499911414 0.19962996276521683 -0.4342517492940232 477.71399185072266
0.5503598911565526 0.5592901460330308 0.6199181581116209 -14.932188214464151 -0.15433095922030884 0.7978327759040521 -0.5827905427504619 -385.1235346908757 -0.820540032681094 0.22507197569575663 0.5254109444274249 479.37629046359
0.9521962285046895 -0.29884152135381636 0.06337260872323189 -16.14497640322765 0.2743906956959255 0.9278523893282347 0.25258600462693137 -383.7035664252117 -0.13428361231720964 -0.2231225867831972 0.9654968786745075 479.1068457914219
0.5320671759602806 -0.4060816459155257 -0.7429685169078134 -16.83945865814301 0.7780722527391232 0.580566286169495 0.2398882174697838 -383.9305494690188 0.3339282704161527 -0.7057198340799969 0.6248611253734538 477.30035116671297
-0.09842111946615421 -0.4115674844900389 -0.9060493854937364 -15.86876734365606 0.6248576811281706 0.6830500000211742 -0.37814755824440227 -384.28052542061636 0.7745102720933769 -0.6033696240130231 0.1899445583327603 475.48735525618963
-0.5639179937487303 -0.6233586082861393 -0.5416830639792801 -14.171181453114846 0.00945976820258614 0.6510060962319774 -0.7590135541967342 -383.35628553604596 0.825776609690517 -0.43314559693522287 -0.36121722376385307 474.39744138975084
-0.35056292949419304 -0.9350306104730133 0.05313558076205292 -12.89726562046235 -0.7330759893332127 0.2386521704227663 -0.6369024536109427 -381.43566544179856 0.5828423683360593 -0.262226808375825 -0.7691110938228903 474.6373996960678
0.11588351978163974 -0.9296829444513854 0.3496578794181938 -13.011310481315332 -0.993162147808375 -0.11346638527022529 0.02746502456524285 -379.64716129724064 0.014140650751589927 -0.35044971423860094 -0.9364747939941608 475.66577121657673
0.5457736359965609 -0.8375603159640403 0.024977096975381297 -13.75879628590917 -0.6647343817105469 -0.4146234797400101 0.6214624460256523 -379.2990491980004 -0.5101561917912927 -0.3557809539175876 -0.7830457028848943 477.7558872265827
0.1341425107623173 0.05061127900780159 -0.9896687755221861 -15.119906196975922 -0.48945399682683316 -0.8649898619725062 -0.11057722945990008 -378.9953401500476 -0.8616499125495354 0.4992304449069412 -0.09126001907405333 480.5732677328666
-0.10001285499436191 0.8882191315278279 -0.44840183231542985 -13.371091886412607 -0.7645265722623775 -0.35702264487469315 -0.5366879459717931 -377.5276717359314 -0.63678610941243 0.2891394221385829 0.7147739820563898 482.4063937526387
-0.7766924722061371 0.35906302663282647 -0.5175157451939025 -12.21432949264074 -0.551305234220666 -0.7849041739409865 0.2828214568432147 -376.27709770254916 -0.304649540192041 0.5049744356255014 0.8075824893009291 481.48834709766214
-0.997286413690426 -0.05965707520390542 -0.04313748308155152 -10.877714614634366 0.006997508415635279 -0.6601143040710256 0.751132571811929 -376.577230751172 -0.07328604194843881 0.7487924538474889 0.6587404778185325 480.0308451330764
-0.8708594133249703 -0.2554158822454927 0.41996024730925713 -10.473170704651228 0.49067016828109 -0.5023107847260029 0.7119878239878533 -378.0884730559084 0.02909756316773464 0.8261032639111818 0.5627670292163474 478.50953779354376
-0.6741038245616205 -0.2566199899352305 0.6926255947314139 -11.203917497971831 0.6075871341306524 -0.7258761002866345 0.3224000022822152 -379.9109333600225 0.4200260803215686 0.6381614747055123 0.6452348596064736 477.73271877589536
-0.4481090880021872 -0.2977926657128508 0.8429221633682964 -12.574078058979813 0.3683465679048028 -0.9206350177102884 -0.12942940190827226 -380.949701859432 0.8145667874168474 0.25248899463781854 0.5222358245315815 476.5093135424043
-0.12790357457880402 -0.4581360860733383 0.8796317424055216 -14.408524043035602 0.13986278665375923 -0.8863849001377546 -0.4413164507666028 -381.0976163886011 0.9818752856241013 0.06658179514845936 0.17744798684515609 475.39934951167936
0.38883253588127503 -0.5567305455560639 0.7340710855802662 -16.426519203040243 0.010613864879493139 -0.7940103967863681 -0.6078115132732163 -380.51493401592734 0.9212473093108368 0.2441282233581518 -0.3028280133137224 474.7316375804484
