0.999999 -0.000283 -0.001698 0.000280 0.999998 -0.001891 0.001699 0.001891 0.999997 -0.014651 -0.031232 0.615274
0.999990 -0.001591 -0.004141 0.001576 0.999992 -0.003593 0.004146 0.003586 0.999985 -0.021615 -0.051922 1.253237
0.999974 -0.002596 -0.006695 0.002565 0.999987 -0.004518 0.006707 0.004501 0.999967 -0.027660 -0.069013 1.965960
0.999963 -0.002256 -0.008319 0.002212 0.999984 -0.005298 0.008331 0.005280 0.999951 -0.044042 -0.083624 2.736732
0.999939 -0.002189 -0.010863 0.002125 0.999980 -0.005893 0.010876 0.005870 0.999924 -0.062297 -0.097859 3.498857
0.999895 -0.001622 -0.014400 0.001531 0.999978 -0.006383 0.014410 0.006361 0.999876 -0.085012 -0.115249 4.313494
0.999823 -0.001578 -0.018735 0.001463 0.999980 -0.006113 0.018744 0.006085 0.999806 -0.113541 -0.134836 5.140255
0.999746 -0.002581 -0.022405 0.002455 0.999981 -0.005621 0.022419 0.005565 0.999733 -0.129664 -0.155413 6.039131
0.999712 -0.002893 -0.023803 0.002747 0.999977 -0.006148 0.023820 0.006080 0.999698 -0.155447 -0.177479 6.962346
0.999684 -0.002978 -0.024941 0.002792 0.999968 -0.007515 0.024963 0.007443 0.999661 -0.189424 -0.197959 7.829128
0.999648 -0.002816 -0.026396 0.002567 0.999952 -0.009454 0.026421 0.009383 0.999607 -0.218032 -0.215876 8.687907
0.999656 -0.001570 -0.026186 0.001275 0.999935 -0.011288 0.026202 0.011251 0.999593 -0.254289 -0.241765 9.619485
0.999699 -0.000096 -0.024527 -0.000237 0.999908 -0.013564 0.024526 0.013565 0.999607 -0.290407 -0.267228 10.573732
0.999723 0.001445 -0.023502 -0.001803 0.999882 -0.015246 0.023478 0.015284 0.999608 -0.322648 -0.292847 11.492476
0.999771 0.002038 -0.021325 -0.002399 0.999854 -0.016943 0.021288 0.016990 0.999629 -0.350755 -0.319012 12.338088
0.999762 0.001818 -0.021762 -0.002220 0.999828 -0.018437 0.021725 0.018481 0.999593 -0.374608 -0.347164 13.218913
0.999759 0.002444 -0.021835 -0.002893 0.999785 -0.020521 0.021780 0.020579 0.999551 -0.397458 -0.380716 14.116617
0.999775 0.003260 -0.020976 -0.003706 0.999767 -0.021256 0.020901 0.021329 0.999554 -0.426964 -0.416065 15.086077
0.999795 0.003041 -0.020024 -0.003469 0.999765 -0.021393 0.019954 0.021458 0.999571 -0.448089 -0.450503 16.039669
0.999834 0.003472 -0.017885 -0.003862 0.999754 -0.021826 0.017805 0.021892 0.999602 -0.468414 -0.481135 16.994910
0.999878 0.003028 -0.015321 -0.003374 0.999739 -0.022607 0.015248 0.022656 0.999627 -0.482917 -0.512163 17.902031
0.999914 0.003255 -0.012708 -0.003577 0.999672 -0.025340 0.012621 0.025383 0.999598 -0.490899 -0.542646 18.822906
0.999938 0.002903 -0.010737 -0.003182 0.999655 -0.026055 0.010658 0.026087 0.999603 -0.504562 -0.577707 19.861255
0.999963 0.003745 -0.007706 -0.003943 0.999658 -0.025862 0.007606 0.025892 0.999636 -0.515760 -0.611244 20.819884
0.999978 0.003961 -0.005344 -0.004088 0.999703 -0.024033 0.005247 0.024055 0.999697 -0.528096 -0.648127 21.783431
0.999985 0.005237 -0.001856 -0.005276 0.999744 -0.021984 0.001740 0.021994 0.999757 -0.531843 -0.686283 22.778541
0.999983 0.005568 0.001703 -0.005531 0.999766 -0.020897 -0.001819 0.020887 0.999780 -0.527951 -0.725709 23.689421
0.999980 0.004421 0.004451 -0.004325 0.999763 -0.021342 -0.004544 0.021322 0.999762 -0.526574 -0.756448 24.577516
0.999964 0.004214 0.007388 -0.004035 0.999701 -0.024118 -0.007487 0.024087 0.999682 -0.524875 -0.781942 25.431360
0.999921 0.005605 0.011269 -0.005279 0.999573 -0.028746 -0.011425 0.028685 0.999523 -0.520683 -0.809609 26.263274
0.999887 0.005386 0.014010 -0.004928 0.999458 -0.032559 -0.014177 0.032486 0.999372 -0.511793 -0.843672 27.167762
0.999857 0.003250 0.016587 -0.002715 0.999479 -0.032174 -0.016683 0.032124 0.999345 -0.495308 -0.889202 28.157185
0.999852 0.001562 0.017138 -0.001052 0.999558 -0.029726 -0.017177 0.029704 0.999411 -0.478708 -0.932530 29.143166
0.999881 0.000628 0.015422 -0.000193 0.999602 -0.028224 -0.015434 0.028218 0.999483 -0.464241 -0.971515 30.143975
0.999898 -0.001366 0.014189 0.001799 0.999530 -0.030612 -0.014141 0.030634 0.999431 -0.448834 -1.013592 31.120289
0.999903 -0.001709 0.013832 0.002185 0.999402 -0.034501 -0.013765 0.034528 0.999309 -0.447208 -1.048863 31.985910
0.999901 -0.001081 0.014054 0.001609 0.999292 -0.037598 -0.014003 0.037617 0.999194 -0.437723 -1.094284 32.930449
0.999911 -0.000444 0.013335 0.000950 0.999278 -0.037980 -0.013308 0.037989 0.999190 -0.431085 -1.147194 33.896464
0.999918 -0.000176 0.012799 0.000653 0.999305 -0.037258 -0.012784 0.037263 0.999224 -0.418690 -1.205809 34.881840
0.999935 0.000819 0.011409 -0.000397 0.999316 -0.036979 -0.011432 0.036972 0.999251 -0.404495 -1.255061 35.804937
0.999953 0.002452 0.009423 -0.002104 0.999322 -0.036755 -0.009507 0.036734 0.999280 -0.396474 -1.304876 36.686862
0.999954 0.004153 0.008647 -0.003847 0.999379 -0.035036 -0.008787 0.035001 0.999349 -0.396474 -1.353403 37.687400
0.999952 0.005202 0.008282 -0.004928 0.999454 -0.032662 -0.008448 0.032620 0.999432 -0.394699 -1.396789 38.587582
0.999950 0.006792 0.007374 -0.006559 0.999495 -0.031104 -0.007581 0.031054 0.999489 -0.392101 -1.440177 39.506227
0.999943 0.007897 0.007206 -0.007670 0.999489 -0.031029 -0.007447 0.030972 0.999492 -0.390609 -1.483264 40.507749
0.999932 0.008811 0.007681 -0.008555 0.999426 -0.032789 -0.007965 0.032721 0.999433 -0.385288 -1.528017 41.458327
0.999922 0.009153 0.008539 -0.008854 0.999370 -0.034361 -0.008848 0.034283 0.999373 -0.381503 -1.573934 42.369025
0.999917 0.009191 0.009033 -0.008870 0.999347 -0.035029 -0.009350 0.034946 0.999345 -0.376285 -1.622698 43.267847
0.999906 0.009483 0.009858 -0.009138 0.999364 -0.034473 -0.010178 0.034379 0.999357 -0.369367 -1.674698 44.212144
0.999904 0.010152 0.009466 -0.009811 0.999326 -0.035386 -0.009819 0.035289 0.999329 -0.365666 -1.720666 45.149285
0.999885 0.010487 0.010942 -0.010071 0.999252 -0.037334 -0.011325 0.037219 0.999243 -0.358852 -1.767059 46.057144
0.999879 0.010854 0.011140 -0.010387 0.999102 -0.041085 -0.011576 0.040965 0.999094 -0.360956 -1.817201 47.017398
0.999877 0.010270 0.011825 -0.009759 0.999047 -0.042538 -0.012251 0.042418 0.999025 -0.354096 -1.868058 47.970104
0.999864 0.010016 0.013068 -0.009481 0.999139 -0.040378 -0.013461 0.040249 0.999099 -0.349766 -1.926976 49.009473
0.999873 0.007257 0.014214 -0.006707 0.999243 -0.038310 -0.014482 0.038210 0.999165 -0.340696 -1.983565 49.966859
0.999874 0.005798 0.014780 -0.005245 0.999294 -0.037203 -0.014985 0.037121 0.999198 -0.329789 -2.031878 50.943312
0.999859 0.004720 0.016113 -0.004089 0.999232 -0.038978 -0.016285 0.038907 0.999110 -0.316022 -2.081186 51.962445
0.999855 0.002950 0.016750 -0.002266 0.999168 -0.040709 -0.016857 0.040665 0.999031 -0.299537 -2.139377 53.033633
0.999840 0.003436 0.017534 -0.002713 0.999151 -0.041115 -0.017660 0.041061 0.999001 -0.286455 -2.197425 54.081147
0.999834 0.002991 0.017984 -0.002293 0.999247 -0.038728 -0.018086 0.038680 0.999088 -0.267710 -2.248410 55.073809
0.999838 0.002547 0.017805 -0.001909 0.999360 -0.035733 -0.017885 0.035694 0.999203 -0.247863 -2.308149 56.190550
0.999812 0.003386 0.019077 -0.002717 0.999384 -0.034985 -0.019184 0.034927 0.999206 -0.232219 -2.370823 57.316245
0.999815 0.003397 0.018915 -0.002690 0.999301 -0.037280 -0.019028 0.037222 0.999126 -0.211793 -2.430216 58.422632
0.999767 0.003528 0.021275 -0.002589 0.999029 -0.043976 -0.021409 0.043911 0.998806 -0.186783 -2.486438 59.481528
0.999790 0.001690 0.020406 -0.000698 0.998822 -0.048522 -0.020463 0.048498 0.998614 -0.171386 -2.547475 60.480051
0.999826 -0.000097 0.018647 0.000996 0.998837 -0.048212 -0.018620 0.048222 0.998663 -0.148099 -2.608868 61.438014
0.999852 -0.000971 0.017196 0.001771 0.998914 -0.046566 -0.017133 0.046590 0.998767 -0.132944 -2.662878 62.290771
0.999889 -0.001395 0.014821 0.002061 0.998984 -0.045010 -0.014743 0.045035 0.998877 -0.119352 -2.715809 63.125993
0.999906 -0.002134 0.013530 0.002730 0.999020 -0.044185 -0.013423 0.044218 0.998932 -0.107104 -2.773338 63.990598
0.999923 -0.002130 0.012258 0.002662 0.999050 -0.043507 -0.012154 0.043537 0.998978 -0.098683 -2.832169 64.848692
0.999923 -0.001539 0.012274 0.002067 0.999069 -0.043086 -0.012196 0.043108 0.998996 -0.090409 -2.883452 65.661988
0.999939 -0.001851 0.010883 0.002317 0.999075 -0.042937 -0.010793 0.042960 0.999019 -0.081068 -2.939473 66.430208
0.999958 -0.002112 0.008908 0.002482 0.999124 -0.041773 -0.008812 0.041793 0.999087 -0.077587 -2.992358 67.281170
0.999977 -0.002365 0.006405 0.002607 0.999267 -0.038181 -0.006310 0.038197 0.999250 -0.074185 -3.040925 68.155406
0.999990 -0.001091 0.004363 0.001239 0.999418 -0.034096 -0.004324 0.034101 0.999409 -0.072021 -3.086129 68.872676
0.999998 -0.000473 0.002068 0.000538 0.999500 -0.031607 -0.002052 0.031608 0.999498 -0.073021 -3.133519 69.689636
0.999999 -0.000010 0.001497 0.000061 0.999414 -0.034242 -0.001495 0.034242 0.999412 -0.072935 -3.173480 70.374752
0.999998 -0.000028 0.001907 0.000104 0.999207 -0.039807 -0.001904 0.039807 0.999206 -0.075546 -3.198767 70.898304
0.999999 -0.000643 0.000929 0.000683 0.999025 -0.044154 -0.000899 0.044154 0.999024 -0.078652 -3.232207 71.423556
0.999999 -0.001516 -0.000426 0.001495 0.998921 -0.046423 0.000496 0.046422 0.998922 -0.080804 -3.267578 72.047175
0.999999 -0.000443 -0.001654 0.000368 0.998978 -0.045189 0.001673 0.045188 0.998977 -0.087953 -3.310154 72.635661
0.999993 0.000896 -0.003553 -0.001052 0.999034 -0.043939 0.003510 0.043942 0.999028 -0.095345 -3.353068 73.125008
0.999989 -0.000495 -0.004755 0.000280 0.998982 -0.045110 0.004772 0.045108 0.998971 -0.096598 -3.391456 73.690868
0.999979 -0.003506 -0.005412 0.003240 0.998825 -0.048357 0.005575 0.048338 0.998815 -0.091802 -3.432809 74.327419
0.999975 -0.004159 -0.005730 0.003854 0.998624 -0.052294 0.005940 0.052271 0.998615 -0.088380 -3.463682 74.840627
0.999975 -0.004809 -0.005125 0.004525 0.998531 -0.054003 0.005377 0.053978 0.998528 -0.089623 -3.497880 75.406832
0.999987 -0.004528 -0.002455 0.004392 0.998603 -0.052659 0.002690 0.052647 0.998610 -0.087641 -3.539515 76.013206
0.999980 -0.006349 0.000475 0.006365 0.998684 -0.050895 -0.000151 0.050897 0.998704 -0.081819 -3.580199 76.560424
0.999949 -0.009287 0.003915 0.009465 0.998794 -0.048180 -0.003462 0.048215 0.998831 -0.073605 -3.620730 77.086552
0.999882 -0.011784 0.009843 0.012214 0.998916 -0.044911 -0.009303 0.045026 0.998943 -0.065345 -3.664232 77.625868
0.999768 -0.011893 0.017949 0.012671 0.998957 -0.043870 -0.017409 0.044088 0.998876 -0.052859 -3.699690 78.071062
0.999522 -0.010639 0.029015 0.011958 0.998885 -0.045667 -0.028497 0.045993 0.998535 -0.034299 -3.724888 78.480177
0.998937 -0.009474 0.045108 0.011569 0.998855 -0.046411 -0.044617 0.046883 0.997903 0.001787 -3.745072 78.901296
0.997789 -0.009177 0.065828 0.012216 0.998871 -0.045917 -0.065332 0.046620 0.996774 0.047694 -3.778181 79.372924
0.995775 -0.009610 0.091327 0.013730 0.998911 -0.044591 -0.090799 0.045656 0.994822 0.108936 -3.811024 79.830337
0.992831 -0.010570 0.119056 0.015756 0.998964 -0.042701 -0.118481 0.044271 0.991969 0.181955 -3.844186 80.308399
0.988373 -0.011105 0.151642 0.017434 0.999028 -0.040477 -0.151045 0.042650 0.987606 0.275223 -3.871715 80.774446
0.981911 -0.011774 0.188975 0.019504 0.999045 -0.039097 -0.188334 0.042076 0.981203 0.381537 -3.894893 81.189829
0.973184 -0.013107 0.229654 0.022192 0.999068 -0.037020 -0.228954 0.041123 0.972568 0.511722 -3.915922 81.639053
0.961791 -0.014924 0.273378 0.025789 0.999012 -0.036193 -0.272568 0.041860 0.961225 0.688614 -3.940236 82.153089
0.947798 -0.017192 0.318408 0.030441 0.998863 -0.036681 -0.317416 0.044458 0.947244 0.891345 -3.962623 82.643268
0.930449 -0.019600 0.365896 0.035774 0.998657 -0.037478 -0.364670 0.047961 0.929901 1.124464 -3.983820 83.115145
0.908485 -0.021627 0.417357 0.040733 0.998487 -0.036926 -0.415928 0.050547 0.907992 1.381573 -4.011078 83.606876
0.882218 -0.022333 0.470312 0.044456 0.998363 -0.035982 -0.468738 0.052652 0.881766 1.621758 -4.029036 83.980197
0.852216 -0.024194 0.522631 0.048695 0.998262 -0.033191 -0.520919 0.053735 0.851913 1.891684 -4.051769 84.359076
0.816770 -0.025818 0.576386 0.052788 0.998152 -0.030093 -0.574544 0.055005 0.816624 2.182284 -4.066758 84.701204
0.779705 -0.028173 0.625513 0.056809 0.998050 -0.025860 -0.623565 0.055699 0.779785 2.498612 -4.079317 85.014944
0.742610 -0.031079 0.669003 0.060253 0.997972 -0.020521 -0.667008 0.055549 0.742977 2.882488 -4.093623 85.369206
0.704584 -0.034625 0.708775 0.063906 0.997846 -0.014781 -0.706737 0.055709 0.705280 3.261196 -4.103231 85.690246
0.664068 -0.037737 0.746720 0.067930 0.997640 -0.009994 -0.744580 0.057361 0.665064 3.639230 -4.108977 85.972456
0.622684 -0.038939 0.781504 0.070604 0.997483 -0.006556 -0.779281 0.059260 0.623866 4.056853 -4.114029 86.252669
0.578222 -0.040121 0.814893 0.074481 0.997215 -0.003751 -0.812473 0.062863 0.579600 4.554231 -4.118361 86.558046
0.530959 -0.041063 0.846402 0.077463 0.996995 -0.000224 -0.843850 0.065684 0.532544 5.007088 -4.124436 86.803008
0.486476 -0.041136 0.872725 0.076274 0.997077 0.004481 -0.870358 0.064386 0.488192 5.469092 -4.121457 87.024618
0.443443 -0.041528 0.895340 0.076863 0.997008 0.008175 -0.893001 0.065193 0.445308 5.948433 -4.122530 87.202813
0.402079 -0.042805 0.914604 0.079943 0.996733 0.011504 -0.912108 0.068491 0.404188 6.441761 -4.116077 87.377821
0.363547 -0.046104 0.930434 0.085674 0.996197 0.015887 -0.927628 0.073938 0.366114 6.966804 -4.109158 87.539886
0.328372 -0.048988 0.943277 0.089587 0.995767 0.020527 -0.940290 0.077765 0.331371 7.464357 -4.101490 87.669648
0.296043 -0.047477 0.953994 0.091054 0.995618 0.021293 -0.950825 0.080561 0.299069 7.938973 -4.090768 87.783003
0.264852 -0.041475 0.963397 0.088602 0.995895 0.018516 -0.960210 0.080455 0.267440 8.354594 -4.075813 87.879225
0.236230 -0.036782 0.971001 0.088130 0.995976 0.016288 -0.967692 0.081726 0.238521 8.908590 -4.065438 88.000907
0.207024 -0.033431 0.977765 0.087253 0.996064 0.015582 -0.974437 0.082087 0.209126 9.379935 -4.055337 88.085626
0.181023 -0.030886 0.982994 0.089753 0.995855 0.014762 -0.979375 0.085554 0.183045 9.892654 -4.042733 88.162218
0.156864 -0.026077 0.987276 0.093921 0.995515 0.011371 -0.983144 0.090942 0.158609 10.367150 -4.033178 88.206822
0.135644 -0.020774 0.990540 0.096634 0.995291 0.007641 -0.986034 0.094684 0.137013 10.869903 -4.019186 88.247152
0.118647 -0.019568 0.992744 0.097053 0.995247 0.008018 -0.988182 0.095398 0.119982 11.449014 -4.015519 88.290799
0.103015 -0.021368 0.994450 0.095946 0.995321 0.011448 -0.990042 0.094234 0.104583 12.091344 -4.018353 88.344147
0.090276 -0.023155 0.995648 0.094643 0.995405 0.014568 -0.991410 0.092916 0.092053 12.716740 -4.021378 88.389314
0.078560 -0.023554 0.996631 0.093913 0.995450 0.016123 -0.992476 0.092330 0.080415 13.430241 -4.018611 88.434731
0.068358 -0.024744 0.997354 0.095909 0.995225 0.018118 -0.993040 0.094417 0.070405 14.096645 -4.016937 88.469083
0.060238 -0.024070 0.997894 0.096897 0.995129 0.018154 -0.993470 0.095599 0.062277 14.782515 -4.009675 88.504315
0.053607 -0.023179 0.998293 0.097663 0.995059 0.017859 -0.993775 0.096539 0.055606 15.489586 -4.006811 88.533287
0.048855 -0.023007 0.998541 0.098424 0.994980 0.018109 -0.993945 0.097395 0.050874 16.156564 -3.998070 88.555343
0.044507 -0.022604 0.998753 0.099823 0.994841 0.018067 -0.994009 0.098894 0.046533 16.826273 -3.993650 88.580287
0.038907 -0.022166 0.998997 0.100079 0.994813 0.018176 -0.994218 0.099272 0.040924 17.495027 -3.989552 88.604763
0.035079 -0.022101 0.999140 0.099711 0.994844 0.018505 -0.994398 0.098977 0.037102 18.222278 -3.982512 88.627595
0.033502 -0.022187 0.999192 0.097956 0.995013 0.018810 -0.994627 0.097247 0.035509 18.994053 -3.974678 88.652060
0.030745 -0.022253 0.999280 0.095890 0.995207 0.019212 -0.994917 0.095230 0.032731 19.697366 -3.967607 88.667847
0.028346 -0.023982 0.999310 0.094260 0.995322 0.021213 -0.995144 0.093594 0.030474 20.431817 -3.961508 88.684090
0.026011 -0.024882 0.999352 0.095831 0.995148 0.022283 -0.995058 0.095190 0.028269 21.219124 -3.953189 88.694930
0.025538 -0.026056 0.999334 0.096977 0.995010 0.023465 -0.994959 0.096313 0.027938 21.982946 -3.946663 88.703766
0.027520 -0.026467 0.999271 0.097565 0.994948 0.023665 -0.994849 0.096843 0.029964 22.765210 -3.935270 88.721440
0.029601 -0.026119 0.999221 0.097499 0.994967 0.023119 -0.994795 0.096738 0.031998 23.450652 -3.932027 88.736148
0.032438 -0.026720 0.999117 0.097760 0.994934 0.023434 -0.994681 0.096914 0.034886 24.126059 -3.928682 88.754243
0.034165 -0.028375 0.999013 0.097761 0.994898 0.024915 -0.994623 0.096814 0.036765 24.926387 -3.914058 88.776348
0.034713 -0.030180 0.998942 0.096144 0.995009 0.026720 -0.994762 0.095115 0.037441 25.768229 -3.897880 88.802925
0.034991 -0.032345 0.998864 0.092976 0.995247 0.028971 -0.995053 0.091857 0.037832 26.588386 -3.883695 88.834033
0.036038 -0.034625 0.998750 0.091125 0.995350 0.031219 -0.995187 0.089886 0.039026 27.324122 -3.864664 88.854268
0.036510 -0.034998 0.998720 0.088506 0.995573 0.031652 -0.995406 0.087237 0.039446 28.160256 -3.847016 88.882627
0.036910 -0.031659 0.998817 0.085746 0.995912 0.028398 -0.995633 0.084597 0.039474 28.970699 -3.830455 88.911161
0.035914 -0.027350 0.998981 0.083060 0.996249 0.024289 -0.995897 0.082103 0.038051 29.701301 -3.818736 88.932440
0.034683 -0.025573 0.999071 0.079483 0.996577 0.022750 -0.996233 0.078620 0.036597 30.408067 -3.809918 88.955824
0.032988 -0.025558 0.999129 0.076884 0.996776 0.022960 -0.996494 0.076059 0.034846 31.106543 -3.802684 88.972621
0.031912 -0.025927 0.999154 0.076247 0.996814 0.023432 -0.996578 0.075435 0.033787 31.832703 -3.791143 88.985020
0.029777 -0.026403 0.999208 0.074834 0.996904 0.024112 -0.996751 0.074057 0.031661 32.537337 -3.782384 88.988300
0.027712 -0.026499 0.999265 0.073769 0.996977 0.024393 -0.996890 0.073039 0.029583 33.199130 -3.775499 88.989610
0.026676 -0.025562 0.999317 0.074125 0.996971 0.023523 -0.996892 0.073447 0.028490 33.812476 -3.764918 88.989022
0.026306 -0.025535 0.999328 0.074835 0.996919 0.023503 -0.996849 0.074167 0.028135 34.528804 -3.750385 88.988224
0.025910 -0.024943 0.999353 0.073994 0.996994 0.022966 -0.996922 0.073351 0.027678 35.326104 -3.737801 89.004090
0.023640 -0.024522 0.999420 0.073370 0.997046 0.022728 -0.997025 0.072791 0.025369 36.153488 -3.728620 89.016471
0.022734 -0.025860 0.999407 0.073911 0.996973 0.024116 -0.997006 0.073319 0.024576 37.052211 -3.720768 89.029561
0.020366 -0.027041 0.999427 0.073663 0.996958 0.025473 -0.997075 0.073102 0.022296 37.943812 -3.713556 89.041751
0.018487 -0.028052 0.999436 0.072072 0.997043 0.026651 -0.997228 0.071539 0.020454 38.887205 -3.701310 89.055137
0.015089 -0.027947 0.999495 0.072062 0.997040 0.026791 -0.997286 0.071621 0.017059 39.740777 -3.692212 89.064003
0.011554 -0.027177 0.999564 0.071374 0.997103 0.026285 -0.997383 0.071039 0.013460 40.599280 -3.679316 89.069893
0.006065 -0.026680 0.999626 0.071822 0.997074 0.026176 -0.997399 0.071636 0.007964 41.459901 -3.668270 89.067561
-0.000608 -0.026502 0.999649 0.072092 0.997046 0.026477 -0.997398 0.072083 0.001304 42.322294 -3.657799 89.062825
-0.008491 -0.027031 0.999599 0.071436 0.997064 0.027569 -0.997409 0.071642 -0.006535 43.179343 -3.643939 89.052052
-0.017705 -0.026856 0.999482 0.069752 0.997170 0.028030 -0.997407 0.070212 -0.015782 44.040554 -3.631106 89.030474
-0.026314 -0.025157 0.999337 0.068675 0.997276 0.026913 -0.997292 0.069338 -0.024515 44.918187 -3.621525 89.000968
-0.033757 -0.023046 0.999164 0.068447 0.997333 0.025316 -0.997083 0.069245 -0.032089 45.779967 -3.609381 88.969709
-0.042448 -0.019760 0.998903 0.068540 0.997391 0.022643 -0.996745 0.069426 -0.040983 46.569080 -3.596914 88.925986
-0.052058 -0.017942 0.998483 0.069305 0.997363 0.021535 -0.996236 0.070321 -0.050677 47.458908 -3.578901 88.868362
-0.061928 -0.015932 0.997953 0.068632 0.997438 0.020183 -0.995718 0.069742 -0.060676 48.332851 -3.569823 88.810393
-0.070722 -0.015433 0.997377 0.068236 0.997463 0.020272 -0.995159 0.069491 -0.069490 49.155016 -3.563325 88.746297
-0.079089 -0.014758 0.996758 0.067625 0.997508 0.020135 -0.994571 0.068999 -0.077894 50.044624 -3.557624 88.670729
-0.087865 -0.014095 0.996033 0.068152 0.997472 0.020127 -0.993798 0.069650 -0.086682 50.940856 -3.551167 88.582115
-0.094593 -0.014547 0.995410 0.067230 0.997517 0.020967 -0.993243 0.068905 -0.093380 51.889814 -3.544342 88.491049
-0.098061 -0.016465 0.995044 0.066366 0.997529 0.023046 -0.992965 0.068297 -0.096726 52.797775 -3.534473 88.396945
-0.099573 -0.018318 0.994862 0.067369 0.997412 0.025108 -0.992747 0.069523 -0.098081 53.593567 -3.531010 88.311199
-0.100128 -0.019650 0.994781 0.067565 0.997363 0.026502 -0.992678 0.069865 -0.098536 54.393240 -3.520264 88.228574
-0.099672 -0.020287 0.994814 0.065767 0.997472 0.026930 -0.992845 0.068110 -0.098086 55.184927 -3.509434 88.143821
-0.098088 -0.019917 0.994978 0.063637 0.997628 0.026244 -0.993141 0.065891 -0.096588 55.861638 -3.503782 88.074203
-0.095551 -0.019320 0.995237 0.062118 0.997747 0.025333 -0.993484 0.064242 -0.094135 56.473733 -3.503553 88.014689
-0.091770 -0.017897 0.995619 0.060973 0.997861 0.023558 -0.993912 0.062868 -0.090483 57.024891 -3.505917 87.961552
-0.086326 -0.017211 0.996118 0.060784 0.997897 0.022509 -0.994411 0.062491 -0.085098 57.503120 -3.506858 87.917069
-0.078775 -0.016562 0.996755 0.060270 0.997954 0.021346 -0.995069 0.061756 -0.077616 57.917103 -3.510785 87.886965
-0.068300 -0.016093 0.997535 0.059295 0.998037 0.020161 -0.995901 0.060526 -0.067212 58.375096 -3.510952 87.862869
-0.054407 -0.016102 0.998389 0.058651 0.998092 0.019293 -0.996795 0.059606 -0.053358 58.801444 -3.508965 87.850077
-0.034210 -0.014764 0.999306 0.057638 0.998197 0.016721 -0.997751 0.058170 -0.033297 59.202327 -3.511905 87.854177
-0.011012 -0.012578 0.999860 0.057039 0.998285 0.013186 -0.998311 0.057176 -0.010276 59.627321 -3.515737 87.867454
0.016348 -0.009276 0.999823 0.056214 0.998384 0.008343 -0.998285 0.056068 0.016843 59.983135 -3.517284 87.894950
0.047029 -0.006872 0.998870 0.057784 0.998321 0.004147 -0.997221 0.057523 0.047347 60.420427 -3.523482 87.923656
0.080490 -0.006671 0.996733 0.058772 0.998270 0.001935 -0.995021 0.058424 0.080742 60.852875 -3.530164 87.981481
0.120238 -0.009296 0.992702 0.058574 0.998281 0.002254 -0.991016 0.057875 0.120576 61.389494 -3.542398 88.056708
0.165335 -0.012015 0.986164 0.058345 0.998294 0.002381 -0.984510 0.057144 0.165753 61.838084 -3.555031 88.176334
0.213287 -0.015001 0.976874 0.056634 0.998391 0.002967 -0.975347 0.054692 0.213793 62.272244 -3.567595 88.317208
0.262337 -0.018512 0.964799 0.056331 0.998405 0.003840 -0.963331 0.053341 0.262961 62.722598 -3.577003 88.482334
0.314218 -0.019237 0.949156 0.056681 0.998391 0.001471 -0.947657 0.053337 0.314803 63.145327 -3.584109 88.650747
0.364503 -0.017623 0.931035 0.057488 0.998340 -0.003610 -0.929426 0.054840 0.364911 63.678355 -3.597275 88.872564
0.412893 -0.016302 0.910634 0.057527 0.998310 -0.008211 -0.908961 0.055776 0.413133 64.338567 -3.620998 89.189852
0.464366 -0.014062 0.885532 0.057132 0.998267 -0.014108 -0.883799 0.057143 0.464365 64.939123 -3.640870 89.517212
0.517106 -0.012041 0.855837 0.056893 0.998173 -0.020332 -0.854028 0.059205 0.516846 65.552993 -3.657493 89.883807
0.568880 -0.010439 0.822355 0.056297 0.998068 -0.026275 -0.820492 0.061243 0.568368 66.054473 -3.683554 90.250707
0.618166 -0.007429 0.786013 0.053924 0.998000 -0.032976 -0.784196 0.062769 0.617330 66.544678 -3.710619 90.675249
0.663692 -0.005525 0.747986 0.051158 0.997967 -0.038021 -0.746255 0.063499 0.662625 67.013220 -3.737448 91.129104
0.708349 -0.004998 0.705845 0.049365 0.997877 -0.042474 -0.704134 0.064931 0.707092 67.437693 -3.769853 91.586094
0.752974 -0.006401 0.658019 0.046603 0.997961 -0.043620 -0.656398 0.063511 0.751737 67.808871 -3.806501 92.057274
0.791461 -0.009669 0.611143 0.044522 0.998131 -0.041866 -0.609596 0.060345 0.790412 68.152806 -3.838249 92.573101
0.823312 -0.012652 0.567448 0.044056 0.998160 -0.041666 -0.565877 0.059304 0.822354 68.475303 -3.863846 93.083508
0.853571 -0.014447 0.520776 0.042510 0.998214 -0.041984 -0.519239 0.057974 0.852660 68.762223 -3.902768 93.603802
0.881332 -0.014221 0.472284 0.038921 0.998335 -0.042570 -0.470893 0.055900 0.880418 68.971121 -3.936483 94.058363
0.905769 -0.010559 0.423641 0.032325 0.998498 -0.044226 -0.422538 0.053753 0.904750 69.115781 -3.964934 94.446778
0.922116 -0.007443 0.386842 0.026786 0.998644 -0.044636 -0.385985 0.051522 0.921065 69.313209 -4.002464 94.962573
0.935963 -0.004626 0.352068 0.022640 0.998635 -0.047068 -0.351370 0.052025 0.934790 69.446213 -4.027372 95.380905
0.944681 -0.000956 0.327988 0.018365 0.998581 -0.049983 -0.327475 0.053242 0.943359 69.580086 -4.060721 95.826609
0.949588 0.001080 0.313499 0.015864 0.998547 -0.051492 -0.313099 0.053870 0.948191 69.745827 -4.099034 96.357296
0.952460 0.003523 0.304644 0.013437 0.998474 -0.053557 -0.304368 0.055105 0.950959 69.930986 -4.139404 96.960777
0.954008 0.008209 0.299667 0.008533 0.998476 -0.054520 -0.299658 0.054570 0.952485 70.111833 -4.178974 97.558240
0.954524 0.013248 0.297840 0.003428 0.998458 -0.055398 -0.298115 0.053900 0.953007 70.278227 -4.216321 98.115086
0.954932 0.016179 0.296384 0.000892 0.998352 -0.057372 -0.296824 0.055051 0.953344 70.470423 -4.255167 98.733754
0.954911 0.018155 0.296338 0.000053 0.998118 -0.061323 -0.296893 0.058573 0.953113 70.673954 -4.300607 99.390282
0.954492 0.019622 0.297589 -0.000438 0.997924 -0.064394 -0.298235 0.061333 0.952520 70.866423 -4.341812 100.013918
0.953832 0.017731 0.299816 0.003205 0.997598 -0.069192 -0.300323 0.066959 0.951485 71.068130 -4.391656 100.629086
0.952544 0.018444 0.303843 0.004770 0.997136 -0.075482 -0.304365 0.073349 0.949727 71.249593 -4.442245 101.180717
0.951052 0.019677 0.308403 0.005616 0.996705 -0.080912 -0.308979 0.078684 0.947809 71.470840 -4.502073 101.858709
0.949721 0.020053 0.312454 0.005566 0.996708 -0.080885 -0.313047 0.078558 0.946483 71.713331 -4.563196 102.602887
0.948609 0.019977 0.315819 0.005006 0.996933 -0.078099 -0.316411 0.075666 0.945600 71.959322 -4.633752 103.363748
0.947680 0.018573 0.318680 0.005792 0.997141 -0.075338 -0.319169 0.073242 0.944863 72.225758 -4.705490 104.151749
0.946801 0.014642 0.321487 0.008878 0.997396 -0.071572 -0.321698 0.070619 0.944205 72.491652 -4.772999 104.924845
0.945571 0.011492 0.325213 0.011336 0.997606 -0.068213 -0.325218 0.068187 0.943177 72.730260 -4.837051 105.606344
0.944516 0.008513 0.328355 0.014358 0.997638 -0.067168 -0.328152 0.068155 0.942163 72.963666 -4.898423 106.266901
0.943740 0.005179 0.330649 0.018519 0.997481 -0.068480 -0.330171 0.070751 0.941266 73.204703 -4.958250 106.935780
0.943834 0.006286 0.330361 0.019413 0.997037 -0.074435 -0.329850 0.076668 0.940915 73.447550 -5.016311 107.635938
0.943665 0.008329 0.330797 0.019571 0.996528 -0.080921 -0.330323 0.082837 0.940226 73.686993 -5.080423 108.321334
0.944046 0.008975 0.329691 0.020381 0.996132 -0.085476 -0.329183 0.087412 0.940212 73.969292 -5.158461 109.116683
0.944560 0.008622 0.328225 0.020457 0.996168 -0.085038 -0.327700 0.087038 0.940764 74.255264 -5.238319 109.929895
0.944954 0.007406 0.327119 0.020036 0.996558 -0.080439 -0.326589 0.082565 0.941553 74.553139 -5.325691 110.800611
0.946449 0.007037 0.322776 0.018845 0.996854 -0.076989 -0.322302 0.078949 0.943339 74.816950 -5.406969 111.590743
0.947748 0.007871 0.318924 0.017769 0.996841 -0.077405 -0.318526 0.079027 0.944614 75.061175 -5.474216 112.339470
0.948580 0.011177 0.316339 0.015558 0.996522 -0.081862 -0.316153 0.082574 0.945108 75.288841 -5.536591 113.055360
0.949679 0.011975 0.312996 0.015959 0.996121 -0.086534 -0.312818 0.087175 0.945804 75.534466 -5.603752 113.816004
0.950993 0.012281 0.308968 0.016546 0.995758 -0.090510 -0.308769 0.091187 0.946756 75.785350 -5.674810 114.596212
0.953078 0.011388 0.302510 0.017430 0.995570 -0.092392 -0.302222 0.093330 0.948658 76.019198 -5.753228 115.321837
0.954996 0.011416 0.296397 0.017234 0.995435 -0.093868 -0.296116 0.094752 0.950441 76.291218 -5.855455 116.205838
0.956430 0.011928 0.291717 0.015932 0.995544 -0.092942 -0.291526 0.093540 0.951978 76.566003 -5.965451 117.126937
0.957796 0.010626 0.287251 0.016685 0.995576 -0.092462 -0.286963 0.093352 0.953382 76.840067 -6.079560 118.059474
0.958760 0.009893 0.284045 0.017040 0.995595 -0.092193 -0.283706 0.093231 0.954368 77.080122 -6.172825 118.889034
0.960141 0.009084 0.279370 0.017563 0.995536 -0.092730 -0.278965 0.093940 0.955695 77.310256 -6.263545 119.691759
0.960564 0.009588 0.277893 0.017386 0.995379 -0.094439 -0.277515 0.095546 0.955958 77.534629 -6.352086 120.486890
0.960756 0.012249 0.277124 0.015381 0.995135 -0.097312 -0.276968 0.097755 0.955894 77.768659 -6.448900 121.310977
0.960828 0.013743 0.276806 0.014437 0.994932 -0.099509 -0.276770 0.099607 0.955760 78.009871 -6.551214 122.158899
0.960801 0.015742 0.276792 0.012422 0.994940 -0.099704 -0.276961 0.099235 0.955743 78.250530 -6.653361 123.015206
0.960764 0.015766 0.276919 0.012228 0.995005 -0.099076 -0.277098 0.098575 0.955772 78.494406 -6.755524 123.879064
0.960622 0.016548 0.277365 0.011607 0.994964 -0.099562 -0.277616 0.098861 0.955592 78.761733 -6.871046 124.805732
0.961153 0.017862 0.275438 0.010722 0.994734 -0.101924 -0.275808 0.100918 0.955900 78.991866 -6.976738 125.622916
0.961810 0.018328 0.273103 0.010350 0.994607 -0.103199 -0.273522 0.102085 0.956433 79.227519 -7.088582 126.471087
0.962378 0.016998 0.271181 0.011711 0.994519 -0.103897 -0.271461 0.103164 0.956905 79.466544 -7.200402 127.329515
0.962775 0.017321 0.269749 0.011350 0.994474 -0.104367 -0.270066 0.103544 0.957258 79.692463 -7.306485 128.157795
0.963124 0.018006 0.268455 0.010213 0.994592 -0.103353 -0.268864 0.102283 0.957732 79.909276 -7.411588 128.969258
0.963587 0.018984 0.266721 0.008590 0.994764 -0.101839 -0.267257 0.100422 0.958378 80.161916 -7.534787 129.916224
0.964278 0.019866 0.264146 0.007059 0.994902 -0.100594 -0.264798 0.098866 0.959222 80.405324 -7.656068 130.839346
0.965437 0.020150 0.259856 0.008049 0.994227 -0.106998 -0.260512 0.105392 0.959701 80.636124 -7.769318 131.681841
0.966618 0.021019 0.255359 0.009797 0.992869 -0.118811 -0.256035 0.117346 0.959518 80.846936 -7.874137 132.465396
0.967413 0.023434 0.252116 0.009224 0.991785 -0.127580 -0.253034 0.125748 0.959250 81.083400 -8.010052 133.401111
0.967662 0.023682 0.251138 0.008101 0.992152 -0.124774 -0.252122 0.122773 0.959876 81.357092 -8.168731 134.463634
0.967707 0.020793 0.251219 0.007779 0.993654 -0.112209 -0.251958 0.110539 0.961404 81.642435 -8.329738 135.576294
0.967028 0.018792 0.253977 0.007750 0.994640 -0.103103 -0.254553 0.101672 0.961699 81.937778 -8.480222 136.702542
0.967644 0.019091 0.251598 0.008077 0.994279 -0.106509 -0.252192 0.105095 0.961953 82.202590 -8.604442 137.699736
0.968742 0.020634 0.247210 0.008590 0.993147 -0.116555 -0.247921 0.115035 0.961926 82.414943 -8.702290 138.492557
0.969876 0.020205 0.242761 0.010203 0.992311 -0.123351 -0.243386 0.122111 0.962212 82.639206 -8.814308 139.341180
0.970953 0.019008 0.238515 0.011314 0.992077 -0.125118 -0.239003 0.124183 0.963045 82.832856 -8.922292 140.106978
0.971533 0.018515 0.236180 0.011266 0.992202 -0.124128 -0.236636 0.123256 0.963749 83.048869 -9.045432 140.993159
0.971723 0.018309 0.235412 0.011826 0.991964 -0.125963 -0.235826 0.125185 0.963698 83.242981 -9.149342 141.782451
0.972584 0.017856 0.231866 0.011879 0.991932 -0.126217 -0.232249 0.125511 0.964524 83.429469 -9.249302 142.557725
0.973183 0.017841 0.229341 0.011645 0.991888 -0.126579 -0.229739 0.125855 0.965081 83.614504 -9.351940 143.340120
0.973864 0.018709 0.226360 0.010231 0.991977 -0.126005 -0.226901 0.125028 0.965859 83.805011 -9.467374 144.157619
0.974700 0.019200 0.222690 0.008894 0.992183 -0.124473 -0.223339 0.123305 0.966910 84.029115 -9.606682 145.132269
0.975798 0.019162 0.217832 0.007701 0.992524 -0.121806 -0.218537 0.120536 0.968356 84.248896 -9.744884 146.099310
0.977002 0.019337 0.212353 0.006697 0.992605 -0.121201 -0.213127 0.119835 0.969648 84.440655 -9.871520 146.981932
0.978197 0.019270 0.206784 0.006807 0.992176 -0.124660 -0.207568 0.123349 0.970413 84.623693 -9.989397 147.854037
0.980438 0.017478 0.196053 0.008072 0.991641 -0.128773 -0.196665 0.127836 0.972101 84.790054 -10.104353 148.668555
0.982756 0.015051 0.184295 0.009272 0.991417 -0.130409 -0.184676 0.129869 0.974181 84.950456 -10.224293 149.507112
0.984593 0.015419 0.174179 0.006975 0.991849 -0.127230 -0.174721 0.126485 0.976460 85.120649 -10.361309 150.476480
0.985318 0.016626 0.169915 0.004265 0.992539 -0.121851 -0.170673 0.120787 0.977896 85.292620 -10.509677 151.510912
0.986014 0.014527 0.166028 0.004560 0.993470 -0.114002 -0.166600 0.113165 0.979509 85.456742 -10.646740 152.512328
0.986967 0.015146 0.160206 0.002926 0.993707 -0.111971 -0.160894 0.110980 0.980712 85.612421 -10.769894 153.505614
0.987973 0.015461 0.153853 0.002516 0.993250 -0.115968 -0.154607 0.114961 0.981265 85.743836 -10.885396 154.357627
0.988820 0.016296 0.148220 0.002199 0.992308 -0.123770 -0.149097 0.122712 0.981179 85.858701 -10.992055 155.169322
0.989549 0.017262 0.143161 0.001568 0.991462 -0.130386 -0.144189 0.129248 0.981073 85.984501 -11.104322 155.976501
0.990134 0.018595 0.138888 -0.000185 0.991329 -0.131404 -0.140127 0.130081 0.981551 86.120403 -11.243896 156.952983
0.990754 0.020828 0.134065 -0.003237 0.991493 -0.130118 -0.135635 0.128481 0.982393 86.235449 -11.374586 157.853702
0.991475 0.020010 0.128751 -0.002973 0.991354 -0.131179 -0.130262 0.129678 0.982963 86.344265 -11.505723 158.762778
0.992637 0.019808 0.119496 -0.003380 0.990684 -0.136139 -0.121080 0.134733 0.983457 86.452883 -11.636652 159.651197
0.993692 0.021670 0.110026 -0.006020 0.990044 -0.140626 -0.111978 0.139077 0.983930 86.540500 -11.760482 160.512850
0.994385 0.022105 0.103489 -0.007230 0.989845 -0.141965 -0.105576 0.140419 0.984447 86.625758 -11.891762 161.392586
0.994713 0.024966 0.099614 -0.010870 0.990146 -0.139617 -0.102118 0.137796 0.985182 86.717764 -12.037077 162.338746
0.994816 0.025818 0.098363 -0.012345 0.990743 -0.135188 -0.100942 0.133273 0.985925 86.811559 -12.184095 163.304186
0.995128 0.025404 0.095264 -0.012522 0.990976 -0.133456 -0.097794 0.131613 0.986466 86.902625 -12.344716 164.348692
0.995329 0.025457 0.093121 -0.012859 0.990970 -0.133463 -0.095678 0.131642 0.986669 86.992958 -12.496805 165.374593
0.995495 0.025464 0.091326 -0.012838 0.990591 -0.136253 -0.093936 0.134467 0.986456 87.073515 -12.640402 166.301335
0.995537 0.026827 0.090480 -0.013688 0.989654 -0.142817 -0.093376 0.140941 0.985605 87.155944 -12.772098 167.163670
0.995579 0.028543 0.089487 -0.014989 0.988781 -0.148621 -0.092725 0.146622 0.984837 87.230985 -12.919394 168.113013
0.995543 0.029852 0.089460 -0.015989 0.988274 -0.151853 -0.092944 0.149746 0.984346 87.307371 -13.068632 169.062477
0.995406 0.031954 0.090251 -0.018216 0.988649 -0.149136 -0.093992 0.146807 0.984689 87.383766 -13.214457 169.971545
0.995311 0.033492 0.090748 -0.020142 0.989342 -0.144210 -0.094611 0.141706 0.985377 87.468975 -13.366664 170.948424
0.995193 0.033845 0.091900 -0.020696 0.989873 -0.140436 -0.095722 0.137859 0.985815 87.549803 -13.514818 171.896998
0.995358 0.033135 0.090355 -0.019785 0.989260 -0.144823 -0.094183 0.142363 0.985323 87.633874 -13.669580 172.870572
0.995477 0.033721 0.088817 -0.019871 0.988114 -0.152434 -0.092902 0.149980 0.984315 87.717105 -13.822158 173.818484
0.995530 0.032297 0.088749 -0.017851 0.987119 -0.158986 -0.092741 0.156691 0.983284 87.794367 -13.980982 174.772786
0.996013 0.031587 0.083425 -0.018004 0.987145 -0.158813 -0.087369 0.156677 0.983778 87.854154 -14.138691 175.665264
0.996463 0.031319 0.077973 -0.018756 0.987433 -0.156923 -0.081907 0.154906 0.984528 87.924033 -14.303799 176.609445
0.996961 0.029990 0.071898 -0.018597 0.987867 -0.154183 -0.075649 0.152378 0.985423 87.995882 -14.480742 177.618297
0.997346 0.028014 0.067203 -0.017504 0.988201 -0.152160 -0.070672 0.150580 0.986069 88.070594 -14.661399 178.657951
0.997810 0.026802 0.060468 -0.017325 0.988208 -0.152134 -0.063832 0.150754 0.986508 88.129055 -14.830377 179.646747
0.998148 0.026032 0.054985 -0.017089 0.987411 -0.157249 -0.058386 0.156019 0.986027 88.176965 -14.985469 180.514842
0.998443 0.026093 0.049298 -0.017664 0.986260 -0.164252 -0.052907 0.163126 0.985186 88.219635 -15.145914 181.408090
0.998775 0.024315 0.043099 -0.016673 0.985382 -0.169541 -0.046591 0.168615 0.984580 88.267432 -15.330632 182.452929
0.998949 0.023632 0.039268 -0.016794 0.985961 -0.166128 -0.042643 0.165294 0.985322 88.308316 -15.511242 183.454604
0.999055 0.025275 0.035361 -0.019460 0.987553 -0.156078 -0.038866 0.155243 0.987112 88.346724 -15.698483 184.492568
0.999153 0.027803 0.030332 -0.022983 0.988562 -0.149055 -0.034129 0.148231 0.988364 88.374965 -15.874550 185.533146
0.999227 0.028555 0.027035 -0.024149 0.988207 -0.151206 -0.031034 0.150436 0.988133 88.397882 -16.018584 186.405052
0.999266 0.029705 0.024183 -0.025512 0.987065 -0.158279 -0.028572 0.157546 0.987098 88.414315 -16.165994 187.288156
0.999237 0.031530 0.023037 -0.027280 0.985767 -0.165890 -0.027940 0.165135 0.985875 88.431037 -16.313991 188.165534
0.999226 0.032794 0.021727 -0.028576 0.984679 -0.172021 -0.027035 0.171267 0.984854 88.449413 -16.480102 189.111697
0.999283 0.032572 0.019322 -0.028785 0.984775 -0.171432 -0.024612 0.170753 0.985007 88.462821 -16.665594 190.140432
0.999222 0.034853 0.018444 -0.031269 0.985311 -0.167884 -0.024024 0.167177 0.985634 88.476065 -16.850432 191.160050
0.999164 0.037093 0.017191 -0.033764 0.985779 -0.164622 -0.023053 0.163903 0.986207 88.492304 -17.035407 192.151868
0.999173 0.037154 0.016545 -0.033908 0.985616 -0.165564 -0.022458 0.164866 0.986060 88.509993 -17.210346 193.103321
0.999340 0.033394 0.014314 -0.030436 0.984605 -0.172123 -0.019842 0.171573 0.984972 88.534269 -17.363775 193.938944
0.999467 0.030423 0.011879 -0.027760 0.982949 -0.181769 -0.017207 0.181342 0.983269 88.553740 -17.523060 194.768081
0.999549 0.027449 0.012206 -0.024651 0.981681 -0.188930 -0.017168 0.188544 0.981915 88.571835 -17.688590 195.609014
0.999557 0.027002 0.012489 -0.024202 0.982158 -0.186493 -0.017302 0.186108 0.982377 88.581143 -17.880152 196.535818
0.999536 0.027311 0.013485 -0.024417 0.983131 -0.181268 -0.018208 0.180854 0.983341 88.592855 -18.057806 197.387938
0.999476 0.028663 0.015058 -0.025542 0.983817 -0.177347 -0.019898 0.176870 0.984033 88.607519 -18.239889 198.310965
0.999443 0.029088 0.016379 -0.025638 0.983069 -0.181433 -0.021379 0.180912 0.983267 88.624166 -18.413220 199.173789
0.999424 0.026895 0.020696 -0.022523 0.981856 -0.188286 -0.025385 0.187712 0.981896 88.651516 -18.600419 200.103874
0.999375 0.027483 0.022216 -0.022754 0.981420 -0.190520 -0.027040 0.189895 0.981432 88.674925 -18.806525 201.103364
0.999442 0.026509 0.020313 -0.022150 0.981361 -0.190891 -0.024995 0.190335 0.981401 88.695758 -19.004753 202.058449
0.999511 0.025867 0.017590 -0.022037 0.981357 -0.190925 -0.022201 0.190444 0.981447 88.718098 -19.224295 203.098905
0.999555 0.027064 0.012570 -0.024149 0.981092 -0.192028 -0.017529 0.191639 0.981309 88.729625 -19.446684 204.128429
0.999572 0.026816 0.011688 -0.024043 0.980729 -0.193889 -0.016662 0.193525 0.980954 88.741460 -19.658804 205.104093
0.999627 0.026008 0.008338 -0.023833 0.979748 -0.198811 -0.013340 0.198538 0.980002 88.751625 -19.856258 206.026906
0.999647 0.026453 0.002657 -0.025348 0.978454 -0.204901 -0.008020 0.204761 0.978779 88.744825 -20.075129 207.002484
0.999648 0.026426 0.002436 -0.025336 0.977663 -0.208647 -0.007896 0.208512 0.977988 88.750551 -20.305570 208.012389
0.999679 0.025222 0.002244 -0.024180 0.977165 -0.211103 -0.007518 0.210981 0.977461 88.750063 -20.535693 208.984666
0.999704 0.024218 0.002392 -0.023170 0.977259 -0.210781 -0.007442 0.210664 0.977530 88.751459 -20.771540 209.982942
0.999717 0.023701 -0.002226 -0.023636 0.977148 -0.211241 -0.002832 0.211234 0.977432 88.749257 -21.015605 211.010620
0.999708 0.023490 -0.005746 -0.024176 0.976607 -0.213671 0.000592 0.213747 0.976889 88.735173 -21.227439 211.925586
0.999722 0.022687 -0.006404 -0.023538 0.975692 -0.217878 0.001306 0.217968 0.975955 88.726205 -21.437536 212.805098
0.999759 0.021316 -0.005327 -0.021966 0.974887 -0.221612 0.000470 0.221676 0.975120 88.722483 -21.647788 213.673454
0.999803 0.019488 -0.003869 -0.019858 0.973812 -0.226488 -0.000647 0.226520 0.974006 88.715009 -21.841045 214.467100
0.999844 0.017665 -0.000919 -0.017402 0.972980 -0.230231 -0.003172 0.230211 0.973136 88.710598 -22.009839 215.173585
0.999838 0.016914 0.006130 -0.015033 0.972647 -0.231803 -0.009883 0.231674 0.972743 88.717542 -22.174670 215.856084
0.999803 0.015623 0.012209 -0.012382 0.972874 -0.231005 -0.015487 0.230809 0.972876 88.728248 -22.367743 216.646798
0.999662 0.014866 0.021338 -0.009630 0.973789 -0.227251 -0.024157 0.226969 0.973602 88.752563 -22.607473 217.608223
0.999442 0.013696 0.030477 -0.006486 0.974306 -0.225137 -0.032777 0.224814 0.973850 88.785055 -22.847063 218.569907
0.999236 0.011423 0.037373 -0.002639 0.973868 -0.227097 -0.038990 0.226825 0.973155 88.824005 -23.058675 219.431154
0.999123 0.009467 0.040796 0.000269 0.972645 -0.232297 -0.041879 0.232104 0.971789 88.860156 -23.265252 220.246542
0.998919 0.007719 0.045839 0.003441 0.971137 -0.238498 -0.046357 0.238398 0.970061 88.894124 -23.473301 221.068024
0.998277 0.006326 0.058334 0.008112 0.969748 -0.243975 -0.058113 0.244028 0.968026 88.927493 -23.637129 221.692975
0.997541 0.005100 0.069898 0.012203 0.969472 -0.244897 -0.069014 0.245147 0.967026 88.987040 -23.837606 222.463163
0.996737 0.003875 0.080621 0.015862 0.969964 -0.242732 -0.079140 0.243218 0.966738 89.060288 -24.059619 223.306998
0.995899 0.002770 0.090434 0.019124 0.970503 -0.240330 -0.088432 0.241074 0.966469 89.124770 -24.254027 224.039711
0.994868 0.002646 0.101149 0.021739 0.970725 -0.239207 -0.098821 0.240178 0.965686 89.205047 -24.465032 224.823066
0.994317 0.001815 0.106447 0.023756 0.970862 -0.238461 -0.103778 0.239634 0.965301 89.285484 -24.653565 225.559966
0.994227 0.000776 0.107293 0.024759 0.971327 -0.236456 -0.104401 0.237747 0.965700 89.382910 -24.887996 226.466781
0.994006 0.000159 0.109321 0.025688 0.971659 -0.234988 -0.106260 0.236387 0.965831 89.465745 -25.076267 227.190078
0.993997 0.000430 0.109405 0.025385 0.971794 -0.234460 -0.106420 0.235829 0.965950 89.550875 -25.287736 227.990779
0.993923 0.001429 0.110072 0.024514 0.971932 -0.233979 -0.107317 0.235256 0.965991 89.633450 -25.485256 228.753426
0.993641 0.002271 0.112568 0.024661 0.971131 -0.237269 -0.109857 0.238536 0.964900 89.721284 -25.678690 229.500670
0.993207 0.002300 0.116342 0.026503 0.969056 -0.245413 -0.113307 0.246830 0.962412 89.812341 -25.884791 230.276139
0.992437 0.001737 0.122744 0.029837 0.966501 -0.254923 -0.119075 0.256657 0.959139 89.925719 -26.117478 231.145705
0.991989 0.000707 0.126321 0.032429 0.965046 -0.260067 -0.122090 0.262080 0.957292 90.037033 -26.359043 232.017681
0.991777 0.001030 0.127977 0.032375 0.965424 -0.258668 -0.123819 0.260684 0.957451 90.143769 -26.588665 232.860229
0.991413 0.001005 0.130762 0.032042 0.967619 -0.250373 -0.126780 0.252413 0.959278 90.272068 -26.843592 233.783447
0.991421 0.000897 0.130701 0.031099 0.969641 -0.242548 -0.126951 0.244531 0.961295 90.384406 -27.066549 234.638870
0.991378 0.000561 0.131028 0.030802 0.970970 -0.237210 -0.127358 0.239201 0.962581 90.512993 -27.314567 235.580290
0.991335 -0.000698 0.131356 0.032170 0.970824 -0.237624 -0.127357 0.239791 0.962435 90.634442 -27.545437 236.448251
0.991093 -0.001428 0.133166 0.034090 0.969347 -0.243320 -0.128736 0.245693 0.960761 90.744989 -27.744815 237.217020
0.990734 -0.003307 0.135778 0.037802 0.966915 -0.252282 -0.130452 0.255077 0.958080 90.858008 -27.951671 237.975605
0.990625 -0.004107 0.136546 0.039632 0.965199 -0.258495 -0.130733 0.261483 0.956314 90.975111 -28.166215 238.731646
0.990236 -0.005556 0.139289 0.041753 0.965153 -0.258334 -0.133000 0.261627 0.955961 91.105288 -28.406522 239.560968
0.989732 -0.006716 0.142775 0.043683 0.965316 -0.257403 -0.136094 0.260997 0.955698 91.241155 -28.653735 240.423698
0.989039 -0.007752 0.147450 0.045726 0.965608 -0.255949 -0.140395 0.259886 0.955379 91.369965 -28.871866 241.191934
0.988620 -0.008002 0.150218 0.047057 0.964920 -0.258294 -0.142882 0.262424 0.954316 91.487962 -29.076648 241.892841
0.987990 -0.007449 0.154341 0.048490 0.963327 -0.263911 -0.146716 0.268226 0.952118 91.596396 -29.265674 242.529203
0.987596 -0.009705 0.156714 0.052126 0.961748 -0.268929 -0.148110 0.273762 0.950325 91.723385 -29.480325 243.247691
0.986889 -0.012224 0.160940 0.055861 0.961374 -0.269518 -0.151429 0.274974 0.949452 91.861594 -29.711471 244.008919
0.986279 -0.012589 0.164604 0.057096 0.961567 -0.268567 -0.154896 0.274280 0.949093 92.018865 -29.975886 244.902128
0.985586 -0.012111 0.168739 0.057678 0.961729 -0.267865 -0.159037 0.273736 0.948565 92.163815 -30.218460 245.730213
0.984366 -0.011064 0.175788 0.059109 0.960899 -0.270517 -0.165921 0.276678 0.946530 92.306644 -30.436167 246.475433
0.982918 -0.009865 0.183781 0.061499 0.958769 -0.277453 -0.173467 0.284015 0.942998 92.445343 -30.640809 247.155025
0.981782 -0.009325 0.189783 0.064145 0.956426 -0.284841 -0.178857 0.291825 0.939600 92.587002 -30.850840 247.839057
0.980803 -0.007465 0.194856 0.064733 0.955064 -0.289243 -0.183941 0.296304 0.937214 92.742906 -31.081250 248.563152
0.980455 -0.006104 0.196649 0.063744 0.955459 -0.288159 -0.186131 0.295062 0.937173 92.918666 -31.347179 249.389080
0.980022 -0.006299 0.198789 0.063869 0.956528 -0.284561 -0.188355 0.291572 0.937821 93.132724 -31.665825 250.381246
0.979730 -0.007125 0.200198 0.064531 0.957321 -0.281731 -0.189646 0.288940 0.938375 93.336897 -31.971654 251.337604
0.979768 -0.007660 0.199990 0.064504 0.958029 -0.279319 -0.189457 0.286568 0.939140 93.517274 -32.250362 252.224520
0.980175 -0.007883 0.197976 0.063770 0.958591 -0.277556 -0.187590 0.284678 0.940089 93.707246 -32.545477 253.155454
0.980707 -0.006848 0.195366 0.061908 0.958826 -0.277163 -0.185424 0.283911 0.940751 93.880597 -32.823009 254.025612
0.981424 -0.006017 0.191759 0.060335 0.958475 -0.278719 -0.182120 0.285111 0.941033 94.053417 -33.097632 254.882269
0.982603 -0.005366 0.185639 0.058608 0.957463 -0.282542 -0.176226 0.288506 0.941121 94.213154 -33.358637 255.693280
0.984691 -0.004860 0.174244 0.055717 0.955946 -0.288207 -0.165167 0.293503 0.941582 94.342600 -33.590015 256.407378
0.987158 -0.004377 0.159689 0.051621 0.954736 -0.292940 -0.151178 0.297421 0.942701 94.448833 -33.808299 257.069838
0.990284 -0.004936 0.138969 0.046481 0.953637 -0.297347 -0.131058 0.300918 0.944602 94.542172 -34.027931 257.734932
0.993564 -0.006234 0.113102 0.040103 0.953173 -0.299755 -0.105937 0.302361 0.947288 94.601576 -34.206537 258.288527
0.996158 -0.007445 0.087263 0.033408 0.953342 -0.300039 -0.080957 0.301801 0.949927 94.645629 -34.387834 258.849268
0.998381 -0.006878 0.056470 0.023527 0.953711 -0.299802 -0.051794 0.300645 0.952329 94.669777 -34.552503 259.372695
0.999707 -0.007248 0.023096 0.013852 0.953758 -0.300255 -0.019852 0.300487 0.953579 94.671734 -34.682086 259.778886
0.999835 -0.008605 -0.016010 0.003381 0.953505 -0.301359 0.017859 0.301255 0.953376 94.637735 -34.789816 260.133434
0.998158 -0.007043 -0.060254 -0.011533 0.953094 -0.302454 0.059558 0.302592 0.951258 94.587715 -34.884282 260.469873
0.994201 -0.004829 -0.107434 -0.028015 0.952870 -0.302084 0.103829 0.303341 0.947208 94.519912 -34.981993 260.780463
0.988060 -0.003288 -0.154037 -0.043720 0.952692 -0.300775 0.147739 0.303919 0.941173 94.428774 -35.075110 261.084420
0.979066 -0.002255 -0.203530 -0.059571 0.952980 -0.297120 0.194630 0.303025 0.932896 94.322224 -35.173550 261.430388
0.965620 0.002146 -0.259948 -0.080685 0.953054 -0.291851 0.247118 0.302792 0.920462 94.187972 -35.278294 261.766076
0.947185 0.005781 -0.320635 -0.101724 0.953619 -0.283308 0.304126 0.300962 0.903842 94.040192 -35.365497 262.057480
0.925174 0.008889 -0.379439 -0.121450 0.954095 -0.273774 0.359587 0.299371 0.883784 93.867467 -35.461360 262.393551
0.901014 0.011121 -0.433648 -0.138566 0.954677 -0.263423 0.411064 0.297436 0.861718 93.659050 -35.540169 262.665642
0.871937 0.017715 -0.489298 -0.158607 0.955678 -0.248040 0.463217 0.293882 0.836100 93.436787 -35.632261 262.958939
0.837455 0.024987 -0.545935 -0.178777 0.956518 -0.230462 0.516438 0.290602 0.805508 93.201262 -35.698589 263.209230
0.802598 0.033338 -0.595588 -0.196383 0.957546 -0.211042 0.563268 0.286345 0.775072 92.916643 -35.775956 263.508260
0.767406 0.040236 -0.639897 -0.212158 0.957742 -0.194212 0.605042 0.284799 0.743514 92.625933 -35.840963 263.763373
0.728754 0.044459 -0.683331 -0.225873 0.957648 -0.178581 0.646451 0.284487 0.707932 92.327012 -35.890049 263.992602
0.688364 0.048551 -0.723739 -0.238852 0.957284 -0.162960 0.684912 0.285043 0.670557 91.995918 -35.948690 264.245887
0.646932 0.050663 -0.760863 -0.248784 0.957217 -0.147794 0.720823 0.284903 0.631858 91.644786 -36.006121 264.490140
0.604227 0.051268 -0.795161 -0.257602 0.956908 -0.134049 0.754023 0.285831 0.591396 91.211318 -36.072799 264.771355
0.562279 0.049940 -0.825438 -0.263517 0.956959 -0.121608 0.783837 0.285894 0.551238 90.776868 -36.129250 265.019907
0.520669 0.049974 -0.852295 -0.271266 0.956239 -0.109648 0.809518 0.288289 0.511440 90.329408 -36.177795 265.257710
0.478241 0.049406 -0.876838 -0.278199 0.955522 -0.097895 0.833002 0.290752 0.470714 89.892601 -36.213122 265.455238
0.434725 0.049600 -0.899197 -0.284747 0.954827 -0.084995 0.854362 0.292993 0.429210 89.435700 -36.249694 265.643038
0.390371 0.050285 -0.919283 -0.289713 0.954490 -0.070815 0.873886 0.293973 0.387174 88.973272 -36.275260 265.805652
0.343649 0.050441 -0.937743 -0.293567 0.954282 -0.056251 0.892034 0.294621 0.342746 88.563427 -36.291289 265.921199
0.303636 0.051159 -0.951414 -0.296893 0.953921 -0.043458 0.905350 0.295664 0.304834 88.084672 -36.308283 266.046237
0.264751 0.051399 -0.962946 -0.300503 0.953253 -0.031738 0.916300 0.297771 0.267820 87.615702 -36.315780 266.137590
0.233109 0.049739 -0.971178 -0.302185 0.952954 -0.023727 0.924307 0.299007 0.237173 87.121666 -36.319689 266.230843
0.207941 0.048451 -0.976941 -0.303605 0.952640 -0.017376 0.929830 0.300217 0.212802 86.642952 -36.326435 266.312913
0.185610 0.047369 -0.981481 -0.303960 0.952615 -0.011507 0.934429 0.300467 0.191213 86.084299 -36.333898 266.404058
0.167196 0.046822 -0.984811 -0.305254 0.952248 -0.006550 0.937478 0.301713 0.173505 85.532276 -36.339908 266.483084
0.154427 0.046051 -0.986930 -0.305523 0.952179 -0.003377 0.939579 0.302052 0.161111 84.984278 -36.340228 266.558106
0.147551 0.045426 -0.988011 -0.306919 0.951733 -0.002077 0.940229 0.303545 0.154371 84.488374 -36.338724 266.619549
0.143594 0.044985 -0.988614 -0.308412 0.951252 -0.001512 0.940352 0.305118 0.150468 83.933016 -36.340330 266.688922
0.141570 0.044752 -0.988916 -0.308623 0.951184 -0.001137 0.940590 0.305363 0.148471 83.272305 -36.350042 266.776808
0.140258 0.044769 -0.989102 -0.308775 0.951135 -0.000734 0.940737 0.305513 0.147228 82.541976 -36.352673 266.877777
0.139551 0.044310 -0.989223 -0.308384 0.951262 -0.000895 0.940970 0.305185 0.146414 81.834489 -36.357531 266.969624
0.138163 0.043427 -0.989457 -0.307701 0.951482 -0.001206 0.941399 0.304623 0.144822 81.160479 -36.361751 267.065576
0.137595 0.042815 -0.989563 -0.308541 0.951209 -0.001746 0.941207 0.305561 0.144092 80.395139 -36.367884 267.170525
0.137096 0.041104 -0.989705 -0.308816 0.951116 -0.003277 0.941189 0.306086 0.143088 79.661614 -36.377765 267.275259
0.137813 0.038054 -0.989727 -0.308965 0.951052 -0.006455 0.941036 0.306680 0.142825 78.951706 -36.385675 267.371824
0.137248 0.035459 -0.989902 -0.310074 0.950671 -0.008937 0.940754 0.308169 0.141473 78.156083 -36.395860 267.479089
0.136673 0.034130 -0.990028 -0.310279 0.950592 -0.010063 0.940770 0.308560 0.140510 77.276501 -36.410765 267.591895
0.135010 0.033607 -0.990274 -0.310073 0.950660 -0.010011 0.941078 0.308409 0.138769 76.405100 -36.425498 267.696685
0.133403 0.033376 -0.990500 -0.311580 0.950168 -0.009947 0.940809 0.309947 0.137154 75.558056 -36.438681 267.795976
0.128912 0.032131 -0.991135 -0.312545 0.949852 -0.009858 0.941115 0.311046 0.132490 74.710457 -36.456500 267.890628
0.124321 0.030710 -0.991767 -0.312601 0.949834 -0.009774 0.941714 0.311242 0.127684 73.816447 -36.473558 267.995653
0.122562 0.029734 -0.992015 -0.313100 0.949665 -0.010219 0.941779 0.311852 0.125702 72.948223 -36.491512 268.097688
0.121253 0.029642 -0.992179 -0.312195 0.949968 -0.009772 0.942249 0.310938 0.124440 72.008157 -36.514776 268.208447
0.118723 0.032556 -0.992393 -0.312397 0.949931 -0.006210 0.942503 0.310758 0.122950 71.053664 -36.537617 268.321778
0.116869 0.035102 -0.992527 -0.311528 0.950232 -0.003076 0.943023 0.309560 0.121988 70.138150 -36.560476 268.427245
0.115708 0.036127 -0.992626 -0.311034 0.950397 -0.001666 0.943329 0.308934 0.121205 69.323428 -36.578350 268.515953
0.113407 0.034264 -0.992958 -0.311632 0.950199 -0.002803 0.943411 0.309755 0.118437 68.478553 -36.596618 268.606951
0.112137 0.030486 -0.993225 -0.311580 0.950201 -0.006013 0.943580 0.310143 0.116052 67.656417 -36.614175 268.702515
0.109948 0.028919 -0.993517 -0.311438 0.950242 -0.006806 0.943884 0.310167 0.113484 66.713090 -36.626798 268.802970
0.107730 0.031483 -0.993682 -0.312415 0.949938 -0.003773 0.943817 0.310847 0.112173 65.725654 -36.642791 268.904463
0.103780 0.036009 -0.993948 -0.314002 0.949421 0.001610 0.943733 0.311934 0.109838 64.781085 -36.654155 268.996334
0.099381 0.039807 -0.994253 -0.314148 0.949351 0.006608 0.944158 0.311686 0.106853 63.918315 -36.659725 269.083847
0.095272 0.041035 -0.994605 -0.315096 0.949017 0.008971 0.944266 0.312541 0.103345 63.074364 -36.664634 269.165710
0.091379 0.040707 -0.994984 -0.316615 0.948504 0.009728 0.944143 0.314138 0.099562 62.283237 -36.666189 269.245038
0.088836 0.038481 -0.995303 -0.319035 0.947708 0.008165 0.943570 0.316811 0.096468 61.490043 -36.664439 269.318941
0.087744 0.035843 -0.995498 -0.321035 0.947050 0.005802 0.942994 0.319080 0.094604 60.638289 -36.664419 269.394605
0.085323 0.033004 -0.995807 -0.320139 0.947362 0.003968 0.943520 0.318458 0.091397 59.711865 -36.668127 269.478919
0.081035 0.030609 -0.996241 -0.322839 0.946450 0.002819 0.942978 0.321397 0.086577 58.758964 -36.674205 269.562635
0.079437 0.026918 -0.996476 -0.324728 0.945807 -0.000337 0.942466 0.323611 0.083873 57.848351 -36.676966 269.636430
0.078674 0.022199 -0.996653 -0.325211 0.945630 -0.004609 0.942363 0.324485 0.081615 56.888344 -36.686549 269.708029
0.078189 0.019328 -0.996751 -0.325816 0.945406 -0.007226 0.942195 0.325322 0.080218 55.953239 -36.702637 269.781562
0.079125 0.018789 -0.996688 -0.327377 0.944859 -0.008178 0.941575 0.326939 0.080913 54.984189 -36.727426 269.856590
0.081218 0.017180 -0.996548 -0.327254 0.944880 -0.010382 0.941440 0.326967 0.082364 53.983231 -36.750092 269.936008
0.082284 0.016140 -0.996478 -0.326303 0.945194 -0.011635 0.941677 0.326111 0.083041 53.070186 -36.772466 270.001366
0.084532 0.015895 -0.996294 -0.323422 0.946174 -0.012345 0.942471 0.323267 0.085122 52.145813 -36.800853 270.078675
0.086151 0.015538 -0.996161 -0.322231 0.946570 -0.013103 0.942733 0.322123 0.086555 51.243881 -36.825207 270.149068
0.088284 0.015094 -0.995981 -0.321352 0.946854 -0.014135 0.942835 0.321308 0.088443 50.270680 -36.848948 270.232075
0.089648 0.012922 -0.995890 -0.320998 0.946934 -0.016609 0.942827 0.321167 0.089039 49.341080 -36.866210 270.315303
0.091124 0.011121 -0.995777 -0.320591 0.947032 -0.018761 0.942824 0.320947 0.089863 48.415149 -36.893334 270.398287
0.091104 0.010149 -0.995790 -0.319905 0.947246 -0.019614 0.943059 0.320345 0.089545 47.431060 -36.912360 270.484183
0.091314 0.011528 -0.995755 -0.320503 0.947068 -0.018427 0.942836 0.320825 0.090175 46.467520 -36.935711 270.563280
0.089813 0.013688 -0.995865 -0.322350 0.946484 -0.016062 0.942350 0.322459 0.089419 45.526759 -36.965738 270.640596
0.086408 0.015093 -0.996146 -0.323200 0.946232 -0.013698 0.942378 0.323138 0.086640 44.668820 -36.991876 270.706495
0.083885 0.014767 -0.996366 -0.323861 0.946012 -0.013246 0.942378 0.323796 0.084139 43.824309 -37.014157 270.768078
0.081442 0.012294 -0.996602 -0.324070 0.945917 -0.014815 0.942521 0.324175 0.081022 43.018073 -37.038822 270.826454
0.077376 0.009485 -0.996957 -0.324572 0.945722 -0.016194 0.942691 0.324838 0.076255 42.180369 -37.060690 270.888954
0.073076 0.007988 -0.997294 -0.324903 0.945608 -0.016233 0.942920 0.325210 0.071696 41.298296 -37.084600 270.941197
0.066898 0.007194 -0.997734 -0.325293 0.945494 -0.014993 0.943244 0.325559 0.065592 40.482947 -37.100670 270.985520
0.060621 0.008111 -0.998128 -0.324865 0.945684 -0.012045 0.943816 0.324987 0.059963 39.581493 -37.121868 271.035941
0.056211 0.009421 -0.998374 -0.324734 0.945759 -0.009359 0.944133 0.324733 0.056222 38.715740 -37.142076 271.081460
0.051071 0.011722 -0.998626 -0.326541 0.945166 -0.005605 0.943802 0.326379 0.052098 37.905189 -37.152593 271.109145
0.047948 0.013549 -0.998758 -0.327796 0.944744 -0.002921 0.943531 0.327528 0.049740 37.072544 -37.161633 271.140690
0.044858 0.013954 -0.998896 -0.328785 0.944404 -0.001572 0.943339 0.328492 0.046951 36.264148 -37.166401 271.168594
0.040200 0.012916 -0.999108 -0.329503 0.944154 -0.001052 0.943298 0.329252 0.042210 35.460909 -37.174329 271.192068
0.034433 0.012640 -0.999327 -0.329883 0.944022 0.000574 0.943394 0.329641 0.036675 34.651573 -37.181181 271.212379
0.031186 0.013911 -0.999417 -0.330956 0.943642 0.002808 0.943131 0.330675 0.034032 33.776196 -37.192642 271.227445
0.027979 0.014763 -0.999499 -0.332196 0.943199 0.004633 0.942795 0.331900 0.031294 33.006339 -37.201872 271.234595
0.024412 0.014986 -0.999590 -0.333597 0.942697 0.005987 0.942400 0.333314 0.028012 32.233733 -37.207963 271.247014
0.021584 0.016067 -0.999638 -0.334242 0.942454 0.007931 0.942240 0.333950 0.025713 31.520983 -37.210339 271.259786
0.019588 0.016709 -0.999669 -0.334491 0.942354 0.009196 0.942195 0.334200 0.024048 30.778832 -37.213104 271.268208
0.019098 0.017256 -0.999669 -0.334891 0.942205 0.009866 0.942063 0.334592 0.023773 29.994737 -37.216514 271.275781
0.018478 0.018708 -0.999654 -0.335109 0.942110 0.011436 0.941998 0.334782 0.023678 29.202361 -37.221200 271.284658
0.019066 0.020738 -0.999603 -0.336211 0.941695 0.013124 0.941594 0.335827 0.024926 28.381517 -37.227981 271.292492
0.019804 0.021074 -0.999582 -0.336871 0.941459 0.013174 0.941342 0.336469 0.025744 27.583983 -37.229814 271.310361
0.020348 0.021467 -0.999562 -0.336263 0.941673 0.013379 0.941548 0.335844 0.026379 26.829295 -37.227895 271.330395
0.020212 0.021781 -0.999558 -0.335041 0.942103 0.013754 0.941987 0.334615 0.026340 26.105765 -37.225039 271.345827
0.019708 0.022455 -0.999554 -0.333953 0.942477 0.014588 0.942384 0.333517 0.026073 25.433096 -37.226137 271.360478
0.019400 0.023666 -0.999532 -0.333734 0.942534 0.015839 0.942468 0.333271 0.026183 24.835057 -37.230189 271.369395
0.020169 0.025529 -0.999471 -0.334037 0.942401 0.017330 0.942344 0.333511 0.027535 24.136474 -37.234502 271.380435
0.022009 0.026080 -0.999418 -0.333806 0.942484 0.017243 0.942385 0.333232 0.029449 23.537540 -37.237722 271.391839
0.024482 0.026033 -0.999361 -0.332020 0.943129 0.016435 0.942955 0.331406 0.031733 22.962378 -37.243223 271.408721
0.027048 0.026551 -0.999281 -0.330330 0.943728 0.016134 0.943478 0.329656 0.034296 22.352879 -37.248557 271.429846
0.030316 0.027530 -0.999161 -0.328619 0.944326 0.016048 0.943976 0.327857 0.037675 21.760748 -37.255962 271.449316
0.033107 0.028329 -0.999050 -0.327556 0.944698 0.015933 0.944252 0.326717 0.040556 21.230274 -37.264035 271.466792
0.034373 0.029538 -0.998972 -0.326791 0.944949 0.016696 0.944471 0.325881 0.042134 20.633691 -37.270293 271.487594
0.035759 0.030786 -0.998886 -0.326314 0.945100 0.017447 0.944585 0.325327 0.043842 20.082153 -37.274994 271.507888
0.038472 0.031875 -0.998751 -0.326435 0.945056 0.017587 0.944436 0.325350 0.046763 19.581681 -37.280413 271.525540
0.041722 0.032239 -0.998609 -0.326010 0.945215 0.016895 0.944445 0.324852 0.049946 19.128621 -37.285188 271.546732
0.045972 0.032277 -0.998421 -0.325973 0.945251 0.015549 0.944261 0.324743 0.053976 18.709359 -37.289364 271.569677
0.050245 0.032052 -0.998222 -0.325985 0.945272 0.013943 0.944039 0.324705 0.057944 18.314947 -37.295385 271.588732
0.054954 0.031141 -0.998003 -0.325160 0.945588 0.011601 0.944061 0.323873 0.062090 17.932722 -37.305928 271.613417
0.059590 0.030235 -0.997765 -0.324532 0.945829 0.009279 0.943996 0.323254 0.066174 17.572046 -37.314705 271.640100
0.063896 0.029271 -0.997527 -0.323757 0.946114 0.007024 0.943980 0.322507 0.069929 17.211510 -37.319757 271.667710
0.068917 0.028628 -0.997212 -0.323063 0.946365 0.004842 0.943865 0.321828 0.074469 16.867252 -37.328569 271.694843
0.073579 0.028394 -0.996885 -0.323165 0.946338 0.003102 0.943478 0.321930 0.078807 16.563838 -37.336654 271.721469
0.077374 0.027822 -0.996614 -0.323713 0.946155 0.001281 0.942986 0.322517 0.082214 16.325833 -37.344401 271.741490
0.080851 0.025634 -0.996397 -0.323495 0.946228 -0.001906 0.942769 0.322484 0.084796 16.098504 -37.355107 271.764032
0.083671 0.021260 -0.996267 -0.322895 0.946410 -0.006922 0.942729 0.322268 0.086052 15.878292 -37.367575 271.787017
0.085820 0.017780 -0.996152 -0.322060 0.946657 -0.010849 0.942821 0.321752 0.086969 15.641708 -37.381513 271.809413
0.087606 0.017039 -0.996009 -0.322212 0.946590 -0.012147 0.942605 0.321990 0.088417 15.456447 -37.390302 271.824231
0.088494 0.017372 -0.995925 -0.322197 0.946595 -0.012117 0.942527 0.321957 0.089365 15.338073 -37.403657 271.831484
0.089566 0.016680 -0.995841 -0.322327 0.946537 -0.013136 0.942382 0.322163 0.090154 15.211395 -37.417590 271.842593
0.090435 0.014661 -0.995794 -0.322783 0.946348 -0.015381 0.942142 0.322817 0.090316 15.075554 -37.429081 271.857135
0.091432 0.012707 -0.995730 -0.323371 0.946108 -0.017619 0.941845 0.323601 0.090614 14.930604 -37.438674 271.870636
0.092982 0.011418 -0.995602 -0.324164 0.945801 -0.019428 0.941420 0.324545 0.091644 14.801853 -37.446351 271.880771
0.094628 0.010835 -0.995454 -0.325070 0.945465 -0.020610 0.940944 0.325542 0.092989 14.688923 -37.453277 271.888785
0.096360 0.010293 -0.995293 -0.326018 0.945112 -0.021790 0.940440 0.326583 0.094427 14.579058 -37.459583 271.898121
0.097918 0.009621 -0.995148 -0.326756 0.944829 -0.023017 0.940023 0.327424 0.095659 14.472856 -37.465001 271.907997
0.099416 0.009019 -0.995005 -0.327626 0.944498 -0.024174 0.939562 0.328393 0.096854 14.365580 -37.469882 271.917445
0.100906 0.008244 -0.994862 -0.328691 0.944093 -0.025515 0.939032 0.329576 0.097975 14.268047 -37.475062 271.924988
0.102183 0.006789 -0.994742 -0.329738 0.943674 -0.027431 0.938526 0.330807 0.098666 14.185675 -37.480895 271.931166
0.103140 0.005019 -0.994654 -0.330794 0.943240 -0.029542 0.938050 0.332073 0.098946 14.096543 -37.485572 271.939250
0.103625 0.004120 -0.994608 -0.331572 0.942932 -0.030640 0.937722 0.332959 0.099077 14.012072 -37.491629 271.945372
0.104074 0.004030 -0.994561 -0.332283 0.942672 -0.030951 0.937420 0.333697 0.099447 13.914928 -37.498225 271.952594
0.104417 0.003767 -0.994526 -0.333123 0.942360 -0.031406 0.937084 0.334579 0.099653 13.819841 -37.504582 271.960340
0.104791 0.003296 -0.994489 -0.333829 0.942089 -0.032054 0.936791 0.335348 0.099823 13.730637 -37.511661 271.968135
0.105176 0.002825 -0.994450 -0.334390 0.941868 -0.032691 0.936548 0.335972 0.100006 13.637088 -37.519448 271.976906
0.105612 0.002267 -0.994405 -0.334877 0.941669 -0.033419 0.936324 0.336533 0.100211 13.536311 -37.527414 271.987501
0.106109 0.001838 -0.994353 -0.335239 0.941518 -0.034034 0.936139 0.336957 0.100519 13.429092 -37.535276 271.998771
0.106639 0.001560 -0.994297 -0.335603 0.941371 -0.034517 0.935948 0.337370 0.100910 13.312845 -37.543219 272.010519
0.107163 0.001211 -0.994241 -0.335986 0.941214 -0.035068 0.935751 0.337809 0.101270 13.194350 -37.551377 272.022200
0.107659 0.000670 -0.994188 -0.336416 0.941033 -0.035796 0.935539 0.338315 0.101537 13.070881 -37.560181 272.033182
0.107947 -0.000368 -0.994157 -0.337019 0.940773 -0.036942 0.935289 0.339038 0.101429 12.933020 -37.571391 272.044550
0.108076 -0.002313 -0.994140 -0.338015 0.940335 -0.038935 0.934915 0.340242 0.100846 12.816185 -37.582930 272.050749
0.108196 -0.004948 -0.994117 -0.338708 0.939974 -0.041542 0.934650 0.341210 0.100025 12.764667 -37.593580 272.051301
0.108680 -0.007087 -0.994052 -0.338502 0.939950 -0.043710 0.934669 0.341239 0.099755 12.725509 -37.605267 272.052402
0.110436 -0.008551 -0.993847 -0.338369 0.939904 -0.045686 0.934511 0.341333 0.100905 12.641534 -37.620446 272.057591
0.113458 -0.010129 -0.993491 -0.337665 0.940034 -0.048145 0.934403 0.340929 0.103234 12.527851 -37.636353 272.071810
0.118182 -0.011409 -0.992926 -0.337072 0.940101 -0.050922 0.934032 0.340705 0.107257 12.351447 -37.656733 272.093287
0.126049 -0.013226 -0.991936 -0.336244 0.940152 -0.055263 0.933302 0.340498 0.114058 12.132638 -37.675129 272.121771
0.137412 -0.014544 -0.990407 -0.335244 0.940198 -0.060320 0.932057 0.340317 0.124318 11.887577 -37.695090 272.155550
0.151028 -0.014852 -0.988418 -0.335187 0.939883 -0.065339 0.929968 0.341173 0.136970 11.682817 -37.718288 272.185056
0.166921 -0.015536 -0.985848 -0.334439 0.939706 -0.071435 0.927517 0.341630 0.151661 11.473983 -37.742899 272.223132
0.183668 -0.015164 -0.982871 -0.333247 0.939709 -0.076772 0.924777 0.341639 0.167541 11.232367 -37.764883 272.273596
0.202742 -0.012494 -0.979152 -0.332379 0.939678 -0.080812 0.921097 0.341833 0.186360 10.969852 -37.793768 272.328780
0.224964 -0.009848 -0.974317 -0.331122 0.939665 -0.085951 0.916379 0.341953 0.208130 10.635564 -37.837587 272.404696
0.248931 -0.008713 -0.968482 -0.330015 0.939356 -0.093276 0.910562 0.342833 0.230960 10.277225 -37.879726 272.499806
0.274266 -0.009123 -0.961611 -0.328589 0.938881 -0.102626 0.903774 0.344121 0.254505 9.916546 -37.924567 272.612321
0.302466 -0.008552 -0.953122 -0.325835 0.938790 -0.111825 0.895738 0.344384 0.281165 9.630315 -37.969929 272.718540
0.334342 -0.008567 -0.942413 -0.319384 0.939758 -0.121851 0.886684 0.341732 0.311464 9.252667 -38.031279 272.865355
0.368488 -0.007285 -0.929604 -0.311460 0.941209 -0.130836 0.875905 0.337746 0.344555 8.869509 -38.094004 273.029301
0.407560 -0.004799 -0.913166 -0.304627 0.941991 -0.140910 0.860870 0.335604 0.382456 8.489406 -38.159950 273.206235
0.445747 -0.000731 -0.895159 -0.298201 0.942760 -0.149261 0.844029 0.333470 0.420015 8.108654 -38.235072 273.407476
0.485603 0.002811 -0.874175 -0.291395 0.943324 -0.158835 0.824184 0.331861 0.458900 7.708915 -38.320091 273.637023
0.527882 0.002781 -0.849313 -0.281974 0.943848 -0.172167 0.801144 0.330368 0.499025 7.354178 -38.411145 273.882553
0.572779 0.004688 -0.819696 -0.270266 0.945147 -0.183449 0.773874 0.326612 0.542627 6.980215 -38.518947 274.173415
0.618001 0.006262 -0.786153 -0.257888 0.946253 -0.195191 0.742677 0.323368 0.586400 6.590844 -38.640146 274.502585
0.661024 0.007265 -0.750330 -0.245915 0.946826 -0.207478 0.708924 0.321665 0.627661 6.261395 -38.748592 274.812467
0.700455 0.006247 -0.713669 -0.232833 0.947252 -0.220230 0.674649 0.320428 0.664963 5.890573 -38.882961 275.186450
0.740889 0.004046 -0.671615 -0.218147 0.947214 -0.234942 0.635212 0.320577 0.702663 5.585178 -39.003919 275.530597
0.778254 0.002518 -0.627945 -0.204598 0.946441 -0.249776 0.593684 0.322866 0.737087 5.338141 -39.128300 275.884346
0.814484 0.001727 -0.580184 -0.189283 0.946072 -0.262907 0.548442 0.323952 0.770887 5.036182 -39.282450 276.322781
0.848715 0.001832 -0.528848 -0.172218 0.946444 -0.273103 0.500025 0.322864 0.803576 4.766195 -39.444050 276.790784
0.878873 -0.000108 -0.477057 -0.153753 0.946575 -0.283470 0.451600 0.322483 0.831902 4.538027 -39.603705 277.249318
0.906212 -0.002536 -0.422817 -0.134030 0.946690 -0.292940 0.401019 0.322135 0.857562 4.356048 -39.755746 277.683343
0.928878 -0.003885 -0.370366 -0.115453 0.947088 -0.299492 0.351933 0.320951 0.879280 4.237951 -39.897409 278.077710
0.947724 -0.005213 -0.319050 -0.097752 0.947051 -0.305842 0.303751 0.321042 0.897033 4.131009 -40.040722 278.495543
0.961809 -0.005921 -0.273658 -0.082935 0.946467 -0.311965 0.260855 0.322747 0.909829 4.029624 -40.189484 278.920466
0.972947 -0.005907 -0.230952 -0.069250 0.946250 -0.315937 0.220405 0.323383 0.920242 3.927712 -40.354753 279.408711
0.981010 -0.007988 -0.193793 -0.054940 0.946785 -0.317142 0.186014 0.321767 0.928367 3.837892 -40.552508 279.975664
0.986946 -0.010694 -0.160699 -0.041293 0.947637 -0.316669 0.155671 0.319171 0.934824 3.785009 -40.727393 280.493881
0.991097 -0.012220 -0.132576 -0.030798 0.947728 -0.317591 0.129527 0.318846 0.938914 3.709406 -40.960530 281.157320
0.993976 -0.014504 -0.108636 -0.021051 0.947484 -0.319111 0.107560 0.319475 0.941470 3.646191 -41.214563 281.882151
0.995964 -0.016423 -0.088239 -0.012736 0.947308 -0.320072 0.088846 0.319904 0.943275 3.609702 -41.429773 282.496495
0.997315 -0.018304 -0.070904 -0.005492 0.946832 -0.321680 0.073022 0.321206 0.944190 3.591484 -41.601260 282.994522
0.998189 -0.018500 -0.057242 -0.001013 0.946234 -0.323483 0.060149 0.322955 0.944501 3.566169 -41.806094 283.583376
0.998596 -0.021184 -0.048553 0.004227 0.945500 -0.325596 0.052804 0.324933 0.944262 3.545223 -42.001197 284.156928
0.998808 -0.022583 -0.043275 0.007172 0.944818 -0.327518 0.048283 0.326818 0.943853 3.520260 -42.240685 284.830812
0.998964 -0.023610 -0.038903 0.009477 0.944072 -0.329603 0.044509 0.328892 0.943318 3.491632 -42.482559 285.509922
0.999057 -0.024409 -0.035915 0.011135 0.943408 -0.331447 0.041973 0.330735 0.942790 3.471391 -42.748322 286.235980
0.999166 -0.024802 -0.032444 0.012603 0.942945 -0.332710 0.038845 0.332024 0.942471 3.445412 -43.043003 287.032234
0.999190 -0.024977 -0.031536 0.013065 0.942902 -0.332815 0.038048 0.332133 0.942465 3.415180 -43.325084 287.786669
0.999291 -0.022802 -0.029967 0.011546 0.943025 -0.332522 0.035842 0.331940 0.942619 3.389909 -43.584173 288.508035
0.999427 -0.020057 -0.027267 0.009868 0.943190 -0.332108 0.032379 0.331648 0.942847 3.363350 -43.805197 289.148771
0.999479 -0.018827 -0.026205 0.009055 0.943156 -0.332227 0.030970 0.331817 0.942835 3.340489 -44.023943 289.762182
0.999447 -0.018042 -0.027940 0.007684 0.942612 -0.333802 0.032359 0.333403 0.942229 3.320080 -44.272314 290.436168
0.999404 -0.017839 -0.029563 0.006821 0.941333 -0.337410 0.033848 0.337008 0.940893 3.295955 -44.577500 291.243660
0.999334 -0.017165 -0.032191 0.005158 0.940008 -0.341113 0.036115 0.340719 0.939471 3.267023 -44.883741 292.053010
0.999330 -0.016688 -0.032573 0.004470 0.938987 -0.343924 0.036325 0.343548 0.938432 3.241661 -45.171593 292.837355
0.999385 -0.013863 -0.032198 0.001958 0.939123 -0.343574 0.035001 0.343300 0.938573 3.206465 -45.485699 293.686851
0.999517 -0.010417 -0.029267 -0.000149 0.940486 -0.339831 0.031065 0.339672 0.940031 3.174280 -45.798389 294.528818
0.999668 -0.008506 -0.024324 -0.000093 0.942746 -0.333510 0.025768 0.333402 0.942433 3.157619 -46.076016 295.273555
0.999734 -0.008121 -0.021597 0.000555 0.944205 -0.329358 0.023067 0.329259 0.943958 3.141438 -46.359142 296.038481
0.999740 -0.008902 -0.021006 0.001447 0.943613 -0.331047 0.022769 0.330930 0.943381 3.125883 -46.609686 296.725897
0.999686 -0.011162 -0.022428 0.002928 0.941177 -0.337902 0.024880 0.337730 0.940914 3.111526 -46.879091 297.474047
0.999578 -0.013610 -0.025645 0.003997 0.939409 -0.342776 0.028757 0.342529 0.939067 3.092215 -47.139735 298.198638
0.999493 -0.015427 -0.027857 0.004795 0.937754 -0.347268 0.031480 0.346958 0.937352 3.072006 -47.452441 299.040482
0.999495 -0.015134 -0.027956 0.004426 0.937097 -0.349042 0.031480 0.348742 0.936690 3.039701 -47.765424 299.856863
0.999551 -0.013706 -0.026654 0.003548 0.937174 -0.348844 0.029760 0.348592 0.936802 3.011737 -48.075117 300.662881
0.999655 -0.011530 -0.023594 0.002683 0.938601 -0.344994 0.026123 0.344812 0.938308 2.989860 -48.399006 301.500544
0.999681 -0.011143 -0.022683 0.002742 0.940073 -0.340962 0.025123 0.340791 0.939803 2.972684 -48.752837 302.428380
0.999725 -0.010760 -0.020843 0.003054 0.940734 -0.339131 0.023256 0.338974 0.940508 2.959034 -49.071761 303.279525
0.999772 -0.012247 -0.017498 0.005532 0.939801 -0.341677 0.020629 0.341503 0.939654 2.945839 -49.410710 304.166541
0.999753 -0.013236 -0.017838 0.006234 0.937991 -0.346602 0.021319 0.346406 0.937843 2.930422 -49.773164 305.116563
0.999738 -0.014476 -0.017748 0.007329 0.936380 -0.350912 0.021699 0.350690 0.936240 2.914957 -50.162120 306.125491
0.999715 -0.016385 -0.017372 0.009175 0.935177 -0.354063 0.022047 0.353802 0.935060 2.892816 -50.551507 307.115301
0.999711 -0.017442 -0.016530 0.010434 0.934707 -0.355265 0.021647 0.354990 0.934619 2.883434 -50.942613 308.105006
0.999722 -0.018513 -0.014608 0.012125 0.934814 -0.354930 0.020227 0.354654 0.934779 2.873694 -51.306116 309.025528
0.999723 -0.019750 -0.012770 0.013945 0.935011 -0.354346 0.018939 0.354070 0.935027 2.864883 -51.667868 309.937493
0.999693 -0.020698 -0.013615 0.014481 0.934084 -0.356761 0.020102 0.356454 0.934097 2.860355 -52.000836 310.776521
0.999613 -0.023247 -0.015265 0.016122 0.931640 -0.363024 0.022661 0.362638 0.931655 2.845914 -52.336196 311.629222
0.999580 -0.023689 -0.016696 0.015935 0.930425 -0.366135 0.024208 0.365715 0.930412 2.824112 -52.675538 312.471698
0.999543 -0.024378 -0.017857 0.016102 0.929724 -0.367905 0.025571 0.367450 0.929692 2.801485 -53.046779 313.386631
0.999604 -0.022953 -0.016305 0.015362 0.929944 -0.367380 0.023595 0.366984 0.929928 2.782148 -53.434251 314.347628
0.999689 -0.020826 -0.013688 0.014431 0.931547 -0.363334 0.020318 0.363024 0.931558 2.764550 -53.815299 315.280199
0.999751 -0.020048 -0.009815 0.015178 0.932966 -0.359645 0.016368 0.359407 0.933038 2.759755 -54.216088 316.284701
0.999801 -0.018901 -0.006405 0.015348 0.933375 -0.358575 0.012756 0.358405 0.933479 2.753010 -54.603290 317.238087
0.999828 -0.018300 -0.003066 0.015979 0.933194 -0.359017 0.009431 0.358906 0.933326 2.753056 -54.983435 318.164630
0.999816 -0.019146 -0.001478 0.017324 0.932523 -0.360695 0.008284 0.360603 0.932683 2.756150 -55.337943 319.047179
0.999827 -0.018610 0.000626 0.017567 0.931564 -0.363154 0.006176 0.363102 0.931729 2.749177 -55.666734 319.855171
0.999819 -0.018910 0.001952 0.018306 0.929990 -0.367130 0.005127 0.367099 0.930168 2.753574 -56.038304 320.759471
0.999826 -0.018432 0.002990 0.018222 0.928123 -0.371829 0.004078 0.371818 0.928297 2.753400 -56.413275 321.669608
0.999829 -0.017866 0.004854 0.018381 0.926636 -0.375510 0.002211 0.375535 0.926806 2.761160 -56.790021 322.583371
0.999821 -0.017473 0.007310 0.018939 0.926332 -0.376232 -0.000198 0.376303 0.926497 2.766110 -57.178103 323.515092
0.999788 -0.017822 0.010271 0.020373 0.926827 -0.374936 -0.002837 0.375066 0.926994 2.769019 -57.549952 324.387635
0.999761 -0.018245 0.012013 0.021417 0.926958 -0.374554 -0.004302 0.374722 0.927127 2.781099 -57.926007 325.276159
0.999770 -0.018049 0.011547 0.021057 0.927234 -0.373890 -0.003958 0.374047 0.927401 2.789581 -58.347064 326.275887
0.999768 -0.017605 0.012429 0.020965 0.928046 -0.371876 -0.004988 0.372050 0.928199 2.799971 -58.750488 327.231155
0.999764 -0.017411 0.013019 0.020983 0.929469 -0.368304 -0.005688 0.368490 0.929614 2.809987 -59.154660 328.202395
0.999754 -0.017778 0.013251 0.021411 0.929424 -0.368391 -0.005767 0.368584 0.929576 2.821143 -59.538246 329.138109
0.999738 -0.017933 0.014243 0.021951 0.927644 -0.372820 -0.006527 0.373035 0.927794 2.835856 -59.904953 330.036351
0.999726 -0.018125 0.014791 0.022375 0.925374 -0.378393 -0.006828 0.378621 0.925527 2.851014 -60.267353 330.895528
0.999741 -0.015931 0.016258 0.020923 0.924446 -0.380738 -0.008964 0.380979 0.924540 2.862364 -60.608241 331.697457
0.999718 -0.014333 0.018919 0.020489 0.923506 -0.383036 -0.011982 0.383316 0.923540 2.877129 -60.976412 332.550166
0.999737 -0.012177 0.019427 0.018716 0.922874 -0.384646 -0.013244 0.384909 0.922860 2.884081 -61.321874 333.348123
0.999690 -0.011646 0.022012 0.019218 0.922940 -0.384465 -0.015838 0.384768 0.922877 2.904290 -61.669880 334.157475
0.999670 -0.011298 0.023090 0.019282 0.923600 -0.382871 -0.017000 0.383190 0.923513 2.926172 -62.004416 334.930104
0.999655 -0.011183 0.023782 0.019425 0.923954 -0.382011 -0.017702 0.382341 0.923852 2.955511 -62.388396 335.825208
0.999637 -0.010931 0.024644 0.019522 0.923915 -0.382099 -0.018592 0.382441 0.923793 2.983261 -62.756882 336.690341
0.999614 -0.010352 0.025780 0.019426 0.923837 -0.382292 -0.019859 0.382646 0.923682 3.006938 -63.109436 337.508394
0.999603 -0.009532 0.026503 0.018940 0.923952 -0.382038 -0.020846 0.382389 0.923766 3.034430 -63.447503 338.307600
0.999574 -0.009933 0.027454 0.019702 0.923456 -0.383199 -0.021546 0.383576 0.923258 3.068181 -63.791440 339.121047
0.999520 -0.010179 0.029249 0.020645 0.922974 -0.384307 -0.023084 0.384727 0.922742 3.098499 -64.158215 339.982407
0.999477 -0.011331 0.030286 0.022107 0.922966 -0.384245 -0.023599 0.384714 0.922734 3.130268 -64.514066 340.815476
0.999373 -0.011879 0.033352 0.023772 0.923242 -0.383482 -0.026237 0.384035 0.922946 3.163026 -64.871100 341.650445
0.999285 -0.012022 0.035847 0.024908 0.922620 -0.384906 -0.028446 0.385524 0.922259 3.191202 -65.234047 342.500775
0.999201 -0.012617 0.037930 0.026412 0.920629 -0.389544 -0.030005 0.390235 0.920226 3.228509 -65.604602 343.346040
0.999169 -0.013072 0.038611 0.027243 0.918736 -0.393931 -0.030324 0.394655 0.918329 3.265345 -65.982769 344.231203
0.999056 -0.011853 0.041795 0.027353 0.919047 -0.393198 -0.033751 0.393970 0.918503 3.307045 -66.412952 345.195590
0.998927 -0.010006 0.045227 0.026880 0.920392 -0.390072 -0.037724 0.390869 0.919673 3.350757 -66.856665 346.181793
0.998818 -0.009171 0.047734 0.027058 0.920719 -0.389287 -0.040380 0.390118 0.919879 3.399394 -67.292669 347.161527
0.998754 -0.009613 0.048975 0.027910 0.921076 -0.388382 -0.041376 0.389265 0.920196 3.452060 -67.735534 348.158001
0.998731 -0.009825 0.049400 0.028208 0.921658 -0.386976 -0.041728 0.387878 0.920766 3.506449 -68.196638 349.205197
0.998704 -0.010994 0.049700 0.029399 0.921655 -0.386894 -0.041553 0.387854 0.920784 3.560136 -68.634751 350.212098
0.998633 -0.012944 0.050636 0.031648 0.920792 -0.388768 -0.041593 0.389840 0.919943 3.610583 -69.004068 351.049841
0.998649 -0.013844 0.050077 0.032353 0.919870 -0.390888 -0.040653 0.391980 0.919075 3.658343 -69.385209 351.906501
0.998635 -0.016375 0.049588 0.034597 0.918741 -0.393341 -0.039118 0.394520 0.918054 3.707318 -69.757754 352.758393
0.998716 -0.015644 0.048184 0.033357 0.918915 -0.393043 -0.038129 0.394145 0.918257 3.752329 -70.160144 353.670132
0.998775 -0.015582 0.046974 0.032747 0.919729 -0.391186 -0.037108 0.392245 0.919112 3.793497 -70.561140 354.559205
0.998776 -0.015971 0.046815 0.032970 0.920496 -0.389360 -0.036874 0.390426 0.919895 3.834003 -70.969693 355.473942
0.998754 -0.015809 0.047327 0.032962 0.921104 -0.387919 -0.037461 0.388996 0.920478 3.869715 -71.334497 356.291354
0.998758 -0.017412 0.046691 0.034289 0.920012 -0.390388 -0.036159 0.391504 0.919466 3.904324 -71.671905 357.051023
0.998730 -0.019062 0.046634 0.035920 0.918479 -0.393836 -0.035325 0.395011 0.917997 3.944958 -72.020743 357.830476
0.998755 -0.017658 0.046657 0.034749 0.917293 -0.396693 -0.035793 0.397821 0.916765 3.975817 -72.343458 358.547063
0.998771 -0.015973 0.046912 0.033320 0.917162 -0.397120 -0.036683 0.398195 0.916567 4.006565 -72.691583 359.321768
0.998773 -0.014528 0.047341 0.032153 0.917328 -0.396832 -0.037663 0.397868 0.916669 4.044936 -73.080103 360.201263
0.998767 -0.014067 0.047613 0.031772 0.918023 -0.395252 -0.038150 0.396278 0.917338 4.087643 -73.465040 361.072073
0.998736 -0.015993 0.047652 0.033461 0.918983 -0.392876 -0.037508 0.393974 0.918356 4.132874 -73.863703 361.965466
0.998694 -0.016938 0.048197 0.034521 0.919202 -0.392271 -0.037659 0.393423 0.918586 4.177764 -74.261025 362.863185
0.998632 -0.018462 0.048919 0.036234 0.918864 -0.392907 -0.037696 0.394142 0.918276 4.215876 -74.620836 363.659417
0.998622 -0.019473 0.048737 0.037160 0.918109 -0.394583 -0.037062 0.395850 0.917567 4.260135 -75.023081 364.550198
0.998597 -0.020406 0.048870 0.038123 0.917511 -0.395878 -0.036761 0.397186 0.917002 4.304773 -75.421985 365.446058
0.998633 -0.020355 0.048139 0.037831 0.917028 -0.397025 -0.036063 0.398303 0.916544 4.352043 -75.835235 366.370152
0.998606 -0.020896 0.048466 0.038496 0.916583 -0.397987 -0.036107 0.399298 0.916110 4.392584 -76.201732 367.185684
0.998646 -0.022763 0.046780 0.039538 0.916501 -0.398074 -0.033812 0.399384 0.916160 4.430132 -76.549126 367.970836
0.998709 -0.023961 0.044789 0.039830 0.916623 -0.397764 -0.031524 0.399034 0.916394 4.470094 -76.901416 368.756181
0.998818 -0.024354 0.042066 0.039142 0.916110 -0.399011 -0.028820 0.400186 0.915981 4.512258 -77.275889 369.590002
0.998913 -0.023995 0.039967 0.038041 0.915134 -0.401352 -0.026945 0.402436 0.915052 4.540857 -77.646113 370.409822
0.998965 -0.022728 0.039412 0.036703 0.914504 -0.402908 -0.026886 0.403937 0.914392 4.569611 -77.975337 371.140577
0.998973 -0.022841 0.039138 0.036710 0.914267 -0.403446 -0.026568 0.404469 0.914166 4.602596 -78.315460 371.901898
0.998936 -0.022573 0.040209 0.036878 0.914556 -0.402775 -0.027681 0.403829 0.914415 4.629145 -78.657274 372.657745
0.998909 -0.022519 0.040899 0.037081 0.914935 -0.401894 -0.028370 0.402973 0.914772 4.661030 -78.997016 373.405757
0.998874 -0.023324 0.041323 0.037978 0.915054 -0.401538 -0.028447 0.402655 0.914910 4.693031 -79.340223 374.163546
0.998841 -0.024334 0.041518 0.038976 0.915098 -0.401344 -0.028227 0.402497 0.914986 4.723624 -79.667850 374.880057
0.998829 -0.024554 0.041678 0.039215 0.915482 -0.400444 -0.028322 0.401609 0.915373 4.757719 -80.004123 375.616875
0.998831 -0.022739 0.042645 0.037907 0.915973 -0.399445 -0.029979 0.400594 0.915765 4.789134 -80.374958 376.425506
0.998864 -0.020106 0.043197 0.035667 0.916648 -0.398101 -0.031592 0.399190 0.916324 4.814589 -80.675998 377.089513
0.998899 -0.017889 0.043379 0.033706 0.916718 -0.398110 -0.032644 0.399133 0.916312 4.835428 -80.942308 377.667845
0.998963 -0.018045 0.041810 0.033270 0.916114 -0.399536 -0.031093 0.400512 0.915764 4.859046 -81.177851 378.176307
0.998988 -0.018206 0.041124 0.033255 0.914632 -0.402917 -0.030277 0.403877 0.914312 4.880211 -81.391526 378.631204
0.998991 -0.017336 0.041424 0.032655 0.913667 -0.405150 -0.030823 0.406094 0.913311 4.899176 -81.585502 379.043305
0.999016 -0.016962 0.040974 0.032132 0.913660 -0.405206 -0.030563 0.406124 0.913307 4.922748 -81.794377 379.485787
0.999060 -0.017386 0.039699 0.031953 0.914339 -0.403687 -0.029280 0.404576 0.914035 4.944063 -82.049687 380.034630
0.999118 -0.017326 0.038253 0.031256 0.915174 -0.401846 -0.028046 0.402688 0.914908 4.967636 -82.302332 380.570992
0.999240 -0.017675 0.034735 0.030131 0.915637 -0.400875 -0.024720 0.401617 0.915474 4.989028 -82.529446 381.051465
0.999393 -0.016988 0.030406 0.027787 0.915227 -0.401980 -0.021000 0.402581 0.915143 5.001356 -82.723085 381.447676
0.999543 -0.017089 0.024918 0.025723 0.913931 -0.405055 -0.015851 0.405511 0.913953 5.012508 -82.896186 381.800795
0.999734 -0.016405 0.016203 0.021587 0.912891 -0.407632 -0.008105 0.407874 0.913002 5.012012 -83.095300 382.223493
0.999850 -0.016748 0.004435 0.017095 0.912070 -0.409678 0.002816 0.409692 0.912219 5.009333 -83.295810 382.652138
0.999819 -0.016328 -0.009740 0.010877 0.911408 -0.411361 0.015594 0.411180 0.911421 4.992165 -83.484517 383.040187
0.999492 -0.014425 -0.028427 0.001439 0.911270 -0.411806 0.031844 0.411556 0.910828 4.967171 -83.630719 383.341133
0.998606 -0.013682 -0.050971 -0.008486 0.911618 -0.410951 0.052089 0.410811 0.910231 4.936514 -83.773080 383.653826
0.996905 -0.012157 -0.077666 -0.020719 0.912405 -0.408764 0.075833 0.409109 0.909329 4.892366 -83.940970 384.009368
0.994022 -0.009788 -0.108737 -0.035353 0.913454 -0.405402 0.103295 0.406823 0.907648 4.835763 -84.093106 384.337272
0.989636 -0.008963 -0.143318 -0.049908 0.914363 -0.401808 0.134646 0.404797 0.904439 4.760246 -84.253331 384.670223
0.982842 -0.006701 -0.184329 -0.068511 0.914584 -0.398549 0.171255 0.404340 0.898433 4.684644 -84.352538 384.870741
0.973527 -0.005411 -0.228509 -0.087347 0.915038 -0.393798 0.211225 0.403332 0.890341 4.577435 -84.466499 385.117125
0.961343 -0.004361 -0.275319 -0.106830 0.915647 -0.387527 0.253785 0.401959 0.879785 4.445157 -84.587508 385.390097
0.946825 -0.003054 -0.321736 -0.126191 0.916312 -0.380062 0.295971 0.400453 0.867202 4.293401 -84.732430 385.717072
0.929086 0.000334 -0.369864 -0.147545 0.917321 -0.369800 0.339160 0.398147 0.852320 4.109914 -84.898474 386.072859
0.907615 0.005009 -0.419774 -0.170540 0.918102 -0.357776 0.383603 0.396311 0.834138 3.932293 -85.024943 386.337420
0.883623 0.009634 -0.468100 -0.192528 0.918824 -0.344521 0.426783 0.394549 0.813749 3.737831 -85.131237 386.584288
0.852618 0.013988 -0.522348 -0.215739 0.919887 -0.327514 0.475920 0.391935 0.787329 3.531735 -85.223857 386.808811
0.819131 0.017297 -0.573345 -0.236566 0.920767 -0.310200 0.522552 0.389728 0.758321 3.308362 -85.318435 387.035728
0.781522 0.020404 -0.623544 -0.256075 0.921883 -0.290786 0.568902 0.386930 0.725697 3.037824 -85.435728 387.322162
0.741038 0.022730 -0.671079 -0.274336 0.922455 -0.271692 0.612864 0.385435 0.689809 2.708769 -85.552005 387.616035
0.695471 0.025505 -0.718102 -0.291777 0.923294 -0.249789 0.656648 0.383246 0.649566 2.356236 -85.655678 387.886875
0.645984 0.027026 -0.762872 -0.307032 0.924170 -0.227248 0.698882 0.381025 0.605297 1.988755 -85.747874 388.120587
0.593689 0.026424 -0.804260 -0.321394 0.924069 -0.206886 0.737725 0.381311 0.557103 1.632953 -85.811657 388.299663
0.535796 0.024897 -0.843980 -0.334752 0.923916 -0.185260 0.775154 0.381785 0.503364 1.272950 -85.874988 388.467798
0.478104 0.022237 -0.878022 -0.346715 0.923270 -0.165411 0.806973 0.383507 0.449129 0.866794 -85.940366 388.627438
0.416235 0.020762 -0.909020 -0.357065 0.923159 -0.142413 0.836214 0.383856 0.391664 0.489060 -85.987774 388.748208
0.356224 0.018527 -0.934217 -0.364854 0.923193 -0.120813 0.860224 0.383889 0.335624 0.056631 -86.046994 388.894459
0.295230 0.015585 -0.955299 -0.368703 0.924275 -0.098867 0.881418 0.381410 0.278620 -0.365694 -86.082387 388.991324
0.233861 0.015721 -0.972143 -0.373123 0.924761 -0.074805 0.897824 0.380223 0.222132 -0.836195 -86.109450 389.071653
0.175574 0.018233 -0.984297 -0.378073 0.924407 -0.050315 0.908974 0.380971 0.169195 -1.294137 -86.132246 389.107170
0.114168 0.020214 -0.993256 -0.383582 0.923160 -0.025303 0.916423 0.383884 0.113149 -1.745054 -86.132430 389.116104
0.057635 0.020200 -0.998133 -0.384955 0.922928 -0.003551 0.921134 0.384441 0.060969 -2.192724 -86.137292 389.105972
0.016216 0.020602 -0.999656 -0.386860 0.922051 0.012727 0.921996 0.386520 0.022922 -2.752226 -86.125569 389.094254
-0.018919 0.024019 -0.999532 -0.388471 0.920989 0.029484 0.921267 0.388847 -0.008093 -3.402403 -86.114086 389.063696
-0.043160 0.028424 -0.998664 -0.389441 0.920047 0.043017 0.920040 0.390777 -0.028640 -4.216427 -86.097375 389.021883
-0.062555 0.030200 -0.997585 -0.389507 0.919540 0.052262 0.918897 0.391835 -0.045759 -4.952742 -86.072996 388.975437
-0.073282 0.026661 -0.996955 -0.390559 0.919034 0.053286 0.917656 0.393275 -0.056936 -5.660247 -86.045202 388.924270
-0.079974 0.016180 -0.996666 -0.388803 0.920165 0.046136 0.917844 0.391196 -0.067298 -6.368244 -86.019267 388.876792
-0.083295 0.005016 -0.996512 -0.387665 0.921056 0.037039 0.918029 0.389398 -0.074775 -7.100893 -85.997036 388.825047
-0.085799 -0.002321 -0.996310 -0.386916 0.921588 0.031173 0.918115 0.388162 -0.079969 -7.837865 -85.975469 388.767002
-0.086674 -0.002523 -0.996234 -0.386759 0.921649 0.031315 0.918099 0.388017 -0.080859 -8.660351 -85.953972 388.699594
-0.088413 0.000873 -0.996084 -0.387105 0.921365 0.035167 0.917787 0.388699 -0.081122 -9.507730 -85.934582 388.623996
-0.089819 0.003136 -0.995953 -0.388273 0.920764 0.037915 0.917157 0.390107 -0.081485 -10.282500 -85.913719 388.551683
-0.089195 0.002791 -0.996010 -0.389437 0.920291 0.037454 0.916724 0.391224 -0.080998 -11.024096 -85.893125 388.486237
-0.088131 0.001648 -0.996107 -0.391343 0.919535 0.036146 0.916015 0.393006 -0.080395 -11.856805 -85.870072 388.412788
-0.086043 0.000895 -0.996291 -0.391732 0.919426 0.034657 0.916047 0.393261 -0.078759 -12.663681 -85.843015 388.348500
-0.083477 0.000383 -0.996510 -0.393137 0.918877 0.033286 0.915683 0.394544 -0.076555 -13.457678 -85.820971 388.279020
-0.081399 0.001782 -0.996680 -0.394610 0.918224 0.033870 0.915236 0.396057 -0.074040 -14.318223 -85.795711 388.208105
-0.080972 0.004356 -0.996707 -0.394927 0.918003 0.036096 0.915137 0.396550 -0.072612 -15.144766 -85.772749 388.139094
-0.078742 0.007020 -0.996870 -0.396635 0.917198 0.037789 0.914593 0.398370 -0.069438 -16.010032 -85.752342 388.072057
-0.077358 0.007914 -0.996972 -0.396431 0.917276 0.038042 0.914800 0.398173 -0.067822 -16.843378 -85.733447 388.006499
-0.074840 0.007497 -0.997167 -0.395750 0.917629 0.036601 0.915304 0.397368 -0.065709 -17.694843 -85.717786 387.947975
-0.073885 0.006172 -0.997248 -0.394632 0.918175 0.034920 0.915864 0.396126 -0.065403 -18.464688 -85.697810 387.894979
-0.074481 0.006431 -0.997202 -0.393588 0.918608 0.035321 0.916265 0.395117 -0.065887 -19.243067 -85.683171 387.840424
-0.074572 0.009369 -0.997172 -0.394057 0.918296 0.038097 0.916056 0.395784 -0.064787 -20.056113 -85.662293 387.781142
-0.076049 0.013856 -0.997008 -0.394362 0.917956 0.042838 0.915803 0.396439 -0.064345 -20.904545 -85.636655 387.721912
-0.078525 0.017477 -0.996759 -0.392332 0.918621 0.047015 0.916466 0.394752 -0.065278 -21.722039 -85.608327 387.664865
-0.080919 0.019195 -0.996536 -0.390891 0.919108 0.049444 0.916873 0.393538 -0.066870 -22.625259 -85.577084 387.599317
-0.083035 0.019098 -0.996364 -0.390597 0.919194 0.050171 0.916809 0.393342 -0.068866 -23.558958 -85.548247 387.529392
-0.084644 0.017622 -0.996255 -0.389055 0.919893 0.049327 0.917318 0.391773 -0.071007 -24.472368 -85.518122 387.457599
-0.085636 0.014229 -0.996225 -0.388754 0.920164 0.046560 0.917353 0.391273 -0.073268 -25.376973 -85.489352 387.384133
-0.086642 0.012701 -0.996158 -0.388209 0.920447 0.045501 0.917489 0.390660 -0.074819 -26.231721 -85.470444 387.310315
-0.088898 0.012658 -0.995960 -0.389478 0.919863 0.046455 0.916736 0.392034 -0.076844 -27.122396 -85.438627 387.234532
-0.090965 0.012752 -0.995772 -0.389622 0.919756 0.047371 0.916472 0.392284 -0.078697 -28.053411 -85.406797 387.156096
-0.095398 0.012025 -0.995367 -0.389695 0.919668 0.048460 0.915990 0.392512 -0.083049 -29.023845 -85.368650 387.075969
-0.098955 0.011849 -0.995021 -0.390508 0.919253 0.049783 0.915266 0.393490 -0.086337 -30.004280 -85.324446 386.985853
-0.102286 0.011845 -0.994685 -0.390251 0.919291 0.051078 0.915009 0.393401 -0.089408 -31.043506 -85.279847 386.886538
-0.108866 0.011766 -0.993987 -0.389622 0.919416 0.053556 0.914518 0.393110 -0.095509 -31.967716 -85.232317 386.791883
-0.110460 0.010697 -0.993823 -0.389127 0.919649 0.053149 0.914537 0.392594 -0.097422 -32.935703 -85.188071 386.685668
-0.111819 0.008313 -0.993694 -0.389671 0.919511 0.051542 0.914140 0.392977 -0.099580 -33.827099 -85.147012 386.583342
-0.113547 0.005787 -0.993516 -0.389275 0.919772 0.049846 0.914096 0.392410 -0.102184 -34.719657 -85.111763 386.487637
-0.116480 0.005055 -0.993180 -0.388935 0.919891 0.050296 0.913872 0.392141 -0.105183 -35.619943 -85.074674 386.383994
-0.119972 0.006944 -0.992753 -0.390229 0.919157 0.053587 0.912868 0.393830 -0.107563 -36.565221 -85.034916 386.273273
-0.122228 0.010412 -0.992447 -0.392631 0.917866 0.057985 0.911538 0.396753 -0.108101 -37.529856 -84.993963 386.158834
-0.123889 0.012409 -0.992219 -0.395421 0.916483 0.060834 0.910107 0.399881 -0.108635 -38.386089 -84.958554 386.054205
-0.125775 0.012345 -0.991982 -0.397306 0.915605 0.061769 0.909026 0.401889 -0.110255 -39.210059 -84.925416 385.948582
-0.128447 0.011033 -0.991655 -0.396843 0.915818 0.061592 0.908855 0.401443 -0.113255 -40.046864 -84.886537 385.848577
-0.131605 0.007674 -0.991273 -0.395997 0.916311 0.059667 0.908772 0.400393 -0.117552 -40.888940 -84.841961 385.744804
-0.136272 0.005756 -0.990655 -0.395342 0.916591 0.059708 0.908369 0.399784 -0.122630 -41.682395 -84.794540 385.645295
-0.140944 0.005990 -0.989999 -0.394478 0.916831 0.061708 0.908032 0.399230 -0.126859 -42.558763 -84.742237 385.527742
-0.140891 0.006618 -0.990003 -0.395656 0.916274 0.062433 0.907527 0.400497 -0.126476 -43.484136 -84.690992 385.406453
-0.140429 0.007479 -0.990062 -0.395666 0.916228 0.063042 0.907595 0.400587 -0.125706 -44.378691 -84.651743 385.293272
-0.139924 0.004687 -0.990151 -0.396833 0.915901 0.060414 0.907163 0.401378 -0.126296 -45.197033 -84.615424 385.187615
-0.139100 0.001526 -0.990277 -0.397566 0.915786 0.057255 0.906969 0.401664 -0.126779 -45.994338 -84.586438 385.085436
-0.137435 0.000355 -0.990511 -0.398456 0.915500 0.055615 0.906832 0.402319 -0.125680 -46.938427 -84.543747 384.960496
-0.135384 0.001586 -0.990792 -0.400198 0.914707 0.056148 0.906373 0.404115 -0.123202 -47.857289 -84.507283 384.837603
-0.134087 0.002698 -0.990966 -0.402956 0.913442 0.057011 0.905343 0.406961 -0.121394 -48.894036 -84.463290 384.701135
-0.132900 0.002941 -0.991125 -0.403686 0.913130 0.056839 0.905193 0.407657 -0.120168 -49.912288 -84.416581 384.565468
-0.131628 0.003322 -0.991294 -0.404124 0.912944 0.056720 0.905184 0.408071 -0.118827 -50.972119 -84.370951 384.426692
-0.128887 0.002640 -0.991656 -0.405259 0.912540 0.055102 0.905071 0.408979 -0.116544 -52.080945 -84.321548 384.278952
-0.126929 0.001092 -0.991911 -0.405946 0.912362 0.052951 0.905040 0.409383 -0.115362 -53.032107 -84.284464 384.158181
-0.126351 -0.000814 -0.991985 -0.406050 0.912428 0.050971 0.905074 0.409236 -0.115616 -54.003572 -84.250103 384.038429
-0.125852 -0.002450 -0.992046 -0.405548 0.912749 0.049194 0.905369 0.408513 -0.115865 -54.841537 -84.224465 383.935441
-0.125501 -0.003780 -0.992086 -0.403566 0.913713 0.047570 0.906302 0.406342 -0.116197 -55.663401 -84.200003 383.837757
-0.124017 -0.004619 -0.992269 -0.403855 0.913654 0.046222 0.906378 0.406465 -0.115174 -56.569819 -84.172302 383.735782
-0.124031 -0.004250 -0.992269 -0.404521 0.913338 0.046652 0.906079 0.407180 -0.115002 -57.453797 -84.141583 383.631220
-0.123953 -0.002960 -0.992284 -0.405137 0.913001 0.047885 0.905814 0.407947 -0.114368 -58.305024 -84.108673 383.532800
-0.123605 -0.001545 -0.992330 -0.405606 0.912728 0.049101 0.905652 0.408564 -0.113444 -59.141106 -84.075472 383.432222
-0.124780 0.000268 -0.992184 -0.404491 0.913112 0.051116 0.905989 0.407708 -0.113830 -59.977510 -84.047505 383.329344
-0.125222 0.001935 -0.992127 -0.403490 0.913465 0.052708 0.906375 0.406913 -0.113606 -60.781025 -84.016872 383.230411
-0.125567 0.002299 -0.992082 -0.401595 0.914285 0.052949 0.907168 0.405064 -0.113881 -61.635983 -83.980585 383.131446
-0.125099 0.001506 -0.992143 -0.399934 0.915078 0.051817 0.907966 0.403274 -0.113873 -62.465227 -83.947836 383.037007
-0.125542 0.001455 -0.992087 -0.398456 0.915726 0.051765 0.908555 0.401802 -0.114383 -63.198949 -83.916269 382.952021
-0.126011 0.002031 -0.992027 -0.396955 0.916347 0.052299 0.909147 0.400380 -0.114664 -63.895794 -83.885593 382.863244
-0.126608 0.001637 -0.991951 -0.395851 0.916839 0.052038 0.909545 0.399253 -0.115431 -64.592262 -83.858385 382.773374
-0.127711 0.001908 -0.991810 -0.394829 0.917247 0.052605 0.909835 0.398314 -0.116389 -65.307108 -83.830753 382.682473
-0.130482 0.002460 -0.991448 -0.393966 0.917530 0.054125 0.909816 0.397659 -0.118752 -65.988756 -83.800869 382.593162
-0.134119 0.004690 -0.990954 -0.392959 0.917755 0.057528 0.909723 0.397119 -0.121245 -66.625241 -83.777080 382.510503
-0.138579 0.007469 -0.990323 -0.391636 0.918047 0.061727 0.909625 0.396400 -0.124297 -67.175559 -83.757767 382.434846
-0.142650 0.008740 -0.989735 -0.390732 0.918247 0.064425 0.909384 0.395911 -0.127573 -67.648709 -83.736151 382.369624
-0.146508 0.008709 -0.989171 -0.389182 0.918812 0.065732 0.909435 0.394598 -0.131225 -68.189538 -83.708238 382.295282
-0.152032 0.006906 -0.988352 -0.387918 0.919321 0.066095 0.909069 0.393448 -0.137087 -68.635871 -83.684278 382.231166
-0.157636 0.004579 -0.987487 -0.386825 0.919787 0.066015 0.908580 0.392391 -0.143220 -69.125187 -83.654572 382.159675
-0.162998 0.003856 -0.986619 -0.386143 0.919974 0.067390 0.907923 0.391961 -0.148465 -69.580303 -83.625694 382.087760
-0.168354 0.004120 -0.985718 -0.386222 0.919761 0.069809 0.906912 0.392458 -0.153254 -70.019097 -83.598682 382.008224
-0.173581 0.003270 -0.984814 -0.387730 0.919004 0.071391 0.905282 0.394234 -0.158253 -70.525689 -83.565711 381.914761
-0.178294 0.000723 -0.983977 -0.389167 0.918412 0.071191 0.903748 0.395624 -0.163466 -71.033230 -83.526032 381.824074
-0.182564 -0.003203 -0.983189 -0.390679 0.917895 0.069553 0.902242 0.396809 -0.168826 -71.555635 -83.489347 381.730706
-0.186457 -0.006412 -0.982442 -0.391524 0.917628 0.068318 0.901079 0.397388 -0.173609 -72.111689 -83.456182 381.626584
-0.190843 -0.009818 -0.981572 -0.392220 0.917422 0.067081 0.899857 0.397794 -0.178934 -72.576030 -83.430356 381.535785
-0.196270 -0.011803 -0.980479 -0.392152 0.917424 0.067456 0.898719 0.397736 -0.184691 -72.992853 -83.402721 381.449382
-0.200834 -0.013472 -0.979533 -0.392732 0.917142 0.067908 0.897456 0.398332 -0.189484 -73.439181 -83.376617 381.354499
-0.205425 -0.014350 -0.978568 -0.392805 0.917029 0.069011 0.896384 0.398563 -0.194018 -73.900375 -83.352867 381.256802
-0.209344 -0.014925 -0.977728 -0.392084 0.917266 0.069948 0.895793 0.397995 -0.197876 -74.441936 -83.318576 381.142188
-0.214093 -0.016268 -0.976678 -0.393249 0.916691 0.070934 0.894158 0.399265 -0.202654 -74.919045 -83.284805 381.034442
-0.219189 -0.018364 -0.975510 -0.394663 0.916045 0.071433 0.892299 0.400655 -0.208035 -75.471784 -83.249541 380.902554
-0.223644 -0.020957 -0.974446 -0.395314 0.915795 0.071032 0.890904 0.401098 -0.213097 -76.081191 -83.212243 380.760693
-0.228427 -0.022994 -0.973290 -0.393960 0.916396 0.070810 0.890290 0.399612 -0.218388 -76.733996 -83.174004 380.605975
-0.233274 -0.024331 -0.972107 -0.393106 0.916718 0.071388 0.889411 0.398793 -0.223411 -77.390938 -83.133958 380.448811
-0.235720 -0.025289 -0.971492 -0.392745 0.916869 0.071427 0.888925 0.398385 -0.226057 -78.119617 -83.083829 380.273193
-0.237468 -0.025585 -0.971058 -0.392983 0.916727 0.071949 0.888354 0.398695 -0.227748 -78.867994 -83.036878 380.092344
-0.238946 -0.023890 -0.970739 -0.394576 0.915831 0.074586 0.887251 0.400853 -0.228261 -79.629145 -82.986429 379.908003
-0.240070 -0.020119 -0.970547 -0.395728 0.914970 0.078918 0.886434 0.403019 -0.227618 -80.435181 -82.933955 379.712122
-0.241190 -0.013524 -0.970384 -0.398240 0.913217 0.086256 0.885004 0.407250 -0.225644 -81.229097 -82.872449 379.523759
-0.242557 -0.006105 -0.970118 -0.400419 0.911459 0.094380 0.883646 0.411347 -0.223526 -82.029338 -82.808170 379.333905
-0.244004 -0.004215 -0.969765 -0.401961 0.910485 0.097181 0.882547 0.413521 -0.223856 -82.790425 -82.749734 379.152132
-0.245744 -0.010256 -0.969281 -0.402848 0.910581 0.092500 0.881659 0.413204 -0.227901 -83.598187 -82.683460 378.952934
-0.246599 -0.019971 -0.968912 -0.402817 0.911442 0.083735 0.881435 0.410943 -0.232806 -84.397004 -82.613753 378.765941
-0.247325 -0.024684 -0.968618 -0.402700 0.911865 0.079586 0.881285 0.409746 -0.235467 -85.256017 -82.545969 378.560657
-0.247603 -0.022292 -0.968605 -0.402148 0.911912 0.081813 0.881459 0.409779 -0.234757 -86.266729 -82.472789 378.322437
-0.247694 -0.015041 -0.968721 -0.402840 0.910947 0.088859 0.881117 0.412249 -0.231696 -87.157969 -82.405212 378.103300
-0.249666 -0.010931 -0.968270 -0.403715 0.910061 0.093823 0.880160 0.414330 -0.231625 -88.014508 -82.343478 377.887774
-0.249940 -0.017055 -0.968111 -0.403707 0.910628 0.088183 0.880086 0.412874 -0.234487 -88.965815 -82.270089 377.650081
-0.248733 -0.026421 -0.968212 -0.402816 0.911900 0.078599 0.880836 0.409561 -0.237462 -89.860933 -82.202249 377.434594
-0.249081 -0.033116 -0.967916 -0.402771 0.912430 0.072430 0.880758 0.407890 -0.240607 -90.804652 -82.138771 377.202426
-0.249796 -0.032808 -0.967743 -0.402552 0.912484 0.072973 0.880655 0.407795 -0.241142 -91.757436 -82.081779 376.961639
-0.249521 -0.027482 -0.967979 -0.404243 0.911292 0.078331 0.879959 0.410844 -0.238496 -92.701584 -82.023433 376.717240
-0.248579 -0.022571 -0.968349 -0.405411 0.910372 0.082851 0.879688 0.413174 -0.235450 -93.459244 -81.976252 376.529363
-0.244584 -0.028640 -0.969205 -0.406832 0.910356 0.075765 0.880151 0.412835 -0.234310 -94.166222 -81.931873 376.354557
-0.240754 -0.038921 -0.969805 -0.405378 0.911904 0.064038 0.881877 0.408555 -0.235322 -94.872413 -81.892986 376.189399
-0.238100 -0.045529 -0.970173 -0.403328 0.913333 0.056124 0.883535 0.404661 -0.235828 -95.660569 -81.853902 376.003401
-0.237228 -0.044390 -0.970439 -0.402418 0.913706 0.056578 0.884185 0.403944 -0.234620 -96.609676 -81.815840 375.769198
-0.238012 -0.036938 -0.970560 -0.402866 0.913015 0.064048 0.883770 0.406250 -0.232190 -97.502567 -81.777496 375.547576
-0.237984 -0.029755 -0.970813 -0.402692 0.912598 0.070745 0.883857 0.407775 -0.229166 -98.468343 -81.730556 375.311851
-0.238421 -0.028371 -0.970747 -0.402656 0.912498 0.072226 0.883756 0.408097 -0.228982 -99.345187 -81.682413 375.097107
-0.238493 -0.031665 -0.970628 -0.401229 0.913391 0.068788 0.884384 0.405850 -0.230543 -100.214692 -81.635050 374.892781
-0.238018 -0.036060 -0.970591 -0.400581 0.914004 0.064277 0.884807 0.404099 -0.231994 -101.126515 -81.585331 374.673292
-0.239505 -0.037950 -0.970153 -0.401987 0.913440 0.063508 0.883767 0.405200 -0.234029 -102.159134 -81.534794 374.410408
-0.241977 -0.038514 -0.969517 -0.402114 0.913344 0.064079 0.883035 0.405363 -0.236495 -103.247298 -81.485012 374.131565
-0.245262 -0.038917 -0.968675 -0.402960 0.912881 0.065351 0.881742 0.406366 -0.239577 -104.212335 -81.439144 373.880599
-0.249006 -0.037799 -0.967764 -0.403970 0.912218 0.068312 0.880229 0.407958 -0.242418 -105.196964 -81.390440 373.623052
-0.255016 -0.037186 -0.966222 -0.403778 0.912061 0.071468 0.878595 0.408365 -0.247605 -106.118120 -81.340441 373.375505
-0.261503 -0.039280 -0.964403 -0.404499 0.911656 0.072550 0.876354 0.409073 -0.254290 -106.968159 -81.292585 373.138240
-0.265260 -0.045378 -0.963108 -0.404131 0.912145 0.068329 0.875394 0.407347 -0.260294 -107.747848 -81.244070 372.921494
-0.269766 -0.051984 -0.961522 -0.403039 0.912962 0.063719 0.874521 0.404719 -0.267238 -108.638665 -81.193493 372.669946
-0.275509 -0.054303 -0.959763 -0.402234 0.913312 0.063790 0.873100 0.403624 -0.273468 -109.568103 -81.136971 372.399120
-0.280652 -0.051679 -0.958417 -0.401696 0.913216 0.068386 0.871708 0.404185 -0.277055 -110.508280 -81.085733 372.124307
-0.287521 -0.048384 -0.956551 -0.400761 0.913167 0.074272 0.869898 0.404703 -0.281945 -111.406756 -81.038789 371.857788
-0.292599 -0.047155 -0.955072 -0.399423 0.913505 0.077266 0.868819 0.404085 -0.286126 -112.285031 -80.980799 371.591886
-0.294286 -0.049481 -0.954436 -0.400588 0.913086 0.076179 0.867712 0.404754 -0.288530 -113.136276 -80.918072 371.331390
-0.294717 -0.053388 -0.954092 -0.401705 0.912855 0.073005 0.867050 0.404779 -0.290480 -113.969051 -80.861088 371.075831
-0.298084 -0.057136 -0.952828 -0.400642 0.913514 0.070559 0.866390 0.402775 -0.295195 -114.752929 -80.812814 370.825462
-0.301283 -0.058974 -0.951709 -0.398114 0.914711 0.069349 0.866449 0.399782 -0.299065 -115.669108 -80.751223 370.532254
-0.304733 -0.057737 -0.950686 -0.397408 0.914827 0.071826 0.865566 0.399698 -0.301723 -116.588594 -80.685452 370.238303
-0.305889 -0.054870 -0.950485 -0.396815 0.914838 0.074893 0.865430 0.400076 -0.301612 -117.531740 -80.627242 369.932104
-0.308138 -0.052417 -0.949897 -0.395637 0.915102 0.077844 0.865172 0.399801 -0.302716 -118.549470 -80.551521 369.597036
-0.310336 -0.050775 -0.949270 -0.394631 0.915346 0.080053 0.864846 0.399454 -0.304102 -119.579330 -80.481402 369.254743
-0.314413 -0.051927 -0.947865 -0.392906 0.916080 0.080143 0.864158 0.397620 -0.308429 -120.467283 -80.413752 368.959115
-0.318516 -0.058194 -0.946129 -0.391167 0.917236 0.075270 0.863444 0.394070 -0.314918 -121.352941 -80.343188 368.664666
-0.324909 -0.063749 -0.943594 -0.390462 0.917764 0.072444 0.861379 0.391975 -0.323081 -122.288911 -80.282317 368.348242
-0.326374 -0.064254 -0.943055 -0.390208 0.917867 0.072506 0.860940 0.391652 -0.324640 -123.192990 -80.225741 368.029112
-0.330547 -0.061109 -0.941809 -0.388948 0.918041 0.076943 0.859917 0.391748 -0.327224 -124.176299 -80.157719 367.679878
-0.336376 -0.057442 -0.939974 -0.388589 0.917667 0.082981 0.857817 0.393177 -0.331003 -125.037027 -80.100638 367.358216
-0.340085 -0.055503 -0.938755 -0.387200 0.917976 0.085998 0.856982 0.392733 -0.333681 -125.899299 -80.036970 367.038425
-0.344674 -0.054342 -0.937148 -0.386581 0.917955 0.088952 0.855426 0.392944 -0.337403 -126.837212 -79.963977 366.688876
-0.348215 -0.053556 -0.935884 -0.386037 0.917974 0.091103 0.854237 0.393009 -0.340327 -127.775028 -79.883699 366.331123
-0.351020 -0.054004 -0.934809 -0.386474 0.917690 0.092105 0.852891 0.393611 -0.342999 -128.683804 -79.809143 365.984955
-0.351652 -0.055786 -0.934467 -0.386514 0.917817 0.090659 0.852612 0.393065 -0.344314 -129.599082 -79.735121 365.640886
-0.352146 -0.057949 -0.934150 -0.387062 0.917751 0.088979 0.852160 0.392907 -0.345611 -130.586223 -79.655457 365.266829
-0.353158 -0.060253 -0.933621 -0.387263 0.917831 0.087255 0.851649 0.392372 -0.347473 -131.459809 -79.583739 364.933993
-0.355663 -0.061988 -0.932556 -0.388302 0.917406 0.087111 0.850133 0.393096 -0.350357 -132.354974 -79.513143 364.588552
-0.358777 -0.062618 -0.931321 -0.388994 0.917009 0.088198 0.848506 0.393921 -0.353359 -133.310085 -79.434681 364.216867
-0.363775 -0.060675 -0.929509 -0.389728 0.916251 0.092715 0.846038 0.395983 -0.356956 -134.280809 -79.355158 363.835335
-0.370049 -0.056499 -0.927293 -0.389375 0.915679 0.099594 0.843476 0.397919 -0.360845 -135.205971 -79.273836 363.462540
-0.377068 -0.053227 -0.924655 -0.388701 0.915267 0.105823 0.840673 0.399316 -0.365807 -136.055969 -79.195974 363.116400
-0.379287 -0.052728 -0.923776 -0.388306 0.915275 0.107189 0.839857 0.399363 -0.367626 -136.895120 -79.110469 362.775350
-0.380863 -0.053389 -0.923089 -0.387551 0.915624 0.106945 0.839493 0.398475 -0.369418 -137.794070 -79.017685 362.410408
-0.383475 -0.054812 -0.921923 -0.387971 0.915446 0.106950 0.838109 0.398692 -0.372315 -138.569940 -78.941481 362.089200
-0.385249 -0.054419 -0.921207 -0.389031 0.914795 0.108652 0.836802 0.400236 -0.373595 -139.409337 -78.854548 361.735794
-0.388296 -0.052695 -0.920027 -0.389121 0.914370 0.111857 0.835351 0.401435 -0.375552 -140.299049 -78.757434 361.360052
-0.391216 -0.051506 -0.918856 -0.388514 0.914343 0.114162 0.834270 0.401651 -0.377717 -141.196431 -78.665668 360.982402
-0.393877 -0.052636 -0.917655 -0.387478 0.914823 0.113841 0.833500 0.400410 -0.380723 -141.994863 -78.582471 360.646944
-0.395064 -0.057972 -0.916822 -0.386944 0.915657 0.108838 0.833186 0.397757 -0.384176 -142.761644 -78.509032 360.323636
-0.397166 -0.060450 -0.915754 -0.385801 0.916376 0.106833 0.832716 0.395729 -0.387275 -143.481684 -78.442671 360.017768
-0.399908 -0.058029 -0.914717 -0.383888 0.916844 0.109669 0.832288 0.395006 -0.388930 -144.348586 -78.355044 359.647665
-0.404585 -0.053804 -0.912916 -0.382182 0.916861 0.115339 0.830812 0.395565 -0.391511 -145.168031 -78.268864 359.287631
-0.407551 -0.053517 -0.911613 -0.382754 0.916371 0.117321 0.829096 0.396738 -0.393952 -145.946855 -78.185564 358.942139
-0.409825 -0.057852 -0.910328 -0.383926 0.916223 0.114615 0.827432 0.396471 -0.397702 -146.626742 -78.110532 358.636557
-0.412256 -0.065360 -0.908720 -0.385037 0.916470 0.108761 0.825707 0.394728 -0.402987 -147.256082 -78.041268 358.353997
-0.414549 -0.073124 -0.907084 -0.386500 0.916548 0.102748 0.823873 0.393182 -0.408217 -147.968119 -77.963864 358.032761
-0.415920 -0.075534 -0.906259 -0.386818 0.916594 0.101132 0.823032 0.392621 -0.410447 -148.703687 -77.888919 357.699835
-0.417803 -0.075811 -0.905369 -0.388395 0.915769 0.102552 0.821334 0.394487 -0.412056 -149.460342 -77.811347 357.335757
-0.420231 -0.074395 -0.904362 -0.388529 0.915408 0.105235 0.820031 0.395594 -0.413587 -150.191205 -77.736539 356.993278
-0.423702 -0.074550 -0.902728 -0.389880 0.914573 0.107465 0.817600 0.397489 -0.416572 -150.846682 -77.662331 356.685628
-0.429788 -0.076461 -0.899687 -0.391434 0.913687 0.109340 0.813672 0.399161 -0.422621 -151.391162 -77.594077 356.419054
-0.440671 -0.079378 -0.894152 -0.391581 0.913313 0.111906 0.807758 0.399447 -0.433554 -151.827813 -77.532660 356.191567
-0.455506 -0.082759 -0.886378 -0.391170 0.913007 0.115775 0.799688 0.399460 -0.448253 -152.232124 -77.474010 355.970782
-0.475217 -0.085526 -0.875702 -0.388908 0.913181 0.121862 0.789253 0.398478 -0.467221 -152.654495 -77.409750 355.730714
-0.501073 -0.087747 -0.860945 -0.387542 0.912270 0.132573 0.773781 0.400081 -0.491119 -153.045594 -77.342309 355.481787
-0.531486 -0.088791 -0.842401 -0.383613 0.911894 0.145913 0.755224 0.400707 -0.518720 -153.475053 -77.265807 355.197814
-0.564552 -0.089108 -0.820574 -0.378010 0.911683 0.161068 0.733751 0.401116 -0.548376 -153.841136 -77.182492 354.928374
-0.597914 -0.090388 -0.796447 -0.372182 0.911324 0.175982 0.709915 0.401645 -0.578534 -154.155537 -77.099110 354.670829
-0.636236 -0.091592 -0.766038 -0.363856 0.911187 0.193255 0.680303 0.401683 -0.613057 -154.422497 -77.010974 354.414566
-0.674851 -0.091988 -0.732198 -0.353470 0.911269 0.211301 0.647792 0.401407 -0.647486 -154.687510 -76.911615 354.134451
-0.714878 -0.093085 -0.693026 -0.342732 0.910529 0.231238 0.609496 0.402829 -0.682820 -154.972979 -76.793628 353.799888
-0.753861 -0.092368 -0.650509 -0.328276 0.910585 0.251135 0.569147 0.402868 -0.716777 -155.258390 -76.676945 353.453217
-0.791602 -0.092567 -0.603985 -0.313050 0.910318 0.270778 0.524753 0.403425 -0.749588 -155.534366 -76.536504 353.060047
-0.828391 -0.092625 -0.552439 -0.295960 0.909708 0.291270 0.475580 0.404785 -0.781007 -155.801580 -76.383363 352.632097
-0.862810 -0.092407 -0.497010 -0.276094 0.909710 0.310161 0.423474 0.404832 -0.810420 -156.026837 -76.217953 352.173932
-0.895713 -0.091278 -0.435163 -0.253413 0.908987 0.330945 0.365349 0.406708 -0.837322 -156.257123 -76.027770 351.651900
-0.923783 -0.093073 -0.371432 -0.231500 0.908411 0.348133 0.305011 0.407587 -0.860721 -156.436027 -75.838740 351.177574
-0.946032 -0.092911 -0.310469 -0.208136 0.908514 0.362329 0.248400 0.407395 -0.878821 -156.575286 -75.624420 350.660596
-0.963527 -0.094637 -0.250317 -0.186810 0.907623 0.375929 0.191617 0.408979 -0.892199 -156.672780 -75.408527 350.138779
-0.977017 -0.097056 -0.189785 -0.165591 0.906224 0.389021 0.134231 0.411507 -0.901468 -156.760668 -75.148157 349.533292
-0.987195 -0.098752 -0.125278 -0.141415 0.905166 0.400843 0.073814 0.413427 -0.907541 -156.786445 -74.926390 349.029877
-0.993525 -0.099339 -0.055129 -0.113249 0.904680 0.410765 0.009070 0.414349 -0.910073 -156.773231 -74.718882 348.576357
-0.994984 -0.099361 0.011569 -0.085344 0.903520 0.419962 -0.052181 0.416868 -0.907468 -156.713972 -74.498278 348.081356
-0.991689 -0.100824 0.079921 -0.057516 0.903080 0.425604 -0.115086 0.417470 -0.901373 -156.626949 -74.262612 347.566763
-0.985121 -0.101660 0.138574 -0.032935 0.903020 0.428335 -0.168680 0.417398 -0.892931 -156.499326 -74.039017 347.101108
-0.976002 -0.102806 0.191965 -0.010572 0.902872 0.429780 -0.217504 0.417437 -0.882292 -156.353130 -73.820077 346.658165
-0.965230 -0.106479 0.238731 0.006791 0.902753 0.430105 -0.261312 0.416772 -0.870642 -156.183965 -73.587303 346.178146
-0.954953 -0.109487 0.275820 0.020856 0.902391 0.430413 -0.296023 0.416777 -0.859458 -156.013980 -73.366647 345.725655
-0.945448 -0.112339 0.305791 0.032404 0.901578 0.431401 -0.324158 0.417776 -0.848755 -155.813550 -73.132124 345.249313
-0.938028 -0.113714 0.327371 0.041337 0.901179 0.431472 -0.344084 0.418266 -0.840631 -155.571945 -72.856123 344.682169
-0.932850 -0.113373 0.341961 0.047892 0.901744 0.429610 -0.357067 0.417139 -0.835762 -155.330500 -72.580023 344.120081
-0.927153 -0.111577 0.357685 0.054714 0.904081 0.423844 -0.370667 0.412538 -0.832117 -155.089147 -72.320731 343.591319
-0.921636 -0.108050 0.372710 0.062604 0.906473 0.417597 -0.382973 0.408206 -0.828673 -154.867548 -72.086871 343.132816
-0.916218 -0.101587 0.387589 0.072299 0.909533 0.409295 -0.394104 0.403026 -0.825986 -154.633348 -71.845517 342.650654
-0.909486 -0.098767 0.403831 0.080087 0.911551 0.403312 -0.407947 0.399148 -0.821134 -154.370963 -71.590812 342.130711
-0.903251 -0.098316 0.417698 0.085727 0.912433 0.400146 -0.420462 0.397240 -0.815728 -154.082004 -71.328813 341.592751
-0.898105 -0.098685 0.428567 0.089979 0.912651 0.398713 -0.430478 0.396648 -0.810776 -153.759921 -71.051518 341.003279
-0.894417 -0.098719 0.436203 0.092869 0.913079 0.397067 -0.437486 0.395653 -0.807505 -153.408660 -70.749024 340.372633
-0.891679 -0.097492 0.442045 0.095608 0.913941 0.394424 -0.442456 0.393963 -0.805621 -153.077530 -70.466987 339.773306
-0.889827 -0.096523 0.445973 0.097569 0.914517 0.392605 -0.445745 0.392863 -0.804344 -152.775527 -70.218840 339.236627
-0.888001 -0.094824 0.449957 0.100380 0.914936 0.390916 -0.448751 0.392301 -0.802946 -152.442751 -69.944661 338.645268
-0.885760 -0.092717 0.454789 0.104408 0.914930 0.389873 -0.452248 0.392818 -0.800728 -152.116322 -69.674031 338.067427
-0.882315 -0.091027 0.461773 0.109296 0.914673 0.389138 -0.457793 0.393813 -0.797081 -151.802753 -69.421563 337.528482
-0.879220 -0.090432 0.467754 0.112719 0.914457 0.388667 -0.462889 0.394449 -0.793816 -151.454548 -69.143936 336.939381
-0.875573 -0.091929 0.474259 0.114368 0.914373 0.388384 -0.469354 0.394298 -0.790086 -151.106427 -68.874062 336.362755
-0.872650 -0.092496 0.479507 0.115887 0.914628 0.387332 -0.474397 0.393574 -0.787431 -150.797010 -68.635250 335.854472
-0.870924 -0.093242 0.482491 0.115804 0.915241 0.385905 -0.477578 0.391969 -0.786308 -150.427510 -68.346656 335.244761
-0.870022 -0.091801 0.484391 0.115614 0.917123 0.381469 -0.479265 0.387889 -0.787304 -150.049799 -68.061462 334.647848
-0.869396 -0.090693 0.485722 0.114333 0.919410 0.376316 -0.480706 0.382702 -0.788962 -149.643014 -67.757624 334.004874
-0.868743 -0.089195 0.487165 0.114371 0.920931 0.372566 -0.481876 0.379382 -0.789851 -149.199297 -67.422518 333.283493
-0.868479 -0.087499 0.487942 0.116132 0.920997 0.371858 -0.481930 0.379617 -0.789705 -148.748498 -67.092727 332.556846
-0.868271 -0.087516 0.488309 0.116296 0.920980 0.371848 -0.482266 0.379653 -0.789483 -148.224421 -66.707998 331.711975
-0.868157 -0.088827 0.488276 0.115162 0.920942 0.372296 -0.482744 0.379442 -0.789292 -147.691829 -66.325144 330.862317
-0.867691 -0.089921 0.488903 0.114202 0.921139 0.372103 -0.483808 0.378704 -0.788995 -147.218790 -65.984545 330.098810
-0.868223 -0.090606 0.487831 0.113418 0.920913 0.372902 -0.483037 0.379091 -0.789281 -146.688978 -65.593835 329.242143
-0.868723 -0.091818 0.486712 0.112791 0.920175 0.374908 -0.482284 0.380588 -0.789022 -146.194459 -65.227399 328.431444
-0.869473 -0.093498 0.485051 0.111173 0.919697 0.376561 -0.481307 0.381334 -0.789258 -145.676718 -64.839665 327.577070
-0.869756 -0.095602 0.484133 0.109750 0.919011 0.378647 -0.481123 0.382464 -0.788823 -145.131745 -64.433183 326.683902
-0.870154 -0.098863 0.482761 0.108030 0.917567 0.382624 -0.480792 0.385094 -0.787744 -144.671921 -64.087077 325.922192
-0.870292 -0.100999 0.482070 0.106562 0.916957 0.384491 -0.480871 0.385990 -0.787258 -144.235802 -63.763040 325.211250
-0.870440 -0.101647 0.481666 0.105208 0.917431 0.383733 -0.480901 0.384692 -0.787874 -143.802344 -63.433659 324.512093
-0.871091 -0.101563 0.480506 0.103154 0.918723 0.381191 -0.480167 0.381618 -0.789815 -143.389112 -63.113237 323.830051
-0.871323 -0.100858 0.480233 0.102999 0.919259 0.379941 -0.479778 0.380514 -0.790583 -142.943787 -62.772273 323.088794
-0.871579 -0.100711 0.479799 0.102965 0.919241 0.379992 -0.479321 0.380595 -0.790821 -142.481866 -62.417221 322.326641
-0.872242 -0.099687 0.478806 0.103563 0.919159 0.380029 -0.477983 0.381064 -0.791405 -142.025122 -62.065194 321.565215
-0.872810 -0.098202 0.478079 0.103644 0.919913 0.378178 -0.476928 0.379627 -0.792731 -141.596326 -61.735286 320.854213
-0.873597 -0.097644 0.476753 0.102237 0.920977 0.375964 -0.475789 0.377183 -0.794580 -141.152130 -61.390384 320.118928
-0.874222 -0.097261 0.475685 0.101585 0.921406 0.375089 -0.474781 0.376234 -0.795633 -140.702291 -61.046841 319.369350
-0.873695 -0.096732 0.476759 0.101455 0.922250 0.373044 -0.475777 0.374296 -0.795951 -140.259582 -60.708870 318.635622
-0.873185 -0.096831 0.477674 0.101090 0.922772 0.371849 -0.476791 0.372981 -0.795962 -139.820041 -60.377765 317.910139
-0.873024 -0.097121 0.477908 0.100626 0.923007 0.371393 -0.477183 0.372325 -0.796034 -139.344317 -60.023315 317.114952
-0.872835 -0.096668 0.478346 0.101500 0.922791 0.371691 -0.477344 0.372977 -0.795633 -138.873053 -59.672786 316.319806
-0.872447 -0.095991 0.479188 0.102690 0.922622 0.371784 -0.477797 0.373570 -0.795082 -138.390030 -59.312723 315.520857
-0.871858 -0.093953 0.480662 0.105031 0.922725 0.370874 -0.478363 0.373835 -0.794617 -137.928139 -58.970317 314.754208
-0.871218 -0.090023 0.482571 0.108569 0.923362 0.368259 -0.478739 0.373226 -0.794676 -137.525096 -58.668679 314.080641
-0.870581 -0.085873 0.484473 0.112021 0.924200 0.365112 -0.479103 0.372131 -0.794971 -137.118323 -58.362467 313.402198
-0.870184 -0.086934 0.484997 0.112011 0.923640 0.366529 -0.479826 0.373273 -0.793999 -136.649220 -58.020645 312.632888
-0.869868 -0.089293 0.485135 0.111855 0.922157 0.370290 -0.480435 0.376368 -0.792167 -136.209887 -57.698152 311.914803
-0.869833 -0.090463 0.484981 0.111736 0.921376 0.372266 -0.480526 0.377999 -0.791335 -135.743601 -57.351125 311.147158
-0.868950 -0.090044 0.486640 0.109856 0.923683 0.367071 -0.482554 0.372426 -0.792742 -135.285768 -57.018426 310.412388
-0.868167 -0.086202 0.488729 0.110364 0.926602 0.359483 -0.483845 0.366030 -0.794931 -134.907087 -56.738553 309.785813
-0.866886 -0.083623 0.491442 0.110614 0.928988 0.353194 -0.486079 0.360539 -0.796077 -134.528700 -56.458002 309.171150
-0.865795 -0.080810 0.493831 0.112089 0.930478 0.348779 -0.487684 0.357324 -0.796545 -134.082117 -56.137641 308.445334
-0.865270 -0.079530 0.494958 0.113425 0.930672 0.347827 -0.488306 0.357105 -0.796262 -133.662802 -55.847657 307.775869
-0.864417 -0.079371 0.496470 0.114079 0.930742 0.347425 -0.489662 0.356957 -0.795495 -133.238277 -55.555361 307.089366
-0.864221 -0.079317 0.496820 0.113981 0.930952 0.346895 -0.490030 0.356422 -0.795508 -132.751020 -55.221062 306.300181
-0.864653 -0.078100 0.496262 0.114449 0.931241 0.345964 -0.489159 0.355936 -0.796262 -132.245840 -54.871335 305.471439
-0.865042 -0.077595 0.495663 0.114355 0.931465 0.345393 -0.488494 0.355461 -0.796882 -131.737704 -54.526475 304.638386
-0.866109 -0.077570 0.493799 0.113899 0.931270 0.346068 -0.486705 0.355977 -0.797746 -131.222005 -54.176716 303.800966
-0.866818 -0.077852 0.492510 0.112944 0.931408 0.346010 -0.485665 0.355554 -0.798568 -130.712738 -53.832802 302.974353
-0.867910 -0.077557 0.490630 0.111834 0.931865 0.345138 -0.483969 0.354417 -0.800101 -130.210208 -53.497059 302.156158
-0.867722 -0.075212 0.491327 0.112703 0.932968 0.341861 -0.484104 0.352014 -0.801080 -129.661466 -53.137977 301.264180
-0.867702 -0.076268 0.491199 0.112321 0.932520 0.343205 -0.484228 0.352972 -0.800583 -129.115922 -52.768716 300.369085
-0.867767 -0.077718 0.490857 0.111857 0.931809 0.345281 -0.484219 0.354529 -0.799900 -128.569095 -52.399281 299.473458
-0.867621 -0.077123 0.491209 0.112636 0.931732 0.345237 -0.484301 0.354863 -0.799703 -128.061603 -52.062317 298.640571
-0.867235 -0.075357 0.492164 0.113408 0.932601 0.342628 -0.484812 0.352954 -0.800238 -127.546245 -51.717279 297.810456
-0.866409 -0.072806 0.493998 0.115765 0.933071 0.340554 -0.485729 0.352247 -0.799993 -127.065153 -51.393423 297.029465
-0.865476 -0.072088 0.495736 0.116696 0.933355 0.339456 -0.487169 0.351641 -0.799384 -126.618322 -51.093168 296.302610
-0.863843 -0.071979 0.498592 0.118470 0.932955 0.339941 -0.489632 0.352724 -0.797400 -126.144330 -50.778321 295.546512
-0.861980 -0.070433 0.502025 0.120864 0.933190 0.338449 -0.492323 0.352413 -0.795879 -125.697049 -50.489399 294.842623
-0.860785 -0.069835 0.504155 0.121259 0.933881 0.336396 -0.494313 0.350698 -0.795402 -125.190374 -50.163653 294.051652
-0.859850 -0.069352 0.505814 0.121598 0.934402 0.334825 -0.495854 0.349405 -0.795013 -124.714605 -49.852112 293.304587
-0.858362 -0.069307 0.508341 0.123213 0.933987 0.335392 -0.498029 0.350522 -0.793159 -124.180360 -49.510430 292.464651
-0.857873 -0.070566 0.508993 0.123693 0.933043 0.337833 -0.498752 0.352777 -0.791704 -123.667179 -49.182913 291.675667
-0.857205 -0.071498 0.509987 0.123485 0.932886 0.338343 -0.499950 0.353005 -0.790846 -123.130757 -48.844116 290.842255
-0.855834 -0.069746 0.512526 0.124809 0.933745 0.335476 -0.501967 0.351079 -0.790426 -122.573267 -48.496723 289.990629
-0.854618 -0.065796 0.515072 0.126690 0.935542 0.329712 -0.503566 0.347032 -0.791195 -122.038303 -48.163804 289.172190
-0.853735 -0.062992 0.516883 0.129046 0.936093 0.327226 -0.504463 0.346066 -0.791047 -121.490666 -47.824604 288.325051
-0.853370 -0.065003 0.517236 0.128326 0.935470 0.329285 -0.505263 0.347377 -0.789961 -120.915627 -47.478053 287.460500
-0.852726 -0.067871 0.517931 0.127873 0.934232 0.332955 -0.506465 0.350149 -0.787965 -120.368509 -47.141709 286.618126
-0.852483 -0.068678 0.518224 0.127998 0.933734 0.334302 -0.506842 0.351319 -0.787201 -119.768318 -46.777128 285.714385
-0.852277 -0.067706 0.518691 0.127856 0.934548 0.332073 -0.507225 0.349336 -0.787837 -119.174764 -46.412125 284.811249
-0.852835 -0.064608 0.518168 0.128270 0.935992 0.327820 -0.506181 0.346042 -0.789960 -118.619008 -46.068785 283.958830
-0.853817 -0.063478 0.516689 0.126391 0.937562 0.324042 -0.504997 0.341977 -0.792483 -118.040923 -45.721777 283.080416
-0.853532 -0.063587 0.517145 0.125866 0.937969 0.323068 -0.505609 0.340840 -0.792583 -117.434185 -45.357169 282.160425
-0.853040 -0.064965 0.517786 0.125693 0.937430 0.324693 -0.506482 0.342058 -0.791500 -116.802119 -44.973631 281.197044
-0.853292 -0.066145 0.517221 0.124680 0.937267 0.325555 -0.506308 0.342280 -0.791516 -116.206587 -44.611261 280.278499
-0.852760 -0.064911 0.518254 0.125195 0.937918 0.323476 -0.507077 0.340730 -0.791692 -115.666805 -44.284921 279.454831
-0.851477 -0.062675 0.520633 0.126617 0.938883 0.320104 -0.508876 0.338482 -0.791502 -115.106434 -43.950852 278.607604
-0.849819 -0.062248 0.523385 0.126608 0.939819 0.317350 -0.511642 0.335955 -0.790795 -114.521445 -43.608714 277.729753
-0.848329 -0.062475 0.525771 0.125846 0.940765 0.314839 -0.514297 0.333253 -0.790216 -113.940647 -43.273340 276.871079
-0.847394 -0.063698 0.527130 0.124680 0.941148 0.314159 -0.516118 0.331939 -0.789581 -113.320226 -42.921979 275.958408
-0.844559 -0.064929 0.531512 0.125026 0.941272 0.313648 -0.520662 0.331347 -0.786842 -112.702810 -42.567760 275.041980
-0.843615 -0.065857 0.532895 0.124612 0.941342 0.313605 -0.522290 0.330967 -0.785923 -112.099805 -42.238527 274.163725
-0.842492 -0.065225 0.534745 0.124338 0.942297 0.310831 -0.524163 0.328362 -0.785768 -111.536889 -41.931461 273.348057
-0.842581 -0.060914 0.535114 0.125151 0.944239 0.304547 -0.523827 0.323576 -0.787975 -111.056311 -41.671161 272.663066
-0.842147 -0.058632 0.536051 0.125299 0.945588 0.300273 -0.524489 0.320041 -0.788977 -110.569918 -41.408978 271.957675
-0.840433 -0.058950 0.538699 0.125742 0.945723 0.299663 -0.527125 0.319584 -0.787404 -110.020328 -41.123939 271.160221
-0.838576 -0.062499 0.541188 0.123944 0.945459 0.301239 -0.530498 0.319689 -0.785093 -109.456889 -40.829231 270.343142
-0.835162 -0.067659 0.545827 0.121552 0.945161 0.303143 -0.536405 0.319519 -0.781138 -108.878968 -40.523514 269.517659
-0.832476 -0.067581 0.549924 0.122415 0.945570 0.301515 -0.540369 0.318323 -0.778891 -108.275379 -40.206921 268.660529
-0.830302 -0.066411 0.553343 0.122267 0.946980 0.297119 -0.543737 0.314355 -0.778159 -107.748286 -39.939344 267.926281
-0.828639 -0.061808 0.556361 0.123260 0.949346 0.289049 -0.546044 0.308094 -0.779046 -107.199031 -39.654283 267.146028
-0.828060 -0.057874 0.557645 0.123735 0.951265 0.282462 -0.546815 0.302895 -0.780543 -106.646280 -39.372538 266.366798
-0.827431 -0.057119 0.558655 0.124267 0.951528 0.281342 -0.547646 0.302213 -0.780225 -106.081235 -39.096258 265.573039
-0.825436 -0.059324 0.561369 0.125916 0.950057 0.285547 -0.550273 0.306386 -0.776742 -105.415000 -38.776926 264.638420
-0.824871 -0.064205 0.561664 0.125668 0.947846 0.292909 -0.551177 0.312195 -0.773782 -104.735009 -38.442669 263.690248
-0.824856 -0.068481 0.561179 0.123031 0.947102 0.296414 -0.551793 0.313542 -0.772798 -104.126283 -38.139409 262.847254
-0.824593 -0.068979 0.561505 0.122730 0.947089 0.296580 -0.552253 0.313471 -0.772497 -103.524259 -37.834073 262.013874
-0.825149 -0.067048 0.560923 0.123121 0.947718 0.294400 -0.551335 0.311985 -0.773754 -102.942369 -37.534543 261.196214
-0.824535 -0.064510 0.562121 0.123685 0.948902 0.290323 -0.552127 0.308907 -0.774424 -102.374186 -37.249529 260.405599
-0.824137 -0.060430 0.563157 0.126406 0.949589 0.286883 -0.552105 0.307617 -0.774953 -101.803973 -36.960043 259.605439
-0.824110 -0.058321 0.563419 0.126784 0.950456 0.283831 -0.552058 0.305341 -0.775886 -101.229877 -36.678991 258.818238
-0.823432 -0.056810 0.564563 0.127871 0.950802 0.282179 -0.552818 0.304546 -0.775657 -100.630609 -36.379715 257.981957
-0.823142 -0.058300 0.564835 0.127426 0.950381 0.283794 -0.553353 0.305577 -0.774870 -100.051275 -36.104449 257.196062
-0.823173 -0.060224 0.564588 0.126590 0.949864 0.285889 -0.553499 0.306808 -0.774279 -99.470473 -35.829515 256.395034
-0.823662 -0.062339 0.563644 0.124522 0.949799 0.287014 -0.553240 0.306589 -0.774551 -98.890758 -35.553110 255.608667
-0.823537 -0.062085 0.563855 0.124150 0.950168 0.285949 -0.553510 0.305492 -0.774791 -98.323315 -35.278917 254.834980
-0.823190 -0.062930 0.564268 0.122440 0.950778 0.284658 -0.554407 0.303416 -0.774966 -97.729023 -34.989907 254.028724
-0.822575 -0.065471 0.564875 0.120361 0.950799 0.285472 -0.555773 0.302811 -0.774224 -97.116209 -34.698539 253.196635
-0.821792 -0.066692 0.565871 0.119696 0.950759 0.285884 -0.557073 0.302669 -0.773344 -96.499090 -34.406676 252.357123
-0.822353 -0.068481 0.564842 0.118170 0.950528 0.287285 -0.556571 0.302997 -0.773577 -95.901486 -34.128442 251.540274
-0.822562 -0.068941 0.564482 0.117782 0.950447 0.287711 -0.556345 0.303145 -0.773682 -95.300252 -33.836179 250.718733
-0.822326 -0.069487 0.564758 0.118025 0.950102 0.288751 -0.556642 0.304103 -0.773092 -94.754111 -33.572028 249.969725
-0.821033 -0.069072 0.566686 0.118546 0.950387 0.287595 -0.558436 0.303303 -0.772111 -94.237718 -33.327945 249.266980
-0.819515 -0.065956 0.569250 0.121833 0.950592 0.285536 -0.559957 0.303354 -0.770989 -93.724095 -33.080008 248.565903
-0.818360 -0.064707 0.571052 0.123230 0.950773 0.284331 -0.561339 0.303056 -0.770101 -93.246486 -32.854958 247.927064
-0.817444 -0.064632 0.572371 0.121707 0.951869 0.281304 -0.563004 0.299612 -0.770233 -92.802415 -32.648113 247.331347
-0.816532 -0.063158 0.573834 0.121235 0.953073 0.277407 -0.564426 0.296081 -0.770558 -92.365930 -32.438526 246.738020
-0.816304 -0.060862 0.574407 0.121514 0.954086 0.273778 -0.564696 0.293284 -0.771429 -91.913397 -32.222809 246.122771
-0.816629 -0.063080 0.573706 0.120187 0.953634 0.275930 -0.564511 0.294284 -0.771184 -91.419486 -31.997097 245.461802
-0.817089 -0.066197 0.572698 0.118861 0.952700 0.279705 -0.564125 0.296615 -0.770573 -90.916329 -31.764957 244.799513
-0.817686 -0.068898 0.571527 0.116605 0.952408 0.281640 -0.563732 0.296936 -0.770737 -90.432429 -31.536452 244.147469
-0.818334 -0.069904 0.570476 0.115605 0.952270 0.282521 -0.562996 0.297146 -0.771194 -90.069813 -31.366553 243.647328
-0.818732 -0.070099 0.569880 0.115515 0.952116 0.283074 -0.562435 0.297592 -0.771431 -89.688675 -31.187442 243.114913
-0.818487 -0.071514 0.570057 0.114227 0.952158 0.283455 -0.563055 0.297120 -0.771161 -89.231972 -30.974437 242.489189
-0.818098 -0.072921 0.570436 0.112707 0.952361 0.283384 -0.563926 0.296128 -0.770906 -88.773997 -30.760472 241.867984
-0.818254 -0.073575 0.570130 0.111870 0.952434 0.283467 -0.563867 0.295729 -0.771102 -88.338210 -30.549392 241.276492
-0.818741 -0.073324 0.569462 0.111667 0.952538 0.283198 -0.563200 0.295456 -0.771694 -87.950210 -30.360481 240.735726
-0.818964 -0.072341 0.569266 0.112598 0.952480 0.283027 -0.562689 0.295887 -0.771901 -87.535437 -30.161398 240.165500
-0.817962 -0.071218 0.570847 0.114306 0.952400 0.282608 -0.563802 0.296414 -0.770887 -87.189955 -30.001453 239.693898
-0.817378 -0.069251 0.571925 0.116070 0.952595 0.281229 -0.564289 0.296253 -0.770592 -86.851853 -29.844201 239.230006
-0.816077 -0.067195 0.574024 0.118607 0.952606 0.280132 -0.565642 0.296693 -0.769430 -86.542678 -29.697207 238.809485
-0.814155 -0.066320 0.576848 0.120334 0.952616 0.279360 -0.568041 0.296857 -0.767597 -86.268325 -29.568957 238.443442
-0.811028 -0.064343 0.581458 0.123835 0.952527 0.278132 -0.571751 0.297578 -0.764558 -85.958375 -29.428919 238.036720
-0.807189 -0.062516 0.586973 0.127582 0.952396 0.276883 -0.576341 0.298385 -0.760788 -85.676268 -29.301271 237.665997
-0.802273 -0.062018 0.593728 0.130988 0.952061 0.276445 -0.582410 0.299555 -0.755689 -85.345073 -29.155368 237.246072
-0.796656 -0.061242 0.601322 0.134496 0.951950 0.275139 -0.589279 0.300067 -0.750140 -84.997728 -29.003350 236.815060
-0.788719 -0.059354 0.611882 0.139612 0.952027 0.272310 -0.598691 0.300203 -0.742595 -84.673254 -28.864943 236.435885
-0.777321 -0.056798 0.626536 0.146224 0.952329 0.267747 -0.611875 0.299740 -0.731959 -84.355513 -28.735260 236.081473
-0.761853 -0.055351 0.645380 0.151999 0.953246 0.261186 -0.629663 0.297082 -0.717821 -84.013524 -28.602124 235.718052
-0.743280 -0.053841 0.666810 0.159710 0.953653 0.255028 -0.649636 0.296054 -0.700232 -83.717976 -28.497917 235.437031
-0.720761 -0.054506 0.691037 0.167137 0.953827 0.249560 -0.672732 0.295370 -0.678371 -83.459623 -28.415172 235.213123
-0.694572 -0.055529 0.717277 0.175757 0.953709 0.244026 -0.697624 0.295560 -0.652660 -83.134461 -28.311367 234.947576
-0.662297 -0.057491 0.747033 0.185300 0.953510 0.237663 -0.725966 0.295828 -0.620853 -82.822429 -28.222620 234.731310
-0.627023 -0.059572 0.776720 0.194467 0.953534 0.230121 -0.754337 0.295338 -0.586303 -82.522172 -28.148298 234.540974
-0.590910 -0.061548 0.804386 0.202731 0.953760 0.221906 -0.780849 0.294200 -0.551108 -82.208003 -28.072992 234.378372
-0.550398 -0.062275 0.832577 0.211910 0.954138 0.211456 -0.807562 0.292817 -0.511959 -81.865245 -28.000817 234.226950
-0.507657 -0.062639 0.859279 0.221290 0.954414 0.200312 -0.832655 0.291840 -0.470654 -81.558937 -27.938726 234.108582
-0.461722 -0.062825 0.884797 0.231452 0.954400 0.188548 -0.856296 0.291845 -0.426127 -81.185332 -27.863793 233.961881
-0.414603 -0.064613 0.907706 0.238602 0.954860 0.176953 -0.878165 0.289945 -0.380471 -80.877608 -27.817435 233.886543
-0.369461 -0.066511 0.926863 0.244817 0.955230 0.166134 -0.896417 0.288292 -0.336637 -80.459020 -27.753903 233.776848
-0.317186 -0.070322 0.945752 0.250905 0.955490 0.155194 -0.914571 0.286519 -0.285424 -80.077509 -27.715519 233.709965
-0.261026 -0.074071 0.962486 0.257515 0.955578 0.143377 -0.930350 0.285280 -0.230356 -79.710625 -27.678275 233.672576
-0.209708 -0.076521 0.974765 0.262984 0.955782 0.131608 -0.941733 0.283947 -0.180311 -79.304778 -27.638221 233.640678
-0.152924 -0.078865 0.985086 0.266828 0.956493 0.117998 -0.951534 0.280894 -0.125228 -78.915124 -27.606276 233.636667
-0.090639 -0.077786 0.992841 0.271765 0.957175 0.099801 -0.958086 0.278866 -0.065618 -78.596670 -27.588219 233.650989
-0.029141 -0.076930 0.996611 0.275319 0.957850 0.081989 -0.960911 0.276775 -0.006732 -78.299341 -27.575556 233.691640
0.031395 -0.075950 0.996617 0.278582 0.958261 0.064251 -0.959899 0.275623 0.051243 -77.896839 -27.563984 233.749102
0.094115 -0.073769 0.992824 0.283580 0.957925 0.044294 -0.954319 0.277376 0.111075 -77.492643 -27.550992 233.824298
0.153488 -0.071060 0.985592 0.284865 0.958249 0.024726 -0.946199 0.276966 0.167323 -77.080157 -27.546275 233.930971
0.208893 -0.071348 0.975332 0.286945 0.957908 0.008617 -0.934894 0.278067 0.220574 -76.639331 -27.547801 234.064958
0.263844 -0.072651 0.961825 0.287164 0.957860 -0.006422 -0.920827 0.277896 0.273589 -76.258129 -27.554855 234.219598
0.319081 -0.074085 0.944827 0.283883 0.958636 -0.020703 -0.904211 0.274826 0.326913 -75.895349 -27.576107 234.388050
0.367800 -0.072699 0.927059 0.278111 0.959909 -0.035062 -0.887343 0.270721 0.373273 -75.443268 -27.604803 234.598527
0.411589 -0.073367 0.908411 0.275138 0.960250 -0.047108 -0.868846 0.269327 0.415415 -74.936026 -27.644326 234.858354
0.449301 -0.074163 0.890297 0.272587 0.960408 -0.057561 -0.850779 0.268545 0.451728 -74.411543 -27.693832 235.147801
0.484194 -0.073611 0.871859 0.270172 0.960339 -0.068961 -0.832204 0.268943 0.484878 -73.911471 -27.754007 235.439425
0.512974 -0.070483 0.855506 0.267850 0.960006 -0.081514 -0.815545 0.270961 0.511337 -73.398864 -27.817012 235.763078
0.536150 -0.065959 0.841542 0.265825 0.959412 -0.094160 -0.801174 0.274187 0.531922 -72.875323 -27.881033 236.109680
0.551437 -0.061736 0.831929 0.264689 0.958676 -0.104305 -0.791112 0.277720 0.544990 -72.309530 -27.952303 236.492920
0.562070 -0.061022 0.824835 0.261744 0.959143 -0.107403 -0.784581 0.276263 0.555078 -71.735462 -28.036241 236.891061
0.569755 -0.062918 0.819403 0.258470 0.960187 -0.105993 -0.780111 0.272181 0.563333 -71.160177 -28.118005 237.301879
0.574446 -0.064663 0.815984 0.255759 0.961142 -0.103886 -0.777560 0.268373 0.568663 -70.584568 -28.204847 237.712802
0.578758 -0.065034 0.812902 0.254357 0.961484 -0.104173 -0.774818 0.267058 0.573008 -70.046182 -28.282987 238.097555
0.583228 -0.061995 0.809939 0.253607 0.961141 -0.109051 -0.771705 0.269008 0.576287 -69.568839 -28.354623 238.440587
0.589650 -0.058044 0.805570 0.256184 0.959350 -0.118394 -0.765952 0.276185 0.580551 -68.995695 -28.439560 238.853100
0.593761 -0.052037 0.802957 0.256051 0.958253 -0.127240 -0.762814 0.281148 0.582298 -68.455346 -28.519706 239.245635
0.597045 -0.050491 0.800617 0.255804 0.957900 -0.130351 -0.760330 0.282627 0.584826 -67.947798 -28.599041 239.609476
0.599654 -0.054745 0.798384 0.256676 0.958105 -0.127089 -0.757979 0.281135 0.588584 -67.349720 -28.698662 240.041662
0.603358 -0.060452 0.795176 0.254621 0.959535 -0.120252 -0.755730 0.275023 0.594336 -66.771583 -28.795359 240.471665
0.605205 -0.064045 0.793489 0.254322 0.960079 -0.116484 -0.754352 0.272299 0.597333 -66.177519 -28.897263 240.912223
0.607666 -0.065156 0.791515 0.255814 0.959571 -0.117404 -0.751865 0.273823 0.599766 -65.609042 -28.992313 241.333499
0.609999 -0.065006 0.789732 0.257875 0.958663 -0.120274 -0.749268 0.277019 0.601547 -65.086556 -29.081927 241.717895
0.612297 -0.064435 0.787998 0.259111 0.957983 -0.123002 -0.746963 0.279493 0.603266 -64.605860 -29.165399 242.076700
0.613735 -0.063209 0.786978 0.258868 0.957797 -0.124952 -0.745867 0.280411 0.604196 -64.083784 -29.252626 242.474843
0.616344 -0.061947 0.785036 0.257642 0.957899 -0.126692 -0.744137 0.280344 0.606356 -63.603894 -29.333969 242.848026
0.619230 -0.060605 0.782868 0.256502 0.957933 -0.128730 -0.742133 0.280521 0.608726 -63.039697 -29.428503 243.294211
0.621990 -0.060939 0.780650 0.256416 0.957848 -0.129530 -0.739851 0.280738 0.611397 -62.338313 -29.541130 243.841940
0.624263 -0.063246 0.778650 0.256764 0.957955 -0.128043 -0.737813 0.279862 0.614255 -61.601177 -29.670982 244.420449
0.626506 -0.065195 0.776685 0.256606 0.958194 -0.126558 -0.735964 0.278591 0.617044 -60.920234 -29.792721 244.960911
0.630267 -0.066331 0.773540 0.256665 0.958125 -0.126967 -0.732726 0.278563 0.620899 -60.316271 -29.907141 245.443712
0.634244 -0.066008 0.770310 0.257164 0.957627 -0.129680 -0.729110 0.280345 0.624344 -59.720841 -30.016632 245.928380
0.638804 -0.064961 0.766622 0.256143 0.957543 -0.132298 -0.725479 0.280878 0.628322 -59.095062 -30.122829 246.445084
0.642737 -0.064808 0.763341 0.254529 0.957877 -0.132991 -0.722568 0.279771 0.632158 -58.405708 -30.245503 247.028128
0.645143 -0.064244 0.761356 0.251778 0.958678 -0.132452 -0.721386 0.277144 0.634660 -57.744881 -30.363840 247.585776
0.648561 -0.063535 0.758506 0.249810 0.959081 -0.133264 -0.719002 0.275913 0.637894 -57.013154 -30.502537 248.205408
0.652526 -0.062669 0.755170 0.248592 0.959125 -0.135208 -0.715829 0.275956 0.641433 -56.251392 -30.649746 248.855401
0.656776 -0.062589 0.751484 0.245133 0.960147 -0.134271 -0.713131 0.272399 0.645944 -55.628427 -30.768695 249.397632
0.661054 -0.063158 0.747675 0.242362 0.961012 -0.133104 -0.710118 0.269197 0.650588 -55.036597 -30.897826 249.915179
0.669704 -0.061716 0.740059 0.239884 0.961096 -0.136930 -0.702817 0.269231 0.658455 -54.498680 -31.010652 250.403438
0.674045 -0.057275 0.736467 0.238729 0.960379 -0.143806 -0.699051 0.272747 0.661012 -53.872426 -31.140926 250.969744
0.677277 -0.053132 0.733807 0.238573 0.959356 -0.150730 -0.695973 0.277152 0.662426 -53.168004 -31.294609 251.613766
0.680872 -0.051976 0.730556 0.236467 0.959659 -0.152109 -0.693179 0.276319 0.665696 -52.525726 -31.439687 252.207336
0.686058 -0.053243 0.725596 0.232677 0.960998 -0.149482 -0.689337 0.271383 0.671689 -51.865023 -31.590977 252.820787
0.689877 -0.054395 0.721880 0.229690 0.962097 -0.147012 -0.686522 0.267229 0.676222 -51.295951 -31.731630 253.349926
0.693021 -0.053373 0.718939 0.227523 0.962480 -0.147868 -0.684073 0.266051 0.679162 -50.753743 -31.864175 253.863785
0.694641 -0.051941 0.717479 0.226335 0.962516 -0.149450 -0.682823 0.266204 0.680359 -50.257217 -31.977779 254.333981
0.695842 -0.049633 0.716478 0.223860 0.962899 -0.150709 -0.682416 0.265260 0.681136 -49.757027 -32.101648 254.811705
0.696319 -0.046311 0.716237 0.219825 0.963720 -0.151399 -0.683240 0.262869 0.681237 -49.199586 -32.241542 255.344279
0.697179 -0.042395 0.715643 0.215564 0.964450 -0.152868 -0.683721 0.260843 0.681533 -48.657307 -32.367822 255.865166
0.697690 -0.039072 0.715333 0.212488 0.964865 -0.154547 -0.684161 0.259826 0.681479 -48.037999 -32.515379 256.458737
0.698863 -0.035740 0.714362 0.211824 0.964289 -0.158985 -0.683170 0.262428 0.681477 -47.409228 -32.672131 257.060171
0.699469 -0.033210 0.713890 0.209959 0.964388 -0.160854 -0.683125 0.262400 0.681532 -46.815270 -32.819328 257.630431
0.699826 -0.033093 0.713547 0.209414 0.964539 -0.160654 -0.682927 0.261856 0.681940 -46.263096 -32.949792 258.157367
0.700212 -0.034542 0.713099 0.209882 0.964652 -0.159363 -0.682387 0.261254 0.682711 -45.712534 -33.089420 258.686982
0.701021 -0.034724 0.712295 0.209067 0.964935 -0.158718 -0.681807 0.260182 0.683699 -45.186250 -33.221154 259.191901
0.702203 -0.034726 0.711129 0.207808 0.965315 -0.158061 -0.680974 0.258770 0.685064 -44.595526 -33.373468 259.761289
0.703295 -0.034196 0.710075 0.205894 0.965830 -0.157415 -0.680429 0.256909 0.686305 -44.055525 -33.513645 260.285273
0.703461 -0.033586 0.709940 0.204770 0.966105 -0.157197 -0.680597 0.255956 0.686494 -43.476046 -33.660011 260.848327
0.703400 -0.032928 0.710031 0.204072 0.966226 -0.157357 -0.680869 0.255582 0.686364 -42.972191 -33.783353 261.333367
0.702282 -0.031918 0.711183 0.204358 0.965988 -0.158447 -0.681936 0.256610 0.684919 -42.447726 -33.916015 261.831011
0.699968 -0.030429 0.713525 0.205131 0.965559 -0.160056 -0.684080 0.258400 0.682102 -41.917938 -34.045991 262.333233
0.697419 -0.030334 0.716022 0.206062 0.965401 -0.159809 -0.686401 0.258999 0.679539 -41.334968 -34.186987 262.881248
0.694834 -0.031265 0.718490 0.208111 0.965051 -0.159265 -0.688400 0.260189 0.677057 -40.789026 -34.320986 263.388004
0.691051 -0.031325 0.722127 0.209724 0.964771 -0.158847 -0.691711 0.261219 0.673276 -40.294637 -34.437796 263.839312
0.687547 -0.031086 0.725474 0.211488 0.964343 -0.159110 -0.694660 0.262824 0.669605 -39.777050 -34.556796 264.301754
0.685107 -0.030700 0.727795 0.214110 0.963465 -0.160911 -0.696265 0.266070 0.666650 -39.284539 -34.668567 264.739783
0.683588 -0.028155 0.729324 0.215028 0.962674 -0.164381 -0.697474 0.269194 0.664127 -38.770049 -34.790327 265.203441
0.682237 -0.026984 0.730633 0.216134 0.962099 -0.166285 -0.698455 0.271360 0.662212 -38.256214 -34.912577 265.661645
0.680801 -0.025494 0.732025 0.215691 0.962059 -0.167092 -0.699991 0.271648 0.660469 -37.803355 -35.023811 266.075192
0.678098 -0.023948 0.734581 0.215083 0.962180 -0.167177 -0.702796 0.271358 0.657604 -37.349576 -35.130891 266.485140
0.676551 -0.024940 0.735973 0.214323 0.962830 -0.164391 -0.704517 0.268955 0.656748 -36.866605 -35.244731 266.916155
0.676427 -0.028085 0.735974 0.212758 0.964122 -0.158753 -0.705111 0.263969 0.658133 -36.383311 -35.355961 267.346086
0.676796 -0.030468 0.735540 0.211148 0.965198 -0.154304 -0.705241 0.259740 0.659675 -35.868286 -35.475582 267.809187
0.678429 -0.033272 0.733912 0.210233 0.965991 -0.150546 -0.703943 0.256427 0.662351 -35.403256 -35.582114 268.232082
0.680611 -0.035708 0.731774 0.208229 0.967049 -0.146481 -0.702431 0.252073 0.665620 -34.926241 -35.683691 268.675594
0.682776 -0.038028 0.729638 0.206798 0.967866 -0.143072 -0.700751 0.248573 0.668700 -34.479247 -35.780753 269.092709
0.686400 -0.038399 0.726209 0.207331 0.967494 -0.144809 -0.697042 0.249963 0.672049 -34.078341 -35.875116 269.459609
0.692404 -0.037986 0.720509 0.209311 0.966244 -0.150204 -0.690482 0.254812 0.676982 -33.680127 -35.967012 269.826073
0.701916 -0.036515 0.711323 0.210356 0.964765 -0.158049 -0.680488 0.260568 0.684865 -33.318898 -36.048346 270.176538
0.714682 -0.032424 0.698698 0.208291 0.963470 -0.168346 -0.667716 0.265846 0.695328 -32.987838 -36.132513 270.519622
0.729044 -0.031975 0.683719 0.207036 0.962417 -0.175753 -0.652404 0.269686 0.708265 -32.707598 -36.208531 270.822484
0.744151 -0.032140 0.667238 0.203629 0.962218 -0.180754 -0.636219 0.270377 0.722580 -32.469043 -36.284430 271.111282
0.760533 -0.031248 0.648547 0.198728 0.962110 -0.186687 -0.618139 0.270866 0.737926 -32.238166 -36.364318 271.404139
0.777925 -0.029953 0.627643 0.193426 0.961775 -0.193841 -0.597846 0.272196 0.753982 -32.024148 -36.445814 271.706102
0.796826 -0.029037 0.603510 0.187332 0.961496 -0.201077 -0.574434 0.273280 0.771585 -31.838077 -36.521243 272.005644
0.819072 -0.028915 0.572961 0.178871 0.961815 -0.207165 -0.545092 0.272169 0.792968 -31.649910 -36.606586 272.329939
0.840665 -0.030446 0.540698 0.170461 0.962546 -0.210829 -0.514028 0.269405 0.814369 -31.448672 -36.697647 272.691710
0.863326 -0.032673 0.503588 0.160957 0.963611 -0.213418 -0.478290 0.265305 0.837169 -31.221004 -36.814291 273.122005
0.884410 -0.033066 0.465538 0.149877 0.964776 -0.216204 -0.441991 0.260986 0.858214 -31.030191 -36.924472 273.555530
0.905369 -0.032326 0.423394 0.138480 0.965062 -0.222438 -0.401411 0.260020 0.878213 -30.816007 -37.060125 274.084103
0.923669 -0.030822 0.381950 0.126625 0.965316 -0.228320 -0.361666 0.259257 0.895535 -30.626392 -37.203408 274.643145
0.941963 -0.030199 0.334356 0.114061 0.965490 -0.234136 -0.315747 0.258685 0.912900 -30.464877 -37.338030 275.164107
0.957845 -0.029666 0.285750 0.101640 0.965317 -0.240484 -0.268705 0.259390 0.927639 -30.320975 -37.497695 275.754165
0.971910 -0.028829 0.233580 0.088379 0.964542 -0.248692 -0.218129 0.262350 0.939996 -30.208950 -37.650145 276.316981
0.983733 -0.027230 0.177561 0.072979 0.963780 -0.256519 -0.164144 0.265305 0.950090 -30.154268 -37.788778 276.808552
0.992746 -0.025907 0.117403 0.056008 0.963730 -0.260935 -0.106385 0.265618 0.958191 -30.115231 -37.959790 277.359877
0.997755 -0.025588 0.061888 0.041110 0.963538 -0.264395 -0.052866 0.266345 0.962427 -30.116719 -38.116687 277.916166
0.999658 -0.025231 0.006827 0.026139 0.963922 -0.264899 0.000103 0.264987 0.964252 -30.149912 -38.231871 278.339787
0.998539 -0.025093 -0.047865 0.011645 0.964770 -0.262835 0.052774 0.261894 0.963653 -30.207216 -38.342551 278.711604
0.994864 -0.023230 -0.098519 -0.003249 0.965480 -0.260458 0.101169 0.259440 0.960445 -30.294627 -38.450518 279.089271
0.989272 -0.021303 -0.144525 -0.016990 0.965818 -0.258663 0.145095 0.258343 0.955095 -30.381824 -38.548828 279.439164
0.981171 -0.022018 -0.191883 -0.028791 0.965707 -0.258035 0.190984 0.258701 0.946889 -30.495630 -38.641960 279.755032
0.970607 -0.020895 -0.239763 -0.042651 0.965521 -0.256806 0.236862 0.259483 0.936250 -30.621680 -38.742516 280.096152
0.958666 -0.018532 -0.283930 -0.056519 0.965589 -0.253857 0.278865 0.259411 0.924630 -30.765684 -38.837913 280.437574
0.946353 -0.015548 -0.322759 -0.069325 0.965815 -0.249792 0.315609 0.258767 0.912924 -30.925715 -38.938396 280.794584
0.931767 -0.012910 -0.362826 -0.081775 0.966224 -0.244385 0.353727 0.257380 0.899240 -31.133171 -39.060548 281.248277
0.915340 -0.009807 -0.402564 -0.094480 0.966567 -0.238372 0.391442 0.256226 0.883811 -31.371420 -39.192608 281.707738
0.900426 -0.004244 -0.434989 -0.107531 0.966749 -0.232022 0.421509 0.255693 0.870029 -31.617498 -39.313935 282.138126
0.886169 0.000011 -0.463362 -0.118045 0.967010 -0.225736 0.448073 0.254738 0.856936 -31.853651 -39.431165 282.532536
0.875737 0.004071 -0.482772 -0.126738 0.966833 -0.221746 0.465857 0.255376 0.847207 -32.098718 -39.539174 282.913675
0.867852 0.007500 -0.496766 -0.134050 0.966338 -0.219596 0.478397 0.257168 0.839644 -32.400961 -39.667822 283.375659
0.862037 0.009096 -0.506764 -0.138653 0.965932 -0.218518 0.487512 0.258635 0.833930 -32.713721 -39.797053 283.849664
0.858510 0.009952 -0.512700 -0.141933 0.965363 -0.218928 0.492763 0.260721 0.830186 -33.005854 -39.920254 284.290931
0.856190 0.010028 -0.516564 -0.143603 0.965035 -0.219283 0.496304 0.261928 0.827693 -33.287013 -40.037615 284.723584
0.854933 0.009480 -0.518651 -0.144271 0.964732 -0.220179 0.498272 0.263065 0.826149 -33.561954 -40.147562 285.140785
0.854692 0.009226 -0.519053 -0.145034 0.964274 -0.221678 0.498464 0.264746 0.825496 -33.852549 -40.271488 285.583478
0.855909 0.007543 -0.517072 -0.143529 0.964074 -0.223520 0.496810 0.265528 0.826242 -34.088932 -40.376754 285.965201
0.859844 0.005367 -0.510529 -0.139917 0.964140 -0.225514 0.491012 0.265339 0.829761 -34.353166 -40.503536 286.406037
0.865900 0.002813 -0.500210 -0.134465 0.964486 -0.227344 0.481806 0.264118 0.835527 -34.588841 -40.619129 286.814182
0.874048 0.003555 -0.485827 -0.130078 0.965178 -0.226959 0.468103 0.261569 0.844074 -34.772161 -40.709675 287.152533
0.885741 0.005185 -0.464151 -0.124307 0.966064 -0.226424 0.447226 0.258251 0.856327 -34.965649 -40.812894 287.533587
0.900667 0.007336 -0.434448 -0.116595 0.967268 -0.225383 0.418574 0.253649 0.872042 -35.187936 -40.943637 288.026120
0.917280 0.006163 -0.398196 -0.103418 0.969264 -0.223231 0.384581 0.245946 0.889723 -35.371849 -41.070073 288.510320
0.934154 0.002113 -0.356865 -0.087405 0.970881 -0.223048 0.346002 0.239552 0.907137 -35.526817 -41.199924 289.006138
0.950625 -0.002444 -0.310333 -0.072380 0.970646 -0.229363 0.301784 0.240500 0.922543 -35.675197 -41.328841 289.515775
0.966831 -0.005488 -0.255358 -0.057645 0.969286 -0.239086 0.248827 0.245876 0.936819 -35.777610 -41.462266 290.023606
0.979395 -0.009365 -0.201737 -0.041780 0.967918 -0.247767 0.197585 0.251090 0.947583 -35.838083 -41.576602 290.462527
0.990080 -0.010380 -0.140118 -0.025785 0.966905 -0.253829 0.138116 0.254924 0.957046 -35.868136 -41.700282 290.915620
0.996979 -0.009662 -0.077062 -0.010465 0.966473 -0.256556 0.076957 0.256588 0.963452 -35.879796 -41.838184 291.414102
0.999771 -0.013369 -0.016722 0.008670 0.966970 -0.254742 0.019575 0.254538 0.966865 -35.867157 -41.985571 291.960226
0.999006 -0.018271 0.040665 0.027863 0.967953 -0.249579 -0.034802 0.250464 0.967500 -35.812346 -42.139038 292.534023
0.995073 -0.020171 0.097070 0.043634 0.968263 -0.246094 -0.089026 0.249117 0.964373 -35.738212 -42.277692 293.041452
0.988153 -0.021328 0.151984 0.058431 0.967998 -0.244060 -0.141915 0.250049 0.957776 -35.626378 -42.424205 293.571627
0.977728 -0.022162 0.208704 0.073742 0.967282 -0.242749 -0.196496 0.252733 0.947373 -35.510993 -42.529909 293.972688
0.965743 -0.024328 0.258359 0.088502 0.966784 -0.239785 -0.243944 0.254436 0.935817 -35.368303 -42.631533 294.357081
0.951698 -0.025077 0.306009 0.100640 0.967076 -0.233743 -0.290072 0.253249 0.922888 -35.191668 -42.730093 294.755208
0.936548 -0.027590 0.349452 0.113660 0.966941 -0.228271 -0.331601 0.253505 0.908722 -34.996851 -42.822943 295.139083
0.920465 -0.028566 0.389780 0.124494 0.966805 -0.223137 -0.370467 0.253915 0.893466 -34.810062 -42.915328 295.520301
0.902312 -0.029708 0.430058 0.135306 0.966725 -0.217106 -0.409298 0.254087 0.876308 -34.571387 -43.023164 295.971440
0.883789 -0.031395 0.466831 0.144730 0.967156 -0.208955 -0.444938 0.252237 0.859306 -34.298775 -43.133926 296.431656
0.867480 -0.034302 0.496287 0.153875 0.967198 -0.202114 -0.473075 0.251696 0.844304 -34.021083 -43.241337 296.864081
0.849600 -0.034446 0.526302 0.160861 0.967245 -0.196370 -0.502298 0.251497 0.827312 -33.718591 -43.348132 297.296155
0.833003 -0.032721 0.552299 0.166067 0.967007 -0.193180 -0.527757 0.252638 0.810954 -33.408129 -43.448478 297.721561
0.818707 -0.031055 0.573371 0.171217 0.966316 -0.192140 -0.548091 0.255477 0.796447 -33.129759 -43.534166 298.092330
0.806376 -0.029515 0.590666 0.176179 0.965396 -0.192279 -0.564552 0.259112 0.783672 -32.817398 -43.628039 298.498796
0.795807 -0.027166 0.604940 0.179583 0.964640 -0.192925 -0.578308 0.262168 0.772546 -32.468156 -43.729406 298.937815
0.786429 -0.025182 0.617167 0.182746 0.963923 -0.193535 -0.590028 0.264986 0.762659 -32.111841 -43.842664 299.387916
0.776341 -0.022737 0.629903 0.185525 0.963322 -0.193884 -0.602392 0.267383 0.752084 -31.664667 -43.984960 299.905282
0.767340 -0.023711 0.640802 0.190467 0.962643 -0.192459 -0.612300 0.269734 0.743191 -31.267942 -44.108911 300.352572
0.761256 -0.025791 0.647938 0.194271 0.962384 -0.189939 -0.618666 0.270468 0.737631 -30.842280 -44.242227 300.821120
0.757767 -0.027602 0.651941 0.196493 0.962383 -0.187643 -0.622238 0.270292 0.734685 -30.391947 -44.380759 301.323598
0.756153 -0.029475 0.653731 0.198149 0.962401 -0.185801 -0.623674 0.270030 0.733563 -29.918593 -44.525689 301.843902
0.755941 -0.032200 0.653847 0.199669 0.962539 -0.183443 -0.623446 0.269226 0.734052 -29.415297 -44.674422 302.412600
0.755238 -0.033507 0.654594 0.200040 0.962828 -0.181512 -0.624179 0.268030 0.733867 -28.903727 -44.830840 302.985638
0.754666 -0.034350 0.655209 0.201159 0.962648 -0.181227 -0.624511 0.268567 0.733388 -28.383298 -44.989083 303.568685
0.753825 -0.033999 0.656194 0.201229 0.962621 -0.181293 -0.625503 0.268709 0.732490 -27.840134 -45.143655 304.169695
0.752712 -0.033594 0.657493 0.202439 0.962121 -0.182598 -0.626453 0.270546 0.731000 -27.299637 -45.299465 304.760370
0.750846 -0.031903 0.659706 0.203325 0.961491 -0.184918 -0.628402 0.272980 0.728418 -26.739208 -45.465609 305.369482
0.749227 -0.030285 0.661621 0.204078 0.960906 -0.187116 -0.630089 0.275214 0.726117 -26.158433 -45.639192 306.002162
0.747480 -0.028015 0.663693 0.204560 0.960267 -0.189851 -0.632004 0.277675 0.723511 -25.581508 -45.812220 306.618823
0.746617 -0.025983 0.664747 0.204762 0.959702 -0.192469 -0.632958 0.279816 0.721850 -24.991846 -45.990095 307.254312
0.745338 -0.024727 0.666228 0.205395 0.959221 -0.194184 -0.634258 0.281572 0.720023 -24.402882 -46.171209 307.892352
0.744129 -0.023519 0.667622 0.204951 0.959222 -0.194647 -0.635820 0.281672 0.718606 -23.753884 -46.374713 308.595106
0.743201 -0.023470 0.668657 0.205253 0.959195 -0.194467 -0.636808 0.281771 0.717691 -23.089976 -46.583224 309.307814
0.741624 -0.023849 0.670391 0.205670 0.959321 -0.193396 -0.638509 0.281307 0.716361 -22.462486 -46.772130 309.971465
0.739990 -0.023751 0.672198 0.205243 0.959687 -0.192033 -0.640539 0.280066 0.715034 -21.861781 -46.950786 310.607734
0.737736 -0.022779 0.674705 0.205240 0.959692 -0.192012 -0.643135 0.280131 0.712674 -21.251069 -47.125503 311.250759
0.734795 -0.022058 0.677930 0.206218 0.959424 -0.192299 -0.646181 0.281102 0.709529 -20.643729 -47.298794 311.886765
0.733272 -0.020517 0.679626 0.206011 0.959265 -0.193313 -0.647976 0.281761 0.707629 -20.093966 -47.462712 312.462672
0.731860 -0.019366 0.681180 0.206037 0.959101 -0.194099 -0.649562 0.282402 0.705917 -19.556157 -47.619946 313.016026
0.730601 -0.017744 0.682574 0.206476 0.958603 -0.196084 -0.650838 0.284194 0.704020 -18.941540 -47.800294 313.645225
0.729469 -0.015692 0.683834 0.206789 0.958016 -0.198605 -0.652008 0.286285 0.702087 -18.298155 -47.986019 314.300914
0.728936 -0.014288 0.684433 0.207526 0.957349 -0.201034 -0.652369 0.288579 0.700812 -17.636351 -48.186315 314.986386
0.727823 -0.012264 0.685655 0.208446 0.956488 -0.204158 -0.653317 0.291513 0.698711 -16.934619 -48.406548 315.710185
0.727241 -0.012218 0.686274 0.210379 0.955686 -0.205923 -0.653347 0.294133 0.697584 -16.166642 -48.644485 316.501302
0.726742 -0.012276 0.686801 0.211331 0.955342 -0.206545 -0.653594 0.295248 0.696881 -15.416243 -48.881986 317.262975
0.726748 -0.013899 0.686764 0.213015 0.955067 -0.206088 -0.653041 0.296065 0.697053 -14.682375 -49.112661 318.009319
0.726316 -0.016510 0.687163 0.215425 0.954812 -0.204759 -0.652731 0.296751 0.697052 -13.958384 -49.336200 318.738580
0.725949 -0.017521 0.687525 0.216604 0.954626 -0.204382 -0.652748 0.297291 0.696805 -13.237686 -49.556754 319.459022
0.727070 -0.018981 0.686301 0.218310 0.954128 -0.204890 -0.650931 0.298795 0.697862 -12.527723 -49.777876 320.182336
0.727931 -0.019570 0.685371 0.219300 0.953730 -0.205685 -0.649633 0.300027 0.698542 -11.846486 -49.995940 320.868967
0.729042 -0.018334 0.684223 0.218840 0.953415 -0.207627 -0.648542 0.301104 0.699092 -11.204899 -50.206850 321.532075
0.730856 -0.016727 0.682327 0.218739 0.952710 -0.210941 -0.646532 0.303419 0.699952 -10.553371 -50.428596 322.198023
0.733072 -0.015346 0.679978 0.218095 0.952258 -0.213633 -0.644236 0.304908 0.701421 -9.917159 -50.643372 322.843564
0.734830 -0.015501 0.678074 0.218395 0.951901 -0.214915 -0.642128 0.306014 0.702871 -9.309955 -50.850045 323.466369
0.735434 -0.013130 0.677469 0.216508 0.951954 -0.216583 -0.642075 0.305960 0.702942 -8.713553 -51.061514 324.080362
0.736845 -0.011909 0.675957 0.214867 0.952129 -0.217447 -0.641008 0.305466 0.704130 -8.148342 -51.264233 324.664709
0.738382 -0.011563 0.674284 0.212641 0.952840 -0.216515 -0.639981 0.303251 0.706019 -7.492017 -51.496440 325.350710
0.739784 -0.013492 0.672709 0.210207 0.954389 -0.212025 -0.639165 0.298261 0.708878 -6.838329 -51.720018 326.040494
0.740153 -0.016734 0.672231 0.210538 0.955194 -0.208033 -0.638629 0.295507 0.710513 -6.208826 -51.931395 326.700429
0.739981 -0.017735 0.672394 0.212475 0.954630 -0.208653 -0.638187 0.297267 0.710176 -5.638502 -52.119847 327.306026
0.738642 -0.013948 0.673953 0.213521 0.953147 -0.214289 -0.639388 0.302186 0.707013 -5.077852 -52.306870 327.892209
0.736399 -0.009072 0.676486 0.214572 0.951419 -0.220816 -0.641619 0.307764 0.702571 -4.579973 -52.476176 328.404189
0.736043 -0.006973 0.676899 0.215032 0.950564 -0.224029 -0.641874 0.310450 0.701155 -4.027504 -52.663099 328.974606
0.735922 -0.007316 0.677027 0.214396 0.951003 -0.222771 -0.642225 0.309094 0.701432 -3.415685 -52.873512 329.604837
0.735178 -0.008735 0.677817 0.212875 0.952308 -0.218617 -0.643581 0.305012 0.701976 -2.853963 -53.066796 330.193107
0.735087 -0.009147 0.677911 0.212433 0.952663 -0.217497 -0.643831 0.303890 0.702234 -2.223458 -53.286443 330.848130
0.734107 -0.007833 0.678988 0.214733 0.951296 -0.221190 -0.644186 0.308179 0.700036 -1.544988 -53.522170 331.535261
0.734220 -0.005479 0.678889 0.216286 0.949754 -0.226249 -0.643538 0.312951 0.698513 -0.855322 -53.760025 332.233835
0.733942 -0.005121 0.679193 0.217392 0.949140 -0.227758 -0.643483 0.314812 0.697727 -0.203130 -53.995188 332.897518
0.734202 -0.005072 0.678912 0.216313 0.949608 -0.226835 -0.643550 0.313400 0.698301 0.420458 -54.223790 333.536943
0.734729 -0.005706 0.678337 0.216257 0.949761 -0.226245 -0.642967 0.312923 0.699051 1.023803 -54.438440 334.150641
0.735026 -0.004481 0.678024 0.215637 0.949605 -0.227490 -0.642836 0.313418 0.698950 1.530514 -54.616944 334.657792
0.735982 -0.002419 0.676997 0.214560 0.949277 -0.229863 -0.642102 0.314431 0.699169 2.055878 -54.798337 335.197551
0.735942 -0.000891 0.677044 0.215337 0.948380 -0.232821 -0.641888 0.317136 0.698144 2.618888 -54.994082 335.761594
0.735745 -0.000150 0.677259 0.215300 0.948177 -0.233681 -0.642126 0.317744 0.697648 3.238737 -55.217052 336.387530
0.736174 -0.001140 0.676792 0.215831 0.948182 -0.233170 -0.641456 0.317726 0.698273 3.866058 -55.443979 337.027920
0.736675 -0.001902 0.676244 0.216427 0.948063 -0.233100 -0.640679 0.318077 0.698826 4.492167 -55.669387 337.670757
0.736804 -0.003825 0.676095 0.217953 0.947944 -0.232161 -0.640012 0.318414 0.699283 5.015316 -55.856030 338.210279
0.737786 -0.005860 0.675010 0.219416 0.947745 -0.231593 -0.638380 0.318974 0.700519 5.545025 -56.037611 338.760943
0.738347 -0.005725 0.674396 0.219983 0.947318 -0.232801 -0.637535 0.320244 0.700709 6.110127 -56.242423 339.362176
0.738817 -0.005689 0.673882 0.219946 0.947242 -0.233144 -0.637003 0.320468 0.701090 6.707718 -56.452837 339.992071
0.739239 -0.005205 0.673423 0.218365 0.947796 -0.232380 -0.637058 0.318836 0.701784 7.264210 -56.653867 340.574415
0.739401 -0.004599 0.673250 0.217375 0.948053 -0.232257 -0.637208 0.318079 0.701991 7.758472 -56.830272 341.090104
0.739104 -0.003267 0.673583 0.216012 0.948324 -0.232424 -0.638015 0.317287 0.701616 8.236247 -56.992774 341.595283
0.738788 -0.001291 0.673937 0.214377 0.948507 -0.233189 -0.638933 0.316754 0.701022 8.704967 -57.157692 342.100526
0.738067 0.000101 0.674727 0.213269 0.948697 -0.233431 -0.640135 0.316186 0.700181 9.213085 -57.335517 342.638336
0.736862 0.001898 0.676040 0.211769 0.949020 -0.233485 -0.642019 0.315211 0.698895 9.765982 -57.528150 343.218422
0.735476 0.004147 0.677538 0.209465 0.949604 -0.233190 -0.644360 0.313426 0.697542 10.316993 -57.730015 343.797990
0.734241 0.003568 0.678879 0.209502 0.949989 -0.231580 -0.645755 0.312262 0.696773 10.881299 -57.934793 344.382096
0.732558 0.003380 0.680696 0.209339 0.950407 -0.230008 -0.647715 0.310991 0.695521 11.389551 -58.114102 344.908022
0.731566 0.002479 0.681766 0.210138 0.950488 -0.228944 -0.648578 0.310753 0.694823 11.862322 -58.277504 345.393219
0.730459 0.002380 0.682952 0.210839 0.950363 -0.228817 -0.649597 0.311135 0.693700 12.290988 -58.425010 345.839301
0.730479 0.002491 0.682931 0.211624 0.949945 -0.229824 -0.649320 0.312406 0.693388 12.679448 -58.555438 346.243326
0.730087 0.003746 0.683344 0.211841 0.949481 -0.231537 -0.649689 0.313802 0.692410 13.160632 -58.717875 346.725374
0.730102 0.005469 0.683316 0.211795 0.948914 -0.233891 -0.649688 0.315487 0.691646 13.595627 -58.870796 347.166621
0.730073 0.005788 0.683344 0.212186 0.948619 -0.234731 -0.649592 0.316367 0.691333 14.074509 -59.036664 347.653741
0.728379 0.005956 0.685148 0.213070 0.948414 -0.234759 -0.651203 0.316978 0.689536 14.533675 -59.199620 348.116726
0.725579 0.006027 0.688112 0.214647 0.948088 -0.234639 -0.653805 0.317950 0.686619 14.969278 -59.353612 348.552540
0.722531 0.005901 0.691313 0.215348 0.948292 -0.233167 -0.656943 0.317343 0.683900 15.386098 -59.504814 348.974327
0.720250 0.005322 0.693694 0.216552 0.948276 -0.232117 -0.659049 0.317403 0.681843 15.758395 -59.640303 349.345084
0.716518 0.005570 0.697546 0.218396 0.947904 -0.231906 -0.662499 0.318506 0.677974 16.109526 -59.763548 349.683649
0.711640 0.006024 0.702519 0.220627 0.947458 -0.231616 -0.667003 0.319822 0.672920 16.419762 -59.868870 349.976649
0.706237 0.006527 0.707946 0.222695 0.947152 -0.230890 -0.672039 0.320718 0.667460 16.689932 -59.963496 350.228473
0.700716 0.006734 0.713409 0.225208 0.946741 -0.230138 -0.676963 0.321927 0.661880 17.001723 -60.071823 350.519951
0.694396 0.007267 0.719556 0.227520 0.946434 -0.229123 -0.682677 0.322816 0.655547 17.359748 -60.189867 350.842846
0.688406 0.007406 0.725288 0.230512 0.945873 -0.228448 -0.687722 0.324453 0.649437 17.737834 -60.311968 351.173876
0.681635 0.007693 0.731652 0.233026 0.945596 -0.227039 -0.693594 0.325251 0.642758 18.076525 -60.419379 351.460538
0.673652 0.007417 0.739012 0.236006 0.945435 -0.224621 -0.700353 0.325728 0.635143 18.396101 -60.523124 351.722822
0.665916 0.006781 0.745996 0.238976 0.945327 -0.221916 -0.706715 0.326053 0.627888 18.692943 -60.620137 351.968112
0.656510 0.006492 0.754289 0.241889 0.945343 -0.218669 -0.714481 0.326013 0.619057 18.974399 -60.707652 352.184789
0.646642 0.006704 0.762764 0.245567 0.944897 -0.216487 -0.722185 0.327299 0.609364 19.240665 -60.786152 352.375050
0.635812 0.007984 0.771803 0.248073 0.944778 -0.214136 -0.730892 0.327614 0.598721 19.508820 -60.865912 352.570104
0.625328 0.007778 0.780324 0.250596 0.944987 -0.210240 -0.739031 0.327014 0.588977 19.788383 -60.948910 352.770087
0.614064 0.007550 0.789220 0.252491 0.945525 -0.205500 -0.747779 0.325461 0.578707 20.112147 -61.040924 352.995914
0.603743 0.007869 0.797140 0.253527 0.946139 -0.201358 -0.755790 0.323665 0.569230 20.401070 -61.121213 353.196250
0.592250 0.009237 0.805702 0.254414 0.946638 -0.197865 -0.764535 0.322167 0.558296 20.653917 -61.189562 353.364219
0.579646 0.010604 0.814799 0.255906 0.946959 -0.194375 -0.773642 0.321181 0.546187 20.866823 -61.246733 353.492880
0.568036 0.011847 0.822918 0.258371 0.946779 -0.191976 -0.781396 0.321667 0.534744 21.109194 -61.307280 353.638094
0.556914 0.014577 0.830442 0.260192 0.946456 -0.191104 -0.788763 0.322503 0.523302 21.323270 -61.359295 353.759906
0.546018 0.018321 0.837573 0.262316 0.945751 -0.191692 -0.795647 0.324376 0.511591 21.484257 -61.395268 353.845992
0.534044 0.021282 0.845189 0.265139 0.945037 -0.191328 -0.802807 0.326270 0.499049 21.675818 -61.434906 353.950017
0.518458 0.021491 0.854833 0.270088 0.944392 -0.187552 -0.811329 0.328117 0.483823 21.937924 -61.489346 354.081272
0.503146 0.021395 0.863936 0.272859 0.944624 -0.182303 -0.819995 0.327458 0.469446 22.154544 -61.538123 354.184773
0.488140 0.022031 0.872487 0.275699 0.944600 -0.178101 -0.828076 0.327482 0.455023 22.389952 -61.591826 354.296004
0.474735 0.023382 0.879818 0.278830 0.944160 -0.175544 -0.834793 0.328657 0.441707 22.596767 -61.638893 354.388631
0.460160 0.025394 0.887473 0.282153 0.943588 -0.173298 -0.841809 0.330148 0.427036 22.810211 -61.681452 354.473545
0.445167 0.027861 0.895014 0.284678 0.943256 -0.170958 -0.848991 0.330895 0.411975 23.009978 -61.718075 354.553010
0.430086 0.030398 0.902276 0.288117 0.942548 -0.169091 -0.855579 0.332684 0.396619 23.187778 -61.748664 354.620988
0.412959 0.033954 0.910117 0.291150 0.941944 -0.167249 -0.862958 0.334048 0.379099 23.374831 -61.776558 354.687877
0.396365 0.037978 0.917307 0.295088 0.940858 -0.166460 -0.869378 0.336665 0.361716 23.566674 -61.802459 354.754363
0.375351 0.040481 0.925998 0.298610 0.940499 -0.162155 -0.877464 0.337377 0.340929 23.798958 -61.840335 354.818883
0.350043 0.042646 0.935762 0.302710 0.940215 -0.156084 -0.886474 0.337901 0.316207 24.070409 -61.881609 354.891742
0.320673 0.043517 0.946190 0.307992 0.939869 -0.147607 -0.895717 0.338753 0.287988 24.350233 -61.925251 354.955376
0.287975 0.043533 0.956648 0.314322 0.939326 -0.137363 -0.904584 0.340253 0.256819 24.627191 -61.961236 354.992221
0.253162 0.043539 0.966444 0.320575 0.938769 -0.126267 -0.912765 0.341784 0.223703 24.984111 -62.006724 355.035780
0.214729 0.043551 0.975702 0.327617 0.937912 -0.113965 -0.920086 0.344129 0.187129 25.307489 -62.040201 355.056387
0.171457 0.042721 0.984265 0.333392 0.937600 -0.098772 -0.927066 0.345081 0.146516 25.631455 -62.063549 355.059671
0.129091 0.042709 0.990713 0.338825 0.937043 -0.084544 -0.931951 0.346592 0.106493 26.041968 -62.093397 355.056552
0.084606 0.042458 0.995510 0.340993 0.937533 -0.068965 -0.936251 0.345296 0.064843 26.521466 -62.128134 355.049276
0.035178 0.041922 0.998501 0.343957 0.937573 -0.051481 -0.938326 0.345253 0.018563 26.934496 -62.150477 355.019356
-0.016365 0.042476 0.998963 0.347328 0.937121 -0.034157 -0.937601 0.346409 -0.030089 27.423839 -62.166414 354.969542
-0.069377 0.043182 0.996655 0.351472 0.936060 -0.016091 -0.933624 0.349180 -0.080118 27.872798 -62.169665 354.890610
-0.124508 0.043826 0.991250 0.353917 0.935272 0.003104 -0.926952 0.351207 -0.131959 28.310401 -62.160220 354.785467
-0.182984 0.045304 0.982071 0.353324 0.935226 0.022690 -0.917430 0.351142 -0.187138 28.738410 -62.142487 354.661097
-0.241877 0.046270 0.969203 0.351869 0.935053 0.043174 -0.904259 0.351475 -0.242448 29.224037 -62.114653 354.496225
-0.300308 0.047355 0.952666 0.349956 0.934587 0.063860 -0.887325 0.352569 -0.297237 29.689936 -62.081408 354.324882
-0.353188 0.047244 0.934359 0.346142 0.934450 0.083593 -0.869163 0.352945 -0.346390 30.081848 -62.032219 354.123596
-0.405573 0.047294 0.912838 0.342436 0.933794 0.103764 -0.847495 0.354673 -0.394916 30.417320 -61.974870 353.910602
-0.453095 0.046861 0.890230 0.338734 0.932768 0.123304 -0.824599 0.357419 -0.438506 30.740518 -61.913230 353.703259
-0.495532 0.047181 0.867307 0.335248 0.931539 0.140867 -0.801285 0.360567 -0.477425 31.070909 -61.842324 353.480353
-0.531471 0.047895 0.845721 0.330908 0.930807 0.155237 -0.779768 0.362360 -0.510546 31.447917 -61.765026 353.221152
-0.562624 0.048331 0.825299 0.326379 0.930185 0.168026 -0.759560 0.363896 -0.539118 31.825366 -61.685811 352.944738
-0.587722 0.047371 0.807675 0.322420 0.929304 0.180111 -0.742044 0.366265 -0.561445 32.295260 -61.579301 352.595161
-0.604662 0.047141 0.795086 0.318764 0.929137 0.187331 -0.729913 0.366717 -0.576840 32.833861 -61.452159 352.196640
-0.619090 0.047542 0.783880 0.315492 0.929132 0.192817 -0.719161 0.366679 -0.590215 33.286694 -61.337249 351.846400
-0.629333 0.049101 0.775583 0.313033 0.929474 0.195162 -0.711302 0.365605 -0.600319 33.768492 -61.212566 351.464439
-0.636199 0.050143 0.769894 0.311182 0.929795 0.196587 -0.705986 0.364645 -0.607139 34.292736 -61.075860 351.038713
-0.641899 0.050122 0.765150 0.309469 0.929917 0.198704 -0.701566 0.364338 -0.612424 34.819032 -60.947300 350.607977
-0.645519 0.049267 0.762154 0.307962 0.929985 0.200718 -0.698903 0.364282 -0.615495 35.420492 -60.796476 350.112354
-0.647650 0.049062 0.760357 0.308487 0.929360 0.202794 -0.696696 0.365900 -0.617035 36.085291 -60.630061 349.562632
-0.649166 0.049077 0.759062 0.308771 0.929001 0.204003 -0.695157 0.366808 -0.618230 36.713759 -60.465262 349.041388
-0.650600 0.049537 0.757804 0.308771 0.928921 0.204367 -0.693816 0.366949 -0.619651 37.340347 -60.298092 348.525090
-0.651361 0.049885 0.757126 0.308134 0.929243 0.203864 -0.693385 0.366085 -0.620644 37.949169 -60.138564 348.029867
-0.651148 0.050263 0.757285 0.308437 0.929215 0.203534 -0.693450 0.366105 -0.620559 38.574498 -59.972717 347.520241
-0.650714 0.050970 0.757610 0.308896 0.929224 0.202795 -0.693653 0.365985 -0.620403 39.140083 -59.823670 347.054850
-0.650226 0.051940 0.757964 0.309727 0.929113 0.202034 -0.693740 0.366129 -0.620220 39.735721 -59.671441 346.572854
-0.648765 0.052849 0.759151 0.310505 0.929149 0.200672 -0.694759 0.365909 -0.619209 40.342074 -59.513289 346.078625
-0.647754 0.054545 0.759895 0.310812 0.929572 0.198220 -0.695565 0.364583 -0.619087 41.000777 -59.341334 345.546099
-0.646797 0.055779 0.760620 0.310643 0.930110 0.195948 -0.696531 0.363020 -0.618920 41.624310 -59.182964 345.044414
-0.647078 0.058338 0.760189 0.310628 0.930735 0.192983 -0.696276 0.361011 -0.620380 42.244117 -59.023198 344.538322
-0.645591 0.061003 0.761243 0.311854 0.930965 0.189872 -0.697108 0.359977 -0.620046 42.862178 -58.867176 344.024314
-0.643100 0.061861 0.763280 0.311187 0.931836 0.186668 -0.699704 0.357569 -0.618514 43.452716 -58.728866 343.540924
-0.640400 0.062312 0.765509 0.311026 0.932360 0.184301 -0.702246 0.356120 -0.616464 44.059791 -58.592286 343.048951
-0.636597 0.063386 0.768587 0.311542 0.932813 0.181111 -0.705468 0.354742 -0.613574 44.765221 -58.437931 342.480491
-0.632348 0.065171 0.771939 0.312463 0.933262 0.177169 -0.708875 0.353234 -0.610509 45.503150 -58.280627 341.894788
-0.628423 0.066259 0.775045 0.311891 0.934231 0.173020 -0.712607 0.350460 -0.607758 46.289830 -58.118116 341.278743
-0.622148 0.066057 0.780108 0.312477 0.934577 0.170068 -0.717837 0.349573 -0.602087 47.079947 -57.962273 340.669564
-0.615157 0.066802 0.785570 0.313215 0.935106 0.165752 -0.723518 0.348016 -0.596160 47.861206 -57.811950 340.075955
-0.608012 0.067598 0.791045 0.313933 0.935636 0.161341 -0.729224 0.346433 -0.590099 48.641922 -57.656352 339.496843
-0.601952 0.068899 0.795554 0.314755 0.936084 0.157087 -0.733882 0.344963 -0.585164 49.420716 -57.515674 338.927763
-0.597965 0.068665 0.798576 0.315159 0.936215 0.155489 -0.736962 0.344655 -0.581464 50.236257 -57.371803 338.338779
-0.594039 0.070237 0.801364 0.316997 0.936013 0.152947 -0.739344 0.344887 -0.578293 51.071924 -57.219666 337.724429
-0.591242 0.071709 0.803300 0.318281 0.935940 0.150711 -0.741033 0.344782 -0.576190 51.915415 -57.078644 337.115616
-0.587431 0.072778 0.805995 0.318688 0.936277 0.147726 -0.743884 0.343640 -0.573191 52.703345 -56.948939 336.551277
-0.582464 0.073855 0.809494 0.319553 0.936487 0.144490 -0.747410 0.342837 -0.569071 53.511680 -56.819509 335.982903
-0.578661 0.074553 0.812153 0.319825 0.936793 0.141882 -0.750242 0.341849 -0.565930 54.278052 -56.696309 335.450957
-0.575320 0.075553 0.814431 0.321004 0.936693 0.139865 -0.752305 0.341903 -0.563151 55.060137 -56.580298 334.900110
-0.572857 0.076537 0.816074 0.321365 0.936887 0.137720 -0.754029 0.341151 -0.561299 55.900133 -56.458307 334.325040
-0.569798 0.077455 0.818126 0.322176 0.936906 0.135685 -0.755998 0.340894 -0.558801 56.707934 -56.339749 333.767895
-0.566388 0.078891 0.820354 0.323832 0.936648 0.133506 -0.757850 0.341272 -0.556054 57.519762 -56.221679 333.214248
-0.563591 0.080725 0.822100 0.324839 0.936693 0.130716 -0.759503 0.340721 -0.554134 58.264485 -56.114485 332.708480
-0.561162 0.082203 0.823614 0.324954 0.937044 0.127880 -0.761250 0.339398 -0.552546 59.042605 -56.006008 332.196183
-0.559125 0.082748 0.824944 0.324496 0.937471 0.125899 -0.762943 0.338085 -0.551015 59.792840 -55.902669 331.699896
-0.556966 0.082799 0.826397 0.324007 0.937839 0.124406 -0.764727 0.337049 -0.549172 60.597727 -55.794606 331.168905
-0.556161 0.083482 0.826871 0.324122 0.937944 0.123312 -0.765264 0.336588 -0.548707 61.438955 -55.685418 330.608776
-0.555123 0.085314 0.827381 0.324442 0.938141 0.120947 -0.765882 0.335578 -0.548463 62.215732 -55.581251 330.091218
-0.552843 0.087849 0.828642 0.325692 0.938104 0.117837 -0.767000 0.335028 -0.547236 62.935817 -55.486544 329.606354
-0.551084 0.089081 0.829681 0.325818 0.938330 0.115666 -0.768212 0.334067 -0.546123 63.737867 -55.388088 329.074414
-0.548816 0.088041 0.831294 0.326834 0.937881 0.116444 -0.769403 0.335602 -0.543499 64.513382 -55.293209 328.561195
-0.548266 0.086483 0.831820 0.326952 0.937643 0.118014 -0.769744 0.336669 -0.542354 65.317276 -55.195978 328.033439
-0.547766 0.086290 0.832170 0.327653 0.937340 0.118478 -0.769802 0.337561 -0.541716 66.223094 -55.085656 327.439684
-0.547501 0.087169 0.832252 0.328159 0.937260 0.117713 -0.769776 0.337559 -0.541756 67.069097 -54.983077 326.894886
-0.545475 0.089105 0.833377 0.329106 0.937239 0.115202 -0.770809 0.337109 -0.540565 67.887373 -54.884655 326.361545
-0.543648 0.090304 0.834441 0.328807 0.937643 0.112749 -0.772226 0.335666 -0.539440 68.739226 -54.787171 325.804061
-0.540926 0.093856 0.835817 0.330469 0.937549 0.108594 -0.773427 0.334952 -0.538161 69.578499 -54.691730 325.256473
-0.538495 0.097359 0.836986 0.333283 0.936912 0.105443 -0.773916 0.335733 -0.536970 70.411924 -54.599901 324.711431
-0.537020 0.101105 0.837488 0.334761 0.936814 0.101562 -0.774302 0.334900 -0.536934 71.338963 -54.502635 324.107846
-0.536540 0.104277 0.837407 0.336005 0.936680 0.098645 -0.774096 0.334300 -0.537604 72.226123 -54.415692 323.531733
-0.535540 0.105543 0.837889 0.335424 0.937128 0.096344 -0.775040 0.332644 -0.537271 73.061505 -54.337082 322.992333
-0.533232 0.106468 0.839242 0.335737 0.937211 0.094422 -0.776495 0.332114 -0.535497 73.915865 -54.254240 322.444669
-0.531370 0.105091 0.840596 0.336399 0.936862 0.095523 -0.777484 0.333534 -0.533173 74.753010 -54.169378 321.905035
-0.530038 0.104677 0.841489 0.337014 0.936616 0.095768 -0.778127 0.334354 -0.531719 75.642899 -54.085416 321.341806
-0.527610 0.106030 0.842843 0.337715 0.936585 0.093583 -0.779472 0.334016 -0.529960 76.458139 -54.013729 320.836223
-0.524966 0.106977 0.844374 0.338095 0.936650 0.091534 -0.781091 0.333530 -0.527878 77.291771 -53.944479 320.312420
-0.522341 0.108451 0.845812 0.338266 0.936854 0.088776 -0.782774 0.332481 -0.526042 78.132291 -53.877808 319.780451
-0.520907 0.108953 0.846632 0.337884 0.937131 0.087290 -0.783894 0.331534 -0.524971 79.029858 -53.806231 319.211634
-0.520484 0.107822 0.847036 0.337235 0.937307 0.087910 -0.784455 0.331406 -0.524215 79.921916 -53.729443 318.656076
-0.518463 0.106841 0.848399 0.337366 0.937238 0.088138 -0.785736 0.331918 -0.521968 80.811953 -53.665195 318.105629
-0.515435 0.106809 0.850246 0.336132 0.937885 0.085951 -0.788253 0.330097 -0.519320 81.709218 -53.597126 317.551649
-0.512852 0.108548 0.851587 0.336180 0.938144 0.082877 -0.789915 0.328789 -0.517621 82.572543 -53.533072 317.019333
-0.510828 0.110260 0.852583 0.336127 0.938410 0.080032 -0.791248 0.327458 -0.516428 83.381851 -53.473216 316.527072
-0.509220 0.110979 0.853451 0.335855 0.938651 0.078333 -0.792399 0.326525 -0.515253 84.277103 -53.414760 315.985927
-0.508545 0.112129 0.853703 0.335127 0.939079 0.076290 -0.793141 0.324896 -0.515141 85.170308 -53.356353 315.444016
-0.506409 0.112114 0.854974 0.334358 0.939469 0.074850 -0.794830 0.323772 -0.513242 86.079507 -53.300659 314.898850
-0.503817 0.111877 0.856535 0.334957 0.939297 0.074336 -0.796224 0.324354 -0.510708 86.931340 -53.255327 314.386329
-0.500966 0.112036 0.858185 0.335267 0.939284 0.073089 -0.797890 0.324336 -0.508111 87.793934 -53.204531 313.870534
-0.498421 0.112005 0.859670 0.334501 0.939678 0.071508 -0.799804 0.323202 -0.505821 88.744417 -53.148307 313.313664
-0.494381 0.111942 0.862007 0.334161 0.939944 0.069585 -0.802449 0.322451 -0.502097 89.708975 -53.099075 312.755339
-0.491236 0.112047 0.863790 0.333266 0.940410 0.067542 -0.804749 0.321051 -0.499305 90.624514 -53.049382 312.219534
-0.487177 0.112219 0.866063 0.332837 0.940718 0.065334 -0.807390 0.320087 -0.495647 91.498500 -52.998251 311.716656
-0.485386 0.112501 0.867032 0.332247 0.941026 0.063898 -0.808710 0.319084 -0.494139 92.443605 -52.946499 311.175211
-0.485127 0.113160 0.867091 0.332127 0.941128 0.062999 -0.808915 0.318547 -0.494150 93.447576 -52.890876 310.603609
-0.484733 0.114967 0.867073 0.333871 0.940582 0.061935 -0.808433 0.319512 -0.494316 94.482760 -52.830795 310.003960
-0.484205 0.115249 0.867331 0.333870 0.940617 0.061402 -0.808750 0.319307 -0.493929 95.475862 -52.778076 309.434382
-0.482611 0.116183 0.868095 0.333855 0.940732 0.059700 -0.809708 0.318629 -0.492796 96.539748 -52.719448 308.824670
-0.481355 0.116197 0.868790 0.333627 0.940856 0.059011 -0.810549 0.318257 -0.491652 97.684166 -52.661280 308.182957
-0.481314 0.113086 0.869223 0.332097 0.941242 0.061437 -0.811202 0.318237 -0.490589 98.763863 -52.611182 307.572066
-0.480161 0.110695 0.870168 0.331519 0.941330 0.063186 -0.812121 0.318817 -0.488687 99.753953 -52.571113 307.013290
-0.481760 0.110816 0.869268 0.331474 0.941311 0.063707 -0.811192 0.318832 -0.490219 100.788034 -52.520433 306.431411
-0.480225 0.112776 0.869865 0.331132 0.941628 0.060728 -0.812241 0.317203 -0.489537 101.766365 -52.471550 305.871485
-0.477689 0.114804 0.870995 0.331282 0.941775 0.057556 -0.813674 0.316039 -0.487908 102.780255 -52.427269 305.295170
-0.475905 0.116383 0.871762 0.331777 0.941730 0.055397 -0.814517 0.315595 -0.486787 103.757204 -52.388363 304.734853
-0.472865 0.116675 0.873376 0.331799 0.941813 0.053825 -0.816277 0.315237 -0.484063 104.823922 -52.350666 304.131129
-0.471954 0.116180 0.873934 0.329634 0.942637 0.052700 -0.817680 0.312950 -0.483178 105.862740 -52.314936 303.548414
-0.470934 0.116060 0.874501 0.328732 0.942997 0.051878 -0.818631 0.311907 -0.482242 106.931600 -52.281900 302.943777
-0.469786 0.116645 0.875040 0.328385 0.943189 0.050572 -0.819429 0.311108 -0.481402 107.957229 -52.251016 302.369911
-0.469901 0.118433 0.874738 0.327797 0.943510 0.048346 -0.819599 0.309454 -0.482179 108.969748 -52.216542 301.798651
-0.469674 0.121034 0.874504 0.327719 0.943684 0.045401 -0.819760 0.307915 -0.482888 109.932556 -52.183408 301.257575
-0.469959 0.122661 0.874124 0.326499 0.944217 0.043041 -0.820083 0.305628 -0.483792 110.833449 -52.156922 300.751594
-0.469936 0.122405 0.874172 0.325077 0.944733 0.042469 -0.820661 0.304131 -0.483756 111.830057 -52.134299 300.195511
-0.469851 0.122356 0.874225 0.323785 0.945210 0.041726 -0.821221 0.302666 -0.483725 112.723490 -52.117027 299.698345
-0.468598 0.122673 0.874853 0.322808 0.945605 0.040312 -0.822320 0.301300 -0.482709 113.627388 -52.103556 299.197777
-0.467839 0.122601 0.875269 0.321601 0.946056 0.039383 -0.823225 0.299912 -0.482030 114.451564 -52.088316 298.742827
-0.468580 0.122719 0.874856 0.320771 0.946351 0.039059 -0.823128 0.298931 -0.482806 115.353371 -52.070851 298.237331
-0.468401 0.122927 0.874923 0.319872 0.946689 0.038237 -0.823579 0.297773 -0.482751 116.278709 -52.053984 297.719624
-0.468035 0.123344 0.875060 0.319953 0.946683 0.037691 -0.823755 0.297619 -0.482545 117.153379 -52.042104 297.229283
-0.467223 0.123992 0.875402 0.318422 0.947274 0.035777 -0.824809 0.295463 -0.482070 117.971565 -52.029295 296.781613
-0.467772 0.124292 0.875066 0.317676 0.947545 0.035229 -0.824785 0.294467 -0.482720 118.782673 -52.015543 296.329341
-0.468930 0.124944 0.874353 0.317772 0.947520 0.035027 -0.824091 0.294271 -0.484024 119.556486 -52.003363 295.894451
-0.468628 0.126486 0.874293 0.319707 0.946893 0.034376 -0.823514 0.295628 -0.484179 120.380024 -51.982916 295.428181
-0.468333 0.126597 0.874435 0.321001 0.946436 0.034902 -0.823178 0.297040 -0.483885 121.176605 -51.964450 294.977077
-0.469152 0.125628 0.874136 0.319272 0.947007 0.035254 -0.823384 0.295627 -0.484400 121.981337 -51.951164 294.528764
-0.470361 0.124535 0.873642 0.318695 0.947152 0.036569 -0.822918 0.295626 -0.485192 122.749405 -51.937367 294.093350
-0.471934 0.121716 0.873192 0.316048 0.947954 0.038678 -0.823038 0.294224 -0.485840 123.488203 -51.924033 293.673965
-0.473928 0.119748 0.872383 0.313328 0.948803 0.039979 -0.822933 0.292289 -0.487185 124.208924 -51.907799 293.265160
-0.474530 0.119727 0.872059 0.313295 0.948804 0.040216 -0.822598 0.292295 -0.487746 124.918441 -51.896777 292.860155
-0.474280 0.119082 0.872283 0.313342 0.948761 0.040848 -0.822724 0.292696 -0.487292 125.559342 -51.892276 292.493970
-0.472910 0.119074 0.873028 0.314177 0.948486 0.040820 -0.823194 0.293590 -0.485959 126.196813 -51.884075 292.132061
-0.470350 0.119513 0.874350 0.315217 0.948178 0.039965 -0.824263 0.294408 -0.483648 126.831023 -51.875957 291.771398
-0.465716 0.120760 0.876656 0.317127 0.947624 0.037935 -0.826159 0.295678 -0.479619 127.510631 -51.858564 291.392824
-0.459665 0.121959 0.879678 0.318743 0.947186 0.035237 -0.828921 0.296589 -0.474262 128.107451 -51.848623 291.066612
-0.448609 0.123823 0.885109 0.321321 0.946481 0.030449 -0.833968 0.298064 -0.464386 128.704119 -51.842444 290.752433
-0.433140 0.125164 0.892594 0.323928 0.945763 0.024570 -0.841107 0.299778 -0.450192 129.187966 -51.844224 290.507049
-0.412404 0.125392 0.902330 0.326473 0.945037 0.017885 -0.850493 0.301962 -0.430674 129.665431 -51.850697 290.285971
-0.387707 0.125773 0.913162 0.328272 0.944538 0.009282 -0.861349 0.303364 -0.407491 130.106516 -51.863025 290.101015
-0.358536 0.126697 0.924878 0.329073 0.944303 -0.001791 -0.873592 0.303711 -0.380259 130.582606 -51.879387 289.931870
-0.325582 0.127487 0.936880 0.329994 0.943883 -0.013761 -0.886059 0.304684 -0.349381 131.070627 -51.903231 289.769424
-0.288827 0.127523 0.948850 0.328657 0.944068 -0.026839 -0.899202 0.304094 -0.314583 131.563662 -51.935440 289.633391
-0.249138 0.126530 0.960167 0.325993 0.944531 -0.039883 -0.911953 0.303071 -0.276566 131.999157 -51.973020 289.537280
-0.211013 0.126859 0.969216 0.323943 0.944585 -0.053107 -0.922244 0.302765 -0.240415 132.530639 -52.012664 289.420382
-0.167104 0.125845 0.977875 0.319951 0.945066 -0.066948 -0.932581 0.301685 -0.198189 133.025654 -52.055502 289.343352
-0.120643 0.124935 0.984803 0.313247 0.946155 -0.081658 -0.941978 0.298635 -0.153283 133.539384 -52.111524 289.289826
-0.071183 0.122322 0.989934 0.304221 0.947828 -0.095244 -0.949938 0.294379 -0.104683 134.022081 -52.176134 289.275079
-0.020340 0.119446 0.992632 0.295411 0.949227 -0.108169 -0.955154 0.291035 -0.054593 134.534231 -52.253687 289.274184
0.028839 0.116546 0.992767 0.286521 0.950540 -0.119912 -0.957640 0.287906 -0.005980 134.980432 -52.327618 289.300252
0.078557 0.113323 0.990448 0.276763 0.951985 -0.130873 -0.957722 0.284400 0.043421 135.450536 -52.411037 289.358667
0.133137 0.110659 0.984901 0.265897 0.953328 -0.143055 -0.954764 0.280928 0.097500 135.870194 -52.494095 289.437112
0.188862 0.107993 0.976048 0.254247 0.954667 -0.154823 -0.948520 0.277397 0.152843 136.301115 -52.580662 289.545143
0.241408 0.107337 0.964469 0.242962 0.955525 -0.167155 -0.939517 0.274682 0.204593 136.887287 -52.703576 289.700758
0.293989 0.108438 0.949638 0.229560 0.956452 -0.180283 -0.927832 0.271000 0.256293 137.407847 -52.816801 289.880989
0.346425 0.109289 0.931690 0.216106 0.957179 -0.192632 -0.912846 0.268076 0.307973 137.813839 -52.920069 290.053183
0.399511 0.111144 0.909966 0.201043 0.957837 -0.205256 -0.894412 0.264945 0.360322 138.192681 -53.024361 290.261741
0.448581 0.112345 0.886653 0.186961 0.958323 -0.216014 -0.873969 0.262669 0.408881 138.546921 -53.130272 290.476409
0.497517 0.113679 0.859973 0.170210 0.959311 -0.225281 -0.850591 0.258457 0.457925 138.881407 -53.237049 290.717499
0.542985 0.116002 0.831691 0.154003 0.959859 -0.234421 -0.825500 0.255370 0.503325 139.126014 -53.331279 290.925890
0.584139 0.118410 0.802970 0.139370 0.959975 -0.242951 -0.799599 0.253827 0.544255 139.349097 -53.422450 291.134328
0.623989 0.122687 0.771742 0.123222 0.959794 -0.252213 -0.771657 0.252473 0.583783 139.595451 -53.526882 291.372041
0.662149 0.125128 0.738852 0.109900 0.959085 -0.260916 -0.741270 0.253965 0.621306 139.859231 -53.638699 291.625748
0.695010 0.128985 0.707336 0.094905 0.958712 -0.268075 -0.712709 0.253444 0.654073 140.099435 -53.747101 291.884694
0.722748 0.131817 0.678425 0.081124 0.958675 -0.272693 -0.686334 0.252124 0.682187 140.374034 -53.873886 292.193973
0.746229 0.134655 0.651929 0.070233 0.957937 -0.278253 -0.661974 0.253427 0.705383 140.591629 -53.980335 292.456211
0.764241 0.136637 0.630291 0.062793 0.956892 -0.283576 -0.641867 0.256298 0.722716 140.876008 -54.115924 292.809183
0.778071 0.139840 0.612414 0.055012 0.955993 -0.288187 -0.625763 0.257920 0.736137 141.224732 -54.295496 293.253759
0.788581 0.144526 0.597706 0.049160 0.954061 -0.295553 -0.612963 0.262451 0.745249 141.606166 -54.496465 293.738004
0.794761 0.149536 0.588213 0.044274 0.952306 -0.301916 -0.605306 0.265994 0.750235 142.030036 -54.722910 294.287485
0.799327 0.153482 0.580964 0.039842 0.951165 -0.306101 -0.599574 0.267822 0.754177 142.448518 -54.946289 294.832331
0.802060 0.154564 0.576897 0.037373 0.951050 -0.306768 -0.596074 0.267607 0.757022 142.875435 -55.181822 295.395456
0.803795 0.155052 0.574345 0.034911 0.951480 -0.305722 -0.593881 0.265789 0.759382 143.279995 -55.403065 295.922807
0.806023 0.153615 0.571602 0.034061 0.952095 -0.303901 -0.590903 0.264420 0.762178 143.716641 -55.643130 296.498589
0.806883 0.155477 0.569883 0.031541 0.952025 -0.304392 -0.589869 0.263583 0.763269 144.089790 -55.851952 296.992307
0.806833 0.156137 0.569774 0.031243 0.951817 -0.305072 -0.589953 0.263944 0.763078 144.479601 -56.061924 297.500487
0.806920 0.155846 0.569730 0.032183 0.951530 -0.305867 -0.589783 0.265146 0.762793 144.851144 -56.265446 297.981503
0.806516 0.156424 0.570144 0.032579 0.951139 -0.307039 -0.590315 0.266207 0.762012 145.238349 -56.476564 298.483503
0.806481 0.156699 0.570117 0.031984 0.951267 -0.306705 -0.590394 0.265587 0.762167 145.678930 -56.718608 299.064399
0.806258 0.156570 0.570469 0.031946 0.951408 -0.306271 -0.590701 0.265158 0.762078 146.119395 -56.961880 299.647620
0.804919 0.157494 0.572102 0.030656 0.951809 -0.305155 -0.592592 0.263163 0.761301 146.559978 -57.206975 300.237256
0.803889 0.158071 0.573390 0.030067 0.952005 -0.304601 -0.594019 0.262105 0.760554 147.008091 -57.452434 300.836553
0.803656 0.157968 0.573745 0.030354 0.951988 -0.304625 -0.594320 0.262229 0.760276 147.436243 -57.679006 301.390879
0.804254 0.157563 0.573018 0.030717 0.951903 -0.304857 -0.593492 0.262783 0.760732 147.892991 -57.931423 301.987341
0.805353 0.157204 0.571571 0.030785 0.951804 -0.305159 -0.591996 0.263356 0.761698 148.308830 -58.166911 302.540400
0.806904 0.157830 0.569207 0.029862 0.951509 -0.306167 -0.589928 0.264045 0.763063 148.749238 -58.414440 303.131442
0.809104 0.157517 0.566161 0.028900 0.951577 -0.306050 -0.586954 0.263988 0.765372 149.146494 -58.633020 303.664080
0.811414 0.156910 0.563016 0.027822 0.951828 -0.305366 -0.583810 0.263443 0.767961 149.543264 -58.853578 304.202547
0.813974 0.156899 0.559312 0.025772 0.952132 -0.304599 -0.580330 0.262350 0.770967 149.960942 -59.085748 304.766501
0.816252 0.156654 0.556051 0.023848 0.952574 -0.303373 -0.577204 0.260889 0.773804 150.430167 -59.342038 305.414313
0.817701 0.157127 0.553783 0.021549 0.952996 -0.302216 -0.575240 0.259056 0.775880 150.874642 -59.587716 306.032356
0.819969 0.159638 0.549696 0.017528 0.952871 -0.302870 -0.572139 0.257979 0.778527 151.349953 -59.861143 306.707844
0.821969 0.164981 0.545113 0.011792 0.951989 -0.305905 -0.569410 0.257872 0.780560 151.791761 -60.116282 307.348601
0.823563 0.169692 0.541247 0.007247 0.950977 -0.309177 -0.567178 0.258549 0.781960 152.237855 -60.377730 308.001191
0.824765 0.172191 0.538622 0.003152 0.951096 -0.308880 -0.565467 0.256452 0.783887 152.674136 -60.634547 308.631669
0.824642 0.174934 0.537926 -0.001682 0.951732 -0.306925 -0.565653 0.252198 0.785132 153.092740 -60.878972 309.247306
0.824268 0.176356 0.538034 -0.004268 0.952164 -0.305559 -0.566184 0.249566 0.785591 153.511793 -61.115915 309.852081
0.822168 0.179398 0.540237 -0.007431 0.952343 -0.304939 -0.569196 0.246697 0.784319 153.953695 -61.359711 310.488723
0.820247 0.180755 0.542700 -0.008047 0.952312 -0.305020 -0.571953 0.245825 0.782585 154.361929 -61.589085 311.053621
0.816944 0.181360 0.547458 -0.006391 0.952056 -0.305858 -0.576681 0.246370 0.778936 154.796619 -61.841205 311.655211
0.814189 0.182044 0.551322 -0.005052 0.951759 -0.306805 -0.580577 0.247012 0.775832 155.243541 -62.099718 312.273405
0.811821 0.182334 0.554708 -0.003619 0.951548 -0.307480 -0.583895 0.247612 0.773146 155.727080 -62.377814 312.938612
0.809243 0.180733 0.558983 -0.000959 0.951906 -0.306388 -0.587474 0.247406 0.770496 156.307123 -62.705519 313.726694
0.806147 0.180542 0.563500 0.000528 0.952095 -0.305801 -0.591716 0.246818 0.767433 156.892869 -63.034056 314.517021
0.803111 0.180236 0.567914 0.001643 0.952477 -0.304606 -0.595827 0.245566 0.764649 157.487897 -63.369200 315.318629
0.799219 0.180900 0.573170 0.003439 0.952239 -0.305335 -0.601030 0.246001 0.760425 158.012992 -63.652358 316.013791
0.794743 0.182119 0.578978 0.005905 0.951556 -0.307419 -0.606917 0.247738 0.755167 158.534584 -63.938721 316.696772
0.791189 0.182358 0.583752 0.008265 0.951235 -0.308358 -0.611516 0.248794 0.751099 159.157684 -64.268030 317.491674
0.786938 0.181845 0.589628 0.012084 0.950862 -0.309380 -0.616914 0.250588 0.746071 159.771005 -64.592912 318.252928
0.781019 0.181813 0.597456 0.014956 0.950964 -0.308941 -0.624328 0.250224 0.740001 160.295211 -64.871729 318.896601
0.775793 0.181758 0.604243 0.018514 0.950646 -0.309726 -0.630716 0.251470 0.734139 160.863798 -65.175064 319.575867
0.771921 0.181976 0.609117 0.020719 0.950444 -0.310205 -0.635381 0.252074 0.729897 161.427628 -65.469809 320.246727
0.769335 0.181909 0.612399 0.023079 0.950063 -0.311202 -0.638429 0.253552 0.726719 161.993833 -65.767081 320.908867
0.767378 0.182977 0.614533 0.024851 0.949211 -0.313658 -0.640714 0.255966 0.723856 162.562880 -66.056304 321.562141
0.765300 0.185923 0.616238 0.024236 0.948374 -0.316228 -0.643217 0.256944 0.721284 163.121732 -66.349653 322.210611
0.765169 0.186398 0.616257 0.024801 0.947930 -0.317513 -0.643352 0.258235 0.720703 163.705526 -66.659895 322.886503
0.765733 0.186233 0.615606 0.024322 0.948090 -0.317070 -0.642699 0.257763 0.721454 164.283071 -66.967579 323.562241
0.765969 0.186833 0.615130 0.022878 0.948310 -0.316519 -0.642471 0.256516 0.722102 164.891304 -67.296093 324.268347
0.766809 0.186397 0.614215 0.021603 0.948871 -0.314925 -0.641511 0.254756 0.723576 165.516991 -67.637111 325.003894
0.767053 0.186457 0.613892 0.020201 0.949345 -0.313585 -0.641266 0.252938 0.724431 166.115520 -67.964317 325.710681
0.767340 0.186714 0.613455 0.018806 0.949705 -0.312580 -0.640965 0.251392 0.725235 166.674789 -68.267093 326.374129
0.768552 0.187335 0.611747 0.017016 0.949848 -0.312250 -0.639562 0.250390 0.726819 167.164469 -68.536484 326.955473
0.769539 0.189257 0.609911 0.013783 0.949931 -0.312156 -0.638450 0.248623 0.728401 167.612157 -68.786579 327.488965
0.769898 0.191583 0.608731 0.010742 0.949848 -0.312527 -0.638077 0.247153 0.729228 167.977626 -68.988532 327.927641
0.768890 0.194064 0.609219 0.008855 0.949502 -0.313636 -0.639320 0.246546 0.728344 168.345414 -69.184246 328.366753
0.767178 0.196604 0.610561 0.007181 0.949176 -0.314663 -0.641394 0.245787 0.726776 168.779880 -69.418484 328.884699
0.763620 0.199263 0.614148 0.006267 0.948854 -0.315652 -0.645635 0.244887 0.723316 169.246513 -69.672398 329.435208
0.758559 0.201588 0.619637 0.007517 0.948170 -0.317673 -0.651561 0.245632 0.717728 169.744043 -69.942756 330.013290
0.752263 0.203587 0.626620 0.010286 0.947318 -0.320130 -0.658783 0.247267 0.710538 170.259182 -70.216899 330.592700
0.745890 0.203003 0.634380 0.016217 0.946606 -0.321984 -0.665872 0.250453 0.702772 170.745102 -70.465131 331.113872
0.739977 0.202538 0.641415 0.019750 0.946635 -0.321702 -0.672343 0.250720 0.696488 171.342620 -70.777664 331.761668
0.731236 0.201349 0.651731 0.023126 0.947575 -0.318696 -0.681733 0.248114 0.688244 171.928913 -71.074704 332.378861
0.722730 0.200207 0.661497 0.028338 0.947734 -0.317800 -0.690550 0.248429 0.679282 172.528533 -71.373280 332.988276
0.715012 0.198997 0.670192 0.034410 0.947455 -0.318034 -0.698264 0.250459 0.670595 173.145568 -71.676026 333.586411
0.706348 0.197797 0.679668 0.039919 0.947508 -0.317230 -0.706738 0.251206 0.661375 173.805722 -71.994683 334.207727
0.696343 0.196607 0.690255 0.045337 0.947777 -0.315695 -0.716276 0.251126 0.651065 174.508577 -72.330586 334.858181
0.688951 0.194973 0.698092 0.049750 0.948148 -0.313911 -0.723098 0.250999 0.643528 175.249835 -72.682621 335.538884
0.683907 0.194623 0.703131 0.052907 0.947994 -0.313860 -0.727648 0.251852 0.638043 175.958117 -73.009739 336.173564
0.679643 0.194520 0.707281 0.055744 0.947715 -0.314211 -0.731421 0.252979 0.633265 176.657247 -73.336130 336.785957
0.673267 0.193194 0.713713 0.058654 0.948265 -0.312015 -0.737069 0.251931 0.627104 177.446175 -73.685932 337.469899
0.669542 0.189122 0.718294 0.059445 0.950297 -0.305617 -0.740392 0.247323 0.625021 178.247636 -74.039268 338.162190
0.666142 0.185643 0.722351 0.058523 0.952530 -0.298767 -0.743525 0.241296 0.623656 179.081864 -74.403955 338.878321
0.665456 0.183011 0.723654 0.059763 0.953302 -0.296045 -0.744040 0.240253 0.623444 179.810463 -74.708510 339.483929
0.664877 0.186809 0.723216 0.060875 0.951449 -0.301727 -0.744468 0.244638 0.621224 180.377766 -74.962039 339.968780
0.665173 0.192205 0.721527 0.063662 0.948186 -0.311273 -0.743970 0.252984 0.618472 181.010586 -75.245148 340.512902
0.665050 0.198330 0.719982 0.064916 0.945089 -0.320302 -0.743972 0.259755 0.615657 181.638220 -75.527036 341.050295
0.665413 0.200483 0.719049 0.065575 0.943836 -0.323841 -0.743590 0.262640 0.614894 182.260151 -75.815096 341.584685
0.665395 0.199546 0.719326 0.064755 0.944548 -0.321924 -0.743677 0.260787 0.615577 182.883588 -76.110917 342.114842
0.663291 0.198005 0.721692 0.064385 0.945688 -0.318635 -0.745587 0.257813 0.614518 183.603153 -76.448212 342.718340
0.660524 0.197165 0.724455 0.063099 0.946912 -0.315239 -0.748149 0.253935 0.613017 184.261896 -76.750475 343.269910
0.655968 0.197356 0.728530 0.063451 0.947376 -0.313772 -0.752117 0.252050 0.608926 184.986146 -77.077726 343.870734
0.650692 0.199067 0.732784 0.064776 0.946956 -0.314768 -0.756574 0.252283 0.603282 185.615327 -77.361508 344.386040
0.644533 0.200255 0.737885 0.069000 0.945918 -0.316984 -0.761457 0.255220 0.595858 186.324877 -77.667721 344.954358
0.636592 0.201705 0.744355 0.072666 0.945208 -0.318278 -0.767769 0.256703 0.587055 186.976822 -77.950692 345.458435
0.627852 0.204205 0.751068 0.074369 0.944815 -0.319051 -0.774772 0.256173 0.578017 187.701781 -78.269249 346.014107
0.619704 0.206703 0.757126 0.078196 0.943633 -0.321624 -0.780930 0.258516 0.568610 188.397477 -78.576473 346.532861
0.609450 0.210337 0.764414 0.084276 0.941516 -0.326260 -0.788333 0.263261 0.556080 189.015670 -78.844004 346.969805
0.600197 0.213146 0.770930 0.090281 0.939628 -0.330074 -0.794741 0.267709 0.544719 189.660264 -79.122176 347.413426
0.594534 0.211366 0.775793 0.093784 0.940017 -0.327982 -0.798583 0.267753 0.539049 190.394187 -79.443453 347.916926
0.589753 0.208458 0.780216 0.096323 0.941058 -0.324241 -0.801819 0.266375 0.534912 191.105474 -79.750116 348.400349
0.587098 0.205792 0.782921 0.097876 0.942007 -0.321004 -0.803577 0.265090 0.532908 191.827952 -80.057601 348.878465
0.585846 0.204971 0.784073 0.098634 0.942261 -0.320023 -0.804398 0.264821 0.531803 192.463395 -80.317881 349.302691
0.585445 0.204628 0.784462 0.099153 0.942285 -0.319794 -0.804626 0.265004 0.531367 193.085166 -80.569024 349.713400
0.585389 0.205433 0.784294 0.097912 0.942372 -0.319919 -0.804819 0.264069 0.531540 193.762413 -80.853630 350.170673
0.584254 0.205832 0.785036 0.096398 0.942855 -0.318954 -0.805826 0.262025 0.531025 194.403568 -81.126401 350.601713
0.583147 0.206896 0.785578 0.094603 0.943150 -0.318620 -0.806839 0.260121 0.530422 194.976173 -81.365999 350.982692
0.582120 0.206865 0.786348 0.094136 0.943446 -0.317880 -0.807636 0.259068 0.529725 195.572141 -81.611639 351.382472
0.580138 0.207151 0.787736 0.093640 0.943745 -0.317139 -0.809117 0.257748 0.528105 196.184015 -81.862115 351.790955
0.577380 0.207602 0.789641 0.093444 0.943977 -0.316504 -0.811110 0.256531 0.525635 196.798894 -82.112647 352.200850
0.572122 0.207210 0.793562 0.093685 0.944716 -0.314221 -0.814800 0.254117 0.521080 197.378085 -82.348443 352.583254
0.566749 0.205477 0.797856 0.096794 0.945089 -0.312151 -0.818185 0.254139 0.515739 198.057932 -82.626953 353.015741
0.560619 0.202820 0.802851 0.101671 0.945346 -0.309813 -0.821808 0.255313 0.509358 198.764112 -82.912755 353.452167
0.553329 0.202408 0.807996 0.105224 0.945270 -0.308855 -0.826290 0.255919 0.501748 199.483604 -83.204149 353.897594
0.544826 0.202093 0.813833 0.108711 0.945312 -0.307519 -0.831473 0.256017 0.493061 200.164577 -83.477759 354.299655
0.538578 0.201063 0.818234 0.112418 0.945281 -0.306278 -0.835042 0.256939 0.486505 200.880117 -83.758612 354.720772
0.529326 0.202465 0.823906 0.116431 0.944586 -0.306923 -0.840392 0.258390 0.476420 201.565739 -84.022626 355.108650
0.518889 0.202943 0.830402 0.121774 0.943956 -0.306787 -0.846124 0.260310 0.465095 202.208021 -84.271470 355.453483
0.507396 0.203767 0.837274 0.127057 0.943328 -0.306575 -0.852294 0.261937 0.452751 202.910829 -84.539047 355.824233
0.497710 0.203500 0.843133 0.132803 0.942744 -0.305937 -0.857116 0.264238 0.442188 203.752113 -84.860766 356.257392
0.489968 0.202914 0.847796 0.136144 0.942787 -0.304331 -0.861044 0.264534 0.434310 204.603915 -85.181663 356.686995
0.480767 0.202628 0.853115 0.139873 0.942753 -0.302743 -0.865621 0.264876 0.424902 205.431632 -85.490896 357.097267
0.472145 0.202271 0.858001 0.144912 0.942268 -0.301879 -0.869529 0.266865 0.415576 206.222723 -85.785498 357.476458
0.466211 0.202071 0.861287 0.147473 0.942191 -0.300878 -0.872295 0.267289 0.409460 207.042559 -86.089893 357.862173
0.461443 0.201548 0.863973 0.150730 0.941883 -0.300227 -0.874272 0.268764 0.404246 207.862040 -86.390978 358.235615
0.458995 0.202143 0.865137 0.152336 0.941444 -0.300794 -0.875281 0.269855 0.401324 208.712820 -86.703204 358.620012
0.456543 0.203844 0.866035 0.152536 0.941053 -0.301913 -0.876528 0.269938 0.398538 209.601644 -87.024225 359.022529
0.455622 0.204543 0.866355 0.153168 0.940713 -0.302652 -0.876897 0.270593 0.397280 210.430602 -87.329571 359.396537
0.455512 0.205146 0.866270 0.153023 0.940559 -0.303203 -0.876979 0.270672 0.397044 211.155453 -87.592729 359.731093
0.457513 0.205524 0.865125 0.153006 0.940215 -0.304279 -0.875940 0.271581 0.398714 211.901077 -87.867435 360.070938
0.460434 0.206041 0.863451 0.152588 0.939842 -0.305637 -0.874481 0.272478 0.401296 212.575202 -88.116561 360.385245
0.464088 0.206041 0.861493 0.152098 0.939590 -0.306655 -0.872633 0.273346 0.404714 213.191895 -88.349030 360.674935
0.467886 0.206480 0.859330 0.150514 0.939505 -0.307696 -0.870878 0.273307 0.408503 213.796214 -88.582858 360.959340
0.472173 0.207173 0.856815 0.148734 0.939331 -0.309089 -0.868868 0.273381 0.412713 214.344343 -88.789948 361.218585
0.475723 0.207449 0.854782 0.147107 0.939339 -0.309842 -0.867207 0.273143 0.416348 214.867504 -88.989490 361.466093
0.479810 0.207878 0.852390 0.145502 0.939220 -0.310958 -0.865223 0.273225 0.420401 215.371791 -89.184178 361.710450
0.482962 0.208467 0.850464 0.143542 0.939260 -0.311747 -0.863796 0.272639 0.423703 215.836432 -89.367029 361.940806
0.484089 0.210621 0.849292 0.141666 0.938928 -0.313599 -0.863475 0.272126 0.424687 216.277994 -89.541383 362.160303
0.484439 0.213338 0.848414 0.141539 0.937919 -0.316663 -0.863300 0.273487 0.424168 216.725974 -89.717641 362.380061
0.483381 0.215931 0.848361 0.143509 0.936445 -0.320120 -0.863567 0.276488 0.421671 217.219265 -89.908067 362.612640
0.481492 0.218725 0.848719 0.145214 0.935067 -0.323360 -0.864337 0.278941 0.418466 217.691240 -90.094032 362.838887
0.475995 0.219676 0.851570 0.147411 0.934672 -0.323510 -0.867006 0.279520 0.412516 218.155836 -90.277222 363.061173
0.470645 0.218158 0.854927 0.148658 0.935492 -0.320554 -0.869709 0.277959 0.407854 218.673904 -90.474630 363.301739
0.465464 0.214288 0.858734 0.150023 0.937105 -0.315162 -0.872260 0.275527 0.404040 219.252904 -90.697527 363.564788
0.458555 0.211454 0.863142 0.152298 0.938209 -0.310755 -0.875518 0.273953 0.398016 219.761190 -90.888088 363.792027
0.453356 0.212418 0.865648 0.153718 0.938003 -0.310678 -0.877975 0.273914 0.392596 220.264371 -91.075904 364.014370
0.450065 0.216450 0.866366 0.155189 0.936459 -0.314581 -0.879407 0.276033 0.387877 220.689289 -91.235345 364.198309
0.448023 0.220799 0.866327 0.157512 0.934370 -0.319598 -0.880037 0.279645 0.383841 221.178502 -91.417717 364.409898
0.445217 0.223909 0.866975 0.159374 0.932955 -0.322792 -0.881125 0.281886 0.379683 221.729272 -91.623278 364.647363
0.442219 0.226240 0.867904 0.160427 0.932106 -0.324718 -0.882443 0.282832 0.375900 222.222396 -91.809769 364.857014
0.439191 0.228120 0.868949 0.161172 0.931527 -0.326009 -0.883818 0.283230 0.372352 222.758449 -92.021243 365.080144
0.437726 0.230327 0.869106 0.161291 0.930835 -0.327920 -0.884523 0.283718 0.370301 223.427007 -92.283486 365.361205
0.436799 0.231423 0.869281 0.160521 0.930780 -0.328454 -0.885121 0.283006 0.369416 224.096038 -92.546477 365.641617
0.436730 0.229284 0.869883 0.159323 0.931974 -0.325639 -0.885372 0.280808 0.370491 224.898103 -92.860315 365.981407
0.436353 0.225815 0.870979 0.157549 0.933865 -0.321051 -0.885875 0.277314 0.371918 225.636811 -93.147794 366.290159
0.437357 0.223387 0.871101 0.155984 0.935130 -0.318122 -0.885657 0.275010 0.374141 226.312095 -93.406322 366.582160
0.440704 0.223991 0.869257 0.155754 0.934598 -0.319794 -0.884037 0.276324 0.376994 227.011920 -93.672127 366.886009
0.445029 0.227345 0.866177 0.154265 0.933317 -0.324226 -0.882129 0.277910 0.380282 227.738857 -93.952359 367.204290
0.450201 0.229402 0.862957 0.152512 0.932479 -0.327448 -0.879806 0.279029 0.384816 228.515997 -94.254176 367.543970
0.455016 0.231197 0.859947 0.148181 0.932585 -0.329132 -0.878068 0.277188 0.390082 229.298096 -94.559130 367.895900
0.458671 0.232736 0.857587 0.144099 0.932837 -0.330228 -0.876845 0.275044 0.394328 229.979613 -94.836448 368.210562
0.460073 0.237104 0.855637 0.140728 0.932029 -0.333942 -0.876658 0.274049 0.395434 230.634599 -95.104460 368.512924
0.461242 0.242417 0.853516 0.138431 0.930512 -0.339094 -0.876409 0.274557 0.395633 231.341846 -95.391466 368.843639
0.462865 0.244629 0.852005 0.137736 0.929643 -0.341749 -0.875662 0.275536 0.396605 232.024023 -95.668989 369.164699
0.464551 0.245828 0.850741 0.136927 0.929202 -0.343270 -0.874896 0.275955 0.398002 232.767655 -95.976501 369.510268
0.465896 0.245764 0.850024 0.135844 0.929399 -0.343169 -0.874349 0.275352 0.399618 233.606792 -96.321407 369.905927
0.466862 0.245749 0.849498 0.134834 0.929599 -0.343023 -0.873990 0.274686 0.400860 234.368295 -96.645227 370.266979
0.466982 0.246533 0.849205 0.133962 0.929541 -0.343522 -0.874061 0.274179 0.401053 235.100492 -96.952547 370.611405
0.466484 0.248515 0.848901 0.133491 0.928948 -0.345304 -0.874398 0.274400 0.400165 235.756505 -97.227499 370.914400
0.466029 0.250236 0.848645 0.134237 0.928070 -0.347371 -0.874527 0.275805 0.398916 236.354695 -97.475506 371.190911
0.464494 0.251673 0.849062 0.132647 0.928179 -0.347691 -0.875586 0.274125 0.397750 236.997644 -97.743210 371.486801
0.464090 0.250733 0.849561 0.131765 0.928890 -0.346125 -0.875933 0.272576 0.398050 237.716091 -98.047025 371.821614
0.464751 0.250311 0.849324 0.130876 0.929254 -0.345484 -0.875715 0.271720 0.399112 238.509057 -98.381943 372.199422
0.464018 0.252191 0.849169 0.128885 0.929196 -0.346385 -0.876400 0.270174 0.398660 239.205737 -98.678155 372.537917
0.464441 0.253292 0.848610 0.127849 0.929013 -0.347261 -0.876327 0.269776 0.399088 239.934228 -98.987932 372.878940
0.464071 0.253823 0.848653 0.127696 0.928888 -0.347649 -0.876545 0.269704 0.398658 240.651380 -99.288376 373.215421
0.461998 0.252509 0.850175 0.127247 0.929821 -0.345313 -0.877705 0.267716 0.397444 241.355795 -99.581826 373.544442
0.460540 0.248999 0.851999 0.127166 0.931439 -0.340954 -0.878482 0.265369 0.397301 242.053743 -99.873882 373.865203
0.459829 0.244459 0.853696 0.125718 0.933757 -0.335100 -0.879064 0.261413 0.398636 242.853636 -100.208791 374.241686
0.460244 0.241180 0.854405 0.125578 0.935030 -0.331585 -0.878866 0.259905 0.400055 243.629476 -100.525669 374.602459
0.460783 0.241753 0.853952 0.125899 0.934651 -0.332532 -0.878538 0.260736 0.400235 244.409627 -100.844938 374.967994
0.460348 0.245176 0.853211 0.127398 0.932912 -0.336816 -0.878550 0.263749 0.398229 245.216806 -101.171981 375.344059
0.461203 0.248394 0.851817 0.126021 0.931946 -0.339992 -0.878300 0.264152 0.398514 246.039450 -101.507134 375.729477
0.463782 0.249004 0.850237 0.124440 0.931868 -0.340789 -0.877166 0.263855 0.401198 246.881481 -101.850358 376.132140
0.466797 0.248436 0.848752 0.123419 0.932039 -0.340692 -0.875710 0.263786 0.404412 247.727537 -102.200687 376.533679
0.470814 0.247807 0.846715 0.123964 0.931637 -0.341592 -0.873480 0.265788 0.407908 248.593026 -102.559403 376.946392
0.476354 0.248701 0.843347 0.123231 0.930811 -0.344099 -0.870575 0.267840 0.412748 249.444761 -102.918912 377.360715
0.482038 0.248515 0.840167 0.124164 0.929875 -0.346288 -0.867308 0.271243 0.417378 250.273177 -103.272340 377.765573
0.485699 0.248330 0.838110 0.124452 0.929385 -0.347497 -0.865221 0.273084 0.420496 251.026087 -103.595631 378.135726
0.486544 0.248842 0.837468 0.125052 0.928872 -0.348653 -0.864660 0.274362 0.420819 251.803798 -103.929274 378.531677
0.485611 0.248178 0.838206 0.124154 0.929554 -0.347153 -0.865313 0.272648 0.420590 252.625803 -104.280356 378.943362
0.484020 0.246451 0.839635 0.121910 0.931171 -0.343596 -0.866523 0.268667 0.420661 253.431149 -104.629492 379.348840
0.482058 0.245999 0.840895 0.120181 0.932135 -0.341586 -0.867857 0.265724 0.419779 254.272489 -104.996016 379.767552
0.481142 0.245002 0.841710 0.121215 0.932336 -0.340671 -0.868222 0.265939 0.418888 255.144867 -105.367288 380.193232
0.479218 0.245487 0.842666 0.121390 0.932324 -0.340640 -0.869261 0.265533 0.416987 256.022565 -105.732236 380.620525
0.479228 0.245140 0.842762 0.122245 0.932202 -0.340670 -0.869136 0.266281 0.416770 256.839378 -106.080171 381.017317
0.479995 0.246863 0.841821 0.125445 0.930415 -0.344370 -0.868256 0.270898 0.415627 257.615840 -106.415243 381.386762
0.480880 0.251062 0.840073 0.126295 0.928301 -0.349724 -0.867643 0.274273 0.414693 258.351994 -106.731802 381.744861
0.480072 0.256287 0.838956 0.127131 0.925948 -0.355609 -0.867968 0.277375 0.411940 259.027752 -107.026646 382.073332
0.479507 0.257730 0.838837 0.127933 0.925155 -0.357382 -0.868163 0.278682 0.410646 259.745125 -107.343946 382.416416
0.479557 0.253692 0.840039 0.128733 0.926601 -0.353325 -0.868016 0.277580 0.411700 260.557551 -107.701910 382.809446
0.479225 0.251020 0.841030 0.128245 0.927919 -0.350028 -0.868272 0.275601 0.412490 261.297440 -108.030699 383.172011
0.480106 0.251061 0.840516 0.127938 0.927883 -0.350236 -0.867831 0.275685 0.413361 261.938968 -108.316940 383.485156
0.479782 0.254355 0.839710 0.127080 0.926819 -0.353350 -0.868136 0.276241 0.412348 262.618765 -108.611198 383.819701
0.480695 0.259587 0.837584 0.124960 0.925151 -0.358441 -0.867939 0.276965 0.412277 263.311652 -108.915047 384.158133
0.482395 0.260277 0.836392 0.123135 0.925205 -0.358934 -0.867256 0.276137 0.414265 264.094374 -109.261188 384.545453
0.483465 0.257173 0.836734 0.122189 0.926686 -0.355420 -0.866794 0.274073 0.416596 264.968308 -109.649269 384.981265
0.483490 0.253148 0.837946 0.122818 0.928182 -0.351274 -0.866691 0.272753 0.417676 265.828146 -110.026120 385.402462
0.484234 0.251846 0.837909 0.124650 0.928051 -0.350976 -0.866014 0.274399 0.418001 266.594983 -110.363350 385.771752
0.484951 0.254863 0.836581 0.127362 0.925813 -0.355877 -0.865218 0.279132 0.416514 267.308148 -110.683619 386.121423
0.484266 0.261370 0.834968 0.129521 0.922405 -0.363860 -0.865281 0.284351 0.412836 268.044235 -111.008897 386.479808
0.482111 0.263348 0.835593 0.132348 0.920917 -0.366600 -0.866056 0.287332 0.409131 268.748291 -111.320647 386.819211
0.479513 0.259037 0.838431 0.133247 0.922868 -0.361330 -0.867359 0.284981 0.408012 269.395812 -111.615242 387.128492
0.476167 0.253054 0.842157 0.135671 0.925091 -0.354684 -0.868826 0.283146 0.406165 270.073793 -111.919250 387.448525
0.472619 0.250140 0.845022 0.136610 0.926486 -0.350660 -0.870614 0.281167 0.403703 270.801669 -112.233916 387.795359
0.471147 0.253316 0.844897 0.136877 0.925274 -0.353742 -0.871370 0.282312 0.401267 271.439122 -112.511809 388.102222
0.470693 0.259784 0.843185 0.138132 0.922187 -0.361235 -0.871417 0.286501 0.398182 272.039282 -112.770581 388.383941
0.470675 0.264421 0.841752 0.141394 0.919100 -0.367781 -0.870904 0.292124 0.395210 272.553278 -112.990487 388.622474
0.470022 0.267143 0.841258 0.143455 0.917307 -0.371442 -0.870919 0.295268 0.392831 273.142853 -113.249590 388.900758
0.472037 0.266037 0.840479 0.146081 0.916595 -0.372174 -0.869391 0.298458 0.393804 273.713942 -113.500662 389.165101
0.477385 0.264319 0.837997 0.146719 0.916318 -0.372605 -0.866359 0.300826 0.398656 274.296434 -113.766855 389.451980
0.485263 0.265064 0.833223 0.143679 0.915816 -0.375016 -0.862483 0.301698 0.406327 274.835032 -114.017439 389.719611
0.500252 0.266516 0.823843 0.138454 0.914589 -0.379944 -0.854739 0.304132 0.420625 275.350200 -114.258531 389.982996
0.525546 0.269488 0.806956 0.127159 0.912970 -0.387707 -0.841209 0.306370 0.445540 275.768162 -114.464138 390.233050
0.553814 0.271051 0.787287 0.113739 0.912041 -0.394011 -0.824835 0.307754 0.474272 276.157984 -114.670379 390.488181
0.583274 0.272321 0.765267 0.096490 0.912227 -0.398160 -0.806525 0.306076 0.505802 276.484629 -114.848693 390.735531
0.616164 0.272954 0.738809 0.076610 0.912811 -0.401132 -0.783883 0.303763 0.541530 276.823396 -115.048337 391.006003
0.650045 0.273791 0.708858 0.057123 0.912590 -0.404865 -0.757745 0.303673 0.577585 277.119576 -115.233577 391.278256
0.680241 0.278420 0.678052 0.037521 0.910612 -0.411555 -0.732027 0.305398 0.608989 277.388948 -115.409232 391.557826
0.705551 0.282818 0.649779 0.020847 0.908232 -0.417947 -0.708353 0.308428 0.634908 277.700618 -115.615526 391.889895
0.731480 0.287210 0.618424 0.002273 0.905930 -0.423422 -0.681859 0.311130 0.662016 277.964847 -115.811705 392.211014
0.755122 0.289682 0.588112 -0.016527 0.905206 -0.424651 -0.655376 0.310943 0.688328 278.207675 -116.000933 392.533868
0.779560 0.289480 0.555417 -0.034224 0.905146 -0.423722 -0.625392 0.311308 0.715522 278.432574 -116.191216 392.862177
0.801730 0.288736 0.523317 -0.051745 0.905815 -0.420502 -0.595442 0.310050 0.741160 278.696678 -116.409105 393.250459
0.820321 0.289254 0.493361 -0.069215 0.906538 -0.416412 -0.567699 0.307443 0.763673 278.948947 -116.649477 393.681611
0.835652 0.288224 0.467560 -0.082536 0.907484 -0.411898 -0.543023 0.305613 0.782130 279.262951 -116.948364 394.224507
0.848217 0.287611 0.444755 -0.093684 0.907949 -0.408476 -0.521297 0.304810 0.797082 279.591098 -117.273401 394.830441
0.856878 0.288293 0.427372 -0.102120 0.907509 -0.407429 -0.505303 0.305474 0.807065 279.885220 -117.584878 395.421873
0.864702 0.288381 0.411251 -0.110104 0.907672 -0.404980 -0.490070 0.304907 0.816617 280.159691 -117.877256 395.991994
0.869222 0.290443 0.400121 -0.117231 0.907262 -0.403898 -0.480324 0.304170 0.822660 280.429860 -118.171723 396.586897
0.872463 0.293071 0.391048 -0.122209 0.905634 -0.406070 -0.473153 0.306491 0.825947 280.696796 -118.470613 397.182801
0.875572 0.293783 0.383492 -0.125284 0.904763 -0.407072 -0.466560 0.308375 0.828991 280.963374 -118.774338 397.776142
0.876359 0.296027 0.379951 -0.127988 0.903601 -0.408808 -0.464342 0.309634 0.829767 281.241315 -119.094242 398.429624
0.876764 0.295280 0.379598 -0.127805 0.903992 -0.408000 -0.463628 0.309205 0.830326 281.564509 -119.462348 399.151933
0.876110 0.295263 0.381118 -0.127540 0.904300 -0.407400 -0.464935 0.308320 0.829924 281.876897 -119.817875 399.855903
0.875352 0.295320 0.382813 -0.127375 0.904665 -0.406640 -0.466407 0.307192 0.829517 282.207608 -120.187844 400.584926
0.873903 0.296250 0.385395 -0.126634 0.904201 -0.407903 -0.469316 0.307663 0.827699 282.507240 -120.524835 401.233327
0.873440 0.296360 0.386359 -0.123830 0.902560 -0.412373 -0.470923 0.312340 0.825030 282.827060 -120.872570 401.899663
0.873154 0.297825 0.385878 -0.121584 0.899684 -0.419269 -0.472037 0.319170 0.821773 283.155915 -121.233065 402.596366
0.872571 0.297586 0.387379 -0.117382 0.897517 -0.425071 -0.474175 0.325433 0.818078 283.492798 -121.599239 403.290616
0.870941 0.297436 0.391143 -0.114748 0.897097 -0.426673 -0.477802 0.326725 0.815449 283.860973 -122.008721 404.046885
0.868468 0.296815 0.397070 -0.112016 0.897731 -0.426065 -0.482925 0.325545 0.812898 284.208683 -122.397609 404.760804
0.864974 0.297111 0.404406 -0.109936 0.898503 -0.424978 -0.489626 0.323136 0.809845 284.513287 -122.730483 405.368077
0.862851 0.296842 0.409113 -0.107559 0.898682 -0.425209 -0.493882 0.322888 0.807356 284.872230 -123.129167 406.081565
0.860882 0.298002 0.412405 -0.105938 0.897753 -0.427571 -0.497655 0.324398 0.804429 285.284490 -123.564645 406.897838
0.859097 0.297306 0.416607 -0.101540 0.896809 -0.430608 -0.501639 0.327631 0.800635 285.648604 -123.946512 407.599868
0.859686 0.295470 0.416699 -0.097695 0.895783 -0.433622 -0.501394 0.332069 0.798958 286.043904 -124.352795 408.348066
0.859943 0.294696 0.416716 -0.096420 0.895565 -0.434358 -0.501200 0.333344 0.798549 286.425404 -124.757521 409.069639
0.860107 0.294090 0.416805 -0.096252 0.895971 -0.433556 -0.500950 0.332787 0.798938 286.839292 -125.209324 409.878940
0.860157 0.294054 0.416729 -0.096853 0.896373 -0.432592 -0.500750 0.331735 0.799501 287.227016 -125.638932 410.654257
0.861154 0.292669 0.415643 -0.096392 0.896818 -0.431771 -0.499122 0.331756 0.800509 287.569085 -126.007392 411.315003
0.861684 0.291128 0.415625 -0.094715 0.896935 -0.431900 -0.498527 0.332795 0.800449 287.941169 -126.415967 412.039874
0.861716 0.290861 0.415747 -0.094262 0.896888 -0.432095 -0.498558 0.333154 0.800280 288.341389 -126.855592 412.815988
0.861309 0.291281 0.416296 -0.094920 0.897172 -0.431361 -0.499136 0.332020 0.800391 288.764425 -127.312528 413.638118
0.861571 0.292031 0.415226 -0.096905 0.897533 -0.430168 -0.498302 0.330383 0.801587 289.204376 -127.784144 414.503514
0.861746 0.291762 0.415053 -0.097306 0.897957 -0.429190 -0.497921 0.329466 0.802201 289.620191 -128.231515 415.310524
0.862108 0.291428 0.414535 -0.096056 0.897223 -0.431003 -0.497537 0.331753 0.801497 290.000508 -128.639844 416.042711
0.863515 0.291720 0.411389 -0.095304 0.895419 -0.434905 -0.495236 0.336341 0.801010 290.378317 -129.050834 416.781349
0.864008 0.294655 0.408250 -0.096903 0.893022 -0.439456 -0.494064 0.340133 0.800131 290.731429 -129.440447 417.482935
0.862958 0.296683 0.409002 -0.096805 0.891547 -0.442461 -0.495916 0.342232 0.798088 291.125978 -129.880672 418.264639
0.862699 0.297157 0.409204 -0.097431 0.891659 -0.442099 -0.496243 0.341530 0.798186 291.520638 -130.323589 419.043692
0.863199 0.296721 0.408465 -0.097430 0.891757 -0.441902 -0.495373 0.341652 0.798674 291.923840 -130.772486 419.840889
0.863281 0.297361 0.407826 -0.096601 0.890426 -0.444759 -0.495393 0.344556 0.797413 292.357034 -131.261818 420.686498
0.862580 0.301082 0.406577 -0.097553 0.887541 -0.450283 -0.496426 0.348742 0.794947 292.759262 -131.731148 421.493525
0.860383 0.303930 0.409105 -0.096086 0.885062 -0.455448 -0.500508 0.352551 0.790696 293.164102 -132.193406 422.276440
0.859829 0.305016 0.409462 -0.094603 0.883238 -0.459284 -0.501741 0.356169 0.788289 293.565373 -132.645130 423.026891
0.859088 0.306040 0.410253 -0.094042 0.882280 -0.461236 -0.503115 0.357661 0.786736 293.998987 -133.145079 423.859268
0.858730 0.306186 0.410893 -0.093061 0.881705 -0.462532 -0.503907 0.358952 0.785640 294.384521 -133.592930 424.604468
0.858610 0.306433 0.410960 -0.092426 0.881070 -0.463868 -0.504229 0.360298 0.784817 294.774124 -134.042573 425.340622
0.859365 0.304630 0.410723 -0.091800 0.882047 -0.462131 -0.503056 0.359435 0.785965 295.187482 -134.520449 426.121123
0.859806 0.303795 0.410416 -0.092302 0.882988 -0.460230 -0.502208 0.357826 0.787240 295.618047 -135.021432 426.943889
0.860719 0.302231 0.409657 -0.091802 0.883655 -0.459048 -0.500734 0.357504 0.788325 296.007474 -135.474857 427.673528
0.861422 0.301458 0.408749 -0.090579 0.883082 -0.460393 -0.499748 0.359569 0.788012 296.357099 -135.874584 428.329697
0.862559 0.300131 0.407325 -0.088994 0.882506 -0.461805 -0.498069 0.362085 0.787923 296.709402 -136.284507 428.996784
0.864506 0.298182 0.404619 -0.087029 0.881660 -0.463790 -0.495030 0.365735 0.788151 297.038416 -136.665563 429.610667
0.866341 0.296503 0.401920 -0.086036 0.881285 -0.464689 -0.491987 0.367999 0.789003 297.341577 -137.019024 430.194876
0.867576 0.297164 0.398754 -0.087943 0.880872 -0.465114 -0.489466 0.368454 0.790357 297.665906 -137.409277 430.837273
0.868569 0.297831 0.396086 -0.090314 0.881004 -0.464409 -0.487269 0.367599 0.792111 297.987327 -137.798474 431.473826
0.869805 0.297529 0.393593 -0.091437 0.881110 -0.463988 -0.484849 0.367590 0.793599 298.335274 -138.228024 432.178206
0.871857 0.297942 0.388711 -0.091449 0.878752 -0.468437 -0.481147 0.372863 0.793392 298.643135 -138.608037 432.813391
0.873254 0.300529 0.383548 -0.092577 0.875137 -0.474936 -0.478389 0.379232 0.792040 298.984803 -139.041570 433.537561
0.874275 0.301682 0.380305 -0.094549 0.874261 -0.476161 -0.476135 0.380338 0.792868 299.330862 -139.486125 434.278682
0.875316 0.300436 0.378893 -0.096998 0.876729 -0.471102 -0.473722 0.375612 0.796557 299.674478 -139.936040 435.030898
0.874844 0.300292 0.380095 -0.099553 0.879374 -0.465608 -0.474064 0.369495 0.799210 300.033718 -140.405154 435.799794
0.875103 0.302639 0.377630 -0.102969 0.878904 -0.465753 -0.472856 0.368697 0.800294 300.354767 -140.828729 436.499511
0.875124 0.306069 0.374806 -0.105327 0.876466 -0.469802 -0.472297 0.371658 0.799254 300.694174 -141.276311 437.250779
0.873707 0.309385 0.375390 -0.105677 0.873975 -0.474342 -0.474836 0.374765 0.796293 301.046935 -141.752860 438.027574
0.873015 0.309969 0.376516 -0.105547 0.873823 -0.474651 -0.476135 0.374638 0.795576 301.427972 -142.253040 438.835470
0.872738 0.310220 0.376950 -0.107396 0.875227 -0.471639 -0.476229 0.371134 0.797160 301.845390 -142.804100 439.733090
0.872078 0.311037 0.377804 -0.109067 0.876143 -0.469551 -0.477058 0.368279 0.797988 302.227304 -143.315593 440.566359
0.871046 0.311758 0.379585 -0.109386 0.876477 -0.468852 -0.478866 0.366871 0.797554 302.600053 -143.815669 441.378645
0.871438 0.312779 0.377844 -0.109683 0.875066 -0.471412 -0.478086 0.369363 0.796872 302.939437 -144.263014 442.110883
0.872686 0.314781 0.373271 -0.111316 0.872588 -0.475604 -0.475423 0.373502 0.796536 303.254412 -144.682467 442.792566
0.874726 0.314601 0.368620 -0.112095 0.871360 -0.477668 -0.471475 0.376508 0.797467 303.575067 -145.111332 443.495461
0.876048 0.313344 0.366545 -0.112684 0.872090 -0.476196 -0.468873 0.375866 0.799301 303.910249 -145.574676 444.254284
0.877152 0.311883 0.365148 -0.113362 0.873380 -0.473663 -0.466641 0.374081 0.801443 304.275676 -146.079035 445.078861
0.878098 0.312038 0.362733 -0.115119 0.873601 -0.472831 -0.464425 0.373435 0.803029 304.642379 -146.581063 445.902742
0.878210 0.313710 0.361016 -0.117475 0.873194 -0.473003 -0.463623 0.372986 0.803701 304.950661 -147.009952 446.617680
0.878212 0.315355 0.359577 -0.119525 0.872681 -0.473436 -0.463097 0.372798 0.804091 305.285461 -147.467586 447.384106
0.878238 0.315798 0.359123 -0.120229 0.872637 -0.473339 -0.462864 0.372528 0.804351 305.628426 -147.945956 448.174933
0.877529 0.318212 0.358725 -0.122432 0.871974 -0.473996 -0.463630 0.372026 0.804142 305.944767 -148.393365 448.912291
0.876719 0.319983 0.359130 -0.123634 0.871453 -0.474641 -0.464842 0.371726 0.803580 306.297613 -148.876993 449.714906
0.875830 0.320324 0.360991 -0.123050 0.871473 -0.474756 -0.466670 0.371385 0.802678 306.690758 -149.406386 450.597786
0.874581 0.320770 0.363613 -0.122363 0.871640 -0.474627 -0.469186 0.370607 0.801571 307.073889 -149.916401 451.444115
0.872982 0.321915 0.366432 -0.120219 0.870102 -0.477986 -0.472704 0.373221 0.798284 307.419796 -150.378866 452.201360
0.871829 0.323576 0.367713 -0.118246 0.867560 -0.483070 -0.475323 0.377674 0.794626 307.807123 -150.893013 453.040649
0.870260 0.324975 0.370187 -0.117527 0.866786 -0.484634 -0.478366 0.378250 0.792523 308.175758 -151.378317 453.825657
0.868127 0.326314 0.373998 -0.119060 0.868416 -0.481331 -0.481851 0.373328 0.792746 308.600673 -151.946886 454.738890
0.865288 0.326406 0.380441 -0.118579 0.870690 -0.477324 -0.487047 0.367911 0.792103 308.996764 -152.462392 455.567826
0.863408 0.326911 0.384259 -0.118141 0.871490 -0.475971 -0.490478 0.365561 0.791073 309.388918 -152.970925 456.382658
0.861722 0.327783 0.387289 -0.117366 0.871384 -0.476356 -0.493619 0.365032 0.789362 309.820012 -153.527265 457.272851
0.860586 0.328670 0.389060 -0.114797 0.869424 -0.480545 -0.496199 0.368888 0.785944 310.234572 -154.042048 458.097011
0.860703 0.329033 0.388493 -0.113132 0.867621 -0.484186 -0.496378 0.372789 0.783988 310.599236 -154.515788 458.839873
0.861242 0.327136 0.388901 -0.109408 0.866670 -0.486737 -0.496279 0.376649 0.782204 310.943157 -154.949353 459.520097
0.860805 0.325532 0.391208 -0.107696 0.867785 -0.485130 -0.497410 0.375471 0.782052 311.259697 -155.342898 460.143033
0.860103 0.324353 0.393723 -0.107071 0.869418 -0.482336 -0.498757 0.372702 0.782518 311.594219 -155.772303 460.813310
0.860247 0.324059 0.393651 -0.106712 0.869379 -0.482486 -0.498586 0.373050 0.782462 311.953393 -156.221521 461.526258
0.859831 0.325311 0.393526 -0.105331 0.867183 -0.486723 -0.499595 0.377049 0.779897 312.307275 -156.665794 462.212879
0.859512 0.326428 0.393298 -0.105007 0.865853 -0.489155 -0.500212 0.379136 0.778488 312.657461 -157.110911 462.902654
0.859293 0.325489 0.394554 -0.104974 0.867196 -0.486776 -0.500596 0.376866 0.779343 313.039262 -157.602395 463.656524
0.858988 0.323438 0.396897 -0.104214 0.869419 -0.482959 -0.501277 0.373494 0.780528 313.402746 -158.067275 464.377257
0.858983 0.323334 0.396993 -0.104438 0.869718 -0.482373 -0.501239 0.372889 0.780841 313.739671 -158.497900 465.053721
0.858999 0.324139 0.396301 -0.103819 0.868259 -0.485127 -0.501341 0.375580 0.779485 314.092533 -158.947627 465.757564
0.858803 0.324498 0.396432 -0.102887 0.867300 -0.487037 -0.501868 0.377482 0.778226 314.427828 -159.367758 466.424499
0.858448 0.324796 0.396957 -0.103470 0.867699 -0.486202 -0.502355 0.376306 0.778481 314.825672 -159.867729 467.208416
0.858345 0.323002 0.398639 -0.102966 0.869600 -0.482901 -0.502635 0.373449 0.779675 315.230295 -160.370002 467.989968
0.857767 0.321374 0.401192 -0.102366 0.871631 -0.479354 -0.503743 0.370106 0.780554 315.645955 -160.892347 468.815939
0.858100 0.319854 0.401694 -0.100901 0.872075 -0.478856 -0.503472 0.370375 0.780601 316.047968 -161.402147 469.616696
0.858814 0.318058 0.401594 -0.098298 0.871667 -0.480140 -0.502768 0.372875 0.779864 316.454230 -161.914864 470.425992
0.859673 0.317322 0.400337 -0.097562 0.871236 -0.481071 -0.501442 0.374506 0.779937 316.867147 -162.419157 471.226277
0.860015 0.317516 0.399448 -0.097341 0.870529 -0.482395 -0.500898 0.375984 0.779575 317.284908 -162.937183 472.040418
0.861258 0.317546 0.396736 -0.099196 0.870755 -0.481607 -0.498392 0.375434 0.781444 317.683248 -163.453012 472.857199
0.860351 0.318077 0.398276 -0.101389 0.872572 -0.477847 -0.499516 0.370736 0.782968 318.045766 -163.917647 473.579766
0.859764 0.318429 0.399261 -0.102543 0.873523 -0.475860 -0.500291 0.368185 0.783676 318.471324 -164.452822 474.420856
0.860527 0.319489 0.396762 -0.103938 0.872608 -0.477233 -0.498689 0.369433 0.784110 318.880647 -164.968300 475.225090
0.861701 0.320342 0.393514 -0.104864 0.871207 -0.479584 -0.496463 0.371993 0.784312 319.247322 -165.429370 475.949086
0.861528 0.319790 0.394341 -0.102081 0.869947 -0.482464 -0.497343 0.375401 0.782128 319.622070 -165.893423 476.669261
0.861788 0.321063 0.392734 -0.102639 0.868563 -0.484833 -0.496776 0.377513 0.781471 319.979418 -166.341642 477.376059
0.861943 0.321790 0.391798 -0.103329 0.868043 -0.485618 -0.496364 0.378090 0.781454 320.316956 -166.769677 478.033565
0.861888 0.321481 0.392172 -0.102934 0.868177 -0.485462 -0.496542 0.378046 0.781363 320.663612 -167.211597 478.720412
0.861511 0.320810 0.393547 -0.101170 0.868018 -0.486116 -0.497557 0.378980 0.780264 320.947018 -167.561208 479.258169
0.860836 0.319731 0.395897 -0.098770 0.868154 -0.486367 -0.499206 0.379580 0.778918 321.225017 -167.900259 479.776821
0.859438 0.319480 0.399122 -0.096252 0.867849 -0.487416 -0.502097 0.380488 0.776613 321.512513 -168.255784 480.317971
0.857531 0.318363 0.404086 -0.092627 0.868215 -0.487465 -0.506025 0.380587 0.774011 321.836999 -168.643474 480.910124
0.855315 0.316329 0.410333 -0.088048 0.869206 -0.486547 -0.510573 0.380022 0.771297 322.190460 -169.060140 481.542849
0.852960 0.315024 0.416197 -0.084962 0.870504 -0.484772 -0.515016 0.378130 0.769270 322.497728 -169.431149 482.098759
0.851018 0.311638 0.422671 -0.079850 0.872311 -0.482388 -0.519030 0.376771 0.767236 322.844541 -169.842324 482.722494
0.849224 0.308984 0.428192 -0.077005 0.874718 -0.478476 -0.522388 0.373360 0.766624 323.206176 -170.261462 483.359847
0.846555 0.306152 0.435449 -0.071666 0.876154 -0.476674 -0.527455 0.372324 0.763653 323.534022 -170.630156 483.925946
0.843678 0.304084 0.442425 -0.065735 0.876428 -0.477025 -0.532809 0.373373 0.759412 323.880025 -171.018715 484.514733
0.840218 0.303783 0.449165 -0.060206 0.875480 -0.479489 -0.538896 0.375833 0.753884 324.192169 -171.362454 485.042239
0.837336 0.302253 0.455535 -0.053665 0.874682 -0.481717 -0.544049 0.378913 0.748623 324.508375 -171.710370 485.563384
0.835114 0.300818 0.460537 -0.048895 0.874502 -0.482551 -0.547900 0.380467 0.745017 324.838208 -172.071285 486.094139
0.832273 0.299292 0.466633 -0.043868 0.874658 -0.482752 -0.552628 0.381311 0.741083 325.142004 -172.399839 486.586435
0.829895 0.297438 0.472022 -0.039893 0.875509 -0.481552 -0.556491 0.380807 0.738446 325.404944 -172.687683 487.001096
0.828904 0.296109 0.474592 -0.037709 0.876057 -0.480732 -0.558119 0.380584 0.737333 325.659055 -172.962169 487.398325
0.828191 0.294883 0.476596 -0.035567 0.876327 -0.480403 -0.559316 0.380914 0.736254 325.876165 -173.191129 487.727800
0.827952 0.293825 0.477663 -0.033670 0.876264 -0.480654 -0.559787 0.381875 0.735398 326.055266 -173.379164 487.990154
0.828977 0.292133 0.476922 -0.032457 0.876432 -0.480431 -0.558340 0.382787 0.736024 326.232025 -173.566909 488.256259
0.830925 0.291606 0.473847 -0.033536 0.876353 -0.480500 -0.555373 0.383368 0.737963 326.374476 -173.724397 488.477013
0.834358 0.291762 0.467677 -0.036226 0.875624 -0.481633 -0.550031 0.384913 0.741153 326.539292 -173.908466 488.748310
0.839449 0.292300 0.458133 -0.040802 0.874547 -0.483221 -0.541905 0.386947 0.746064 326.666858 -174.057582 488.963238
0.846022 0.293386 0.445164 -0.047738 0.873306 -0.484828 -0.531006 0.388924 0.752842 326.781744 -174.201185 489.173790
0.853799 0.293858 0.429738 -0.055284 0.871973 -0.486422 -0.517659 0.391549 0.760735 326.901027 -174.352952 489.409678
0.862632 0.294318 0.411391 -0.064936 0.871001 -0.486971 -0.501646 0.393363 0.770466 326.982977 -174.469550 489.592555
0.871871 0.294130 0.391571 -0.075968 0.871105 -0.485185 -0.483807 0.393272 0.781836 327.102378 -174.649608 489.873815
0.881799 0.294489 0.368385 -0.089356 0.871268 -0.482606 -0.463084 0.392643 0.794597 327.190269 -174.810059 490.135068
0.891794 0.295046 0.343002 -0.103514 0.871061 -0.480143 -0.440440 0.392684 0.807349 327.260699 -174.949635 490.370693
0.903129 0.295368 0.311635 -0.121024 0.871481 -0.475261 -0.411961 0.391507 0.822807 327.353465 -175.148702 490.713105
0.913488 0.296041 0.279106 -0.139350 0.872145 -0.468982 -0.382259 0.389516 0.837947 327.415293 -175.303983 490.997371
0.923929 0.295240 0.243288 -0.157829 0.873463 -0.460601 -0.348490 0.387165 0.853615 327.456668 -175.440457 491.269632
0.932120 0.297535 0.206461 -0.178944 0.874037 -0.451706 -0.314853 0.384099 0.867949 327.476701 -175.577589 491.525389
0.939158 0.300019 0.167245 -0.200559 0.874259 -0.442095 -0.278852 0.381654 0.881239 327.503839 -175.722960 491.832204
0.945014 0.302941 0.123192 -0.223768 0.873695 -0.431955 -0.238489 0.380637 0.893442 327.523706 -175.906266 492.222208
0.949405 0.304191 0.078096 -0.245135 0.873220 -0.421184 -0.196315 0.380730 0.903607 327.512963 -176.045838 492.539566
0.951868 0.305167 0.028656 -0.267369 0.872393 -0.409199 -0.149873 0.381842 0.911995 327.486872 -176.171022 492.835041
0.951182 0.307581 -0.025417 -0.292441 0.871908 -0.392752 -0.098642 0.381012 0.919293 327.441104 -176.294375 493.126501
0.947959 0.306743 -0.085341 -0.315759 0.871314 -0.375644 -0.040867 0.383042 0.922826 327.375228 -176.438000 493.474081
0.941351 0.304136 -0.146150 -0.336871 0.871972 -0.355223 0.019403 0.383623 0.923286 327.288509 -176.562199 493.828587
0.930600 0.301851 -0.207049 -0.357229 0.872294 -0.333903 0.079819 0.384694 0.919587 327.171022 -176.673654 494.178633
0.914985 0.303088 -0.266345 -0.378723 0.872825 -0.307808 0.139180 0.382511 0.913408 327.016980 -176.778383 494.524337
0.895326 0.304463 -0.325105 -0.398833 0.872964 -0.280832 0.198302 0.381099 0.903017 326.828567 -176.871557 494.884305
0.872318 0.303876 -0.383041 -0.416063 0.872824 -0.255086 0.256813 0.381886 0.887812 326.592675 -176.928924 495.222112
0.848111 0.304246 -0.433753 -0.430658 0.872745 -0.229891 0.308612 0.381772 0.871211 326.309008 -177.011227 495.634715
0.822488 0.305395 -0.479841 -0.443765 0.872263 -0.205499 0.355789 0.381957 0.852950 326.013864 -177.044183 495.956972
0.793971 0.307109 -0.524685 -0.455929 0.871684 -0.179712 0.402169 0.381905 0.832111 325.697356 -177.084380 496.292331
0.764003 0.307818 -0.567051 -0.464729 0.872190 -0.152682 0.447578 0.380175 0.809408 325.345839 -177.130830 496.662072
0.732440 0.309618 -0.606357 -0.472649 0.872264 -0.125535 0.490035 0.378541 0.785221 325.059028 -177.153105 496.927494
0.701658 0.311251 -0.640936 -0.480220 0.871117 -0.102684 0.526370 0.379839 0.760695 324.792732 -177.154248 497.140030
0.671631 0.310264 -0.672792 -0.484735 0.870777 -0.082332 0.560307 0.381422 0.735237 324.531942 -177.160605 497.337887
0.639740 0.309621 -0.703468 -0.488748 0.870259 -0.061440 0.593176 0.383124 0.708066 324.244186 -177.164930 497.568501
0.606732 0.309614 -0.732130 -0.493765 0.868586 -0.041873 0.622954 0.386906 0.679876 323.895294 -177.175745 497.857053
0.578750 0.308530 -0.754889 -0.496622 0.867572 -0.026161 0.646850 0.390035 0.655330 323.467968 -177.182384 498.199859
0.555427 0.307955 -0.772441 -0.499579 0.866157 -0.013908 0.664772 0.393620 0.634934 323.039622 -177.182411 498.529564
0.531128 0.306888 -0.789761 -0.501123 0.865376 -0.000744 0.683212 0.396163 0.613414 322.559191 -177.183379 498.886486
0.508674 0.304852 -0.805181 -0.500555 0.865628 0.011512 0.700497 0.397182 0.592918 322.007724 -177.170038 499.286977
0.482900 0.304079 -0.821185 -0.501187 0.864961 0.025565 0.718067 0.399222 0.570090 321.420631 -177.157296 499.690067
0.455360 0.302407 -0.837375 -0.500790 0.864647 0.039929 0.736109 0.401167 0.545168 320.909113 -177.136867 500.021379
0.431248 0.302590 -0.849979 -0.499877 0.864405 0.054106 0.751098 0.401551 0.524031 320.276394 -177.103281 500.404622
0.409900 0.299563 -0.861536 -0.498118 0.864767 0.063693 0.764107 0.403039 0.503686 319.655745 -177.062129 500.755637
0.392256 0.295296 -0.871169 -0.497578 0.864667 0.069051 0.773661 0.406389 0.486103 319.039008 -177.011330 501.081568
0.374067 0.290042 -0.880880 -0.497912 0.864142 0.073092 0.782405 0.411260 0.467663 318.425643 -176.955651 501.396358
0.359684 0.284807 -0.888545 -0.497600 0.864111 0.075546 0.789317 0.414967 0.452527 317.730296 -176.888232 501.743871
0.346797 0.286094 -0.893242 -0.497108 0.863650 0.083617 0.795371 0.415040 0.441731 316.976536 -176.831998 502.109858
0.335221 0.292091 -0.895717 -0.496728 0.862646 0.095407 0.800555 0.412945 0.434267 316.180272 -176.757285 502.486651
0.325061 0.295539 -0.898327 -0.493135 0.863515 0.105645 0.806941 0.408655 0.426435 315.411963 -176.678909 502.845197
0.319505 0.295014 -0.900491 -0.491863 0.863885 0.108503 0.809930 0.408251 0.421122 314.684828 -176.602103 503.178463
0.313380 0.293488 -0.903138 -0.492704 0.863271 0.109569 0.811810 0.410643 0.415135 313.949563 -176.513502 503.502514
0.309480 0.290945 -0.905302 -0.493426 0.862974 0.108663 0.812867 0.413070 0.410633 313.221464 -176.426759 503.823033
0.305873 0.289404 -0.907021 -0.491747 0.863790 0.109780 0.815246 0.412446 0.406524 312.422314 -176.336396 504.178137
0.303905 0.288926 -0.907835 -0.491700 0.863751 0.110295 0.816010 0.412863 0.404563 311.668807 -176.255712 504.507585
0.303789 0.286893 -0.908518 -0.490380 0.864657 0.109070 0.816847 0.412385 0.403360 310.788480 -176.160993 504.892676
0.302409 0.285396 -0.909449 -0.491121 0.864377 0.107944 0.816914 0.414007 0.401560 309.941327 -176.070652 505.267343
0.301475 0.283969 -0.910206 -0.490289 0.864912 0.107446 0.817759 0.413871 0.399976 308.997796 -175.964440 505.681422
0.301656 0.285402 -0.909697 -0.489388 0.865207 0.109163 0.818232 0.412265 0.400667 307.930766 -175.847636 506.142803
0.302197 0.288448 -0.908556 -0.486588 0.866269 0.113178 0.819700 0.407891 0.402140 306.950425 -175.733876 506.572944
0.301495 0.290782 -0.908045 -0.485349 0.866545 0.116343 0.820693 0.405642 0.402390 306.033159 -175.629221 506.968874
0.300839 0.290877 -0.908232 -0.485069 0.866630 0.116881 0.821099 0.405393 0.401812 305.085130 -175.516491 507.380124
0.300338 0.287765 -0.909389 -0.484946 0.867055 0.114209 0.821355 0.406703 0.399960 304.203265 -175.414680 507.759078
0.301126 0.283210 -0.910557 -0.483469 0.868396 0.110211 0.821937 0.407039 0.398420 303.328121 -175.314788 508.136798
0.300228 0.278655 -0.912258 -0.484041 0.868599 0.106019 0.821929 0.409740 0.395658 302.506594 -175.226345 508.483323
0.298240 0.276332 -0.913616 -0.483404 0.869070 0.105056 0.823027 0.410314 0.392771 301.612242 -175.129301 508.867219
0.296873 0.280533 -0.912780 -0.483865 0.868268 0.109480 0.823250 0.409161 0.393505 300.693588 -175.030923 509.246598
0.296184 0.287064 -0.910972 -0.482972 0.867858 0.116450 0.824023 0.405483 0.395689 299.786571 -174.932728 509.635671
0.295217 0.290118 -0.910318 -0.483036 0.867369 0.119781 0.824332 0.404355 0.396199 298.912262 -174.828048 510.008161
0.294385 0.288904 -0.910973 -0.483285 0.867352 0.118894 0.824483 0.405259 0.394959 298.133651 -174.736523 510.332860
0.292758 0.283745 -0.913116 -0.482535 0.868280 0.115105 0.825501 0.406913 0.391113 297.424065 -174.652983 510.628663
0.291413 0.278295 -0.915221 -0.482043 0.869115 0.110789 0.826264 0.408891 0.387422 296.693073 -174.575212 510.934153
0.290342 0.278101 -0.915621 -0.483042 0.868579 0.110641 0.826058 0.410160 0.386519 295.796204 -174.475735 511.302474
0.287382 0.281507 -0.915514 -0.483918 0.867544 0.114854 0.826580 0.410027 0.385543 294.848913 -174.368549 511.685888
0.284821 0.284813 -0.915292 -0.485727 0.866062 0.118345 0.826406 0.410874 0.385014 293.892415 -174.258758 512.074192
0.283565 0.285131 -0.915582 -0.485205 0.866199 0.119479 0.827144 0.410365 0.383971 292.909600 -174.148542 512.473682
0.281574 0.285756 -0.916002 -0.486547 0.865320 0.120384 0.827036 0.411782 0.382685 291.984603 -174.034597 512.842212
0.278610 0.287881 -0.916243 -0.487639 0.864298 0.123279 0.827397 0.412449 0.381184 290.990882 -173.911114 513.241813
0.275283 0.289768 -0.916654 -0.488201 0.863535 0.126363 0.828178 0.412726 0.379181 290.017805 -173.791811 513.629106
0.273142 0.289061 -0.917517 -0.488206 0.863482 0.126700 0.828884 0.413330 0.376975 289.115225 -173.675337 513.990303
0.270499 0.286244 -0.919182 -0.486541 0.864518 0.126040 0.830727 0.413126 0.373121 288.205803 -173.561954 514.353944
0.267999 0.284727 -0.920384 -0.486320 0.864665 0.125883 0.831667 0.413865 0.370198 287.291802 -173.441882 514.719942
0.266462 0.281170 -0.921923 -0.487822 0.864291 0.122599 0.831281 0.417066 0.367462 286.497183 -173.344904 515.025070
0.265603 0.274296 -0.924238 -0.487683 0.865196 0.116626 0.831637 0.419759 0.363568 285.724184 -173.249514 515.320173
0.265478 0.272940 -0.924676 -0.484451 0.866983 0.116823 0.833564 0.416946 0.362391 284.773579 -173.133187 515.689507
0.265275 0.276003 -0.923824 -0.483443 0.867080 0.120230 0.834214 0.414722 0.363446 283.765658 -173.010069 516.072256
0.264015 0.279913 -0.923008 -0.483845 0.866280 0.124311 0.834380 0.413773 0.364146 282.836174 -172.901003 516.423564
0.263028 0.280253 -0.923187 -0.484991 0.865599 0.124591 0.834027 0.414967 0.363597 282.033070 -172.797116 516.730373
0.261711 0.277671 -0.924341 -0.486919 0.864892 0.121949 0.833317 0.418164 0.361555 281.210220 -172.693794 517.035403
0.259525 0.277843 -0.924906 -0.488130 0.864115 0.122614 0.833292 0.419653 0.359883 280.347683 -172.588582 517.355008
0.257811 0.280573 -0.924560 -0.490104 0.862638 0.125117 0.832665 0.420874 0.359908 279.448077 -172.475674 517.691063
0.256288 0.285670 -0.923423 -0.491296 0.861225 0.130073 0.832433 0.420337 0.361070 278.536434 -172.357244 518.038017
0.254041 0.290608 -0.922502 -0.491600 0.860198 0.135603 0.832942 0.419054 0.361388 277.674511 -172.242379 518.369024
0.251539 0.287556 -0.924143 -0.490084 0.861223 0.134584 0.834593 0.419054 0.357558 276.852631 -172.131505 518.681077
0.248740 0.281225 -0.926845 -0.485770 0.864090 0.131816 0.837947 0.417446 0.351545 276.014570 -172.021537 519.003590
0.247398 0.279357 -0.927768 -0.485355 0.864467 0.130872 0.838585 0.417919 0.349454 275.062474 -171.890925 519.358727
0.241529 0.282101 -0.928484 -0.484937 0.863860 0.136318 0.840536 0.417331 0.345448 274.112524 -171.766469 519.699857
0.237776 0.286327 -0.928159 -0.485663 0.862588 0.141682 0.841186 0.417084 0.344161 273.122414 -171.634714 520.052560
0.236274 0.284325 -0.929158 -0.485874 0.862674 0.140428 0.841487 0.418274 0.341974 272.231219 -171.514098 520.372647
0.234543 0.276193 -0.932045 -0.484520 0.864421 0.134228 0.842752 0.420112 0.336565 271.324861 -171.393920 520.696800
0.232594 0.267166 -0.935159 -0.483100 0.866258 0.127325 0.844106 0.422160 0.330554 270.469520 -171.280303 520.998069
0.229559 0.264486 -0.936669 -0.482296 0.866818 0.126561 0.845395 0.422698 0.326547 269.527264 -171.157546 521.321760
0.227146 0.267158 -0.936499 -0.481375 0.866745 0.130503 0.846571 0.421164 0.325481 268.468740 -171.022008 521.687960
0.223795 0.270042 -0.936479 -0.481145 0.866215 0.134799 0.847594 0.420415 0.323784 267.517661 -170.895934 522.003704
0.221439 0.270182 -0.936999 -0.480786 0.866204 0.136145 0.848416 0.420348 0.321711 266.591993 -170.766401 522.315671
0.220632 0.267918 -0.937839 -0.480422 0.866653 0.134560 0.848832 0.420871 0.319925 265.658156 -170.634664 522.626062
0.220075 0.265237 -0.938731 -0.480820 0.866798 0.132189 0.848752 0.422269 0.318291 264.736745 -170.510291 522.934553
0.219132 0.264357 -0.939200 -0.481750 0.866392 0.131463 0.848468 0.423651 0.317208 263.770822 -170.382631 523.254490
0.218380 0.264907 -0.939220 -0.481091 0.866590 0.132563 0.849036 0.422901 0.316690 262.741391 -170.246118 523.584714
0.218056 0.266266 -0.938911 -0.480483 0.866677 0.134192 0.849463 0.421869 0.316920 261.660228 -170.101632 523.938620
0.216609 0.265788 -0.939381 -0.479119 0.867319 0.134920 0.850603 0.420850 0.315213 260.696236 -169.978652 524.262261
0.216831 0.257550 -0.941622 -0.477006 0.869531 0.127990 0.851733 0.421407 0.311394 259.785620 -169.868332 524.565724
0.216528 0.252538 -0.943048 -0.476016 0.870671 0.123861 0.852364 0.422087 0.308737 258.758871 -169.746611 524.892988
0.216147 0.257639 -0.941755 -0.476091 0.869925 0.128718 0.852419 0.420539 0.310691 257.734701 -169.628840 525.221298
0.216114 0.267312 -0.939063 -0.476099 0.868548 0.137671 0.852423 0.417335 0.314972 256.670541 -169.497101 525.562010
0.213346 0.271327 -0.938544 -0.473964 0.868786 0.143421 0.854308 0.414238 0.313951 255.688976 -169.369117 525.884198
0.213054 0.264007 -0.940696 -0.472578 0.870530 0.137283 0.855148 0.415304 0.310234 254.730348 -169.241541 526.193150
0.212795 0.254936 -0.943253 -0.472130 0.872014 0.129171 0.855460 0.417851 0.305923 253.921816 -169.143432 526.451266
0.213314 0.249631 -0.944553 -0.470749 0.873435 0.124524 0.856091 0.418085 0.303830 252.986569 -169.031005 526.752240
0.218222 0.253539 -0.942389 -0.471900 0.872673 0.125508 0.854219 0.417325 0.310081 252.030555 -168.911744 527.063382
0.223088 0.261391 -0.939099 -0.472697 0.871539 0.130295 0.852520 0.414842 0.317988 251.012052 -168.786489 527.394724
0.225907 0.267089 -0.936819 -0.473417 0.870580 0.134043 0.851377 0.413225 0.323114 249.992260 -168.660231 527.733411
0.226207 0.268957 -0.936212 -0.472970 0.870548 0.135814 0.851546 0.412078 0.324132 248.992937 -168.529092 528.070250
0.225793 0.266276 -0.937078 -0.472776 0.870999 0.133582 0.851763 0.412866 0.322554 247.902497 -168.389867 528.437289
0.224119 0.261420 -0.938845 -0.471668 0.872105 0.130240 0.852818 0.413634 0.318759 246.938495 -168.266224 528.754265
0.225182 0.259444 -0.939139 -0.471778 0.872394 0.127885 0.852478 0.414268 0.318847 245.980195 -168.143157 529.069242
0.228844 0.261244 -0.937754 -0.470946 0.872794 0.128220 0.851963 0.412289 0.322765 244.929612 -168.014143 529.420115
0.231864 0.262864 -0.936558 -0.470557 0.872960 0.128518 0.851361 0.410906 0.326100 243.811566 -167.877118 529.800144
0.235471 0.265217 -0.934994 -0.471833 0.872260 0.128595 0.849663 0.410880 0.330530 242.776428 -167.754790 530.148688
0.238993 0.267489 -0.933452 -0.471349 0.872414 0.129318 0.848948 0.409076 0.334581 241.775725 -167.631820 530.499589
0.242364 0.269487 -0.932007 -0.470828 0.872613 0.129877 0.848281 0.407337 0.338372 240.733968 -167.503264 530.866169
0.245177 0.269273 -0.931332 -0.470655 0.872913 0.128480 0.847568 0.406836 0.340753 239.716511 -167.376912 531.235670
0.248369 0.268684 -0.930657 -0.469616 0.873701 0.126912 0.847215 0.405530 0.343178 238.728892 -167.246502 531.593253
0.254142 0.269190 -0.928950 -0.469868 0.873886 0.124688 0.845362 0.404795 0.348575 237.756604 -167.122243 531.952038
0.254704 0.268961 -0.928863 -0.470485 0.873657 0.123963 0.844849 0.405442 0.349067 236.811579 -167.008743 532.294997
0.256128 0.266734 -0.929113 -0.470306 0.874128 0.121300 0.844518 0.405899 0.349335 235.849247 -166.905536 532.647488
0.257335 0.266360 -0.928887 -0.471997 0.873436 0.119699 0.843207 0.407629 0.350487 234.835115 -166.793311 533.021982
0.256933 0.267748 -0.928599 -0.473400 0.872552 0.120603 0.842543 0.408612 0.350939 233.780727 -166.667758 533.405904
0.257890 0.269042 -0.927960 -0.473350 0.872468 0.121405 0.842279 0.407940 0.352352 232.711802 -166.544389 533.802440
0.257334 0.269022 -0.928120 -0.472286 0.872950 0.122083 0.843046 0.406922 0.351695 231.663956 -166.424901 534.193080
0.257707 0.270232 -0.927665 -0.471492 0.873196 0.123383 0.843376 0.405590 0.352441 230.544513 -166.294748 534.601939
0.257081 0.271877 -0.927358 -0.472067 0.872659 0.124975 0.843245 0.405646 0.352688 229.484710 -166.173044 534.992899
0.256832 0.272398 -0.927274 -0.471744 0.872728 0.125713 0.843502 0.405149 0.352646 228.428431 -166.052173 535.383128
0.257066 0.271346 -0.927517 -0.471990 0.872767 0.124514 0.843293 0.405771 0.352431 227.462711 -165.941027 535.736632
0.256384 0.267262 -0.928891 -0.471484 0.873507 0.121193 0.843783 0.406885 0.349963 226.548270 -165.829257 536.078732
0.253936 0.261870 -0.931096 -0.470215 0.874661 0.117757 0.845231 0.407913 0.345243 225.539833 -165.707537 536.459799
0.253454 0.263173 -0.930860 -0.469106 0.874999 0.119652 0.845991 0.406346 0.345228 224.592183 -165.601216 536.803887
0.253480 0.266759 -0.929832 -0.468268 0.874933 0.123355 0.846447 0.404143 0.346693 223.586292 -165.493295 537.176069
0.257534 0.272193 -0.927139 -0.466522 0.875289 0.127383 0.846187 0.399725 0.352401 222.655305 -165.383851 537.525827
0.258742 0.275972 -0.925685 -0.464969 0.875572 0.131066 0.846674 0.396502 0.354866 221.771166 -165.268812 537.853038
0.259532 0.275639 -0.925563 -0.465271 0.875529 0.130275 0.846266 0.396827 0.355475 221.022217 -165.171750 538.119548
0.261316 0.270889 -0.926463 -0.464102 0.876849 0.125478 0.846359 0.397184 0.354855 220.319154 -165.083292 538.387862
0.263963 0.263663 -0.927796 -0.463871 0.878068 0.117557 0.845664 0.399347 0.354083 219.553439 -164.992482 538.683332
0.266148 0.262576 -0.927480 -0.464279 0.878141 0.115379 0.844754 0.399902 0.355624 218.793846 -164.904194 538.961808
0.271247 0.264523 -0.925447 -0.464389 0.878147 0.114891 0.843070 0.398604 0.361036 218.059770 -164.831007 539.243456
0.273442 0.267710 -0.923884 -0.464392 0.877876 0.116932 0.842360 0.397070 0.364370 217.266431 -164.749023 539.550851
0.277904 0.268349 -0.922365 -0.464713 0.877909 0.115400 0.840721 0.396565 0.368680 216.634405 -164.688696 539.797289
0.286093 0.266596 -0.920368 -0.465326 0.878307 0.109768 0.837629 0.396868 0.375331 216.083666 -164.640991 540.021161
0.292838 0.264766 -0.918773 -0.464948 0.879074 0.105134 0.835505 0.396395 0.380529 215.511236 -164.589551 540.258047
0.299970 0.262188 -0.917211 -0.464725 0.879844 0.099520 0.833096 0.396398 0.385772 214.916252 -164.533971 540.504071
0.308283 0.260062 -0.915057 -0.464590 0.880551 0.093735 0.830131 0.396229 0.392282 214.386361 -164.497390 540.728492
0.316339 0.260093 -0.912295 -0.465330 0.880580 0.089698 0.826679 0.396144 0.399591 213.780398 -164.457704 540.987972
0.324618 0.261436 -0.908997 -0.466457 0.880294 0.086601 0.822825 0.395895 0.407707 213.150501 -164.417729 541.266506
0.334630 0.260106 -0.905742 -0.468068 0.880081 0.079807 0.817885 0.397243 0.416249 212.550854 -164.380062 541.541347
0.346362 0.252954 -0.903353 -0.467317 0.881497 0.067656 0.813418 0.398719 0.423527 211.855974 -164.344322 541.871730
0.357342 0.245942 -0.901010 -0.468986 0.881515 0.054620 0.807687 0.403043 0.430346 211.163159 -164.313497 542.200275
0.367418 0.242108 -0.897991 -0.468688 0.882162 0.046074 0.803328 0.403949 0.437595 210.494661 -164.288142 542.527838
0.375689 0.246783 -0.893284 -0.469499 0.881727 0.046133 0.799017 0.402064 0.447120 209.757733 -164.268009 542.889773
0.383514 0.254063 -0.887902 -0.470492 0.881049 0.048881 0.794704 0.399004 0.457429 209.047994 -164.243853 543.249692
0.388021 0.260084 -0.884192 -0.471050 0.880555 0.052298 0.792182 0.396206 0.464186 208.398192 -164.228139 543.583069
0.391987 0.260149 -0.882422 -0.469306 0.881538 0.051415 0.791264 0.393972 0.467641 207.879087 -164.215339 543.852124
0.394352 0.258701 -0.881794 -0.468115 0.882280 0.049495 0.790794 0.393262 0.469030 207.340386 -164.200520 544.135662
0.395822 0.254245 -0.882431 -0.467240 0.882993 0.044822 0.790576 0.394566 0.468302 206.851744 -164.186318 544.390079
0.396178 0.247381 -0.884220 -0.465173 0.884361 0.038997 0.791617 0.395865 0.465439 206.353820 -164.176457 544.652348
0.394169 0.242615 -0.886436 -0.462113 0.886048 0.037023 0.794407 0.395041 0.461368 205.866086 -164.166887 544.903597
0.388008 0.241549 -0.889440 -0.459989 0.887013 0.040225 0.798661 0.393526 0.455278 205.311756 -164.147377 545.176047
0.379014 0.243465 -0.892790 -0.456478 0.888413 0.048484 0.804970 0.389162 0.447857 204.684154 -164.125986 545.484487
0.365847 0.248376 -0.896920 -0.456105 0.887912 0.059839 0.811249 0.387197 0.438126 204.108299 -164.100717 545.755942
0.347393 0.252065 -0.903206 -0.454508 0.887751 0.072938 0.820207 0.385177 0.422965 203.490340 -164.066361 546.029739
0.320472 0.252588 -0.912961 -0.450732 0.888355 0.087562 0.833150 0.383439 0.398542 202.978785 -164.028525 546.235954
0.291309 0.250106 -0.923356 -0.447272 0.888830 0.099645 0.845628 0.383964 0.370789 202.531644 -163.988819 546.389046
0.261427 0.245119 -0.933580 -0.443448 0.889599 0.109395 0.857327 0.385395 0.341263 202.122978 -163.933430 546.505218
0.225090 0.240476 -0.944196 -0.437316 0.890905 0.122650 0.870683 0.385304 0.305698 201.586795 -163.864388 546.656982
0.180306 0.238460 -0.954268 -0.429390 0.891926 0.141749 0.884937 0.384194 0.263212 201.038694 -163.786850 546.780822
0.135523 0.237861 -0.961798 -0.421321 0.892445 0.161343 0.896729 0.383360 0.221163 200.524592 -163.698912 546.872862
0.085383 0.239424 -0.967153 -0.412177 0.892230 0.184488 0.907094 0.382886 0.174866 200.011165 -163.592858 546.928128
0.033305 0.241579 -0.969809 -0.402416 0.891458 0.208242 0.914851 0.383331 0.126905 199.468158 -163.450035 546.934168
-0.023962 0.244267 -0.969412 -0.390536 0.890352 0.233999 0.920276 0.384197 0.074060 198.937755 -163.287551 546.873778
-0.079756 0.245611 -0.966082 -0.376574 0.889927 0.257338 0.922947 0.384325 0.021514 198.396568 -163.110181 546.793272
-0.133840 0.247475 -0.959606 -0.362280 0.889077 0.279814 0.922410 0.385096 -0.029339 197.754418 -162.905741 546.693925
-0.193513 0.248101 -0.949209 -0.346287 0.887956 0.302688 0.917953 0.387273 -0.085917 197.209242 -162.711330 546.562528
-0.247079 0.247136 -0.936950 -0.329447 0.887904 0.321077 0.911272 0.388007 -0.137965 196.661858 -162.508303 546.425694
-0.298879 0.246548 -0.921892 -0.312323 0.887574 0.338626 0.901735 0.389136 -0.188275 196.079506 -162.285671 546.251768
-0.349180 0.246145 -0.904149 -0.294175 0.887308 0.355170 0.889682 0.389997 -0.237421 195.487404 -162.047391 546.050699
-0.398264 0.246499 -0.883529 -0.276212 0.886280 0.371773 0.874696 0.392105 -0.284887 194.881363 -161.795656 545.832719
-0.449199 0.247009 -0.858608 -0.255332 0.885448 0.388313 0.856169 0.393660 -0.334673 194.294512 -161.536738 545.587837
-0.499219 0.246444 -0.830690 -0.234278 0.884600 0.403232 0.834203 0.395913 -0.383873 193.783012 -161.300495 545.318680
-0.543826 0.246030 -0.802323 -0.214517 0.883541 0.416339 0.811317 0.398528 -0.427715 193.384029 -161.091399 545.074117
-0.583642 0.245870 -0.773893 -0.194631 0.882917 0.427291 0.788341 0.400008 -0.467453 192.934466 -160.851764 544.776008
-0.622618 0.246276 -0.742761 -0.172700 0.882535 0.437386 0.763231 0.400600 -0.506950 192.468453 -160.590530 544.455457
-0.653332 0.244569 -0.716480 -0.154486 0.883403 0.442418 0.741142 0.399732 -0.539373 192.037424 -160.353539 544.141431
-0.685352 0.241076 -0.687150 -0.134412 0.885521 0.444732 0.715699 0.397160 -0.574490 191.653151 -160.124402 543.833745
-0.714263 0.238151 -0.658113 -0.115636 0.887245 0.446569 0.690258 0.395069 -0.606188 191.300115 -159.889019 543.483302
-0.734948 0.237538 -0.635159 -0.101401 0.887615 0.449284 0.670499 0.394607 -0.628265 190.908461 -159.612476 543.070624
-0.754608 0.236824 -0.611949 -0.090191 0.886313 0.454219 0.649948 0.397949 -0.647459 190.438043 -159.266850 542.553937
-0.770866 0.238021 -0.590856 -0.080755 0.883565 0.461294 0.631857 0.403310 -0.661889 189.945327 -158.900353 541.983348
-0.780509 0.238656 -0.577797 -0.075725 0.881362 0.466334 0.620541 0.407732 -0.669839 189.530399 -158.574256 541.474953
-0.784889 0.238774 -0.571784 -0.073343 0.880486 0.468364 0.615281 0.409550 -0.673571 189.105741 -158.238113 540.965958
-0.787069 0.238108 -0.569059 -0.072278 0.880549 0.468411 0.612617 0.409802 -0.675843 188.638164 -157.860725 540.390801
-0.788302 0.236477 -0.568030 -0.072601 0.880995 0.467522 0.610990 0.409788 -0.677322 188.156005 -157.480585 539.804894
-0.788633 0.235348 -0.568040 -0.072973 0.881491 0.466528 0.610518 0.409371 -0.677999 187.720097 -157.138309 539.277074
-0.788749 0.233707 -0.568556 -0.074081 0.882030 0.465334 0.610235 0.409151 -0.678387 187.277415 -156.790400 538.735933
-0.788731 0.232674 -0.569005 -0.074704 0.882467 0.464404 0.610183 0.408797 -0.678647 186.873521 -156.474983 538.253502
-0.788357 0.230285 -0.570493 -0.076564 0.883368 0.462384 0.610435 0.408203 -0.678778 186.475823 -156.171335 537.774859
-0.787827 0.228447 -0.571962 -0.076991 0.884852 0.459466 0.611065 0.406015 -0.679522 185.996484 -155.807111 537.211909
-0.787377 0.227406 -0.572995 -0.077567 0.885543 0.458036 0.611572 0.405092 -0.679617 185.484918 -155.415619 536.607963
-0.787132 0.227655 -0.573234 -0.077755 0.885350 0.458378 0.611864 0.405376 -0.679186 184.976803 -155.029392 536.004532
-0.786584 0.229339 -0.573314 -0.077618 0.884382 0.460265 0.612585 0.406537 -0.677840 184.480270 -154.656970 535.423058
-0.785761 0.230130 -0.574125 -0.078583 0.883545 0.461706 0.613518 0.407907 -0.676171 183.990625 -154.275165 534.845365
-0.785487 0.231197 -0.574071 -0.078190 0.883093 0.462636 0.613919 0.408282 -0.675581 183.468447 -153.867457 534.230190
-0.785328 0.232136 -0.573910 -0.077173 0.883097 0.462800 0.614251 0.407740 -0.675606 182.966045 -153.476509 533.636736
-0.785467 0.232925 -0.573400 -0.075788 0.883305 0.462632 0.614246 0.406839 -0.676154 182.477918 -153.101518 533.056704
-0.785695 0.232607 -0.573217 -0.075619 0.883552 0.462188 0.613975 0.406485 -0.676613 181.923757 -152.665691 532.396482
-0.786409 0.233850 -0.571730 -0.075515 0.882231 0.464722 0.613073 0.408635 -0.676135 181.378963 -152.243754 531.758327
-0.787900 0.234214 -0.569524 -0.076694 0.880325 0.468130 0.611009 0.412519 -0.675645 180.841541 -151.818129 531.116076
-0.788256 0.234831 -0.568776 -0.077509 0.879065 0.470358 0.610446 0.414848 -0.674727 180.315600 -151.397398 530.484477
-0.788044 0.233610 -0.569573 -0.077441 0.880237 0.468173 0.610729 0.413050 -0.675574 179.751618 -150.942821 529.804968
-0.787017 0.230870 -0.572104 -0.076930 0.883374 0.462311 0.612116 0.407859 -0.677470 179.201430 -150.505638 529.146320
-0.786681 0.229403 -0.573155 -0.075186 0.885887 0.457768 0.612764 0.403211 -0.679663 178.662142 -150.082021 528.516902
-0.785970 0.229494 -0.574094 -0.075409 0.886040 0.457434 0.613649 0.402821 -0.679095 178.058604 -149.614809 527.805534
-0.784964 0.232056 -0.574440 -0.075530 0.884441 0.460498 0.614920 0.404862 -0.676728 177.484062 -149.172246 527.127763
-0.783971 0.232843 -0.575477 -0.077341 0.883141 0.462688 0.615961 0.407242 -0.674349 176.909894 -148.728612 526.442833
-0.781754 0.232933 -0.578448 -0.078969 0.883167 0.462363 0.618566 0.407134 -0.672025 176.347123 -148.293253 525.777788
-0.779171 0.231132 -0.582641 -0.082039 0.883931 0.460365 0.621419 0.406502 -0.669771 175.792188 -147.867351 525.125867
-0.776500 0.228887 -0.587076 -0.084017 0.885766 0.456465 0.624491 0.403769 -0.668567 175.240760 -147.448402 524.500252
-0.773224 0.228008 -0.591724 -0.086153 0.886700 0.454248 0.628254 0.402214 -0.665974 174.678470 -147.029039 523.866964
-0.770390 0.228459 -0.595235 -0.087752 0.886717 0.453908 0.631505 0.401919 -0.663071 174.076413 -146.584800 523.194793
-0.767611 0.229484 -0.598423 -0.089555 0.886136 0.454691 0.634628 0.402617 -0.659656 173.443867 -146.119120 522.495868
-0.764857 0.230748 -0.601456 -0.089812 0.886334 0.454253 0.637909 0.401457 -0.657195 172.771520 -145.625169 521.766177
-0.762658 0.231096 -0.604108 -0.091181 0.886253 0.454139 0.640342 0.401436 -0.654837 172.130680 -145.153854 521.068520
-0.760512 0.231991 -0.606467 -0.091069 0.886656 0.453373 0.642906 0.400026 -0.653185 171.542612 -144.732009 520.438790
-0.759277 0.233117 -0.607581 -0.088617 0.887904 0.451413 0.644705 0.396590 -0.653507 170.925880 -144.292140 519.776903
-0.758533 0.233161 -0.608493 -0.087005 0.889196 0.449178 0.645800 0.393658 -0.654198 170.307104 -143.845107 519.114579
-0.758604 0.233892 -0.608124 -0.085058 0.889809 0.448336 0.645976 0.391835 -0.655118 169.660022 -143.368810 518.408537
-0.759815 0.234638 -0.606323 -0.084212 0.889228 0.449647 0.644663 0.392708 -0.655889 168.995745 -142.886247 517.685758
-0.761277 0.235361 -0.604203 -0.081489 0.889686 0.449241 0.643285 0.391233 -0.658119 168.344885 -142.419431 516.978027
-0.763623 0.237124 -0.600543 -0.077076 0.889990 0.449419 0.641045 0.389474 -0.661340 167.777026 -142.008622 516.355967
-0.766948 0.235523 -0.596926 -0.075811 0.890442 0.448738 0.637216 0.389412 -0.665067 167.238391 -141.613296 515.744767
-0.770149 0.234730 -0.593104 -0.073874 0.890748 0.448454 0.633572 0.389191 -0.668668 166.665689 -141.190686 515.090011
-0.774277 0.232932 -0.588419 -0.070512 0.892255 0.445993 0.628906 0.386813 -0.674428 166.157030 -140.814927 514.501841
-0.777554 0.232078 -0.584423 -0.065515 0.894444 0.442355 0.625395 0.382243 -0.680274 165.644880 -140.433349 513.905987
-0.782192 0.231765 -0.578326 -0.061036 0.895266 0.441331 0.620041 0.380504 -0.686124 165.085020 -140.010281 513.247032
-0.786578 0.233844 -0.571500 -0.057494 0.893764 0.444838 0.614808 0.382758 -0.689570 164.480954 -139.543332 512.523637
-0.791288 0.236199 -0.563980 -0.052625 0.892644 0.447681 0.609174 0.383924 -0.693908 163.895908 -139.078236 511.787108
-0.794902 0.238828 -0.557757 -0.047487 0.891962 0.449610 0.604877 0.383882 -0.697681 163.362324 -138.658097 511.122227
-0.799243 0.239609 -0.551180 -0.043116 0.891869 0.450233 0.599460 0.383610 -0.702489 162.837537 -138.242050 510.444629
-0.803759 0.239554 -0.544596 -0.039568 0.891807 0.450682 0.593637 0.383788 -0.707320 162.303535 -137.815477 509.744157
-0.807054 0.238864 -0.540008 -0.036604 0.892529 0.449502 0.589342 0.382539 -0.711575 161.836063 -137.439183 509.123463
-0.809705 0.237885 -0.536459 -0.033995 0.893605 0.447565 0.585851 0.380633 -0.715470 161.379245 -137.065091 508.502909
-0.812042 0.237134 -0.533250 -0.033047 0.893576 0.447694 0.582662 0.381168 -0.717785 160.924569 -136.700058 507.890234
-0.814312 0.238446 -0.529187 -0.030932 0.892597 0.449792 0.579602 0.382640 -0.719477 160.527993 -136.378194 507.347699
-0.816618 0.241868 -0.524056 -0.028102 0.890223 0.454657 0.576494 0.386008 -0.720176 160.116627 -136.041108 506.778987
-0.818745 0.242862 -0.520264 -0.026963 0.888872 0.457362 0.573524 0.388490 -0.721211 159.683238 -135.685170 506.171258
-0.820441 0.242651 -0.517685 -0.027069 0.887967 0.459110 0.571090 0.390686 -0.721956 159.233549 -135.299854 505.541025
-0.821834 0.241918 -0.515814 -0.026890 0.887892 0.459266 0.569092 0.391311 -0.723195 158.839761 -134.956701 504.979603
-0.822916 0.239559 -0.515190 -0.027184 0.889125 0.456857 0.567512 0.389960 -0.725163 158.414916 -134.594804 504.381135
-0.823264 0.235659 -0.516431 -0.028432 0.891497 0.452134 0.566946 0.386909 -0.727237 158.020233 -134.268069 503.829970
-0.822389 0.234483 -0.518357 -0.027198 0.893870 0.447500 0.568275 0.382117 -0.728732 157.600870 -133.920157 503.253035
-0.822583 0.232487 -0.518948 -0.028604 0.894532 0.446087 0.567925 0.381788 -0.729177 157.187864 -133.573430 502.667898
-0.822874 0.230771 -0.519253 -0.028457 0.895933 0.443276 0.567511 0.379536 -0.730673 156.799098 -133.251608 502.114751
-0.822897 0.227602 -0.520612 -0.028347 0.898678 0.437693 0.567482 0.374934 -0.733068 156.375763 -132.905570 501.518851
-0.822425 0.224552 -0.522678 -0.028327 0.901492 0.431869 0.568167 0.369986 -0.735049 155.937315 -132.548765 500.904330
-0.821811 0.223684 -0.524016 -0.029587 0.901717 0.431312 0.568992 0.369961 -0.734423 155.451538 -132.165358 500.236074
-0.821621 0.224508 -0.523961 -0.030029 0.900852 0.433087 0.569243 0.371568 -0.733417 154.976441 -131.794008 499.574976
-0.821979 0.225589 -0.522935 -0.029742 0.899948 0.434981 0.568741 0.373098 -0.733029 154.549653 -131.454012 498.974614
-0.823139 0.225662 -0.521075 -0.029464 0.899434 0.436062 0.567076 0.374293 -0.733710 154.108085 -131.099126 498.343754
-0.824802 0.225456 -0.518528 -0.029372 0.898741 0.437495 0.564658 0.376077 -0.734662 153.699678 -130.763456 497.753080
-0.826757 0.225116 -0.515553 -0.028002 0.898840 0.437382 0.561861 0.376046 -0.736818 153.287191 -130.424773 497.153257
-0.827920 0.224088 -0.514134 -0.026779 0.899870 0.435336 0.560207 0.374191 -0.739019 152.850536 -130.076273 496.524607
-0.829481 0.221989 -0.512525 -0.025396 0.901685 0.431647 0.557957 0.371059 -0.742293 152.417714 -129.724795 495.891388
-0.831871 0.220187 -0.509420 -0.024354 0.902557 0.429882 0.554435 0.370012 -0.745448 152.014832 -129.381272 495.283549
-0.834627 0.220467 -0.504769 -0.023300 0.901452 0.432252 0.550322 0.372530 -0.747239 151.560237 -129.009741 494.601762
-0.836841 0.220516 -0.501069 -0.023280 0.900122 0.435015 0.546951 0.375703 -0.748126 151.059793 -128.590817 493.848717
-0.838165 0.222002 -0.498191 -0.023005 0.898212 0.438961 0.544931 0.379383 -0.747743 150.608373 -128.210923 493.161794
-0.839667 0.222207 -0.495564 -0.022136 0.897710 0.440031 0.542651 0.380449 -0.748858 150.159820 -127.827568 492.480613
-0.841051 0.219626 -0.494366 -0.021001 0.899929 0.435530 0.540548 0.376685 -0.752274 149.808639 -127.523153 491.941127
-0.841316 0.217378 -0.494908 -0.018821 0.903239 0.428725 0.540215 0.370008 -0.755818 149.426186 -127.200396 491.373640
-0.842456 0.218359 -0.492531 -0.015142 0.904228 0.426781 0.538552 0.367002 -0.758466 149.032408 -126.860251 490.761765
-0.844868 0.220514 -0.487413 -0.012787 0.902511 0.430477 0.534822 0.369929 -0.759683 148.578536 -126.476123 490.042015
-0.848770 0.221921 -0.479938 -0.011942 0.899386 0.436992 0.528627 0.376637 -0.760722 148.179028 -126.129247 489.398541
-0.851041 0.222622 -0.475571 -0.011251 0.897741 0.440381 0.524978 0.380133 -0.761510 147.796439 -125.794419 488.784415
-0.851723 0.222292 -0.474503 -0.009867 0.898591 0.438677 0.523899 0.378313 -0.763157 147.460001 -125.492688 488.234265
-0.852293 0.219878 -0.474605 -0.010158 0.900227 0.435303 0.522966 0.375827 -0.765024 147.153604 -125.214633 487.733041
-0.853244 0.219745 -0.472955 -0.008639 0.900812 0.434123 0.521440 0.374498 -0.766715 146.849789 -124.938931 487.235583
-0.854360 0.221536 -0.470097 -0.006765 0.899768 0.436316 0.519637 0.375952 -0.767227 146.526529 -124.649990 486.704892
-0.855423 0.223352 -0.467297 -0.005340 0.898386 0.439173 0.517903 0.378174 -0.767307 146.217796 -124.378690 486.192211
-0.856549 0.225425 -0.464227 -0.003265 0.897166 0.441681 0.516055 0.379838 -0.767731 145.903230 -124.086341 485.665142
-0.857782 0.227001 -0.461173 -0.002107 0.895640 0.444774 0.514009 0.382491 -0.767786 145.608825 -123.813602 485.169642
-0.858940 0.229935 -0.457549 0.001123 0.894362 0.447342 0.512075 0.383727 -0.768462 145.312091 -123.540075 484.666746
-0.860304 0.231070 -0.454405 0.004198 0.894553 0.446943 0.509764 0.382599 -0.770557 145.064793 -123.311572 484.250468
-0.860894 0.232006 -0.452807 0.008119 0.896130 0.443717 0.508719 0.378317 -0.773357 144.827143 -123.093614 483.857500
-0.861310 0.231499 -0.452276 0.009431 0.897297 0.441326 0.507992 0.375853 -0.775034 144.565030 -122.846519 483.406430
-0.860749 0.231790 -0.453193 0.009811 0.897697 0.440503 0.508935 0.374717 -0.774966 144.305416 -122.606312 482.963046
-0.860077 0.233543 -0.453570 0.010580 0.897039 0.441824 0.510055 0.375204 -0.773994 144.068073 -122.392399 482.562754
-0.858872 0.234930 -0.455134 0.010168 0.896249 0.443435 0.512090 0.376226 -0.772152 143.832186 -122.188554 482.179594
-0.857251 0.235713 -0.457776 0.009260 0.895976 0.444007 0.514815 0.376387 -0.770259 143.592370 -121.977307 481.783868
-0.855380 0.235763 -0.461239 0.008109 0.896406 0.443160 0.517938 0.375330 -0.768679 143.388551 -121.797198 481.458826
-0.852676 0.235656 -0.466273 0.006269 0.897040 0.441904 0.522403 0.373878 -0.766362 143.204803 -121.630533 481.172802
-0.849697 0.236631 -0.471191 0.004404 0.896794 0.442426 0.527254 0.373852 -0.763045 142.968966 -121.422107 480.809906
-0.846444 0.237675 -0.476491 0.000929 0.895513 0.445034 0.532477 0.376253 -0.758222 142.747948 -121.229432 480.470947
-0.842672 0.239535 -0.482210 -0.002390 0.893917 0.448226 0.538421 0.378860 -0.752707 142.551579 -121.064110 480.176980
-0.839044 0.240108 -0.488214 -0.006289 0.893008 0.449998 0.544027 0.380638 -0.747763 142.368532 -120.916265 479.910978
-0.835477 0.238426 -0.495108 -0.011326 0.893310 0.449298 0.549409 0.380985 -0.743639 142.224911 -120.802331 479.708690
-0.830708 0.237805 -0.503361 -0.015449 0.893979 0.447843 0.556494 0.379803 -0.738962 142.037166 -120.654694 479.454787
-0.825840 0.237485 -0.511458 -0.019225 0.894609 0.446435 0.563577 0.378516 -0.734238 141.862883 -120.522535 479.218386
-0.821421 0.237194 -0.518658 -0.022095 0.895495 0.444522 0.569894 0.376600 -0.730338 141.694660 -120.398307 478.995354
-0.816978 0.236082 -0.526130 -0.025109 0.896932 0.441455 0.576122 0.373870 -0.726845 141.521991 -120.269949 478.773863
-0.811607 0.234040 -0.535276 -0.029639 0.898572 0.437825 0.583452 0.371207 -0.722350 141.351998 -120.140400 478.554596
-0.805737 0.231860 -0.545004 -0.035054 0.899908 0.434669 0.591235 0.369334 -0.716961 141.178244 -120.016323 478.341574
-0.799827 0.231178 -0.553925 -0.038600 0.901134 0.431819 0.598988 0.366761 -0.711828 140.982457 -119.881888 478.115036
-0.794904 0.231205 -0.560956 -0.040332 0.902368 0.429076 0.605393 0.363699 -0.707971 140.817883 -119.770641 477.935702
-0.789292 0.230877 -0.568958 -0.043528 0.903245 0.426911 0.612473 0.361724 -0.702875 140.657144 -119.664881 477.761010
-0.783455 0.230862 -0.576976 -0.046400 0.904115 0.424763 0.619714 0.359554 -0.697621 140.487101 -119.556815 477.590537
-0.777816 0.229804 -0.584972 -0.050703 0.904777 0.422857 0.626443 0.358565 -0.692098 140.300525 -119.432911 477.398504
-0.772247 0.228789 -0.592698 -0.055342 0.905138 0.421501 0.632908 0.358304 -0.686328 140.111320 -119.309672 477.199526
-0.767640 0.228751 -0.598666 -0.058085 0.905452 0.420454 0.638243 0.357531 -0.681775 139.898849 -119.172205 476.971083
-0.763208 0.228195 -0.604517 -0.058735 0.907190 0.416602 0.643478 0.353460 -0.678971 139.695077 -119.041785 476.753826
-0.758767 0.225362 -0.611133 -0.059321 0.910432 0.409384 0.648655 0.346880 -0.677437 139.461382 -118.897391 476.510915
-0.754721 0.224036 -0.616607 -0.058619 0.913095 0.403511 0.653422 0.340683 -0.675999 139.230369 -118.754064 476.275234
-0.751110 0.223322 -0.621258 -0.058615 0.914771 0.399698 0.657570 0.336632 -0.674003 138.941607 -118.578890 475.982408
-0.749430 0.223624 -0.623175 -0.059087 0.914887 0.399362 0.659442 0.336115 -0.672431 138.657278 -118.403875 475.682643
-0.748883 0.224306 -0.623587 -0.059296 0.914522 0.400167 0.660044 0.336655 -0.671570 138.377583 -118.228717 475.380618
-0.750755 0.223502 -0.621622 -0.059231 0.914457 0.400325 0.657920 0.337365 -0.673295 138.032882 -118.017756 475.002756
-0.753282 0.222045 -0.619082 -0.058844 0.914758 0.399694 0.655060 0.337512 -0.676005 137.659079 -117.789677 474.590452
-0.755909 0.221273 -0.616149 -0.058485 0.914564 0.400191 0.652059 0.338543 -0.678386 137.317006 -117.579893 474.208011
-0.758188 0.221408 -0.613293 -0.057881 0.914016 0.401529 0.649461 0.339932 -0.680181 136.994792 -117.374898 473.841922
-0.760224 0.222855 -0.610242 -0.056853 0.912899 0.404208 0.647169 0.341982 -0.681337 136.645130 -117.151795 473.442554
-0.763309 0.224653 -0.605714 -0.056086 0.911006 0.408562 0.643594 0.345831 -0.682779 136.271598 -116.900631 473.001755
-0.766720 0.227451 -0.600338 -0.054041 0.908948 0.413392 0.639703 0.349399 -0.684617 135.882261 -116.643452 472.557921
-0.770275 0.228195 -0.595487 -0.052794 0.907761 0.416151 0.635523 0.351989 -0.687178 135.477057 -116.374079 472.085559
-0.775287 0.228772 -0.588722 -0.050287 0.906782 0.418591 0.629605 0.354133 -0.691511 135.081830 -116.101460 471.608591
-0.778752 0.229925 -0.583678 -0.046871 0.906487 0.419624 0.625579 0.354140 -0.695152 134.649768 -115.802166 471.092960
-0.783079 0.229684 -0.577955 -0.042176 0.907553 0.417814 0.620490 0.351558 -0.700999 134.234050 -115.511158 470.586126
-0.788893 0.226941 -0.571092 -0.037595 0.909751 0.413450 0.613380 0.347638 -0.709164 133.774709 -115.181068 470.005198
-0.794825 0.224658 -0.563722 -0.033269 0.911419 0.410132 0.605926 0.344738 -0.716944 133.326310 -114.858562 469.427116
-0.801401 0.223854 -0.554658 -0.027747 0.912413 0.408330 0.597484 0.342626 -0.724997 132.858570 -114.518135 468.802445
-0.807341 0.222593 -0.546492 -0.023345 0.913350 0.406507 0.589623 0.340947 -0.732188 132.415566 -114.189960 468.197653
-0.812541 0.222778 -0.538654 -0.019111 0.913407 0.406598 0.582591 0.340672 -0.737923 131.993592 -113.877056 467.613483
-0.817385 0.223151 -0.531116 -0.015229 0.913239 0.407139 0.575890 0.340878 -0.743070 131.616577 -113.590019 467.075827
-0.821652 0.223242 -0.524453 -0.012072 0.913088 0.407583 0.569861 0.341223 -0.747546 131.234961 -113.298783 466.524571
-0.824873 0.223786 -0.519138 -0.010397 0.912150 0.409724 0.565222 0.343368 -0.750081 130.809406 -112.972244 465.895437
-0.826768 0.225273 -0.515467 -0.009704 0.910469 0.413464 0.562459 0.346841 -0.750561 130.415857 -112.668115 465.303490
-0.828417 0.228340 -0.511454 -0.007365 0.908610 0.417580 0.560063 0.349698 -0.751027 129.998898 -112.342590 464.685958
-0.829530 0.230845 -0.508518 -0.004610 0.907707 0.419578 0.558443 0.350397 -0.751907 129.624877 -112.044665 464.124014
-0.830004 0.231191 -0.507586 -0.003043 0.908158 0.418617 0.557749 0.348998 -0.753071 129.241456 -111.733222 463.540443
-0.830056 0.231157 -0.507516 -0.001394 0.909187 0.416385 0.557678 0.346330 -0.754355 128.891771 -111.449475 463.005171
-0.829618 0.232403 -0.507664 -0.000345 0.909039 0.416711 0.558331 0.345886 -0.754075 128.499495 -111.138205 462.420254
-0.829765 0.232607 -0.507330 -0.000910 0.908445 0.418003 0.558112 0.347306 -0.753584 128.100454 -110.815741 461.811616
-0.829402 0.232647 -0.507905 -0.001734 0.908085 0.418782 0.558649 0.348219 -0.752764 127.650191 -110.451138 461.133988
-0.829774 0.230665 -0.508201 -0.002238 0.909210 0.416331 0.558094 0.346598 -0.753923 127.228829 -110.117565 460.503878
-0.829651 0.230319 -0.508559 -0.001579 0.909964 0.414684 0.558280 0.344846 -0.754589 126.821886 -109.798800 459.902778
-0.828682 0.230407 -0.510096 -0.000614 0.910968 0.412476 0.559719 0.342125 -0.754762 126.382974 -109.453141 459.249895
-0.828697 0.230215 -0.510160 -0.000248 0.911340 0.411655 0.559698 0.341264 -0.755167 125.997763 -109.148242 458.667217
-0.828469 0.232611 -0.509441 0.001705 0.910705 0.413055 0.560032 0.341335 -0.754888 125.587902 -108.835301 458.058467
-0.828394 0.235559 -0.508208 0.002841 0.909033 0.416714 0.560138 0.343760 -0.753707 125.130971 -108.482972 457.384207
-0.828654 0.238264 -0.506521 0.003671 0.907181 0.420725 0.559750 0.346776 -0.752613 124.681232 -108.127524 456.715546
-0.829038 0.240259 -0.504947 0.004678 0.905942 0.423377 0.559172 0.348633 -0.752184 124.258447 -107.791012 456.077461
-0.828796 0.241040 -0.504972 0.004967 0.905593 0.424118 0.559528 0.348999 -0.751750 123.834512 -107.452114 455.443948
-0.827985 0.242007 -0.505840 0.006435 0.906117 0.422978 0.560714 0.346964 -0.751808 123.393941 -107.101624 454.793426
-0.827477 0.242639 -0.506367 0.008649 0.907214 0.420581 0.561433 0.343642 -0.752797 122.988778 -106.772236 454.195181
-0.828133 0.242647 -0.505291 0.009076 0.907135 0.420742 0.560458 0.343844 -0.753431 122.579296 -106.434359 453.574215
-0.828958 0.243933 -0.503314 0.010860 0.906733 0.421565 0.559205 0.343994 -0.754293 122.160007 -106.094180 452.947286
-0.829237 0.245176 -0.502249 0.011903 0.906187 0.422710 0.558770 0.344549 -0.754362 121.712997 -105.732261 452.280844
-0.829344 0.245565 -0.501883 0.012217 0.905998 0.423105 0.558605 0.344768 -0.754384 121.282200 -105.386961 451.635760
-0.829705 0.245881 -0.501130 0.012289 0.905587 0.423983 0.558067 0.345622 -0.754392 120.854528 -105.049736 450.995557
-0.829779 0.246874 -0.500520 0.012712 0.904968 0.425289 0.557948 0.346533 -0.754062 120.406512 -104.685358 450.312409
-0.830100 0.248648 -0.499107 0.014662 0.904499 0.426224 0.557421 0.346491 -0.754470 119.972606 -104.334757 449.657176
-0.830366 0.248574 -0.498702 0.016059 0.905288 0.424495 0.556987 0.344477 -0.755712 119.556632 -103.994790 449.022822
-0.830719 0.247005 -0.498893 0.017911 0.907569 0.419520 0.556404 0.339568 -0.758359 119.183638 -103.685830 448.457391
-0.832190 0.244579 -0.497634 0.018814 0.909401 0.415494 0.554171 0.336407 -0.761397 118.807170 -103.368606 447.874275
-0.832909 0.246654 -0.495404 0.020172 0.908120 0.418224 0.553043 0.338349 -0.761357 118.387646 -103.021356 447.222142
-0.833713 0.248146 -0.493300 0.020796 0.906817 0.421011 0.551806 0.340744 -0.761186 117.938702 -102.654154 446.526540
-0.834634 0.249334 -0.491140 0.021987 0.906048 0.422603 0.550366 0.341920 -0.761701 117.532852 -102.327460 445.898399
-0.835277 0.248568 -0.490434 0.022958 0.906965 0.420579 0.549350 0.340041 -0.763274 117.120377 -101.989525 445.260925
-0.835548 0.249634 -0.489431 0.025606 0.907543 0.419178 0.548820 0.337711 -0.764688 116.690275 -101.634844 444.592557
-0.835998 0.249854 -0.488550 0.026342 0.907570 0.419074 0.548100 0.337475 -0.765308 116.267068 -101.282623 443.929074
-0.836883 0.249859 -0.487029 0.026587 0.907247 0.419756 0.546736 0.338338 -0.765903 115.860219 -100.947917 443.289866
-0.838592 0.249572 -0.484228 0.027562 0.907184 0.419831 0.544062 0.338721 -0.767636 115.531025 -100.676315 442.760042
-0.841227 0.249103 -0.479880 0.028768 0.906909 0.420342 0.539916 0.339798 -0.770083 115.214091 -100.413376 442.237516
-0.844619 0.246617 -0.475183 0.028284 0.906898 0.420400 0.534620 0.341637 -0.772959 114.883830 -100.131593 441.676224
-0.848671 0.245501 -0.468495 0.029980 0.906658 0.420800 0.528071 0.343076 -0.776814 114.592735 -99.880199 441.170867
-0.853031 0.245294 -0.460619 0.032999 0.906234 0.421488 0.520817 0.344342 -0.781139 114.257382 -99.585392 440.593128
-0.857673 0.245373 -0.451873 0.037093 0.906031 0.421582 0.512856 0.344818 -0.786180 114.003131 -99.357494 440.128101
-0.863250 0.244240 -0.441753 0.041797 0.906727 0.419642 0.503042 0.343793 -0.792941 113.727707 -99.107032 439.615531
-0.870514 0.242219 -0.428410 0.048472 0.908464 0.415144 0.489751 0.340622 -0.802571 113.501297 -98.898189 439.171282
-0.879126 0.241845 -0.410667 0.058666 0.910042 0.410343 0.472964 0.336651 -0.814230 113.291216 -98.683512 438.725131
-0.889119 0.243637 -0.387437 0.072188 0.910590 0.406957 0.451946 0.333865 -0.827211 113.114536 -98.485170 438.323266
-0.901747 0.244295 -0.356613 0.086620 0.910376 0.404614 0.423497 0.333970 -0.842089 112.969041 -98.302615 437.937262
-0.913743 0.245085 -0.324047 0.100423 0.909063 0.404376 0.393686 0.336954 -0.855262 112.813541 -98.102799 437.489768
-0.925143 0.244118 -0.290719 0.112536 0.907753 0.404128 0.362556 0.341160 -0.867273 112.675857 -97.894489 437.010294
-0.935426 0.243934 -0.255880 0.126265 0.906592 0.402676 0.330205 0.344365 -0.878850 112.555677 -97.691001 436.535401
-0.945087 0.243121 -0.218411 0.140820 0.906002 0.399162 0.294925 0.346486 -0.890487 112.468933 -97.499980 436.078496
-0.953275 0.241504 -0.181503 0.154444 0.905931 0.394255 0.259643 0.347801 -0.900899 112.391636 -97.314143 435.614633
-0.959148 0.241776 -0.146900 0.168756 0.905720 0.388834 0.227061 0.348160 -0.909521 112.326491 -97.119056 435.137001
-0.964123 0.240505 -0.112353 0.181198 0.905561 0.383571 0.193993 0.349452 -0.916651 112.292762 -96.956697 434.715699
-0.968524 0.236914 -0.076373 0.191907 0.906084 0.377072 0.158534 0.350547 -0.923030 112.274178 -96.783622 434.245999
-0.971205 0.234760 -0.040594 0.203739 0.906723 0.369248 0.123492 0.350345 -0.928444 112.277989 -96.593223 433.730250
-0.972695 0.231962 -0.007650 0.213649 0.907804 0.360896 0.090658 0.349408 -0.932575 112.299010 -96.415691 433.235359
-0.972963 0.229751 0.023592 0.223041 0.908174 0.354222 0.059958 0.349907 -0.934864 112.332778 -96.253400 432.750723
-0.972019 0.229133 0.051733 0.232521 0.907281 0.350392 0.033350 0.352617 -0.935173 112.371505 -96.077676 432.233808
-0.971449 0.225835 0.072705 0.236888 0.906387 0.349782 0.013094 0.357019 -0.934006 112.430037 -95.855344 431.584218
-0.970880 0.222697 0.088306 0.239556 0.905731 0.349663 -0.002113 0.360635 -0.932704 112.507623 -95.590114 430.835183
-0.970256 0.221342 0.098040 0.241801 0.905616 0.348413 -0.011668 0.361756 -0.932200 112.592915 -95.322737 430.087094
-0.969705 0.221066 0.103936 0.243661 0.905609 0.347134 -0.017386 0.361942 -0.932038 112.678134 -95.048120 429.324623
-0.969114 0.221657 0.108102 0.245706 0.905393 0.346254 -0.021125 0.362121 -0.931892 112.753192 -94.814833 428.664095
-0.968290 0.223884 0.110858 0.248780 0.904689 0.345900 -0.022851 0.362511 -0.931699 112.818899 -94.612388 428.094701
-0.967597 0.225371 0.113863 0.251235 0.904409 0.344855 -0.025258 0.362287 -0.931724 112.895901 -94.393099 427.467149
-0.967174 0.226103 0.115981 0.252608 0.905079 0.342083 -0.027626 0.360151 -0.932485 112.967650 -94.183932 426.868071
-0.966997 0.226575 0.116534 0.253135 0.906344 0.338323 -0.028965 0.356657 -0.933786 113.037902 -93.971059 426.274534
-0.966454 0.228417 0.117438 0.255065 0.907221 0.334503 -0.030136 0.353236 -0.935049 113.099214 -93.776589 425.722893
-0.965957 0.230290 0.117874 0.256888 0.907724 0.331733 -0.030602 0.350720 -0.935980 113.181721 -93.530012 425.023399
-0.966121 0.229377 0.118309 0.256207 0.907652 0.332454 -0.031126 0.351502 -0.935669 113.278065 -93.278667 424.287559
-0.966045 0.229026 0.119599 0.256422 0.906628 0.335072 -0.031692 0.354362 -0.934571 113.384904 -92.985835 423.426796
-0.966170 0.228283 0.120012 0.255945 0.905978 0.337188 -0.031754 0.356497 -0.933757 113.482344 -92.714595 422.644387
-0.966059 0.229477 0.118617 0.256507 0.906482 0.335402 -0.030557 0.354444 -0.934578 113.563315 -92.472397 421.939729
-0.965854 0.231823 0.115692 0.257543 0.907757 0.331134 -0.028256 0.349623 -0.936464 113.639102 -92.235317 421.254384
-0.966199 0.232324 0.111740 0.256541 0.909242 0.327819 -0.025438 0.345404 -0.938109 113.720736 -91.958671 420.435957
-0.966028 0.234431 0.108773 0.257452 0.909651 0.325965 -0.022529 0.342896 -0.939103 113.807309 -91.664719 419.578506
-0.965967 0.235583 0.106814 0.257892 0.909051 0.327289 -0.019996 0.343696 -0.938868 113.899691 -91.365421 418.686932
-0.966425 0.234837 0.104282 0.256368 0.908561 0.329838 -0.017288 0.345498 -0.938260 113.996833 -91.056013 417.766457
-0.966543 0.235125 0.102523 0.256071 0.907718 0.332379 -0.014911 0.347511 -0.937557 114.094492 -90.728112 416.809194
-0.966662 0.235191 0.101241 0.255721 0.906950 0.334736 -0.013094 0.349466 -0.936858 114.191986 -90.429668 415.938416
-0.966847 0.235294 0.099215 0.255122 0.906713 0.335834 -0.010940 0.350012 -0.936681 114.281490 -90.120751 415.045793
-0.966447 0.237923 0.096810 0.256729 0.906958 0.333942 -0.008350 0.347592 -0.937609 114.350813 -89.849293 414.263023
-0.965759 0.241018 0.096019 0.259322 0.907933 0.329255 -0.007822 0.342881 -0.939346 114.417324 -89.580406 413.489459
-0.965399 0.243125 0.094316 0.260672 0.909976 0.322480 -0.007423 0.335908 -0.941866 114.498025 -89.283558 412.603456
-0.964747 0.245945 0.093669 0.263076 0.911156 0.317152 -0.007345 0.330614 -0.943737 114.573023 -89.012151 411.786781
-0.964816 0.245402 0.094378 0.262785 0.911755 0.315668 -0.008584 0.329363 -0.944164 114.663498 -88.719799 410.865805
-0.965160 0.243424 0.095978 0.261475 0.911114 0.318595 -0.009893 0.332591 -0.943019 114.764077 -88.381911 409.830157
-0.965833 0.240600 0.096327 0.258999 0.909404 0.325428 -0.009302 0.339258 -0.940648 114.865476 -88.054281 408.822397
-0.965898 0.239720 0.097859 0.258762 0.907088 0.332016 -0.009176 0.346015 -0.938184 114.963546 -87.722069 407.796595
-0.965882 0.239283 0.099071 0.258785 0.906630 0.333246 -0.010081 0.347515 -0.937620 115.066647 -87.409770 406.853350
-0.964826 0.242585 0.101310 0.262559 0.908515 0.325057 -0.013187 0.340223 -0.940252 115.163928 -87.113412 405.957634
-0.964488 0.244429 0.100089 0.263782 0.910753 0.317722 -0.013496 0.332840 -0.942887 115.256709 -86.803507 404.997685
-0.964195 0.245022 0.101447 0.264745 0.911593 0.314496 -0.015420 0.330093 -0.943822 115.356071 -86.499133 404.029956
-0.964303 0.244060 0.102733 0.264279 0.911368 0.315539 -0.016617 0.331425 -0.943335 115.465061 -86.174828 403.011180
-0.964318 0.243128 0.104782 0.264121 0.910657 0.317717 -0.018175 0.334055 -0.942378 115.577542 -85.840630 401.954673
-0.964172 0.241913 0.108860 0.264430 0.909225 0.321538 -0.021194 0.338804 -0.940618 115.692333 -85.504570 400.892410
-0.963961 0.240959 0.112769 0.264970 0.907574 0.325731 -0.023859 0.343873 -0.938713 115.806419 -85.178645 399.883905
-0.964122 0.240146 0.113132 0.264384 0.906981 0.327851 -0.023876 0.345999 -0.937931 115.930279 -84.855592 398.903743
-0.964432 0.239191 0.112508 0.263190 0.908423 0.324805 -0.024514 0.342863 -0.939065 116.039421 -84.546423 397.964964
-0.964310 0.240222 0.111352 0.263629 0.910191 0.319457 -0.024611 0.337411 -0.941036 116.147094 -84.238299 397.023100
-0.964243 0.240328 0.111707 0.263822 0.910490 0.318443 -0.025177 0.336527 -0.941337 116.256594 -83.929958 396.049678
-0.964268 0.240549 0.111012 0.263859 0.909621 0.320888 -0.023789 0.338714 -0.940589 116.362221 -83.592509 395.015886
-0.964546 0.239175 0.111559 0.262810 0.909086 0.323253 -0.024103 0.341111 -0.939714 116.484232 -83.237682 393.942035
-0.964540 0.238751 0.112520 0.262757 0.908866 0.323917 -0.024930 0.341996 -0.939371 116.610378 -82.888608 392.883492
-0.964360 0.239956 0.111493 0.263467 0.909692 0.321008 -0.024397 0.338942 -0.940491 116.718305 -82.578574 391.914344
-0.963735 0.243509 0.109166 0.265952 0.910129 0.317702 -0.021992 0.335213 -0.941886 116.815996 -82.274346 390.975982
-0.963669 0.245260 0.105778 0.266375 0.911616 0.313050 -0.019650 0.329853 -0.943828 116.915758 -81.963135 390.002245
-0.963445 0.246650 0.104581 0.267209 0.912845 0.308730 -0.019318 0.325389 -0.945383 117.015879 -81.674437 389.053115
-0.962815 0.248878 0.105110 0.269440 0.913038 0.306208 -0.019761 0.323142 -0.946144 117.118869 -81.361548 388.045229
-0.962436 0.249673 0.106674 0.270778 0.911442 0.309764 -0.019888 0.327013 -0.944811 117.225817 -81.049866 387.040640
-0.962081 0.250311 0.108374 0.272013 0.909924 0.313125 -0.020234 0.330730 -0.943508 117.334702 -80.726534 386.011934
-0.961771 0.250732 0.110136 0.273003 0.909524 0.313427 -0.021585 0.331512 -0.943204 117.445780 -80.411900 385.000694
-0.961473 0.251147 0.111782 0.273923 0.909523 0.312625 -0.023153 0.331200 -0.943276 117.553010 -80.130923 384.095846
-0.960809 0.252479 0.114453 0.276032 0.909395 0.311139 -0.025527 0.330538 -0.943447 117.670288 -79.829874 383.139606
-0.960702 0.252082 0.116214 0.276186 0.909983 0.309278 -0.027789 0.329221 -0.943844 117.781156 -79.546534 382.218977
-0.960173 0.253188 0.118171 0.277839 0.909935 0.307934 -0.029563 0.328502 -0.944041 117.889007 -79.252278 381.285577
-0.959885 0.253296 0.120262 0.278650 0.909494 0.308503 -0.031235 0.329638 -0.943591 118.005647 -78.952232 380.314606
-0.959753 0.252248 0.123472 0.278820 0.908520 0.311209 -0.033675 0.333111 -0.942286 118.132114 -78.641878 379.299502
-0.959739 0.250887 0.126320 0.278514 0.908360 0.311947 -0.036481 0.334570 -0.941665 118.248819 -78.350419 378.361456
-0.959104 0.251106 0.130632 0.280069 0.908726 0.309482 -0.040995 0.333411 -0.941890 118.386344 -78.028267 377.321313
-0.958682 0.250782 0.134301 0.280941 0.908838 0.308360 -0.044727 0.333350 -0.941742 118.524897 -77.713897 376.297763
-0.958721 0.249660 0.136100 0.280469 0.909071 0.308102 -0.046804 0.333555 -0.941568 118.663075 -77.407957 375.283008
-0.958582 0.248482 0.139203 0.280359 0.909340 0.307409 -0.050197 0.333703 -0.941341 118.800437 -77.122228 374.325432
-0.958172 0.248598 0.141794 0.281237 0.909696 0.305548 -0.053031 0.332645 -0.941560 118.938212 -76.838838 373.383341
-0.957890 0.249541 0.142044 0.282097 0.910133 0.303447 -0.053556 0.330739 -0.942201 119.079795 -76.545780 372.434069
-0.957388 0.249830 0.144893 0.283195 0.910507 0.301295 -0.056653 0.329489 -0.942458 119.219328 -76.269190 371.527053
-0.957398 0.248293 0.147444 0.282528 0.910999 0.300430 -0.059726 0.329288 -0.942339 119.348346 -76.011422 370.685092
-0.957292 0.248087 0.148476 0.282539 0.911684 0.298334 -0.061350 0.327543 -0.942843 119.478296 -75.760800 369.850278
-0.957495 0.246944 0.149067 0.281549 0.912469 0.296866 -0.062710 0.326218 -0.943212 119.608212 -75.505021 369.000666
-0.957666 0.246178 0.149238 0.280903 0.912536 0.297273 -0.063003 0.326609 -0.943057 119.725444 -75.273306 368.218733
-0.958200 0.243912 0.149531 0.278888 0.912923 0.297982 -0.063829 0.327228 -0.942787 119.842596 -75.052922 367.462524
-0.958600 0.242073 0.149952 0.277343 0.913069 0.298974 -0.064543 0.328185 -0.942406 119.968465 -74.821030 366.674198
-0.959237 0.240463 0.148467 0.275390 0.913306 0.300055 -0.063444 0.328711 -0.942297 120.081046 -74.600339 365.944110
-0.960161 0.239190 0.144495 0.272990 0.913364 0.302064 -0.059726 0.329476 -0.942273 120.186639 -74.392883 365.226445
-0.961018 0.238180 0.140405 0.270754 0.913575 0.303434 -0.055999 0.329621 -0.942451 120.286352 -74.188675 364.526484
-0.962386 0.236606 0.133536 0.267073 0.914083 0.305161 -0.049860 0.329347 -0.942892 120.384954 -73.977194 363.810060
-0.964532 0.235860 0.118523 0.261524 0.914792 0.307833 -0.035818 0.327911 -0.944029 120.461133 -73.775964 363.140209
-0.966371 0.236070 0.101969 0.256374 0.915285 0.310686 -0.019987 0.326380 -0.945027 120.520121 -73.572074 362.490108
-0.968428 0.235524 0.081706 0.249293 0.915853 0.314748 -0.000700 0.325180 -0.945652 120.566325 -73.355926 361.813275
-0.970000 0.235578 0.060029 0.242256 0.916048 0.319637 0.020310 0.324590 -0.945637 120.589725 -73.168557 361.239836
-0.971104 0.235742 0.037184 0.234851 0.916239 0.324577 0.042447 0.323931 -0.945128 120.599528 -72.971904 360.624140
-0.971825 0.235430 0.011362 0.225922 0.916669 0.329663 0.067197 0.322942 -0.944030 120.589133 -72.757739 359.968454
-0.971971 0.234602 -0.015308 0.216110 0.917197 0.334734 0.092570 0.322043 -0.942188 120.566084 -72.565811 359.389707
-0.971375 0.233627 -0.042992 0.205844 0.918160 0.338542 0.118566 0.320002 -0.939968 120.528410 -72.383046 358.841423
-0.969863 0.232632 -0.072441 0.195148 0.919690 0.340716 0.145885 0.316311 -0.937371 120.473768 -72.216049 358.382293
-0.966996 0.230879 -0.107772 0.182089 0.922066 0.341522 0.178223 0.310626 -0.933674 120.391751 -72.021101 357.861298
-0.962388 0.230744 -0.143410 0.170200 0.923511 0.343743 0.211758 0.306406 -0.928049 120.285701 -71.831681 357.343344
-0.956393 0.228610 -0.181794 0.155446 0.925328 0.345838 0.247281 0.302498 -0.920515 120.155154 -71.641848 356.825241
-0.947546 0.226276 -0.225735 0.138493 0.927183 0.348068 0.288057 0.298548 -0.909886 120.011588 -71.459816 356.341812
-0.935067 0.225825 -0.273225 0.121551 0.928339 0.351301 0.332978 0.295280 -0.895509 119.829661 -71.274242 355.870927
-0.918702 0.228204 -0.322351 0.105369 0.928214 0.356814 0.380637 0.293840 -0.876797 119.601993 -71.049301 355.329243
-0.898381 0.230028 -0.374163 0.085936 0.927481 0.363861 0.430727 0.294732 -0.852999 119.359318 -70.851349 354.862578
-0.874426 0.232737 -0.425691 0.065459 0.925999 0.371808 0.480723 0.297253 -0.824952 119.075812 -70.626342 354.344017
-0.847148 0.233888 -0.477113 0.042435 0.924826 0.378017 0.529660 0.299990 -0.793389 118.780876 -70.416383 353.888192
-0.818739 0.236162 -0.523348 0.022916 0.924208 0.381201 0.573708 0.300111 -0.762097 118.430331 -70.187685 353.418674
-0.791656 0.235610 -0.563709 0.003452 0.924361 0.381503 0.610957 0.300074 -0.732590 118.050136 -69.940118 352.939466
-0.761981 0.231825 -0.604684 -0.017138 0.926185 0.376679 0.647373 0.297385 -0.701762 117.712513 -69.748807 352.573360
-0.730235 0.227656 -0.644150 -0.033717 0.929691 0.366795 0.682363 0.289566 -0.671217 117.380056 -69.579530 352.253166
-0.698028 0.223053 -0.680444 -0.049631 0.932892 0.356721 0.714348 0.282773 -0.640114 116.990946 -69.389235 351.912312
-0.662098 0.222502 -0.715625 -0.062592 0.935154 0.348669 0.746799 0.275645 -0.605237 116.546194 -69.189960 351.569506
-0.626319 0.223703 -0.746780 -0.075939 0.935880 0.344039 0.775859 0.272188 -0.569172 116.087989 -68.993310 351.253207
-0.590702 0.224254 -0.775100 -0.092903 0.935312 0.341409 0.801523 0.273681 -0.531657 115.581846 -68.781363 350.929690
-0.556467 0.226805 -0.799315 -0.107131 0.934406 0.339719 0.823934 0.274674 -0.495668 115.041654 -68.558388 350.614169
-0.521142 0.228390 -0.822344 -0.120425 0.934212 0.335776 0.844931 0.274018 -0.459353 114.542585 -68.366340 350.369269
-0.481352 0.230360 -0.845716 -0.135279 0.933764 0.331339 0.866025 0.273898 -0.418306 114.066435 -68.189308 350.160442
-0.439537 0.231462 -0.867890 -0.149684 0.933842 0.324858 0.885665 0.272697 -0.375812 113.531545 -68.003907 349.952714
-0.397001 0.229342 -0.888703 -0.163268 0.935188 0.314273 0.903180 0.269863 -0.333827 112.920792 -67.804895 349.755572
-0.360402 0.225897 -0.905031 -0.174195 0.936867 0.303211 0.916388 0.266930 -0.298299 112.357182 -67.632216 349.605427
-0.328619 0.223451 -0.917649 -0.182789 0.938192 0.293911 0.926606 0.264321 -0.267463 111.772476 -67.454176 349.463361
-0.294712 0.220819 -0.929722 -0.192155 0.939366 0.284021 0.936067 0.262355 -0.234411 111.169222 -67.284380 349.320308
-0.264058 0.219889 -0.939107 -0.203462 0.939056 0.277087 0.942803 0.264240 -0.203226 110.473456 -67.092253 349.177810
-0.233124 0.223844 -0.946334 -0.213757 0.937550 0.274424 0.948663 0.266260 -0.170717 109.666450 -66.864276 349.038713
-0.211061 0.227852 -0.950546 -0.221229 0.936083 0.273507 0.952109 0.268015 -0.147163 108.818912 -66.635922 348.914160
-0.195376 0.228029 -0.953850 -0.226426 0.935830 0.270100 0.954232 0.268748 -0.131207 107.986034 -66.419109 348.798067
-0.181240 0.225922 -0.957137 -0.227680 0.937174 0.264323 0.956720 0.265827 -0.118416 107.224689 -66.229860 348.707594
-0.171874 0.221429 -0.959911 -0.228509 0.938873 0.257491 0.958250 0.263604 -0.110770 106.428651 -66.039850 348.618241
-0.166371 0.216719 -0.961953 -0.229377 0.940282 0.251508 0.959014 0.262493 -0.106725 105.656658 -65.849895 348.527992
-0.166091 0.212545 -0.962932 -0.228400 0.941650 0.247243 0.959295 0.260999 -0.107854 104.805461 -65.635718 348.431798
-0.166259 0.210845 -0.963277 -0.227983 0.942187 0.245578 0.959365 0.260440 -0.108578 103.947072 -65.424500 348.330396
-0.166710 0.210947 -0.963177 -0.228292 0.942045 0.245832 0.959214 0.260868 -0.108890 103.061798 -65.211964 348.220307
-0.168200 0.209924 -0.963141 -0.227838 0.942326 0.245177 0.959061 0.260679 -0.110670 102.215192 -65.010688 348.113451
-0.169334 0.204573 -0.964093 -0.226316 0.944008 0.240061 0.959222 0.258841 -0.113555 101.386931 -64.817538 348.011486
-0.167958 0.196078 -0.966097 -0.225802 0.946312 0.231318 0.959585 0.256998 -0.114666 100.446143 -64.600667 347.894998
-0.164735 0.188492 -0.968160 -0.224342 0.948683 0.222872 0.960486 0.253913 -0.113995 99.583711 -64.409674 347.791626
-0.163425 0.184674 -0.969117 -0.221525 0.950370 0.218458 0.961363 0.250385 -0.114405 98.713791 -64.226697 347.688848
-0.164183 0.183005 -0.969306 -0.220378 0.950998 0.216877 0.961498 0.249221 -0.115807 97.772420 -64.028654 347.570843
-0.164724 0.183999 -0.969025 -0.219233 0.951040 0.217851 0.961667 0.248328 -0.116321 96.837264 -63.830010 347.454758
-0.166080 0.187789 -0.968066 -0.219049 0.950148 0.221893 0.961475 0.248906 -0.116665 95.828420 -63.609747 347.331665
-0.165722 0.192673 -0.967168 -0.219434 0.948938 0.226641 0.961449 0.249789 -0.114981 94.815333 -63.390341 347.208740
-0.164218 0.195320 -0.966893 -0.223198 0.947421 0.229294 0.960841 0.253463 -0.111989 93.797482 -63.167993 347.080621
-0.163768 0.195636 -0.966906 -0.226780 0.946423 0.229902 0.960079 0.256926 -0.110627 92.806393 -62.950093 346.957904
-0.163317 0.194706 -0.967170 -0.228431 0.946229 0.229064 0.959764 0.258341 -0.110058 91.764771 -62.720823 346.835395
-0.162912 0.191004 -0.967976 -0.228265 0.947168 0.225315 0.959872 0.257662 -0.110706 90.810522 -62.514735 346.723949
-0.160116 0.184363 -0.969728 -0.226676 0.949282 0.217903 0.960719 0.254704 -0.110205 89.792895 -62.295905 346.610647
-0.160958 0.179636 -0.970476 -0.227557 0.950050 0.213596 0.960370 0.255219 -0.112041 88.874810 -62.100494 346.494410
-0.160367 0.178310 -0.970818 -0.227915 0.950280 0.212187 0.960384 0.255292 -0.111754 87.892646 -61.890410 346.376699
-0.160659 0.179828 -0.970490 -0.228911 0.949664 0.213864 0.960098 0.256514 -0.111407 86.823838 -61.660449 346.244653
-0.161463 0.181696 -0.970009 -0.229442 0.949061 0.215963 0.959837 0.257431 -0.111549 85.698228 -61.424462 346.111630
-0.163276 0.183335 -0.969396 -0.230850 0.948205 0.218209 0.959192 0.259413 -0.112496 84.531180 -61.179840 345.971443
-0.165056 0.185230 -0.968734 -0.231179 0.947578 0.220573 0.958808 0.260359 -0.113583 83.489380 -60.957745 345.846165
-0.166209 0.185123 -0.968558 -0.231708 0.947387 0.220838 0.958481 0.261128 -0.114570 82.534504 -60.746581 345.731520
-0.167232 0.179942 -0.969358 -0.230727 0.948758 0.215923 0.958540 0.259766 -0.117145 81.553204 -60.532286 345.609273
-0.169316 0.172305 -0.970383 -0.229136 0.950737 0.208797 0.958556 0.257702 -0.121494 80.595433 -60.327196 345.480322
-0.173599 0.168478 -0.970298 -0.229000 0.951345 0.206158 0.957822 0.257987 -0.126571 79.624025 -60.128147 345.351980
-0.176813 0.171755 -0.969143 -0.229202 0.950401 0.210250 0.957185 0.259304 -0.128677 78.567627 -59.916315 345.204560
-0.179196 0.175923 -0.967956 -0.229029 0.949391 0.214949 0.956783 0.260208 -0.129836 77.471005 -59.695689 345.047282
-0.181366 0.178588 -0.967064 -0.226825 0.949261 0.217839 0.956900 0.258863 -0.131655 76.426752 -59.477286 344.900602
-0.182558 0.174565 -0.967574 -0.226235 0.950247 0.214124 0.956813 0.257989 -0.133982 75.531178 -59.286840 344.766658
-0.185115 0.169768 -0.967942 -0.225263 0.951409 0.209949 0.956551 0.256906 -0.137877 74.664631 -59.100911 344.634138
-0.187688 0.167311 -0.967874 -0.224933 0.951878 0.208165 0.956127 0.256777 -0.141022 73.745785 -58.906186 344.493601
-0.192001 0.167196 -0.967048 -0.225231 0.951572 0.209239 0.955200 0.257983 -0.145045 72.820396 -58.713213 344.346931
-0.196442 0.167540 -0.966096 -0.227015 0.950751 0.211039 0.953874 0.260775 -0.148733 71.843645 -58.512603 344.184170
-0.199986 0.168674 -0.965171 -0.228734 0.949815 0.213385 0.952726 0.263442 -0.151368 70.856487 -58.310075 344.011739
-0.202861 0.171104 -0.964143 -0.228051 0.949285 0.216450 0.952281 0.263783 -0.153553 69.816345 -58.092226 343.834988
-0.204263 0.172277 -0.963637 -0.228849 0.948711 0.218118 0.951790 0.265081 -0.154361 68.718144 -57.856241 343.648163
-0.206048 0.170490 -0.963575 -0.230027 0.948673 0.217041 0.951121 0.266370 -0.156255 67.675791 -57.636710 343.462924
-0.206889 0.166255 -0.964135 -0.229354 0.949753 0.212992 0.951101 0.265194 -0.158362 66.673197 -57.424390 343.296191
-0.207866 0.163402 -0.964413 -0.229499 0.950280 0.210472 0.950853 0.265082 -0.160030 65.695971 -57.225660 343.127600
-0.207941 0.162689 -0.964517 -0.231957 0.949742 0.210205 0.950240 0.267437 -0.159754 64.731311 -57.029565 342.949801
-0.208511 0.161578 -0.964581 -0.232262 0.949863 0.209320 0.950041 0.267682 -0.160529 63.800433 -56.838873 342.788394
-0.210996 0.158859 -0.964492 -0.231841 0.950418 0.207259 0.949595 0.267340 -0.163704 62.849822 -56.643254 342.622226
-0.214013 0.159065 -0.963793 -0.230755 0.950496 0.208110 0.949184 0.266938 -0.166714 61.802795 -56.426963 342.438688
-0.215191 0.161899 -0.963059 -0.231465 0.949606 0.211357 0.948745 0.268396 -0.166873 60.804342 -56.218384 342.254276
-0.214929 0.166538 -0.962326 -0.232921 0.948179 0.216111 0.948448 0.270594 -0.165001 59.788710 -56.004372 342.060702
-0.213497 0.168510 -0.962301 -0.232997 0.947805 0.217664 0.948753 0.270684 -0.163091 58.836608 -55.801232 341.892456
-0.214673 0.165331 -0.962591 -0.230321 0.949203 0.214397 0.949141 0.267730 -0.165689 57.939068 -55.610418 341.736975
-0.213887 0.162612 -0.963229 -0.229075 0.950203 0.211280 0.949619 0.265842 -0.165985 57.071353 -55.425115 341.592008
-0.214331 0.162185 -0.963202 -0.227208 0.950790 0.210653 0.949968 0.263997 -0.166934 56.070573 -55.215707 341.414490
-0.215427 0.162950 -0.962828 -0.226405 0.950779 0.211567 0.949912 0.263566 -0.167931 55.015648 -54.998534 341.226684
-0.215998 0.163672 -0.962578 -0.226035 0.950687 0.212372 0.949870 0.263448 -0.168351 53.975222 -54.780513 341.041621
-0.218011 0.163741 -0.962112 -0.226414 0.950443 0.213059 0.949320 0.264285 -0.170134 52.927271 -54.559277 340.851341
-0.219658 0.162342 -0.961975 -0.226103 0.950738 0.212074 0.949014 0.264089 -0.172131 51.909628 -54.347056 340.660276
-0.221004 0.158901 -0.962241 -0.226599 0.951271 0.209134 0.948583 0.264262 -0.174228 50.811454 -54.119758 340.454719
-0.222413 0.156862 -0.962251 -0.226068 0.951775 0.207407 0.948380 0.263664 -0.176226 49.717297 -53.893999 340.243453
-0.222366 0.158201 -0.962042 -0.224274 0.951985 0.208386 0.948817 0.262099 -0.176209 48.617056 -53.668666 340.038997
-0.221858 0.160881 -0.961715 -0.224282 0.951430 0.210900 0.948935 0.262485 -0.175000 47.576034 -53.457918 339.840238
-0.221017 0.162452 -0.961645 -0.224608 0.951045 0.212284 0.949054 0.262911 -0.173709 46.458085 -53.231284 339.626567
-0.219664 0.162302 -0.961980 -0.224456 0.951203 0.211738 0.949404 0.262434 -0.172515 45.416570 -53.017929 339.432496
-0.218327 0.161740 -0.962379 -0.223757 0.951600 0.210690 0.949877 0.261338 -0.171570 44.396654 -52.809466 339.245863
-0.217931 0.159936 -0.962770 -0.222291 0.952418 0.208534 0.950312 0.259461 -0.172009 43.351109 -52.595409 339.057243
-0.219121 0.157536 -0.962896 -0.221836 0.952989 0.206397 0.950144 0.258831 -0.173873 42.375930 -52.388016 338.869981
-0.220016 0.157268 -0.962735 -0.220812 0.953273 0.206185 0.950176 0.257948 -0.175009 41.475306 -52.198585 338.695061
-0.220977 0.158059 -0.962386 -0.220188 0.953217 0.207111 0.950098 0.257672 -0.175837 40.438068 -51.985571 338.496967
-0.223710 0.162842 -0.960956 -0.222450 0.951390 0.213007 0.948931 0.261417 -0.176612 39.410090 -51.771822 338.299371
-0.224585 0.166395 -0.960143 -0.224125 0.950077 0.217075 0.948330 0.263943 -0.176079 38.358419 -51.549844 338.094458
-0.226949 0.167934 -0.959319 -0.223523 0.949745 0.219137 0.947909 0.264163 -0.178007 37.304134 -51.320878 337.888642
-0.226877 0.165710 -0.959722 -0.222800 0.950456 0.216780 0.948097 0.263008 -0.178717 36.323555 -51.116205 337.697033
-0.225817 0.160725 -0.960820 -0.220498 0.952266 0.211116 0.948887 0.259533 -0.179598 35.382814 -50.914592 337.524930
-0.226767 0.156078 -0.961362 -0.217422 0.954054 0.206178 0.949370 0.255776 -0.182413 34.391520 -50.700500 337.340491
-0.228738 0.154789 -0.961103 -0.215982 0.954603 0.205145 0.949226 0.254505 -0.184923 33.416391 -50.501076 337.150155
-0.231237 0.155919 -0.960322 -0.213239 0.954951 0.206393 0.949241 0.252504 -0.187572 32.423379 -50.300018 336.951485
-0.234088 0.153887 -0.959959 -0.211801 0.955605 0.204838 0.948864 0.251271 -0.191103 31.390005 -50.088203 336.737704
-0.234653 0.151128 -0.960260 -0.211881 0.956138 0.202255 0.948707 0.250920 -0.192339 30.410201 -49.889768 336.535522
-0.236975 0.149885 -0.959884 -0.213239 0.955909 0.201909 0.947825 0.252532 -0.194565 29.509160 -49.700123 336.343656
-0.241125 0.151492 -0.958597 -0.213863 0.955166 0.204745 0.946637 0.254378 -0.197915 28.384960 -49.466746 336.099462
-0.244303 0.152303 -0.957664 -0.216443 0.954108 0.206953 0.945235 0.257839 -0.200126 27.330362 -49.250280 335.870477
-0.247736 0.150225 -0.957110 -0.217976 0.953934 0.206147 0.943988 0.259697 -0.203579 26.224522 -49.021900 335.629562
-0.249289 0.148871 -0.956918 -0.218060 0.954110 0.205242 0.943560 0.259830 -0.205386 25.226643 -48.818488 335.411340
-0.251649 0.147314 -0.956541 -0.220390 0.953658 0.204851 0.942391 0.262363 -0.207520 24.170105 -48.602401 335.175424
-0.253317 0.144413 -0.956543 -0.226049 0.952584 0.203679 0.940602 0.267821 -0.208661 23.114970 -48.387183 334.931162
-0.253743 0.142596 -0.956703 -0.230199 0.951754 0.202913 0.939480 0.271720 -0.208675 22.097817 -48.189824 334.698766
-0.254000 0.140122 -0.957000 -0.232864 0.951486 0.201120 0.938754 0.273936 -0.209048 21.128239 -47.997089 334.475369
-0.253550 0.136013 -0.957712 -0.233936 0.952055 0.197143 0.938609 0.274029 -0.209576 20.201888 -47.813835 334.267668
-0.253076 0.133735 -0.958158 -0.234267 0.952453 0.194815 0.938654 0.273768 -0.209713 19.173706 -47.614940 334.035987
-0.249802 0.135612 -0.958754 -0.235828 0.951809 0.196074 0.939140 0.275080 -0.205783 18.125003 -47.402533 333.811453
-0.242751 0.137828 -0.960248 -0.238292 0.951056 0.196749 0.940366 0.276580 -0.198027 17.073901 -47.191543 333.587787
-0.232480 0.141137 -0.962306 -0.240110 0.950462 0.197407 0.942497 0.276952 -0.187075 15.973465 -46.978741 333.367388
-0.223363 0.144691 -0.963936 -0.243670 0.949234 0.198947 0.943787 0.279320 -0.176767 14.864047 -46.768706 333.153350
-0.216764 0.145002 -0.965395 -0.248045 0.948272 0.198124 0.944186 0.282407 -0.169584 13.810606 -46.572894 332.956033
-0.213626 0.141064 -0.966677 -0.250524 0.948519 0.193777 0.944247 0.283572 -0.167288 12.782683 -46.376470 332.764189
-0.210980 0.135003 -0.968123 -0.249526 0.950165 0.186877 0.945106 0.280999 -0.166779 11.717309 -46.183474 332.581298
-0.206534 0.130344 -0.969719 -0.249892 0.951191 0.181077 0.945990 0.279724 -0.163881 10.694588 -46.002352 332.408710
-0.203459 0.132198 -0.970118 -0.249507 0.951128 0.181938 0.946758 0.279068 -0.160531 9.679142 -45.826883 332.237544
-0.197919 0.135988 -0.970740 -0.248486 0.951020 0.183888 0.948200 0.277610 -0.154434 8.723878 -45.664190 332.092305
-0.194661 0.137826 -0.971139 -0.244934 0.951883 0.184189 0.949797 0.273719 -0.151536 7.854655 -45.514534 331.967353
-0.192889 0.135789 -0.971779 -0.243170 0.952868 0.181414 0.950611 0.271301 -0.150778 7.017637 -45.371069 331.850178
-0.189556 0.134284 -0.972644 -0.242999 0.953372 0.178980 0.951325 0.270279 -0.148086 6.100464 -45.214107 331.717843
-0.185271 0.134820 -0.973395 -0.245073 0.952907 0.178628 0.951638 0.271647 -0.143505 5.216043 -45.067051 331.590310
-0.180674 0.133428 -0.974451 -0.245651 0.953234 0.176069 0.952372 0.271186 -0.139447 4.320280 -44.919280 331.464990
-0.175464 0.129988 -0.975866 -0.246584 0.953846 0.171391 0.953105 0.270706 -0.135313 3.340646 -44.755663 331.325384
-0.169252 0.132648 -0.976605 -0.245804 0.953908 0.172165 0.954429 0.269193 -0.128846 2.496587 -44.613841 331.224122
-0.165944 0.136900 -0.976586 -0.247370 0.952874 0.175610 0.954605 0.270719 -0.124259 1.389171 -44.434863 331.085430
-0.164288 0.138145 -0.976691 -0.247684 0.952645 0.176406 0.954810 0.270892 -0.122292 0.277642 -44.253690 330.943878
-0.162659 0.133794 -0.977569 -0.248527 0.953264 0.171821 0.954870 0.270900 -0.121806 -0.656547 -44.099448 330.820729
-0.162477 0.126896 -0.978518 -0.247526 0.954743 0.164913 0.955161 0.269003 -0.123714 -1.349232 -43.985310 330.734774
-0.161994 0.123135 -0.979079 -0.249187 0.954924 0.161327 0.954811 0.270107 -0.124008 -2.326970 -43.824816 330.600437
-0.159632 0.123501 -0.979421 -0.250237 0.954676 0.161166 0.954934 0.270815 -0.121492 -3.310314 -43.674007 330.469209
-0.160373 0.125136 -0.979092 -0.249468 0.954589 0.162867 0.955011 0.270372 -0.121872 -4.267830 -43.524324 330.341107
-0.161591 0.123369 -0.979116 -0.247800 0.955295 0.161264 0.955240 0.268684 -0.123797 -5.253664 -43.364395 330.210581
-0.164098 0.123023 -0.978743 -0.247033 0.955452 0.161513 0.955011 0.268286 -0.126397 -6.193697 -43.212553 330.085290
-0.164631 0.124962 -0.978407 -0.248051 0.954818 0.163687 0.954656 0.269643 -0.126196 -7.316782 -43.035909 329.937245
-0.163537 0.125276 -0.978551 -0.247938 0.954849 0.163678 0.954873 0.269388 -0.125093 -8.296598 -42.880238 329.807105
-0.162145 0.122254 -0.979165 -0.247056 0.955662 0.160230 0.955339 0.267889 -0.124752 -9.167208 -42.738132 329.694278
-0.158554 0.117120 -0.980379 -0.247110 0.956632 0.154247 0.955927 0.266718 -0.122736 -10.086713 -42.597858 329.587482
-0.155751 0.114102 -0.981184 -0.246347 0.957434 0.150444 0.956585 0.265143 -0.121012 -11.022063 -42.457042 329.471106
-0.154293 0.112724 -0.981574 -0.246432 0.957682 0.148717 0.956799 0.264838 -0.119985 -11.956316 -42.328406 329.352865
-0.152489 0.112150 -0.981921 -0.247279 0.957609 0.147775 0.956870 0.265342 -0.118293 -12.881679 -42.199146 329.241982
-0.148364 0.112547 -0.982508 -0.247718 0.957600 0.147100 0.957405 0.265209 -0.114194 -13.819166 -42.072306 329.138575
-0.143074 0.112852 -0.983257 -0.248489 0.957559 0.146060 0.958010 0.265226 -0.108960 -14.711186 -41.952283 329.039827
-0.137058 0.111438 -0.984275 -0.248758 0.957937 0.143095 0.958819 0.264458 -0.103572 -15.513228 -41.850242 328.956630
-0.133088 0.107091 -0.985302 -0.250078 0.958349 0.137940 0.959035 0.264760 -0.100764 -16.303166 -41.752193 328.875978
-0.130574 0.104389 -0.985928 -0.250632 0.958666 0.134696 0.959236 0.264692 -0.099013 -17.096092 -41.652827 328.791147
-0.126669 0.107162 -0.986140 -0.250703 0.958413 0.136352 0.959741 0.264500 -0.094535 -17.935692 -41.547348 328.710078
-0.124328 0.114310 -0.985635 -0.249957 0.957699 0.142599 0.960242 0.264095 -0.090496 -18.842919 -41.440106 328.627224
-0.121095 0.120596 -0.985288 -0.249159 0.957122 0.147771 0.960862 0.263388 -0.085855 -19.738275 -41.319673 328.547713
-0.116432 0.124563 -0.985357 -0.247585 0.957145 0.150252 0.961845 0.261453 -0.080602 -20.584432 -41.214727 328.481814
-0.116358 0.122121 -0.985671 -0.248085 0.957381 0.147902 0.961725 0.261739 -0.081103 -21.351884 -41.118402 328.416666
-0.118543 0.118461 -0.985857 -0.248584 0.957700 0.144968 0.961329 0.262254 -0.084081 -22.079649 -41.019442 328.349447
-0.121923 0.116092 -0.985727 -0.248139 0.958034 0.143522 0.961021 0.262096 -0.087999 -22.886456 -40.916137 328.277300
-0.123673 0.113241 -0.985841 -0.248270 0.958341 0.141227 0.960764 0.262221 -0.090406 -23.671797 -40.816136 328.203570
-0.125812 0.108289 -0.986126 -0.248126 0.958996 0.136966 0.960523 0.261916 -0.093784 -24.433318 -40.722175 328.128449
-0.127242 0.103771 -0.986428 -0.247118 0.959835 0.132850 0.960595 0.260668 -0.096488 -25.162952 -40.630970 328.059468
-0.128814 0.102468 -0.986361 -0.246405 0.960146 0.131924 0.960568 0.260038 -0.098431 -25.866548 -40.553012 327.987040
-0.132603 0.104306 -0.985666 -0.244374 0.960308 0.134498 0.960572 0.258706 -0.101850 -26.691666 -40.451097 327.902603
-0.138043 0.109420 -0.984363 -0.242707 0.959838 0.140730 0.960228 0.258338 -0.105942 -27.465232 -40.352663 327.819159
-0.146659 0.112659 -0.982751 -0.240543 0.959610 0.145903 0.959495 0.257792 -0.113636 -28.163325 -40.261745 327.737577
-0.156506 0.112260 -0.981277 -0.238730 0.959761 0.147874 0.958391 0.257403 -0.123408 -28.788962 -40.180902 327.651837
-0.169497 0.109980 -0.979375 -0.236780 0.960102 0.148794 0.956664 0.257117 -0.136693 -29.447070 -40.090741 327.558725
-0.183782 0.106994 -0.977127 -0.236135 0.960144 0.149548 0.954183 0.258218 -0.151192 -30.092821 -39.996846 327.452059
-0.202343 0.104122 -0.973764 -0.233945 0.960404 0.151306 0.950961 0.258423 -0.169972 -30.777039 -39.891202 327.322672
-0.217380 0.102627 -0.970677 -0.232069 0.960508 0.153523 0.948098 0.258636 -0.184979 -31.476400 -39.783797 327.183295
-0.232332 0.102590 -0.967211 -0.229791 0.960481 0.157074 0.945102 0.258750 -0.199576 -32.115622 -39.683582 327.046414
-0.245630 0.102083 -0.963973 -0.227527 0.960587 0.159701 0.942283 0.258557 -0.212723 -32.734509 -39.585091 326.903598
-0.258899 0.100154 -0.960698 -0.226635 0.960545 0.161214 0.938940 0.259466 -0.225986 -33.459779 -39.472100 326.725720
-0.270972 0.096962 -0.957691 -0.225655 0.960791 0.161123 0.935764 0.259768 -0.238467 -34.266862 -39.341185 326.517680
-0.278734 0.092648 -0.955889 -0.225776 0.961118 0.158991 0.933452 0.260133 -0.246978 -35.007297 -39.219864 326.323498
-0.284992 0.088788 -0.954409 -0.227976 0.960850 0.157462 0.931024 0.262458 -0.253592 -35.667809 -39.114830 326.144921
-0.290067 0.085258 -0.953201 -0.230155 0.960576 0.155956 0.928919 0.264622 -0.259009 -36.351295 -39.005991 325.956537
-0.292946 0.084060 -0.952427 -0.230705 0.960481 0.155730 0.927878 0.265350 -0.261976 -37.128005 -38.883149 325.737922
-0.293620 0.085757 -0.952068 -0.231317 0.959994 0.157810 0.927513 0.266566 -0.262036 -37.951979 -38.752971 325.506841
-0.291156 0.088989 -0.952528 -0.234175 0.958746 0.161149 0.927572 0.269977 -0.258305 -38.734073 -38.630189 325.296348
-0.287482 0.091806 -0.953376 -0.235686 0.958008 0.163321 0.928335 0.271649 -0.253773 -39.494837 -38.509794 325.095216
-0.283485 0.091048 -0.954645 -0.234577 0.958657 0.161089 0.929844 0.269604 -0.250407 -40.256423 -38.391153 324.899359
-0.279461 0.086794 -0.956226 -0.234993 0.959435 0.155763 0.930956 0.268236 -0.247729 -41.046272 -38.268686 324.699665
-0.274773 0.081969 -0.958009 -0.236913 0.959869 0.150079 0.931865 0.268202 -0.244326 -41.871173 -38.139513 324.487673
-0.269460 0.082302 -0.959488 -0.239529 0.959301 0.149555 0.932747 0.270124 -0.238779 -42.645903 -38.027229 324.292703
-0.262830 0.084583 -0.961127 -0.240529 0.958956 0.150167 0.934380 0.270647 -0.231698 -43.374832 -37.930239 324.114546
-0.254890 0.086114 -0.963128 -0.241241 0.958869 0.149578 0.936394 0.270472 -0.223632 -44.049715 -37.840037 323.954833
-0.249592 0.084556 -0.964652 -0.240762 0.959480 0.146397 0.937943 0.268791 -0.219121 -44.772989 -37.741025 323.791747
-0.245314 0.078937 -0.966225 -0.240388 0.960599 0.139510 0.939167 0.266493 -0.216673 -45.361319 -37.667029 323.667854
-0.241329 0.074020 -0.967616 -0.239581 0.961679 0.133318 0.940405 0.263996 -0.214347 -46.102327 -37.574259 323.505977
-0.237981 0.073355 -0.968496 -0.239015 0.962057 0.131598 0.941401 0.262803 -0.211418 -46.931442 -37.475995 323.330541
-0.236722 0.074899 -0.968686 -0.240464 0.961488 0.133106 0.941350 0.264444 -0.209595 -47.830115 -37.363016 323.135036
-0.236252 0.077805 -0.968572 -0.238923 0.961536 0.135518 0.941860 0.263431 -0.208576 -48.824050 -37.242487 322.922426
-0.235913 0.079296 -0.968534 -0.237328 0.961784 0.136551 0.942348 0.262074 -0.208078 -49.764594 -37.126833 322.723420
-0.235596 0.079441 -0.968599 -0.235002 0.962420 0.136094 0.943010 0.259686 -0.208074 -50.666110 -37.016861 322.528941
-0.237875 0.078590 -0.968111 -0.232320 0.963187 0.135274 0.943103 0.257090 -0.210860 -51.571134 -36.901476 322.334764
-0.239626 0.079180 -0.967631 -0.232240 0.963059 0.136318 0.942679 0.257388 -0.212385 -52.515860 -36.778799 322.127777
-0.242391 0.081061 -0.966786 -0.231235 0.962958 0.138714 0.942219 0.257178 -0.214668 -53.498628 -36.644722 321.914152
-0.247819 0.080545 -0.965452 -0.229887 0.963187 0.139365 0.941136 0.256482 -0.220180 -54.464107 -36.516382 321.687036
-0.254534 0.078021 -0.963911 -0.229502 0.963392 0.138582 0.939437 0.256494 -0.227310 -55.451425 -36.381774 321.450172
-0.259049 0.078149 -0.962697 -0.228974 0.963340 0.139814 0.938331 0.256651 -0.231658 -56.437878 -36.254152 321.210769
-0.261987 0.078544 -0.961870 -0.228283 0.963354 0.140843 0.937683 0.256477 -0.234455 -57.421943 -36.125381 320.972873
-0.264082 0.079091 -0.961252 -0.225926 0.963832 0.141372 0.937666 0.254505 -0.236662 -58.328571 -36.006043 320.749742
-0.266179 0.074514 -0.961039 -0.224235 0.964869 0.136918 0.937479 0.251943 -0.240119 -59.298445 -35.876062 320.502683
-0.267877 0.069575 -0.960938 -0.223073 0.965808 0.132113 0.937273 0.249750 -0.243198 -60.274535 -35.742409 320.248057
-0.270283 0.068107 -0.960369 -0.223338 0.965850 0.131351 0.936519 0.249989 -0.245842 -61.273700 -35.612206 319.982869
-0.273651 0.069085 -0.959345 -0.225652 0.964968 0.133857 0.934985 0.253108 -0.248475 -62.245562 -35.489475 319.715206
-0.276717 0.071197 -0.958310 -0.227425 0.964069 0.137295 0.933652 0.255935 -0.250582 -63.277495 -35.358753 319.432501
-0.279512 0.070986 -0.957514 -0.228776 0.963616 0.138221 0.932488 0.257691 -0.253103 -64.336112 -35.222074 319.141338
-0.282158 0.069085 -0.956877 -0.228758 0.963790 0.137039 0.931696 0.257560 -0.256138 -65.366279 -35.085763 318.861035
-0.284728 0.068434 -0.956162 -0.228226 0.963928 0.136952 0.931044 0.257215 -0.258839 -66.420029 -34.944850 318.573855
-0.286806 0.068026 -0.955570 -0.228709 0.963771 0.137254 0.930287 0.257913 -0.260857 -67.484988 -34.806946 318.272788
-0.288197 0.065300 -0.955342 -0.228565 0.964144 0.134853 0.929893 0.257222 -0.262938 -68.503101 -34.680527 317.990418
-0.291638 0.061205 -0.954568 -0.228400 0.964628 0.131630 0.928860 0.256411 -0.267343 -69.551434 -34.547742 317.689112
-0.295117 0.059321 -0.953618 -0.227855 0.964905 0.130538 0.927895 0.255810 -0.271243 -70.595709 -34.414535 317.389569
-0.298254 0.061574 -0.952499 -0.226504 0.964846 0.133296 0.927222 0.255501 -0.273822 -71.664776 -34.280477 317.080901
-0.298514 0.065985 -0.952122 -0.224296 0.964816 0.137187 0.927675 0.254510 -0.273211 -72.732019 -34.139759 316.777956
-0.300374 0.069054 -0.951319 -0.223132 0.964614 0.140472 0.927355 0.254463 -0.274337 -73.702053 -34.014565 316.501373
-0.304121 0.070152 -0.950047 -0.221732 0.964682 0.142211 0.926469 0.253905 -0.277825 -74.539139 -33.901275 316.251352
-0.307017 0.067414 -0.949313 -0.220906 0.965197 0.139985 0.925711 0.252687 -0.281439 -75.437905 -33.780987 315.986275
-0.309868 0.064067 -0.948618 -0.220217 0.965760 0.137160 0.924925 0.251403 -0.285150 -76.283084 -33.667775 315.728162
-0.312968 0.059607 -0.947891 -0.220393 0.966228 0.133528 0.923839 0.250699 -0.289262 -77.132644 -33.554511 315.462564
-0.314426 0.055732 -0.947645 -0.220483 0.966688 0.130008 0.923322 0.249817 -0.291663 -77.990679 -33.442183 315.200802
-0.315144 0.054071 -0.947502 -0.220540 0.966872 0.128529 0.923064 0.249467 -0.292779 -78.821113 -33.337216 314.939679
-0.316705 0.055351 -0.946908 -0.219719 0.966862 0.130005 0.922725 0.249227 -0.294049 -79.775137 -33.219551 314.637472
-0.318938 0.061184 -0.945799 -0.217992 0.966424 0.136029 0.922365 0.249562 -0.294891 -80.759508 -33.093959 314.331446
-0.321971 0.064197 -0.944570 -0.217350 0.966039 0.139744 0.921463 0.250296 -0.297083 -81.752826 -32.964882 314.013787
-0.324049 0.063917 -0.943879 -0.215876 0.966396 0.139555 0.921081 0.248984 -0.299362 -82.655975 -32.845363 313.721874
-0.325677 0.059481 -0.943608 -0.215577 0.967059 0.135364 0.920576 0.247505 -0.302126 -83.549494 -32.729931 313.435061
-0.328797 0.056146 -0.942730 -0.213371 0.968004 0.132069 0.919981 0.244575 -0.306297 -84.418527 -32.609480 313.151192
-0.333291 0.055166 -0.941209 -0.212002 0.968337 0.131828 0.918680 0.243475 -0.311043 -85.328692 -32.486097 312.844285
-0.338898 0.055308 -0.939196 -0.210950 0.968386 0.133146 0.916869 0.243246 -0.316517 -86.327366 -32.355948 312.502683
-0.342996 0.054809 -0.937736 -0.210325 0.968469 0.133536 0.915487 0.243032 -0.320653 -87.273873 -32.232468 312.175658
-0.346793 0.055674 -0.936288 -0.209893 0.968315 0.135321 0.914155 0.243449 -0.324119 -88.195977 -32.112064 311.850532
-0.353538 0.057209 -0.933669 -0.207745 0.968400 0.138000 0.912059 0.242754 -0.330482 -89.145621 -31.986986 311.510393
-0.361073 0.059686 -0.930626 -0.206362 0.968094 0.142155 0.909418 0.243374 -0.337236 -90.008446 -31.873531 311.187483
-0.370031 0.061499 -0.926982 -0.205058 0.967790 0.146061 0.906106 0.244132 -0.345501 -90.862091 -31.759761 310.853160
-0.379870 0.060663 -0.923048 -0.204958 0.967527 0.147934 0.902048 0.245382 -0.355101 -91.630531 -31.653403 310.543853
-0.387791 0.057770 -0.919935 -0.204463 0.967779 0.146964 0.898784 0.245084 -0.363484 -92.355410 -31.549670 310.249986
-0.394229 0.053203 -0.917471 -0.205087 0.968054 0.144260 0.895837 0.245033 -0.370723 -93.073912 -31.447334 309.951698
-0.400403 0.048817 -0.915038 -0.204970 0.968506 0.141361 0.893121 0.244156 -0.377787 -93.611958 -31.371237 309.720922
-0.408991 0.046229 -0.911367 -0.204551 0.968658 0.140930 0.889318 0.244060 -0.386716 -94.225819 -31.281532 309.448363
-0.420002 0.044685 -0.906422 -0.202887 0.968884 0.141775 0.884553 0.243447 -0.397868 -94.914837 -31.180082 309.135031
-0.430084 0.043736 -0.901729 -0.201766 0.968905 0.143227 0.879954 0.243538 -0.407886 -95.564280 -31.085370 308.833978
-0.437147 0.043932 -0.898317 -0.201768 0.968558 0.145553 0.876466 0.244879 -0.414538 -96.192892 -30.989107 308.533774
-0.443735 0.044280 -0.895063 -0.202225 0.968069 0.148146 0.873043 0.246742 -0.420611 -96.840122 -30.893213 308.216280
-0.451080 0.043251 -0.891435 -0.204800 0.967155 0.150557 0.868668 0.250479 -0.427406 -97.525311 -30.789830 307.871939
-0.457280 0.042375 -0.888313 -0.206893 0.966389 0.152603 0.864922 0.253568 -0.433143 -98.105398 -30.700511 307.580551
-0.458782 0.042784 -0.887518 -0.208385 0.965802 0.154278 0.863768 0.255725 -0.434178 -98.676076 -30.612815 307.299774
-0.457033 0.043769 -0.888372 -0.210571 0.965071 0.155879 0.864165 0.258307 -0.431853 -99.242436 -30.528235 307.021362
-0.450818 0.043906 -0.891536 -0.212755 0.964718 0.155093 0.866890 0.259597 -0.425571 -99.725192 -30.454412 306.789570
-0.442876 0.042848 -0.895558 -0.214479 0.964793 0.152225 0.870551 0.259495 -0.418094 -100.222131 -30.386825 306.558492
-0.429077 0.040203 -0.902373 -0.217510 0.965013 0.146419 0.876688 0.259100 -0.405320 -100.738116 -30.323917 306.330647
-0.407370 0.039426 -0.912412 -0.221629 0.964935 0.140648 0.885963 0.259513 -0.384348 -101.262446 -30.260733 306.125085
-0.375733 0.040822 -0.925828 -0.225173 0.965069 0.133935 0.898956 0.258796 -0.353416 -101.772598 -30.207509 305.966635
-0.328018 0.042572 -0.943712 -0.231111 0.965011 0.123863 0.915965 0.258732 -0.306702 -102.253158 -30.170866 305.889632
-0.272428 0.044779 -0.961134 -0.234365 0.965742 0.111423 0.933197 0.255610 -0.252600 -102.688003 -30.152933 305.877017
-0.215115 0.045079 -0.975548 -0.236608 0.966766 0.096847 0.947493 0.251655 -0.197300 -103.124072 -30.142367 305.890307
-0.155920 0.044604 -0.986762 -0.240267 0.967264 0.081688 0.958103 0.249823 -0.140099 -103.590396 -30.130412 305.897141
-0.094540 0.046702 -0.994425 -0.242939 0.967617 0.068539 0.965424 0.248064 -0.080133 -104.044762 -30.119763 305.922053
-0.029787 0.048055 -0.998400 -0.244172 0.968234 0.053888 0.969274 0.245387 -0.017107 -104.529038 -30.117442 305.978096
0.038366 0.046665 -0.998174 -0.244256 0.969046 0.035915 0.968952 0.242432 0.048576 -104.957238 -30.122996 306.035903
0.102219 0.045155 -0.993737 -0.243264 0.969773 0.019043 0.964559 0.239794 0.110113 -105.444567 -30.135003 306.132876
0.168082 0.046792 -0.984662 -0.241625 0.970357 0.004867 0.955702 0.237101 0.174405 -105.925467 -30.145299 306.232609
0.233949 0.047132 -0.971106 -0.237499 0.971335 -0.010073 0.942795 0.232994 0.238437 -106.323945 -30.167404 306.349079
0.296037 0.047657 -0.953987 -0.234149 0.971902 -0.024108 0.926033 0.230512 0.298878 -106.880857 -30.192363 306.525922
0.356383 0.046977 -0.933158 -0.228896 0.972691 -0.038451 0.905869 0.227299 0.357403 -107.384414 -30.221470 306.697587
0.411636 0.046735 -0.910149 -0.223832 0.973279 -0.051256 0.883434 0.224819 0.411097 -107.842054 -30.259281 306.906879
0.465349 0.043407 -0.884062 -0.216202 0.974117 -0.065975 0.858316 0.221838 0.462689 -108.295888 -30.296503 307.131915
0.521121 0.041018 -0.852497 -0.208150 0.974792 -0.080337 0.827712 0.219313 0.516523 -108.705472 -30.331460 307.302678
0.574665 0.038910 -0.817463 -0.200196 0.975206 -0.094317 0.793525 0.217853 0.568206 -109.065655 -30.372192 307.515883
0.626330 0.040885 -0.778485 -0.193432 0.975544 -0.104391 0.755179 0.215967 0.618921 -109.402497 -30.430011 307.810660
0.675582 0.042220 -0.736075 -0.186556 0.975659 -0.115263 0.713292 0.215189 0.667014 -109.747387 -30.494816 308.147405
0.720226 0.042677 -0.692425 -0.179341 0.975632 -0.126410 0.670157 0.215224 0.710329 -110.062480 -30.556631 308.493675
0.759344 0.040037 -0.649456 -0.169792 0.975717 -0.138371 0.628146 0.215344 0.747703 -110.414662 -30.646517 308.935273
0.793800 0.038127 -0.606982 -0.161005 0.975599 -0.149278 0.586480 0.216224 0.780569 -110.708191 -30.727921 309.339255
0.821899 0.035398 -0.568532 -0.151513 0.975699 -0.158287 0.549113 0.216236 0.807290 -110.960019 -30.811582 309.739523
0.844423 0.036484 -0.534432 -0.146124 0.975530 -0.164286 0.515361 0.216820 0.829091 -111.275442 -30.915154 310.249384
0.863004 0.035660 -0.503937 -0.140705 0.975002 -0.171966 0.485208 0.219314 0.846448 -111.544734 -31.013107 310.732662
0.878383 0.034469 -0.476714 -0.134729 0.974807 -0.177764 0.458576 0.220372 0.860897 -111.789482 -31.112262 311.217975
0.888901 0.035096 -0.456754 -0.130968 0.974914 -0.179970 0.438980 0.219796 0.871198 -112.105401 -31.246058 311.839324
0.896097 0.033729 -0.442574 -0.125996 0.975421 -0.180771 0.425599 0.217751 0.878322 -112.432945 -31.394125 312.508406
0.900004 0.031690 -0.434728 -0.122740 0.975421 -0.183001 0.418244 0.218060 0.881772 -112.731354 -31.526485 313.126044
0.901595 0.030003 -0.431539 -0.120583 0.975481 -0.184108 0.415435 0.218028 0.883107 -112.995886 -31.645480 313.689248
0.901914 0.030049 -0.430869 -0.120160 0.975652 -0.183482 0.414865 0.217258 0.883564 -113.273447 -31.769812 314.269414
0.901376 0.031205 -0.431911 -0.120928 0.975859 -0.181865 0.415809 0.216159 0.883390 -113.581368 -31.908169 314.905817
0.899913 0.032942 -0.434824 -0.122981 0.975839 -0.180594 0.418369 0.215994 0.882221 -113.892044 -32.039489 315.519256
0.899339 0.034063 -0.435923 -0.124620 0.975580 -0.180869 0.419117 0.216987 0.881622 -114.204363 -32.170538 316.123632
0.898359 0.034460 -0.437909 -0.125658 0.975418 -0.181025 0.420906 0.217652 0.880605 -114.511233 -32.300357 316.721466
0.897603 0.034292 -0.439469 -0.126295 0.975180 -0.181860 0.422325 0.218741 0.879656 -114.844020 -32.443549 317.382554
0.896990 0.034305 -0.440717 -0.127013 0.974945 -0.182621 0.423410 0.219785 0.878873 -115.207470 -32.600978 318.090117
0.896765 0.033402 -0.441245 -0.127279 0.974479 -0.184909 0.423808 0.221981 0.878129 -115.546167 -32.751285 318.763707
0.895530 0.031131 -0.443910 -0.127601 0.973624 -0.189139 0.426314 0.226023 0.875882 -115.853701 -32.887423 319.379930
0.894247 0.026391 -0.446795 -0.125834 0.972819 -0.194392 0.429521 0.230056 0.873262 -116.199173 -33.037135 320.053779
0.893763 0.023039 -0.447947 -0.124630 0.972110 -0.198668 0.430877 0.233390 0.871708 -116.574615 -33.203764 320.783492
0.893837 0.022896 -0.447808 -0.124445 0.972129 -0.198690 0.430778 0.233324 0.871774 -116.961233 -33.380738 321.536388
0.893769 0.025319 -0.447813 -0.125245 0.972780 -0.194970 0.430687 0.230345 0.872611 -117.372108 -33.567696 322.333377
0.893306 0.026415 -0.448672 -0.124750 0.973620 -0.191055 0.431789 0.226642 0.873036 -117.741761 -33.733080 323.049829
0.893377 0.025447 -0.448586 -0.123073 0.974069 -0.189849 0.432122 0.224816 0.873343 -118.095859 -33.893311 323.738789
0.893645 0.024094 -0.448127 -0.121674 0.974164 -0.190263 0.431964 0.224553 0.873489 -118.493782 -34.074581 324.531713
0.893532 0.023299 -0.448395 -0.120184 0.974624 -0.188851 0.432616 0.222634 0.873657 -118.889574 -34.251783 325.322023
0.894143 0.021485 -0.447266 -0.117080 0.975319 -0.187206 0.432205 0.219755 0.874590 -119.323371 -34.456011 326.194905
0.894926 0.020412 -0.445747 -0.115667 0.975419 -0.187558 0.430962 0.219409 0.875289 -119.718815 -34.643027 326.984682
0.894882 0.016900 -0.445982 -0.114042 0.974767 -0.191893 0.431486 0.222582 0.874229 -120.123341 -34.830971 327.785659
0.893860 0.010707 -0.448219 -0.110981 0.973887 -0.198060 0.434394 0.226782 0.871706 -120.539955 -35.020204 328.607947
0.893140 0.005983 -0.449739 -0.109280 0.972836 -0.204080 0.436301 0.231419 0.869532 -120.961503 -35.212956 329.417639
0.891903 0.003896 -0.452209 -0.109600 0.972014 -0.207792 0.438744 0.234892 0.867369 -121.391727 -35.408696 330.245746
0.890317 0.005761 -0.455304 -0.111946 0.971999 -0.206604 0.441365 0.234912 0.866033 -121.866840 -35.632519 331.158285
0.890302 0.009229 -0.455278 -0.113493 0.972742 -0.202218 0.441002 0.231706 0.867081 -122.369793 -35.874221 332.100616
0.891263 0.011997 -0.453329 -0.114545 0.973191 -0.199445 0.438783 0.229684 0.868743 -122.897672 -36.122322 333.096452
0.891995 0.011834 -0.451890 -0.113536 0.973479 -0.198617 0.437555 0.228471 0.869682 -123.392588 -36.358611 334.047654
0.891998 0.010261 -0.451922 -0.111467 0.973864 -0.197900 0.438080 0.226901 0.869829 -123.863529 -36.579236 334.951673
0.891439 0.008049 -0.453069 -0.110127 0.973714 -0.199384 0.439555 0.227634 0.868893 -124.348783 -36.806731 335.868994
0.890735 0.004587 -0.454500 -0.107140 0.973891 -0.200145 0.441716 0.226972 0.867970 -124.853985 -37.042136 336.829506
0.890262 0.003719 -0.455434 -0.106364 0.974013 -0.199963 0.442855 0.226461 0.867522 -125.400301 -37.294872 337.860053
0.889050 0.002857 -0.457800 -0.105838 0.974174 -0.199458 0.445407 0.225781 0.866392 -125.934615 -37.544721 338.864448
0.887447 0.004700 -0.460885 -0.108129 0.974165 -0.198271 0.448046 0.225791 0.865028 -126.451664 -37.782216 339.822074
0.886230 0.007249 -0.463189 -0.110355 0.974395 -0.195896 0.449909 0.224725 0.864338 -126.964225 -38.014388 340.759525
0.886125 0.008305 -0.463372 -0.111356 0.974364 -0.195486 0.449870 0.224825 0.864333 -127.482687 -38.248444 341.709718
0.886309 0.007402 -0.463036 -0.112313 0.973456 -0.199421 0.449269 0.228753 0.863614 -127.992127 -38.480891 342.647817
0.886249 0.004890 -0.463184 -0.111722 0.972680 -0.203498 0.449535 0.232098 0.862583 -128.487504 -38.711855 343.572279
0.886413 0.002869 -0.462886 -0.110446 0.972410 -0.205475 0.449526 0.233259 0.862274 -128.974611 -38.945247 344.480596
0.886141 0.000563 -0.463415 -0.108815 0.972293 -0.206896 0.450458 0.233766 0.861650 -129.421963 -39.157808 345.315826
0.885900 0.000623 -0.463875 -0.108448 0.972565 -0.205807 0.451020 0.232631 0.861663 -129.926214 -39.393163 346.245680
0.885897 0.001931 -0.463878 -0.108891 0.972916 -0.203904 0.450921 0.231150 0.862114 -130.406655 -39.617407 347.132207
0.885590 0.003433 -0.464455 -0.108924 0.973621 -0.200493 0.451515 0.228145 0.862603 -130.852948 -39.825403 347.954708
0.884648 0.002633 -0.466251 -0.108087 0.973902 -0.199580 0.453557 0.226954 0.861845 -131.295815 -40.023124 348.756581
0.884811 0.002429 -0.465943 -0.108435 0.973604 -0.200839 0.453157 0.228229 0.861719 -131.744008 -40.228947 349.583322
0.885193 0.001033 -0.465223 -0.108764 0.972745 -0.204789 0.452331 0.231877 0.861179 -132.176356 -40.428872 350.382879
0.885770 -0.000504 -0.464124 -0.108810 0.971904 -0.208718 0.451190 0.235377 0.860828 -132.674923 -40.670705 351.317417
0.886976 -0.001474 -0.461814 -0.108565 0.971305 -0.211614 0.448874 0.237833 0.861364 -133.143508 -40.899625 352.193064
0.887302 -0.002919 -0.461180 -0.108011 0.970853 -0.213956 0.448363 0.239656 0.861125 -133.646801 -41.141694 353.127589
0.888018 -0.003334 -0.459797 -0.107125 0.970956 -0.213934 0.447156 0.239234 0.861869 -134.113467 -41.375217 353.992414
0.888556 -0.005276 -0.458738 -0.105526 0.970771 -0.215563 0.446467 0.239948 0.862028 -134.561226 -41.598454 354.830904
0.889191 -0.006306 -0.457492 -0.106243 0.969728 -0.219863 0.445029 0.244106 0.861604 -135.006361 -41.820350 355.673541
0.889759 -0.011142 -0.456295 -0.105231 0.967762 -0.228828 0.444135 0.251618 0.859903 -135.452714 -42.050697 356.513786
0.889524 -0.013876 -0.456677 -0.107137 0.965334 -0.238016 0.444149 0.260648 0.857201 -135.868742 -42.267282 357.281537
0.889759 -0.014414 -0.456202 -0.108268 0.964310 -0.241629 0.443403 0.264384 0.856443 -136.332361 -42.524381 358.150253
0.889628 -0.014238 -0.456465 -0.107556 0.964866 -0.239718 0.443841 0.262356 0.856840 -136.789337 -42.779775 358.996369
0.890063 -0.010749 -0.455711 -0.108802 0.965817 -0.235287 0.442662 0.259003 0.858468 -137.266093 -43.043262 359.879852
0.890359 -0.008285 -0.455184 -0.109644 0.966502 -0.232061 0.441859 0.256526 0.859625 -137.702690 -43.276740 360.690023
0.890657 -0.010169 -0.454561 -0.108231 0.966271 -0.233682 0.441606 0.257328 0.859515 -138.146807 -43.522460 361.530339
0.890689 -0.013752 -0.454404 -0.106447 0.965447 -0.237869 0.441974 0.260238 0.858449 -138.551181 -43.753850 362.312076
0.890170 -0.018676 -0.455245 -0.104113 0.964387 -0.243142 0.443574 0.263835 0.856524 -138.948730 -43.978639 363.073097
0.890213 -0.022499 -0.454990 -0.103609 0.962604 -0.250317 0.443607 0.269977 0.854591 -139.323125 -44.190325 363.787803
0.890338 -0.023937 -0.454671 -0.104821 0.961015 -0.255856 0.443070 0.275457 0.853119 -139.739722 -44.431010 364.561089
0.889827 -0.025626 -0.455577 -0.105234 0.959982 -0.259539 0.443997 0.278887 0.851522 -140.154976 -44.686383 365.333248
0.890235 -0.024294 -0.454853 -0.107385 0.959237 -0.261406 0.442662 0.281558 0.851337 -140.595776 -44.957012 366.151212
0.890067 -0.022589 -0.455270 -0.108940 0.959287 -0.260579 0.442620 0.281530 0.851368 -141.083000 -45.250873 367.046756
0.890612 -0.019859 -0.454329 -0.109902 0.960035 -0.257401 0.441284 0.279176 0.852836 -141.543539 -45.530054 367.906511
0.890420 -0.019301 -0.454730 -0.109665 0.960567 -0.255509 0.441731 0.277378 0.853191 -142.015088 -45.812161 368.778778
0.888943 -0.019502 -0.457602 -0.109262 0.961219 -0.253219 0.444794 0.275096 0.852338 -142.458267 -46.076845 369.602481
0.886913 -0.019764 -0.461513 -0.109813 0.961422 -0.252207 0.448694 0.274366 0.850528 -142.904867 -46.335534 370.420968
0.884512 -0.020249 -0.466078 -0.110356 0.961621 -0.251209 0.453277 0.273632 0.848331 -143.360411 -46.590800 371.239274
0.882171 -0.019886 -0.470509 -0.112814 0.961093 -0.252139 0.457217 0.275510 0.845604 -143.779891 -46.831034 371.974413
0.877535 -0.022811 -0.478969 -0.114665 0.959906 -0.255798 0.465600 0.279393 0.839736 -144.159477 -47.044942 372.626478
0.872476 -0.025717 -0.487980 -0.117093 0.958518 -0.259869 0.474421 0.283868 0.833273 -144.595918 -47.284215 373.348067
0.868325 -0.025744 -0.495327 -0.119261 0.958517 -0.258887 0.481444 0.283872 0.829234 -145.122564 -47.574974 374.217571
0.863427 -0.021784 -0.504003 -0.123840 0.959344 -0.253621 0.489037 0.281399 0.825626 -145.642402 -47.853685 375.048676
0.856257 -0.021380 -0.516107 -0.127127 0.959690 -0.250667 0.500662 0.280246 0.819023 -146.146191 -48.120926 375.837654
0.849626 -0.021807 -0.526935 -0.131487 0.958835 -0.251688 0.510733 0.283126 0.811783 -146.640651 -48.371138 376.569770
0.844349 -0.025418 -0.535191 -0.133759 0.957247 -0.256490 0.518829 0.288154 0.804850 -147.144730 -48.619417 377.318606
0.838550 -0.028604 -0.544073 -0.135334 0.956386 -0.258864 0.527749 0.290702 0.798106 -147.659268 -48.876075 378.055043
0.834753 -0.028114 -0.549906 -0.137081 0.956641 -0.256995 0.533288 0.289909 0.794705 -148.198138 -49.139652 378.823676
0.832617 -0.023709 -0.553342 -0.139828 0.957720 -0.251436 0.535908 0.286722 0.794099 -148.784656 -49.416347 379.655136
0.830322 -0.020874 -0.556893 -0.140849 0.958994 -0.245952 0.539191 0.282657 0.793334 -149.388931 -49.704500 380.506505
0.829258 -0.020385 -0.558494 -0.142284 0.958703 -0.246258 0.540450 0.283676 0.792112 -149.957494 -49.970121 381.298984
0.827751 -0.025651 -0.560509 -0.142117 0.956796 -0.253662 0.542799 0.289627 0.788343 -150.471444 -50.210069 382.021396
0.826392 -0.028939 -0.562351 -0.141656 0.955877 -0.257357 0.544986 0.292338 0.785830 -151.006098 -50.449354 382.757232
0.823409 -0.028422 -0.566737 -0.141376 0.956976 -0.253397 0.549555 0.288772 0.783964 -151.542582 -50.698697 383.498779
0.819237 -0.026057 -0.572862 -0.142760 0.958250 -0.247745 0.555401 0.284743 0.781314 -152.084361 -50.949573 384.241121
0.814028 -0.023975 -0.580331 -0.144030 0.959609 -0.241675 0.562685 0.280315 0.777695 -152.582159 -51.175359 384.909241
0.807379 -0.025829 -0.589468 -0.145979 0.959238 -0.241975 0.571690 0.281416 0.770698 -153.014809 -51.365954 385.458122
0.801194 -0.029842 -0.597660 -0.148453 0.957622 -0.246824 0.579698 0.286478 0.762811 -153.471750 -51.562383 386.041773
0.794283 -0.034076 -0.606591 -0.150726 0.956160 -0.251076 0.588554 0.290854 0.754326 -153.962597 -51.772973 386.651164
0.790138 -0.036848 -0.611821 -0.152071 0.955196 -0.253921 0.593765 0.293673 0.749133 -154.484358 -52.003320 387.289487
0.784383 -0.035700 -0.619248 -0.155581 0.955105 -0.252131 0.600448 0.294110 0.743614 -155.007843 -52.219656 387.901796
0.781686 -0.031756 -0.622863 -0.158018 0.956031 -0.247052 0.603322 0.291540 0.742298 -155.599420 -52.462529 388.585218
0.780200 -0.027471 -0.624926 -0.159037 0.957496 -0.240642 0.604975 0.287136 0.742670 -156.212675 -52.719391 389.311716
0.778859 -0.023392 -0.626762 -0.159764 0.958941 -0.234324 0.606509 0.282640 0.743143 -156.809454 -52.966342 390.014255
0.778112 -0.021374 -0.627762 -0.161179 0.959163 -0.232440 0.607094 0.282046 0.742891 -157.425186 -53.210255 390.735107
0.776459 -0.025877 -0.629636 -0.159627 0.958493 -0.236243 0.609615 0.283940 0.740100 -157.993405 -53.434603 391.397253
0.775519 -0.031398 -0.630542 -0.157342 0.957635 -0.241204 0.611403 0.286269 0.737724 -158.542340 -53.656150 392.037758
0.772767 -0.033236 -0.633820 -0.157779 0.957220 -0.242562 0.614766 0.287447 0.734463 -159.127435 -53.887416 392.704895
0.769478 -0.030030 -0.637967 -0.161238 0.957404 -0.239542 0.617985 0.287187 0.731859 -159.808201 -54.153425 393.471574
0.765816 -0.029712 -0.642373 -0.161712 0.957933 -0.237094 0.622395 0.285450 0.728795 -160.455110 -54.407968 394.205461
0.764109 -0.032385 -0.644273 -0.161805 0.957190 -0.240015 0.624465 0.287644 0.726157 -161.132622 -54.677504 394.961113
0.762673 -0.036792 -0.645738 -0.161449 0.955947 -0.245151 0.626311 0.291224 0.723135 -161.745450 -54.925228 395.643819
0.760129 -0.040668 -0.648498 -0.162021 0.954652 -0.249778 0.629248 0.294934 0.719070 -162.388320 -55.176552 396.350428
0.758164 -0.040635 -0.650797 -0.163588 0.954284 -0.250161 0.631211 0.296125 0.716856 -163.084904 -55.458766 397.119394
0.754989 -0.039498 -0.654546 -0.164938 0.954653 -0.247856 0.634655 0.295088 0.714238 -163.734127 -55.715556 397.825080
0.751093 -0.039221 -0.659030 -0.165937 0.954973 -0.245951 0.639002 0.294090 0.710765 -164.377205 -55.970013 398.513613
0.744589 -0.038589 -0.666407 -0.169261 0.954786 -0.244406 0.645707 0.294778 0.704392 -164.936598 -56.182025 399.093702
0.741607 -0.038878 -0.669707 -0.171334 0.954232 -0.245124 0.648586 0.296529 0.701004 -165.502858 -56.401489 399.689308
0.739556 -0.037909 -0.672027 -0.173678 0.953856 -0.244936 0.650302 0.297860 0.698846 -166.148333 -56.648801 400.357721
0.738294 -0.036886 -0.673470 -0.175739 0.953494 -0.244878 0.651182 0.299147 0.697477 -166.785347 -56.896002 401.008584
0.737171 -0.037273 -0.674678 -0.177286 0.952829 -0.246347 0.652034 0.301211 0.695790 -167.441590 -57.145356 401.673558
0.734923 -0.040236 -0.676955 -0.177241 0.952145 -0.249010 0.654579 0.302987 0.692622 -168.102394 -57.398247 402.352987
0.732455 -0.045345 -0.679303 -0.176102 0.951204 -0.253376 0.657646 0.305213 0.688729 -168.731284 -57.640269 402.993704
0.730906 -0.046093 -0.680920 -0.177733 0.950435 -0.255116 0.658929 0.307488 0.686486 -169.446196 -57.923642 403.707983
0.728807 -0.044802 -0.683252 -0.178620 0.950867 -0.252879 0.661011 0.306342 0.684995 -170.096712 -58.178027 404.357577
0.724117 -0.042320 -0.688377 -0.179317 0.952236 -0.247169 0.665957 0.302418 0.681942 -170.731341 -58.416197 404.981481
0.716724 -0.036386 -0.696408 -0.182617 0.953995 -0.237789 0.673022 0.297605 0.677106 -171.427057 -58.676106 405.652536
0.711397 -0.032374 -0.702045 -0.185140 0.955020 -0.231646 0.677966 0.294769 0.673404 -172.076602 -58.900339 406.263347
0.705474 -0.031875 -0.708019 -0.187957 0.954803 -0.230267 0.683359 0.295524 0.667598 -172.640509 -59.093899 406.778936
0.700553 -0.034856 -0.712749 -0.189217 0.953981 -0.232633 0.688057 0.297835 0.661718 -173.171381 -59.276021 407.266726
0.693935 -0.036478 -0.719113 -0.191611 0.953349 -0.233263 0.694074 0.299659 0.654572 -173.727035 -59.460300 407.769854
0.690034 -0.036339 -0.722864 -0.194139 0.952847 -0.233222 0.697254 0.301267 0.650442 -174.322733 -59.663271 408.302415
0.687475 -0.034957 -0.725366 -0.196611 0.952578 -0.232247 0.699087 0.302279 0.648001 -174.878327 -59.852319 408.785421
0.685959 -0.033403 -0.726873 -0.197794 0.952771 -0.230446 0.700241 0.301848 0.646955 -175.547228 -60.080099 409.367086
0.686072 -0.031274 -0.726861 -0.199980 0.952485 -0.229740 0.699509 0.302976 0.647219 -176.155606 -60.282967 409.890564
0.687176 -0.030948 -0.725831 -0.200259 0.952316 -0.230199 0.698345 0.303541 0.648211 -176.820569 -60.509366 410.475511
0.688646 -0.032068 -0.724388 -0.199932 0.951896 -0.232208 0.696989 0.304738 0.649108 -177.449708 -60.729859 411.021645
0.688779 -0.033436 -0.724200 -0.200323 0.951266 -0.234444 0.696746 0.306554 0.648514 -178.075537 -60.947003 411.562070
0.690306 -0.035427 -0.722650 -0.200081 0.950503 -0.237723 0.695302 0.308690 0.649050 -178.635522 -61.141690 412.050387
0.696168 -0.036539 -0.716949 -0.197713 0.950321 -0.240415 0.690116 0.309119 0.654359 -179.166730 -61.344522 412.533872
0.703636 -0.036102 -0.709643 -0.195213 0.950458 -0.241913 0.683219 0.308751 0.661728 -179.646313 -61.525916 412.973044
0.711310 -0.033492 -0.702080 -0.192516 0.951383 -0.240431 0.676000 0.306183 0.670280 -180.181890 -61.734184 413.471246
0.721120 -0.028620 -0.692219 -0.189990 0.952674 -0.237311 0.666251 0.302644 0.681554 -180.681297 -61.922059 413.951443
0.731099 -0.022450 -0.681902 -0.188764 0.953789 -0.233785 0.655639 0.299638 0.693076 -181.138560 -62.095114 414.409235
0.741158 -0.019799 -0.671039 -0.185262 0.954718 -0.232789 0.645262 0.296851 0.703929 -181.600365 -62.270522 414.891628
0.753806 -0.020329 -0.656782 -0.179853 0.954969 -0.235981 0.632004 0.296008 0.716205 -182.025016 -62.435521 415.356667
0.766764 -0.023267 -0.641507 -0.173596 0.954591 -0.242115 0.618011 0.297008 0.727907 -182.360824 -62.576293 415.743740
0.779532 -0.029055 -0.625688 -0.166979 0.953134 -0.252297 0.603695 0.301150 0.738147 -182.632658 -62.697154 416.071768
0.794598 -0.034366 -0.606162 -0.159464 0.951531 -0.262983 0.585820 0.305627 0.750605 -182.918163 -62.829739 416.441224
0.806839 -0.037945 -0.589552 -0.152628 0.950667 -0.270068 0.570716 0.307883 0.761244 -183.198193 -62.961893 416.793981
0.822923 -0.040612 -0.566700 -0.143711 0.950127 -0.276778 0.549677 0.309208 0.776045 -183.380399 -63.064945 417.080193
0.840364 -0.041269 -0.540449 -0.133571 0.950579 -0.280281 0.525307 0.307727 0.793320 -183.673060 -63.232444 417.545123
0.857311 -0.041160 -0.513151 -0.123942 0.950975 -0.283345 0.499656 0.306515 0.810180 -183.925424 -63.392134 417.986184
0.872973 -0.042045 -0.485953 -0.112906 0.951802 -0.285177 0.474521 0.303819 0.826150 -184.154266 -63.550945 418.417060
0.889934 -0.043393 -0.454021 -0.100499 0.952339 -0.288011 0.444879 0.301939 0.843158 -184.379761 -63.709360 418.861732
0.905721 -0.043674 -0.421619 -0.089348 0.952658 -0.290620 0.414351 0.300891 0.858940 -184.605024 -63.888175 419.370595
0.921060 -0.043364 -0.386999 -0.078580 0.952641 -0.293768 0.381410 0.300989 0.874032 -184.814220 -64.062787 419.861875
0.934038 -0.045056 -0.354320 -0.067071 0.952239 -0.297897 0.350819 0.302012 0.886405 -184.987364 -64.234749 420.354358
0.946797 -0.045671 -0.318575 -0.055436 0.951941 -0.301223 0.317022 0.302858 0.898763 -185.153861 -64.414387 420.861354
0.957218 -0.047186 -0.285494 -0.043579 0.951855 -0.303436 0.286067 0.302896 0.909076 -185.300423 -64.600023 421.399617
0.967576 -0.047769 -0.248023 -0.031498 0.951468 -0.306133 0.250610 0.304019 0.919112 -185.440135 -64.792448 421.949343
0.976417 -0.048239 -0.210435 -0.018936 0.951826 -0.306054 0.215061 0.302821 0.928465 -185.567057 -64.994021 422.548675
0.984407 -0.047586 -0.169345 -0.006091 0.952915 -0.303177 0.175798 0.299481 0.937767 -185.653566 -65.200115 423.177324
0.990781 -0.046379 -0.127289 0.006495 0.954756 -0.297320 0.135319 0.293752 0.946255 -185.731220 -65.409810 423.809830
0.995026 -0.047476 -0.087577 0.020077 0.956663 -0.290504 0.097574 0.287301 0.952858 -185.784888 -65.624113 424.463705
0.998092 -0.047039 -0.040005 0.033778 0.958232 -0.283989 0.051693 0.282096 0.957993 -185.784050 -65.812346 425.054406
0.998800 -0.047138 0.013280 0.048972 0.959787 -0.276425 0.000284 0.276744 0.960944 -185.762182 -65.985121 425.624710
0.996823 -0.046420 0.064721 0.062276 0.960833 -0.270039 -0.049651 0.273211 0.960672 -185.710502 -66.165362 426.221290
0.992355 -0.046742 0.114226 0.075698 0.961495 -0.264191 -0.097479 0.270817 0.957682 -185.617703 -66.341079 426.807182
0.984839 -0.046790 0.167043 0.089382 0.962145 -0.257465 -0.148673 0.268492 0.951740 -185.488065 -66.511405 427.403668
0.974245 -0.047520 0.220429 0.104035 0.962009 -0.252421 -0.200060 0.268852 0.942175 -185.335560 -66.659768 427.938681
0.960659 -0.047731 0.273597 0.117586 0.962372 -0.244978 -0.251609 0.267512 0.930124 -185.145956 -66.803931 428.480571
0.944956 -0.049062 0.323499 0.131189 0.962555 -0.237230 -0.299747 0.266611 0.916008 -184.912712 -66.951385 429.044429
0.930633 -0.052396 0.362184 0.144173 0.962149 -0.231263 -0.336358 0.267438 0.902962 -184.661358 -67.101023 429.618510
0.918760 -0.054016 0.391103 0.152609 0.962190 -0.225611 -0.364129 0.266969 0.892266 -184.401131 -67.244217 430.170011
0.908995 -0.055014 0.413159 0.159103 0.961990 -0.221950 -0.385245 0.267486 0.883197 -184.139867 -67.382939 430.712069
0.901090 -0.056132 0.429984 0.164452 0.961748 -0.219080 -0.401239 0.268123 0.875852 -183.860109 -67.532773 431.263014
0.895239 -0.056737 0.441960 0.167789 0.961777 -0.216405 -0.412789 0.267890 0.870540 -183.514949 -67.713072 431.938331
0.890505 -0.056216 0.451486 0.169344 0.961991 -0.214231 -0.422283 0.267231 0.866178 -183.168866 -67.886537 432.602357
0.886692 -0.056120 0.458942 0.170675 0.962231 -0.212089 -0.429706 0.266387 0.862781 -182.847556 -68.041880 433.215681
0.883433 -0.055950 0.465206 0.171742 0.962413 -0.210393 -0.435949 0.265764 0.859836 -182.480353 -68.220540 433.897279
0.880568 -0.056669 0.470519 0.173142 0.962663 -0.208090 -0.441160 0.264704 0.857502 -182.072171 -68.414442 434.640005
0.879108 -0.058196 0.473057 0.174445 0.962938 -0.205718 -0.443552 0.263371 0.856678 -181.667050 -68.606231 435.375267
0.878615 -0.058935 0.473880 0.174061 0.963609 -0.202883 -0.444678 0.260740 0.856899 -181.253423 -68.796743 436.124451
0.879293 -0.059667 0.472529 0.173832 0.963886 -0.201760 -0.443426 0.259547 0.857910 -180.881381 -68.970925 436.805862
0.879804 -0.058724 0.471695 0.173301 0.963664 -0.203268 -0.442619 0.260581 0.858013 -180.530262 -69.131542 437.445392
0.880394 -0.056131 0.470910 0.171710 0.963327 -0.206196 -0.442066 0.262394 0.857745 -180.219871 -69.272922 438.013977
0.880787 -0.055041 0.470303 0.171447 0.962900 -0.208397 -0.441384 0.264185 0.857547 -179.820947 -69.453396 438.744785
0.881121 -0.055407 0.469634 0.171430 0.962984 -0.208023 -0.440724 0.263803 0.858004 -179.400686 -69.645309 439.513672
0.881606 -0.056552 0.468586 0.171334 0.963419 -0.206079 -0.439790 0.261965 0.859045 -178.970202 -69.847309 440.306846
0.883017 -0.058906 0.465630 0.172117 0.963616 -0.204497 -0.436643 0.260717 0.861028 -178.566838 -70.037269 441.050637
0.884292 -0.059968 0.463068 0.172761 0.963362 -0.205154 -0.433799 0.261416 0.862253 -178.179178 -70.223448 441.785266
0.886014 -0.059793 0.459787 0.172795 0.962794 -0.207771 -0.430257 0.263537 0.863381 -177.815493 -70.400477 442.474220
0.888180 -0.060628 0.455479 0.173253 0.962282 -0.209754 -0.425582 0.265212 0.865183 -177.460661 -70.578428 443.155236
0.890528 -0.060327 0.450910 0.173123 0.961533 -0.213267 -0.420699 0.267983 0.866716 -177.118473 -70.755544 443.814056
0.893330 -0.059218 0.445483 0.171996 0.960860 -0.217178 -0.415186 0.270632 0.868550 -176.763729 -70.938826 444.507899
0.895885 -0.059076 0.440341 0.170971 0.960636 -0.218967 -0.410072 0.271455 0.870720 -176.389895 -71.139098 445.253042
0.898297 -0.058677 0.435453 0.169685 0.960487 -0.220619 -0.405301 0.272071 0.872759 -176.012976 -71.349042 446.023098
0.901028 -0.058348 0.429819 0.168395 0.960245 -0.222651 -0.399740 0.272994 0.875033 -175.595446 -71.580147 446.874681
0.903442 -0.057968 0.424774 0.167151 0.960032 -0.224496 -0.394783 0.273820 0.877023 -175.226809 -71.790589 447.641848
0.905531 -0.057221 0.420405 0.165824 0.959782 -0.226541 -0.390534 0.274853 0.878601 -174.841916 -72.016518 448.451180
0.908399 -0.056901 0.414215 0.164724 0.959275 -0.229472 -0.384289 0.276683 0.880777 -174.481489 -72.231143 449.212842
0.911394 -0.056225 0.407676 0.163312 0.958695 -0.232879 -0.377744 0.278823 0.882931 -174.092659 -72.470738 450.061803
0.914415 -0.056257 0.400850 0.161860 0.958494 -0.234714 -0.371008 0.279508 0.885567 -173.738900 -72.698249 450.857214
0.916806 -0.055682 0.395432 0.160702 0.957954 -0.237693 -0.365570 0.281465 0.887207 -173.384829 -72.933991 451.669853
0.918729 -0.053430 0.391257 0.158792 0.957155 -0.242156 -0.361555 0.284604 0.887850 -173.044089 -73.157890 452.462295
0.921512 -0.051767 0.384885 0.156310 0.956693 -0.245571 -0.355504 0.286458 0.889696 -172.744242 -73.366737 453.177734
0.924066 -0.050673 0.378860 0.153397 0.957018 -0.246143 -0.350103 0.285568 0.892121 -172.433368 -73.594240 453.932495
0.926332 -0.049590 0.373429 0.150520 0.957451 -0.246236 -0.345329 0.284304 0.894382 -172.093913 -73.846240 454.766869
0.928431 -0.048769 0.368289 0.148291 0.957595 -0.247025 -0.340625 0.283960 0.896293 -171.777357 -74.077165 455.552430
0.930535 -0.048101 0.363031 0.146452 0.957490 -0.248527 -0.335644 0.284429 0.898022 -171.436123 -74.330103 456.403531
0.932156 -0.046553 0.359051 0.144309 0.957292 -0.250532 -0.332054 0.285349 0.899064 -171.110668 -74.581771 457.245868
0.934142 -0.045340 0.354010 0.142250 0.957007 -0.252791 -0.327328 0.286501 0.900430 -170.814222 -74.810711 458.033012
0.935995 -0.045649 0.349042 0.141322 0.956870 -0.253827 -0.322401 0.286908 0.902076 -170.525818 -75.032468 458.795953
0.938199 -0.045463 0.343096 0.139682 0.956749 -0.255185 -0.316656 0.287339 0.903972 -170.248262 -75.251471 459.544725
0.940293 -0.046071 0.337233 0.138830 0.956544 -0.256418 -0.310764 0.287926 0.905828 -169.954201 -75.487550 460.328328
0.942398 -0.047040 0.331169 0.138238 0.956328 -0.257542 -0.304591 0.288487 0.907744 -169.674007 -75.719161 461.092283
0.944160 -0.047417 0.326059 0.137309 0.956190 -0.258546 -0.299515 0.288880 0.909307 -169.404755 -75.939080 461.825828
0.945736 -0.047023 0.321516 0.135522 0.956387 -0.258761 -0.295326 0.288292 0.910862 -169.152522 -76.154208 462.550280
0.946565 -0.047431 0.319006 0.134822 0.956746 -0.257798 -0.292980 0.287032 0.912017 -168.895384 -76.379427 463.300208
0.948057 -0.048920 0.314316 0.134254 0.957323 -0.255946 -0.288381 0.284849 0.914165 -168.609063 -76.630996 464.122974
0.949442 -0.050237 0.309899 0.133952 0.957574 -0.255163 -0.283932 0.283774 0.915890 -168.323679 -76.880855 464.957662
0.950324 -0.050560 0.307128 0.133698 0.957362 -0.256091 -0.281085 0.284432 0.916564 -168.077269 -77.098875 465.695437
0.951407 -0.050696 0.303736 0.133326 0.956926 -0.257907 -0.277578 0.285871 0.917185 -167.819836 -77.325832 466.477057
0.953310 -0.050296 0.297776 0.131971 0.956282 -0.260975 -0.271632 0.288088 0.918271 -167.601714 -77.524001 467.169195
0.955951 -0.049361 0.289347 0.129271 0.955811 -0.264033 -0.263529 0.289807 0.920089 -167.380334 -77.727356 467.875631
0.957945 -0.049930 0.282575 0.128032 0.955662 -0.265175 -0.256806 0.290201 0.921864 -167.119758 -77.977839 468.711856
0.959532 -0.050503 0.277036 0.127032 0.955629 -0.265774 -0.251321 0.290211 0.923372 -166.870030 -78.231681 469.551477
0.960713 -0.051226 0.272775 0.127041 0.954979 -0.268097 -0.246761 0.292218 0.923969 -166.641086 -78.464267 470.329258
0.961692 -0.052325 0.269092 0.127737 0.954069 -0.270991 -0.242552 0.294982 0.924204 -166.406977 -78.707722 471.139896
0.962655 -0.052529 0.265587 0.126995 0.953987 -0.271625 -0.239098 0.295210 0.925031 -166.181002 -78.947553 471.934799
0.963585 -0.052827 0.262132 0.126309 0.953956 -0.272056 -0.235690 0.295259 0.925890 -165.960159 -79.191522 472.730056
0.963986 -0.051806 0.260857 0.125274 0.953666 -0.273547 -0.234599 0.296374 0.925811 -165.753018 -79.420034 473.481778
0.964475 -0.050577 0.259288 0.123885 0.953479 -0.274828 -0.233326 0.297187 0.925872 -165.511789 -79.682845 474.350434
0.965109 -0.049380 0.257149 0.122362 0.953285 -0.276182 -0.231498 0.298011 0.926066 -165.275528 -79.947654 475.209562
0.965691 -0.049492 0.254933 0.121615 0.953560 -0.275560 -0.229456 0.297110 0.926863 -165.017746 -80.238987 476.138394
0.966688 -0.048880 0.251249 0.119821 0.953818 -0.275453 -0.226181 0.296382 0.927901 -164.796576 -80.506176 476.975690
0.967744 -0.049130 0.247098 0.118883 0.953789 -0.275958 -0.222122 0.296433 0.928865 -164.592045 -80.750758 477.744028
0.968835 -0.049240 0.242764 0.118022 0.953412 -0.277627 -0.217784 0.297626 0.929510 -164.389731 -80.999851 478.521826
0.970078 -0.050555 0.237470 0.117877 0.953139 -0.278624 -0.212257 0.298279 0.930579 -164.170132 -81.264635 479.362970
0.971311 -0.051889 0.232083 0.117738 0.952835 -0.279721 -0.206622 0.299021 0.931608 -163.974357 -81.505266 480.135278
0.973141 -0.052563 0.224128 0.116642 0.951941 -0.283200 -0.198471 0.301736 0.932505 -163.780659 -81.771507 480.968310
0.973992 -0.053060 0.220281 0.116351 0.951349 -0.285301 -0.194426 0.303511 0.932780 -163.560605 -82.069949 481.906824
0.974901 -0.054384 0.215895 0.116866 0.950374 -0.288324 -0.189501 0.306318 0.932876 -163.336730 -82.374843 482.848419
0.975769 -0.056631 0.211346 0.117956 0.949692 -0.290122 -0.184283 0.308022 0.933361 -163.107443 -82.695606 483.835075
0.976645 -0.058561 0.206725 0.118847 0.948787 -0.292707 -0.178997 0.310440 0.933588 -162.890292 -83.008090 484.804890
0.977277 -0.059856 0.203341 0.119590 0.947741 -0.295779 -0.175010 0.313375 0.933363 -162.697080 -83.289749 485.668045
0.978122 -0.061369 0.198772 0.120374 0.946253 -0.300193 -0.169666 0.317552 0.932938 -162.491473 -83.608906 486.627133
0.978497 -0.061414 0.196908 0.120495 0.945010 -0.304034 -0.167408 0.321223 0.932089 -162.283406 -83.932557 487.587769
0.978686 -0.063222 0.195389 0.121864 0.944600 -0.304762 -0.165297 0.322077 0.932171 -162.068478 -84.268193 488.563744
0.979141 -0.063479 0.193011 0.121303 0.944703 -0.304666 -0.162998 0.321724 0.932698 -161.882086 -84.577490 489.470055
0.979392 -0.063381 0.191765 0.120823 0.944709 -0.304838 -0.161842 0.321726 0.932899 -161.689512 -84.898321 490.412078
0.979462 -0.063230 0.191455 0.120767 0.944359 -0.305945 -0.161458 0.322783 0.932600 -161.515023 -85.196986 491.288178
0.979424 -0.064196 0.191330 0.121758 0.944040 -0.306534 -0.160945 0.323523 0.932432 -161.337359 -85.493305 492.152842
0.979343 -0.064572 0.191618 0.122047 0.944322 -0.305550 -0.161219 0.322625 0.932696 -161.162181 -85.793922 493.012364
0.979230 -0.064185 0.192324 0.121693 0.944769 -0.304305 -0.162170 0.321389 0.932958 -160.987026 -86.099355 493.872733
0.978774 -0.063640 0.194811 0.121839 0.945034 -0.303424 -0.164793 0.320719 0.932729 -160.802847 -86.396931 494.725121
0.977706 -0.063781 0.200059 0.123616 0.944986 -0.302854 -0.169737 0.320833 0.931802 -160.620674 -86.685270 495.557836
0.976188 -0.063397 0.207457 0.125646 0.944834 -0.302492 -0.176835 0.321355 0.930301 -160.444680 -86.956931 496.320780
0.974487 -0.063132 0.215381 0.128005 0.944585 -0.302280 -0.184363 0.322138 0.928567 -160.251056 -87.238316 497.116556
0.972621 -0.063026 0.223687 0.130860 0.943955 -0.303025 -0.192052 0.324000 0.926359 -160.063143 -87.504351 497.877509
0.969806 -0.061241 0.236065 0.133232 0.943791 -0.302503 -0.204270 0.324821 0.923453 -159.879028 -87.761236 498.605199
0.966105 -0.060750 0.250898 0.137501 0.943669 -0.300970 -0.218481 0.325267 0.920037 -159.680818 -88.031527 499.346038
0.961569 -0.061829 0.267512 0.143957 0.943187 -0.299457 -0.233799 0.326459 0.915840 -159.479022 -88.273456 500.017979
0.955323 -0.062772 0.288823 0.152116 0.942254 -0.298358 -0.253416 0.328963 0.909705 -159.283787 -88.497674 500.628657
0.948422 -0.062307 0.310828 0.159320 0.941356 -0.297431 -0.274068 0.331611 0.902730 -159.080222 -88.714183 501.221109
0.939608 -0.061407 0.336699 0.167489 0.940424 -0.295887 -0.298470 0.334411 0.893915 -158.876447 -88.923283 501.789217
0.927474 -0.062573 0.368613 0.179705 0.939155 -0.292734 -0.327868 0.337745 0.882287 -158.630627 -89.153135 502.405718
0.911538 -0.063972 0.406210 0.194059 0.937831 -0.287774 -0.362547 0.341146 0.867283 -158.390022 -89.351311 502.949098
0.892847 -0.064800 0.445673 0.208259 0.936838 -0.281004 -0.399314 0.343710 0.849948 -158.158854 -89.523473 503.400929
0.871301 -0.065776 0.486320 0.222940 0.935870 -0.272845 -0.437186 0.346150 0.830089 -157.933762 -89.680967 503.804972
0.847651 -0.065346 0.526515 0.235868 0.935338 -0.263646 -0.475241 0.347667 0.808253 -157.729703 -89.822185 504.178318
0.817808 -0.066627 0.571621 0.250824 0.935237 -0.249839 -0.517955 0.347697 0.781556 -157.455159 -89.972903 504.587808
0.786024 -0.068147 0.614429 0.264962 0.935123 -0.235244 -0.558536 0.347707 0.753085 -157.084993 -90.152836 505.066163
0.744558 -0.068818 0.664001 0.279645 0.935345 -0.216631 -0.606162 0.346979 0.715663 -156.709413 -90.290022 505.452462
0.698338 -0.069662 0.712370 0.294620 0.935007 -0.197383 -0.652321 0.347719 0.673475 -156.316346 -90.416999 505.816626
0.653702 -0.070643 0.753448 0.307538 0.934509 -0.179204 -0.691444 0.348860 0.632616 -155.852952 -90.555161 506.206377
0.603835 -0.071745 0.793874 0.319749 0.934102 -0.158789 -0.730167 0.349723 0.586984 -155.373864 -90.674142 506.561567
0.552863 -0.074447 0.829940 0.331766 0.933319 -0.137285 -0.764378 0.351245 0.540697 -154.862087 -90.778710 506.893611
0.498383 -0.076214 0.863601 0.341784 0.932724 -0.114929 -0.796742 0.352444 0.490902 -154.297494 -90.865649 507.205894
0.444868 -0.076755 0.892301 0.350169 0.931915 -0.094419 -0.824302 0.354460 0.441457 -153.689264 -90.935961 507.502076
0.390238 -0.079839 0.917246 0.356872 0.931470 -0.070753 -0.848738 0.354950 0.391987 -153.047009 -90.997222 507.774777
0.334071 -0.082704 0.938912 0.361971 0.931015 -0.046783 -0.870272 0.355487 0.340962 -152.359678 -91.035926 507.995113
0.278957 -0.086271 0.956421 0.366383 0.930181 -0.022958 -0.887664 0.356821 0.291088 -151.670042 -91.054754 508.180021
0.225997 -0.091433 0.969827 0.368440 0.929650 0.001789 -0.901763 0.356919 0.243786 -150.982654 -91.056285 508.329308
0.176942 -0.094677 0.979657 0.371796 0.928041 0.022537 -0.911296 0.360244 0.199410 -150.269274 -91.043504 508.454721
0.121379 -0.097475 0.987809 0.371144 0.927439 0.045913 -0.920608 0.361047 0.148749 -149.593852 -91.013805 508.536163
0.070704 -0.098153 0.992657 0.369464 0.926945 0.065339 -0.926551 0.362131 0.101803 -148.904970 -90.972868 508.594865
0.022931 -0.098420 0.994881 0.368239 0.926008 0.083119 -0.929448 0.364448 0.057477 -148.215041 -90.913885 508.609793
-0.019799 -0.098328 0.994957 0.366510 0.925161 0.098724 -0.930203 0.366617 0.017721 -147.569266 -90.847832 508.595030
-0.055933 -0.099958 0.993418 0.364287 0.924342 0.113518 -0.929605 0.368239 -0.015288 -146.807763 -90.770758 508.570324
-0.085756 -0.100154 0.991269 0.360596 0.924364 0.124590 -0.928772 0.368132 -0.043155 -145.994080 -90.672465 508.522937
-0.118921 -0.099988 0.987856 0.357083 0.924043 0.136515 -0.926472 0.368981 -0.074184 -145.242443 -90.574218 508.454015
-0.153421 -0.099197 0.983169 0.352609 0.923953 0.148246 -0.923108 0.369419 -0.106776 -144.478806 -90.467520 508.358661
-0.184918 -0.098307 0.977825 0.347839 0.924029 0.158679 -0.919137 0.369468 -0.136674 -143.714315 -90.352404 508.240006
-0.212968 -0.095486 0.972382 0.344856 0.923816 0.166246 -0.914177 0.370737 -0.163814 -142.975301 -90.229063 508.114290
-0.239954 -0.093980 0.966225 0.340666 0.923856 0.174461 -0.909048 0.371023 -0.189667 -142.149208 -90.086013 507.959631
-0.259355 -0.090601 0.961523 0.338982 0.923709 0.178473 -0.904337 0.372227 -0.208857 -141.336989 -89.939192 507.784914
-0.275074 -0.088661 0.957326 0.338038 0.923241 0.182635 -0.900036 0.373851 -0.223989 -140.425250 -89.772281 507.576132
-0.292244 -0.088198 0.952268 0.335856 0.922850 0.188544 -0.895430 0.374926 -0.240075 -139.594431 -89.614948 507.370323
-0.309833 -0.085830 0.946909 0.333830 0.922692 0.192865 -0.890259 0.375863 -0.257228 -138.808887 -89.457552 507.155257
-0.328150 -0.084407 0.940847 0.332225 0.922056 0.198595 -0.884276 0.377741 -0.274531 -138.002070 -89.291981 506.920878
-0.344074 -0.082273 0.935331 0.333098 0.920666 0.203518 -0.877871 0.381583 -0.289372 -137.255818 -89.133531 506.682698
-0.360583 -0.081197 0.929186 0.332662 0.919494 0.209444 -0.871387 0.384627 -0.304543 -136.468745 -88.962326 506.414679
-0.372460 -0.081846 0.924432 0.331874 0.918488 0.215034 -0.866679 0.386887 -0.314938 -135.600932 -88.765470 506.113948
-0.379739 -0.084725 0.921206 0.330498 0.917655 0.220637 -0.864043 0.388241 -0.320468 -134.770447 -88.576639 505.818265
-0.386261 -0.086559 0.918319 0.328631 0.917341 0.224695 -0.861861 0.388579 -0.325887 -133.868237 -88.367303 505.495487
-0.392231 -0.086511 0.915790 0.326447 0.917675 0.226506 -0.859992 0.387799 -0.331700 -133.036158 -88.169617 505.184816
-0.398834 -0.085299 0.913047 0.323886 0.918392 0.227277 -0.857921 0.386369 -0.338659 -132.109521 -87.941613 504.838157
-0.407297 -0.083674 0.909455 0.320668 0.919294 0.228189 -0.855150 0.384574 -0.347594 -131.234233 -87.729501 504.503951
-0.415637 -0.083626 0.905678 0.318868 0.919166 0.231207 -0.851804 0.384890 -0.355374 -130.305098 -87.494625 504.138078
-0.423601 -0.084075 0.901939 0.317002 0.918966 0.234544 -0.848571 0.385269 -0.362623 -129.297421 -87.234222 503.731594
-0.429076 -0.083275 0.899421 0.316456 0.918773 0.236034 -0.846020 0.385903 -0.367871 -128.370293 -87.003181 503.348690
-0.431762 -0.081255 0.898320 0.317280 0.918604 0.235585 -0.844343 0.386735 -0.370838 -127.460380 -86.768229 502.962646
-0.434463 -0.075288 0.897537 0.318587 0.919234 0.231323 -0.842463 0.386445 -0.375388 -126.664099 -86.557121 502.601634
-0.438312 -0.071508 0.895974 0.319143 0.919496 0.229510 -0.840256 0.386541 -0.380205 -125.816143 -86.343759 502.235096
-0.439661 -0.069573 0.895465 0.320835 0.919051 0.228931 -0.838906 0.387949 -0.381749 -124.912216 -86.116926 501.834626
-0.440359 -0.069811 0.895103 0.321531 0.918585 0.229824 -0.838273 0.389009 -0.382061 -123.975232 -85.891414 501.427122
-0.440257 -0.070893 0.895069 0.321511 0.918328 0.230877 -0.838334 0.389420 -0.381508 -123.042943 -85.667393 501.024603
-0.440275 -0.071799 0.894987 0.321630 0.918036 0.231869 -0.838279 0.389941 -0.381096 -122.121221 -85.439243 500.628955
-0.441560 -0.072458 0.894301 0.320633 0.918174 0.232704 -0.837985 0.389495 -0.382196 -121.186118 -85.215185 500.226367
-0.440308 -0.072150 0.894943 0.320751 0.918350 0.231845 -0.838599 0.389137 -0.381214 -120.247340 -84.991773 499.823944
-0.438556 -0.070914 0.895902 0.322252 0.918182 0.230425 -0.838941 0.389761 -0.379822 -119.296935 -84.763238 499.409717
-0.437580 -0.070345 0.896423 0.322542 0.918309 0.229509 -0.839339 0.389563 -0.379145 -118.285503 -84.525150 498.975641
-0.436416 -0.070884 0.896949 0.320947 0.919047 0.228789 -0.840556 0.387721 -0.378337 -117.345168 -84.304439 498.574960
-0.435149 -0.071125 0.897545 0.320043 0.919551 0.228032 -0.841557 0.386481 -0.377378 -116.434753 -84.094832 498.190115
-0.434712 -0.071979 0.897688 0.318606 0.920043 0.228059 -0.842327 0.385149 -0.377021 -115.468384 -83.865200 497.787138
-0.432999 -0.073294 0.898410 0.318127 0.920127 0.228390 -0.843391 0.384701 -0.375097 -114.498372 -83.634533 497.385290
-0.431775 -0.074205 0.898924 0.317047 0.920528 0.228273 -0.844424 0.383564 -0.373934 -113.662980 -83.433839 497.042228
-0.431381 -0.074514 0.899087 0.316663 0.920669 0.228237 -0.844769 0.383165 -0.373563 -112.762223 -83.218859 496.668029
-0.433015 -0.074664 0.898289 0.316173 0.920665 0.228933 -0.844117 0.383146 -0.375055 -111.850848 -83.000002 496.285384
-0.433792 -0.073269 0.898029 0.317161 0.920481 0.228305 -0.843346 0.383857 -0.376060 -110.960201 -82.779532 495.900057
-0.434055 -0.074292 0.897818 0.317513 0.920029 0.229633 -0.843079 0.384743 -0.375754 -110.094170 -82.572830 495.524444
-0.433220 -0.075603 0.898112 0.316941 0.920052 0.230332 -0.843723 0.384433 -0.374623 -109.247359 -82.369402 495.162944
-0.433689 -0.074834 0.897950 0.317970 0.919724 0.230221 -0.843095 0.385366 -0.375080 -108.344690 -82.153184 494.776415
-0.436731 -0.073053 0.896621 0.317420 0.920076 0.229574 -0.841731 0.384867 -0.378638 -107.443666 -81.931582 494.384139
-0.441275 -0.072753 0.894418 0.314486 0.920960 0.230068 -0.840461 0.382805 -0.383517 -106.539071 -81.715680 493.998875
-0.445931 -0.071607 0.892198 0.312865 0.921447 0.230328 -0.838607 0.381848 -0.388498 -105.593569 -81.485101 493.578415
-0.448736 -0.069327 0.890971 0.312327 0.921950 0.229040 -0.837310 0.381053 -0.392059 -104.601329 -81.242904 493.137375
-0.450018 -0.068584 0.890382 0.312622 0.921857 0.229014 -0.836512 0.381413 -0.393411 -103.585423 -80.998043 492.680799
-0.449499 -0.068079 0.890683 0.313710 0.921551 0.228758 -0.836383 0.382242 -0.392879 -102.504744 -80.731951 492.196349
-0.448646 -0.068473 0.891083 0.315207 0.920864 0.229463 -0.836278 0.383823 -0.391559 -101.498843 -80.492843 491.750291
-0.449444 -0.068939 0.890644 0.314716 0.920875 0.230094 -0.836035 0.383714 -0.392186 -100.571184 -80.264645 491.333935
-0.449567 -0.069888 0.890508 0.313194 0.921312 0.230419 -0.836540 0.382491 -0.392303 -99.719814 -80.058951 490.951134
-0.450049 -0.072547 0.890052 0.311447 0.921362 0.232580 -0.836933 0.381877 -0.392064 -98.850567 -79.846549 490.564001
-0.450899 -0.075638 0.889364 0.309793 0.921201 0.235407 -0.837089 0.381663 -0.391937 -97.946694 -79.627232 490.160521
-0.452312 -0.078036 0.888439 0.307929 0.921241 0.237686 -0.837015 0.381085 -0.392659 -97.043263 -79.406271 489.759334
-0.451875 -0.078579 0.888614 0.306577 0.921763 0.237410 -0.837747 0.379708 -0.392431 -96.144059 -79.186038 489.361530
-0.451478 -0.077724 0.888891 0.306611 0.922024 0.236352 -0.837948 0.379251 -0.392443 -95.239307 -78.961987 488.957240
-0.451548 -0.078084 0.888823 0.304213 0.923001 0.235636 -0.838784 0.376792 -0.393025 -94.375588 -78.747294 488.573879
-0.451751 -0.077406 0.888780 0.303166 0.923626 0.234534 -0.839054 0.375399 -0.393782 -93.482696 -78.522859 488.174519
-0.452620 -0.077048 0.888369 0.302852 0.923758 0.234419 -0.838699 0.375147 -0.394777 -92.612599 -78.308069 487.775946
-0.452637 -0.078666 0.888218 0.302637 0.923424 0.236008 -0.838768 0.375633 -0.394168 -91.663933 -78.069875 487.344455
-0.452750 -0.080003 0.888041 0.302762 0.922998 0.237509 -0.838661 0.376397 -0.393666 -90.742928 -77.844797 486.927254
-0.453281 -0.081453 0.887638 0.302944 0.922462 0.239350 -0.838308 0.377398 -0.393459 -89.802319 -77.607491 486.506729
-0.453074 -0.082307 0.887665 0.301761 0.922789 0.239586 -0.838847 0.376413 -0.393255 -88.958073 -77.395522 486.128857
-0.452380 -0.082730 0.887980 0.301228 0.922997 0.239453 -0.839413 0.375808 -0.392625 -88.136101 -77.192226 485.763004
-0.452337 -0.082971 0.887979 0.300485 0.923270 0.239335 -0.839702 0.375085 -0.392697 -87.226947 -76.965010 485.358478
-0.451649 -0.083841 0.888248 0.299845 0.923404 0.239622 -0.840302 0.374561 -0.391915 -86.309623 -76.737478 484.947130
-0.451419 -0.083397 0.888406 0.298826 0.924004 0.238578 -0.840788 0.373177 -0.392192 -85.416967 -76.511526 484.548624
-0.450928 -0.081994 0.888786 0.298520 0.924573 0.236751 -0.841160 0.372078 -0.392439 -84.457199 -76.271723 484.111051
-0.447460 -0.081278 0.890603 0.299921 0.924550 0.235064 -0.842512 0.372293 -0.389323 -83.474973 -76.028772 483.667498
-0.444735 -0.080268 0.892058 0.301722 0.924336 0.233596 -0.843311 0.373042 -0.386866 -82.547118 -75.800388 483.255857
-0.444769 -0.079841 0.892080 0.301691 0.924458 0.233154 -0.843305 0.372832 -0.387083 -81.581392 -75.558905 482.826381
-0.444771 -0.078325 0.892213 0.302707 0.924403 0.232051 -0.842940 0.373289 -0.387438 -80.638051 -75.328856 482.403085
-0.443988 -0.075805 0.892820 0.302895 0.925060 0.229168 -0.843285 0.372179 -0.387754 -79.763978 -75.117143 482.018002
-0.444194 -0.074518 0.892826 0.302609 0.925493 0.227796 -0.843279 0.371363 -0.388548 -78.912962 -74.909210 481.650087
-0.444659 -0.074386 0.892606 0.303206 0.925211 0.228148 -0.842820 0.372091 -0.388849 -78.122590 -74.715024 481.302353
-0.444705 -0.076260 0.892425 0.303272 0.924695 0.230141 -0.842771 0.372992 -0.388089 -77.265759 -74.504718 480.923405
-0.444363 -0.078073 0.892438 0.304054 0.923918 0.232222 -0.842670 0.374540 -0.386817 -76.380245 -74.286434 480.533100
-0.443759 -0.079992 0.892569 0.303967 0.923525 0.233890 -0.843020 0.375103 -0.385507 -75.526001 -74.079636 480.154217
-0.443527 -0.080970 0.892596 0.303891 0.923330 0.234760 -0.843169 0.375374 -0.384916 -74.722592 -73.881632 479.797171
-0.444748 -0.080628 0.892019 0.303894 0.923275 0.234970 -0.842525 0.375582 -0.386122 -74.006782 -73.704693 479.475215
-0.446113 -0.080455 0.891353 0.303990 0.923118 0.235466 -0.841768 0.376007 -0.387357 -73.280041 -73.523641 479.153682
-0.447349 -0.080850 0.890697 0.303650 0.923018 0.236291 -0.841234 0.376165 -0.388361 -72.531873 -73.338376 478.830508
-0.448326 -0.081423 0.890154 0.303000 0.923041 0.237037 -0.840949 0.375987 -0.389152 -71.806822 -73.162208 478.511697
-0.449940 -0.080940 0.889383 0.303957 0.922548 0.237730 -0.839741 0.377298 -0.390489 -71.127016 -72.988399 478.206148
-0.450241 -0.079156 0.889391 0.304770 0.922622 0.236398 -0.839284 0.377496 -0.391278 -70.446615 -72.816216 477.906443
-0.448716 -0.078942 0.890181 0.305393 0.922580 0.235756 -0.839874 0.377643 -0.389869 -69.749885 -72.640951 477.599649
-0.448168 -0.080113 0.890353 0.305308 0.922373 0.236674 -0.840198 0.377901 -0.388919 -69.053146 -72.466325 477.295183
-0.445669 -0.082336 0.891404 0.305092 0.922178 0.237713 -0.841605 0.377901 -0.385866 -68.404269 -72.306288 477.015574
-0.439275 -0.083888 0.894427 0.306654 0.921827 0.237062 -0.844394 0.378415 -0.379211 -67.770938 -72.150534 476.751537
-0.432185 -0.084565 0.897811 0.309079 0.921399 0.235571 -0.847164 0.379305 -0.372078 -67.238135 -72.020796 476.537069
-0.423621 -0.084862 0.901856 0.310737 0.921577 0.232678 -0.850875 0.378807 -0.364029 -66.730737 -71.897546 476.335679
-0.413669 -0.085987 0.906358 0.312501 0.921636 0.230065 -0.855115 0.378408 -0.354382 -66.218294 -71.773367 476.138507
-0.403063 -0.087754 0.910955 0.314539 0.921471 0.227939 -0.859422 0.378405 -0.343809 -65.745139 -71.653253 475.964788
-0.387890 -0.089370 0.917363 0.318274 0.921079 0.224308 -0.865010 0.378980 -0.328833 -65.311614 -71.550133 475.815030
-0.367825 -0.091498 0.925383 0.322512 0.920826 0.219240 -0.872176 0.379089 -0.309193 -64.884037 -71.456559 475.681492
-0.336811 -0.092395 0.937028 0.329858 0.920528 0.209335 -0.881902 0.379593 -0.279567 -64.438845 -71.368105 475.566956
-0.301412 -0.092582 0.948989 0.337555 0.920458 0.197010 -0.891744 0.379717 -0.246186 -64.050896 -71.293514 475.493623
-0.255515 -0.092538 0.962366 0.346693 0.920437 0.180556 -0.902505 0.379781 -0.203103 -63.646610 -71.231836 475.443742
-0.204805 -0.092481 0.974424 0.354843 0.920788 0.161972 -0.912218 0.378940 -0.155766 -63.250815 -71.187543 475.421659
-0.146524 -0.093457 0.984782 0.361296 0.921694 0.141227 -0.920867 0.376491 -0.101285 -62.829131 -71.144620 475.414166
-0.081313 -0.094382 0.992210 0.369909 0.921547 0.117975 -0.925503 0.376620 -0.040021 -62.448481 -71.113326 475.435864
-0.010530 -0.095654 0.995359 0.376452 0.921800 0.092568 -0.926376 0.375680 0.026302 -62.029370 -71.093215 475.483763
0.058427 -0.096248 0.993641 0.382103 0.921702 0.066812 -0.922271 0.375769 0.090629 -61.605551 -71.075392 475.551624
0.130270 -0.097677 0.986655 0.385124 0.921979 0.040425 -0.913624 0.374718 0.157724 -61.155584 -71.069597 475.673038
0.205712 -0.099582 0.973533 0.386712 0.922114 0.012608 -0.898964 0.373883 0.228200 -60.689770 -71.078023 475.822891
0.278526 -0.100337 0.955173 0.385121 0.922738 -0.015370 -0.879833 0.372138 0.295648 -60.216640 -71.108171 476.021288
0.349571 -0.101017 0.931448 0.381689 0.923285 -0.043116 -0.855636 0.370596 0.361311 -59.751368 -71.145265 476.234950
0.415889 -0.104089 0.903439 0.376093 0.924182 -0.066652 -0.828004 0.367497 0.423504 -59.309575 -71.202441 476.492645
0.476799 -0.106678 0.872515 0.368373 0.925490 -0.088148 -0.798100 0.363440 0.480569 -58.870904 -71.272231 476.781793
0.536338 -0.109067 0.836926 0.359324 0.926767 -0.109496 -0.763693 0.359455 0.536251 -58.425213 -71.353981 477.120633
0.588258 -0.111761 0.800913 0.350251 0.927900 -0.127772 -0.728888 0.355683 0.584989 -58.031608 -71.444695 477.444278
0.636719 -0.111588 0.762979 0.339880 0.928783 -0.147798 -0.692149 0.353427 0.629300 -57.621794 -71.547780 477.810279
0.679035 -0.110223 0.725784 0.329615 0.929179 -0.167272 -0.655946 0.352813 0.667276 -57.308234 -71.638742 478.141135
0.716048 -0.108392 0.689584 0.319339 0.929303 -0.185522 -0.620723 0.353053 0.700040 -56.972517 -71.749030 478.514621
0.748638 -0.104201 0.654739 0.307201 0.929675 -0.203301 -0.587510 0.353335 0.728001 -56.719791 -71.845106 478.834508
0.775539 -0.101031 0.623163 0.295792 0.930207 -0.217308 -0.557716 0.352857 0.751296 -56.472764 -71.954496 479.189862
0.797802 -0.099892 0.594587 0.286422 0.930587 -0.227972 -0.530542 0.352179 0.771035 -56.143968 -72.094572 479.657934
0.814474 -0.098238 0.571823 0.277861 0.931235 -0.235786 -0.509338 0.350929 0.785763 -55.898047 -72.212895 480.039310
0.826437 -0.099362 0.554192 0.273614 0.931136 -0.241081 -0.492074 0.350873 0.796713 -55.580762 -72.366208 480.511270
0.835876 -0.100350 0.539668 0.270306 0.930931 -0.245564 -0.477752 0.351136 0.805268 -55.224824 -72.543798 481.059894
0.844481 -0.101424 0.525895 0.267624 0.930443 -0.250305 -0.463929 0.352120 0.812885 -54.899465 -72.711762 481.583163
0.852002 -0.100566 0.513789 0.264240 0.929810 -0.256185 -0.451963 0.354034 0.818773 -54.567331 -72.889513 482.136548
0.858671 -0.099449 0.502785 0.261378 0.928808 -0.262673 -0.440869 0.356967 0.823535 -54.216907 -73.076425 482.729753
0.863442 -0.099072 0.494624 0.260026 0.927632 -0.268113 -0.432266 0.360115 0.826718 -53.854377 -73.276306 483.348675
0.866867 -0.098347 0.488743 0.258706 0.926760 -0.272372 -0.426160 0.362551 0.828821 -53.509467 -73.471693 483.958724
0.869668 -0.098265 0.483758 0.257820 0.926121 -0.275369 -0.420959 0.364202 0.830753 -53.142819 -73.683698 484.598932
0.871319 -0.097350 0.480964 0.256395 0.926014 -0.277056 -0.418408 0.364720 0.831814 -52.760140 -73.912450 485.267468
0.872633 -0.097344 0.478578 0.256416 0.925324 -0.279333 -0.415648 0.366470 0.832428 -52.406255 -74.121145 485.880979
0.874263 -0.097861 0.475486 0.256772 0.924460 -0.281854 -0.411985 0.368506 0.833350 -52.084733 -74.317371 486.454935
0.875842 -0.098860 0.472364 0.258095 0.923010 -0.285376 -0.407784 0.371859 0.833926 -51.769826 -74.508948 487.007677
0.877852 -0.099790 0.468421 0.258459 0.922115 -0.287927 -0.403206 0.373825 0.835272 -51.448392 -74.710446 487.587130
0.880543 -0.100239 0.463245 0.257168 0.922043 -0.289313 -0.398131 0.373885 0.837676 -51.119510 -74.923387 488.187681
0.882921 -0.100751 0.458585 0.256209 0.921857 -0.290751 -0.393456 0.374203 0.839740 -50.770934 -75.157444 488.835993
0.883943 -0.101602 0.456422 0.256813 0.921198 -0.292302 -0.390757 0.375593 0.840380 -50.408943 -75.396697 489.502539
0.885088 -0.100805 0.454377 0.256168 0.920596 -0.294756 -0.388585 0.377281 0.840631 -50.035078 -75.654168 490.200056
0.885909 -0.100051 0.452941 0.255970 0.919773 -0.297483 -0.386840 0.379483 0.840445 -49.635901 -75.935177 490.942368
0.887085 -0.100941 0.450435 0.256886 0.918689 -0.300035 -0.383524 0.381866 0.840885 -49.249291 -76.199062 491.659846
0.887826 -0.101926 0.448750 0.257028 0.918710 -0.299846 -0.381709 0.381553 0.841853 -48.834670 -76.486582 492.437138
0.889266 -0.102989 0.445645 0.256405 0.919080 -0.299246 -0.378764 0.380375 0.843714 -48.444674 -76.760900 493.178347
0.891092 -0.104500 0.441627 0.255816 0.919452 -0.298607 -0.374851 0.379062 0.846049 -48.043714 -77.048877 493.949331
0.892780 -0.105732 0.437909 0.255069 0.919885 -0.297914 -0.371326 0.377668 0.848224 -47.629140 -77.343448 494.748275
0.895651 -0.103972 0.432434 0.251233 0.920584 -0.299010 -0.367003 0.376451 0.850643 -47.225071 -77.640981 495.561457
0.898453 -0.102519 0.426933 0.247061 0.921859 -0.298557 -0.362964 0.373718 0.853576 -46.788026 -77.959576 496.425718
0.899596 -0.100907 0.424905 0.244209 0.922839 -0.297876 -0.362061 0.371734 0.854825 -46.371712 -78.261986 497.259869
0.899865 -0.099779 0.424602 0.243564 0.922515 -0.299403 -0.361828 0.372840 0.854442 -45.959745 -78.556911 498.085121
0.899762 -0.098514 0.425115 0.243731 0.921522 -0.302312 -0.361971 0.375623 0.853161 -45.549053 -78.848465 498.897655
0.900530 -0.097183 0.423793 0.243671 0.920053 -0.306800 -0.360097 0.379549 0.852216 -45.139472 -79.156115 499.726871
0.899985 -0.096297 0.425151 0.244736 0.918701 -0.309987 -0.360736 0.383033 0.850385 -44.765385 -79.436766 500.479497
0.900402 -0.094493 0.424673 0.243112 0.918785 -0.311016 -0.360794 0.383283 0.850248 -44.329804 -79.774827 501.359620
0.899934 -0.092898 0.426015 0.242908 0.918197 -0.312905 -0.362098 0.385077 0.848882 -43.879536 -80.121833 502.263745
0.899308 -0.091296 0.427679 0.243009 0.917401 -0.315154 -0.363581 0.387350 0.847212 -43.451372 -80.444610 503.112719
0.898856 -0.089669 0.428973 0.242264 0.917350 -0.315876 -0.365194 0.387851 0.846289 -42.995354 -80.792131 504.001386
0.897984 -0.090441 0.430633 0.244828 0.915871 -0.318182 -0.365627 0.391154 0.844580 -42.537519 -81.142568 504.882886
0.897563 -0.089897 0.431624 0.246765 0.913718 -0.322842 -0.365360 0.396281 0.842302 -42.012284 -81.539317 505.875993
0.897841 -0.090212 0.430979 0.248270 0.912083 -0.326293 -0.363653 0.399958 0.841302 -41.538586 -81.912569 506.803747
0.898509 -0.089282 0.429779 0.247964 0.911150 -0.329120 -0.362208 0.402287 0.840815 -41.070919 -82.281735 507.717307
0.900306 -0.089362 0.425986 0.247642 0.910017 -0.332481 -0.357943 0.404826 0.841423 -40.655181 -82.610809 508.529085
0.901234 -0.089568 0.423975 0.246706 0.910415 -0.332086 -0.356248 0.403885 0.842594 -40.209973 -82.973302 509.411125
0.901018 -0.090606 0.424213 0.246908 0.911188 -0.329809 -0.356655 0.401905 0.843368 -39.792004 -83.312631 510.227466
0.900986 -0.089408 0.424536 0.246549 0.910688 -0.331454 -0.356985 0.403304 0.842560 -39.388418 -83.634090 511.025441
0.901346 -0.088238 0.424015 0.246333 0.909693 -0.334334 -0.356223 0.405799 0.841684 -39.007981 -83.942627 511.782176
0.900813 -0.088522 0.425087 0.247302 0.909292 -0.334708 -0.356899 0.406634 0.840994 -38.575401 -84.295291 512.620204
0.900475 -0.090844 0.425314 0.248957 0.909532 -0.332825 -0.356601 0.405585 0.841627 -38.067276 -84.697105 513.600467
0.900362 -0.093188 0.425045 0.250714 0.909465 -0.331688 -0.355654 0.405204 0.842211 -37.540204 -85.123689 514.625650
0.900635 -0.093632 0.424369 0.251095 0.909133 -0.332307 -0.354694 0.405844 0.842308 -37.079247 -85.500916 515.539788
0.899731 -0.091618 0.426721 0.251335 0.908091 -0.334965 -0.356813 0.408628 0.840064 -36.634524 -85.850910 516.412320
0.898620 -0.088375 0.429734 0.251055 0.906861 -0.338488 -0.359795 0.412059 0.837111 -36.171382 -86.220605 517.308039
0.897854 -0.085676 0.431878 0.249967 0.906670 -0.339802 -0.362458 0.413048 0.835473 -35.679544 -86.619690 518.263069
0.897437 -0.084027 0.433066 0.248723 0.907158 -0.339413 -0.364340 0.412315 0.835017 -35.167971 -87.041841 519.250204
0.897836 -0.082596 0.432514 0.246273 0.908449 -0.337742 -0.365020 0.409753 0.835980 -34.691199 -87.427546 520.167766
0.898024 -0.080914 0.432442 0.245385 0.907964 -0.339686 -0.365156 0.411161 0.835229 -34.244719 -87.787298 521.039732
0.898543 -0.078898 0.431736 0.244937 0.906413 -0.344125 -0.364180 0.414959 0.833775 -33.832526 -88.120864 521.839334
0.899103 -0.078604 0.430623 0.244622 0.906025 -0.345367 -0.363008 0.415860 0.833838 -33.372585 -88.501669 522.744965
0.898815 -0.078932 0.431163 0.244810 0.906336 -0.344417 -0.363593 0.415120 0.833952 -32.898026 -88.897947 523.666970
0.898583 -0.079462 0.431550 0.244807 0.906972 -0.342740 -0.364169 0.413627 0.834442 -32.414763 -89.304678 524.596982
0.898391 -0.080170 0.431819 0.245297 0.907150 -0.341919 -0.364313 0.413101 0.834640 -31.914352 -89.714168 525.547310
0.898496 -0.081112 0.431423 0.246699 0.906207 -0.343406 -0.363104 0.414981 0.834234 -31.443249 -90.094057 526.432671
0.898561 -0.082441 0.431036 0.247956 0.905766 -0.343665 -0.362086 0.415682 0.834328 -30.987336 -90.466425 527.293594
0.898744 -0.082876 0.430570 0.248282 0.905571 -0.343943 -0.361407 0.416020 0.834453 -30.538606 -90.833766 528.141040
0.898087 -0.083162 0.431883 0.249190 0.905357 -0.343851 -0.362413 0.416429 0.833813 -30.117209 -91.172826 528.932779
0.897806 -0.082433 0.432607 0.250089 0.903997 -0.346764 -0.362491 0.419517 0.832230 -29.666476 -91.546184 529.786812
0.897646 -0.081701 0.433078 0.250990 0.902511 -0.349969 -0.362265 0.422846 0.830641 -29.238740 -91.899604 530.599585
0.897178 -0.081032 0.434173 0.251904 0.901343 -0.352313 -0.362790 0.425458 0.829077 -28.843076 -92.224170 531.349735
0.897340 -0.080994 0.433844 0.251442 0.901699 -0.351732 -0.362709 0.424710 0.829496 -28.451738 -92.553917 532.097842
0.897905 -0.082019 0.432481 0.250548 0.903039 -0.348922 -0.361929 0.421656 0.831393 -28.020868 -92.913689 532.926127
0.897884 -0.083003 0.432336 0.250278 0.904162 -0.346195 -0.362166 0.419047 0.832607 -27.582726 -93.271463 533.767403
0.897305 -0.083414 0.433459 0.249416 0.906009 -0.341966 -0.364193 0.414959 0.833770 -27.151851 -93.618823 534.592082
0.897390 -0.084753 0.433022 0.249588 0.906789 -0.339764 -0.363863 0.412978 0.834897 -26.704432 -93.985823 535.464218
0.897497 -0.085303 0.432692 0.250151 0.906486 -0.340158 -0.363212 0.413529 0.834907 -26.275795 -94.336889 536.291534
0.897142 -0.084538 0.433577 0.251208 0.904994 -0.343337 -0.363359 0.416940 0.833145 -25.881468 -94.647073 537.033211
0.896871 -0.082398 0.434549 0.249653 0.905326 -0.343596 -0.365097 0.416647 0.832532 -25.490656 -94.957501 537.783003
0.897475 -0.081318 0.433505 0.248238 0.905540 -0.344058 -0.364578 0.416396 0.832885 -25.091630 -95.287840 538.557791
0.897666 -0.078587 0.433613 0.246729 0.904916 -0.346774 -0.365131 0.418273 0.831701 -24.698977 -95.610427 539.313659
0.897802 -0.076583 0.433690 0.246539 0.903397 -0.350845 -0.364925 0.421911 0.829952 -24.286136 -95.945647 540.091620
0.897822 -0.076322 0.433694 0.247075 0.902544 -0.352658 -0.364513 0.423780 0.829181 -23.873299 -96.289298 540.882189
0.898101 -0.076753 0.433039 0.247100 0.902602 -0.352494 -0.363807 0.423579 0.829593 -23.392342 -96.694300 541.794281
0.898275 -0.077959 0.432464 0.247024 0.903506 -0.350223 -0.363431 0.421426 0.830854 -22.873517 -97.126808 542.783714
0.898179 -0.080574 0.432183 0.248516 0.903978 -0.347942 -0.362648 0.419919 0.831958 -22.368576 -97.540993 543.735630
0.897856 -0.080190 0.432926 0.248929 0.903491 -0.348909 -0.363166 0.421038 0.831166 -21.898902 -97.929971 544.620495
0.897082 -0.077385 0.435036 0.250103 0.900578 -0.355538 -0.364271 0.427750 0.827246 -21.464146 -98.299585 545.450979
0.894859 -0.075285 0.439953 0.253704 0.896756 -0.362577 -0.367234 0.436074 0.821571 -21.006180 -98.680988 546.299343
0.894401 -0.073468 0.441191 0.254334 0.894954 -0.366566 -0.367915 0.440067 0.819133 -20.509438 -99.094825 547.208874
0.893868 -0.074921 0.442027 0.254823 0.896097 -0.363421 -0.368871 0.437488 0.820084 -19.999223 -99.519363 548.158687
0.893902 -0.076472 0.441691 0.254135 0.898143 -0.358825 -0.369261 0.433003 0.822286 -19.507466 -99.926685 549.057215
0.893612 -0.076318 0.442305 0.252742 0.899915 -0.355351 -0.370917 0.429335 0.823463 -18.994882 -100.361625 550.010540
0.893785 -0.076038 0.442003 0.251568 0.900886 -0.353721 -0.371298 0.427345 0.824327 -18.470847 -100.796119 550.968368
0.893760 -0.074127 0.442378 0.250390 0.900733 -0.354945 -0.372153 0.428002 0.823600 -17.980477 -101.204881 551.864720
0.894069 -0.073717 0.441823 0.249692 0.900921 -0.354959 -0.371881 0.427677 0.823892 -17.519319 -101.584767 552.717828
0.894408 -0.073710 0.441136 0.249473 0.900853 -0.355284 -0.371211 0.427821 0.824119 -17.048155 -101.972693 553.579060
0.893982 -0.071423 0.442374 0.249745 0.899087 -0.359541 -0.372053 0.431904 0.821605 -16.636285 -102.314223 554.334487
0.892538 -0.067991 0.445818 0.250970 0.896231 -0.365765 -0.374687 0.438346 0.816984 -16.257141 -102.621027 555.021833
0.892118 -0.064812 0.447129 0.250249 0.894863 -0.369588 -0.376165 0.441610 0.814543 -15.819829 -102.981820 555.821456
0.891725 -0.062886 0.448188 0.247456 0.896909 -0.366497 -0.378936 0.437721 0.815357 -15.356011 -103.376601 556.669713
0.891935 -0.063535 0.447678 0.245571 0.899402 -0.361622 -0.379667 0.432480 0.817811 -14.841823 -103.806643 557.596621
0.891700 -0.066242 0.447753 0.245709 0.901629 -0.355939 -0.380129 0.427408 0.820259 -14.333437 -104.225581 558.512036
0.891501 -0.068344 0.447834 0.246720 0.902337 -0.353437 -0.379942 0.425578 0.821296 -13.844830 -104.628715 559.401279
0.891354 -0.068905 0.448040 0.246798 0.902820 -0.352145 -0.380235 0.424461 0.821738 -13.383319 -105.006065 560.236731
0.889795 -0.068659 0.451165 0.250436 0.899922 -0.356962 -0.381505 0.430611 0.817942 -12.935565 -105.358863 561.026835
0.888354 -0.065318 0.454489 0.253866 0.894648 -0.367636 -0.382595 0.441970 0.811347 -12.457777 -105.754379 561.892409
0.888372 -0.063948 0.454649 0.255285 0.891863 -0.373376 -0.381608 0.447762 0.808631 -11.974220 -106.159216 562.770468
0.887621 -0.068477 0.455456 0.259267 0.891613 -0.371224 -0.380670 0.447591 0.809168 -11.438713 -106.599781 563.679198
0.887117 -0.075168 0.455383 0.261762 0.894562 -0.362270 -0.380137 0.440578 0.813257 -10.911314 -107.029649 564.590642
0.885380 -0.079617 0.457999 0.264234 0.896783 -0.354910 -0.382468 0.435249 0.815031 -10.339301 -107.487017 565.588756
0.886265 -0.080883 0.456061 0.263130 0.898238 -0.352039 -0.381177 0.432004 0.817360 -9.778001 -107.935748 566.577624
0.886337 -0.081282 0.455850 0.262822 0.898831 -0.350752 -0.381223 0.430692 0.818031 -9.252767 -108.363676 567.527191
0.886424 -0.077675 0.456310 0.260678 0.898394 -0.353462 -0.382491 0.432267 0.816607 -8.755638 -108.770007 568.421349
0.887224 -0.072154 0.455662 0.258309 0.896051 -0.361066 -0.382244 0.438048 0.813636 -8.318849 -109.129348 569.208891
0.888556 -0.066687 0.453896 0.255900 0.893207 -0.369724 -0.380767 0.444672 0.810730 -7.894795 -109.488873 569.977105
0.888949 -0.065044 0.453365 0.257269 0.889859 -0.376781 -0.378923 0.451576 0.807773 -7.447232 -109.865708 570.769713
0.887966 -0.063680 0.455480 0.259293 0.887280 -0.381447 -0.379848 0.456815 0.804386 -6.989221 -110.260187 571.573598
0.888088 -0.062482 0.455407 0.259653 0.885713 -0.384829 -0.379315 0.460010 0.802814 -6.460522 -110.711862 572.491039
0.887409 -0.063905 0.456532 0.260456 0.886630 -0.382164 -0.380353 0.458042 0.803448 -5.987367 -111.121102 573.324328
0.887502 -0.066599 0.455965 0.260522 0.888699 -0.377282 -0.380089 0.453628 0.806073 -5.501746 -111.539365 574.177417
0.887250 -0.069129 0.456080 0.260607 0.890923 -0.371940 -0.380620 0.448861 0.808487 -5.004968 -111.965993 575.065759
0.887290 -0.068752 0.456060 0.259344 0.892063 -0.370086 -0.381390 0.446650 0.809349 -4.501370 -112.401754 575.956768
0.889846 -0.066169 0.451437 0.255986 0.891432 -0.373925 -0.377683 0.448297 0.810176 -4.001921 -112.830921 576.840232
0.890292 -0.061860 0.451169 0.254462 0.889206 -0.380212 -0.377663 0.453305 0.807394 -3.512494 -113.257609 577.714171
0.890641 -0.059796 0.450758 0.255227 0.886167 -0.386740 -0.376321 0.459492 0.804518 -2.977465 -113.725052 578.654950
0.891749 -0.057936 0.448806 0.255228 0.883368 -0.393089 -0.373687 0.465085 0.802530 -2.407582 -114.235151 579.661457
0.893193 -0.057779 0.445946 0.253896 0.883308 -0.394085 -0.371138 0.465218 0.803635 -1.876543 -114.728075 580.608601
0.893331 -0.060305 0.445335 0.254780 0.884274 -0.391339 -0.370198 0.463057 0.805314 -1.349172 -115.207913 581.536546
0.893709 -0.062140 0.444323 0.255139 0.885020 -0.389414 -0.369036 0.461387 0.806805 -0.907703 -115.619614 582.329839
0.893430 -0.061922 0.444913 0.256340 0.883630 -0.391775 -0.368879 0.464073 0.805335 -0.480528 -116.010128 583.085201
0.891652 -0.061500 0.448526 0.259318 0.881480 -0.394648 -0.371095 0.468199 0.801922 -0.071215 -116.376924 583.802574
0.891064 -0.059894 0.449908 0.259929 0.879947 -0.397657 -0.372078 0.471282 0.799657 0.312804 -116.730628 584.494934
0.891198 -0.058926 0.449771 0.259862 0.879023 -0.399738 -0.371804 0.473124 0.798696 0.675843 -117.058260 585.133904
0.891313 -0.058861 0.449552 0.259621 0.879142 -0.399633 -0.371697 0.472911 0.798872 1.053040 -117.401345 585.788452
0.891755 -0.058119 0.448771 0.258762 0.879073 -0.400341 -0.371235 0.473131 0.798956 1.418898 -117.733313 586.429884
0.891634 -0.057076 0.449145 0.257205 0.880258 -0.398738 -0.372605 0.471051 0.799548 1.854403 -118.137439 587.193324
0.891890 -0.057180 0.448623 0.255788 0.881850 -0.396123 -0.372968 0.468050 0.801139 2.296813 -118.551413 587.980013
0.894469 -0.057996 0.443354 0.252514 0.883816 -0.393835 -0.369002 0.464226 0.805190 2.696176 -118.928096 588.713521
0.895671 -0.058999 0.440787 0.251480 0.884663 -0.392592 -0.366786 0.462482 0.807204 3.049838 -119.262068 589.364048
0.896742 -0.058823 0.438627 0.250683 0.884302 -0.393913 -0.364708 0.463195 0.807737 3.383228 -119.576910 589.973648
0.898189 -0.057682 0.435810 0.249198 0.883497 -0.396653 -0.362157 0.464872 0.807921 3.717205 -119.896158 590.590625
0.899079 -0.056331 0.434147 0.248239 0.882445 -0.399584 -0.360602 0.467030 0.807372 4.036029 -120.205623 591.186425
0.900744 -0.056871 0.430612 0.246606 0.883068 -0.399219 -0.357556 0.465785 0.809443 4.337869 -120.505447 591.767349
0.901607 -0.058448 0.428589 0.245033 0.885532 -0.394704 -0.356460 0.460887 0.812724 4.655022 -120.816589 592.374606
0.900886 -0.058217 0.430133 0.243648 0.887940 -0.390125 -0.359221 0.456260 0.814118 4.974506 -121.122035 592.971113
0.899615 -0.058114 0.432801 0.243143 0.889922 -0.385902 -0.362732 0.452396 0.814717 5.306356 -121.435087 593.592288
0.897093 -0.056815 0.438174 0.243592 0.890971 -0.383189 -0.368629 0.450492 0.813123 5.613772 -121.719222 594.168381
0.893724 -0.055447 0.445177 0.245416 0.891109 -0.381702 -0.375537 0.450389 0.810013 5.909778 -121.989637 594.705575
0.889765 -0.053105 0.453320 0.247818 0.890265 -0.382118 -0.383282 0.452336 0.805287 6.191279 -122.232987 595.194136
0.883605 -0.051062 0.465440 0.252534 0.889040 -0.381884 -0.394294 0.454974 0.798455 6.475364 -122.466542 595.669290
0.875702 -0.048533 0.480406 0.257022 0.889121 -0.378687 -0.408760 0.455092 0.791079 6.744750 -122.687065 596.114652
0.864885 -0.047689 0.499700 0.264468 0.889399 -0.372862 -0.426652 0.454637 0.781840 7.044575 -122.912665 596.567329
0.852690 -0.048096 0.520199 0.274149 0.888824 -0.367197 -0.444705 0.455717 0.771077 7.367864 -123.130145 597.006945
0.837594 -0.049003 0.544091 0.286030 0.887879 -0.360358 -0.465428 0.457460 0.757698 7.694777 -123.329039 597.410903
0.819660 -0.049630 0.570696 0.299399 0.886458 -0.352920 -0.488383 0.460140 0.741453 8.079744 -123.558203 597.869677
0.799333 -0.047837 0.598981 0.311930 0.885026 -0.345585 -0.513582 0.463078 0.722352 8.405477 -123.739287 598.227678
0.777395 -0.046336 0.627303 0.324126 0.884194 -0.336367 -0.539072 0.464816 0.702387 8.733295 -123.896175 598.540990
0.752351 -0.047551 0.657044 0.339229 0.882950 -0.324535 -0.564704 0.467053 0.680419 9.096601 -124.069444 598.872524
0.729570 -0.047609 0.682247 0.351326 0.881976 -0.314149 -0.586769 0.468884 0.660189 9.499506 -124.247271 599.213293
0.704552 -0.048987 0.707960 0.362962 0.882130 -0.300176 -0.609808 0.468452 0.639286 9.925776 -124.421574 599.548128
0.675714 -0.050478 0.735433 0.376080 0.881660 -0.285026 -0.634015 0.469178 0.614734 10.371435 -124.591197 599.878356
0.642631 -0.051298 0.764457 0.388649 0.881686 -0.267548 -0.660287 0.469040 0.586535 10.799367 -124.730823 600.157017
0.599278 -0.053544 0.798749 0.403170 0.882176 -0.243351 -0.691607 0.467867 0.550255 11.267473 -124.860475 600.432214
0.553652 -0.054698 0.830950 0.416876 0.882013 -0.219700 -0.720891 0.468040 0.511131 11.742712 -124.967686 600.678559
0.507636 -0.055432 0.859786 0.428386 0.882069 -0.196059 -0.747523 0.467847 0.471517 12.180565 -125.062931 600.887775
0.459073 -0.057825 0.886515 0.438500 0.882602 -0.169503 -0.772638 0.466551 0.430535 12.679987 -125.149156 601.093484
0.409570 -0.061420 0.910209 0.447753 0.882825 -0.141904 -0.794839 0.465668 0.389080 13.185108 -125.225153 601.283874
0.356222 -0.063520 0.932240 0.454825 0.883304 -0.113609 -0.816235 0.464476 0.343543 13.678199 -125.279234 601.436787
0.300330 -0.064301 0.951665 0.459132 0.884278 -0.085147 -0.836062 0.462512 0.295098 14.192857 -125.318259 601.569321
0.249623 -0.063152 0.966282 0.462422 0.884514 -0.061651 -0.850796 0.462220 0.249998 14.685024 -125.340932 601.663441
0.199934 -0.060760 0.977924 0.464153 0.884855 -0.039917 -0.862896 0.461887 0.205114 15.221624 -125.353172 601.745559
0.143981 -0.056713 0.987954 0.465085 0.885104 -0.016971 -0.873479 0.461926 0.153814 15.675072 -125.348356 601.783754
0.093447 -0.054866 0.994111 0.465677 0.884940 0.005067 -0.880007 0.462462 0.108245 16.222606 -125.338185 601.814938
0.046392 -0.052104 0.997563 0.465911 0.884491 0.024531 -0.883614 0.463638 0.065309 16.805748 -125.312904 601.828611
-0.002542 -0.052526 0.998616 0.464268 0.884410 0.047701 -0.885691 0.463746 0.022138 17.433740 -125.277423 601.813143
-0.048555 -0.054617 0.997326 0.463434 0.883287 0.070935 -0.884800 0.465640 -0.017577 18.047687 -125.225417 601.760209
-0.095431 -0.055260 0.993901 0.462656 0.881600 0.093439 -0.881387 0.468751 -0.058566 18.619843 -125.162827 601.693297
-0.141954 -0.056269 0.988273 0.459381 0.880616 0.116124 -0.876823 0.470478 -0.099158 19.213826 -125.082262 601.597492
-0.182064 -0.058289 0.981557 0.455208 0.879832 0.136682 -0.871573 0.471697 -0.133652 19.676502 -125.010826 601.498819
-0.220612 -0.055434 0.973785 0.450913 0.879492 0.152221 -0.864875 0.472674 -0.169030 20.201559 -124.916578 601.382335
-0.250427 -0.050644 0.966810 0.447665 0.879400 0.162022 -0.858418 0.473382 -0.197554 20.844037 -124.803463 601.238796
-0.279054 -0.045627 0.959191 0.446838 0.877972 0.171761 -0.849979 0.476533 -0.224614 21.363155 -124.696789 601.089719
-0.303045 -0.040541 0.952114 0.445111 0.877396 0.179032 -0.842639 0.478051 -0.247845 21.978371 -124.572162 600.906070
-0.321613 -0.037972 0.946109 0.443748 0.876631 0.186027 -0.836453 0.479663 -0.265086 22.692676 -124.429236 600.685565
-0.336389 -0.037879 0.940961 0.442300 0.875772 0.193375 -0.831392 0.481236 -0.277846 23.518585 -124.262833 600.418762
-0.350611 -0.037417 0.935773 0.440062 0.875438 0.199885 -0.826690 0.481880 -0.290472 24.346839 -124.086832 600.134775
-0.360506 -0.036838 0.932029 0.438079 0.875472 0.204050 -0.823482 0.481864 -0.299475 25.164354 -123.909963 599.853121
-0.369433 -0.038414 0.928463 0.436258 0.875024 0.209789 -0.820487 0.482552 -0.306504 25.970856 -123.732276 599.566585
-0.378433 -0.039042 0.924805 0.435122 0.874333 0.214964 -0.816981 0.483753 -0.313888 26.695923 -123.562976 599.304394
-0.383923 -0.038917 0.922545 0.435339 0.873470 0.218016 -0.814299 0.485321 -0.318402 27.455738 -123.392675 599.021279
-0.387710 -0.037805 0.921006 0.434299 0.873818 0.218692 -0.813059 0.484781 -0.322369 28.208983 -123.216326 598.746427
-0.391400 -0.033828 0.919599 0.434116 0.874348 0.216932 -0.811387 0.484120 -0.327535 28.935250 -123.047380 598.486950
-0.394161 -0.029704 0.918561 0.434570 0.874658 0.214761 -0.809806 0.483830 -0.331848 29.739710 -122.863405 598.189608
-0.395777 -0.023439 0.918048 0.435967 0.875049 0.210289 -0.808266 0.483466 -0.336106 30.512853 -122.685567 597.899276
-0.396920 -0.017501 0.917686 0.436628 0.875844 0.205555 -0.807348 0.482276 -0.339999 31.319699 -122.507606 597.595875
-0.396907 -0.014194 0.917749 0.437172 0.876257 0.202620 -0.807060 0.481635 -0.341588 32.176161 -122.320162 597.271180
-0.397220 -0.015583 0.917591 0.436998 0.876011 0.204051 -0.807000 0.482039 -0.341159 33.072271 -122.122281 596.921668
-0.396861 -0.019400 0.917674 0.435500 0.876098 0.206859 -0.807986 0.481742 -0.339241 33.998790 -121.923819 596.571633
-0.397201 -0.025175 0.917386 0.433410 0.875981 0.211692 -0.808942 0.481689 -0.337029 34.921127 -121.725803 596.222798
-0.397479 -0.030876 0.917092 0.432315 0.875262 0.216839 -0.809391 0.482662 -0.334551 35.872115 -121.521866 595.867604
-0.397377 -0.031094 0.917129 0.431512 0.875704 0.216657 -0.809870 0.481846 -0.334567 36.730455 -121.334770 595.545502
-0.397793 -0.023710 0.917169 0.432072 0.877032 0.210069 -0.809367 0.479847 -0.338633 37.550973 -121.157253 595.232105
-0.400063 -0.017832 0.916314 0.432390 0.877872 0.205866 -0.808077 0.478564 -0.343493 38.464990 -120.959064 594.874424
-0.400281 -0.015849 0.916256 0.433046 0.877898 0.204368 -0.807618 0.478585 -0.344542 39.390100 -120.763611 594.513151
-0.400080 -0.017827 0.916307 0.432842 0.877602 0.206063 -0.807826 0.479058 -0.343395 40.412200 -120.551577 594.115406
-0.399861 -0.019023 0.916378 0.432574 0.877521 0.206970 -0.808079 0.479160 -0.342657 41.392629 -120.345757 593.733138
-0.399396 -0.023067 0.916488 0.432292 0.876830 0.210457 -0.808459 0.480246 -0.340230 42.408909 -120.132419 593.338495
-0.397190 -0.028519 0.917293 0.433534 0.875130 0.214930 -0.808881 0.483046 -0.335229 43.391162 -119.923408 592.963305
-0.395355 -0.031908 0.917974 0.433882 0.874383 0.217258 -0.809593 0.484186 -0.331848 44.300556 -119.726346 592.629775
-0.393802 -0.031070 0.918670 0.433192 0.875210 0.215294 -0.810719 0.482744 -0.331200 45.201037 -119.530663 592.295999
-0.392767 -0.028240 0.919204 0.432893 0.876189 0.211890 -0.811380 0.481140 -0.331913 46.103317 -119.334077 591.962985
-0.390379 -0.027300 0.920249 0.433689 0.876257 0.209971 -0.812107 0.481070 -0.330233 47.046201 -119.136454 591.611831
-0.387819 -0.027570 0.921323 0.436892 0.874639 0.210077 -0.811617 0.483991 -0.327157 48.000726 -118.926300 591.251462
-0.386817 -0.030657 0.921647 0.436394 0.874365 0.212240 -0.812362 0.484299 -0.324841 48.992838 -118.709221 590.900610
-0.386408 -0.033161 0.921732 0.435496 0.874378 0.214026 -0.813039 0.484112 -0.323425 49.971338 -118.499229 590.548130
-0.385129 -0.032248 0.922299 0.434837 0.875156 0.212177 -0.813998 0.482765 -0.323025 50.980505 -118.287869 590.186705
-0.384285 -0.026545 0.922833 0.436694 0.875464 0.207030 -0.813402 0.482554 -0.324836 51.783242 -118.118790 589.899203
-0.383818 -0.021131 0.923167 0.438128 0.875875 0.202205 -0.812851 0.482075 -0.326919 52.690589 -117.933679 589.573876
-0.383358 -0.013683 0.923498 0.440345 0.876223 0.195777 -0.811870 0.481711 -0.329882 53.607462 -117.752981 589.232024
-0.383023 -0.010117 0.923683 0.441772 0.876169 0.192786 -0.811253 0.481899 -0.331123 54.595018 -117.561767 588.865093
-0.382719 -0.012208 0.923784 0.442306 0.875450 0.194815 -0.811105 0.483154 -0.329652 55.623078 -117.361016 588.490988
-0.381879 -0.015215 0.924087 0.443047 0.874476 0.197487 -0.811097 0.484830 -0.327203 56.668406 -117.150075 588.107728
-0.381368 -0.017263 0.924262 0.444382 0.873302 0.199672 -0.810607 0.486874 -0.325378 57.631677 -116.956858 587.759567
-0.380545 -0.016621 0.924613 0.443955 0.873803 0.198427 -0.811227 0.485997 -0.325142 58.515520 -116.784105 587.438725
-0.379239 -0.015124 0.925175 0.445657 0.873269 0.196955 -0.810905 0.487004 -0.324438 59.418234 -116.606289 587.113858
-0.376778 -0.013595 0.926204 0.448040 0.872473 0.195068 -0.810740 0.488474 -0.322637 60.314474 -116.429828 586.791410
-0.375057 -0.012332 0.926920 0.448340 0.872773 0.193022 -0.811371 0.487970 -0.321811 61.200679 -116.263479 586.469663
-0.373143 -0.012256 0.927693 0.448713 0.872804 0.192016 -0.812047 0.487917 -0.320181 62.153005 -116.085327 586.126445
-0.372869 -0.014779 0.927766 0.447408 0.873097 0.193721 -0.812893 0.487323 -0.318939 63.084115 -115.913240 585.790944
-0.371962 -0.017497 0.928083 0.445196 0.873964 0.194904 -0.814521 0.485676 -0.317292 64.080259 -115.723005 585.437098
-0.369112 -0.015460 0.929256 0.446047 0.874234 0.191720 -0.815352 0.485258 -0.315795 65.035723 -115.544866 585.105148
-0.366595 -0.014905 0.930261 0.446441 0.874421 0.189942 -0.816271 0.484938 -0.313904 66.019036 -115.354577 584.757408
-0.364754 -0.015188 0.930980 0.445644 0.875058 0.188877 -0.817530 0.483779 -0.312412 67.002956 -115.174577 584.414748
-0.362608 -0.016163 0.931802 0.445290 0.875327 0.188467 -0.818677 0.483262 -0.310203 67.981223 -114.993606 584.080492
-0.359382 -0.015343 0.933064 0.446821 0.874971 0.186487 -0.819266 0.483932 -0.307593 68.954377 -114.812114 583.753460
-0.358645 -0.013919 0.933370 0.446836 0.875331 0.184750 -0.819580 0.483323 -0.307714 69.826368 -114.646081 583.457966
-0.357719 -0.013706 0.933729 0.447034 0.875365 0.184112 -0.819876 0.483269 -0.307008 70.658173 -114.489669 583.181902
-0.357142 -0.013026 0.933959 0.447897 0.875057 0.183478 -0.819657 0.483845 -0.306685 71.527173 -114.320164 582.883608
-0.356238 -0.010628 0.934335 0.448761 0.875119 0.181055 -0.819578 0.483791 -0.306981 72.357069 -114.160545 582.600724
-0.355473 -0.010334 0.934630 0.448426 0.875460 0.180232 -0.820093 0.483180 -0.306568 73.216806 -113.999912 582.311435
-0.355087 -0.010936 0.934769 0.447960 0.875662 0.180409 -0.820515 0.482800 -0.306037 74.046782 -113.845289 582.032747
-0.354534 -0.011767 0.934969 0.446793 0.876250 0.180449 -0.821390 0.481713 -0.305403 74.799726 -113.718711 581.781571
-0.355220 -0.012394 0.934700 0.445691 0.876697 0.181003 -0.821692 0.480883 -0.305897 75.558310 -113.586229 581.536291
-0.355549 -0.013577 0.934559 0.445019 0.876823 0.182044 -0.821914 0.480622 -0.305712 76.304649 -113.453122 581.286475
-0.356306 -0.015618 0.934239 0.444394 0.876702 0.184143 -0.821924 0.480781 -0.305434 77.025193 -113.327173 581.043895
-0.357242 -0.016722 0.933862 0.444190 0.876494 0.185616 -0.821629 0.481122 -0.305692 77.695487 -113.210585 580.816051
-0.358340 -0.017768 0.933422 0.443056 0.876821 0.186780 -0.821763 0.480489 -0.306327 78.380320 -113.091425 580.586688
-0.362327 -0.017939 0.931878 0.441154 0.877429 0.188417 -0.821037 0.479370 -0.310003 79.034704 -112.974152 580.364962
-0.368101 -0.015962 0.929649 0.439841 0.877913 0.189232 -0.819171 0.478554 -0.316140 79.657219 -112.865489 580.153348
-0.372804 -0.013891 0.927806 0.438182 0.878744 0.189223 -0.817933 0.477091 -0.321512 80.219690 -112.763904 579.960849
-0.377601 -0.012551 0.925883 0.436078 0.879673 0.189770 -0.816856 0.475414 -0.326692 80.743032 -112.663969 579.767948
-0.385815 -0.012093 0.922497 0.432574 0.880817 0.192462 -0.814878 0.473303 -0.334602 81.197262 -112.573644 579.592408
-0.397125 -0.011824 0.917689 0.427872 0.882215 0.196526 -0.811922 0.470698 -0.345290 81.658051 -112.485536 579.408645
-0.411274 -0.011025 0.911445 0.423143 0.883345 0.201622 -0.807344 0.468593 -0.358632 82.201906 -112.377255 579.181568
-0.427506 -0.010193 0.903955 0.418521 0.884091 0.207900 -0.801298 0.467203 -0.373688 82.671082 -112.274275 578.977554
-0.449383 -0.008959 0.893294 0.412437 0.884921 0.216357 -0.792433 0.465655 -0.393973 83.133031 -112.163383 578.761341
-0.474122 -0.007373 0.880428 0.406325 0.885281 0.226225 -0.781094 0.464998 -0.416736 83.596148 -112.045689 578.525463
-0.497049 -0.005435 0.867705 0.399531 0.886242 0.234415 -0.770270 0.463191 -0.438334 84.058620 -111.925178 578.276545
-0.521706 -0.002191 0.853123 0.392590 0.887207 0.242357 -0.757427 0.461366 -0.462001 84.411803 -111.821313 578.055077
-0.548013 0.001209 0.836469 0.385194 0.888024 0.251077 -0.742501 0.459796 -0.487115 84.738640 -111.716760 577.830982
-0.577043 0.004392 0.816702 0.375747 0.889296 0.260703 -0.725145 0.457310 -0.514812 85.125710 -111.583157 577.558576
-0.605629 0.006115 0.795723 0.366541 0.889712 0.272139 -0.706301 0.456481 -0.541077 85.541010 -111.431048 577.239325
-0.636184 0.007654 0.771500 0.354911 0.890776 0.283824 -0.685061 0.454378 -0.569414 85.959737 -111.265289 576.892886
-0.667381 0.011180 0.744633 0.342877 0.892218 0.293909 -0.661089 0.451467 -0.599282 86.272022 -111.122511 576.597687
-0.700103 0.014648 0.713892 0.329040 0.893928 0.304343 -0.633710 0.447970 -0.630662 86.604039 -110.960092 576.256870
-0.731648 0.017412 0.681460 0.315461 0.894838 0.315831 -0.604297 0.446051 -0.660199 86.912379 -110.796544 575.914183
-0.765267 0.018646 0.643443 0.301127 0.893834 0.332239 -0.568936 0.448009 -0.689637 87.214332 -110.622206 575.552543
-0.795196 0.018143 0.606081 0.286475 0.892201 0.349155 -0.534411 0.451274 -0.714673 87.505703 -110.435924 575.154983
-0.825079 0.015891 0.564794 0.268800 0.890279 0.367628 -0.496982 0.455139 -0.738822 87.831988 -110.212073 574.687563
-0.853602 0.012772 0.520769 0.247946 0.889158 0.384605 -0.458133 0.457422 -0.762154 88.143485 -109.977374 574.196209
-0.878845 0.011447 0.476969 0.227997 0.888252 0.398781 -0.419104 0.459214 -0.783246 88.404984 -109.753018 573.721186
-0.898882 0.011965 0.438027 0.211240 0.887637 0.409241 -0.383912 0.460388 -0.800409 88.648706 -109.515208 573.221481
-0.918394 0.012725 0.395462 0.191369 0.889086 0.415816 -0.346309 0.457563 -0.818967 88.868592 -109.289805 572.744203
-0.936311 0.015493 0.350830 0.171963 0.891279 0.419583 -0.306187 0.453190 -0.837179 89.055356 -109.052990 572.250246
-0.952246 0.019740 0.304695 0.153545 0.893509 0.421979 -0.263917 0.448612 -0.853871 89.200647 -108.832064 571.776317
-0.966012 0.022365 0.257526 0.133766 0.895738 0.423981 -0.221194 0.444019 -0.868286 89.320189 -108.604105 571.279364
-0.976500 0.026667 0.213862 0.118068 0.896352 0.427334 -0.180300 0.442541 -0.878436 89.411434 -108.371406 570.777327
-0.984469 0.028697 0.173197 0.102111 0.896105 0.431936 -0.142807 0.442913 -0.885118 89.488752 -108.126236 570.255818
-0.990658 0.028738 0.133310 0.084785 0.895448 0.437018 -0.106813 0.444238 -0.889519 89.543943 -107.892472 569.764164
-0.994975 0.027477 0.096283 0.067447 0.894633 0.441681 -0.074002 0.445955 -0.891991 89.579038 -107.647247 569.256947
-0.997873 0.026432 0.059585 0.050301 0.893637 0.445963 -0.041460 0.448012 -0.893066 89.592322 -107.423611 568.789875
-0.999402 0.026026 0.022760 0.033478 0.892908 0.448993 -0.008637 0.449487 -0.893245 89.581220 -107.217153 568.361699
-0.999560 0.027526 -0.011014 0.019653 0.893311 0.449009 0.022199 0.448595 -0.893459 89.552048 -106.993242 567.895728
-0.998520 0.027553 -0.046897 0.003556 0.893428 0.449193 0.054276 0.448361 -0.892203 89.506135 -106.767276 567.426970
-0.996214 0.028467 -0.082137 -0.011334 0.894262 0.447399 0.086188 0.446637 -0.890554 89.432875 -106.508578 566.903715
-0.992643 0.028993 -0.117556 -0.026510 0.895307 0.444659 0.118141 0.444504 -0.887952 89.327416 -106.210167 566.288838
-0.988404 0.031077 -0.148630 -0.037689 0.897992 0.438394 0.147093 0.438913 -0.886408 89.209394 -105.925919 565.714223
-0.982798 0.031745 -0.181933 -0.051327 0.899357 0.434191 0.177406 0.436060 -0.882258 89.082664 -105.675296 565.207006
-0.975583 0.030922 -0.217446 -0.067490 0.899933 0.430773 0.209007 0.434930 -0.875872 88.949070 -105.449416 564.731094
-0.969055 0.028311 -0.245214 -0.082099 0.899881 0.428339 0.232790 0.435216 -0.869710 88.785487 -105.198444 564.202080
-0.962251 0.028073 -0.270712 -0.094259 0.898734 0.428244 0.255320 0.437595 -0.862161 88.561397 -104.877951 563.532064
-0.956895 0.028640 -0.289017 -0.102533 0.897736 0.428435 0.271732 0.439601 -0.856103 88.319952 -104.548099 562.844242
-0.952114 0.029165 -0.304350 -0.109224 0.897309 0.427676 0.285569 0.440439 -0.851155 88.096549 -104.263056 562.245727
-0.948888 0.027907 -0.314378 -0.115299 0.896587 0.427596 0.293800 0.441988 -0.847542 87.866497 -103.965242 561.615890
-0.947601 0.027150 -0.318301 -0.117434 0.897013 0.426119 0.297089 0.441170 -0.846822 87.637467 -103.672043 560.999820
-0.946994 0.027949 -0.320034 -0.116693 0.898235 0.423741 0.299309 0.438626 -0.847361 87.397478 -103.369157 560.358165
-0.947976 0.027586 -0.317145 -0.114904 0.899430 0.421691 0.296882 0.436194 -0.849468 87.150043 -103.050475 559.683732
-0.950922 0.026543 -0.308291 -0.111075 0.900630 0.420152 0.288808 0.433775 -0.853481 86.906386 -102.724047 559.002913
-0.954232 0.026008 -0.297934 -0.106255 0.901733 0.419032 0.279555 0.431511 -0.857699 86.684585 -102.410933 558.353432
-0.959229 0.026043 -0.281427 -0.098595 0.902357 0.419560 0.264875 0.430202 -0.862999 86.494800 -102.128954 557.762122
-0.965369 0.026603 -0.259527 -0.087994 0.903293 0.419903 0.245599 0.428198 -0.869671 86.332705 -101.867041 557.208788
-0.971876 0.027470 -0.233887 -0.076065 0.903321 0.422168 0.222872 0.428086 -0.875826 86.216732 -101.639823 556.739051
-0.977492 0.028969 -0.208975 -0.064203 0.902701 0.425451 0.200967 0.429291 -0.880523 86.127168 -101.437721 556.317747
-0.983428 0.029380 -0.178900 -0.051280 0.901408 0.429924 0.173893 0.431973 -0.884963 86.048550 -101.235643 555.890287
-0.989533 0.030556 -0.141035 -0.033962 0.900563 0.433396 0.140253 0.433650 -0.890099 85.992357 -101.030397 555.475447
-0.994315 0.030967 -0.101879 -0.016586 0.900054 0.435463 0.105181 0.434677 -0.894423 85.967843 -100.821855 555.064249
-0.998014 0.030254 -0.055252 0.003165 0.900092 0.435689 0.062914 0.434649 -0.898400 85.959902 -100.611481 554.649985
-0.999621 0.027152 -0.004464 0.022515 0.900351 0.434582 0.015819 0.434317 -0.900621 86.004646 -100.431589 554.321194
-0.998305 0.022681 0.053602 0.043746 0.899860 0.433980 -0.038391 0.435589 -0.899327 86.063820 -100.286876 554.050144
-0.992813 0.019530 0.118074 0.069047 0.899308 0.431831 -0.097751 0.436880 -0.894193 86.164126 -100.121969 553.733085
-0.982617 0.016596 0.184903 0.095867 0.898282 0.428834 -0.158978 0.439105 -0.884258 86.280331 -99.919511 553.370937
-0.968188 0.014648 0.249796 0.123176 0.896854 0.424830 -0.217808 0.442084 -0.870127 86.431600 -99.732376 553.012609
-0.950189 0.010967 0.311482 0.147628 0.895998 0.418800 -0.274494 0.443923 -0.852986 86.591544 -99.565016 552.700176
-0.928471 0.007744 0.371323 0.172609 0.894249 0.412948 -0.328857 0.447504 -0.831621 86.802628 -99.379652 552.342738
-0.902049 0.004971 0.431604 0.198495 0.892704 0.404572 -0.383284 0.450616 -0.806250 87.048221 -99.203228 552.017511
-0.873303 0.001405 0.487176 0.222350 0.890918 0.396013 -0.433477 0.454163 -0.778353 87.259202 -99.065469 551.764153
-0.841489 -0.004345 0.540257 0.242368 0.890667 0.384668 -0.482861 0.454635 -0.748434 87.494092 -98.933927 551.523596
-0.808061 -0.007662 0.589048 0.262282 0.890663 0.371386 -0.527489 0.454600 -0.717701 87.775508 -98.793074 551.251527
-0.771759 -0.007434 0.635872 0.282908 0.891513 0.353789 -0.569518 0.452934 -0.685930 88.094269 -98.648886 550.986449
-0.732605 -0.006852 0.680620 0.302619 0.892404 0.334718 -0.609682 0.451185 -0.651706 88.429207 -98.510151 550.722007
-0.690655 -0.006522 0.723155 0.322005 0.892591 0.315584 -0.647540 0.450819 -0.614373 88.816058 -98.353700 550.442241
-0.648763 -0.008241 0.760946 0.337707 0.892969 0.297591 -0.681954 0.450042 -0.576542 89.246891 -98.198484 550.160955
-0.605358 -0.010463 0.795884 0.352642 0.892897 0.279962 -0.713572 0.450140 -0.536833 89.640570 -98.073756 549.921240
-0.559455 -0.013367 0.828753 0.365065 0.893691 0.260854 -0.744136 0.448484 -0.495100 90.070445 -97.956256 549.695151
-0.515701 -0.015217 0.856634 0.376035 0.894375 0.242264 -0.769838 0.447060 -0.455507 90.513176 -97.851241 549.492270
-0.476519 -0.013808 0.879056 0.387051 0.894470 0.223863 -0.789380 0.446914 -0.420887 90.965695 -97.751897 549.309603
-0.440639 -0.013377 0.897585 0.394350 0.895358 0.206936 -0.806428 0.445146 -0.389255 91.390276 -97.674397 549.162930
-0.410420 -0.012639 0.911809 0.399326 0.896443 0.192169 -0.819814 0.442978 -0.362871 91.868049 -97.591208 548.997842
-0.385896 -0.010109 0.922487 0.403851 0.897187 0.178771 -0.829451 0.441534 -0.342139 92.392823 -97.507035 548.816530
-0.367202 -0.008842 0.930099 0.406162 0.898058 0.168890 -0.836776 0.439788 -0.326178 92.940266 -97.416494 548.639603
-0.354485 -0.007879 0.935029 0.407274 0.898828 0.161978 -0.841706 0.438231 -0.315412 93.410130 -97.344019 548.496790
-0.346860 -0.006799 0.937892 0.407995 0.899312 0.157408 -0.844529 0.437254 -0.309161 93.972248 -97.261301 548.322792
-0.341506 -0.005203 0.939865 0.409735 0.899136 0.153858 -0.845867 0.437639 -0.304928 94.488668 -97.185654 548.165753
-0.338061 -0.005410 0.941109 0.410106 0.899201 0.152485 -0.847070 0.437503 -0.301766 95.076019 -97.099393 547.978853
-0.336009 -0.005924 0.941840 0.409276 0.899716 0.151671 -0.848287 0.436435 -0.299888 95.762239 -96.998876 547.767555
-0.333832 -0.005535 0.942616 0.409460 0.899863 0.150297 -0.849057 0.436138 -0.298137 96.462766 -96.896911 547.553044
-0.334036 -0.005725 0.942543 0.409057 0.900023 0.150436 -0.849171 0.435805 -0.298299 97.130845 -96.803175 547.352107
-0.334064 -0.006005 0.942531 0.408696 0.900161 0.150590 -0.849334 0.435516 -0.298258 97.831941 -96.697074 547.132689
-0.334519 -0.003983 0.942381 0.409220 0.900177 0.149066 -0.848903 0.435507 -0.299496 98.600550 -96.586873 546.895874
-0.334134 -0.000696 0.942525 0.410427 0.900103 0.146165 -0.848471 0.435677 -0.300470 99.400830 -96.472708 546.642145
-0.334221 0.002566 0.942491 0.411058 0.900273 0.143316 -0.848132 0.435318 -0.301945 100.189554 -96.359307 546.395705
-0.333030 0.003624 0.942909 0.411716 0.900188 0.141956 -0.848281 0.435486 -0.301281 100.997124 -96.247311 546.138740
-0.331969 0.003541 0.943284 0.412117 0.900051 0.141657 -0.848502 0.435769 -0.300248 101.875112 -96.129702 545.862521
-0.330686 0.002757 0.943737 0.412192 0.899994 0.141803 -0.848967 0.435893 -0.298752 102.731374 -96.011782 545.585431
-0.328469 0.003696 0.944508 0.412908 0.899937 0.140074 -0.849479 0.436005 -0.297128 103.596356 -95.895031 545.308253
-0.325774 0.005519 0.945432 0.415257 0.899201 0.137839 -0.849372 0.437501 -0.295228 104.459672 -95.778062 545.029319
-0.323579 0.006560 0.946178 0.415964 0.899151 0.136019 -0.849865 0.437589 -0.293675 105.316355 -95.667665 544.755691
-0.320030 0.008011 0.947374 0.417584 0.898783 0.133463 -0.850414 0.438320 -0.290983 106.181847 -95.555339 544.486577
-0.314761 0.007128 0.949144 0.418351 0.898644 0.131988 -0.852002 0.438620 -0.285840 107.057524 -95.441263 544.218217
-0.310028 0.006515 0.950705 0.419449 0.898331 0.130628 -0.853197 0.439271 -0.281241 107.877838 -95.339135 543.972374
-0.306689 0.008175 0.951775 0.419783 0.898618 0.127548 -0.854239 0.438656 -0.279028 108.722382 -95.240097 543.723491
-0.304162 0.011291 0.952553 0.420090 0.899042 0.123484 -0.854991 0.437717 -0.278198 109.601253 -95.132695 543.462947
-0.301939 0.013817 0.953227 0.420495 0.899303 0.120159 -0.855580 0.437108 -0.277345 110.509964 -95.027069 543.194265
-0.299883 0.011357 0.953908 0.419731 0.899514 0.121242 -0.856677 0.436744 -0.274516 111.449170 -94.922276 542.920474
-0.297437 0.007843 0.954709 0.418219 0.899994 0.122901 -0.858268 0.435833 -0.270972 112.404031 -94.818893 542.646439
-0.295810 0.002721 0.955243 0.417684 0.899704 0.126782 -0.859090 0.436493 -0.267278 113.293694 -94.717298 542.400241
-0.291533 0.000690 0.956561 0.418333 0.899393 0.126847 -0.860236 0.437141 -0.262492 114.187458 -94.607381 542.152535
-0.287854 0.000117 0.957674 0.417292 0.900090 0.125318 -0.861979 0.435703 -0.259143 115.074850 -94.496623 541.907431
-0.286685 -0.000696 0.958025 0.415757 0.900835 0.125068 -0.863110 0.434160 -0.257967 116.042182 -94.383947 541.641323
-0.286068 0.001524 0.958208 0.416396 0.900841 0.122881 -0.863006 0.434146 -0.258337 116.993124 -94.266759 541.374580
-0.283243 0.003239 0.959043 0.415041 0.901916 0.119532 -0.864589 0.431899 -0.256806 117.973874 -94.155057 541.109857
-0.282502 0.005593 0.959250 0.413330 0.903103 0.116461 -0.865651 0.429387 -0.257440 118.978247 -94.041851 540.847889
-0.282646 0.007707 0.959193 0.410742 0.904626 0.113765 -0.866835 0.426136 -0.258855 120.017032 -93.926856 540.573919
-0.282745 0.007920 0.959162 0.408961 0.905519 0.113078 -0.867644 0.424233 -0.259270 121.050699 -93.816763 540.288368
-0.283395 0.008597 0.958965 0.408758 0.905660 0.112678 -0.867527 0.423917 -0.260173 122.082694 -93.699169 540.006956
-0.282327 0.010620 0.959260 0.409499 0.905594 0.110496 -0.867527 0.424012 -0.260022 123.093136 -93.594129 539.740338
-0.282492 0.010386 0.959213 0.410538 0.905049 0.111106 -0.866982 0.425180 -0.259933 124.064548 -93.498793 539.484341
-0.284977 0.010586 0.958476 0.412455 0.903986 0.112649 -0.865257 0.427430 -0.261982 125.104864 -93.387806 539.201208
-0.285572 0.012050 0.958281 0.413304 0.903703 0.111803 -0.864655 0.427990 -0.263053 126.153536 -93.267276 538.916621
-0.285138 0.013282 0.958394 0.414137 0.903459 0.110692 -0.864400 0.428469 -0.263112 127.158459 -93.153831 538.640554
-0.283822 0.012557 0.958795 0.414166 0.903436 0.110769 -0.864819 0.428538 -0.261615 128.260637 -93.028564 538.345498
-0.282158 0.009619 0.959320 0.412984 0.903775 0.112406 -0.865928 0.427900 -0.258980 129.368766 -92.914189 538.041998
-0.278988 0.007025 0.960269 0.412300 0.903991 0.113173 -0.867280 0.427493 -0.255099 130.398748 -92.808748 537.760092
-0.276080 0.006112 0.961115 0.411130 0.904628 0.112344 -0.868765 0.426159 -0.252263 131.401145 -92.702892 537.493480
-0.275401 0.008072 0.961296 0.410710 0.905098 0.110064 -0.869179 0.425126 -0.252580 132.428614 -92.597526 537.223330
-0.274600 0.010141 0.961505 0.410608 0.905427 0.107718 -0.869480 0.424381 -0.252794 133.426007 -92.493523 536.956807
-0.272746 0.010719 0.962026 0.410527 0.905631 0.106299 -0.870102 0.423930 -0.251408 134.442465 -92.390244 536.701882
-0.269830 0.009710 0.962859 0.411151 0.905373 0.106089 -0.870717 0.424506 -0.248289 135.403174 -92.295448 536.450888
-0.268765 0.005810 0.963188 0.410255 0.905432 0.109015 -0.871468 0.424452 -0.245732 136.407385 -92.201379 536.194289
-0.266792 0.002637 0.963751 0.408774 0.905899 0.110681 -0.872769 0.423485 -0.242764 137.385351 -92.108250 535.950059
-0.264383 0.001323 0.964417 0.407353 0.906570 0.110427 -0.874165 0.422053 -0.240221 138.320946 -92.021471 535.717170
-0.261816 0.001423 0.965117 0.406036 0.907356 0.108811 -0.875550 0.420361 -0.238138 139.217613 -91.936093 535.493080
-0.257004 -0.000001 0.966410 0.404492 0.908193 0.107570 -0.877687 0.418552 -0.233408 140.169119 -91.857394 535.265804
-0.254168 -0.001204 0.967159 0.402122 0.909335 0.106809 -0.879600 0.416064 -0.230640 141.067734 -91.775463 535.055317
-0.251544 -0.001845 0.967844 0.400935 0.909961 0.105938 -0.880895 0.414691 -0.228155 141.872323 -91.706087 534.869298
-0.249389 -0.002946 0.968399 0.400491 0.910160 0.105905 -0.881710 0.414246 -0.225804 142.757321 -91.624947 534.668538
-0.246470 -0.005003 0.969137 0.399513 0.910543 0.106304 -0.882973 0.413384 -0.222423 143.734696 -91.536095 534.447578
-0.244748 -0.007629 0.969557 0.398537 0.910798 0.107771 -0.883893 0.412781 -0.219876 144.614725 -91.458828 534.251278
-0.241853 -0.009105 0.970270 0.398155 0.910963 0.107794 -0.884861 0.412388 -0.216694 145.479099 -91.378229 534.055974
-0.240279 -0.009492 0.970658 0.398196 0.910982 0.107479 -0.885272 0.412337 -0.215110 146.328627 -91.298545 533.867620
-0.238445 -0.009882 0.971106 0.398517 0.910884 0.107121 -0.885623 0.412545 -0.213258 147.155505 -91.226470 533.687028
-0.235830 -0.009840 0.971745 0.399193 0.910707 0.106100 -0.886019 0.412935 -0.210844 147.868600 -91.162271 533.528324
-0.234513 -0.010088 0.972061 0.400129 0.910310 0.105980 -0.885946 0.413804 -0.209443 148.597804 -91.100178 533.365996
-0.233258 -0.010128 0.972362 0.400934 0.909993 0.105658 -0.885913 0.414499 -0.208202 149.331739 -91.039873 533.207112
-0.232834 -0.010194 0.972463 0.401116 0.909923 0.105577 -0.885942 0.414652 -0.207772 150.078851 -90.973749 533.043468
-0.232705 -0.011621 0.972478 0.401130 0.909767 0.106858 -0.885970 0.414956 -0.207046 150.817688 -90.908503 532.886416
-0.233721 -0.013066 0.972216 0.400937 0.909645 0.108611 -0.885790 0.415182 -0.207364 151.491693 -90.850715 532.742054
-0.235312 -0.014337 0.971814 0.400998 0.909388 0.110513 -0.885341 0.415701 -0.208241 152.102221 -90.798076 532.609873
-0.238553 -0.015130 0.971012 0.400709 0.909259 0.112612 -0.884604 0.415957 -0.210844 152.725133 -90.742050 532.474157
-0.244506 -0.015376 0.969526 0.400190 0.909144 0.115343 -0.883213 0.416197 -0.216138 153.277354 -90.686736 532.345222
-0.251460 -0.014731 0.967756 0.399681 0.909068 0.117691 -0.881489 0.416388 -0.222707 153.781265 -90.632894 532.222473
-0.258114 -0.013010 0.966027 0.400688 0.908415 0.119295 -0.879106 0.417867 -0.229261 154.277558 -90.578900 532.093846
-0.266439 -0.010971 0.963789 0.401201 0.907930 0.121247 -0.876383 0.418979 -0.237506 154.709830 -90.530516 531.977201
-0.275611 -0.008728 0.961230 0.400392 0.908045 0.123048 -0.873913 0.418782 -0.246772 155.077425 -90.489018 531.875172
-0.284786 -0.006738 0.958568 0.398853 0.908472 0.124883 -0.871673 0.417892 -0.256032 155.457123 -90.443386 531.763315
-0.294057 -0.004795 0.955776 0.397370 0.908854 0.126815 -0.869269 0.417087 -0.265350 155.829902 -90.398570 531.652099
-0.304285 -0.000100 0.952581 0.396759 0.909118 0.126833 -0.866021 0.416539 -0.276591 156.132396 -90.359411 531.553660
-0.315034 0.005297 0.949065 0.395659 0.909677 0.126259 -0.862675 0.415282 -0.288675 156.419591 -90.321664 531.455996
-0.326802 0.008312 0.945056 0.394559 0.909850 0.128437 -0.858792 0.414854 -0.300620 156.711271 -90.282440 531.361643
-0.338620 0.010310 0.940867 0.393388 0.909903 0.131611 -0.854741 0.414692 -0.312167 156.986633 -90.241408 531.265129
-0.349223 0.012528 0.936956 0.392714 0.909815 0.134208 -0.850775 0.414825 -0.322648 157.254825 -90.205704 531.164134
-0.361840 0.016044 0.932102 0.391442 0.910054 0.136292 -0.846076 0.414180 -0.335574 157.511837 -90.170195 531.057430
-0.376294 0.019798 0.926289 0.389775 0.910378 0.138883 -0.840523 0.413305 -0.350286 157.795235 -90.125767 530.943751
-0.392049 0.022989 0.919657 0.386362 0.911362 0.141925 -0.834878 0.410962 -0.366181 158.037486 -90.084459 530.837821
-0.409549 0.025215 0.911940 0.383282 0.911872 0.146918 -0.827867 0.409701 -0.383120 158.224032 -90.047639 530.742311
-0.429345 0.026498 0.902752 0.380131 0.912019 0.154019 -0.819246 0.409291 -0.401643 158.443665 -90.000619 530.630341
-0.448061 0.026520 0.893610 0.377653 0.911612 0.162303 -0.810321 0.410196 -0.418473 158.675887 -89.955177 530.504426
-0.466588 0.023079 0.884174 0.373257 0.911421 0.173181 -0.801857 0.410828 -0.433872 158.926126 -89.911487 530.362130
-0.485266 0.021425 0.874104 0.369731 0.910953 0.182931 -0.792348 0.411954 -0.449976 159.140509 -89.865863 530.227558
-0.505308 0.021451 0.862673 0.363857 0.911776 0.190456 -0.782478 0.410128 -0.468532 159.350809 -89.819035 530.092594
-0.527873 0.024630 0.848966 0.357759 0.913021 0.195960 -0.770298 0.407167 -0.490771 159.531243 -89.770559 529.965863
-0.552107 0.028578 0.833283 0.352103 0.913915 0.201949 -0.755779 0.404899 -0.514641 159.775658 -89.700433 529.798270
-0.577477 0.030358 0.815842 0.346404 0.914005 0.211184 -0.739273 0.404565 -0.538333 160.060486 -89.611158 529.594343
-0.604776 0.029746 0.795840 0.340182 0.913198 0.224379 -0.720085 0.406430 -0.562399 160.362223 -89.514491 529.355948
-0.635166 0.028204 0.771861 0.333790 0.911219 0.241381 -0.696526 0.410956 -0.588189 160.642187 -89.412044 529.100813
-0.667076 0.025857 0.744541 0.324843 0.909482 0.259459 -0.670438 0.414938 -0.615093 160.958567 -89.291190 528.806728
-0.697888 0.022311 0.715860 0.313454 0.908220 0.277278 -0.643971 0.417898 -0.640829 161.255672 -89.168858 528.511342
-0.730492 0.021306 0.682589 0.301381 0.906975 0.294222 -0.612822 0.420646 -0.668959 161.581710 -89.019091 528.151400
-0.762811 0.019948 0.646314 0.287967 0.905415 0.311928 -0.578960 0.424059 -0.696405 161.879442 -88.865820 527.791466
-0.795961 0.018243 0.605072 0.271855 0.903854 0.330369 -0.540870 0.427453 -0.724392 162.199706 -88.671401 527.352045
-0.829955 0.018794 0.557513 0.253419 0.903048 0.346818 -0.496943 0.429128 -0.754253 162.438063 -88.506301 526.987063
-0.857799 0.019570 0.513612 0.235770 0.902923 0.359364 -0.456720 0.429357 -0.779141 162.683772 -88.318387 526.552077
-0.886016 0.020478 0.463202 0.214594 0.903693 0.370523 -0.411005 0.427690 -0.805081 162.872514 -88.148903 526.181222
-0.912208 0.023338 0.409061 0.193302 0.904797 0.379443 -0.361262 0.425204 -0.829875 163.056265 -87.958917 525.755499
-0.935551 0.023743 0.352392 0.169436 0.905602 0.388813 -0.309895 0.423463 -0.851260 163.237399 -87.740135 525.272631
-0.955542 0.023901 0.293886 0.145300 0.905458 0.398789 -0.256570 0.423762 -0.868676 163.375323 -87.514130 524.779408
-0.972302 0.025051 0.232383 0.120693 0.905240 0.407399 -0.200157 0.424162 -0.883190 163.459393 -87.298827 524.300168
-0.984766 0.026445 0.171861 0.096598 0.905024 0.414247 -0.144584 0.424538 -0.893791 163.533865 -87.065068 523.780021
-0.992800 0.029051 0.116210 0.075489 0.904990 0.418681 -0.093006 0.424439 -0.900667 163.574482 -86.835401 523.270529
-0.997851 0.030042 0.058223 0.051790 0.905980 0.420140 -0.040127 0.422253 -0.905590 163.591941 -86.619490 522.798259
-0.999512 0.031079 0.003127 0.029495 0.906121 0.421990 0.010282 0.421876 -0.906595 163.563423 -86.403832 522.341206
-0.998405 0.031852 -0.046612 0.009103 0.905661 0.423905 0.055717 0.422805 -0.904506 163.504265 -86.154906 521.804084
-0.995368 0.033565 -0.090086 -0.007906 0.905315 0.424667 0.095810 0.423413 -0.900856 163.422921 -85.896923 521.247954
-0.991277 0.035522 -0.126914 -0.021979 0.904948 0.424953 0.129946 0.424036 -0.896274 163.311329 -85.605417 520.618247
-0.986931 0.037720 -0.156669 -0.032840 0.904738 0.424701 0.157764 0.424295 -0.891675 163.178658 -85.311480 519.982394
-0.982897 0.041055 -0.179519 -0.039456 0.905247 0.423051 0.179878 0.422899 -0.888145 163.044390 -85.024607 519.369503
-0.979286 0.042807 -0.197906 -0.045596 0.905673 0.421517 0.197282 0.421810 -0.884961 162.908384 -84.749174 518.787566
-0.977092 0.045481 -0.207902 -0.047008 0.906646 0.419266 0.207562 0.419435 -0.883738 162.753048 -84.452474 518.154958
-0.976102 0.047018 -0.212167 -0.046960 0.907610 0.417179 0.212179 0.417172 -0.883712 162.597426 -84.173303 517.537971
-0.975407 0.048513 -0.215004 -0.046361 0.908496 0.415313 0.215479 0.415067 -0.883905 162.430533 -83.869864 516.865191
-0.975140 0.048287 -0.216266 -0.046649 0.909364 0.413378 0.216625 0.413189 -0.884504 162.258096 -83.549780 516.153040
-0.974877 0.048410 -0.217421 -0.046721 0.909945 0.412090 0.217790 0.411895 -0.884822 162.080094 -83.212982 515.414036
-0.974877 0.049019 -0.217281 -0.046257 0.909664 0.412761 0.217886 0.412442 -0.884543 161.904476 -82.884350 514.688608
-0.974647 0.047999 -0.218539 -0.047944 0.909230 0.413524 0.218551 0.413517 -0.883877 161.731970 -82.553082 513.968219
-0.974517 0.046334 -0.219477 -0.050173 0.908621 0.414597 0.218631 0.415044 -0.883142 161.562972 -82.229051 513.273542
-0.974776 0.045833 -0.218429 -0.049988 0.908988 0.413814 0.217516 0.414295 -0.883768 161.390113 -81.900367 512.555458
-0.975203 0.044135 -0.216867 -0.050051 0.910543 0.410374 0.215578 0.411052 -0.885755 161.196127 -81.542101 511.751176
-0.975770 0.042663 -0.214600 -0.049401 0.912522 0.406033 0.213150 0.406796 -0.888304 161.014243 -81.199664 510.983650
-0.975922 0.040791 -0.214274 -0.050299 0.913796 0.403047 0.212243 0.404120 -0.889741 160.820460 -80.835638 510.169458
-0.976324 0.039868 -0.212608 -0.050393 0.913906 0.402785 0.210362 0.403962 -0.890260 160.637692 -80.465179 509.338448
-0.975965 0.037677 -0.214647 -0.054032 0.912354 0.405821 0.211125 0.407665 -0.888389 160.445592 -80.089097 508.508029
-0.974869 0.037553 -0.219589 -0.057924 0.909061 0.412616 0.215115 0.414966 -0.884041 160.255245 -79.743321 507.737734
-0.974532 0.036808 -0.221209 -0.059809 0.908044 0.414582 0.216127 0.417253 -0.882717 160.062839 -79.392866 506.963856
-0.974420 0.037648 -0.221560 -0.058433 0.909518 0.411536 0.217006 0.413956 -0.884053 159.855085 -79.017120 506.149208
-0.974669 0.039091 -0.220208 -0.054906 0.912653 0.405031 0.216806 0.406862 -0.887388 159.649706 -78.643385 505.324396
-0.975218 0.040082 -0.217585 -0.051684 0.914970 0.400197 0.215125 0.401525 -0.890224 159.444617 -78.267797 504.479858
-0.975121 0.037994 -0.218391 -0.053850 0.915089 0.399641 0.215032 0.401459 -0.890276 159.220895 -77.847088 503.521531
-0.974964 0.036777 -0.219300 -0.056478 0.912931 0.404188 0.215070 0.406454 -0.887998 158.999781 -77.445764 502.601827
-0.974305 0.036080 -0.222323 -0.059861 0.910103 0.410035 0.217131 0.412808 -0.884559 158.762480 -77.027660 501.663676
-0.973612 0.034741 -0.225551 -0.063150 0.908736 0.412565 0.219299 0.415922 -0.882562 158.534618 -76.615247 500.741429
-0.973117 0.036127 -0.227460 -0.062056 0.909967 0.410012 0.221793 0.413105 -0.883262 158.301713 -76.219085 499.878356
-0.972958 0.033949 -0.228474 -0.063065 0.912515 0.404153 0.222207 0.407633 -0.885697 158.063140 -75.800313 498.948544
-0.972601 0.034441 -0.229913 -0.061870 0.914953 0.398789 0.224095 0.402088 -0.887754 157.816259 -75.380088 498.006721
-0.972533 0.035069 -0.230110 -0.060696 0.916178 0.396149 0.224714 0.399235 -0.888884 157.547468 -74.926694 496.963898
-0.972320 0.035634 -0.230918 -0.060621 0.915986 0.396605 0.225650 0.399626 -0.888471 157.282403 -74.489064 495.950332
-0.971792 0.036536 -0.232991 -0.060696 0.915903 0.396784 0.227894 0.399733 -0.887850 157.015895 -74.054668 494.955659
-0.971808 0.037091 -0.232839 -0.059774 0.916526 0.395483 0.228072 0.398251 -0.888470 156.785008 -73.668478 494.065033
-0.971933 0.040074 -0.231821 -0.055271 0.918909 0.390577 0.228675 0.392428 -0.890903 156.542077 -73.279463 493.167565
-0.972491 0.040356 -0.229420 -0.052993 0.920726 0.386594 0.226834 0.388116 -0.893259 156.314775 -72.903464 492.281625
-0.972566 0.041025 -0.228979 -0.051989 0.921097 0.385846 0.226741 0.387165 -0.893695 156.073399 -72.512970 491.349929
-0.972066 0.038932 -0.231457 -0.054863 0.921139 0.385349 0.228206 0.387283 -0.893271 155.821174 -72.098031 490.367104
-0.970773 0.038303 -0.236922 -0.058356 0.919883 0.387827 0.232795 0.390318 -0.890763 155.565338 -71.691129 489.397841
-0.968516 0.038198 -0.246003 -0.062543 0.919133 0.388952 0.240967 0.392092 -0.887806 155.306306 -71.296985 488.444065
-0.966921 0.036577 -0.252439 -0.066508 0.919280 0.387945 0.246252 0.391901 -0.886439 155.059775 -70.925062 487.560068
-0.966099 0.036203 -0.255619 -0.067657 0.920011 0.386007 0.249147 0.390216 -0.886373 154.803328 -70.545810 486.653164
-0.965680 0.035789 -0.257256 -0.067548 0.921775 0.381797 0.250796 0.386071 -0.887722 154.561651 -70.198452 485.814908
-0.965371 0.035519 -0.258453 -0.066805 0.923999 0.376515 0.252183 0.380743 -0.889628 154.308257 -69.828327 484.925406
-0.964241 0.034773 -0.262738 -0.068169 0.925461 0.372660 0.256112 0.377244 -0.889997 154.043255 -69.462372 484.025174
-0.963709 0.035366 -0.264600 -0.068244 0.925613 0.372269 0.258083 0.376817 -0.889608 153.764445 -69.078110 483.061163
-0.963212 0.035068 -0.266446 -0.069623 0.925039 0.373437 0.259569 0.378250 -0.888567 153.479969 -68.688430 482.082450
-0.962947 0.034207 -0.267513 -0.071466 0.924097 0.375416 0.260050 0.380624 -0.887412 153.204782 -68.301255 481.125909
-0.962258 0.034854 -0.269897 -0.072782 0.922677 0.378643 0.262225 0.383996 -0.885316 152.903205 -67.886230 480.093344
-0.962060 0.033878 -0.270725 -0.074616 0.921764 0.380504 0.262435 0.386268 -0.884265 152.591890 -67.461227 479.049821
-0.961690 0.033922 -0.272032 -0.074772 0.922232 0.379337 0.263745 0.385145 -0.884365 152.282841 -67.031180 478.019816
-0.960969 0.030977 -0.274915 -0.076775 0.924821 0.372576 0.265788 0.379140 -0.886346 151.987976 -66.635893 477.054563
-0.960385 0.025928 -0.277467 -0.080761 0.927040 0.366161 0.266717 0.374064 -0.888222 151.724127 -66.288051 476.192738
-0.960049 0.022668 -0.278912 -0.083057 0.928714 0.361374 0.267221 0.370102 -0.889729 151.446386 -65.929935 475.294343
-0.959592 0.019950 -0.280688 -0.086146 0.928765 0.360519 0.267886 0.370131 -0.889517 151.170086 -65.573855 474.388676
-0.959349 0.020470 -0.281478 -0.086546 0.927974 0.362457 0.268624 0.372083 -0.888479 150.913666 -65.262826 473.575207
-0.958734 0.020377 -0.283573 -0.088125 0.927003 0.364555 0.270302 0.374501 -0.886953 150.642259 -64.927160 472.714354
-0.958677 0.021778 -0.283660 -0.087055 0.926784 0.365368 0.270849 0.374964 -0.886591 150.330868 -64.542931 471.741755
-0.958593 0.022179 -0.283915 -0.086942 0.926573 0.365930 0.271184 0.375462 -0.886278 150.033492 -64.175266 470.808854
-0.958300 0.022443 -0.284880 -0.086786 0.926968 0.364963 0.272266 0.374468 -0.886366 149.732601 -63.799560 469.868462
-0.958051 0.022626 -0.285702 -0.086383 0.927722 0.363139 0.273269 0.372585 -0.886851 149.421073 -63.417644 468.899424
-0.957996 0.023096 -0.285850 -0.085972 0.927779 0.363091 0.273591 0.372415 -0.886823 149.143898 -63.083111 468.042052
-0.957916 0.022834 -0.286138 -0.086307 0.927795 0.362971 0.273766 0.372391 -0.886779 148.867770 -62.744365 467.188619
-0.957424 0.021915 -0.287853 -0.086907 0.928978 0.359788 0.275293 0.369486 -0.887521 148.583406 -62.392390 466.292748
-0.956996 0.021008 -0.289341 -0.087321 0.930260 0.356359 0.276649 0.366299 -0.888420 148.292320 -62.031124 465.371579
-0.955775 0.019128 -0.293477 -0.090311 0.930582 0.354770 0.279890 0.365584 -0.887699 147.999504 -61.680462 464.478992
-0.954360 0.016663 -0.298195 -0.094896 0.929783 0.355667 0.283183 0.367731 -0.885766 147.664042 -61.289040 463.459171
-0.954034 0.016443 -0.299247 -0.095658 0.929559 0.356048 0.284022 0.368307 -0.885258 147.312470 -60.884774 462.408784
-0.953395 0.016253 -0.301287 -0.097008 0.929019 0.357090 0.285705 0.369675 -0.884145 146.963780 -60.481601 461.359429
-0.953370 0.017085 -0.301320 -0.096503 0.928725 0.357990 0.285960 0.370375 -0.883770 146.622136 -60.086638 460.335650
-0.953187 0.016973 -0.301906 -0.096204 0.929522 0.355996 0.286671 0.368375 -0.884375 146.282215 -59.700900 459.337693
-0.953255 0.017349 -0.301670 -0.095071 0.930429 0.353927 0.286822 0.366062 -0.885286 145.969708 -59.337037 458.400794
-0.953699 0.018772 -0.300176 -0.092399 0.931498 0.351815 0.286218 0.363262 -0.886634 145.690884 -59.018636 457.580931
-0.954094 0.019647 -0.298862 -0.090931 0.931745 0.351542 0.285370 0.362580 -0.887186 145.378032 -58.664724 456.654541
-0.954770 0.021265 -0.296585 -0.089175 0.931050 0.353828 0.283660 0.364273 -0.887041 145.047219 -58.275866 455.639694
-0.954898 0.022396 -0.296087 -0.088594 0.930244 0.356085 0.283408 0.366257 -0.886305 144.753316 -57.932278 454.735793
-0.955076 0.023487 -0.295430 -0.086918 0.930820 0.354993 0.283330 0.364723 -0.886962 144.469961 -57.605805 453.878066
-0.954975 0.023526 -0.295753 -0.085894 0.932238 0.351503 0.283982 0.361079 -0.888243 144.204133 -57.305155 453.071456
-0.955056 0.022424 -0.295577 -0.086300 0.932906 0.349626 0.283586 0.359420 -0.889042 143.938460 -56.995357 452.257661
-0.955261 0.022154 -0.294932 -0.086362 0.932838 0.349792 0.282873 0.359613 -0.889191 143.638017 -56.647446 451.339558
-0.955008 0.022597 -0.295719 -0.086842 0.932086 0.351675 0.283583 0.361533 -0.888186 143.346282 -56.307409 450.446927
-0.955000 0.025238 -0.295529 -0.085100 0.931167 0.354522 0.284134 0.363718 -0.887117 143.019304 -55.934308 449.463668
-0.954835 0.026714 -0.295934 -0.084249 0.930739 0.355847 0.284943 0.364707 -0.886451 142.700217 -55.566172 448.500074
-0.954758 0.027558 -0.296103 -0.083212 0.931166 0.354974 0.285504 0.363553 -0.886745 142.415420 -55.233118 447.619011
-0.954498 0.027322 -0.296962 -0.082967 0.932150 0.352438 0.286443 0.361039 -0.887469 142.136809 -54.901398 446.748674
-0.954761 0.027143 -0.296133 -0.082198 0.932938 0.350527 0.285788 0.359011 -0.888502 141.847007 -54.561786 445.853335
-0.954884 0.026848 -0.295764 -0.081637 0.933808 0.348336 0.285539 0.356766 -0.889486 141.546904 -54.211700 444.923504
-0.955375 0.027712 -0.294093 -0.079920 0.934211 0.347654 0.284379 0.355644 -0.890307 141.279690 -53.897474 444.091925
-0.955824 0.027491 -0.292653 -0.079481 0.934356 0.347363 0.282991 0.355279 -0.890895 140.986857 -53.563801 443.194489
-0.955814 0.027333 -0.292700 -0.079546 0.934478 0.347020 0.283007 0.354969 -0.891013 140.716377 -53.252318 442.359158
-0.955886 0.025836 -0.292598 -0.080356 0.935126 0.345084 0.282532 0.353373 -0.891798 140.427634 -52.917254 441.455258
-0.955883 0.024195 -0.292750 -0.081980 0.935032 0.344956 0.282077 0.353737 -0.891797 140.149377 -52.599691 440.579802
-0.955465 0.023788 -0.294143 -0.082776 0.935127 0.344507 0.283256 0.353513 -0.891513 139.890180 -52.298935 439.761215
-0.954976 0.024067 -0.295706 -0.083177 0.935014 0.344717 0.284786 0.353793 -0.890914 139.619946 -51.998425 438.927513
-0.954784 0.023582 -0.296363 -0.084150 0.934646 0.345478 0.285142 0.354796 -0.890401 139.357573 -51.700254 438.110517
-0.954860 0.023119 -0.296156 -0.084649 0.934456 0.345870 0.284741 0.355327 -0.890318 139.106840 -51.415804 437.326582
-0.954722 0.023303 -0.296585 -0.084732 0.934338 0.346168 0.285177 0.355625 -0.890059 138.823966 -51.096677 436.464932
-0.954243 0.022743 -0.298166 -0.086361 0.933656 0.347603 0.286290 0.357448 -0.888971 138.547843 -50.786964 435.627254
-0.954125 0.021138 -0.298660 -0.088455 0.933079 0.348626 0.286043 0.359051 -0.888404 138.310080 -50.524772 434.909622
-0.953966 0.020905 -0.299184 -0.088501 0.933524 0.347419 0.286559 0.357904 -0.888701 138.107337 -50.301519 434.305516
-0.954018 0.021048 -0.299009 -0.087048 0.935088 0.343559 0.286831 0.353789 -0.890259 137.921450 -50.098990 433.757561
-0.954409 0.021521 -0.297726 -0.085089 0.936403 0.340453 0.286118 0.350265 -0.891880 137.694928 -49.854603 433.089716
-0.954678 0.022379 -0.296797 -0.083727 0.936710 0.339947 0.285621 0.349390 -0.892383 137.470497 -49.619031 432.428388
-0.954891 0.023359 -0.296036 -0.083058 0.936104 0.341776 0.285104 0.350947 -0.891937 137.253500 -49.388962 431.787964
-0.955421 0.022774 -0.294368 -0.083363 0.935646 0.342954 0.283235 0.352205 -0.892037 137.064026 -49.187430 431.213661
-0.956258 0.021034 -0.291766 -0.083528 0.936251 0.341259 0.280344 0.350703 -0.893541 136.869639 -48.982114 430.616024
-0.957251 0.019589 -0.288594 -0.082708 0.937514 0.337975 0.277182 0.347396 -0.895816 136.705751 -48.816095 430.119529
-0.958559 0.018873 -0.284268 -0.080797 0.938827 0.334777 0.273196 0.343872 -0.898396 136.566460 -48.663335 429.682164
-0.959937 0.018439 -0.279609 -0.079357 0.939093 0.334374 0.268745 0.343167 -0.900007 136.412533 -48.486720 429.176527
-0.962027 0.017173 -0.272414 -0.078049 0.939042 0.334827 0.261558 0.343375 -0.902043 136.277642 -48.321300 428.708721
-0.964683 0.017226 -0.262851 -0.074537 0.939227 0.335108 0.252649 0.342865 -0.904772 136.153668 -48.162670 428.259558
-0.968825 0.017053 -0.247160 -0.069058 0.939498 0.335520 0.237928 0.342129 -0.909032 136.038941 -48.012827 427.824574
-0.974265 0.016903 -0.224769 -0.061347 0.939657 0.336574 0.216895 0.341701 -0.914438 135.944015 -47.860549 427.391414
-0.980338 0.016668 -0.196618 -0.051903 0.939557 0.338435 0.190375 0.341986 -0.920219 135.882479 -47.728596 427.024098
-0.987098 0.016862 -0.159224 -0.038794 0.939623 0.340005 0.155344 0.341795 -0.926847 135.845632 -47.614229 426.687071
-0.993311 0.015494 -0.114428 -0.024847 0.939065 0.342840 0.112767 0.343390 -0.932398 135.842285 -47.495888 426.340308
-0.997775 0.016604 -0.064574 -0.006761 0.938302 0.345750 0.066331 0.345418 -0.936102 135.849717 -47.348778 425.918729
-0.999815 0.018268 -0.006071 0.015006 0.937123 0.348676 0.012059 0.348521 -0.937223 135.898782 -47.196125 425.486183
-0.998324 0.017325 0.055214 0.035636 0.935811 0.350695 -0.045594 0.352075 -0.934861 135.971254 -47.066097 425.128203
-0.992907 0.015018 0.117939 0.056113 0.933747 0.353509 -0.104816 0.357619 -0.927967 136.060016 -46.905727 424.701414
-0.982629 0.010762 0.185268 0.077060 0.931844 0.354583 -0.168825 0.362701 -0.916486 136.186311 -46.762821 424.324761
-0.967504 0.006182 0.252779 0.098454 0.930016 0.354086 -0.232899 0.367467 -0.900403 136.349798 -46.619346 423.958211
-0.947380 0.004238 0.320084 0.122322 0.928823 0.349749 -0.295819 0.370498 -0.880467 136.537458 -46.484039 423.603670
-0.921345 0.002912 0.388735 0.147407 0.927912 0.342420 -0.359715 0.372789 -0.855356 136.746038 -46.329149 423.215531
-0.890363 0.001705 0.455249 0.171309 0.927748 0.331567 -0.421791 0.373203 -0.826324 136.988086 -46.194345 422.882728
-0.853093 0.001163 0.521757 0.196204 0.927315 0.318734 -0.483462 0.374280 -0.791314 137.264939 -46.044745 422.507721
-0.813823 -0.001900 0.581110 0.217063 0.926619 0.307019 -0.539051 0.375996 -0.753692 137.569787 -45.910470 422.165300
-0.769000 -0.002038 0.639246 0.240409 0.925660 0.292158 -0.592320 0.378350 -0.711343 137.900984 -45.785207 421.862650
-0.715363 -0.000623 0.698753 0.264390 0.925411 0.271500 -0.646803 0.378964 -0.661840 138.261575 -45.668913 421.574938
-0.662921 0.004971 0.748672 0.285963 0.925843 0.247062 -0.691925 0.377876 -0.615183 138.692786 -45.544059 421.254296
-0.605657 0.010358 0.795658 0.305540 0.926292 0.220518 -0.734728 0.376664 -0.564181 139.108914 -45.453914 421.000026
-0.548550 0.013213 0.836013 0.319759 0.927183 0.195156 -0.772559 0.374375 -0.512831 139.551874 -45.368635 420.764959
-0.484387 0.014915 0.874727 0.332584 0.927926 0.168349 -0.809171 0.372466 -0.454435 139.943034 -45.304910 420.590506
-0.422879 0.013712 0.906082 0.343667 0.927617 0.146355 -0.838490 0.373281 -0.396982 140.354711 -45.253611 420.443719
-0.368377 0.012450 0.929593 0.351146 0.927705 0.126726 -0.860811 0.373106 -0.346117 140.877103 -45.207517 420.281538
-0.320841 0.010981 0.947069 0.357211 0.927493 0.110259 -0.877190 0.373679 -0.301500 141.430448 -45.164012 420.128980
-0.276663 0.010597 0.960909 0.360460 0.928072 0.093548 -0.890801 0.372250 -0.260583 141.925385 -45.135909 420.018647
-0.241954 0.012849 0.970203 0.362587 0.928669 0.078125 -0.899994 0.370686 -0.229354 142.464254 -45.112198 419.908997
-0.217880 0.013392 0.975884 0.362165 0.929623 0.068101 -0.906292 0.368269 -0.207397 143.093240 -45.081654 419.793792
-0.200601 0.009647 0.979625 0.361319 0.930186 0.064828 -0.910608 0.366962 -0.190082 143.842805 -45.053433 419.657976
-0.191680 0.004982 0.981445 0.358747 0.931145 0.065338 -0.913542 0.364614 -0.180269 144.576178 -45.016611 419.528115
-0.185315 0.003600 0.982673 0.358680 0.931248 0.064229 -0.914881 0.364368 -0.173865 145.254425 -44.981056 419.407416
-0.180787 0.009627 0.983475 0.360401 0.931046 0.057137 -0.915110 0.364775 -0.171790 145.912633 -44.950370 419.290736
-0.176566 0.019501 0.984096 0.362695 0.930740 0.046631 -0.915028 0.365160 -0.171410 146.660532 -44.913560 419.156909
-0.175066 0.027361 0.984177 0.364274 0.930478 0.038929 -0.914689 0.365325 -0.172861 147.483560 -44.881433 419.006786
-0.175664 0.029213 0.984017 0.365074 0.930221 0.037556 -0.914255 0.365836 -0.174072 148.300284 -44.855100 418.857987
-0.175993 0.028976 0.983965 0.365251 0.930136 0.037938 -0.914122 0.366071 -0.174281 149.085493 -44.838116 418.709687
-0.178267 0.027761 0.983591 0.363812 0.930627 0.039672 -0.914255 0.364915 -0.176000 149.917399 -44.819441 418.557584
-0.182726 0.025524 0.982832 0.361155 0.931516 0.042953 -0.914428 0.362804 -0.179430 150.752560 -44.792420 418.405624
-0.186984 0.024042 0.982069 0.357817 0.932693 0.045295 -0.914879 0.359870 -0.183001 151.616051 -44.765841 418.251840
-0.191389 0.023491 0.981233 0.355672 0.933427 0.047027 -0.914805 0.357998 -0.187003 152.529742 -44.729168 418.081441
-0.197848 0.024022 0.979938 0.353259 0.934272 0.048420 -0.914365 0.355752 -0.193330 153.413437 -44.699856 417.909657
-0.203965 0.022477 0.978720 0.351533 0.934742 0.051793 -0.913686 0.354616 -0.198556 154.315174 -44.662582 417.728660
-0.211997 0.017999 0.977105 0.348772 0.935384 0.058441 -0.912916 0.353176 -0.204576 155.198279 -44.626401 417.554054
-0.216754 0.015332 0.976106 0.347456 0.935614 0.062460 -0.912300 0.352692 -0.208125 156.094521 -44.583106 417.365512
-0.220708 0.014790 0.975228 0.346102 0.936003 0.064133 -0.911867 0.351682 -0.211702 157.047309 -44.534757 417.157746
-0.224758 0.016003 0.974283 0.346881 0.935678 0.064653 -0.910581 0.352492 -0.215852 157.835053 -44.494912 416.978886
-0.226359 0.015445 0.973921 0.347630 0.935309 0.065964 -0.909898 0.353496 -0.217085 158.642471 -44.455323 416.806616
-0.228276 0.012633 0.973515 0.348080 0.934886 0.069489 -0.909247 0.354724 -0.217809 159.539224 -44.405513 416.603970
-0.227381 0.009201 0.973762 0.348461 0.934512 0.072538 -0.909325 0.355812 -0.215696 160.486534 -44.352966 416.388700
-0.226770 0.007643 0.973918 0.351120 0.933367 0.074431 -0.908455 0.358841 -0.214343 161.517515 -44.293895 416.153737
-0.224977 0.006782 0.974341 0.351866 0.933061 0.074752 -0.908612 0.359655 -0.212303 162.516434 -44.236601 415.930041
-0.221518 0.007805 0.975125 0.352789 0.932876 0.072676 -0.909104 0.360113 -0.209402 163.518731 -44.182242 415.709445
-0.218936 0.010331 0.975684 0.353599 0.932814 0.069468 -0.909415 0.360210 -0.207880 164.483416 -44.122779 415.497568
-0.215823 0.013013 0.976346 0.353410 0.933160 0.065685 -0.910232 0.359226 -0.205996 165.369886 -44.077467 415.313270
-0.213731 0.014452 0.976786 0.352829 0.933538 0.063391 -0.910951 0.358187 -0.204625 166.245256 -44.031262 415.125873
-0.212883 0.014798 0.976966 0.353168 0.933449 0.062817 -0.911018 0.358406 -0.203941 167.205550 -43.980789 414.920375
-0.210843 0.014616 0.977411 0.352715 0.933666 0.062124 -0.911667 0.357846 -0.202013 168.290537 -43.930374 414.694519
-0.209808 0.015348 0.977622 0.351867 0.934070 0.060850 -0.912234 0.356759 -0.201376 169.326023 -43.875110 414.487054
-0.207748 0.015033 0.978067 0.351188 0.934365 0.060234 -0.912966 0.355999 -0.199392 170.379976 -43.826725 414.278783
-0.206266 0.015376 0.978375 0.351507 0.934297 0.059423 -0.913180 0.356163 -0.198118 171.380502 -43.790486 414.078149
-0.205054 0.017125 0.978601 0.351487 0.934438 0.057298 -0.913460 0.355715 -0.197630 172.459755 -43.743964 413.861456
-0.204117 0.018593 0.978770 0.350902 0.934770 0.055422 -0.913895 0.354765 -0.197327 173.513437 -43.704247 413.647517
-0.202960 0.017762 0.979026 0.349791 0.935179 0.055548 -0.914578 0.353729 -0.196017 174.538014 -43.662527 413.445654
-0.201965 0.013860 0.979295 0.347666 0.935794 0.058456 -0.915608 0.352274 -0.193817 175.563682 -43.623247 413.241166
-0.200831 0.010497 0.979570 0.347046 0.935854 0.061123 -0.916093 0.352231 -0.191592 176.551047 -43.577700 413.044399
-0.200632 0.010066 0.979615 0.346550 0.936023 0.061357 -0.916324 0.351796 -0.191285 177.445933 -43.541660 412.868225
-0.199548 0.011523 0.979820 0.347418 0.935805 0.059749 -0.916232 0.352330 -0.190741 178.416318 -43.501138 412.673766
-0.194905 0.013484 0.980729 0.348417 0.935643 0.056379 -0.916852 0.352691 -0.187060 179.405708 -43.456381 412.483190
-0.188412 0.013948 0.981991 0.348671 0.935711 0.053608 -0.918112 0.352492 -0.181163 180.349738 -43.413241 412.311141
-0.185743 0.012500 0.982519 0.348530 0.935742 0.053984 -0.918709 0.352464 -0.178165 181.385213 -43.371499 412.126162
-0.184498 0.010731 0.982774 0.348216 0.935790 0.055154 -0.919079 0.352394 -0.176388 182.360891 -43.335715 411.945452
-0.182778 0.011905 0.983082 0.348846 0.935650 0.053528 -0.919184 0.352728 -0.175169 183.349628 -43.289150 411.765748
-0.180925 0.013492 0.983404 0.348464 0.935919 0.051269 -0.919695 0.351957 -0.174033 184.338190 -43.254620 411.587738
-0.180485 0.012830 0.983494 0.347474 0.936272 0.051552 -0.920156 0.351043 -0.173441 185.403800 -43.210410 411.399905
-0.178951 0.011474 0.983791 0.346462 0.936616 0.052098 -0.920837 0.350169 -0.171584 186.483648 -43.172068 411.206909
-0.177631 0.010717 0.984039 0.345530 0.936956 0.052168 -0.921442 0.349282 -0.170136 187.602250 -43.134969 411.011451
-0.177209 0.010098 0.984121 0.345465 0.936957 0.052593 -0.921548 0.349300 -0.169526 188.806635 -43.089972 410.798086
-0.177469 0.010839 0.984067 0.344923 0.937196 0.051882 -0.921701 0.348634 -0.170062 189.925635 -43.051483 410.601699
-0.177258 0.012150 0.984089 0.344365 0.937479 0.050454 -0.921950 0.347829 -0.170360 190.956633 -43.012654 410.419400
-0.177268 0.015075 0.984047 0.344726 0.937489 0.047737 -0.921814 0.347689 -0.171383 191.932479 -42.979071 410.244285
-0.176903 0.017437 0.984074 0.345260 0.937406 0.045456 -0.921684 0.347802 -0.171850 192.925973 -42.944530 410.067193
-0.176336 0.016611 0.984190 0.344966 0.937488 0.045985 -0.921902 0.347621 -0.171043 193.918164 -42.910703 409.889782
-0.174934 0.014199 0.984478 0.343567 0.937925 0.047521 -0.922691 0.346548 -0.168953 194.880937 -42.877010 409.725410
-0.175387 0.010524 0.984443 0.342359 0.938186 0.050964 -0.923055 0.345972 -0.168148 195.818110 -42.843807 409.561203
-0.177354 0.007998 0.984115 0.341584 0.938302 0.053933 -0.922966 0.345724 -0.169143 196.741923 -42.809796 409.397474
-0.178733 0.007671 0.983868 0.342472 0.937923 0.054902 -0.922371 0.346760 -0.170265 197.543359 -42.779163 409.253241
-0.179347 0.009840 0.983737 0.343268 0.937730 0.053202 -0.921956 0.347227 -0.171557 198.365964 -42.744683 409.104102
-0.180096 0.011102 0.983586 0.343150 0.937826 0.052246 -0.921853 0.346927 -0.172708 199.133806 -42.711524 408.962241
-0.180897 0.011268 0.983437 0.343130 0.937827 0.052372 -0.921704 0.346921 -0.173516 199.906779 -42.675292 408.814945
-0.181675 0.011455 0.983292 0.344416 0.937336 0.052715 -0.921071 0.348239 -0.174235 200.661821 -42.642854 408.673832
-0.182028 0.012305 0.983216 0.345670 0.936899 0.052271 -0.920531 0.349384 -0.174795 201.402855 -42.613009 408.533977
-0.181585 0.012821 0.983292 0.346912 0.936463 0.051854 -0.920152 0.350531 -0.174495 202.161037 -42.578999 408.392916
-0.180476 0.012784 0.983496 0.348022 0.936060 0.051696 -0.919951 0.351608 -0.173385 202.807498 -42.552650 408.273438
-0.180103 0.013562 0.983554 0.349499 0.935542 0.051099 -0.919464 0.352954 -0.173234 203.486105 -42.525446 408.146661
-0.177128 0.015347 0.984068 0.352368 0.934586 0.048849 -0.918946 0.355406 -0.170950 204.173373 -42.495499 408.018964
-0.172869 0.015571 0.984822 0.355181 0.933586 0.047585 -0.918675 0.358016 -0.166919 204.925553 -42.464664 407.883719
-0.168477 0.015270 0.985587 0.355518 0.933522 0.046309 -0.919360 0.358196 -0.162706 205.595302 -42.433431 407.779679
-0.161902 0.014946 0.986694 0.354125 0.934164 0.043956 -0.921077 0.356530 -0.156536 206.255001 -42.411386 407.677583
-0.155959 0.017254 0.987613 0.352389 0.935028 0.039312 -0.922767 0.354155 -0.151906 206.924188 -42.393445 407.575554
-0.147711 0.021920 0.988788 0.350073 0.936191 0.031542 -0.925003 0.350807 -0.145959 207.587978 -42.379039 407.481822
-0.139243 0.026540 0.989902 0.349777 0.936523 0.024092 -0.926427 0.349600 -0.139688 208.198354 -42.368579 407.402554
-0.130435 0.028651 0.991043 0.348717 0.937039 0.018806 -0.928107 0.348046 -0.132214 208.840421 -42.368957 407.324773
-0.123067 0.030055 0.991943 0.347363 0.937616 0.014687 -0.929620 0.346372 -0.125830 209.565213 -42.367956 407.241622
-0.116289 0.030780 0.992738 0.345835 0.938226 0.011421 -0.931061 0.344652 -0.119750 210.318306 -42.370831 407.157797
-0.111182 0.032266 0.993276 0.345261 0.938471 0.008161 -0.931898 0.343847 -0.115482 211.174835 -42.377781 407.059817
-0.107703 0.035167 0.993561 0.345639 0.938358 0.004255 -0.932166 0.343872 -0.113219 212.079439 -42.387068 406.952999
-0.104903 0.037195 0.993787 0.346004 0.938232 0.001409 -0.932350 0.344001 -0.111293 212.963837 -42.399812 406.845956
-0.104343 0.039248 0.993767 0.347394 0.937719 -0.000559 -0.931896 0.345170 -0.111479 213.886107 -42.409164 406.734218
-0.104088 0.037304 0.993868 0.346346 0.938106 0.001062 -0.932314 0.344333 -0.110566 214.799798 -42.424424 406.629523
-0.102222 0.031324 0.994268 0.344179 0.938886 0.005806 -0.933323 0.342799 -0.106756 215.872659 -42.436796 406.505643
-0.102067 0.022503 0.994523 0.340957 0.939979 0.013723 -0.934522 0.340490 -0.103614 216.933688 -42.439869 406.386985
-0.100859 0.015979 0.994772 0.337401 0.941168 0.019091 -0.935942 0.337562 -0.100317 217.795179 -42.447001 406.289855
-0.102577 0.019846 0.994527 0.333963 0.942456 0.015638 -0.936988 0.333739 -0.103302 218.726428 -42.449420 406.196448
-0.103032 0.028278 0.994276 0.334532 0.942352 0.007865 -0.936735 0.333427 -0.106552 219.597054 -42.449316 406.102483
-0.104948 0.030113 0.994022 0.335203 0.942121 0.006850 -0.936282 0.333918 -0.108968 220.631381 -42.450667 405.976975
-0.105701 0.025684 0.994066 0.336565 0.941590 0.011459 -0.935709 0.335779 -0.108171 221.673721 -42.450296 405.848274
-0.105809 0.023461 0.994110 0.337327 0.941288 0.013689 -0.935422 0.336789 -0.107511 222.708363 -42.448077 405.712210
-0.106883 0.029205 0.993843 0.337863 0.941155 0.008679 -0.935107 0.336710 -0.110461 223.698397 -42.449628 405.592526
-0.107703 0.035856 0.993536 0.339706 0.940527 0.002883 -0.934345 0.337820 -0.113478 224.646059 -42.455928 405.470609
-0.107045 0.035985 0.993603 0.339854 0.940475 0.002553 -0.934366 0.337953 -0.112903 225.624017 -42.467427 405.349718
-0.107008 0.032097 0.993740 0.338434 0.940971 0.006051 -0.934886 0.336963 -0.111554 226.603002 -42.486225 405.231836
-0.110158 0.034782 0.993305 0.337396 0.941352 0.004454 -0.934895 0.335628 -0.115433 227.504546 -42.494356 405.117477
-0.113418 0.044280 0.992560 0.339858 0.940471 -0.003122 -0.933613 0.336976 -0.121715 228.288692 -42.496905 405.009390
-0.114143 0.050934 0.992158 0.343690 0.939043 -0.008667 -0.932120 0.340005 -0.124691 229.206533 -42.510815 404.885732
-0.114320 0.049394 0.992215 0.345939 0.938232 -0.006849 -0.931266 0.342463 -0.124346 230.203961 -42.531537 404.750989
-0.113500 0.043746 0.992574 0.346650 0.937993 -0.001702 -0.931102 0.343883 -0.121627 231.302698 -42.557300 404.607511
-0.114788 0.039551 0.992602 0.346059 0.938209 0.002636 -0.931164 0.343801 -0.121383 232.415387 -42.576255 404.455397
-0.114763 0.040853 0.992552 0.346047 0.938216 0.001395 -0.931172 0.343630 -0.121810 233.547301 -42.591341 404.307697
-0.114596 0.044201 0.992428 0.345902 0.938269 -0.001847 -0.931246 0.343071 -0.122811 234.672122 -42.612805 404.163941
-0.113584 0.045937 0.992466 0.345769 0.938312 -0.003858 -0.931419 0.342726 -0.122460 235.884593 -42.644420 404.006804
-0.112414 0.047606 0.992520 0.344360 0.938818 -0.006027 -0.932083 0.341107 -0.121930 236.954357 -42.671819 403.868338
-0.110454 0.046317 0.992801 0.344322 0.938836 -0.005492 -0.932332 0.341237 -0.119646 238.064964 -42.698682 403.725094
-0.107831 0.044684 0.993165 0.343274 0.939222 -0.004987 -0.933025 0.340389 -0.116616 239.116323 -42.720749 403.599253
-0.102447 0.048294 0.993565 0.343242 0.939191 -0.010259 -0.933643 0.339982 -0.112794 240.088506 -42.743045 403.486145
-0.094570 0.054790 0.994009 0.344321 0.938660 -0.018981 -0.934077 0.340464 -0.107634 241.070386 -42.770037 403.375281
-0.085106 0.060509 0.994533 0.345345 0.938072 -0.027521 -0.934609 0.341115 -0.100732 242.173358 -42.810361 403.255466
-0.076678 0.061018 0.995187 0.346930 0.937387 -0.030744 -0.934751 0.342902 -0.093046 243.240520 -42.858508 403.141744
-0.068928 0.057345 0.995972 0.346495 0.937572 -0.030002 -0.935516 0.343031 -0.084495 244.331824 -42.913253 403.039123
-0.061542 0.055644 0.996552 0.346254 0.937629 -0.030971 -0.936120 0.343154 -0.076970 245.369101 -42.960064 402.954948
-0.059588 0.057412 0.996571 0.344150 0.938318 -0.033479 -0.937022 0.340974 -0.075670 246.304243 -43.003141 402.880001
-0.057355 0.061836 0.996437 0.344553 0.937982 -0.038376 -0.937013 0.341124 -0.075104 247.199118 -43.049653 402.807334
-0.051668 0.065764 0.996497 0.346684 0.936956 -0.043859 -0.936558 0.343203 -0.071210 248.083438 -43.095145 402.741188
-0.049024 0.066123 0.996606 0.347896 0.936452 -0.045019 -0.936251 0.344508 -0.068912 249.046341 -43.145165 402.663586
-0.048078 0.064736 0.996744 0.348134 0.936410 -0.044025 -0.936211 0.344884 -0.067558 250.174303 -43.211619 402.583914
-0.044083 0.062551 0.997068 0.347948 0.936510 -0.043369 -0.936477 0.345015 -0.063048 251.327912 -43.274160 402.512250
-0.041436 0.060797 0.997290 0.350087 0.935752 -0.042500 -0.935800 0.347377 -0.060058 252.379222 -43.330300 402.454546
-0.042018 0.065512 0.996967 0.351101 0.935175 -0.046654 -0.935394 0.348076 -0.062296 253.423262 -43.386043 402.392800
-0.043369 0.070947 0.996537 0.351915 0.934629 -0.051224 -0.935027 0.348475 -0.065501 254.457851 -43.441518 402.317000
-0.042193 0.072005 0.996511 0.353411 0.933992 -0.052524 -0.934516 0.349962 -0.064856 255.567496 -43.511833 402.236846
-0.038639 0.069654 0.996823 0.354028 0.933814 -0.051528 -0.934436 0.350913 -0.060741 256.724816 -43.586644 402.164597
-0.034165 0.065887 0.997242 0.355531 0.933353 -0.049486 -0.934040 0.352860 -0.055312 257.763371 -43.662847 402.104019
-0.030074 0.063526 0.997527 0.355738 0.933315 -0.048711 -0.934102 0.353393 -0.050667 258.852890 -43.735128 402.048959
-0.023986 0.062233 0.997773 0.354708 0.933655 -0.049707 -0.934669 0.352726 -0.044469 259.903077 -43.811732 402.000971
-0.020489 0.062719 0.997821 0.354153 0.933773 -0.051421 -0.934963 0.352327 -0.041344 260.947684 -43.885717 401.960681
-0.016837 0.065017 0.997742 0.353898 0.933673 -0.054870 -0.935133 0.352175 -0.038729 262.084218 -43.970085 401.916760
-0.010959 0.068130 0.997616 0.354404 0.933176 -0.059836 -0.935028 0.352903 -0.034373 263.073182 -44.039916 401.878678
-0.007061 0.070923 0.997457 0.353626 0.933205 -0.063851 -0.935360 0.352276 -0.031670 264.126059 -44.122131 401.837569
-0.000757 0.071447 0.997444 0.352282 0.933521 -0.066600 -0.935894 0.351331 -0.025876 265.218107 -44.213866 401.808311
0.007492 0.067430 0.997696 0.350556 0.934229 -0.065773 -0.936512 0.350241 -0.016639 266.312866 -44.308460 401.784225
0.015739 0.062198 0.997940 0.350555 0.934369 -0.063764 -0.936410 0.350837 -0.007097 267.450097 -44.404931 401.762927
0.020998 0.057894 0.998102 0.349226 0.935013 -0.061581 -0.936803 0.349856 -0.000585 268.515107 -44.492469 401.750896
0.025935 0.058749 0.997936 0.348233 0.935213 -0.064107 -0.937049 0.349177 0.003796 269.502877 -44.573529 401.749961
0.032333 0.060722 0.997631 0.348188 0.934941 -0.068191 -0.936867 0.349568 0.009087 270.477671 -44.657922 401.748570
0.035783 0.061133 0.997488 0.347239 0.935178 -0.069771 -0.937094 0.348863 0.012236 271.456486 -44.747769 401.756292
0.039048 0.060139 0.997426 0.346758 0.935341 -0.069970 -0.937142 0.348597 0.015669 272.476525 -44.842356 401.766763
0.040170 0.061789 0.997281 0.347295 0.934994 -0.071919 -0.936895 0.349240 0.016099 273.533741 -44.931992 401.776341
0.039965 0.067986 0.996885 0.346736 0.934743 -0.077649 -0.937111 0.348759 0.013784 274.547111 -45.022200 401.785985
0.042290 0.071609 0.996536 0.347067 0.934261 -0.081862 -0.936887 0.349326 0.014657 275.666583 -45.128896 401.793371
0.047661 0.070923 0.996342 0.347293 0.934067 -0.083103 -0.936545 0.349983 0.019888 276.810370 -45.240603 401.803324
0.050359 0.069544 0.996307 0.346551 0.934375 -0.082738 -0.936678 0.349438 0.022953 277.833721 -45.344286 401.824068
0.049421 0.072816 0.996120 0.346364 0.934198 -0.085474 -0.936797 0.349245 0.020948 278.888059 -45.448032 401.844485
0.047703 0.078791 0.995749 0.344126 0.934558 -0.090435 -0.937711 0.346977 0.017467 279.966803 -45.555498 401.864781
0.045753 0.081026 0.995661 0.341404 0.935422 -0.091812 -0.938802 0.344124 0.015136 281.003126 -45.667277 401.879517
0.045692 0.080701 0.995691 0.338182 0.936628 -0.091433 -0.939971 0.340903 0.015504 282.072510 -45.788016 401.897468
0.045219 0.079095 0.995841 0.336774 0.937300 -0.089737 -0.940499 0.339431 0.015747 283.150294 -45.906731 401.910815
0.046176 0.080091 0.995717 0.337060 0.937075 -0.091005 -0.940350 0.339819 0.016275 284.258297 -46.021464 401.924182
0.048354 0.081629 0.995489 0.338538 0.936324 -0.093221 -0.939709 0.341519 0.017641 285.303029 -46.133035 401.932446
0.049471 0.084115 0.995227 0.339749 0.935608 -0.095964 -0.939214 0.342875 0.017707 286.287692 -46.236627 401.933136
0.051699 0.085920 0.994960 0.340886 0.934935 -0.098450 -0.938682 0.344258 0.019046 287.335517 -46.355523 401.938009
0.051247 0.086436 0.994939 0.343127 0.934076 -0.098822 -0.937890 0.346454 0.018210 288.424513 -46.475831 401.942731
0.049930 0.083746 0.995236 0.345838 0.933382 -0.095891 -0.936965 0.348978 0.017641 289.492322 -46.588051 401.938625
0.049144 0.081305 0.995477 0.348253 0.932739 -0.093373 -0.936112 0.351266 0.017524 290.575908 -46.699993 401.936319
0.048575 0.079484 0.995652 0.348999 0.932647 -0.091481 -0.935863 0.351926 0.017564 291.665406 -46.820145 401.938627
0.051380 0.080204 0.995453 0.348112 0.932816 -0.093125 -0.936044 0.351314 0.020008 292.663461 -46.931205 401.953120
0.051148 0.080979 0.995403 0.347591 0.932947 -0.093759 -0.936250 0.350788 0.019571 293.615166 -47.035062 401.973696
0.049409 0.081344 0.995461 0.346667 0.933319 -0.093473 -0.936686 0.349712 0.017915 294.567637 -47.146620 401.985914
0.048945 0.082848 0.995360 0.344583 0.933969 -0.094683 -0.937479 0.347618 0.017165 295.532663 -47.263370 401.999566
0.050042 0.087206 0.994933 0.342876 0.934137 -0.099123 -0.938047 0.346098 0.016845 296.437494 -47.367297 402.014666
0.049955 0.090112 0.994678 0.340774 0.934619 -0.101786 -0.938817 0.344045 0.015981 297.447124 -47.492115 402.029881
0.050152 0.091211 0.994568 0.340267 0.934684 -0.102878 -0.938990 0.343578 0.015840 298.396004 -47.606974 402.039589
0.051188 0.090702 0.994562 0.340825 0.934493 -0.102766 -0.938732 0.344232 0.016921 299.444163 -47.733177 402.051050
0.052567 0.088932 0.994650 0.341572 0.934349 -0.101593 -0.938384 0.345085 0.018739 300.460460 -47.853876 402.059221
0.054443 0.086789 0.994738 0.343397 0.933822 -0.100269 -0.937611 0.347049 0.021037 301.509003 -47.977105 402.069779
0.056670 0.085734 0.994705 0.345095 0.933215 -0.100095 -0.936855 0.348940 0.023299 302.518264 -48.096730 402.081501
0.060045 0.084972 0.994572 0.345964 0.932840 -0.100585 -0.936324 0.350126 0.026615 303.451531 -48.208173 402.094807
0.063780 0.085589 0.994287 0.347193 0.932174 -0.102513 -0.935622 0.351747 0.029739 304.478771 -48.332977 402.114502
0.066292 0.084943 0.994178 0.346246 0.932499 -0.102761 -0.935799 0.351042 0.032406 305.540343 -48.465685 402.146100
0.068058 0.084145 0.994127 0.346558 0.932396 -0.102645 -0.935556 0.351508 0.034296 306.739471 -48.612817 402.190033
0.067338 0.083829 0.994202 0.345691 0.932781 -0.102064 -0.935929 0.350560 0.033833 307.870126 -48.750660 402.223385
0.066299 0.085291 0.994148 0.345917 0.932586 -0.103078 -0.935920 0.350727 0.032326 308.977389 -48.885274 402.251685
0.066885 0.086357 0.994017 0.347074 0.932017 -0.104325 -0.935450 0.351975 0.032365 310.108632 -49.019770 402.269638
0.064671 0.086320 0.994166 0.347085 0.932104 -0.103509 -0.935601 0.351754 0.030320 311.213698 -49.158619 402.290954
0.059897 0.088357 0.994286 0.348328 0.931611 -0.103771 -0.935457 0.352553 0.025023 312.260751 -49.282041 402.306214
0.053982 0.091016 0.994385 0.349976 0.930944 -0.104209 -0.935202 0.353636 0.018400 313.279149 -49.403265 402.321567
0.048790 0.090392 0.994710 0.350963 0.930839 -0.101803 -0.935117 0.354074 0.013692 314.328626 -49.531739 402.332868
0.039654 0.089118 0.995231 0.352268 0.930819 -0.097386 -0.935059 0.354450 0.005518 315.457754 -49.666446 402.326541
0.035202 0.088640 0.995442 0.352275 0.931026 -0.095361 -0.935234 0.354026 0.001549 316.729608 -49.803698 402.319583
0.034002 0.088984 0.995453 0.352289 0.931031 -0.095259 -0.935273 0.353926 0.000309 317.843020 -49.926556 402.309360
0.029396 0.090238 0.995486 0.351217 0.931482 -0.094807 -0.935832 0.352419 -0.004311 318.941426 -50.049372 402.297730
0.022430 0.092268 0.995482 0.350264 0.931895 -0.094267 -0.936382 0.350796 -0.011416 320.079440 -50.182521 402.274037
0.016282 0.095054 0.995339 0.351438 0.931410 -0.094697 -0.936070 0.351342 -0.018240 321.139718 -50.297999 402.239912
0.014071 0.096108 0.995271 0.351032 0.931540 -0.094916 -0.936258 0.350707 -0.020629 322.128033 -50.411638 402.208077
0.012545 0.096557 0.995248 0.351755 0.931281 -0.094785 -0.936008 0.351273 -0.022281 323.031966 -50.506480 402.174304
0.011254 0.097552 0.995167 0.352766 0.930852 -0.095236 -0.935644 0.352133 -0.023937 323.879876 -50.595832 402.146811
0.011613 0.098166 0.995102 0.354103 0.930276 -0.095904 -0.935134 0.353482 -0.023958 324.757785 -50.690001 402.114123
0.010829 0.097394 0.995187 0.353912 0.930451 -0.094909 -0.935216 0.353237 -0.024393 325.659705 -50.792668 402.081967
0.010109 0.094053 0.995516 0.353497 0.930946 -0.091543 -0.935381 0.352837 -0.023836 326.577066 -50.889817 402.052607
0.009392 0.092547 0.995664 0.354416 0.930761 -0.089858 -0.935041 0.353723 -0.024058 327.483139 -50.994985 402.021847
0.008360 0.096552 0.995293 0.353402 0.930811 -0.093265 -0.935434 0.352518 -0.026340 328.298649 -51.086658 401.996734
0.007295 0.103141 0.994640 0.353537 0.930162 -0.099047 -0.935392 0.352364 -0.029678 329.138704 -51.179780 401.969460
0.005701 0.102422 0.994725 0.352436 0.930706 -0.097850 -0.935818 0.351135 -0.030791 330.066312 -51.285007 401.936354
0.004638 0.096220 0.995349 0.349362 0.932483 -0.091771 -0.936976 0.348163 -0.029291 331.018320 -51.398146 401.907077
0.001603 0.091501 0.995804 0.347809 0.933581 -0.086344 -0.937564 0.346488 -0.030329 331.967855 -51.506659 401.872073
-0.003271 0.093685 0.995597 0.348740 0.933204 -0.086668 -0.937214 0.346921 -0.035724 332.814309 -51.599855 401.830247
-0.008778 0.096375 0.995306 0.349304 0.932938 -0.087255 -0.936968 0.346899 -0.041853 333.716967 -51.696184 401.786806
-0.014876 0.096130 0.995258 0.350347 0.932768 -0.084858 -0.936502 0.347424 -0.047554 334.536815 -51.783093 401.738832
-0.024768 0.100437 0.994635 0.352428 0.931940 -0.085330 -0.935511 0.348424 -0.058479 335.282849 -51.863395 401.684609
-0.036487 0.111448 0.993100 0.355369 0.930253 -0.091339 -0.934014 0.349585 -0.073547 336.005179 -51.938334 401.619801
-0.051783 0.119505 0.991482 0.359571 0.928459 -0.093129 -0.931680 0.351686 -0.091049 336.708395 -52.006169 401.543483
-0.066022 0.121220 0.990428 0.363080 0.927468 -0.089311 -0.929416 0.353708 -0.105246 337.415006 -52.081691 401.452103
-0.077329 0.117468 0.990061 0.366768 0.926752 -0.081310 -0.927093 0.356835 -0.114748 338.243833 -52.164409 401.342298
-0.087178 0.112968 0.989767 0.369353 0.926401 -0.073203 -0.925191 0.359192 -0.122486 339.073661 -52.240050 401.227820
-0.095642 0.111398 0.989163 0.372215 0.925634 -0.068253 -0.923206 0.361653 -0.129994 339.821845 -52.301880 401.117313
-0.104198 0.112282 0.988198 0.375257 0.924605 -0.065489 -0.921046 0.364004 -0.138476 340.528743 -52.358905 401.006552
-0.107434 0.114605 0.987585 0.378320 0.923320 -0.065992 -0.919419 0.366533 -0.142553 341.208164 -52.414634 400.894581
-0.107752 0.117743 0.987181 0.380463 0.922258 -0.068472 -0.918497 0.368208 -0.144172 341.798547 -52.470415 400.796830
-0.108455 0.120020 0.986830 0.381739 0.921606 -0.070133 -0.917885 0.369105 -0.145770 342.474502 -52.534095 400.691022
-0.107371 0.120570 0.986881 0.382357 0.921286 -0.070957 -0.917755 0.369722 -0.145021 343.231484 -52.604849 400.569283
-0.103450 0.120975 0.987250 0.382794 0.920966 -0.072742 -0.918024 0.370388 -0.141582 343.932351 -52.673217 400.459150
-0.097335 0.120960 0.987874 0.382800 0.920780 -0.075027 -0.918689 0.370855 -0.135928 344.579358 -52.740528 400.363243
-0.090148 0.121420 0.988499 0.381925 0.920872 -0.078283 -0.919786 0.370475 -0.129388 345.176412 -52.801728 400.279177
-0.082616 0.122361 0.989041 0.381636 0.920666 -0.082023 -0.920613 0.370678 -0.122759 345.727386 -52.860755 400.204264
-0.073066 0.123930 0.989597 0.379568 0.921034 -0.087319 -0.922274 0.369239 -0.114336 346.284431 -52.926294 400.140168
-0.059884 0.125608 0.990271 0.378119 0.920977 -0.093953 -0.923818 0.368814 -0.102646 346.981558 -53.003117 400.066110
-0.041330 0.126737 0.991075 0.376959 0.920596 -0.102005 -0.925307 0.369379 -0.085823 347.665025 -53.081477 400.011711
-0.018422 0.127364 0.991685 0.374280 0.920614 -0.111284 -0.927133 0.369117 -0.064629 348.183115 -53.151361 399.982248
0.004248 0.127029 0.991890 0.371388 0.920754 -0.119509 -0.928468 0.368883 -0.043266 348.745208 -53.233417 399.964951
0.027249 0.126516 0.991590 0.368217 0.920940 -0.127620 -0.929341 0.368598 -0.021491 349.351158 -53.330827 399.959544
0.052012 0.124562 0.990848 0.364976 0.921183 -0.134963 -0.929563 0.368656 0.002450 349.901368 -53.425783 399.966322
0.073881 0.123603 0.989578 0.362517 0.921078 -0.142112 -0.929044 0.369238 0.023242 350.392557 -53.513341 399.990320
0.094630 0.123175 0.987863 0.358444 0.921545 -0.149242 -0.928743 0.368216 0.043055 350.862448 -53.597684 400.025829
0.114929 0.123289 0.985693 0.353588 0.922204 -0.156575 -0.928314 0.366524 0.062394 351.299863 -53.676901 400.069266
0.133990 0.124104 0.983181 0.348339 0.922916 -0.163969 -0.927743 0.364450 0.080431 351.728803 -53.764668 400.115746
0.152409 0.124978 0.980384 0.343526 0.923422 -0.171121 -0.926694 0.362867 0.097805 352.126886 -53.847534 400.169783
0.166617 0.126487 0.977875 0.339121 0.923887 -0.177285 -0.925870 0.361157 0.111041 352.522156 -53.932241 400.222336
0.176461 0.127007 0.976079 0.336442 0.924132 -0.181071 -0.925023 0.360346 0.120343 352.963471 -54.024561 400.278059
0.182793 0.127188 0.974890 0.334112 0.924545 -0.183266 -0.924638 0.359222 0.126506 353.477096 -54.128153 400.343126
0.186304 0.127061 0.974241 0.333074 0.924715 -0.184295 -0.924312 0.358829 0.129957 353.986724 -54.231629 400.407434
0.187450 0.127505 0.973963 0.331146 0.925293 -0.184866 -0.924773 0.357177 0.131224 354.456816 -54.333022 400.470219
0.187128 0.127132 0.974074 0.330392 0.925678 -0.184286 -0.925108 0.356312 0.131217 354.971162 -54.441705 400.534002
0.186143 0.127418 0.974226 0.329708 0.925959 -0.184102 -0.925550 0.355479 0.130350 355.487956 -54.544665 400.600737
0.184629 0.127351 0.974522 0.330134 0.925917 -0.183545 -0.925701 0.355611 0.128909 355.968888 -54.642453 400.657129
0.180686 0.128544 0.975105 0.330340 0.925898 -0.183269 -0.926406 0.355231 0.124833 356.498913 -54.748920 400.721113
0.175128 0.129534 0.975987 0.330662 0.925989 -0.182231 -0.927358 0.354635 0.119335 357.031244 -54.856867 400.783293
0.168194 0.129762 0.977176 0.331583 0.926086 -0.180050 -0.928312 0.354298 0.112735 357.546012 -54.957776 400.836199
0.160631 0.128993 0.978549 0.332938 0.926236 -0.176749 -0.929166 0.354187 0.105835 358.144833 -55.069974 400.894149
0.152462 0.127906 0.979998 0.333664 0.926708 -0.172860 -0.930282 0.353345 0.098610 358.781736 -55.189004 400.948445
0.145602 0.126712 0.981195 0.332328 0.927873 -0.169141 -0.931857 0.350706 0.092990 359.412537 -55.310221 401.003664
0.138012 0.125320 0.982470 0.331267 0.928992 -0.165034 -0.933389 0.348236 0.086698 360.060370 -55.434913 401.054495
0.130073 0.124001 0.983720 0.331833 0.929490 -0.161042 -0.934327 0.347378 0.079753 360.577007 -55.533700 401.086820
0.120819 0.124502 0.984836 0.333213 0.929454 -0.158379 -0.935079 0.347295 0.070810 360.998232 -55.613168 401.105661
0.111859 0.125650 0.985748 0.334555 0.929304 -0.156419 -0.935714 0.347283 0.061914 361.462242 -55.696259 401.124114
0.103590 0.127164 0.986458 0.335452 0.929217 -0.155011 -0.936344 0.346967 0.053600 361.873257 -55.766109 401.136879
0.096077 0.129047 0.986973 0.335526 0.929330 -0.154172 -0.937119 0.345967 0.045989 362.244060 -55.833274 401.152344
0.089500 0.130962 0.987339 0.335432 0.929444 -0.153689 -0.937803 0.344940 0.039257 362.612448 -55.896912 401.161593
0.084830 0.133822 0.987368 0.336336 0.928933 -0.154798 -0.937914 0.345219 0.033792 362.980205 -55.958181 401.168252
0.080747 0.136073 0.987403 0.338036 0.928189 -0.155556 -0.937663 0.346338 0.028951 363.369205 -56.022851 401.171482
0.079201 0.136240 0.987505 0.340484 0.927345 -0.155248 -0.936909 0.348525 0.027059 363.857642 -56.105263 401.176253
0.081549 0.135204 0.987456 0.342595 0.926581 -0.155162 -0.935937 0.350951 0.029242 364.363145 -56.190674 401.186436
0.087500 0.134332 0.987066 0.344533 0.925635 -0.156513 -0.934688 0.353771 0.034711 364.849580 -56.275979 401.197147
0.095983 0.134791 0.986214 0.344026 0.925238 -0.159939 -0.934041 0.354635 0.042436 365.238593 -56.348850 401.208824
0.109950 0.135172 0.984703 0.341522 0.925251 -0.165144 -0.933421 0.354455 0.055567 365.696200 -56.436039 401.237688
0.128983 0.135975 0.982280 0.337478 0.925409 -0.172416 -0.932455 0.353737 0.073474 366.084884 -56.513218 401.275708
0.151624 0.137752 0.978792 0.332839 0.925296 -0.181783 -0.930714 0.353343 0.094447 366.433287 -56.592813 401.324211
0.173355 0.139428 0.974940 0.327775 0.925327 -0.190615 -0.928715 0.352605 0.114709 366.885140 -56.696932 401.385666
0.198486 0.142486 0.969691 0.323331 0.924470 -0.202023 -0.925235 0.353630 0.137424 367.283170 -56.783359 401.454324
0.231483 0.143591 0.962184 0.316451 0.924144 -0.214046 -0.919932 0.354032 0.168484 367.727774 -56.893336 401.549570
0.267754 0.144393 0.952606 0.307002 0.924386 -0.226406 -0.913267 0.353074 0.203179 368.060859 -56.988350 401.649681
0.304443 0.144634 0.941486 0.297489 0.924526 -0.238226 -0.904884 0.352608 0.238438 368.384273 -57.084122 401.759257
0.342198 0.144729 0.928415 0.287286 0.924636 -0.250029 -0.894632 0.352280 0.274830 368.746752 -57.199946 401.892321
0.384306 0.146559 0.911498 0.273575 0.924895 -0.264058 -0.881740 0.350842 0.315348 369.089930 -57.322444 402.055760
0.427722 0.146274 0.891997 0.260382 0.925052 -0.276550 -0.865595 0.350547 0.357578 369.467462 -57.455632 402.240666
0.473729 0.145829 0.868513 0.245357 0.925293 -0.289192 -0.845802 0.350094 0.402558 369.805106 -57.589361 402.444907
0.513805 0.145737 0.845438 0.231836 0.925214 -0.300384 -0.825988 0.350342 0.441592 370.164035 -57.736595 402.677530
0.555975 0.146387 0.818207 0.216331 0.924962 -0.312484 -0.802554 0.350737 0.482587 370.517822 -57.888458 402.928250
0.599223 0.148275 0.786731 0.199833 0.923891 -0.326331 -0.775241 0.352760 0.523987 370.823043 -58.037853 403.174064
0.642010 0.149938 0.751892 0.180892 0.923382 -0.338591 -0.745051 0.353390 0.565698 371.118553 -58.190137 403.442624
0.681442 0.149903 0.716356 0.163265 0.922998 -0.348452 -0.713429 0.354405 0.604496 371.466184 -58.379843 403.774942
0.716753 0.148956 0.681232 0.145290 0.923580 -0.354812 -0.682024 0.353288 0.640337 371.890185 -58.609979 404.198063
0.749818 0.148531 0.644757 0.126828 0.924141 -0.360386 -0.649375 0.351997 0.674100 372.280346 -58.846092 404.639621
0.786605 0.149147 0.599173 0.104269 0.924366 -0.366981 -0.608589 0.351144 0.711560 372.609353 -59.066356 405.064053
0.819471 0.147089 0.553924 0.084710 0.924804 -0.370893 -0.566825 0.350859 0.745390 372.920104 -59.296287 405.521670
0.850900 0.144692 0.505008 0.064891 0.925009 -0.374364 -0.521304 0.351317 0.777701 373.159214 -59.493409 405.938614
0.876889 0.145015 0.458298 0.043285 0.925716 -0.375735 -0.478741 0.349315 0.805473 373.395000 -59.728225 406.444279
0.899767 0.145597 0.411365 0.021853 0.926479 -0.375711 -0.435823 0.347042 0.830433 373.626695 -59.960649 406.971507
0.920727 0.147665 0.361188 -0.001085 0.926597 -0.376055 -0.390206 0.345852 0.853303 373.819044 -60.172553 407.483986
0.937937 0.149276 0.313035 -0.022242 0.926657 -0.375251 -0.346092 0.344999 0.872466 373.963443 -60.396910 408.009480
0.949545 0.151467 0.274629 -0.039789 0.926752 -0.373560 -0.311095 0.343785 0.886020 374.103627 -60.636267 408.586595
0.959071 0.152694 0.238469 -0.055264 0.926892 -0.371237 -0.277720 0.342864 0.897394 374.227420 -60.871206 409.145708
0.966581 0.154410 0.204641 -0.070084 0.927008 -0.368435 -0.246594 0.341781 0.906850 374.346154 -61.128979 409.766232
0.971554 0.156180 0.178021 -0.082099 0.927221 -0.365405 -0.222134 0.340395 0.913667 374.472708 -61.443808 410.522012
0.975449 0.157238 0.154192 -0.091804 0.926749 -0.364292 -0.200178 0.341193 0.918432 374.587522 -61.773736 411.318505
0.978907 0.157355 0.130309 -0.100365 0.925922 -0.364136 -0.177955 0.343377 0.922185 374.668202 -62.074481 412.059120
0.981952 0.156069 0.106825 -0.107143 0.924505 -0.365802 -0.155851 0.347755 0.924542 374.742591 -62.388545 412.822394
0.984541 0.153240 0.084833 -0.112305 0.923958 -0.365635 -0.134412 0.350456 0.926884 374.792817 -62.642613 413.450697
0.986041 0.152966 0.065760 -0.119086 0.923933 -0.363547 -0.116368 0.350641 0.929252 374.836169 -62.931286 414.182951
0.986805 0.152993 0.053011 -0.123958 0.924461 -0.360564 -0.104170 0.349235 0.931227 374.879265 -63.227591 414.923627
0.987602 0.151645 0.040564 -0.127442 0.925430 -0.356844 -0.091653 0.347250 0.933283 374.913246 -63.522620 415.673162
0.988243 0.150108 0.029048 -0.130076 0.925297 -0.356238 -0.080353 0.348271 0.933944 374.937012 -63.806515 416.395409
0.988634 0.148930 0.020537 -0.131945 0.925013 -0.356289 -0.072059 0.349530 0.934150 374.949437 -64.057693 417.036685
0.988664 0.149334 0.015583 -0.133966 0.924230 -0.357564 -0.067799 0.351423 0.933758 374.960332 -64.374648 417.834130
0.988462 0.150759 0.014674 -0.135554 0.923655 -0.358449 -0.067593 0.352324 0.933434 374.968983 -64.708872 418.680939
0.988501 0.150460 0.015109 -0.135116 0.923695 -0.358512 -0.067898 0.352348 0.933403 374.979578 -65.058800 419.554766
0.988720 0.148820 0.016895 -0.132929 0.923881 -0.358850 -0.069013 0.352556 0.933242 374.999187 -65.413804 420.426341
0.988923 0.147190 0.019136 -0.130579 0.924034 -0.359319 -0.070570 0.352840 0.933019 375.018491 -65.776721 421.332669
0.989034 0.146351 0.019839 -0.129532 0.924108 -0.359508 -0.070948 0.352995 0.932931 375.036136 -66.161690 422.286245
0.988985 0.146587 0.020507 -0.129512 0.924091 -0.359559 -0.071657 0.352943 0.932897 375.050523 -66.571558 423.315368
0.989136 0.145576 0.020450 -0.128641 0.924484 -0.358861 -0.071148 0.352331 0.933167 375.071421 -66.984124 424.346190
0.989161 0.145379 0.020630 -0.128448 0.924789 -0.358143 -0.071145 0.351611 0.933439 375.096387 -67.400560 425.376933
0.989386 0.143851 0.020531 -0.127021 0.924814 -0.358588 -0.070571 0.352174 0.933270 375.118929 -67.802183 426.368237
0.989392 0.144058 0.018711 -0.127854 0.924689 -0.358614 -0.068963 0.352418 0.933298 375.132227 -68.226434 427.414929
0.989453 0.143839 0.017137 -0.128171 0.924458 -0.359094 -0.067494 0.353110 0.933144 375.146658 -68.611744 428.344207
0.989506 0.143316 0.018410 -0.127109 0.923950 -0.360777 -0.068715 0.354651 0.932470 375.168354 -68.972168 429.240468
0.989621 0.142337 0.019781 -0.125657 0.923884 -0.361454 -0.069724 0.355216 0.932180 375.188504 -69.343856 430.158228
0.989766 0.141389 0.019283 -0.124990 0.924189 -0.360905 -0.068849 0.354801 0.932403 375.203523 -69.700575 431.033793
0.989922 0.140229 0.019779 -0.123802 0.924725 -0.359939 -0.068764 0.353863 0.932766 375.224614 -70.052185 431.909248
0.989780 0.141035 0.021111 -0.124230 0.925430 -0.357975 -0.070024 0.351694 0.933492 375.236900 -70.377961 432.724544
0.989742 0.140997 0.023055 -0.123726 0.926582 -0.355159 -0.071438 0.348663 0.934522 375.260551 -70.768489 433.709523
0.989622 0.141819 0.023146 -0.124544 0.926870 -0.354119 -0.071674 0.347561 0.934914 375.284707 -71.160728 434.686603
0.989569 0.142059 0.023933 -0.124192 0.925424 -0.358003 -0.073006 0.351296 0.933414 375.309359 -71.549474 435.649404
0.989512 0.142461 0.023900 -0.123866 0.921930 -0.367018 -0.074320 0.360208 0.929907 375.326034 -71.906304 436.533694
0.989491 0.142825 0.022572 -0.124085 0.918857 -0.374573 -0.074239 0.367835 0.926923 375.348455 -72.267604 437.407735
0.989341 0.144059 0.021262 -0.125609 0.918113 -0.375888 -0.073671 0.369210 0.926421 375.367059 -72.709702 438.464148
0.989109 0.145267 0.023669 -0.126304 0.920316 -0.370224 -0.075565 0.363202 0.928641 375.388917 -73.177577 439.581099
0.988942 0.146153 0.025146 -0.127081 0.922573 -0.364292 -0.076441 0.357069 0.930945 375.417735 -73.612346 440.625977
0.988919 0.146027 0.026738 -0.126680 0.923971 -0.360873 -0.077402 0.353487 0.932232 375.443463 -73.996297 441.554561
0.988940 0.146025 0.025953 -0.126960 0.923951 -0.360827 -0.076669 0.353541 0.932272 375.461853 -74.370540 442.467635
0.988811 0.146975 0.025522 -0.127991 0.923767 -0.360933 -0.076624 0.353628 0.932242 375.484072 -74.761157 443.427551
0.988803 0.147055 0.025356 -0.128135 0.923793 -0.360816 -0.076483 0.353527 0.932292 375.501185 -75.130312 444.334339
0.988543 0.148638 0.026241 -0.129316 0.923704 -0.360622 -0.077841 0.353097 0.932343 375.516845 -75.502759 445.248855
0.988313 0.149783 0.028334 -0.129674 0.923782 -0.360293 -0.080140 0.352408 0.932409 375.541825 -75.901477 446.232307
0.988462 0.148664 0.029026 -0.128484 0.924402 -0.359128 -0.080221 0.351255 0.932837 375.567745 -76.290299 447.180775
0.988520 0.148561 0.027514 -0.128999 0.924696 -0.358186 -0.078655 0.350525 0.933245 375.590670 -76.676745 448.135520
0.988620 0.147961 0.027173 -0.128573 0.924827 -0.358001 -0.078100 0.350433 0.933326 375.614624 -77.048059 449.053847
0.988385 0.149226 0.028768 -0.129212 0.924807 -0.357821 -0.080001 0.349948 0.933347 375.639658 -77.435943 450.018894
0.988506 0.148643 0.027597 -0.129058 0.924735 -0.358064 -0.078744 0.350387 0.933289 375.664914 -77.836864 451.004154
0.988552 0.148393 0.027291 -0.128922 0.924714 -0.358167 -0.078385 0.350548 0.933259 375.687122 -78.236417 451.988693
0.988507 0.148646 0.027544 -0.128926 0.924049 -0.359878 -0.078946 0.352191 0.932593 375.707610 -78.607766 452.907743
0.988546 0.148403 0.027440 -0.128558 0.923283 -0.361969 -0.079052 0.354296 0.931786 375.730058 -78.988542 453.840670
0.988527 0.148371 0.028291 -0.128148 0.922986 -0.362871 -0.079952 0.355083 0.931410 375.752051 -79.357646 454.741411
0.988618 0.147620 0.029034 -0.127184 0.923122 -0.362863 -0.080368 0.355040 0.931390 375.781005 -79.738398 455.661404
0.988942 0.145185 0.030249 -0.124451 0.923377 -0.363163 -0.080657 0.355383 0.931234 375.815039 -80.107812 456.564589
0.989224 0.143501 0.029023 -0.123320 0.923547 -0.363117 -0.078912 0.355625 0.931292 375.850003 -80.523743 457.587344
0.989485 0.141563 0.029644 -0.121355 0.924114 -0.362336 -0.078687 0.354929 0.931576 375.881229 -80.913935 458.547302
0.989705 0.139787 0.030722 -0.119358 0.924578 -0.361814 -0.078982 0.354422 0.931744 375.910751 -81.285507 459.457964
0.989695 0.139997 0.030092 -0.119693 0.924144 -0.362810 -0.078601 0.355469 0.931377 375.937734 -81.661666 460.366258
0.989825 0.139264 0.029198 -0.119199 0.923602 -0.364350 -0.077708 0.357162 0.930804 375.959258 -82.017644 461.236600
0.989658 0.140397 0.029414 -0.120070 0.922975 -0.365650 -0.078485 0.358337 0.930287 375.975969 -82.347729 462.044308
0.989739 0.139952 0.028829 -0.119820 0.922799 -0.366177 -0.077850 0.358966 0.930098 375.997915 -82.713857 462.936135
0.989806 0.139562 0.028414 -0.119583 0.922716 -0.366463 -0.077362 0.359329 0.929999 376.021817 -83.102277 463.885367
0.989865 0.139413 0.027053 -0.119803 0.922052 -0.368060 -0.076256 0.361088 0.929409 376.047146 -83.494550 464.824562
0.989874 0.139506 0.026205 -0.120063 0.921360 -0.369703 -0.075720 0.362813 0.928781 376.070863 -83.843903 465.669075
0.989983 0.138885 0.025374 -0.119695 0.920950 -0.370842 -0.074872 0.364090 0.928349 376.091674 -84.212093 466.569632
0.989971 0.138980 0.025351 -0.119729 0.920630 -0.371626 -0.074987 0.364864 0.928036 376.109375 -84.593820 467.500370
0.989928 0.139305 0.025215 -0.119963 0.920011 -0.373080 -0.075170 0.366298 0.927456 376.134423 -84.985033 468.443411
0.989958 0.139490 0.022913 -0.120812 0.919036 -0.375204 -0.073395 0.368668 0.926659 376.152286 -85.348570 469.324391
0.990121 0.139055 0.017993 -0.122215 0.918784 -0.375366 -0.068728 0.369459 0.926702 376.168313 -85.734765 470.254151
0.990100 0.139695 0.013711 -0.124388 0.918456 -0.375456 -0.065042 0.370033 0.926739 376.177873 -86.103427 471.125757
0.990055 0.140340 0.009833 -0.126399 0.918039 -0.375802 -0.061767 0.370822 0.926648 376.176020 -86.469438 471.999966
0.990138 0.139959 0.006127 -0.127373 0.917579 -0.376597 -0.058330 0.372103 0.926357 376.169939 -86.848556 472.898536
0.989886 0.141767 0.005192 -0.129370 0.917127 -0.377016 -0.058210 0.372531 0.926192 376.166328 -87.227279 473.799182
0.989789 0.142439 0.005441 -0.129928 0.917234 -0.376564 -0.058629 0.372012 0.926375 376.170688 -87.621853 474.722815
0.989893 0.141697 0.005841 -0.129039 0.917016 -0.377399 -0.058832 0.372831 0.926032 376.173087 -88.037972 475.702634
0.990006 0.140960 0.004395 -0.128766 0.916192 -0.379487 -0.057519 0.375129 0.925186 376.175201 -88.467186 476.709193
0.990295 0.138942 0.003423 -0.127161 0.915719 -0.381168 -0.056095 0.377034 0.924499 376.177844 -88.903508 477.744229
0.990344 0.138567 0.004304 -0.126438 0.915516 -0.381896 -0.056859 0.377664 0.924195 376.177069 -89.339469 478.768886
0.990216 0.139500 0.003556 -0.127555 0.915172 -0.382347 -0.056591 0.378153 0.924012 376.168624 -89.778783 479.809660
0.989899 0.141747 0.002920 -0.129846 0.914673 -0.382770 -0.056927 0.378524 0.923839 376.164841 -90.222743 480.847967
0.989872 0.141923 0.003261 -0.129870 0.914609 -0.382916 -0.057327 0.378615 0.923777 376.164654 -90.651400 481.865593
0.989595 0.143853 0.002961 -0.131743 0.914181 -0.383298 -0.057846 0.378920 0.923620 376.158692 -91.090652 482.885407
0.989485 0.144592 0.003537 -0.132122 0.913558 -0.384649 -0.058848 0.380137 0.923056 376.159531 -91.498607 483.826070
0.989369 0.145385 0.003608 -0.132773 0.913110 -0.385487 -0.059338 0.380910 0.922706 376.160004 -91.916374 484.793358
0.989390 0.145245 0.003334 -0.132794 0.913408 -0.384776 -0.058932 0.380250 0.923004 376.155147 -92.326749 485.759753
0.989539 0.144212 0.003827 -0.131801 0.914526 -0.382453 -0.058654 0.377947 0.923967 376.157248 -92.736198 486.712007
0.989641 0.143537 0.002962 -0.131617 0.915310 -0.380638 -0.057347 0.376305 0.924719 376.160001 -93.168006 487.713700
0.989628 0.143629 0.002763 -0.131797 0.915418 -0.380314 -0.057153 0.376005 0.924853 376.154336 -93.552186 488.615457
0.989751 0.142790 0.001954 -0.131279 0.915175 -0.381079 -0.056203 0.376916 0.924541 376.150147 -93.935472 489.521263
0.989876 0.141932 -0.000127 -0.131251 0.915042 -0.381406 -0.054018 0.377562 0.924408 376.149258 -94.361680 490.511881
0.990035 0.140806 -0.002036 -0.130827 0.914329 -0.383258 -0.052104 0.379706 0.923639 376.149077 -94.776262 491.464718
0.990321 0.138776 -0.002263 -0.129015 0.914412 -0.383674 -0.051175 0.380253 0.923466 376.148422 -95.195720 492.448207
0.990341 0.138597 -0.004053 -0.129488 0.914011 -0.384469 -0.049582 0.381280 0.923129 376.140989 -95.608429 493.400353
0.990250 0.139182 -0.005692 -0.130736 0.914503 -0.382873 -0.048084 0.379885 0.923783 376.125386 -96.068639 494.463638
0.990051 0.140578 -0.006108 -0.132282 0.915076 -0.380968 -0.047966 0.377985 0.924568 376.114466 -96.515427 495.492766
0.989900 0.141629 -0.006332 -0.133346 0.914981 -0.380826 -0.048143 0.377824 0.924625 376.098183 -96.993651 496.592617
0.989620 0.143578 -0.006135 -0.135006 0.914205 -0.382104 -0.049253 0.378966 0.924099 376.082307 -97.439098 497.618402
0.989710 0.142949 -0.006278 -0.134244 0.912468 -0.386499 -0.049521 0.383365 0.922268 376.069968 -97.876229 498.633123
0.989812 0.142195 -0.007236 -0.133771 0.911366 -0.389251 -0.048754 0.386254 0.921103 376.060402 -98.328151 499.657203
0.989837 0.141988 -0.007859 -0.133786 0.911079 -0.389919 -0.048203 0.387008 0.920816 376.045399 -98.756203 500.635635
0.989864 0.141721 -0.009146 -0.134051 0.911147 -0.389668 -0.046890 0.386945 0.920910 376.028851 -99.200407 501.636878
0.989908 0.141382 -0.009672 -0.133996 0.911611 -0.388602 -0.046124 0.385976 0.921355 376.011002 -99.622576 502.584394
0.989856 0.141814 -0.008580 -0.134074 0.912437 -0.386631 -0.047001 0.383860 0.922194 375.990307 -100.094787 503.658521
0.990029 0.140704 -0.006688 -0.132353 0.912918 -0.386088 -0.048219 0.383124 0.922438 375.974572 -100.568547 504.729893
0.990233 0.139228 -0.007322 -0.131137 0.912282 -0.388001 -0.047341 0.385172 0.921630 375.970393 -100.980651 505.656327
0.990382 0.138158 -0.007468 -0.130098 0.911516 -0.390145 -0.047095 0.387365 0.920723 375.962948 -101.380558 506.560404
0.990456 0.137594 -0.008093 -0.129644 0.910076 -0.393643 -0.046798 0.390935 0.919228 375.959101 -101.761426 507.412300
0.990551 0.136885 -0.008447 -0.129071 0.909642 -0.394833 -0.046362 0.392192 0.918714 375.947911 -102.199209 508.392328
0.990654 0.136180 -0.007677 -0.128250 0.910853 -0.392300 -0.046431 0.389618 0.919805 375.934158 -102.659771 509.424816
0.990835 0.134929 -0.006269 -0.126688 0.912218 -0.389626 -0.046853 0.386849 0.920952 375.925498 -103.100063 510.419741
0.990915 0.134386 -0.005355 -0.125819 0.912208 -0.389931 -0.047516 0.387062 0.920829 375.919369 -103.512246 511.350499
0.990998 0.133785 -0.004909 -0.125017 0.911686 -0.391406 -0.047888 0.388496 0.920205 375.916852 -103.888395 512.207066
0.991096 0.133034 -0.005591 -0.124544 0.911358 -0.392320 -0.047097 0.389523 0.919812 375.904827 -104.291258 513.116477
0.991279 0.131652 -0.005815 -0.123313 0.911122 -0.393257 -0.046475 0.390544 0.919410 375.898977 -104.692009 514.020802
0.991608 0.129144 -0.005961 -0.120937 0.910327 -0.395828 -0.045693 0.393227 0.918305 375.892875 -105.092578 514.923749
0.991858 0.127182 -0.006573 -0.119293 0.909786 -0.397567 -0.044583 0.395114 0.917550 375.884680 -105.505976 515.843205
0.991935 0.126640 -0.005162 -0.118178 0.909398 -0.398785 -0.045808 0.396179 0.917030 375.874547 -105.948796 516.825701
0.992025 0.126014 -0.002559 -0.116611 0.909919 -0.398057 -0.047832 0.395181 0.917357 375.871707 -106.396397 517.813111
0.992041 0.125913 0.000363 -0.115509 0.911215 -0.395404 -0.050117 0.392215 0.918507 375.870976 -106.856370 518.823281
0.992130 0.125214 0.000416 -0.114943 0.912053 -0.393634 -0.049668 0.390488 0.919267 375.870977 -107.290347 519.787799
0.992354 0.123412 0.001610 -0.112854 0.912586 -0.393003 -0.049970 0.389816 0.919536 375.873424 -107.684368 520.663451
0.992396 0.123074 0.001947 -0.112357 0.912209 -0.394019 -0.050270 0.390804 0.919100 375.871167 -108.047672 521.478450
0.992501 0.122201 0.002899 -0.111069 0.911487 -0.396050 -0.051039 0.392758 0.918224 375.869360 -108.441346 522.359184
0.992337 0.123503 0.003759 -0.111798 0.910413 -0.398308 -0.052614 0.394835 0.917244 375.868032 -108.821732 523.216418
0.992501 0.122134 0.004915 -0.110083 0.910607 -0.398342 -0.053127 0.394814 0.917224 375.876067 -109.223170 524.115812
0.992544 0.121747 0.005853 -0.109336 0.910534 -0.398715 -0.053872 0.395102 0.917056 375.870013 -109.653738 525.077300
0.992578 0.121408 0.007031 -0.108567 0.910680 -0.398591 -0.054795 0.394869 0.917102 375.876530 -110.072818 526.011884
0.992461 0.122287 0.008151 -0.108973 0.910933 -0.397901 -0.056083 0.394013 0.917392 375.882843 -110.461191 526.877986
0.992460 0.122300 0.008060 -0.109016 0.910890 -0.397989 -0.056015 0.394109 0.917355 375.886450 -110.874881 527.794212
0.992578 0.121282 0.008887 -0.107695 0.910618 -0.398970 -0.056481 0.395052 0.916921 375.893475 -111.289764 528.727333
0.992604 0.120970 0.010207 -0.106855 0.910489 -0.399488 -0.057619 0.395443 0.916681 375.901300 -111.718319 529.682439
0.992602 0.120860 0.011542 -0.106318 0.911182 -0.398051 -0.058625 0.393879 0.917291 375.907387 -112.174966 530.676649
0.992660 0.120384 0.011580 -0.105951 0.911811 -0.396706 -0.058316 0.392568 0.917873 375.917498 -112.621106 531.658820
0.992736 0.119752 0.011625 -0.105413 0.912287 -0.395753 -0.057998 0.391652 0.918284 375.923092 -113.062523 532.655056
0.992739 0.119799 0.010859 -0.105680 0.911726 -0.396972 -0.057457 0.392942 0.917766 375.930663 -113.507324 533.649739
0.992836 0.119086 0.009781 -0.105409 0.911467 -0.397639 -0.056269 0.393759 0.917490 375.928716 -113.976782 534.692393
0.992872 0.118902 0.008269 -0.105865 0.911630 -0.397143 -0.054759 0.393436 0.917720 375.937395 -114.449962 535.746105
0.992787 0.119688 0.006954 -0.107177 0.912014 -0.395910 -0.053728 0.392309 0.918263 375.943644 -114.902777 536.765123
0.992661 0.120785 0.005919 -0.108634 0.912158 -0.395179 -0.053131 0.391636 0.918585 375.945731 -115.343039 537.755874
0.992736 0.120266 0.003322 -0.109236 0.912575 -0.394048 -0.050423 0.390823 0.919084 375.935036 -115.784727 538.745362
0.992518 0.122075 0.002536 -0.111196 0.912253 -0.394247 -0.050441 0.391015 0.919001 375.920059 -116.220326 539.711603
0.992309 0.123763 0.002180 -0.112849 0.911760 -0.394917 -0.050864 0.391634 0.918714 375.911459 -116.687493 540.748061
0.992053 0.125812 0.001703 -0.114804 0.910629 -0.396958 -0.051492 0.393607 0.917835 375.906355 -117.148214 541.746843
0.991716 0.128447 0.000896 -0.117430 0.909436 -0.398919 -0.052055 0.395509 0.916986 375.900735 -117.574277 542.678532
0.991625 0.129151 0.000252 -0.118297 0.909065 -0.399508 -0.051826 0.396132 0.916730 375.901778 -117.983326 543.574536
0.991439 0.130559 -0.001836 -0.120490 0.909379 -0.398135 -0.050311 0.394948 0.917325 375.893536 -118.407098 544.489703
0.991483 0.130191 -0.003343 -0.120854 0.910209 -0.396124 -0.048529 0.393154 0.918191 375.882324 -118.834941 545.426795
0.991597 0.129240 -0.005700 -0.121012 0.911090 -0.394044 -0.045733 0.391423 0.919074 375.872303 -119.250257 546.334742
0.991491 0.129910 -0.008285 -0.122624 0.910734 -0.394369 -0.043687 0.392029 0.918915 375.855579 -119.645464 547.209813
0.991513 0.129471 -0.011780 -0.123568 0.910382 -0.394886 -0.040402 0.392990 0.918655 375.839454 -120.035640 548.069306
0.991560 0.128647 -0.016092 -0.124475 0.909901 -0.395710 -0.036265 0.394373 0.918235 375.820025 -120.458904 549.000003
0.991455 0.128784 -0.020771 -0.126395 0.909000 -0.397169 -0.032269 0.396401 0.917510 375.787776 -120.883549 549.933541
0.991286 0.129402 -0.024633 -0.128435 0.907930 -0.398957 -0.029261 0.398645 0.916639 375.756677 -121.272663 550.788643
0.991219 0.129402 -0.027191 -0.129399 0.906964 -0.400840 -0.027208 0.400839 0.915744 375.721950 -121.688622 551.705546
0.991102 0.130032 -0.028430 -0.130425 0.906106 -0.402444 -0.026570 0.402571 0.915003 375.689059 -122.080645 552.571182
0.991159 0.129286 -0.029831 -0.130277 0.905648 -0.403522 -0.025153 0.403840 0.914484 375.656457 -122.469054 553.444143
0.991113 0.129180 -0.031750 -0.130964 0.905701 -0.403180 -0.023327 0.403755 0.914570 375.613821 -122.866066 554.339662
0.991069 0.129097 -0.033419 -0.131574 0.905867 -0.402608 -0.021702 0.403409 0.914762 375.578029 -123.244997 555.181507
0.990989 0.129192 -0.035368 -0.132455 0.905893 -0.402261 -0.019929 0.403321 0.914842 375.531737 -123.658322 556.094064
0.991073 0.128098 -0.036944 -0.132094 0.906042 -0.402044 -0.018028 0.403335 0.914875 375.492159 -124.088235 557.045727
0.990944 0.128835 -0.037823 -0.133123 0.905901 -0.402021 -0.017531 0.403416 0.914849 375.451103 -124.546144 558.055343
0.990855 0.129508 -0.037861 -0.133752 0.905774 -0.402100 -0.017781 0.403487 0.914813 375.408028 -125.017465 559.086167
0.990842 0.129099 -0.039561 -0.134035 0.905015 -0.403712 -0.016315 0.405317 0.914031 375.364982 -125.427905 559.976559
0.990719 0.129167 -0.042341 -0.135196 0.904053 -0.405476 -0.014096 0.407436 0.913125 375.308757 -125.863929 560.933171
0.990704 0.128178 -0.045561 -0.135598 0.903675 -0.406184 -0.010892 0.408586 0.912655 375.256025 -126.341019 561.984160
0.990456 0.129376 -0.047533 -0.137508 0.903917 -0.405001 -0.009431 0.407672 0.913080 375.195924 -126.803625 562.985881
0.990207 0.130787 -0.048827 -0.139328 0.903807 -0.404625 -0.008789 0.407466 0.913178 375.131933 -127.247581 563.949581
0.990092 0.131211 -0.050016 -0.140198 0.903643 -0.404691 -0.007904 0.407693 0.913085 375.065257 -127.726945 564.981643
0.990056 0.130977 -0.051324 -0.140520 0.903739 -0.404363 -0.006578 0.407554 0.913157 375.001305 -128.182925 565.966406
0.989979 0.131120 -0.052433 -0.141101 0.903602 -0.404467 -0.005655 0.407812 0.913048 374.930056 -128.642695 566.943617
0.989925 0.131018 -0.053683 -0.141516 0.903275 -0.405053 -0.004578 0.408569 0.912716 374.869454 -129.099835 567.906867
0.989803 0.131447 -0.054874 -0.142393 0.903014 -0.405327 -0.003727 0.409008 0.912523 374.799396 -129.543730 568.857058
0.989794 0.130552 -0.057132 -0.142501 0.903494 -0.404219 -0.001153 0.408235 0.912876 374.735959 -129.967800 569.761437
0.989725 0.130272 -0.058931 -0.142981 0.903211 -0.404681 0.000509 0.408949 0.912557 374.670449 -130.416354 570.718881
0.989566 0.130712 -0.060603 -0.144069 0.902221 -0.406498 0.001543 0.410988 0.911639 374.610039 -130.850780 571.647115
0.989482 0.130918 -0.061524 -0.144640 0.901175 -0.408610 0.001949 0.413211 0.910633 374.548085 -131.248176 572.492005
0.989304 0.131212 -0.063724 -0.145819 0.900894 -0.408811 0.003768 0.413731 0.910391 374.481228 -131.650694 573.349685
0.989272 0.130496 -0.065662 -0.145957 0.901729 -0.406918 0.006108 0.412136 0.911102 374.415707 -132.094889 574.281204
0.989045 0.130112 -0.069719 -0.147259 0.902390 -0.404977 0.010221 0.410807 0.911665 374.349273 -132.503919 575.156463
0.988556 0.130918 -0.074944 -0.150128 0.902392 -0.403919 0.014749 0.410548 0.911720 374.273282 -132.886642 575.987050
0.988141 0.132204 -0.078096 -0.152588 0.902247 -0.403320 0.017142 0.410454 0.911720 374.200339 -133.257700 576.803716
0.987764 0.134076 -0.079656 -0.154951 0.901573 -0.403927 0.017659 0.411327 0.911317 374.110989 -133.679578 577.740868
0.987565 0.135560 -0.079618 -0.156276 0.901660 -0.403220 0.017128 0.410649 0.911633 374.015340 -134.127106 578.710505
0.987374 0.136614 -0.080185 -0.157457 0.901778 -0.402498 0.017322 0.410041 0.911902 373.911716 -134.582080 579.683818
0.987246 0.135613 -0.083395 -0.157866 0.901645 -0.402636 0.020590 0.410666 0.911553 373.812563 -135.032256 580.658320
0.987046 0.134875 -0.086884 -0.158635 0.901403 -0.402874 0.023980 0.411438 0.911122 373.715997 -135.469684 581.599984
0.986960 0.134427 -0.088540 -0.158887 0.901700 -0.402109 0.025782 0.410933 0.911301 373.623163 -135.921664 582.578116
0.986761 0.134750 -0.090246 -0.159870 0.901760 -0.401585 0.027266 0.410696 0.911365 373.523798 -136.362710 583.537660
0.986701 0.134314 -0.091545 -0.160034 0.901331 -0.402482 0.028453 0.411780 0.910839 373.418606 -136.821140 584.528395
0.986491 0.135484 -0.092083 -0.161324 0.901123 -0.402432 0.028455 0.411851 0.910807 373.306347 -137.294057 585.546193
0.986340 0.135758 -0.093291 -0.162080 0.900894 -0.402641 0.029383 0.412261 0.910592 373.202179 -137.733960 586.499633
0.986447 0.133637 -0.095206 -0.161018 0.900018 -0.405020 0.031561 0.414861 0.909337 373.101744 -138.183715 587.465674
0.986720 0.130681 -0.096470 -0.158993 0.898599 -0.408951 0.033246 0.418858 0.907443 373.007339 -138.633401 588.435017
0.986554 0.132066 -0.096284 -0.160202 0.898057 -0.409670 0.032365 0.419586 0.907139 372.891266 -139.116010 589.456276
0.986281 0.133677 -0.096850 -0.161855 0.898429 -0.408202 0.032446 0.418278 0.907740 372.775863 -139.589133 590.451932
0.986317 0.132837 -0.097642 -0.161377 0.899050 -0.407022 0.033717 0.417210 0.908185 372.655103 -140.103425 591.535060
0.986440 0.131580 -0.098096 -0.160440 0.899006 -0.407489 0.034571 0.417702 0.907926 372.534417 -140.618124 592.630267
0.986404 0.129892 -0.100673 -0.160007 0.898811 -0.408089 0.037479 0.418649 0.907375 372.412925 -141.113571 593.679835
0.986263 0.129108 -0.103031 -0.160313 0.898474 -0.408710 0.039803 0.419613 0.906830 372.291760 -141.603198 594.711238
0.985990 0.130151 -0.104332 -0.161736 0.898972 -0.407051 0.040814 0.418222 0.907427 372.173643 -142.073408 595.716035
0.985768 0.131062 -0.105286 -0.162877 0.899669 -0.405052 0.041636 0.416436 0.908211 372.046962 -142.549232 596.735108
0.985644 0.131463 -0.105940 -0.163481 0.899911 -0.404270 0.042190 0.415786 0.908484 371.924236 -143.012322 597.722997
0.985791 0.129789 -0.106632 -0.162300 0.899568 -0.405506 0.043293 0.417051 0.907851 371.817170 -143.433714 598.628103
0.985512 0.130376 -0.108479 -0.163674 0.898734 -0.406803 0.044456 0.418665 0.907052 371.692306 -143.897724 599.630205
0.985045 0.130623 -0.112355 -0.165479 0.898862 -0.405787 0.047987 0.418311 0.907035 371.562237 -144.356551 600.618974
0.984536 0.130907 -0.116414 -0.167296 0.899726 -0.403120 0.051969 0.416362 0.907713 371.429836 -144.811855 601.610414
0.984048 0.131828 -0.119460 -0.169364 0.899731 -0.402244 0.054455 0.416059 0.907706 371.309002 -145.226766 602.505539
0.983601 0.131341 -0.123604 -0.170712 0.899090 -0.403106 0.058187 0.417596 0.906768 371.175473 -145.652594 603.430541
0.983314 0.129973 -0.127278 -0.171276 0.897220 -0.407015 0.061295 0.422023 0.904511 371.043929 -146.067756 604.330619
0.983022 0.128839 -0.130649 -0.171878 0.895828 -0.409817 0.064238 0.425315 0.902763 370.910190 -146.485718 605.236249
0.982945 0.127692 -0.132337 -0.171621 0.895487 -0.410668 0.066067 0.426376 0.902130 370.769562 -146.931493 606.190869
0.982979 0.126783 -0.132963 -0.171043 0.895710 -0.410423 0.067062 0.426179 0.902150 370.635920 -147.351647 607.082302
0.982903 0.126075 -0.134190 -0.170903 0.895879 -0.410113 0.068512 0.426035 0.902109 370.501061 -147.777151 607.985463
0.982836 0.124922 -0.135752 -0.170475 0.896251 -0.409477 0.070515 0.425591 0.902164 370.355470 -148.230640 608.954753
0.982709 0.125009 -0.136584 -0.170866 0.896444 -0.408892 0.071325 0.425159 0.902304 370.206117 -148.661091 609.874562
0.983006 0.121303 -0.137786 -0.168118 0.896315 -0.410312 0.073727 0.426503 0.901476 370.069792 -149.068275 610.748078
0.983151 0.119696 -0.138152 -0.167105 0.894868 -0.413868 0.074090 0.429981 0.899793 369.938387 -149.475306 611.605105
0.983171 0.118748 -0.138828 -0.166746 0.893760 -0.416400 0.074632 0.432541 0.898520 369.794040 -149.911618 612.517998
0.983063 0.118477 -0.139825 -0.166892 0.893981 -0.415867 0.075730 0.432159 0.898612 369.644948 -150.356649 613.438783
0.982907 0.118818 -0.140625 -0.167531 0.893970 -0.415633 0.076330 0.432088 0.898595 369.492539 -150.815354 614.394394
0.982847 0.118422 -0.141381 -0.167521 0.893869 -0.415854 0.077130 0.432405 0.898375 369.340235 -151.258177 615.310984
0.982793 0.118380 -0.141791 -0.167589 0.894249 -0.415008 0.077668 0.431630 0.898701 369.195304 -151.679677 616.195709
0.982743 0.118162 -0.142314 -0.167587 0.894426 -0.414628 0.078296 0.431323 0.898794 369.036235 -152.151457 617.179639
0.982774 0.117584 -0.142583 -0.167130 0.894768 -0.414075 0.078890 0.430772 0.899006 368.889786 -152.592318 618.100384
0.982496 0.119244 -0.143117 -0.168884 0.894386 -0.414189 0.078612 0.431109 0.898869 368.740672 -153.018562 618.984751
0.982088 0.119816 -0.145422 -0.170403 0.894145 -0.414088 0.080414 0.431451 0.898545 368.598191 -153.393263 619.781929
0.981503 0.119748 -0.149376 -0.171896 0.894719 -0.412224 0.084287 0.430277 0.898753 368.447418 -153.797716 620.635820
0.980751 0.121562 -0.152807 -0.174911 0.894797 -0.410784 0.086796 0.429605 0.898836 368.282338 -154.213556 621.511836
0.980331 0.121902 -0.155215 -0.176356 0.894121 -0.411637 0.088602 0.430914 0.898033 368.096466 -154.668058 622.462337
0.980135 0.120771 -0.157323 -0.176455 0.893157 -0.413684 0.090553 0.433226 0.896725 367.927407 -155.094416 623.361573
0.979849 0.120716 -0.159134 -0.177251 0.892778 -0.414161 0.092076 0.434022 0.896185 367.750298 -155.536177 624.288115
0.979588 0.121472 -0.160161 -0.178124 0.893806 -0.411561 0.093160 0.431688 0.897199 367.582204 -155.971429 625.183431
0.979301 0.123279 -0.160534 -0.179753 0.894294 -0.409789 0.093046 0.430163 0.897943 367.399029 -156.435339 626.157362
0.979138 0.123226 -0.161568 -0.179998 0.894937 -0.408275 0.094283 0.428840 0.898447 367.224449 -156.883714 627.113150
0.978877 0.122902 -0.163388 -0.180473 0.894943 -0.408052 0.096073 0.428920 0.898219 367.038506 -157.346713 628.108060
0.978786 0.121789 -0.164761 -0.180147 0.894624 -0.408896 0.097601 0.429902 0.897585 366.855992 -157.809175 629.117213
0.978754 0.121953 -0.164826 -0.180498 0.893827 -0.410480 0.097267 0.431509 0.896849 366.677750 -158.239194 630.044287
0.978777 0.122270 -0.164454 -0.180661 0.893633 -0.410830 0.096729 0.431822 0.896757 366.480419 -158.714090 631.064878
0.978853 0.122428 -0.163882 -0.180519 0.893814 -0.410500 0.096224 0.431403 0.897013 366.286840 -159.176578 632.067342
0.979374 0.121665 -0.161318 -0.178742 0.893974 -0.410927 0.094218 0.431286 0.897282 366.097665 -159.669185 633.129868
0.979763 0.120430 -0.159876 -0.176928 0.894576 -0.410403 0.093596 0.430385 0.897780 365.912895 -160.154784 634.165894
0.979824 0.120679 -0.159316 -0.176842 0.894896 -0.409742 0.093124 0.429649 0.898181 365.719492 -160.647928 635.216476
0.979672 0.121912 -0.159312 -0.177911 0.894927 -0.409211 0.092685 0.429236 0.898424 365.537756 -161.121204 636.213366
0.979561 0.122544 -0.159507 -0.178506 0.895106 -0.408560 0.092709 0.428682 0.898686 365.335980 -161.638458 637.299123
0.979733 0.121430 -0.159302 -0.177541 0.894668 -0.409937 0.092744 0.429912 0.898095 365.144693 -162.134055 638.348532
0.979789 0.121773 -0.158695 -0.177364 0.895705 -0.407743 0.092492 0.427649 0.899200 364.952977 -162.628511 639.403956
0.979898 0.122924 -0.157126 -0.177429 0.897067 -0.404710 0.091204 0.424454 0.900845 364.767571 -163.119464 640.449347
0.980169 0.124134 -0.154463 -0.177073 0.898573 -0.401511 0.088955 0.420900 0.902735 364.583082 -163.608026 641.501803
0.980427 0.125933 -0.151343 -0.177155 0.899659 -0.399035 0.085905 0.418036 0.904359 364.394683 -164.114101 642.582459
0.981111 0.125921 -0.146848 -0.175184 0.900324 -0.398406 0.082043 0.416606 0.905378 364.236455 -164.561327 643.553226
0.981855 0.124756 -0.142817 -0.172661 0.899553 -0.401240 0.078414 0.418618 0.904771 364.096901 -164.977717 644.461886
0.982895 0.121231 -0.138639 -0.167963 0.898840 -0.404816 0.075538 0.421177 0.903827 363.969964 -165.381802 645.336087
0.983421 0.118352 -0.137390 -0.164916 0.898768 -0.406226 0.075404 0.422149 0.903385 363.825042 -165.844935 646.321738
0.984065 0.115263 -0.135393 -0.161214 0.899590 -0.405892 0.075014 0.421252 0.903836 363.676657 -166.322702 647.344587
0.984539 0.113336 -0.133556 -0.158781 0.899413 -0.407240 0.073967 0.422150 0.903503 363.529451 -166.791789 648.338929
0.984809 0.113395 -0.131506 -0.158103 0.898716 -0.409039 0.071803 0.423617 0.902991 363.381895 -167.254700 649.329642
0.985218 0.113489 -0.128318 -0.156915 0.898383 -0.410227 0.068722 0.424298 0.902911 363.244787 -167.708920 650.300538
0.985492 0.113318 -0.126347 -0.155935 0.898434 -0.410487 0.066999 0.424234 0.903071 363.101821 -168.209253 651.343758
0.985618 0.113885 -0.124850 -0.155855 0.898170 -0.411097 0.065319 0.424643 0.903002 362.954642 -168.716207 652.408753
0.985853 0.113909 -0.122960 -0.155164 0.897660 -0.412468 0.063392 0.425712 0.902635 362.823772 -169.171675 653.370506
0.986010 0.113696 -0.121891 -0.154569 0.897377 -0.413307 0.062391 0.426366 0.902397 362.693312 -169.625068 654.324117
0.986011 0.112644 -0.122854 -0.154085 0.897078 -0.414136 0.063560 0.427273 0.901886 362.564061 -170.068197 655.244950
0.985959 0.113271 -0.122695 -0.154774 0.895716 -0.416818 0.062686 0.429956 0.900671 362.440113 -170.492968 656.133106
0.986090 0.112193 -0.122632 -0.153995 0.894320 -0.420092 0.062541 0.433133 0.899158 362.317773 -170.919175 657.017667
0.986023 0.111831 -0.123503 -0.154114 0.893852 -0.421042 0.063308 0.434191 0.898593 362.174779 -171.402617 658.011664
0.986178 0.111333 -0.122708 -0.153243 0.894484 -0.420017 0.062999 0.433016 0.899182 362.040238 -171.867021 658.964959
0.986513 0.110744 -0.120529 -0.151707 0.895096 -0.419271 0.061454 0.431902 0.899825 361.907254 -172.337174 659.928286
0.986837 0.109330 -0.119166 -0.149828 0.895430 -0.419233 0.060870 0.431569 0.900024 361.786314 -172.772682 660.825774
0.986973 0.108978 -0.118358 -0.149198 0.895251 -0.419839 0.060207 0.432029 0.899848 361.663873 -173.219875 661.749707
0.987051 0.109427 -0.117286 -0.149134 0.895295 -0.419770 0.059071 0.431825 0.900021 361.531969 -173.695952 662.735607
0.987175 0.110393 -0.115319 -0.149059 0.896006 -0.418275 0.057151 0.430100 0.900971 361.402978 -174.179762 663.735134
0.987539 0.111910 -0.110646 -0.148294 0.897096 -0.416207 0.052683 0.427429 0.902513 361.282162 -174.628770 664.669207
0.987903 0.112715 -0.106506 -0.147237 0.897337 -0.416062 0.048675 0.426710 0.903077 361.167223 -175.077476 665.608520
0.988525 0.112476 -0.100837 -0.144719 0.896507 -0.418726 0.043305 0.428514 0.902497 361.075481 -175.482433 666.465599
0.988732 0.112201 -0.099100 -0.143796 0.895911 -0.420317 0.041625 0.429831 0.901949 360.975640 -175.916674 667.367988
0.988922 0.112389 -0.096967 -0.143122 0.895205 -0.422047 0.039372 0.431249 0.901373 360.876759 -176.357819 668.294843
0.989248 0.113374 -0.092383 -0.142071 0.894869 -0.423115 0.034700 0.431690 0.901354 360.781283 -176.808109 669.214238
0.989300 0.114499 -0.090418 -0.142221 0.895061 -0.422656 0.032536 0.430993 0.901769 360.675200 -177.303278 670.225823
0.989406 0.115841 -0.087508 -0.142166 0.895240 -0.422297 0.029421 0.430264 0.902224 360.576881 -177.777711 671.199371
0.989631 0.115531 -0.085336 -0.140972 0.895071 -0.423054 0.027506 0.430698 0.902077 360.485027 -178.236002 672.144088
0.989920 0.115097 -0.082525 -0.139433 0.894173 -0.425456 0.024823 0.432675 0.901208 360.399278 -178.689803 673.076263
0.990181 0.114624 -0.080025 -0.138018 0.892546 -0.429316 0.022216 0.436145 0.899602 360.314718 -179.141214 673.979148
0.990300 0.114904 -0.078116 -0.137463 0.892058 -0.430507 0.020217 0.437069 0.899201 360.228361 -179.595764 674.888764
0.990482 0.114510 -0.076379 -0.136342 0.892389 -0.430177 0.018900 0.436496 0.899508 360.137819 -180.082268 675.872241
0.990681 0.114164 -0.074279 -0.135110 0.892649 -0.430027 0.017212 0.436055 0.899755 360.050328 -180.585715 676.890189
0.990773 0.114739 -0.072140 -0.134675 0.893252 -0.428911 0.015226 0.434668 0.900462 359.966161 -181.078852 677.895776
0.990852 0.115070 -0.070513 -0.134226 0.894557 -0.426323 0.014021 0.431887 0.901819 359.890742 -181.553960 678.850302
0.990811 0.117018 -0.067825 -0.134787 0.895876 -0.423366 0.011222 0.428617 0.903416 359.812960 -182.051631 679.862081
0.990732 0.119603 -0.064388 -0.135639 0.896428 -0.421922 0.007256 0.426745 0.904343 359.740624 -182.524697 680.832400
0.990600 0.122008 -0.061846 -0.136730 0.896279 -0.421887 0.003958 0.426378 0.904536 359.669617 -182.995046 681.790228
0.990446 0.124477 -0.059347 -0.137900 0.895875 -0.422365 0.000593 0.426514 0.904481 359.594918 -183.478794 682.786804
0.990387 0.126004 -0.057062 -0.138305 0.895503 -0.423020 -0.002204 0.426846 0.904322 359.532262 -183.926558 683.713026
0.990461 0.126391 -0.054888 -0.137723 0.895247 -0.423752 -0.004420 0.427269 0.904114 359.473836 -184.370277 684.622931
0.990470 0.126721 -0.053945 -0.137619 0.895220 -0.423842 -0.005417 0.427226 0.904128 359.417424 -184.802291 685.508183
0.990327 0.128304 -0.052820 -0.138576 0.895471 -0.422998 -0.006974 0.426226 0.904590 359.362534 -185.242723 686.421098
0.990398 0.128455 -0.051108 -0.137985 0.895681 -0.422748 -0.008528 0.425740 0.904805 359.306450 -185.702314 687.374221
0.990518 0.128485 -0.048639 -0.136963 0.895862 -0.422697 -0.010736 0.425351 0.904965 359.249960 -186.193345 688.376067
0.990537 0.129127 -0.046498 -0.136617 0.895377 -0.423834 -0.013095 0.426176 0.904546 359.199719 -186.663101 689.341046
0.990710 0.128504 -0.044512 -0.135171 0.894477 -0.426192 -0.014952 0.428249 0.903537 359.151915 -187.116043 690.279608
0.990657 0.128742 -0.044988 -0.135545 0.893137 -0.428875 -0.015034 0.430966 0.902243 359.100757 -187.598538 691.252576
0.990893 0.127292 -0.043913 -0.133734 0.892257 -0.431269 -0.015716 0.433214 0.901154 359.051320 -188.088937 692.238321
0.991004 0.126427 -0.043899 -0.132932 0.891920 -0.432213 -0.015489 0.434160 0.900702 358.997922 -188.605824 693.284496
0.991113 0.126775 -0.040295 -0.131713 0.892793 -0.430781 -0.018637 0.432260 0.901556 358.943395 -189.164051 694.408398
0.991144 0.127674 -0.036514 -0.130970 0.894462 -0.427533 -0.021924 0.428528 0.903262 358.890228 -189.700380 695.490648
0.991133 0.128559 -0.033577 -0.130559 0.895337 -0.425823 -0.024681 0.426431 0.904183 358.842093 -190.236362 696.577113
0.991302 0.127419 -0.032939 -0.129212 0.894748 -0.427470 -0.024996 0.428008 0.903429 358.803471 -190.737533 697.598090
0.991656 0.124585 -0.033133 -0.126655 0.893635 -0.430551 -0.024031 0.431155 0.901958 358.772260 -191.213436 698.566546
0.991826 0.123192 -0.033230 -0.125369 0.892476 -0.433323 -0.023725 0.433947 0.900626 358.733746 -191.684235 699.523448
0.991911 0.122803 -0.032117 -0.124519 0.892256 -0.434020 -0.024642 0.434509 0.900330 358.699035 -192.208508 700.570134
0.991815 0.123821 -0.031165 -0.125052 0.892703 -0.432947 -0.025787 0.433301 0.900880 358.659430 -192.736756 701.606139
0.991857 0.123687 -0.030366 -0.124616 0.893283 -0.431875 -0.026292 0.432142 0.901422 358.629370 -193.251367 702.631285
0.991921 0.123521 -0.028915 -0.123822 0.893094 -0.432495 -0.027598 0.432581 0.901173 358.598556 -193.735567 703.600726
0.991985 0.123151 -0.028292 -0.123122 0.891674 -0.435613 -0.028419 0.435605 0.899689 358.573680 -194.230138 704.573542
0.991983 0.123075 -0.028676 -0.123116 0.890044 -0.438935 -0.028499 0.438946 0.898061 358.548885 -194.665269 705.445065
0.991797 0.124683 -0.028150 -0.124304 0.889519 -0.439664 -0.029779 0.439557 0.897721 358.518936 -195.111197 706.332048
0.991621 0.126402 -0.026667 -0.125244 0.890068 -0.438284 -0.031665 0.437952 0.898441 358.483432 -195.602330 707.306838
0.991436 0.128378 -0.023946 -0.125902 0.890928 -0.436344 -0.034683 0.435622 0.899461 358.451278 -196.106828 708.303432
0.991335 0.129396 -0.022619 -0.126242 0.890905 -0.436293 -0.036303 0.435368 0.899520 358.414400 -196.634970 709.343127
0.991479 0.128719 -0.020016 -0.124389 0.889871 -0.438927 -0.038687 0.437677 0.898300 358.385605 -197.148626 710.371822
0.991654 0.127469 -0.019357 -0.122938 0.889613 -0.439858 -0.038848 0.438567 0.897858 358.360043 -197.695592 711.454892
0.991601 0.128038 -0.018263 -0.122987 0.889797 -0.439472 -0.040019 0.438027 0.898071 358.333543 -198.252499 712.551263
0.991742 0.126974 -0.018048 -0.122092 0.891649 -0.435954 -0.039262 0.434557 0.899788 358.311649 -198.830241 713.688114
0.991760 0.126820 -0.018151 -0.122211 0.894033 -0.431009 -0.038433 0.429676 0.902165 358.284537 -199.371646 714.770455
0.991859 0.126271 -0.016472 -0.121143 0.895791 -0.427649 -0.039244 0.426163 0.903795 358.266369 -199.937318 715.922010
0.991814 0.127000 -0.013254 -0.120426 0.895832 -0.427764 -0.042453 0.425859 0.903793 358.246334 -200.450494 716.962268
0.991823 0.127125 -0.011255 -0.119607 0.895147 -0.429424 -0.044515 0.427259 0.903033 358.235446 -200.924826 717.940073
0.991758 0.127740 -0.009920 -0.119555 0.894807 -0.430147 -0.046070 0.427788 0.902704 358.220855 -201.387831 718.891685
0.991728 0.128009 -0.009464 -0.119636 0.895109 -0.429497 -0.046508 0.427077 0.903019 358.206190 -201.892320 719.923550
0.991603 0.128982 -0.009297 -0.120518 0.895678 -0.428062 -0.046885 0.425588 0.903701 358.193147 -202.453759 721.059086
0.991571 0.129309 -0.008157 -0.120441 0.896700 -0.425937 -0.047763 0.423329 0.904716 358.178295 -202.973029 722.117582
0.991327 0.131217 -0.007246 -0.121841 0.897029 -0.424846 -0.049248 0.422044 0.905237 358.162977 -203.482791 723.166856
0.991248 0.131839 -0.006804 -0.122274 0.897455 -0.423820 -0.049769 0.420943 0.905721 358.145862 -203.975151 724.176780
0.991237 0.131918 -0.006841 -0.122366 0.897491 -0.423717 -0.049756 0.420841 0.905769 358.134793 -204.494731 725.243824
0.991255 0.131767 -0.007196 -0.122358 0.897309 -0.424104 -0.049426 0.421276 0.905585 358.117133 -204.964406 726.210428
0.991191 0.132236 -0.007299 -0.122860 0.897542 -0.423467 -0.049447 0.420634 0.905882 358.104989 -205.479305 727.265367
0.991053 0.133256 -0.007483 -0.123945 0.898112 -0.421938 -0.049506 0.419091 0.906594 358.089429 -205.974697 728.283018
0.990948 0.134097 -0.006273 -0.124285 0.898772 -0.420430 -0.050740 0.417404 0.907303 358.078387 -206.453747 729.273630
0.991079 0.133187 -0.004844 -0.122913 0.899371 -0.419553 -0.051523 0.416405 0.907718 358.071830 -206.906378 730.209578
0.991152 0.132692 -0.003275 -0.121855 0.899868 -0.418794 -0.052624 0.415487 0.908075 358.064208 -207.349517 731.127657
0.990978 0.134019 -0.001079 -0.122177 0.900048 -0.418313 -0.055091 0.414671 0.908302 358.061611 -207.789979 732.051629
0.990901 0.134591 -0.000226 -0.122396 0.900414 -0.417462 -0.055983 0.413691 0.908695 358.054826 -208.265345 733.052315
0.990753 0.135679 -0.000189 -0.123423 0.900673 -0.416599 -0.056353 0.412770 0.909090 358.045572 -208.713130 733.987306
0.990770 0.135557 0.000284 -0.123109 0.900662 -0.416715 -0.056745 0.412834 0.909037 358.040140 -209.159268 734.924925
0.990898 0.134609 0.001376 -0.121761 0.900592 -0.417262 -0.057407 0.413296 0.908785 358.041393 -209.620638 735.886069
0.991073 0.133318 0.000336 -0.120962 0.900276 -0.418177 -0.056053 0.414403 0.908366 358.040051 -210.052370 736.788922
0.991132 0.132881 -0.000450 -0.120774 0.899406 -0.420098 -0.055419 0.416427 0.907479 358.039406 -210.504562 737.734751
0.990952 0.134213 0.000464 -0.121557 0.898961 -0.420825 -0.056897 0.416961 0.907142 358.034643 -210.987571 738.733422
0.990917 0.134475 0.000894 -0.121626 0.899034 -0.420648 -0.057370 0.416718 0.907224 358.035769 -211.490179 739.784762
0.990667 0.136248 0.003997 -0.122022 0.899535 -0.419460 -0.060746 0.415057 0.907765 358.040993 -211.987539 740.823687
0.990539 0.137091 0.006256 -0.121866 0.899662 -0.419234 -0.063101 0.414505 0.907857 358.048388 -212.464711 741.811515
0.990593 0.136623 0.007735 -0.120679 0.898842 -0.421331 -0.064516 0.416434 0.906874 358.055515 -212.914446 742.732197
0.990653 0.136282 0.005765 -0.120977 0.897351 -0.424413 -0.063013 0.419748 0.905451 358.057590 -213.330732 743.591045
0.990864 0.134805 0.003898 -0.120251 0.896231 -0.426978 -0.061052 0.422608 0.904254 358.061754 -213.767697 744.485894
0.990779 0.135473 0.002086 -0.121666 0.896368 -0.426289 -0.059620 0.422104 0.904585 358.058383 -214.258577 745.476887
0.990707 0.136011 0.000556 -0.122910 0.897009 -0.424579 -0.058246 0.420565 0.905391 358.057248 -214.738497 746.451392
0.990791 0.135400 -0.000990 -0.123065 0.897436 -0.423631 -0.056471 0.419852 0.905834 358.056419 -215.223075 747.445284
0.990733 0.135817 -0.001398 -0.123675 0.897816 -0.422648 -0.056148 0.418904 0.906293 358.048122 -215.711297 748.452393
0.990575 0.136969 -0.000786 -0.124584 0.898590 -0.420731 -0.056921 0.416864 0.907185 358.042447 -216.202944 749.469441
0.990291 0.139007 0.000604 -0.125914 0.898838 -0.419806 -0.058899 0.415654 0.907614 358.041305 -216.691448 750.473568
0.990345 0.138625 0.000641 -0.125613 0.899322 -0.418856 -0.058640 0.414732 0.908052 358.037087 -217.191523 751.511212
0.990148 0.140025 -0.000170 -0.127218 0.899076 -0.418901 -0.058504 0.414795 0.908032 358.028318 -217.709823 752.598760
0.989909 0.141702 -0.000662 -0.128963 0.898957 -0.418623 -0.058725 0.414484 0.908160 358.018315 -218.168889 753.583867
0.989539 0.144263 0.000268 -0.130956 0.899040 -0.417826 -0.060518 0.413420 0.908527 358.010423 -218.618719 754.532912
0.989227 0.146388 0.000709 -0.132821 0.899560 -0.416113 -0.061552 0.411536 0.909313 358.000766 -219.056060 755.443889
0.989108 0.147192 -0.000227 -0.134002 0.899836 -0.415136 -0.060900 0.410645 0.909759 357.994811 -219.446188 756.264901
0.988886 0.148676 0.000375 -0.135057 0.899349 -0.415850 -0.062164 0.411177 0.909433 357.989984 -219.869311 757.147345
0.988967 0.148130 0.001084 -0.134179 0.898879 -0.417149 -0.062767 0.412401 0.908837 357.987378 -220.290859 758.028991
0.988987 0.147984 0.002224 -0.133599 0.899112 -0.416832 -0.063685 0.411944 0.908981 357.986119 -220.743570 758.980198
0.989086 0.147241 0.005408 -0.131585 0.899242 -0.417192 -0.066291 0.411927 0.908802 357.990286 -221.142414 759.808644
0.989355 0.145454 0.004554 -0.130348 0.899656 -0.416688 -0.064706 0.411659 0.909038 357.994064 -221.581131 760.734727
0.989606 0.143740 0.004265 -0.128922 0.899945 -0.416508 -0.063707 0.411629 0.909122 358.001460 -222.022119 761.664408
0.989691 0.143138 0.004893 -0.128168 0.900398 -0.415759 -0.063917 0.410846 0.909462 358.013304 -222.475541 762.625885
0.989870 0.141915 0.004235 -0.127341 0.900617 -0.415539 -0.062785 0.410791 0.909565 358.016180 -222.909252 763.553405
0.989863 0.141971 0.003855 -0.127492 0.900217 -0.416360 -0.062581 0.411648 0.909192 358.017345 -223.351260 764.480690
0.990058 0.140644 0.002031 -0.127061 0.900450 -0.415987 -0.060335 0.411593 0.909368 358.017101 -223.734853 765.285788
0.990057 0.140664 0.000126 -0.127988 0.901212 -0.414049 -0.058355 0.409916 0.910255 358.012456 -224.126437 766.110700
0.989900 0.141754 -0.002039 -0.129973 0.901702 -0.412360 -0.056615 0.408460 0.911019 358.000503 -224.551283 767.004578
0.989694 0.143066 -0.006074 -0.132920 0.902075 -0.410601 -0.053264 0.407177 0.911795 357.972117 -224.956271 767.860223
0.989530 0.143912 -0.010951 -0.135748 0.902253 -0.409281 -0.049020 0.406483 0.912343 357.943398 -225.335478 768.663848
0.989324 0.144375 -0.019842 -0.139794 0.901705 -0.409129 -0.041177 0.407535 0.912261 357.910268 -225.686449 769.394066
0.988992 0.144730 -0.030782 -0.144587 0.901040 -0.408926 -0.031448 0.408876 0.912048 357.876089 -226.045265 770.155505
0.988613 0.144066 -0.043473 -0.149178 0.900308 -0.408890 -0.019768 0.410719 0.911547 357.838366 -226.356327 770.815837
0.987994 0.143540 -0.057131 -0.154327 0.899922 -0.407827 -0.007126 0.411747 0.911270 357.785890 -226.680494 771.510031
0.986758 0.144771 -0.073138 -0.162036 0.899961 -0.404739 0.007227 0.411231 0.911503 357.717817 -227.030362 772.251149
0.984270 0.146645 -0.098532 -0.174103 0.899869 -0.399906 0.030022 0.410770 0.911245 357.621821 -227.395074 773.009746
0.980833 0.147411 -0.127421 -0.186454 0.899953 -0.394107 0.056578 0.410311 0.910189 357.497936 -227.732791 773.748573
0.976647 0.148514 -0.155256 -0.198559 0.899933 -0.388195 0.082067 0.409956 0.908406 357.348588 -228.087373 774.516362
0.971611 0.148401 -0.184253 -0.209938 0.899887 -0.382270 0.109077 0.410099 0.905495 357.193584 -228.385624 775.193098
0.965673 0.148182 -0.213349 -0.221166 0.899797 -0.376099 0.136239 0.410375 0.901683 357.029700 -228.663689 775.833628
0.957638 0.148707 -0.246608 -0.234538 0.899652 -0.368265 0.167098 0.410503 0.896418 356.838270 -228.931835 776.451250
0.947075 0.150740 -0.283420 -0.250332 0.899499 -0.358100 0.200956 0.410096 0.889628 356.630298 -229.174072 777.031313
0.934256 0.151652 -0.322751 -0.265988 0.899184 -0.347445 0.237522 0.410450 0.880406 356.401800 -229.409061 777.600366
0.917958 0.152523 -0.366183 -0.282811 0.898949 -0.334527 0.278157 0.410642 0.868333 356.160014 -229.614949 778.116486
0.899370 0.153598 -0.409317 -0.299389 0.898654 -0.320606 0.318590 0.410888 0.854208 355.883189 -229.809550 778.616072
0.878152 0.155135 -0.452528 -0.316000 0.898311 -0.305255 0.359156 0.411059 0.837877 355.605122 -229.976843 779.055162
0.854913 0.157088 -0.494416 -0.332665 0.897308 -0.290125 0.398068 0.412507 0.819378 355.265627 -230.147883 779.531306
0.828845 0.158294 -0.536619 -0.348828 0.896100 -0.274454 0.437419 0.414667 0.797945 354.850886 -230.348517 780.090261
0.797953 0.159824 -0.581143 -0.364995 0.895434 -0.254906 0.479635 0.415518 0.772849 354.430840 -230.520789 780.597254
0.766007 0.162826 -0.621869 -0.380183 0.894819 -0.234009 0.518357 0.415676 0.747341 354.060524 -230.642002 780.984855
0.728924 0.165242 -0.664353 -0.395463 0.893777 -0.211594 0.558819 0.416963 0.716842 353.578941 -230.772900 781.446115
0.687914 0.166463 -0.706445 -0.409902 0.892359 -0.188879 0.598961 0.419506 0.682100 353.203351 -230.853219 781.757121
0.648444 0.166768 -0.742771 -0.421667 0.891040 -0.168060 0.633812 0.422180 0.648110 352.777187 -230.932090 782.077683
0.606114 0.166648 -0.777724 -0.432956 0.889373 -0.146850 0.667214 0.425728 0.611212 352.316322 -231.008759 782.401794
0.565782 0.166187 -0.807634 -0.442460 0.887707 -0.127299 0.695787 0.429369 0.575780 351.810605 -231.084587 782.734638
0.517611 0.169200 -0.838719 -0.451440 0.886712 -0.099722 0.726830 0.430248 0.535355 351.324595 -231.136574 783.016003
0.470195 0.171164 -0.865806 -0.458670 0.885517 -0.074030 0.754015 0.431928 0.494873 350.912530 -231.161303 783.217918
0.429339 0.174143 -0.886195 -0.463525 0.884630 -0.050730 0.775121 0.432554 0.460526 350.321632 -231.191365 783.504951
0.386004 0.176558 -0.905443 -0.467830 0.883400 -0.027184 0.795069 0.434087 0.423595 349.860939 -231.199667 783.695639
0.348935 0.176570 -0.920363 -0.470813 0.882184 -0.009252 0.810296 0.436547 0.390957 349.355197 -231.198306 783.873958
0.308968 0.176356 -0.934579 -0.473852 0.880553 0.009507 0.824623 0.439915 0.355629 348.839417 -231.197511 784.046780
0.275660 0.174373 -0.945307 -0.475633 0.879330 0.023504 0.835335 0.443140 0.325333 348.376796 -231.184293 784.183980
0.249684 0.171496 -0.953020 -0.475943 0.878840 0.033454 0.843289 0.445230 0.301055 347.900320 -231.171756 784.307499
0.232218 0.168999 -0.957870 -0.476409 0.878337 0.039470 0.848003 0.447173 0.284478 347.351718 -231.151299 784.451785
0.220532 0.168673 -0.960685 -0.476698 0.877929 0.044714 0.850955 0.448095 0.274017 346.800285 -231.135459 784.596699
0.214252 0.168994 -0.962048 -0.476568 0.877823 0.048065 0.852631 0.448183 0.268612 346.259367 -231.123028 784.733123
0.211740 0.169612 -0.962496 -0.476434 0.877795 0.049875 0.853333 0.448005 0.266673 345.696588 -231.107391 784.874447
0.211025 0.170610 -0.962476 -0.477224 0.877308 0.050880 0.853069 0.448579 0.266553 345.120894 -231.089638 785.024391
0.210792 0.171506 -0.962368 -0.477937 0.876878 0.051586 0.852727 0.449078 0.266808 344.477480 -231.069443 785.193958
0.211613 0.171342 -0.962217 -0.477024 0.877390 0.051329 0.853035 0.448138 0.267402 343.800101 -231.046362 785.376219
0.213500 0.171714 -0.961734 -0.476091 0.877913 0.051058 0.853086 0.446972 0.269185 343.059073 -231.014521 785.586288
0.218857 0.171920 -0.960492 -0.475210 0.878509 0.048965 0.852219 0.445719 0.273965 342.454975 -231.000102 785.758512
0.224465 0.171941 -0.959193 -0.474139 0.879214 0.046649 0.851357 0.444320 0.278877 341.850228 -230.990115 785.933430
0.232240 0.172618 -0.957219 -0.473566 0.879672 0.043737 0.849588 0.443148 0.286041 341.144013 -230.972964 786.138179
0.240071 0.171987 -0.955399 -0.472699 0.880330 0.039695 0.847893 0.442086 0.292639 340.573223 -230.964741 786.313474
0.247547 0.171129 -0.953643 -0.471709 0.881033 0.035653 0.846293 0.441016 0.298820 340.050091 -230.961937 786.482406
0.256224 0.170093 -0.951534 -0.470993 0.881600 0.030766 0.844106 0.440283 0.306000 339.524730 -230.960819 786.652905
0.263967 0.169293 -0.949558 -0.470947 0.881770 0.026289 0.841743 0.440252 0.312486 339.052691 -230.962797 786.811538
0.270590 0.168528 -0.947829 -0.471460 0.881609 0.022159 0.839349 0.440867 0.318009 338.646455 -230.966397 786.945846
0.276193 0.168188 -0.946272 -0.470948 0.881950 0.019298 0.837810 0.440315 0.322797 338.258355 -230.970945 787.079827
0.281385 0.168251 -0.944730 -0.470603 0.882182 0.016944 0.836275 0.439825 0.327412 337.844717 -230.978689 787.223410
0.286034 0.168103 -0.943359 -0.469962 0.882563 0.014773 0.835057 0.439117 0.331445 337.470762 -230.987407 787.350317
0.289074 0.168850 -0.942298 -0.470572 0.882255 0.013731 0.833665 0.439450 0.334492 337.064875 -230.995342 787.493534
0.292344 0.169845 -0.941110 -0.471476 0.881788 0.012681 0.832013 0.440004 0.337863 336.594458 -231.003751 787.657162
0.296727 0.170978 -0.939532 -0.473081 0.880952 0.010907 0.829547 0.441238 0.342288 336.155714 -231.013198 787.809864
0.301639 0.170712 -0.938015 -0.473454 0.880782 0.008046 0.827560 0.441680 0.346502 335.792915 -231.019531 787.942437
0.306424 0.169658 -0.936654 -0.472855 0.881127 0.004906 0.826143 0.441398 0.350222 335.457326 -231.029751 788.068390
0.311258 0.168737 -0.935225 -0.472392 0.881387 0.001803 0.824599 0.441231 0.354049 335.143941 -231.039434 788.187830
0.316401 0.167708 -0.933683 -0.471853 0.881676 -0.001533 0.822949 0.441046 0.358097 334.861994 -231.051936 788.293075
0.320633 0.166171 -0.932514 -0.470920 0.882163 -0.004721 0.821845 0.440653 0.361104 334.580476 -231.070945 788.399105
0.325212 0.163796 -0.931348 -0.470219 0.882504 -0.008987 0.820446 0.440860 0.364021 334.325932 -231.088759 788.498591
0.328402 0.161244 -0.930673 -0.470353 0.882381 -0.013094 0.819097 0.442045 0.365617 334.076418 -231.104918 788.598275
0.330401 0.157835 -0.930550 -0.470547 0.882203 -0.017438 0.818181 0.443629 0.365750 333.856699 -231.123511 788.688420
0.330859 0.153799 -0.931063 -0.470415 0.882185 -0.021440 0.818072 0.445080 0.364228 333.672900 -231.139344 788.766660
0.330003 0.151187 -0.931794 -0.470576 0.882045 -0.023544 0.818325 0.446250 0.362223 333.469685 -231.150675 788.848050
0.326139 0.149483 -0.933428 -0.470619 0.882032 -0.023182 0.819848 0.446849 0.358015 333.266443 -231.159884 788.921444
0.317689 0.148289 -0.936528 -0.470387 0.882236 -0.019872 0.823292 0.446844 0.350030 333.032441 -231.164372 788.998191
0.306173 0.146487 -0.940638 -0.470495 0.882262 -0.015748 0.827582 0.447388 0.339046 332.785039 -231.169924 789.074582
0.293761 0.142216 -0.945240 -0.469943 0.882597 -0.013258 0.832381 0.448104 0.326106 332.532075 -231.176091 789.154025
0.278103 0.138052 -0.950579 -0.468773 0.883274 -0.008867 0.838398 0.448072 0.310356 332.256916 -231.178869 789.235376
0.261851 0.135451 -0.955556 -0.468564 0.883424 -0.003174 0.843731 0.448570 0.294793 331.998553 -231.183068 789.299704
0.242772 0.134437 -0.960723 -0.468240 0.883585 0.005320 0.849596 0.448558 0.277459 331.765402 -231.182200 789.350525
0.221746 0.134255 -0.965818 -0.467722 0.883740 0.015459 0.855608 0.448307 0.258759 331.490418 -231.175247 789.410498
0.198993 0.131936 -0.971079 -0.466101 0.884388 0.024645 0.862063 0.447717 0.237483 331.159980 -231.163651 789.474735
0.175575 0.129086 -0.975966 -0.463725 0.885339 0.033676 0.868408 0.446667 0.215304 330.911731 -231.155914 789.514062
0.150847 0.126430 -0.980439 -0.462176 0.885740 0.043109 0.873864 0.446632 0.192043 330.638821 -231.138587 789.546615
0.125130 0.125280 -0.984199 -0.460092 0.886209 0.054312 0.879010 0.446026 0.168531 330.319730 -231.116823 789.582881
0.096446 0.125955 -0.987337 -0.458335 0.886153 0.068275 0.883531 0.445946 0.143195 330.017488 -231.088429 789.605654
0.066494 0.128667 -0.989456 -0.457690 0.885103 0.084339 0.886622 0.447256 0.117743 329.663743 -231.053479 789.627143
0.035806 0.133508 -0.990401 -0.453973 0.885055 0.102895 0.890296 0.445931 0.092299 329.300690 -231.010391 789.636989
0.004130 0.137996 -0.990424 -0.449562 0.884958 0.121426 0.893240 0.444755 0.065693 328.985137 -230.964757 789.630737
-0.027159 0.140324 -0.989733 -0.444934 0.884918 0.137673 0.895151 0.444105 0.038402 328.634868 -230.905845 789.617199
-0.060643 0.141335 -0.988103 -0.440278 0.884633 0.153556 0.895811 0.444352 0.008580 328.341295 -230.846846 789.592467
-0.095690 0.142350 -0.985180 -0.433971 0.884744 0.169989 0.895831 0.443806 -0.022885 327.965759 -230.775346 789.555293
-0.127647 0.143675 -0.981358 -0.427571 0.884817 0.185155 0.894924 0.443235 -0.051513 327.579906 -230.693527 789.511009
-0.160746 0.143468 -0.976513 -0.420395 0.885193 0.199253 0.892989 0.442551 -0.081978 327.186746 -230.606675 789.451493
-0.192356 0.142231 -0.970963 -0.412146 0.886237 0.211470 0.890581 0.440856 -0.111853 326.767774 -230.508126 789.384408
-0.222930 0.142065 -0.964427 -0.404227 0.886789 0.224067 0.887076 0.439798 -0.140265 326.339042 -230.398279 789.302129
-0.257182 0.144116 -0.955556 -0.396880 0.885825 0.240417 0.881104 0.441072 -0.170621 325.900750 -230.281419 789.188542
-0.291565 0.147140 -0.945166 -0.387974 0.884983 0.257453 0.874338 0.441764 -0.200943 325.417856 -230.149586 789.063180
-0.325948 0.149610 -0.933475 -0.378550 0.884131 0.273883 0.866290 0.442639 -0.231546 324.920651 -229.993689 788.906177
-0.360797 0.152990 -0.920011 -0.367246 0.883453 0.290932 0.857296 0.442838 -0.262562 324.475524 -229.842530 788.751002
-0.396847 0.155600 -0.904600 -0.355170 0.882726 0.307650 0.846385 0.443377 -0.295042 324.049706 -229.679439 788.578875
-0.436120 0.156681 -0.886143 -0.339769 0.883168 0.323374 0.833280 0.442114 -0.331933 323.542133 -229.499146 788.363483
-0.473552 0.157698 -0.866533 -0.323881 0.883728 0.337825 0.819054 0.440631 -0.367415 323.077154 -229.316549 788.148383
-0.510583 0.157338 -0.845311 -0.309645 0.883506 0.351479 0.802138 0.441205 -0.402384 322.660712 -229.140055 787.918310
-0.542729 0.155900 -0.825312 -0.297862 0.883030 0.362678 0.785317 0.442665 -0.432810 322.223673 -228.945414 787.667777
-0.572167 0.153258 -0.805690 -0.286282 0.883269 0.371320 0.768549 0.443112 -0.461502 321.893694 -228.779245 787.447884
-0.597261 0.150540 -0.787792 -0.277875 0.882555 0.379318 0.752373 0.445460 -0.485285 321.578245 -228.616961 787.230453
-0.617302 0.148827 -0.772521 -0.271272 0.881458 0.386580 0.738478 0.448200 -0.503753 321.270904 -228.453505 787.003463
-0.636827 0.148854 -0.756501 -0.260935 0.881676 0.393141 0.725510 0.447760 -0.522634 320.889276 -228.253833 786.723197
-0.652686 0.149286 -0.742775 -0.251734 0.881962 0.398462 0.714585 0.447053 -0.538064 320.479732 -228.033583 786.415790
-0.665552 0.147853 -0.731560 -0.245960 0.881977 0.402020 0.704659 0.447500 -0.550636 320.044219 -227.799120 786.074301
-0.677911 0.148624 -0.719964 -0.239126 0.881512 0.407131 0.695166 0.448161 -0.562047 319.501562 -227.487625 785.646557
-0.685705 0.149248 -0.712414 -0.235458 0.880646 0.411123 0.688743 0.449653 -0.568722 318.987860 -227.196563 785.225227
-0.690168 0.148966 -0.708151 -0.234467 0.879760 0.413579 0.684612 0.451477 -0.572255 318.437307 -226.880655 784.777393
-0.691929 0.147423 -0.706754 -0.234990 0.879637 0.413545 0.682653 0.452223 -0.574003 317.827524 -226.531254 784.277944
-0.691836 0.146208 -0.707097 -0.235308 0.880171 0.412224 0.682637 0.451577 -0.574530 317.158362 -226.155301 783.734356
-0.690972 0.145170 -0.708155 -0.235274 0.881128 0.410195 0.683523 0.450044 -0.574680 316.444865 -225.750991 783.156890
-0.689578 0.143882 -0.709775 -0.236607 0.881525 0.408572 0.684471 0.449680 -0.573836 315.695375 -225.323080 782.549190
-0.686444 0.143185 -0.712946 -0.238090 0.882128 0.406402 0.687101 0.448718 -0.571441 314.956109 -224.911951 781.952872
-0.684674 0.143401 -0.714604 -0.237763 0.882874 0.404972 0.688978 0.447180 -0.570385 314.292706 -224.551149 781.431298
-0.684083 0.141113 -0.715624 -0.238097 0.884164 0.401949 0.689450 0.445354 -0.571243 313.571628 -224.150371 780.842564
-0.683030 0.140044 -0.716838 -0.238861 0.884650 0.400424 0.690228 0.444727 -0.570792 312.765259 -223.711628 780.195625
-0.683469 0.139924 -0.716444 -0.239290 0.884283 0.400980 0.689645 0.445495 -0.570897 311.935755 -223.264874 779.525805
-0.683192 0.140848 -0.716527 -0.239256 0.883887 0.401871 0.689931 0.445988 -0.570166 311.155585 -222.847740 778.901035
-0.682335 0.141113 -0.717290 -0.239488 0.883899 0.401707 0.690698 0.445881 -0.569321 310.441638 -222.463842 778.328254
-0.682705 0.140945 -0.716972 -0.237926 0.884866 0.400504 0.690873 0.444013 -0.570568 309.700622 -222.065135 777.735775
-0.683116 0.140100 -0.716746 -0.236591 0.886045 0.398683 0.690925 0.441923 -0.572126 309.020299 -221.695033 777.186478
-0.682938 0.139761 -0.716981 -0.235655 0.886895 0.397347 0.691420 0.440324 -0.572759 308.322168 -221.316405 776.623437
-0.683106 0.139991 -0.716776 -0.235662 0.886703 0.397770 0.691252 0.440636 -0.572722 307.644546 -220.954376 776.079620
-0.683040 0.142339 -0.716378 -0.235013 0.885834 0.400085 0.691539 0.441632 -0.571608 306.895988 -220.546738 775.472051
-0.682938 0.144238 -0.716094 -0.235638 0.884405 0.402868 0.691426 0.443873 -0.570006 306.167807 -220.151331 774.887973
-0.682558 0.144523 -0.716399 -0.237070 0.883461 0.404097 0.691312 0.445656 -0.568752 305.410213 -219.741968 774.287161
-0.682218 0.143152 -0.716998 -0.237398 0.884145 0.402406 0.691535 0.444742 -0.569196 304.740408 -219.381186 773.761717
-0.679923 0.139882 -0.719818 -0.238877 0.885837 0.397781 0.693284 0.442408 -0.568886 304.108471 -219.031498 773.257184
-0.679064 0.139234 -0.720754 -0.238747 0.886579 0.396205 0.694170 0.441126 -0.568802 303.455433 -218.678785 772.737551
-0.679318 0.141135 -0.720144 -0.238174 0.885806 0.398273 0.694118 0.442073 -0.568129 302.705831 -218.275304 772.140932
-0.679093 0.143981 -0.719793 -0.237588 0.884680 0.401116 0.694539 0.443409 -0.566572 301.954467 -217.870671 771.540422
-0.679827 0.144839 -0.718928 -0.235471 0.885289 0.401019 0.694542 0.441910 -0.567739 301.242461 -217.496391 770.975307
-0.679662 0.143475 -0.719357 -0.233523 0.887338 0.397615 0.695361 0.438230 -0.569585 300.556303 -217.132059 770.429745
-0.679795 0.139962 -0.719923 -0.233588 0.889182 0.393436 0.695209 0.435621 -0.571768 299.870463 -216.767607 769.879923
-0.680463 0.137863 -0.719697 -0.233895 0.889906 0.391612 0.694451 0.434811 -0.573303 299.125231 -216.376267 769.289889
-0.680861 0.136890 -0.719506 -0.235848 0.889073 0.392332 0.693400 0.436818 -0.573050 298.425698 -216.005854 768.726308
-0.680948 0.136300 -0.719536 -0.237363 0.888409 0.392922 0.692798 0.438351 -0.572608 297.673498 -215.609438 768.126459
-0.680253 0.135542 -0.720336 -0.239354 0.887802 0.393088 0.692796 0.439815 -0.571487 296.967150 -215.236949 767.566780
-0.680442 0.136311 -0.720013 -0.239873 0.886985 0.394612 0.692431 0.441222 -0.570844 296.262393 -214.864403 767.009292
-0.680010 0.137605 -0.720174 -0.241003 0.885704 0.396795 0.692462 0.443389 -0.569124 295.580006 -214.503235 766.470225
-0.678682 0.137528 -0.721441 -0.242998 0.884936 0.397291 0.693068 0.444943 -0.567171 294.844921 -214.112546 765.890660
-0.677478 0.135826 -0.722894 -0.244537 0.885307 0.395516 0.693704 0.444728 -0.566561 294.125006 -213.730231 765.322581
-0.674890 0.132695 -0.725890 -0.247297 0.886143 0.391912 0.695247 0.444008 -0.565234 293.404615 -213.353502 764.763238
-0.673704 0.132399 -0.727044 -0.248237 0.886110 0.391391 0.696061 0.444161 -0.564110 292.637039 -212.952908 764.164674
-0.672397 0.132503 -0.728234 -0.248587 0.886279 0.390786 0.697199 0.443793 -0.562993 291.916143 -212.569841 763.598136
-0.670234 0.131863 -0.730341 -0.249621 0.886699 0.389171 0.698910 0.443145 -0.561380 291.150185 -212.174180 763.007655
-0.667650 0.129121 -0.733192 -0.251385 0.887899 0.385280 0.700749 0.441546 -0.560347 290.381576 -211.775233 762.410102
-0.666227 0.126999 -0.734856 -0.251703 0.889276 0.381883 0.701988 0.439386 -0.560493 289.586832 -211.368967 761.796608
-0.665518 0.127699 -0.735376 -0.250820 0.889693 0.381490 0.702976 0.438336 -0.560077 288.798022 -210.966035 761.186164
-0.663922 0.130990 -0.736240 -0.248900 0.889694 0.382744 0.705164 0.437362 -0.558084 288.077250 -210.607172 760.636740
-0.661655 0.133097 -0.737901 -0.247154 0.890406 0.382220 0.707904 0.435273 -0.556246 287.279178 -210.211666 760.033866
-0.660596 0.133736 -0.738734 -0.244695 0.891915 0.380280 0.709744 0.431976 -0.556471 286.492174 -209.818571 759.437858
-0.659775 0.132816 -0.739633 -0.244849 0.892549 0.378688 0.710454 0.430948 -0.556362 285.738885 -209.441219 758.865859
-0.659338 0.134254 -0.739763 -0.244871 0.891934 0.380120 0.710852 0.431775 -0.555211 284.914635 -209.034002 758.242360
-0.657506 0.136465 -0.740988 -0.245658 0.890891 0.382054 0.712276 0.433232 -0.552243 283.988737 -208.577078 757.544848
-0.655862 0.137311 -0.742287 -0.246100 0.890701 0.382212 0.713638 0.433355 -0.550385 283.080139 -208.132238 756.865056
-0.653937 0.134322 -0.744530 -0.246830 0.892383 0.377792 0.715152 0.430824 -0.550408 282.287309 -207.743953 756.273498
-0.654131 0.128570 -0.745374 -0.246786 0.895242 0.370997 0.714989 0.426629 -0.553876 281.468696 -207.347916 755.655380
-0.654274 0.126631 -0.745581 -0.246888 0.896101 0.368849 0.714824 0.425402 -0.555032 280.654028 -206.956983 755.042805
-0.654342 0.125960 -0.745634 -0.247702 0.895928 0.368724 0.714479 0.425967 -0.555043 279.852188 -206.576541 754.444599
-0.654649 0.127276 -0.745142 -0.247374 0.895381 0.370269 0.714312 0.426725 -0.554675 279.103606 -206.218799 753.879079
-0.655524 0.129021 -0.744071 -0.247336 0.894271 0.372967 0.713522 0.428525 -0.554304 278.367918 -205.871266 753.325933
-0.655918 0.130891 -0.743397 -0.245866 0.894095 0.374359 0.713667 0.428325 -0.554272 277.613543 -205.517994 752.759254
-0.656580 0.132645 -0.742501 -0.245394 0.893291 0.376580 0.713221 0.429461 -0.553967 276.820744 -205.136160 752.163871
-0.658183 0.135520 -0.740560 -0.245081 0.891517 0.380963 0.711850 0.432240 -0.553568 276.019194 -204.739674 751.558474
-0.658326 0.137491 -0.740070 -0.246343 0.889683 0.384420 0.711282 0.435384 -0.551832 275.242841 -204.361679 750.969792
-0.658004 0.135908 -0.740648 -0.246904 0.890262 0.382716 0.711385 0.434698 -0.552239 274.564799 -204.031556 750.456142
-0.657458 0.132840 -0.741689 -0.245105 0.893097 0.377227 0.712511 0.429803 -0.554615 273.934532 -203.727876 749.986442
-0.658280 0.130498 -0.741376 -0.244422 0.894445 0.374468 0.711987 0.427713 -0.556899 273.272469 -203.397743 749.497105
-0.659249 0.130343 -0.740542 -0.242332 0.895483 0.373343 0.711805 0.425583 -0.558760 272.612058 -203.077816 748.998819
-0.660485 0.130177 -0.739468 -0.239416 0.896933 0.371741 0.711645 0.422570 -0.561244 271.963398 -202.774082 748.504380
-0.661290 0.130327 -0.738723 -0.238638 0.897079 0.371889 0.711160 0.422213 -0.562128 271.226647 -202.418978 747.938556
-0.661518 0.132786 -0.738080 -0.236579 0.896991 0.373413 0.711635 0.421633 -0.561961 270.439101 -202.033146 747.333939
-0.662288 0.137655 -0.736495 -0.234056 0.895774 0.377898 0.711753 0.422659 -0.561042 269.591651 -201.620788 746.682433
-0.661108 0.140605 -0.736998 -0.233661 0.894852 0.380320 0.712979 0.423640 -0.558740 268.732364 -201.200022 746.024831
-0.660795 0.142467 -0.736922 -0.233246 0.894231 0.382031 0.713405 0.424328 -0.557673 267.901283 -200.791989 745.388141
-0.661084 0.142586 -0.736639 -0.233904 0.893687 0.382899 0.712921 0.425431 -0.557451 267.126913 -200.406826 744.789074
-0.660847 0.141308 -0.737098 -0.234912 0.893823 0.381964 0.712810 0.425573 -0.557486 266.306977 -199.998358 744.158486
-0.660276 0.137770 -0.738278 -0.234960 0.895790 0.377298 0.713323 0.422587 -0.559098 265.466159 -199.583490 743.520048
-0.659678 0.134072 -0.739493 -0.234215 0.898282 0.371797 0.714121 0.418467 -0.561175 264.690781 -199.202265 742.929808
-0.657776 0.134188 -0.741164 -0.233519 0.899186 0.370044 0.716100 0.416482 -0.560128 263.870769 -198.808532 742.311373
-0.655943 0.136773 -0.742315 -0.233861 0.898228 0.372151 0.717668 0.417708 -0.557200 262.984791 -198.379250 741.638738
-0.652723 0.139817 -0.744583 -0.233578 0.897803 0.373351 0.720690 0.417613 -0.553359 262.138141 -197.966773 741.009357
-0.649459 0.143590 -0.746716 -0.232939 0.897227 0.375132 0.723839 0.417572 -0.549264 261.284226 -197.560715 740.375746
-0.648070 0.145140 -0.747622 -0.230870 0.898037 0.374470 0.725743 0.415287 -0.548483 260.513612 -197.187279 739.803037
-0.645810 0.143281 -0.749933 -0.231603 0.899187 0.371244 0.727523 0.413440 -0.547520 259.765053 -196.824905 739.252829
