0.999998 -0.001962 -0.000215 0.001961 0.999998 -0.000860 0.000216 0.000860 1.000000 0.009230 -0.013322 0.854876
0.999995 -0.003010 -0.000017 0.003010 0.999995 -0.001261 0.000021 0.001261 0.999999 0.009882 -0.036136 1.896487
0.999994 -0.003339 -0.000187 0.003339 0.999990 -0.002925 0.000197 0.002924 0.999996 0.008041 -0.047230 2.857637
0.999994 -0.003271 -0.000742 0.003268 0.999984 -0.004582 0.000757 0.004580 0.999989 -0.003290 -0.066123 3.817403
0.999997 -0.002378 -0.000997 0.002372 0.999978 -0.006246 0.001012 0.006244 0.999980 -0.010350 -0.088655 4.913954
0.999996 -0.002602 -0.001454 0.002591 0.999966 -0.007832 0.001474 0.007829 0.999968 -0.014316 -0.114097 6.005190
0.999993 -0.002448 -0.002759 0.002427 0.999967 -0.007726 0.002778 0.007719 0.999966 -0.018778 -0.135972 6.945061
0.999987 -0.003443 -0.003891 0.003412 0.999964 -0.007717 0.003918 0.007703 0.999963 -0.027991 -0.154479 7.891704
0.999975 -0.003621 -0.006083 0.003568 0.999956 -0.008725 0.006115 0.008703 0.999943 -0.039726 -0.172469 8.776264
0.999961 -0.003572 -0.008103 0.003487 0.999940 -0.010362 0.008139 0.010333 0.999913 -0.055066 -0.193379 9.760365
0.999923 -0.004640 -0.011477 0.004504 0.999919 -0.011886 0.011531 0.011833 0.999863 -0.077094 -0.224695 10.763808
0.999894 -0.005024 -0.013633 0.004850 0.999907 -0.012708 0.013696 0.012641 0.999826 -0.099595 -0.253681 11.696875
0.999869 -0.005582 -0.015221 0.005384 0.999901 -0.013014 0.015292 0.012931 0.999799 -0.126570 -0.277838 12.577352
0.999835 -0.007106 -0.016710 0.006874 0.999879 -0.013935 0.016807 0.013817 0.999763 -0.151083 -0.304745 13.522898
0.999801 -0.007214 -0.018622 0.006940 0.999867 -0.014735 0.018726 0.014602 0.999718 -0.171918 -0.334528 14.410270
0.999768 -0.007950 -0.020017 0.007635 0.999846 -0.015795 0.020140 0.015638 0.999675 -0.194789 -0.371387 15.445721
0.999694 -0.008511 -0.023213 0.008138 0.999837 -0.016126 0.023346 0.015932 0.999600 -0.223398 -0.408250 16.501675
0.999640 -0.008722 -0.025357 0.008308 0.999831 -0.016373 0.025495 0.016156 0.999544 -0.256559 -0.440720 17.547405
0.999581 -0.009951 -0.027181 0.009486 0.999808 -0.017158 0.027347 0.016893 0.999483 -0.287437 -0.473398 18.478146
0.999495 -0.010924 -0.029829 0.010377 0.999776 -0.018421 0.030024 0.018102 0.999385 -0.321158 -0.517912 19.474497
0.999439 -0.011165 -0.031592 0.010581 0.999771 -0.018580 0.031792 0.018235 0.999328 -0.357045 -0.555251 20.407973
0.999374 -0.011312 -0.033517 0.010705 0.999776 -0.018240 0.033716 0.017870 0.999272 -0.389875 -0.593716 21.321151
0.999320 -0.012026 -0.034844 0.011420 0.999781 -0.017540 0.035047 0.017130 0.999239 -0.421556 -0.629423 22.268036
0.999259 -0.012589 -0.036374 0.011971 0.999781 -0.017175 0.036582 0.016726 0.999191 -0.454630 -0.667248 23.182169
0.999214 -0.011491 -0.037947 0.010804 0.999775 -0.018268 0.038149 0.017843 0.999113 -0.491998 -0.703381 24.084940
0.999218 -0.009656 -0.038345 0.008940 0.999783 -0.018790 0.038518 0.018433 0.999088 -0.530482 -0.734592 24.945297
0.999211 -0.010952 -0.038178 0.010199 0.999751 -0.019860 0.038386 0.019455 0.999074 -0.570507 -0.770428 25.934089
0.999177 -0.010839 -0.039095 0.010006 0.999720 -0.021435 0.039316 0.021026 0.999006 -0.615629 -0.804959 26.988340
0.999118 -0.011485 -0.040377 0.010580 0.999690 -0.022555 0.040624 0.022108 0.998930 -0.662161 -0.846867 28.116778
0.999098 -0.012262 -0.040662 0.011310 0.999658 -0.023566 0.040937 0.023084 0.998895 -0.707440 -0.887686 29.150882
0.999066 -0.012355 -0.041413 0.011378 0.999654 -0.023729 0.041692 0.023236 0.998860 -0.748063 -0.923749 30.116334
0.998980 -0.013498 -0.043101 0.012476 0.999637 -0.023893 0.043408 0.023331 0.998785 -0.788082 -0.959038 30.964745
0.998886 -0.013606 -0.045194 0.012519 0.999627 -0.024256 0.045507 0.023663 0.998684 -0.830250 -0.997352 31.828458
0.998858 -0.013644 -0.045798 0.012536 0.999624 -0.024389 0.046113 0.023787 0.998653 -0.876707 -1.037367 32.827557
0.998874 -0.014563 -0.045150 0.013497 0.999625 -0.023837 0.045481 0.023200 0.998696 -0.919934 -1.073748 33.846503
0.998920 -0.014726 -0.044075 0.013773 0.999666 -0.021849 0.044382 0.021219 0.998789 -0.970487 -1.111147 34.889941
0.999003 -0.014521 -0.042212 0.013712 0.999718 -0.019386 0.042482 0.018788 0.998921 -1.021237 -1.154547 36.030991
0.999117 -0.014361 -0.039477 0.013660 0.999745 -0.017982 0.039725 0.017427 0.999059 -1.065033 -1.191954 37.148362
0.999213 -0.014369 -0.036967 0.013736 0.999756 -0.017322 0.037207 0.016800 0.999166 -1.103212 -1.232183 38.205034
0.999248 -0.015211 -0.035658 0.014610 0.999748 -0.017060 0.035909 0.016527 0.999218 -1.147401 -1.269909 39.291680
0.999230 -0.016577 -0.035560 0.015948 0.999712 -0.017917 0.035847 0.017337 0.999207 -1.186851 -1.308283 40.463441
0.999194 -0.017786 -0.035994 0.017096 0.999666 -0.019380 0.036327 0.018749 0.999164 -1.223556 -1.344074 41.481793
0.999107 -0.018994 -0.037742 0.018273 0.999646 -0.019362 0.038096 0.018655 0.999100 -1.265313 -1.376705 42.422032
0.999009 -0.019407 -0.040045 0.018643 0.999638 -0.019379 0.040406 0.018614 0.999010 -1.305676 -1.410455 43.251931
0.998990 -0.019648 -0.040408 0.018873 0.999632 -0.019477 0.040775 0.018695 0.998993 -1.345887 -1.439316 44.157989
0.998936 -0.020873 -0.041127 0.020080 0.999606 -0.019601 0.041520 0.018754 0.998962 -1.386911 -1.471081 44.999186
0.998954 -0.020955 -0.040649 0.020204 0.999619 -0.018799 0.041027 0.017959 0.998997 -1.434547 -1.507826 45.880752
0.998944 -0.020696 -0.041022 0.019918 0.999615 -0.019292 0.041405 0.018455 0.998972 -1.474873 -1.541948 46.765570
0.998894 -0.020783 -0.042173 0.019957 0.999602 -0.019921 0.042570 0.019057 0.998912 -1.516086 -1.567337 47.655784
0.998833 -0.021033 -0.043477 0.020152 0.999585 -0.020606 0.043892 0.019706 0.998842 -1.556466 -1.597912 48.571717
0.998858 -0.020580 -0.043116 0.019630 0.999558 -0.022323 0.043556 0.021451 0.998821 -1.607145 -1.634332 49.535147
0.998841 -0.020528 -0.043535 0.019482 0.999514 -0.024325 0.044014 0.023448 0.998756 -1.658911 -1.677681 50.578330
0.998857 -0.020254 -0.043295 0.019153 0.999486 -0.025692 0.043793 0.024833 0.998732 -1.707343 -1.724019 51.621416
0.998835 -0.019346 -0.044206 0.018204 0.999494 -0.026082 0.044689 0.025247 0.998682 -1.752660 -1.774621 52.663005
0.998761 -0.018820 -0.046070 0.017554 0.999461 -0.027733 0.046567 0.026890 0.998553 -1.800737 -1.813653 53.563833
0.998704 -0.017890 -0.047651 0.016484 0.999422 -0.029745 0.048155 0.028921 0.998421 -1.847664 -1.858029 54.446775
0.998764 -0.016692 -0.046828 0.015306 0.999439 -0.029797 0.047299 0.029043 0.998458 -1.889463 -1.898875 55.263110
0.998757 -0.016110 -0.047176 0.014718 0.999450 -0.029708 0.047629 0.028977 0.998445 -1.929167 -1.940170 56.158119
0.998698 -0.015095 -0.048732 0.013682 0.999480 -0.029190 0.049147 0.028485 0.998385 -1.978403 -1.981882 57.143727
0.998483 -0.014065 -0.053231 0.012568 0.999519 -0.028367 0.053604 0.027655 0.998179 -2.024293 -2.014969 57.998833
0.998257 -0.012935 -0.057584 0.011252 0.999503 -0.029441 0.057937 0.028742 0.997906 -2.074010 -2.053806 58.788004
0.998066 -0.012273 -0.060940 0.010342 0.999438 -0.031894 0.061297 0.031202 0.997632 -2.130833 -2.104277 59.778712
0.997711 -0.014406 -0.066072 0.011992 0.999251 -0.036787 0.066553 0.035910 0.997136 -2.202406 -2.167448 60.873027
0.997533 -0.015557 -0.068455 0.013024 0.999219 -0.037293 0.068981 0.036310 0.996957 -2.280850 -2.233040 62.017152
0.997619 -0.015192 -0.067278 0.012838 0.999295 -0.035275 0.067767 0.034328 0.997110 -2.364114 -2.286180 63.100136
0.997709 -0.015327 -0.065897 0.013061 0.999313 -0.034690 0.066384 0.033749 0.997223 -2.435886 -2.341795 64.182525
0.997996 -0.015310 -0.061391 0.013129 0.999274 -0.035777 0.061894 0.034899 0.997472 -2.493811 -2.385859 65.072532
0.998290 -0.015346 -0.056411 0.013156 0.999153 -0.039001 0.056962 0.038192 0.997646 -2.548270 -2.437079 66.023960
0.998599 -0.016218 -0.050374 0.014032 0.998957 -0.043451 0.051026 0.042683 0.997785 -2.597945 -2.488296 67.016307
0.998848 -0.017057 -0.044851 0.015033 0.998870 -0.045089 0.045570 0.044362 0.997976 -2.636677 -2.544581 68.041571
0.998870 -0.017496 -0.044185 0.015503 0.998864 -0.045068 0.044923 0.044332 0.998006 -2.688799 -2.603476 69.025175
0.998850 -0.017978 -0.044453 0.015999 0.998882 -0.044476 0.045203 0.043714 0.998021 -2.728818 -2.658315 69.930105
0.998739 -0.020131 -0.045983 0.018024 0.998789 -0.045788 0.046849 0.044901 0.997892 -2.767357 -2.714312 70.876535
0.998806 -0.022815 -0.043200 0.020765 0.998664 -0.047325 0.044222 0.046371 0.997945 -2.810329 -2.771285 71.862588
0.998891 -0.023362 -0.040866 0.021379 0.998604 -0.048310 0.041938 0.047383 0.997996 -2.847778 -2.833809 72.786445
0.998946 -0.023856 -0.039214 0.021939 0.998576 -0.048618 0.040318 0.047707 0.998047 -2.894294 -2.904083 73.892852
0.999031 -0.023688 -0.037107 0.021862 0.998567 -0.048854 0.038211 0.047995 0.998116 -2.938332 -2.968816 74.914488
0.999097 -0.024883 -0.034431 0.023173 0.998519 -0.049225 0.035605 0.048383 0.998194 -2.966749 -3.034014 75.950778
0.999112 -0.026899 -0.032441 0.025248 0.998417 -0.050267 0.033742 0.049403 0.998209 -2.991348 -3.095770 76.899968
0.999196 -0.028740 -0.027966 0.027245 0.998251 -0.052470 0.029425 0.051666 0.998231 -3.014652 -3.165026 77.888297
0.999202 -0.030856 -0.025359 0.029429 0.998063 -0.054814 0.027001 0.054024 0.998174 -3.034713 -3.243351 78.961022
0.999363 -0.030006 -0.019334 0.028839 0.997896 -0.058073 0.021035 0.057478 0.998125 -3.043618 -3.313682 79.857651
0.999396 -0.028898 -0.019302 0.027698 0.997827 -0.059780 0.020988 0.059209 0.998025 -3.057112 -3.379438 80.725111
0.999404 -0.027714 -0.020568 0.026417 0.997797 -0.060855 0.022210 0.060276 0.997935 -3.075157 -3.455554 81.704987
0.999345 -0.027795 -0.023194 0.026342 0.997805 -0.060759 0.024832 0.060108 0.997883 -3.099897 -3.532257 82.685879
0.999257 -0.028205 -0.026266 0.026571 0.997807 -0.060619 0.027918 0.059876 0.997815 -3.124293 -3.605087 83.623272
0.999156 -0.028400 -0.029668 0.026552 0.997789 -0.060922 0.031333 0.060083 0.997701 -3.151727 -3.675189 84.526122
0.999082 -0.028372 -0.032082 0.026380 0.997795 -0.060897 0.033739 0.059995 0.997628 -3.179842 -3.746270 85.383275
0.999029 -0.028083 -0.033958 0.025962 0.997776 -0.061386 0.035606 0.060444 0.997536 -3.208233 -3.820032 86.235522
0.998936 -0.027615 -0.036928 0.025288 0.997753 -0.062048 0.038559 0.061048 0.997390 -3.238753 -3.899559 87.125866
0.998927 -0.026962 -0.037655 0.024555 0.997712 -0.062984 0.039267 0.061992 0.997304 -3.278091 -3.985679 88.135415
0.998912 -0.026312 -0.038513 0.023827 0.997690 -0.063613 0.040098 0.062627 0.997231 -3.320899 -4.073241 89.155165
0.998909 -0.025763 -0.038952 0.023228 0.997668 -0.064176 0.040515 0.063201 0.997178 -3.361080 -4.160732 90.129123
0.998844 -0.026064 -0.040388 0.023435 0.997658 -0.064265 0.041968 0.063245 0.997115 -3.406682 -4.246183 91.107991
0.998617 -0.026139 -0.045608 0.023168 0.997650 -0.064483 0.047187 0.063337 0.996876 -3.452009 -4.323911 91.997322
0.998362 -0.027061 -0.050414 0.023761 0.997606 -0.064942 0.052050 0.063638 0.996615 -3.500459 -4.397870 92.873675
0.998045 -0.028271 -0.055734 0.024609 0.997560 -0.065330 0.057445 0.063831 0.996306 -3.548967 -4.471068 93.736128
0.997656 -0.029179 -0.061892 0.025106 0.997530 -0.065599 0.063654 0.063892 0.995925 -3.602834 -4.545296 94.591471
0.997313 -0.029350 -0.067121 0.024892 0.997488 -0.066321 0.068898 0.064472 0.995538 -3.662786 -4.622145 95.486084
0.997115 -0.029243 -0.070042 0.024616 0.997513 -0.066040 0.071799 0.064125 0.995356 -3.725350 -4.696829 96.363657
0.997016 -0.029196 -0.071455 0.024451 0.997493 -0.066401 0.073215 0.064456 0.995231 -3.790824 -4.765924 97.185132
0.996892 -0.029091 -0.073218 0.024246 0.997511 -0.066213 0.074962 0.064232 0.995116 -3.858626 -4.844489 98.043166
0.996672 -0.029554 -0.075974 0.024514 0.997489 -0.066436 0.077746 0.064353 0.994894 -3.925532 -4.919359 98.901312
0.996453 -0.030513 -0.078429 0.025292 0.997451 -0.066720 0.080265 0.064500 0.994685 -3.990937 -4.991053 99.740122
0.996197 -0.030786 -0.081513 0.025406 0.997481 -0.066232 0.083347 0.063909 0.994469 -4.055301 -5.061271 100.543720
0.996039 -0.030481 -0.083524 0.025038 0.997541 -0.065456 0.085314 0.063105 0.994354 -4.128386 -5.129850 101.385927
0.995976 -0.029378 -0.084673 0.023757 0.997494 -0.066649 0.086418 0.064370 0.994177 -4.203726 -5.201986 102.245149
0.995915 -0.029416 -0.085373 0.023530 0.997329 -0.069147 0.087179 0.066856 0.993947 -4.282528 -5.273342 103.122703
0.995930 -0.029710 -0.085093 0.023842 0.997320 -0.069168 0.086920 0.066858 0.993969 -4.359955 -5.350207 104.014539
0.996025 -0.028806 -0.084288 0.023147 0.997460 -0.067359 0.086015 0.065140 0.994162 -4.451349 -5.438869 105.060772
0.996014 -0.028256 -0.084609 0.022672 0.997546 -0.066246 0.086273 0.064064 0.994210 -4.544295 -5.531783 106.134286
0.995946 -0.028806 -0.085221 0.023165 0.997521 -0.066453 0.086924 0.064209 0.994144 -4.637380 -5.625059 107.194161
0.995846 -0.030654 -0.085741 0.024815 0.997352 -0.068355 0.087609 0.065943 0.993970 -4.723969 -5.709564 108.191017
0.995804 -0.032724 -0.085461 0.026693 0.997134 -0.070790 0.087533 0.068212 0.993824 -4.819455 -5.800481 109.298937
0.995746 -0.033943 -0.085661 0.027852 0.997064 -0.071323 0.087831 0.068634 0.993768 -4.920579 -5.902602 110.457230
0.995770 -0.033450 -0.085576 0.027408 0.997112 -0.070830 0.087699 0.068185 0.993811 -5.016385 -6.003156 111.539985
0.995731 -0.033199 -0.086125 0.027188 0.997173 -0.070050 0.088207 0.067409 0.993819 -5.109199 -6.100489 112.603038
0.995698 -0.033278 -0.086473 0.027284 0.997202 -0.069600 0.088547 0.066941 0.993820 -5.199557 -6.189181 113.619821
0.995657 -0.034155 -0.086605 0.028037 0.997089 -0.070902 0.088774 0.068166 0.993717 -5.278655 -6.267411 114.536773
0.995645 -0.035442 -0.086227 0.029272 0.996990 -0.071797 0.088512 0.068960 0.993685 -5.349859 -6.344272 115.384686
0.995610 -0.035630 -0.086555 0.029369 0.996931 -0.072562 0.088874 0.069701 0.993601 -5.430940 -6.422340 116.257675
0.995551 -0.037011 -0.086655 0.030599 0.996774 -0.074194 0.089122 0.071212 0.993472 -5.505486 -6.495799 117.099387
0.995546 -0.037304 -0.086583 0.030684 0.996592 -0.076571 0.089145 0.073573 0.993298 -5.579738 -6.565470 117.925959
0.995550 -0.036974 -0.086677 0.030262 0.996532 -0.077507 0.089243 0.074539 0.993217 -5.656947 -6.640826 118.789330
0.995587 -0.036808 -0.086325 0.030135 0.996547 -0.077364 0.088874 0.074422 0.993259 -5.732603 -6.710235 119.585414
0.995653 -0.036463 -0.085701 0.029836 0.996556 -0.077364 0.088227 0.074471 0.993313 -5.817692 -6.792749 120.480707
0.995828 -0.035030 -0.084253 0.028610 0.996680 -0.076233 0.086644 0.073504 0.993524 -5.909232 -6.884301 121.480317
0.995911 -0.034467 -0.083501 0.028094 0.996687 -0.076333 0.085856 0.073675 0.993580 -5.991250 -6.977018 122.428460
0.995980 -0.033994 -0.082879 0.027689 0.996718 -0.076070 0.085193 0.073470 0.993652 -6.086271 -7.077572 123.484793
0.996030 -0.033283 -0.082562 0.026986 0.996723 -0.076250 0.084830 0.073720 0.993665 -6.174253 -7.167199 124.436542
0.996058 -0.031390 -0.082967 0.025093 0.996801 -0.075880 0.085083 0.073499 0.993659 -6.266331 -7.264604 125.412286
0.996146 -0.029684 -0.082534 0.023419 0.996843 -0.075872 0.084526 0.073646 0.993696 -6.357932 -7.356748 126.370489
0.996002 -0.029302 -0.084383 0.022874 0.996833 -0.076160 0.086347 0.073926 0.993519 -6.431009 -7.433581 127.197350
0.995973 -0.028507 -0.084996 0.022003 0.996827 -0.076495 0.086907 0.074317 0.993441 -6.501180 -7.508731 127.993531
0.995933 -0.028377 -0.085513 0.021820 0.996818 -0.076668 0.087416 0.074490 0.993383 -6.579209 -7.594459 128.882790
0.995776 -0.029538 -0.086931 0.022776 0.996711 -0.077776 0.088943 0.075468 0.993174 -6.649987 -7.671864 129.716606
0.995566 -0.030853 -0.088861 0.023740 0.996511 -0.080019 0.091020 0.077555 0.992825 -6.721852 -7.750726 130.559606
0.995484 -0.031141 -0.089680 0.023928 0.996475 -0.080402 0.091868 0.077893 0.992720 -6.813434 -7.843452 131.561557
0.995366 -0.030691 -0.091133 0.023394 0.996513 -0.080091 0.093274 0.077588 0.992613 -6.916720 -7.943988 132.624336
0.995089 -0.031592 -0.093808 0.024164 0.996558 -0.079293 0.095991 0.076637 0.992428 -7.032582 -8.060634 133.785101
0.995042 -0.031384 -0.094379 0.023861 0.996525 -0.079802 0.096555 0.077154 0.992333 -7.146639 -8.174784 134.978442
0.995051 -0.030859 -0.094451 0.023305 0.996518 -0.080058 0.096592 0.077461 0.992305 -7.250890 -8.274849 136.020140
0.994861 -0.029941 -0.096724 0.022050 0.996417 -0.081651 0.098822 0.079098 0.991956 -7.351583 -8.361805 136.921773
0.994777 -0.029836 -0.097612 0.021775 0.996343 -0.082624 0.099720 0.080067 0.991789 -7.437658 -8.442972 137.741214
0.994778 -0.030064 -0.097539 0.021921 0.996267 -0.083499 0.099685 0.080924 0.991723 -7.509954 -8.513941 138.464686
0.994655 -0.030590 -0.098615 0.022306 0.996213 -0.084034 0.100813 0.081385 0.991571 -7.590068 -8.595725 139.267570
0.994443 -0.032640 -0.100084 0.024110 0.996064 -0.085291 0.102474 0.082404 0.991317 -7.671529 -8.674950 140.081806
0.994329 -0.032754 -0.101183 0.024035 0.995986 -0.086218 0.103601 0.083298 0.991125 -7.770447 -8.766869 141.012519
0.994205 -0.033002 -0.102311 0.024403 0.996151 -0.084187 0.104696 0.081203 0.991184 -7.867720 -8.869213 141.984382
0.994157 -0.032957 -0.102787 0.024589 0.996358 -0.081642 0.105104 0.078638 0.991347 -7.972496 -8.972072 142.995140
0.994103 -0.032842 -0.103346 0.024410 0.996348 -0.081822 0.105656 0.078817 0.991274 -8.093638 -9.069939 144.019926
0.994067 -0.033611 -0.103446 0.024868 0.996098 -0.084676 0.105888 0.081601 0.991024 -8.206315 -9.178660 145.050282
0.994024 -0.033494 -0.103898 0.024430 0.995881 -0.087320 0.106395 0.084260 0.990747 -8.305908 -9.275342 145.965340
0.994061 -0.031957 -0.104027 0.022845 0.995890 -0.087640 0.106400 0.084743 0.990706 -8.407662 -9.364706 146.809173
0.994101 -0.030477 -0.104088 0.021449 0.995997 -0.086775 0.106316 0.084031 0.990775 -8.503934 -9.454243 147.656453
0.994106 -0.028487 -0.104603 0.019444 0.996065 -0.086471 0.106655 0.083928 0.990748 -8.607062 -9.540804 148.520099
0.993960 -0.027546 -0.106233 0.018365 0.996086 -0.086455 0.108199 0.083982 0.990576 -8.712630 -9.635803 149.459556
0.993998 -0.027647 -0.105846 0.018415 0.996018 -0.087226 0.107836 0.084753 0.990549 -8.809907 -9.728200 150.338909
0.994041 -0.029516 -0.104935 0.020184 0.995835 -0.088907 0.107122 0.086259 0.990497 -8.910576 -9.825635 151.291487
0.993881 -0.030858 -0.106054 0.021329 0.995727 -0.089846 0.108373 0.087034 0.990293 -9.015595 -9.926039 152.269127
0.993884 -0.032186 -0.105631 0.022552 0.995581 -0.091162 0.108098 0.088222 0.990218 -9.113820 -10.026642 153.226732
0.993993 -0.032552 -0.104494 0.023061 0.995603 -0.090788 0.106990 0.087833 0.990373 -9.223543 -10.127014 154.218576
0.993918 -0.032724 -0.105148 0.023298 0.995700 -0.089659 0.107630 0.086664 0.990407 -9.323324 -10.223647 155.144266
0.993905 -0.031581 -0.105622 0.022260 0.995846 -0.088295 0.107972 0.085405 0.990479 -9.430247 -10.328506 156.117455
0.993655 -0.030964 -0.108128 0.021466 0.995896 -0.087926 0.110406 0.085047 0.990241 -9.533544 -10.431918 157.063575
0.993460 -0.029262 -0.110367 0.019609 0.995967 -0.087554 0.112484 0.084818 0.990027 -9.644504 -10.528815 157.977527
0.993416 -0.027617 -0.111186 0.017843 0.995965 -0.087956 0.113166 0.085393 0.989900 -9.751941 -10.622241 158.863318
0.993176 -0.026042 -0.113680 0.015942 0.995916 -0.088868 0.115530 0.086450 0.989535 -9.848447 -10.701814 159.614105
0.992866 -0.025879 -0.116392 0.015623 0.995982 -0.088176 0.118207 0.085729 0.989281 -9.937521 -10.776240 160.316836
0.992677 -0.026085 -0.117949 0.015747 0.996019 -0.087745 0.119768 0.085245 0.989135 -10.030825 -10.855462 161.065809
0.992448 -0.026325 -0.119805 0.015983 0.996125 -0.086480 0.121617 0.083912 0.989024 -10.124631 -10.930829 161.796144
0.992246 -0.026367 -0.121460 0.016000 0.996205 -0.085549 0.123255 0.082942 0.988903 -10.221539 -11.011945 162.542254
0.992113 -0.026189 -0.122577 0.015767 0.996236 -0.085241 0.124348 0.082636 0.988792 -10.328831 -11.099218 163.337750
0.992094 -0.026985 -0.122565 0.016501 0.996179 -0.085765 0.124411 0.083065 0.988748 -10.435656 -11.188564 164.168563
0.991979 -0.027181 -0.123449 0.016488 0.996087 -0.086832 0.125326 0.084100 0.988545 -10.553563 -11.285182 165.067698
0.991638 -0.026808 -0.126235 0.015820 0.996060 -0.087261 0.128077 0.084534 0.988155 -10.673188 -11.381286 165.908496
0.991172 -0.025586 -0.130093 0.014370 0.996154 -0.086432 0.131804 0.083800 0.987727 -10.803129 -11.476882 166.817385
0.990638 -0.024247 -0.134346 0.012879 0.996311 -0.084849 0.135908 0.082324 0.987295 -10.937491 -11.572340 167.734805
0.990030 -0.024612 -0.138688 0.013056 0.996412 -0.083621 0.140248 0.080977 0.986799 -11.060669 -11.660048 168.591627
0.989253 -0.024535 -0.144144 0.012760 0.996546 -0.082056 0.145659 0.079335 0.986149 -11.171688 -11.740429 169.313497
0.988467 -0.024993 -0.149357 0.013005 0.996653 -0.080708 0.150874 0.077835 0.985484 -11.278930 -11.815265 170.004203
0.987307 -0.026614 -0.156579 0.014170 0.996689 -0.080062 0.158192 0.076827 0.984415 -11.392036 -11.890378 170.709226
0.986213 -0.027038 -0.163255 0.014130 0.996717 -0.079719 0.164875 0.076314 0.983358 -11.503849 -11.954295 171.368652
0.985152 -0.027627 -0.169444 0.014392 0.996783 -0.078843 0.171078 0.075233 0.982381 -11.643919 -12.031783 172.165936
0.984200 -0.027681 -0.174883 0.014163 0.996847 -0.078079 0.176492 0.074368 0.981489 -11.796868 -12.109178 173.008607
0.983432 -0.027874 -0.179121 0.014040 0.996851 -0.078043 0.180732 0.074236 0.980727 -11.934619 -12.180541 173.741184
0.982492 -0.028633 -0.184089 0.014255 0.996776 -0.078957 0.185756 0.074950 0.979733 -12.084360 -12.259315 174.530749
0.981506 -0.029770 -0.189102 0.014968 0.996744 -0.079224 0.190844 0.074929 0.978756 -12.244374 -12.339719 175.351615
0.980503 -0.030416 -0.194137 0.015107 0.996692 -0.079857 0.195924 0.075368 0.977718 -12.390459 -12.418036 176.091712
0.979419 -0.031457 -0.199370 0.015751 0.996680 -0.079877 0.201220 0.075093 0.976663 -12.545385 -12.499226 176.877866
0.978925 -0.032939 -0.201547 0.017082 0.996655 -0.079917 0.203506 0.074790 0.976213 -12.705239 -12.575637 177.655499
0.978651 -0.033558 -0.202773 0.017564 0.996627 -0.080166 0.204779 0.074893 0.975939 -12.873775 -12.653669 178.476371
0.978337 -0.033348 -0.204314 0.017160 0.996607 -0.080499 0.206305 0.075250 0.975590 -13.040295 -12.735514 179.264932
0.977879 -0.033267 -0.206508 0.016686 0.996532 -0.081522 0.208503 0.076272 0.975043 -13.208088 -12.818424 180.049112
0.977421 -0.033243 -0.208669 0.015948 0.996336 -0.084022 0.210698 0.078797 0.974370 -13.366525 -12.900187 180.779559
0.976966 -0.032640 -0.210885 0.014600 0.996141 -0.086543 0.212896 0.081471 0.973672 -13.533467 -12.978957 181.519204
0.976252 -0.032244 -0.214223 0.013386 0.995950 -0.088903 0.216222 0.083924 0.972731 -13.696182 -13.057600 182.242447
0.975612 -0.032257 -0.217120 0.012908 0.995862 -0.089953 0.219123 0.084957 0.971991 -13.852537 -13.138938 182.946290
0.974979 -0.033537 -0.219751 0.013515 0.995668 -0.091988 0.221884 0.086717 0.971209 -14.003541 -13.219810 183.630375
0.974022 -0.033606 -0.223945 0.012884 0.995549 -0.093355 0.226085 0.088045 0.970120 -14.171229 -13.302109 184.327123
0.972901 -0.034338 -0.228659 0.012996 0.995469 -0.094194 0.230858 0.088670 0.968939 -14.323456 -13.376514 184.959636
0.972034 -0.035056 -0.232209 0.013228 0.995399 -0.094897 0.234468 0.089172 0.968025 -14.478235 -13.449236 185.595952
0.971207 -0.035206 -0.235623 0.012842 0.995319 -0.095787 0.237893 0.090003 0.967113 -14.644573 -13.527126 186.264184
0.970352 -0.036357 -0.238944 0.013645 0.995285 -0.096028 0.241309 0.089920 0.966273 -14.834302 -13.612394 187.012309
0.969309 -0.037371 -0.242987 0.014214 0.995245 -0.096364 0.245433 0.089953 0.965231 -15.023814 -13.700221 187.747019
0.968366 -0.038363 -0.246568 0.014669 0.995155 -0.097220 0.249103 0.090528 0.964237 -15.218634 -13.792520 188.488201
0.967423 -0.039126 -0.250125 0.014745 0.995016 -0.098618 0.252737 0.091717 0.963178 -15.427359 -13.888056 189.282242
0.966980 -0.039589 -0.251757 0.014613 0.994849 -0.100312 0.254431 0.093321 0.962578 -15.653799 -13.988125 190.121135
0.966744 -0.039051 -0.252746 0.013690 0.994759 -0.101331 0.255379 0.094502 0.962212 -15.878681 -14.088336 190.955083
0.966598 -0.038013 -0.253461 0.012382 0.994711 -0.101962 0.255997 0.095418 0.961957 -16.117607 -14.193446 191.829191
0.966325 -0.037310 -0.254604 0.011511 0.994710 -0.102079 0.257066 0.095711 0.961643 -16.370788 -14.304661 192.761881
0.966503 -0.035847 -0.254139 0.010166 0.994768 -0.101652 0.256453 0.095664 0.961811 -16.619520 -14.416315 193.687524
0.965798 -0.036819 -0.256667 0.010658 0.994667 -0.102583 0.259075 0.096339 0.961041 -16.880796 -14.536362 194.657135
0.965452 -0.038329 -0.257748 0.011457 0.994410 -0.104961 0.260331 0.098382 0.960494 -17.136732 -14.648065 195.593349
0.965167 -0.039177 -0.258685 0.011691 0.994196 -0.106949 0.261373 0.100199 0.960023 -17.420236 -14.784375 196.635328
0.964456 -0.040106 -0.261180 0.011746 0.993945 -0.109253 0.263981 0.102302 0.959087 -17.665354 -14.905121 197.525854
0.963843 -0.039423 -0.263539 0.010543 0.993863 -0.110113 0.266263 0.103353 0.958344 -17.934775 -15.034404 198.470738
0.963139 -0.040490 -0.265941 0.010704 0.993593 -0.112511 0.268792 0.105517 0.957401 -18.249125 -15.187983 199.584529
0.961958 -0.040905 -0.270119 0.010287 0.993449 -0.113809 0.273005 0.106700 0.956077 -18.569477 -15.345963 200.691079
0.960050 -0.040756 -0.276843 0.008818 0.993251 -0.115646 0.279688 0.108585 0.953931 -18.885497 -15.504525 201.761870
0.958651 -0.041607 -0.281526 0.008286 0.992916 -0.118528 0.284464 0.111295 0.952205 -19.159876 -15.638782 202.632565
0.957130 -0.042769 -0.286484 0.008121 0.992613 -0.121052 0.289545 0.113536 0.950407 -19.460420 -15.780496 203.570836
0.955042 -0.043865 -0.293207 0.007645 0.992309 -0.123552 0.296371 0.115756 0.948032 -19.784919 -15.931956 204.602763
0.952998 -0.042059 -0.300044 0.005463 0.992542 -0.121777 0.302928 0.114414 0.946121 -20.112456 -16.087084 205.623669
0.952018 -0.038843 -0.303566 0.002803 0.992978 -0.118264 0.306028 0.111739 0.945442 -20.414701 -16.217182 206.531653
0.951451 -0.036637 -0.305612 0.000999 0.993253 -0.115962 0.307799 0.110027 0.945068 -20.727798 -16.349979 207.474839
0.951374 -0.037393 -0.305760 0.001114 0.993016 -0.117974 0.308036 0.111897 0.944771 -21.001824 -16.468440 208.300227
0.951685 -0.039237 -0.304558 0.002217 0.992655 -0.120959 0.307067 0.114439 0.944782 -21.264661 -16.583752 209.113933
0.951832 -0.041339 -0.303821 0.003627 0.992318 -0.123658 0.306599 0.116600 0.944670 -21.529299 -16.707189 209.950399
0.951755 -0.041474 -0.304043 0.003387 0.992184 -0.124740 0.306840 0.117692 0.944456 -21.815917 -16.836297 210.843312
0.952620 -0.040448 -0.301463 0.002664 0.992190 -0.124708 0.304152 0.117996 0.945287 -22.102851 -16.966363 211.724712
0.953004 -0.038335 -0.300524 0.001106 0.992396 -0.123084 0.302957 0.116968 0.945799 -22.369278 -17.089524 212.569259
0.953338 -0.036348 -0.299708 -0.000550 0.992515 -0.122121 0.301904 0.116588 0.946183 -22.642600 -17.211950 213.399754
0.953271 -0.035169 -0.300062 -0.001833 0.992510 -0.122153 0.302110 0.116995 0.946066 -22.931819 -17.345574 214.296650
0.953058 -0.034842 -0.300776 -0.003092 0.992185 -0.124734 0.302772 0.119809 0.945503 -23.211267 -17.467766 215.143386
0.953186 -0.034464 -0.300414 -0.004382 0.991805 -0.127684 0.302352 0.123023 0.945224 -23.454256 -17.574724 215.873938
0.953159 -0.033511 -0.300608 -0.005763 0.991651 -0.128821 0.302415 0.124519 0.945008 -23.699018 -17.685304 216.617441
0.952812 -0.033092 -0.301751 -0.006138 0.991737 -0.128140 0.303498 0.123946 0.944736 -23.950317 -17.801984 217.383307
0.952814 -0.031607 -0.301905 -0.007406 0.991848 -0.127213 0.303464 0.123446 0.944812 -24.185231 -17.914133 218.107208
0.953245 -0.030998 -0.300605 -0.007736 0.991896 -0.126815 0.302099 0.123211 0.945280 -24.407045 -18.020028 218.787654
0.953975 -0.030961 -0.298283 -0.007448 0.991903 -0.126777 0.299793 0.123164 0.946021 -24.621815 -18.124524 219.458420
0.954826 -0.029963 -0.295653 -0.008312 0.991822 -0.127359 0.297051 0.124063 0.946768 -24.853363 -18.233440 220.170355
0.955116 -0.029798 -0.294728 -0.008351 0.991824 -0.127337 0.296113 0.124083 0.947059 -25.096023 -18.351737 220.928985
0.954974 -0.028948 -0.295275 -0.009367 0.991791 -0.127526 0.296543 0.124550 0.946863 -25.331357 -18.465162 221.651434
0.954173 -0.027956 -0.297946 -0.010734 0.991789 -0.127433 0.299062 0.124791 0.946039 -25.553677 -18.575169 222.328977
0.953498 -0.027546 -0.300139 -0.011398 0.991807 -0.127235 0.301185 0.124739 0.945372 -25.821272 -18.699410 223.156884
0.953062 -0.027218 -0.301549 -0.011916 0.991808 -0.127183 0.302540 0.124807 0.944930 -26.092724 -18.829416 223.992835
0.952184 -0.026021 -0.304415 -0.013814 0.991681 -0.127976 0.305213 0.126062 0.943903 -26.368741 -18.955461 224.827968
0.950822 -0.025331 -0.308700 -0.015390 0.991555 -0.128769 0.309355 0.127187 0.942403 -26.649471 -19.083795 225.664759
0.949558 -0.026193 -0.312495 -0.015623 0.991317 -0.130561 0.313201 0.128858 0.940904 -26.907558 -19.212013 226.434097
0.948898 -0.026258 -0.314489 -0.016420 0.991075 -0.132292 0.315156 0.130695 0.939998 -27.162680 -19.330946 227.188219
0.948610 -0.026408 -0.315342 -0.016786 0.990910 -0.133476 0.316001 0.131910 0.939544 -27.441549 -19.459276 228.013118
0.947902 -0.026518 -0.317456 -0.017408 0.990728 -0.134739 0.318085 0.133246 0.938652 -27.742725 -19.597862 228.884916
0.946988 -0.026561 -0.320169 -0.017960 0.990641 -0.135303 0.320766 0.133881 0.937649 -28.044005 -19.737863 229.751890
0.945942 -0.025819 -0.323306 -0.019100 0.990662 -0.134996 0.323773 0.133874 0.936616 -28.335127 -19.873979 230.575776
0.945137 -0.024518 -0.325754 -0.020470 0.990775 -0.133962 0.326033 0.133280 0.935916 -28.623606 -20.010056 231.383297
0.944027 -0.023407 -0.329037 -0.021790 0.990876 -0.133007 0.329148 0.132732 0.934903 -28.911508 -20.137383 232.184704
0.942263 -0.022507 -0.334117 -0.023420 0.990867 -0.132795 0.334054 0.132953 0.933130 -29.169739 -20.245850 232.877840
0.939769 -0.022272 -0.341085 -0.025069 0.990696 -0.133764 0.340891 0.134258 0.930467 -29.443134 -20.363302 233.592010
0.936873 -0.021307 -0.349021 -0.027522 0.990552 -0.134348 0.348586 0.135473 0.927435 -29.745713 -20.490606 234.357419
0.933855 -0.019305 -0.357132 -0.030975 0.990425 -0.134534 0.356309 0.136697 0.924315 -30.016703 -20.600583 235.044015
0.932039 -0.017702 -0.361925 -0.033826 0.990194 -0.135539 0.360775 0.138570 0.922301 -30.326409 -20.723407 235.814766
0.930439 -0.015771 -0.366108 -0.036841 0.989986 -0.136277 0.364591 0.140285 0.920540 -30.637320 -20.846675 236.566077
0.928955 -0.013865 -0.369934 -0.039434 0.989907 -0.136124 0.368087 0.141040 0.919032 -30.965825 -20.977791 237.356381
0.926778 -0.013418 -0.375369 -0.041056 0.989755 -0.136745 0.373359 0.142144 0.916733 -31.274441 -21.098523 238.073655
0.924822 -0.013228 -0.380170 -0.042509 0.989542 -0.137840 0.378017 0.143638 0.914588 -31.543628 -21.207555 238.685489
0.922316 -0.013542 -0.386199 -0.044055 0.989185 -0.139897 0.383917 0.146044 0.911745 -31.757192 -21.294625 239.169631
0.919705 -0.014087 -0.392356 -0.045390 0.988840 -0.141900 0.389977 0.148316 0.908802 -31.974093 -21.377237 239.653781
0.915451 -0.015231 -0.402140 -0.046615 0.988543 -0.143558 0.399720 0.150166 0.904253 -32.188397 -21.461416 240.123764
0.909526 -0.015390 -0.415363 -0.049162 0.988317 -0.144269 0.412730 0.151636 0.898143 -32.419319 -21.542265 240.595724
0.902929 -0.016096 -0.429488 -0.050995 0.988227 -0.144245 0.426753 0.152145 0.891478 -32.688138 -21.641543 241.134066
0.892194 -0.016552 -0.451349 -0.053652 0.988368 -0.142301 0.448455 0.151176 0.880928 -32.974950 -21.740714 241.679448
0.879852 -0.016384 -0.474966 -0.057370 0.988435 -0.140372 0.471773 0.150756 0.868736 -33.301306 -21.843198 242.241586
0.864541 -0.017100 -0.502272 -0.060860 0.988503 -0.138411 0.498864 0.150230 0.853560 -33.544996 -21.913361 242.628281
0.849477 -0.016608 -0.527364 -0.065905 0.988336 -0.137286 0.523493 0.151378 0.838475 -33.784760 -21.979940 242.975149
0.831627 -0.016619 -0.555085 -0.070337 0.988350 -0.134969 0.550862 0.151287 0.820770 -34.066050 -22.048683 243.362846
0.810621 -0.016399 -0.585342 -0.074759 0.988530 -0.131227 0.580779 0.150134 0.800097 -34.402748 -22.130952 243.807688
0.784246 -0.015976 -0.620244 -0.079713 0.988789 -0.126259 0.615307 0.148460 0.774181 -34.773490 -22.215322 244.272392
0.758651 -0.015176 -0.651320 -0.083716 0.989170 -0.120559 0.646096 0.145988 0.749165 -35.157552 -22.290668 244.697415
0.728117 -0.013986 -0.685310 -0.088252 0.989558 -0.113959 0.679748 0.143455 0.719280 -35.577256 -22.366557 245.117273
0.693542 -0.011975 -0.720317 -0.093725 0.989864 -0.106698 0.714293 0.141511 0.685390 -36.041497 -22.444354 245.533895
0.657426 -0.009592 -0.753458 -0.099844 0.989993 -0.099722 0.746875 0.140788 0.649889 -36.486739 -22.509827 245.892629
0.617947 -0.007325 -0.786186 -0.106851 0.989896 -0.093208 0.778925 0.141603 0.610921 -36.967318 -22.574703 246.243907
0.578698 -0.006416 -0.815517 -0.111501 0.989957 -0.086910 0.807884 0.141225 0.572171 -37.451602 -22.633104 246.565082
0.535345 -0.007035 -0.844604 -0.114944 0.990056 -0.081102 0.836776 0.140499 0.529213 -37.963252 -22.691904 246.874447
0.490170 -0.008224 -0.871588 -0.117698 0.990172 -0.075535 0.863644 0.139610 0.484385 -38.457453 -22.744583 247.119497
0.445503 -0.008173 -0.895243 -0.120696 0.990281 -0.069103 0.887108 0.138837 0.440186 -38.949797 -22.792708 247.337673
0.392445 -0.007392 -0.919746 -0.125297 0.990216 -0.061421 0.911201 0.139346 0.387680 -39.489164 -22.835956 247.531815
0.337559 -0.006958 -0.941279 -0.129162 0.990172 -0.053639 0.932401 0.139684 0.333342 -40.040560 -22.871810 247.695670
0.282542 -0.004590 -0.959244 -0.132461 0.990222 -0.043754 0.950065 0.139425 0.279172 -40.610766 -22.908140 247.829835
0.223959 -0.001395 -0.974598 -0.135678 0.990217 -0.032596 0.965108 0.139532 0.221578 -41.182343 -22.932921 247.935293
0.166638 0.000838 -0.986018 -0.137540 0.990243 -0.022403 0.976378 0.139350 0.165127 -41.680104 -22.951007 247.995683
0.107191 0.004620 -0.994228 -0.139560 0.990158 -0.010445 0.984395 0.139874 0.106781 -42.211174 -22.965441 248.025133
0.046256 0.007909 -0.998898 -0.139568 0.990212 0.001377 0.989132 0.139350 0.046907 -42.685539 -22.974968 248.020447
-0.013818 0.010811 -0.999846 -0.138755 0.990246 0.012624 0.990230 0.138908 -0.012183 -43.142881 -22.978294 247.975397
-0.070476 0.013821 -0.997418 -0.137207 0.990266 0.023416 0.988032 0.138503 -0.067894 -43.598653 -22.976134 247.907332
-0.123045 0.017567 -0.992246 -0.135487 0.990184 0.034332 0.983109 0.138660 -0.119457 -44.092614 -22.966828 247.815529
-0.176685 0.021132 -0.984041 -0.132427 0.990169 0.045041 0.975318 0.138271 -0.172150 -44.509105 -22.950349 247.703950
-0.230534 0.025679 -0.972725 -0.129501 0.989950 0.056825 0.964408 0.139069 -0.224892 -44.852624 -22.930334 247.580840
-0.288045 0.030449 -0.957133 -0.126620 0.989508 0.069585 0.949209 0.141236 -0.281167 -45.244526 -22.899899 247.418976
-0.344060 0.035640 -0.938271 -0.122641 0.989013 0.082539 0.930904 0.143469 -0.335909 -45.680327 -22.857659 247.210707
-0.393481 0.041974 -0.918374 -0.116988 0.988550 0.095305 0.911859 0.144939 -0.384065 -46.150989 -22.807958 246.972563
-0.444531 0.050357 -0.894347 -0.109355 0.987900 0.109979 0.889063 0.146691 -0.433645 -46.547059 -22.768159 246.745592
-0.495471 0.057853 -0.866696 -0.101922 0.987015 0.124151 0.862624 0.149848 -0.483141 -46.937822 -22.718588 246.504615
-0.544955 0.065305 -0.835918 -0.094578 0.985812 0.138673 0.833114 0.154630 -0.531046 -47.306529 -22.655263 246.221659
-0.592404 0.070069 -0.802589 -0.087028 0.984816 0.150215 0.800927 0.158836 -0.577310 -47.689388 -22.584259 245.914142
-0.637100 0.073309 -0.767287 -0.078715 0.984074 0.159381 0.766752 0.161939 -0.621183 -48.095134 -22.500997 245.536152
-0.679362 0.075504 -0.729909 -0.070422 0.983393 0.167271 0.730417 0.165039 -0.662762 -48.452523 -22.421180 245.152968
-0.717336 0.077268 -0.692429 -0.060966 0.983058 0.172858 0.694054 0.166212 -0.700473 -48.778821 -22.338888 244.759492
-0.753998 0.077617 -0.652275 -0.051438 0.982969 0.176426 0.654860 0.166576 -0.737164 -49.094819 -22.255802 244.359681
-0.786093 0.078388 -0.613117 -0.041514 0.982991 0.178902 0.616712 0.166086 -0.769468 -49.358806 -22.171108 243.960479
-0.815945 0.078875 -0.572724 -0.032757 0.982751 0.182011 0.577201 0.167271 -0.799287 -49.622694 -22.086244 243.549174
-0.841828 0.080265 -0.533745 -0.024182 0.982279 0.185856 0.539204 0.169366 -0.824969 -49.887817 -21.988822 243.083128
-0.862553 0.081788 -0.499313 -0.016580 0.981750 0.189454 0.505695 0.171693 -0.845455 -50.165086 -21.883028 242.581908
-0.882561 0.084829 -0.462483 -0.006828 0.981176 0.192997 0.470149 0.173490 -0.865368 -50.451551 -21.766945 241.997366
-0.900323 0.086285 -0.426583 0.001321 0.980688 0.195576 0.435219 0.175518 -0.883050 -50.699943 -21.648785 241.435307
-0.913714 0.086028 -0.397147 0.007194 0.980605 0.195863 0.406294 0.176106 -0.896611 -50.935084 -21.531300 240.859918
-0.927481 0.086570 -0.363709 0.015206 0.980753 0.194662 0.373561 0.175015 -0.910946 -51.179611 -21.397290 240.206779
-0.938203 0.086907 -0.334995 0.021715 0.980832 0.193639 0.345403 0.174399 -0.922107 -51.414178 -21.259790 239.534770
-0.945989 0.086086 -0.312560 0.026150 0.981221 0.191106 0.323142 0.172611 -0.930476 -51.605747 -21.132453 238.899807
-0.955197 0.085842 -0.283248 0.032160 0.981453 0.188989 0.294218 0.171412 -0.940241 -51.753464 -21.028522 238.327033
-0.962650 0.085985 -0.256731 0.037544 0.981463 0.187937 0.268132 0.171279 -0.948034 -51.907374 -20.909527 237.678113
-0.969867 0.086929 -0.227598 0.044063 0.981360 0.187056 0.239617 0.171391 -0.955620 -52.069844 -20.774587 236.926910
-0.976108 0.086224 -0.199447 0.048841 0.981472 0.185276 0.211727 0.171108 -0.962234 -52.225886 -20.623450 236.128904
-0.982078 0.085895 -0.167764 0.054509 0.981518 0.183444 0.180421 0.171011 -0.968609 -52.353494 -20.480175 235.326860
-0.987793 0.085212 -0.130402 0.060806 0.981630 0.180845 0.143417 0.170708 -0.974828 -52.447341 -20.344374 234.553217
-0.992127 0.086274 -0.090781 0.068863 0.981263 0.179947 0.104605 0.172279 -0.979478 -52.507969 -20.213762 233.781409
-0.994679 0.087555 -0.054299 0.076571 0.980873 0.178958 0.068929 0.173848 -0.982357 -52.542733 -20.087765 233.003881
-0.996134 0.085872 -0.018534 0.081295 0.981028 0.176000 0.033296 0.173813 -0.984216 -52.549679 -19.961614 232.248680
-0.996120 0.086190 0.017769 0.087962 0.981280 0.171323 -0.002670 0.172221 -0.985055 -52.532759 -19.846787 231.517847
-0.994939 0.085951 0.052043 0.093507 0.981600 0.166487 -0.036776 0.170510 -0.984669 -52.477820 -19.723644 230.725709
-0.992335 0.085954 0.088791 0.099595 0.981614 0.162836 -0.073162 0.170431 -0.982650 -52.397536 -19.618776 230.005700
-0.988527 0.085482 0.124527 0.105029 0.981515 0.159989 -0.108549 0.171232 -0.979233 -52.290306 -19.503223 229.210983
-0.984274 0.085112 0.154789 0.109466 0.981622 0.156320 -0.138640 0.170806 -0.975502 -52.154568 -19.380465 228.392303
-0.979769 0.084489 0.181425 0.113071 0.981662 0.153474 -0.165131 0.170882 -0.971355 -52.001006 -19.261613 227.568863
-0.975660 0.084538 0.202339 0.116370 0.981663 0.150983 -0.185865 0.170855 -0.967607 -51.808718 -19.131202 226.637518
-0.970792 0.084069 0.224713 0.119632 0.981476 0.149642 -0.207970 0.172154 -0.962866 -51.645985 -19.037548 225.949848
-0.965149 0.082384 0.248394 0.121663 0.981601 0.147162 -0.231700 0.172254 -0.957415 -51.425751 -18.917541 225.123554
-0.961154 0.082214 0.263486 0.123560 0.981776 0.144389 -0.246813 0.171337 -0.953796 -51.182312 -18.795959 224.263379
-0.957980 0.082781 0.274628 0.125566 0.981864 0.142046 -0.257889 0.170561 -0.951001 -50.915791 -18.671748 223.377888
-0.956322 0.082727 0.280364 0.126607 0.981710 0.142182 -0.263474 0.171468 -0.949305 -50.628981 -18.540002 222.414157
-0.955283 0.082531 0.283942 0.127233 0.981546 0.142757 -0.266920 0.172500 -0.948155 -50.351639 -18.414736 221.493824
-0.954858 0.083574 0.285063 0.128373 0.981470 0.142257 -0.267892 0.172430 -0.947893 -50.105131 -18.307104 220.677997
-0.955045 0.083541 0.284447 0.127744 0.981797 0.140558 -0.267527 0.170576 -0.948332 -49.831801 -18.179708 219.773387
-0.955675 0.082969 0.282492 0.126784 0.981927 0.140515 -0.265728 0.170102 -0.948922 -49.564717 -18.054910 218.876335
-0.956549 0.082841 0.279556 0.126421 0.981814 0.141627 -0.262739 0.170815 -0.949626 -49.310501 -17.942694 218.021595
-0.957448 0.082751 0.276487 0.125754 0.981905 0.141593 -0.259767 0.170337 -0.950530 -49.009911 -17.809611 217.013341
-0.958895 0.082497 0.271504 0.124717 0.981964 0.142103 -0.254884 0.170123 -0.951889 -48.717680 -17.673948 215.976235
-0.959948 0.081945 0.267926 0.123557 0.982078 0.142322 -0.251461 0.169726 -0.952869 -48.400861 -17.517664 214.849266
-0.961198 0.080806 0.263758 0.121684 0.982285 0.142508 -0.247570 0.169074 -0.954004 -48.131594 -17.390402 213.881965
-0.962535 0.079583 0.259214 0.119481 0.982632 0.141981 -0.243413 0.167633 -0.955327 -47.850888 -17.257134 212.872171
-0.963932 0.078022 0.254454 0.116725 0.983143 0.140727 -0.239185 0.165353 -0.956791 -47.586601 -17.127164 211.909721
-0.964636 0.078449 0.251642 0.116146 0.983511 0.138623 -0.236618 0.162947 -0.957841 -47.309725 -16.985879 210.881639
-0.965610 0.077475 0.248185 0.114308 0.983869 0.137608 -0.233520 0.161245 -0.958889 -47.059008 -16.864130 209.943827
-0.965996 0.077414 0.246697 0.114156 0.983791 0.138287 -0.231993 0.161747 -0.959175 -46.811762 -16.752073 208.995967
-0.966096 0.076840 0.246482 0.114022 0.983521 0.140303 -0.231640 0.163651 -0.958938 -46.547956 -16.628761 207.981790
-0.966139 0.076449 0.246435 0.113447 0.983687 0.139606 -0.231742 0.162836 -0.959052 -46.286765 -16.509629 207.003336
-0.966297 0.077339 0.245540 0.114151 0.983634 0.139408 -0.230739 0.162738 -0.959310 -46.067137 -16.402312 206.137966
-0.966563 0.077726 0.244366 0.114171 0.983732 0.138695 -0.229610 0.161957 -0.959713 -45.849312 -16.297094 205.289732
-0.967393 0.077810 0.241032 0.113104 0.984200 0.136230 -0.226623 0.159050 -0.960908 -45.606292 -16.177147 204.333816
-0.968045 0.077148 0.238613 0.111590 0.984629 0.134366 -0.224579 0.156699 -0.961774 -45.377363 -16.057595 203.413815
-0.968381 0.075742 0.237700 0.109915 0.984872 0.133965 -0.223958 0.155856 -0.962056 -45.132642 -15.939560 202.426776
-0.968606 0.074419 0.237199 0.108666 0.984905 0.134737 -0.223592 0.156283 -0.962072 -44.892789 -15.830154 201.464899
-0.968757 0.074433 0.236580 0.108503 0.984968 0.134410 -0.223019 0.155880 -0.962270 -44.645091 -15.707074 200.484495
-0.968938 0.074198 0.235909 0.108080 0.985058 0.134090 -0.222435 0.155422 -0.962479 -44.414228 -15.597992 199.569292
-0.969187 0.074229 0.234875 0.107820 0.985158 0.133564 -0.221475 0.154772 -0.962805 -44.196200 -15.487782 198.666020
-0.969226 0.075045 0.234454 0.108394 0.985205 0.132749 -0.221023 0.154078 -0.963021 -43.991196 -15.383638 197.836131
-0.969125 0.075215 0.234819 0.108519 0.985254 0.132280 -0.221407 0.153678 -0.962996 -43.796687 -15.288771 197.083474
-0.969150 0.075236 0.234706 0.108791 0.985066 0.133452 -0.221161 0.154869 -0.962862 -43.600205 -15.193374 196.285178
-0.969218 0.074990 0.234506 0.108820 0.984878 0.134811 -0.220850 0.156180 -0.962722 -43.392275 -15.093888 195.437998
-0.969094 0.074805 0.235078 0.108881 0.984778 0.135487 -0.221365 0.156895 -0.962487 -43.185031 -14.991014 194.598147
-0.969101 0.075108 0.234951 0.109318 0.984640 0.136141 -0.221117 0.157619 -0.962426 -42.981271 -14.887354 193.771508
-0.969322 0.075455 0.233927 0.109365 0.984716 0.135549 -0.220124 0.156974 -0.962759 -42.783259 -14.785481 192.954989
-0.969717 0.075869 0.232149 0.109422 0.984752 0.135239 -0.218349 0.156545 -0.963233 -42.565757 -14.675972 192.068112
-0.969953 0.075207 0.231375 0.108492 0.984934 0.134665 -0.217761 0.155721 -0.963499 -42.343106 -14.562079 191.153026
-0.970000 0.074664 0.231353 0.107800 0.985092 0.134062 -0.217895 0.154980 -0.963589 -42.125237 -14.446441 190.255190
-0.969975 0.073210 0.231922 0.106553 0.985146 0.134664 -0.218618 0.155333 -0.963368 -41.902620 -14.333928 189.346173
-0.969749 0.071884 0.233281 0.105401 0.985286 0.134543 -0.220177 0.155061 -0.963057 -41.680705 -14.226142 188.443459
-0.970161 0.070397 0.232016 0.103694 0.985461 0.134586 -0.219168 0.154629 -0.963356 -41.448589 -14.112674 187.499055
-0.970600 0.068172 0.230842 0.101452 0.985569 0.135507 -0.218272 0.154943 -0.963509 -41.208688 -13.998641 186.524476
-0.971027 0.066763 0.229455 0.099720 0.985791 0.135173 -0.217170 0.154138 -0.963887 -40.994347 -13.885941 185.618830
-0.971761 0.066748 0.226330 0.099008 0.985980 0.134316 -0.214192 0.152931 -0.964745 -40.760697 -13.765509 184.605755
-0.971970 0.066349 0.225550 0.098244 0.986200 0.133259 -0.213596 0.151682 -0.965075 -40.525440 -13.639977 183.591665
-0.971943 0.065938 0.225783 0.097549 0.986460 0.131839 -0.214033 0.150164 -0.965215 -40.267003 -13.514962 182.501270
-0.972138 0.064722 0.225299 0.095897 0.986826 0.130297 -0.213898 0.148272 -0.965538 -40.026408 -13.393369 181.490617
-0.971973 0.064689 0.226015 0.095376 0.987229 0.127602 -0.214874 0.145582 -0.965730 -39.770349 -13.264561 180.402092
-0.972131 0.063858 0.225572 0.094147 0.987531 0.126173 -0.214702 0.143894 -0.966022 -39.532094 -13.154372 179.415365
-0.972224 0.061450 0.225841 0.091508 0.987912 0.125127 -0.215422 0.142317 -0.966095 -39.291046 -13.049512 178.435557
-0.971987 0.059710 0.227322 0.089800 0.988159 0.124412 -0.217202 0.141340 -0.965840 -39.077954 -12.946513 177.536067
-0.971690 0.058063 0.229015 0.088576 0.988158 0.125289 -0.219029 0.142028 -0.965326 -38.850517 -12.835583 176.598195
-0.971589 0.056836 0.229750 0.087748 0.988058 0.126653 -0.219808 0.143215 -0.964973 -38.650366 -12.735789 175.752214
-0.971506 0.057166 0.230019 0.088209 0.987970 0.127021 -0.219991 0.143691 -0.964861 -38.435916 -12.631834 174.870927
-0.971238 0.058073 0.230921 0.089166 0.987942 0.126573 -0.220786 0.143523 -0.964704 -38.212837 -12.526448 173.952815
-0.971290 0.058702 0.230541 0.089425 0.988098 0.125159 -0.220450 0.142181 -0.964980 -37.994323 -12.422429 173.020850
-0.971732 0.058046 0.228841 0.088582 0.988131 0.125504 -0.218840 0.142227 -0.965340 -37.779897 -12.321032 172.114524
-0.972294 0.057287 0.226633 0.087747 0.988053 0.126697 -0.216668 0.143073 -0.965704 -37.546023 -12.209395 171.135811
-0.972760 0.057111 0.224668 0.087306 0.988073 0.126843 -0.214744 0.143002 -0.966145 -37.297546 -12.079733 170.083950
-0.973170 0.057626 0.222755 0.087650 0.987979 0.127338 -0.212740 0.143446 -0.966522 -37.063595 -11.961570 169.070240
-0.973370 0.058801 0.221568 0.088391 0.988073 0.126089 -0.211511 0.142316 -0.966959 -36.829090 -11.850959 168.080999
-0.974233 0.058418 0.217847 0.087131 0.988372 0.124618 -0.208034 0.140388 -0.967994 -36.632883 -11.754259 167.229479
-0.974636 0.057881 0.216182 0.085779 0.988819 0.121981 -0.206704 0.137431 -0.968703 -36.431826 -11.664047 166.350795
-0.975445 0.055024 0.213259 0.082277 0.989224 0.121101 -0.204298 0.135673 -0.969461 -36.231859 -11.566994 165.435109
-0.976058 0.054233 0.210641 0.080796 0.989527 0.119618 -0.201947 0.133773 -0.970218 -36.016598 -11.462319 164.421837
-0.976364 0.053129 0.209499 0.079379 0.989722 0.118949 -0.201026 0.132768 -0.970547 -35.794946 -11.354703 163.398262
-0.976514 0.051720 0.209156 0.077828 0.989889 0.118584 -0.200908 0.132077 -0.970666 -35.565638 -11.238564 162.313825
-0.976696 0.050466 0.208612 0.076487 0.989991 0.118610 -0.200538 0.131802 -0.970779 -35.318702 -11.120769 161.211167
-0.976859 0.050467 0.207846 0.076147 0.990153 0.117465 -0.199872 0.130574 -0.971083 -35.096117 -11.011364 160.169257
-0.977308 0.051233 0.205535 0.076124 0.990435 0.115085 -0.197673 0.128119 -0.971859 -34.883110 -10.904940 159.129614
-0.977629 0.052264 0.203738 0.076335 0.990757 0.112136 -0.195994 0.125179 -0.972582 -34.686589 -10.815037 158.184908
-0.978641 0.052524 0.198751 0.075891 0.990824 0.111838 -0.191054 0.124532 -0.973648 -34.486256 -10.721852 157.215943
-0.980617 0.052010 0.188906 0.074143 0.990933 0.112051 -0.181365 0.123885 -0.975582 -34.288548 -10.624406 156.198268
-0.981406 0.052295 0.184684 0.073912 0.990936 0.112169 -0.177145 0.123734 -0.976376 -34.116111 -10.539705 155.267445
-0.981449 0.052474 0.184403 0.074104 0.990892 0.112435 -0.176823 0.124014 -0.976399 -33.926668 -10.441671 154.254379
-0.981926 0.052248 0.181911 0.073758 0.990789 0.113565 -0.174302 0.124930 -0.976735 -33.744359 -10.347694 153.274165
-0.982480 0.051263 0.179180 0.072635 0.990726 0.114831 -0.171631 0.125834 -0.977092 -33.578960 -10.256439 152.365794
-0.982529 0.053755 0.178176 0.075195 0.990417 0.115847 -0.170241 0.127221 -0.977155 -33.422847 -10.164728 151.470634
-0.982447 0.055366 0.178136 0.076727 0.990357 0.115355 -0.170032 0.126998 -0.977221 -33.258634 -10.070483 150.543327
-0.982481 0.055231 0.177988 0.076684 0.990285 0.115999 -0.169852 0.127616 -0.977172 -33.083347 -9.969179 149.565138
-0.982340 0.056063 0.178510 0.077789 0.990066 0.117129 -0.170170 0.128946 -0.976942 -32.918133 -9.879541 148.654582
-0.982417 0.057506 0.177622 0.079141 0.989947 0.117227 -0.169095 0.129223 -0.977092 -32.773783 -9.803567 147.827694
-0.982624 0.058755 0.176061 0.079944 0.990052 0.115785 -0.167506 0.127848 -0.977546 -32.633814 -9.723491 147.028968
-0.983039 0.059306 0.173542 0.079945 0.990206 0.114458 -0.165055 0.126390 -0.978153 -32.501353 -9.646425 146.263358
-0.983457 0.060157 0.170860 0.080304 0.990280 0.113563 -0.162368 0.125406 -0.978729 -32.383583 -9.576413 145.554397
-0.983658 0.060498 0.169581 0.080390 0.990337 0.113002 -0.161106 0.124788 -0.979016 -32.258098 -9.500509 144.841598
-0.983757 0.060310 0.169072 0.080272 0.990252 0.113832 -0.160559 0.125555 -0.979008 -32.121569 -9.422408 144.067205
-0.983987 0.059929 0.167864 0.079931 0.990138 0.115054 -0.159313 0.126629 -0.979073 -31.981182 -9.345268 143.248643
-0.984034 0.059682 0.167679 0.079643 0.990172 0.114959 -0.159170 0.126478 -0.979116 -31.827925 -9.260206 142.355970
-0.984198 0.059534 0.166764 0.079061 0.990443 0.113016 -0.158441 0.124415 -0.979498 -31.671510 -9.173172 141.449298
-0.984228 0.059458 0.166611 0.078407 0.990883 0.109562 -0.158578 0.120898 -0.979917 -31.547298 -9.106219 140.715818
-0.983886 0.059880 0.168472 0.078537 0.991222 0.106351 -0.160625 0.117869 -0.979952 -31.397049 -9.027467 139.856611
-0.983801 0.060824 0.168631 0.079277 0.991313 0.104946 -0.160783 0.116614 -0.980077 -31.242703 -8.951583 138.974137
-0.983903 0.061314 0.167854 0.079542 0.991379 0.104117 -0.160023 0.115793 -0.980298 -31.100373 -8.879196 138.149413
-0.984043 0.060850 0.167200 0.078832 0.991542 0.103099 -0.159513 0.114635 -0.980517 -30.961417 -8.808942 137.342896
-0.983926 0.060358 0.168069 0.078367 0.991624 0.102666 -0.160465 0.114187 -0.980414 -30.841341 -8.756298 136.649572
-0.983731 0.060934 0.168998 0.078973 0.991629 0.102155 -0.161359 0.113840 -0.980308 -30.749154 -8.722282 136.105171
-0.983578 0.060114 0.170179 0.078080 0.991825 0.100927 -0.162721 0.112557 -0.980231 -30.639696 -8.682760 135.494772
-0.983318 0.058664 0.172175 0.076440 0.992197 0.098498 -0.165053 0.110016 -0.980130 -30.543223 -8.646427 134.981224
-0.983138 0.058278 0.173333 0.075596 0.992598 0.095047 -0.166511 0.106547 -0.980266 -30.445072 -8.603571 134.419687
-0.982859 0.057550 0.175149 0.074726 0.992849 0.093102 -0.168538 0.104594 -0.980130 -30.326017 -8.553324 133.751767
-0.982620 0.056622 0.176783 0.073880 0.992957 0.092615 -0.170294 0.104066 -0.979883 -30.185602 -8.500508 133.008840
-0.982071 0.055627 0.180115 0.073005 0.993141 0.091331 -0.173799 0.102843 -0.979396 -30.040175 -8.446603 132.246099
-0.981589 0.054652 0.183020 0.071942 0.993412 0.089198 -0.176939 0.100722 -0.979054 -29.881981 -8.390171 131.438297
-0.981199 0.054169 0.185239 0.071515 0.993525 0.088276 -0.179257 0.099864 -0.978721 -29.723235 -8.336152 130.635862
-0.980644 0.053093 0.188464 0.070710 0.993607 0.088012 -0.182586 0.099635 -0.978128 -29.567435 -8.278283 129.879116
-0.980219 0.052800 0.190740 0.070661 0.993604 0.088082 -0.184870 0.099818 -0.977681 -29.430508 -8.230029 129.213010
-0.979877 0.053860 0.192200 0.071656 0.993639 0.086870 -0.186299 0.098895 -0.977503 -29.296368 -8.183686 128.563543
-0.979666 0.055247 0.192878 0.072949 0.993629 0.085909 -0.186903 0.098233 -0.977455 -29.190982 -8.143483 128.007670
-0.979649 0.055640 0.192850 0.073108 0.993723 0.084676 -0.186928 0.097051 -0.977568 -29.073480 -8.103677 127.427604
-0.979741 0.055903 0.192306 0.072841 0.993953 0.082164 -0.186550 0.094508 -0.977889 -28.963893 -8.066723 126.862676
-0.980009 0.056744 0.190690 0.073042 0.994151 0.079550 -0.185060 0.091888 -0.978422 -28.861648 -8.028014 126.290765
-0.980032 0.056572 0.190624 0.072472 0.994355 0.077498 -0.185164 0.089766 -0.978599 -28.744752 -7.985091 125.683720
-0.979931 0.055466 0.191467 0.070966 0.994650 0.075062 -0.186279 0.087143 -0.978625 -28.631568 -7.945428 125.083503
-0.979540 0.054922 0.193609 0.070282 0.994825 0.073377 -0.188577 0.085483 -0.978331 -28.518159 -7.907789 124.489900
-0.979463 0.054913 0.194003 0.070387 0.994787 0.073785 -0.188940 0.085925 -0.978222 -28.404979 -7.872743 123.889809
-0.979356 0.054474 0.194664 0.070251 0.994700 0.075079 -0.189543 0.087205 -0.977992 -28.269596 -7.833226 123.207818
-0.979016 0.053053 0.196754 0.068844 0.994856 0.074305 -0.191800 0.086292 -0.977633 -28.132214 -7.794266 122.522994
-0.979215 0.051208 0.196252 0.066459 0.995193 0.071926 -0.191626 0.083474 -0.977912 -28.005285 -7.760740 121.884734
-0.979212 0.052114 0.196032 0.066197 0.995623 0.065982 -0.191735 0.077587 -0.978375 -27.880223 -7.725388 121.245984
-0.979285 0.054792 0.194934 0.067431 0.995990 0.058795 -0.190931 0.070722 -0.979053 -27.776042 -7.696142 120.690250
-0.979271 0.054592 0.195057 0.066872 0.996136 0.056934 -0.191196 0.068798 -0.979138 -27.656731 -7.669149 120.088014
-0.978798 0.052370 0.198022 0.065145 0.996156 0.058556 -0.194194 0.070215 -0.978447 -27.521000 -7.640053 119.444265
-0.978424 0.049209 0.200660 0.062828 0.996092 0.062072 -0.196821 0.073339 -0.977693 -27.379823 -7.606508 118.779743
-0.978133 0.046600 0.202692 0.060883 0.996039 0.064807 -0.198869 0.075730 -0.977096 -27.228863 -7.568267 118.074763
-0.977668 0.045577 0.205156 0.060088 0.996070 0.065065 -0.201384 0.075939 -0.976564 -27.096685 -7.538551 117.450713
-0.977322 0.044897 0.206943 0.059357 0.996170 0.064198 -0.203268 0.075026 -0.976245 -26.980628 -7.512111 116.907282
-0.976579 0.045050 0.210390 0.059438 0.996269 0.062568 -0.206787 0.073607 -0.975613 -26.848585 -7.483305 116.288332
-0.975941 0.045270 0.213281 0.059778 0.996280 0.062070 -0.209678 0.073326 -0.975017 -26.706484 -7.446285 115.630423
-0.975474 0.044329 0.215603 0.059501 0.996149 0.064394 -0.211919 0.075643 -0.974356 -26.547359 -7.407805 114.918684
-0.975079 0.045354 0.217174 0.061261 0.995865 0.067083 -0.213233 0.078716 -0.973825 -26.384286 -7.365656 114.151371
-0.975058 0.045642 0.217206 0.061780 0.995764 0.068094 -0.213178 0.079815 -0.973748 -26.231910 -7.326716 113.452573
-0.974944 0.045023 0.217846 0.061098 0.995839 0.067622 -0.213895 0.079238 -0.973638 -26.087645 -7.296413 112.815936
-0.974811 0.045355 0.218372 0.061286 0.995886 0.066740 -0.214447 0.078442 -0.973581 -25.945141 -7.267257 112.187929
-0.974412 0.045315 0.220153 0.060763 0.996104 0.063909 -0.216400 0.075651 -0.973369 -25.782187 -7.229723 111.478992
-0.974054 0.045039 0.221787 0.060132 0.996277 0.061775 -0.218179 0.073508 -0.973136 -25.601356 -7.189301 110.699718
-0.973409 0.044760 0.224658 0.059825 0.996362 0.060702 -0.221124 0.072528 -0.972545 -25.396842 -7.143515 109.824054
-0.972501 0.044197 0.228666 0.059878 0.996273 0.062094 -0.225070 0.074079 -0.971523 -25.196175 -7.102332 108.986311
-0.971559 0.045885 0.232310 0.062183 0.996054 0.063324 -0.228488 0.075968 -0.970578 -25.004846 -7.065411 108.174361
-0.970904 0.047972 0.234616 0.064415 0.995937 0.062926 -0.230644 0.076208 -0.970049 -24.783285 -7.023043 107.278122
-0.970199 0.048786 0.237346 0.064881 0.996059 0.060476 -0.233460 0.074073 -0.969541 -24.579998 -6.983050 106.437813
-0.969585 0.049192 0.239762 0.064828 0.996223 0.057768 -0.236014 0.071554 -0.969112 -24.343205 -6.935045 105.496002
-0.969446 0.049991 0.240155 0.065279 0.996287 0.056125 -0.236458 0.070087 -0.969111 -24.118493 -6.896168 104.595548
-0.968973 0.049699 0.242120 0.065168 0.996285 0.056300 -0.238423 0.070331 -0.968611 -23.883505 -6.858864 103.686788
-0.968465 0.049117 0.244262 0.064512 0.996376 0.055428 -0.240655 0.069438 -0.968124 -23.645712 -6.822708 102.784863
-0.968080 0.050456 0.245511 0.065348 0.996460 0.052886 -0.241973 0.067241 -0.967950 -23.421856 -6.783953 101.899434
-0.967958 0.052522 0.245559 0.066623 0.996551 0.049468 -0.242114 0.064243 -0.968119 -23.234747 -6.757291 101.161422
-0.968012 0.054437 0.244926 0.067809 0.996614 0.046492 -0.241566 0.061613 -0.968426 -23.036837 -6.721481 100.362619
-0.967805 0.056072 0.245376 0.069943 0.996387 0.048179 -0.241788 0.063790 -0.968230 -22.834791 -6.692155 99.563481
-0.967738 0.054566 0.245980 0.069344 0.996246 0.051813 -0.242230 0.067199 -0.967889 -22.609641 -6.657320 98.690910
-0.967968 0.052103 0.245609 0.067371 0.996256 0.054172 -0.241867 0.068984 -0.967854 -22.369784 -6.614368 97.758627
-0.967923 0.051546 0.245904 0.066580 0.996361 0.053216 -0.242266 0.067881 -0.967832 -22.153715 -6.575734 96.920815
-0.967982 0.051544 0.245670 0.066150 0.996476 0.051571 -0.242146 0.066171 -0.967981 -21.937003 -6.535880 96.082819
-0.968380 0.051242 0.244162 0.065747 0.996500 0.051625 -0.240662 0.066045 -0.968359 -21.723317 -6.499052 95.232278
-0.968715 0.051909 0.242687 0.066214 0.996493 0.051159 -0.239180 0.065627 -0.968755 -21.525014 -6.469674 94.422748
-0.969043 0.053123 0.241111 0.067422 0.996397 0.051442 -0.237509 0.066106 -0.969133 -21.307654 -6.430235 93.520038
-0.969630 0.052825 0.238802 0.067492 0.996276 0.053659 -0.235078 0.068147 -0.969585 -21.083930 -6.387312 92.580994
-0.970014 0.053400 0.237112 0.068345 0.996130 0.055260 -0.233244 0.069808 -0.969909 -20.872367 -6.347709 91.673382
-0.970407 0.055218 0.235079 0.069806 0.996088 0.054186 -0.231167 0.068992 -0.970465 -20.661379 -6.307735 90.760387
-0.971257 0.056382 0.231260 0.070568 0.996070 0.053528 -0.227333 0.068309 -0.971418 -20.458474 -6.270844 89.873247
-0.972347 0.057962 0.226235 0.071272 0.996147 0.051110 -0.222401 0.065821 -0.972731 -20.266072 -6.240256 89.021114
-0.972515 0.061589 0.224546 0.073303 0.996330 0.044202 -0.221000 0.059447 -0.973460 -20.044583 -6.207414 88.039024
-0.972509 0.063775 0.223961 0.074579 0.996408 0.040108 -0.220598 0.055709 -0.973773 -19.801911 -6.177014 86.966042
-0.973199 0.063635 0.220983 0.074645 0.996333 0.041826 -0.217511 0.057200 -0.974380 -19.556586 -6.150798 85.898223
-0.973810 0.062886 0.218494 0.074505 0.996189 0.045344 -0.214810 0.060436 -0.974784 -19.333399 -6.123157 84.892557
-0.974249 0.064047 0.216186 0.075531 0.996115 0.045277 -0.212446 0.060440 -0.975302 -19.120637 -6.097181 83.930468
-0.975317 0.061844 0.211970 0.072468 0.996456 0.042716 -0.208577 0.057023 -0.976342 -18.918056 -6.077947 83.013277
-0.976562 0.061879 0.206150 0.071481 0.996661 0.039452 -0.203021 0.053263 -0.977725 -18.734599 -6.060400 82.131936
-0.977405 0.061686 0.202174 0.070652 0.996799 0.037430 -0.199218 0.050868 -0.978634 -18.530597 -6.037236 81.150061
-0.978120 0.061687 0.198684 0.070215 0.996876 0.036161 -0.195833 0.049320 -0.979396 -18.301683 -6.010666 80.040988
-0.978697 0.060993 0.196039 0.069434 0.996920 0.036473 -0.193211 0.049308 -0.979918 -18.084250 -5.986215 78.967699
-0.979739 0.059796 0.191146 0.068153 0.996972 0.037441 -0.188328 0.049710 -0.980847 -17.868869 -5.961851 77.876705
-0.980016 0.059374 0.189850 0.067681 0.996999 0.037571 -0.187050 0.049670 -0.981094 -17.666756 -5.932067 76.845291
-0.980091 0.058306 0.189794 0.066643 0.997059 0.037842 -0.187030 0.049737 -0.981094 -17.489308 -5.905378 75.924415
-0.980357 0.061264 0.187474 0.069424 0.996891 0.037269 -0.184608 0.049552 -0.981562 -17.330986 -5.889033 75.072960
-0.980585 0.063214 0.185628 0.070844 0.996882 0.034755 -0.182852 0.047230 -0.982005 -17.150699 -5.873793 74.099857
-0.980548 0.064197 0.185486 0.071393 0.996923 0.032373 -0.182837 0.044985 -0.982114 -16.964239 -5.857356 73.075791
-0.980643 0.064739 0.184791 0.071737 0.996928 0.031429 -0.182189 0.044077 -0.982275 -16.754474 -5.837867 71.945108
-0.981066 0.064493 0.182622 0.071385 0.996954 0.031416 -0.180040 0.043858 -0.982681 -16.548384 -5.810262 70.795251
-0.981438 0.065034 0.180418 0.071606 0.996977 0.030150 -0.177912 0.042509 -0.983128 -16.364312 -5.793227 69.768458
-0.981498 0.065235 0.180020 0.071333 0.997071 0.027604 -0.177692 0.039934 -0.983276 -16.171482 -5.771689 68.681539
-0.981400 0.063595 0.181136 0.069581 0.997214 0.026883 -0.178921 0.038987 -0.983091 -15.958247 -5.752373 67.534818
-0.981065 0.063089 0.183113 0.069296 0.997212 0.027691 -0.180855 0.039856 -0.982702 -15.758286 -5.732619 66.471405
-0.980863 0.062410 0.184425 0.068669 0.997254 0.027745 -0.182187 0.039878 -0.982455 -15.557566 -5.715782 65.416187
-0.980845 0.061969 0.184669 0.068118 0.997308 0.027133 -0.182490 0.039192 -0.982426 -15.375674 -5.698269 64.460701
-0.980710 0.064363 0.184570 0.069806 0.997292 0.023138 -0.182581 0.035576 -0.982547 -15.198885 -5.685792 63.523312
-0.980822 0.064034 0.184088 0.068932 0.997414 0.020327 -0.182311 0.032627 -0.982699 -15.015990 -5.670130 62.543766
-0.980859 0.065819 0.183258 0.070448 0.997337 0.018857 -0.181528 0.031406 -0.982884 -14.822079 -5.659661 61.496916
-0.980992 0.066065 0.182458 0.070723 0.997312 0.019133 -0.180703 0.031673 -0.983028 -14.623419 -5.650066 60.377657
-0.981254 0.065048 0.181409 0.069819 0.997358 0.020036 -0.179627 0.032327 -0.983204 -14.414735 -5.649127 59.256562
-0.981932 0.063165 0.178379 0.068060 0.997451 0.021450 -0.176570 0.033203 -0.983728 -14.213600 -5.641602 58.173809
-0.982440 0.063155 0.175567 0.067579 0.997527 0.019330 -0.173912 0.030856 -0.984278 -14.018357 -5.635339 57.086059
-0.982973 0.063140 0.172562 0.067012 0.997612 0.016704 -0.171096 0.027983 -0.984857 -13.833272 -5.628105 56.040355
-0.983510 0.063161 0.169464 0.066435 0.997696 0.013713 -0.168207 0.024745 -0.985441 -13.659935 -5.622937 55.037657
-0.983888 0.063283 0.167210 0.066292 0.997722 0.012473 -0.166040 0.023357 -0.985842 -13.487424 -5.621034 54.012408
-0.984055 0.063012 0.166329 0.066066 0.997732 0.012890 -0.165139 0.023673 -0.985986 -13.317398 -5.622918 52.990268
-0.984206 0.062922 0.165470 0.066054 0.997725 0.013489 -0.164244 0.024206 -0.986123 -13.147877 -5.619593 51.986932
-0.984412 0.063215 0.164123 0.066284 0.997712 0.013286 -0.162908 0.023957 -0.986350 -12.977675 -5.618326 51.001079
-0.984509 0.063720 0.163346 0.066530 0.997715 0.011789 -0.162221 0.022474 -0.986498 -12.808184 -5.616929 50.012856
-0.984957 0.062739 0.161007 0.065220 0.997819 0.010169 -0.160018 0.020517 -0.986901 -12.619611 -5.625368 48.906582
-0.985182 0.061358 0.160163 0.063544 0.997942 0.008555 -0.159309 0.018606 -0.987054 -12.432507 -5.630066 47.772913
-0.985239 0.061375 0.159803 0.063386 0.997961 0.007513 -0.159016 0.017531 -0.987120 -12.264109 -5.631506 46.772811
-0.985289 0.061727 0.159361 0.063789 0.997933 0.007852 -0.158547 0.017902 -0.987189 -12.106095 -5.636014 45.848922
-0.985511 0.061382 0.158113 0.063484 0.997949 0.008273 -0.157281 0.018191 -0.987386 -11.942402 -5.637789 44.891945
-0.985595 0.061132 0.157687 0.063137 0.997975 0.007734 -0.156895 0.017578 -0.987459 -11.797093 -5.645103 43.990169
-0.985277 0.062793 0.159017 0.064689 0.997882 0.006770 -0.158255 0.016957 -0.987253 -11.643300 -5.649148 43.020253
-0.985510 0.063007 0.157477 0.064767 0.997882 0.006062 -0.156762 0.016173 -0.987504 -11.482075 -5.656788 42.021815
-0.985799 0.061987 0.156069 0.063466 0.997974 0.004506 -0.155473 0.014347 -0.987736 -11.325436 -5.663694 41.082905
-0.986190 0.061039 0.153958 0.062390 0.998044 0.003954 -0.153415 0.013505 -0.988070 -11.190085 -5.674531 40.207269
-0.986381 0.060534 0.152932 0.061719 0.998089 0.003007 -0.152457 0.012405 -0.988232 -11.043569 -5.687060 39.268776
-0.986315 0.061429 0.153000 0.062409 0.998049 0.001607 -0.152603 0.011133 -0.988225 -10.900201 -5.701771 38.328645
-0.986118 0.062931 0.153661 0.063607 0.997975 -0.000519 -0.153383 0.009262 -0.988123 -10.757026 -5.718286 37.416680
-0.986053 0.064196 0.153550 0.064168 0.997926 -0.005139 -0.153561 0.004786 -0.988128 -10.608975 -5.738749 36.474252
-0.986153 0.065031 0.152553 0.064237 0.997883 -0.010129 -0.152889 -0.000189 -0.988243 -10.462971 -5.765706 35.560013
-0.986143 0.065975 0.152213 0.064779 0.997817 -0.012807 -0.152726 -0.002769 -0.988265 -10.293948 -5.793729 34.509662
-0.986235 0.066142 0.151542 0.064910 0.997806 -0.013065 -0.152073 -0.003049 -0.988365 -10.153886 -5.821279 33.558747
-0.986559 0.065856 0.149548 0.064699 0.997825 -0.012594 -0.150052 -0.002749 -0.988674 -9.979955 -5.851429 32.439059
-0.986729 0.065481 0.148585 0.064342 0.997850 -0.012466 -0.149082 -0.002740 -0.988821 -9.812513 -5.883564 31.341940
-0.986978 0.065914 0.146728 0.064837 0.997822 -0.012113 -0.147207 -0.002441 -0.989103 -9.659071 -5.916510 30.297970
-0.986828 0.066024 0.147686 0.064906 0.997815 -0.012382 -0.148181 -0.002634 -0.988957 -9.513833 -5.948291 29.306605
-0.986583 0.066288 0.149194 0.064851 0.997790 -0.014479 -0.149825 -0.004609 -0.988702 -9.375111 -5.975815 28.366729
-0.986425 0.066300 0.150230 0.064302 0.997766 -0.018128 -0.151096 -0.008221 -0.988485 -9.256227 -5.995665 27.596341
-0.985910 0.068255 0.152717 0.065816 0.997611 -0.020975 -0.153784 -0.010629 -0.988047 -9.140353 -6.011670 26.804752
-0.985674 0.067671 0.154490 0.064872 0.997626 -0.023092 -0.155686 -0.012739 -0.987724 -9.011213 -6.031978 25.970911
-0.985519 0.067939 0.155357 0.064986 0.997597 -0.024014 -0.156615 -0.013571 -0.987566 -8.868817 -6.060028 25.082677
-0.985454 0.068719 0.155428 0.065469 0.997517 -0.025944 -0.156825 -0.015391 -0.987506 -8.723468 -6.096978 24.159545
-0.985511 0.068573 0.155131 0.064981 0.997490 -0.028114 -0.156670 -0.017626 -0.987494 -8.569119 -6.135931 23.181676
-0.985602 0.069607 0.154087 0.065870 0.997400 -0.029235 -0.155721 -0.018664 -0.987625 -8.424313 -6.176538 22.237438
-0.985554 0.071453 0.153548 0.067652 0.997262 -0.029848 -0.155260 -0.019029 -0.987690 -8.269653 -6.226199 21.215540
-0.985743 0.072057 0.152047 0.068206 0.997208 -0.030402 -0.153813 -0.019598 -0.987906 -8.098374 -6.272965 20.123824
-0.985574 0.072877 0.152754 0.068939 0.997141 -0.030932 -0.154571 -0.019955 -0.987780 -7.938988 -6.318705 19.082215
-0.985704 0.073228 0.151742 0.069356 0.997121 -0.030661 -0.153551 -0.019698 -0.987944 -7.781629 -6.368579 18.023939
-0.985995 0.074161 0.149379 0.070083 0.997015 -0.032388 -0.151335 -0.021465 -0.988249 -7.630690 -6.415240 16.992603
-0.986201 0.076092 0.147032 0.071500 0.996781 -0.036277 -0.149319 -0.025263 -0.988466 -7.483526 -6.467174 15.966884
-0.986677 0.076078 0.143809 0.071437 0.996752 -0.037172 -0.146170 -0.026404 -0.988907 -7.340355 -6.515052 14.969502
-0.987006 0.076172 0.141480 0.071678 0.996756 -0.036600 -0.143809 -0.025984 -0.989264 -7.202891 -6.565732 14.013717
-0.987008 0.078965 0.139931 0.074383 0.996517 -0.037688 -0.142420 -0.026790 -0.989444 -7.060551 -6.621893 12.974309
-0.987015 0.080267 0.139132 0.075432 0.996361 -0.039695 -0.141811 -0.028685 -0.989478 -6.904748 -6.677523 11.849439
-0.987156 0.080230 0.138156 0.075244 0.996324 -0.040947 -0.140933 -0.030026 -0.989564 -6.734769 -6.738743 10.682440
-0.987108 0.079795 0.138744 0.074977 0.996398 -0.039621 -0.141406 -0.028708 -0.989535 -6.570498 -6.792188 9.573951
-0.987167 0.078965 0.138804 0.074058 0.996444 -0.040175 -0.141483 -0.029380 -0.989505 -6.417264 -6.850930 8.510849
-0.986994 0.080252 0.139292 0.075118 0.996301 -0.041740 -0.142127 -0.030734 -0.989371 -6.277511 -6.906263 7.507234
-0.987166 0.080239 0.138077 0.075002 0.996267 -0.042733 -0.140991 -0.031829 -0.989499 -6.122851 -6.964785 6.438514
-0.987466 0.078939 0.136676 0.073500 0.996306 -0.044407 -0.139676 -0.033804 -0.989620 -6.002102 -7.009640 5.563382
-0.987843 0.078901 0.133946 0.073491 0.996286 -0.044873 -0.136989 -0.034484 -0.989972 -5.894816 -7.053225 4.731402
-0.988205 0.079462 0.130909 0.074212 0.996248 -0.044515 -0.133955 -0.034274 -0.990395 -5.775335 -7.108656 3.800338
-0.988269 0.081183 0.129360 0.075980 0.996108 -0.044666 -0.132483 -0.034313 -0.990591 -5.655746 -7.153891 2.854110
-0.988392 0.084154 0.126491 0.078750 0.995779 -0.047137 -0.129924 -0.036629 -0.990847 -5.539072 -7.203919 1.909061
-0.988401 0.086656 0.124714 0.081226 0.995539 -0.047996 -0.128317 -0.037309 -0.991031 -5.411568 -7.261125 0.856917
-0.988499 0.086909 0.123758 0.081336 0.995461 -0.049410 -0.127490 -0.038776 -0.991082 -5.288599 -7.319643 -0.163863
-0.988390 0.086992 0.124567 0.081247 0.995414 -0.050492 -0.128388 -0.039785 -0.990926 -5.161071 -7.388043 -1.187582
-0.988131 0.087550 0.126224 0.081532 0.995309 -0.052085 -0.130192 -0.041176 -0.990633 -5.037130 -7.446083 -2.116774
-0.988011 0.087958 0.126877 0.081912 0.995276 -0.052120 -0.130861 -0.041102 -0.990548 -4.919341 -7.507869 -3.054956
-0.987856 0.088278 0.127855 0.082042 0.995205 -0.053253 -0.131943 -0.042116 -0.990362 -4.796187 -7.576990 -4.012114
-0.987744 0.088627 0.128477 0.082096 0.995090 -0.055273 -0.132745 -0.044048 -0.990171 -4.683343 -7.638827 -4.889023
-0.987768 0.090530 0.126956 0.083512 0.994725 -0.059560 -0.131679 -0.048230 -0.990118 -4.566552 -7.703261 -5.799856
-0.987553 0.092957 0.126880 0.085638 0.994396 -0.061985 -0.131931 -0.050348 -0.989979 -4.443436 -7.777739 -6.777529
-0.987582 0.093567 0.126199 0.086225 0.994317 -0.062448 -0.131325 -0.050791 -0.990037 -4.313756 -7.851641 -7.762351
-0.987404 0.094057 0.127225 0.086640 0.994269 -0.062637 -0.132388 -0.050826 -0.989894 -4.177356 -7.931761 -8.788507
-0.987371 0.093786 0.127685 0.086287 0.994272 -0.063062 -0.132868 -0.051248 -0.989808 -4.055370 -8.000388 -9.726783
-0.987249 0.093996 0.128471 0.086299 0.994197 -0.064232 -0.133763 -0.052326 -0.989631 -3.931772 -8.075291 -10.687137
-0.987106 0.093619 0.129837 0.085778 0.994209 -0.064733 -0.135145 -0.052761 -0.989420 -3.804014 -8.142613 -11.636300
-0.987154 0.093914 0.129259 0.085728 0.994029 -0.067510 -0.134827 -0.055562 -0.989310 -3.683186 -8.214128 -12.585229
-0.987500 0.093052 0.127224 0.084642 0.993950 -0.069997 -0.132968 -0.058353 -0.989401 -3.575747 -8.277314 -13.433392
-0.987625 0.092385 0.126733 0.083938 0.993977 -0.070456 -0.132479 -0.058946 -0.989431 -3.470806 -8.346794 -14.287870
-0.987663 0.093045 0.125952 0.084571 0.993881 -0.071049 -0.131792 -0.059520 -0.989489 -3.368723 -8.415248 -15.122624
-0.987487 0.093171 0.127232 0.084486 0.993817 -0.072037 -0.133157 -0.060386 -0.989254 -3.252317 -8.486798 -16.005316
-0.987491 0.093092 0.127264 0.084269 0.993762 -0.073043 -0.133269 -0.061405 -0.989176 -3.128309 -8.560059 -16.921115
-0.987379 0.094210 0.127311 0.085243 0.993598 -0.074145 -0.133481 -0.062357 -0.989088 -3.004705 -8.639461 -17.858176
-0.987249 0.094086 0.128403 0.085065 0.993622 -0.074027 -0.134549 -0.062161 -0.988955 -2.877619 -8.719120 -18.818329
-0.987129 0.094778 0.128814 0.085633 0.993516 -0.074780 -0.135066 -0.062787 -0.988845 -2.755218 -8.787701 -19.736482
-0.987129 0.095436 0.128329 0.086195 0.993395 -0.075741 -0.134710 -0.063704 -0.988835 -2.644965 -8.853570 -20.550940
-0.987336 0.095943 0.126342 0.086674 0.993262 -0.076933 -0.132872 -0.065009 -0.988999 -2.545949 -8.920281 -21.333432
-0.987745 0.095458 0.123482 0.086096 0.993145 -0.079060 -0.130182 -0.067460 -0.989192 -2.440161 -8.988587 -22.137551
-0.987827 0.097770 0.120995 0.088152 0.992689 -0.082454 -0.128172 -0.070784 -0.989223 -2.338849 -9.068929 -22.999958
-0.987820 0.098379 0.120557 0.088611 0.992528 -0.083879 -0.127908 -0.072175 -0.989156 -2.219859 -9.161045 -23.952414
-0.987792 0.099253 0.120068 0.089478 0.992419 -0.084246 -0.127520 -0.072474 -0.989185 -2.103535 -9.257507 -24.928539
-0.988043 0.099153 0.118066 0.089565 0.992438 -0.083929 -0.125495 -0.072351 -0.989453 -1.992849 -9.349250 -25.793430
-0.988371 0.098125 0.116164 0.088771 0.992576 -0.083136 -0.123460 -0.071857 -0.989745 -1.867383 -9.454280 -26.773363
-0.988103 0.099444 0.117317 0.089733 0.992302 -0.085353 -0.124902 -0.073810 -0.989420 -1.746790 -9.542830 -27.710146
-0.987523 0.101009 0.120809 0.090434 0.991824 -0.090041 -0.128916 -0.077992 -0.988584 -1.634584 -9.629234 -28.630234
-0.987386 0.101088 0.121861 0.090010 0.991568 -0.093227 -0.130257 -0.081082 -0.988159 -1.524819 -9.719294 -29.539038
-0.987228 0.102381 0.122062 0.091349 0.991485 -0.092803 -0.130523 -0.080467 -0.988174 -1.411799 -9.812178 -30.425031
-0.987077 0.102570 0.123120 0.091796 0.991683 -0.090218 -0.131349 -0.077751 -0.988282 -1.301219 -9.907094 -31.312172
-0.986964 0.102482 0.124092 0.091925 0.991869 -0.088014 -0.132103 -0.075460 -0.988360 -1.184740 -10.001809 -32.226576
-0.986423 0.104353 0.126807 0.093578 0.991701 -0.088161 -0.134954 -0.075098 -0.988002 -1.071753 -10.099974 -33.165268
-0.986377 0.104891 0.126722 0.093607 0.991354 -0.091951 -0.135272 -0.078836 -0.987667 -0.938537 -10.208027 -34.212197
-0.986528 0.104599 0.125781 0.093079 0.991190 -0.094230 -0.134529 -0.081253 -0.987573 -0.811584 -10.315514 -35.198307
-0.986760 0.106024 0.122730 0.094356 0.990775 -0.097276 -0.131912 -0.084408 -0.987661 -0.694364 -10.427889 -36.146390
-0.986806 0.107390 0.121163 0.095585 0.990449 -0.099374 -0.130677 -0.086481 -0.987646 -0.568771 -10.541357 -37.136193
-0.986672 0.108419 0.121344 0.096563 0.990324 -0.099665 -0.130975 -0.086619 -0.987594 -0.445852 -10.655151 -38.153445
-0.986752 0.108449 0.120662 0.096440 0.990172 -0.101288 -0.130461 -0.088309 -0.987513 -0.335937 -10.753051 -39.085240
-0.986629 0.109137 0.121046 0.096758 0.989877 -0.103830 -0.131153 -0.090729 -0.987202 -0.215200 -10.868153 -40.063364
-0.986644 0.109330 0.120752 0.096848 0.989765 -0.104814 -0.130976 -0.091720 -0.987134 -0.109988 -10.968829 -40.915086
-0.986594 0.110109 0.120450 0.097603 0.989647 -0.105222 -0.130789 -0.092055 -0.987127 -0.009687 -11.064483 -41.737775
-0.986516 0.111248 0.120044 0.098834 0.989565 -0.104848 -0.130456 -0.091569 -0.987216 0.093020 -11.170168 -42.601657
-0.986254 0.113505 0.120082 0.100947 0.989233 -0.105959 -0.130816 -0.092381 -0.987093 0.194680 -11.265908 -43.461890
-0.986309 0.113791 0.119359 0.101232 0.989148 -0.106483 -0.130180 -0.092943 -0.987124 0.313861 -11.380492 -44.434662
-0.986445 0.115268 0.116790 0.102879 0.988913 -0.107083 -0.127838 -0.093616 -0.987367 0.419843 -11.491267 -45.372176
-0.986411 0.116938 0.115409 0.104679 0.988721 -0.107115 -0.126633 -0.093579 -0.987526 0.521165 -11.605423 -46.273370
-0.986374 0.118366 0.114258 0.106043 0.988424 -0.108507 -0.125779 -0.094912 -0.987508 0.620158 -11.719414 -47.170659
-0.986357 0.119379 0.113350 0.106790 0.988031 -0.111314 -0.125282 -0.097691 -0.987300 0.720349 -11.839337 -48.092571
-0.986363 0.120236 0.112393 0.107477 0.987716 -0.113425 -0.124650 -0.099798 -0.987169 0.819497 -11.962168 -49.008354
-0.986479 0.120077 0.111540 0.107410 0.987729 -0.113378 -0.123785 -0.099864 -0.987271 0.914348 -12.080770 -49.854506
-0.986603 0.119885 0.110646 0.107366 0.987787 -0.112911 -0.122831 -0.099519 -0.987425 1.007562 -12.191536 -50.715253
-0.986749 0.119398 0.109865 0.106845 0.987739 -0.113821 -0.122108 -0.100574 -0.987408 1.104397 -12.295347 -51.559088
-0.987050 0.117547 0.109156 0.104984 0.987863 -0.114481 -0.121288 -0.101538 -0.987410 1.198779 -12.399821 -52.393202
-0.987087 0.116959 0.109450 0.104297 0.987872 -0.115027 -0.121576 -0.102127 -0.987314 1.311187 -12.524511 -53.363155
-0.986972 0.118599 0.108725 0.105990 0.987669 -0.115222 -0.121049 -0.102197 -0.987372 1.411910 -12.637316 -54.245044
-0.986932 0.119783 0.107788 0.107364 0.987609 -0.114457 -0.120162 -0.101389 -0.987563 1.502510 -12.752696 -55.110461
-0.986749 0.121662 0.107351 0.109330 0.987432 -0.114124 -0.119886 -0.100875 -0.987649 1.600449 -12.869047 -56.037610
-0.986547 0.123784 0.106785 0.111523 0.987198 -0.114034 -0.119534 -0.100591 -0.987721 1.694279 -12.981994 -56.978340
-0.986344 0.125629 0.106506 0.113345 0.986940 -0.114461 -0.119494 -0.100826 -0.987702 1.791105 -13.100245 -57.922558
-0.986448 0.125389 0.105820 0.113210 0.986989 -0.114174 -0.118759 -0.100647 -0.987809 1.883132 -13.205606 -58.761272
-0.986516 0.124962 0.105692 0.112740 0.986989 -0.114644 -0.118643 -0.101183 -0.987768 1.986269 -13.326057 -59.687479
-0.986678 0.124532 0.104681 0.112487 0.987090 -0.114022 -0.117529 -0.100727 -0.987948 2.077626 -13.431631 -60.538158
-0.986900 0.124337 0.102804 0.112607 0.987197 -0.112966 -0.115534 -0.099909 -0.988266 2.168447 -13.540535 -61.420481
-0.987163 0.123556 0.101206 0.112040 0.987314 -0.112511 -0.113824 -0.099728 -0.988483 2.258564 -13.657144 -62.322451
-0.987452 0.122206 0.100018 0.110714 0.987367 -0.113354 -0.112607 -0.100858 -0.988508 2.353363 -13.774699 -63.251209
-0.987667 0.121124 0.099213 0.109464 0.987249 -0.115571 -0.111947 -0.103285 -0.988332 2.454888 -13.897955 -64.212173
-0.987964 0.120405 0.097107 0.108894 0.987237 -0.116211 -0.109860 -0.104238 -0.988466 2.556680 -14.025051 -65.180456
-0.988067 0.120482 0.095960 0.109164 0.987284 -0.115557 -0.108663 -0.103702 -0.988655 2.642272 -14.142700 -66.089740
-0.988262 0.119755 0.094848 0.108533 0.987331 -0.115748 -0.107508 -0.104095 -0.988740 2.729564 -14.250772 -66.907731
-0.988124 0.120391 0.095485 0.109059 0.987227 -0.116140 -0.108248 -0.104347 -0.988632 2.818862 -14.366018 -67.775024
-0.987811 0.120562 0.098457 0.108821 0.987153 -0.116990 -0.111297 -0.104850 -0.988241 2.912625 -14.484505 -68.651002
-0.987664 0.119943 0.100669 0.107907 0.987191 -0.117520 -0.113475 -0.105207 -0.987955 3.010603 -14.608546 -69.581585
-0.987780 0.119255 0.100345 0.107386 0.987384 -0.116362 -0.112956 -0.104164 -0.988125 3.102862 -14.735027 -70.491373
-0.987968 0.118237 0.099694 0.106444 0.987493 -0.116305 -0.112199 -0.104294 -0.988197 3.190700 -14.855495 -71.343812
-0.988085 0.118537 0.098171 0.106749 0.987296 -0.117691 -0.110875 -0.105809 -0.988186 3.274458 -14.970370 -72.151646
-0.988505 0.117495 0.095149 0.106133 0.987473 -0.116763 -0.107676 -0.105323 -0.988591 3.369936 -15.099010 -73.057469
-0.988469 0.117905 0.095017 0.106575 0.987445 -0.116592 -0.107571 -0.105122 -0.988624 3.466034 -15.234506 -74.047830
-0.988350 0.117327 0.096945 0.105694 0.987434 -0.117487 -0.109512 -0.105872 -0.988331 3.562212 -15.373583 -75.039107
-0.988357 0.115949 0.098519 0.103937 0.987394 -0.119374 -0.111118 -0.107744 -0.987949 3.646564 -15.497027 -75.877190
-0.988092 0.114994 0.102223 0.102334 0.987304 -0.121486 -0.114896 -0.109578 -0.987315 3.726544 -15.615827 -76.660221
-0.987297 0.114364 0.110296 0.100425 0.987115 -0.124576 -0.123122 -0.111917 -0.986061 3.813919 -15.740347 -77.470463
-0.985308 0.114252 0.126945 0.097955 0.986931 -0.127955 -0.139905 -0.113640 -0.983622 3.913950 -15.861096 -78.250552
-0.982037 0.114886 0.149678 0.095464 0.986768 -0.131058 -0.162754 -0.114415 -0.980010 4.044782 -15.997559 -79.101645
-0.977091 0.115867 0.178515 0.092741 0.986785 -0.132868 -0.191551 -0.113269 -0.974925 4.200432 -16.134876 -79.960917
-0.970383 0.117324 0.211166 0.090569 0.987074 -0.132220 -0.223949 -0.109179 -0.968466 4.372338 -16.267210 -80.770806
-0.960821 0.117155 0.251194 0.085638 0.987415 -0.132955 -0.263609 -0.106234 -0.958762 4.561740 -16.373727 -81.421162
-0.949512 0.116267 0.291392 0.079210 0.987547 -0.135928 -0.303568 -0.105984 -0.946897 4.771413 -16.476692 -82.049439
-0.935088 0.117066 0.334524 0.073366 0.987366 -0.140447 -0.346740 -0.106788 -0.931863 4.998594 -16.581216 -82.648444
-0.916969 0.117625 0.381225 0.065918 0.987085 -0.146006 -0.393476 -0.108753 -0.912880 5.222211 -16.668737 -83.144908
-0.893617 0.116192 0.433529 0.055567 0.987120 -0.150024 -0.445376 -0.109974 -0.888564 5.452061 -16.754688 -83.575433
-0.869175 0.113578 0.481284 0.044879 0.987367 -0.151959 -0.492464 -0.110479 -0.863292 5.725469 -16.841677 -84.013253
-0.838842 0.110697 0.533002 0.033415 0.987731 -0.152549 -0.543349 -0.110154 -0.832249 6.022536 -16.928444 -84.423871
-0.805495 0.109104 0.582473 0.022851 0.987893 -0.153444 -0.592162 -0.110288 -0.798236 6.340511 -17.012095 -84.780606
-0.768825 0.107475 0.630362 0.012864 0.988175 -0.152791 -0.639329 -0.109361 -0.761116 6.663228 -17.084210 -85.095946
-0.730896 0.106138 0.674186 0.003156 0.988348 -0.152176 -0.682482 -0.109097 -0.722714 6.993927 -17.157257 -85.403117
-0.686811 0.104187 0.719330 -0.007731 0.988570 -0.150564 -0.726795 -0.108970 -0.678155 7.324825 -17.222336 -85.670294
-0.640441 0.102411 0.761149 -0.018084 0.988784 -0.148255 -0.767794 -0.108714 -0.631406 7.734759 -17.300884 -85.978095
-0.591936 0.100963 0.799636 -0.029741 0.988711 -0.146852 -0.805436 -0.110710 -0.582251 8.159703 -17.373268 -86.240562
-0.537208 0.100480 0.837443 -0.039515 0.988790 -0.143987 -0.842524 -0.110442 -0.527216 8.668363 -17.464143 -86.542898
-0.483437 0.097168 0.869970 -0.050631 0.989053 -0.138603 -0.873914 -0.111053 -0.473225 9.146369 -17.524162 -86.740201
-0.429785 0.093418 0.898086 -0.060695 0.989395 -0.131962 -0.900889 -0.111225 -0.419557 9.630061 -17.585945 -86.883031
-0.371031 0.090277 0.924222 -0.069816 0.989735 -0.124704 -0.925992 -0.110794 -0.360919 10.098411 -17.639304 -86.999934
-0.311758 0.089223 0.945963 -0.076721 0.989967 -0.118658 -0.947059 -0.109568 -0.301784 10.564633 -17.688063 -87.085216
-0.250882 0.088685 0.963947 -0.082553 0.990207 -0.112586 -0.964491 -0.107822 -0.241104 10.975771 -17.726793 -87.147994
-0.191766 0.089997 0.977306 -0.087963 0.990203 -0.108444 -0.977491 -0.106763 -0.181971 11.404819 -17.765851 -87.205587
-0.133655 0.092766 0.986677 -0.093787 0.989957 -0.105779 -0.986580 -0.106675 -0.123612 11.881533 -17.808783 -87.234936
-0.075397 0.093414 0.992768 -0.100314 0.989841 -0.100757 -0.992095 -0.107185 -0.065260 12.335798 -17.854683 -87.233962
-0.013787 0.088800 0.995954 -0.108680 0.990015 -0.089775 -0.993981 -0.109478 -0.003999 12.786959 -17.899462 -87.193751
0.044927 0.082456 0.995582 -0.115907 0.990287 -0.076787 -0.992243 -0.111945 0.054048 13.198081 -17.931350 -87.117937
0.096354 0.075307 0.992494 -0.120637 0.990666 -0.063457 -0.988009 -0.113617 0.104539 13.648184 -17.951946 -87.047807
0.147560 0.064754 0.986931 -0.124765 0.991102 -0.046373 -0.981152 -0.116292 0.154326 14.037128 -17.965584 -86.949742
0.191258 0.053906 0.980058 -0.129028 0.991207 -0.029340 -0.973022 -0.120843 0.196531 14.513898 -17.971698 -86.820402
0.241961 0.048267 0.969085 -0.131458 0.991184 -0.016545 -0.961340 -0.123391 0.246172 14.876303 -17.979198 -86.692359
0.294053 0.045761 0.954693 -0.132395 0.991174 -0.006731 -0.946575 -0.124417 0.297516 15.291082 -17.973470 -86.522000
0.342273 0.044179 0.938561 -0.133164 0.991092 0.001911 -0.930116 -0.125637 0.345107 15.752357 -17.971537 -86.327576
0.390022 0.042140 0.919841 -0.133808 0.990942 0.011339 -0.911031 -0.127505 0.392128 16.173399 -17.970441 -86.111067
0.443233 0.038495 0.895579 -0.134473 0.990627 0.023972 -0.886263 -0.131057 0.444255 16.537406 -17.958444 -85.876345
0.490788 0.034867 0.870581 -0.134304 0.990284 0.036053 -0.860866 -0.134616 0.490702 16.991359 -17.927651 -85.557035
0.539326 0.031506 0.841507 -0.131496 0.990192 0.047204 -0.831767 -0.136113 0.538179 17.494488 -17.897605 -85.194870
0.586067 0.031139 0.809664 -0.127477 0.990360 0.054185 -0.800172 -0.134970 0.584387 18.032269 -17.858477 -84.791102
0.631685 0.032266 0.774554 -0.124083 0.990460 0.059935 -0.765231 -0.133969 0.629662 18.454734 -17.824741 -84.405907
0.675431 0.032570 0.736703 -0.119812 0.990597 0.066053 -0.727625 -0.132880 0.672982 18.901951 -17.786751 -83.973506
0.715117 0.032610 0.698244 -0.115760 0.990643 0.072292 -0.689353 -0.132526 0.712200 19.360661 -17.736435 -83.454191
0.749147 0.031433 0.661658 -0.111430 0.990619 0.079102 -0.652964 -0.132988 0.745622 19.816311 -17.679939 -82.906181
0.782888 0.031309 0.621374 -0.108083 0.990391 0.086273 -0.612703 -0.134702 0.778749 20.223334 -17.624269 -82.359982
0.815381 0.030083 0.578143 -0.103816 0.990059 0.094899 -0.569541 -0.137399 0.810398 20.599186 -17.561359 -81.799380
0.843963 0.030106 0.535556 -0.099713 0.989827 0.101491 -0.527052 -0.139057 0.838379 20.969309 -17.490951 -81.183387
0.870790 0.032314 0.490593 -0.096976 0.989524 0.106953 -0.481997 -0.140709 0.864801 21.264099 -17.425408 -80.632111
0.894650 0.034494 0.445435 -0.093496 0.989394 0.111166 -0.436876 -0.141101 0.888386 21.528436 -17.361120 -80.075490
0.913813 0.037233 0.404425 -0.090789 0.989317 0.114061 -0.395857 -0.140948 0.907431 21.780121 -17.290448 -79.483413
0.930061 0.038353 0.365397 -0.086893 0.989283 0.117336 -0.356981 -0.140880 0.923427 22.009252 -17.214397 -78.863750
0.942790 0.040158 0.330959 -0.084300 0.989174 0.120119 -0.322552 -0.141147 0.935969 22.184593 -17.146934 -78.305952
0.953613 0.040735 0.298267 -0.081087 0.988940 0.124186 -0.289910 -0.142611 0.946369 22.322104 -17.079100 -77.784414
0.963985 0.039868 0.262951 -0.075591 0.988996 0.127170 -0.254987 -0.142467 0.956391 22.474460 -17.004267 -77.172274
0.972112 0.040782 0.230946 -0.072298 0.988915 0.129693 -0.223097 -0.142773 0.964284 22.625244 -16.924211 -76.506326
0.978256 0.042075 0.203089 -0.069900 0.988802 0.131848 -0.195268 -0.143177 0.970243 22.763357 -16.837732 -75.800033
0.982242 0.044222 0.182333 -0.069189 0.988707 0.132931 -0.174396 -0.143186 0.974209 22.869960 -16.753203 -75.147546
0.984060 0.046540 0.171637 -0.069921 0.988673 0.132804 -0.163512 -0.142688 0.976168 22.980809 -16.667517 -74.469828
0.985210 0.048585 0.164319 -0.070902 0.988604 0.132800 -0.155994 -0.142487 0.977427 23.103439 -16.569253 -73.713913
0.985793 0.048974 0.160669 -0.070720 0.988651 0.132546 -0.152354 -0.142026 0.978068 23.232307 -16.475478 -72.929287
0.986231 0.048579 0.158080 -0.070032 0.988625 0.133103 -0.149815 -0.142341 0.978414 23.359022 -16.377262 -72.143612
0.986455 0.048728 0.156629 -0.069922 0.988674 0.132792 -0.148384 -0.141945 0.978690 23.501883 -16.266968 -71.240600
0.986621 0.049957 0.155189 -0.070743 0.988796 0.131446 -0.146883 -0.140665 0.979101 23.635131 -16.160909 -70.353844
0.986949 0.050876 0.152787 -0.071042 0.989022 0.129572 -0.144518 -0.138735 0.979728 23.776734 -16.044876 -69.420367
0.987258 0.051736 0.150484 -0.071533 0.989026 0.129271 -0.142144 -0.138388 0.980124 23.919018 -15.929476 -68.447716
0.987568 0.052709 0.148090 -0.072294 0.988856 0.130145 -0.139580 -0.139233 0.980373 24.047257 -15.823912 -67.555586
0.987961 0.052761 0.145430 -0.072062 0.988784 0.130820 -0.136897 -0.139725 0.980681 24.180540 -15.716233 -66.619468
0.988252 0.052196 0.143647 -0.071154 0.988934 0.130177 -0.135263 -0.138869 0.981030 24.317352 -15.600716 -65.641690
0.988645 0.050718 0.141450 -0.069157 0.989275 0.128656 -0.133408 -0.136977 0.981550 24.443566 -15.498934 -64.774827
0.988919 0.050176 0.139723 -0.068430 0.989272 0.129068 -0.131748 -0.137199 0.981743 24.550194 -15.410986 -63.993075
0.989153 0.049943 0.138137 -0.067977 0.989302 0.129079 -0.130212 -0.137069 0.981966 24.665178 -15.316478 -63.171107
0.989290 0.049992 0.137135 -0.067806 0.989392 0.128476 -0.129257 -0.136399 0.982185 24.764301 -15.226324 -62.402572
0.989465 0.048953 0.136248 -0.066504 0.989618 0.127407 -0.128596 -0.135126 0.982448 24.880634 -15.123150 -61.527243
0.989636 0.048924 0.135011 -0.066368 0.989565 0.127892 -0.127345 -0.135526 0.982556 25.005115 -15.018237 -60.583324
0.989645 0.049506 0.134728 -0.066878 0.989564 0.127637 -0.127003 -0.135325 0.982628 25.121107 -14.926542 -59.692238
0.989634 0.049289 0.134891 -0.066393 0.989882 0.125398 -0.127345 -0.133054 0.982894 25.252020 -14.823319 -58.749767
0.989838 0.049005 0.133488 -0.065426 0.990427 0.121548 -0.126253 -0.129047 0.983569 25.378367 -14.722423 -57.846706
0.989803 0.049286 0.133644 -0.065182 0.990954 0.117306 -0.126653 -0.124821 0.984062 25.510054 -14.620276 -56.870849
0.989876 0.048389 0.133432 -0.064031 0.991237 0.115543 -0.126671 -0.122917 0.984300 25.639250 -14.511828 -55.874722
0.989897 0.048271 0.133317 -0.063814 0.991326 0.114892 -0.126615 -0.122239 0.984391 25.766574 -14.412875 -54.913244
0.989923 0.049162 0.132798 -0.064567 0.991345 0.114307 -0.126029 -0.121730 0.984530 25.875828 -14.330501 -54.059329
0.990120 0.050681 0.130744 -0.065520 0.991567 0.111815 -0.123974 -0.119277 0.985091 25.978408 -14.248333 -53.222440
0.990269 0.052360 0.128944 -0.066760 0.991685 0.110016 -0.122112 -0.117554 0.985530 26.066143 -14.174127 -52.480249
0.990414 0.053481 0.127355 -0.067580 0.991732 0.109093 -0.120467 -0.116654 0.985839 26.171893 -14.093811 -51.603366
0.990591 0.054461 0.125554 -0.068389 0.991638 0.109436 -0.118544 -0.116993 0.986033 26.290484 -13.997693 -50.617717
0.990640 0.055187 0.124844 -0.068858 0.991765 0.107986 -0.117857 -0.115572 0.986282 26.406012 -13.901584 -49.628964
0.990828 0.054673 0.123575 -0.068081 0.991923 0.107023 -0.116725 -0.114454 0.986547 26.529943 -13.797870 -48.598528
0.991101 0.054239 0.121558 -0.067188 0.992190 0.105095 -0.114909 -0.112327 0.987005 26.653813 -13.704655 -47.578419
0.991374 0.053682 0.119566 -0.066273 0.992373 0.103943 -0.113074 -0.110970 0.987370 26.786744 -13.599939 -46.476100
0.991679 0.054728 0.116524 -0.066785 0.992518 0.102217 -0.110058 -0.109149 0.987914 26.906123 -13.502883 -45.426574
0.992041 0.055526 0.113010 -0.067156 0.992530 0.101854 -0.106510 -0.108633 0.988359 27.021640 -13.406939 -44.396059
0.992178 0.056504 0.111307 -0.068015 0.992406 0.102492 -0.104670 -0.109261 0.988487 27.115551 -13.322818 -43.449906
0.992346 0.056840 0.109632 -0.068120 0.992443 0.102057 -0.103002 -0.108744 0.988719 27.210947 -13.239238 -42.490135
0.992324 0.057533 0.109466 -0.068963 0.992217 0.103678 -0.102649 -0.110431 0.988569 27.314638 -13.145162 -41.484695
0.992196 0.056688 0.111060 -0.068644 0.991890 0.106969 -0.104095 -0.113758 0.988040 27.428005 -13.054610 -40.444515
0.992099 0.056515 0.112005 -0.069055 0.991368 0.111446 -0.104740 -0.118301 0.987438 27.545598 -12.960431 -39.403124
0.992167 0.056646 0.111340 -0.069247 0.991204 0.112778 -0.103972 -0.119604 0.987362 27.662474 -12.858906 -38.275919
0.992257 0.056673 0.110522 -0.069198 0.991183 0.112999 -0.103143 -0.119772 0.987429 27.775314 -12.745146 -37.123884
0.992268 0.056573 0.110471 -0.068985 0.991314 0.111973 -0.103177 -0.118728 0.987552 27.894445 -12.633262 -35.988200
0.992608 0.054994 0.108188 -0.066920 0.991688 0.109889 -0.101246 -0.116317 0.988038 28.006422 -12.527346 -34.929420
0.992988 0.052499 0.105920 -0.063877 0.992199 0.107057 -0.099474 -0.113072 0.988595 28.118390 -12.426531 -33.898568
0.993068 0.051018 0.105896 -0.062320 0.992377 0.106320 -0.099664 -0.112182 0.988677 28.231662 -12.321411 -32.856434
0.993099 0.050931 0.105642 -0.062235 0.992350 0.106621 -0.099403 -0.112460 0.988672 28.343183 -12.223569 -31.828574
0.993058 0.051372 0.105814 -0.062667 0.992352 0.106347 -0.099541 -0.112240 0.988683 28.450780 -12.127998 -30.815882
0.993194 0.051513 0.104459 -0.062461 0.992572 0.104399 -0.098305 -0.110214 0.989034 28.550244 -12.035517 -29.828471
0.993316 0.051132 0.103483 -0.061885 0.992700 0.103520 -0.097435 -0.109232 0.989229 28.660082 -11.939127 -28.740158
0.993411 0.050652 0.102807 -0.061350 0.992713 0.103712 -0.096805 -0.109336 0.989280 28.774685 -11.829566 -27.533872
0.993525 0.049859 0.102093 -0.060567 0.992665 0.104630 -0.096128 -0.110136 0.989257 28.884217 -11.722570 -26.396999
0.993597 0.049604 0.101507 -0.060248 0.992684 0.104634 -0.095574 -0.110079 0.989317 28.987890 -11.624357 -25.319730
0.993714 0.049866 0.100228 -0.060214 0.992855 0.103025 -0.094374 -0.108413 0.989616 29.083457 -11.535024 -24.278968
0.993880 0.050401 0.098298 -0.060249 0.993169 0.099928 -0.092590 -0.105239 0.990127 29.183028 -11.439688 -23.207795
0.994092 0.050713 0.095965 -0.060096 0.993413 0.097564 -0.090385 -0.102755 0.990592 29.278232 -11.351987 -22.197450
0.994112 0.050423 0.095913 -0.059816 0.993414 0.097724 -0.090353 -0.102885 0.990581 29.366316 -11.266760 -21.240504
0.994269 0.049114 0.094956 -0.058453 0.993447 0.098212 -0.089510 -0.103200 0.990625 29.463521 -11.176202 -20.212544
0.994606 0.047862 0.092018 -0.056741 0.993720 0.096441 -0.086825 -0.101142 0.991076 29.559008 -11.068025 -19.146380
0.994885 0.047602 0.089091 -0.056129 0.993817 0.095799 -0.083980 -0.100309 0.991406 29.644286 -10.976286 -18.106196
0.995165 0.046929 0.086278 -0.055120 0.993936 0.095148 -0.081289 -0.099444 0.991717 29.738766 -10.881593 -16.985955
0.995487 0.046194 0.082896 -0.053959 0.994107 0.094017 -0.078065 -0.098066 0.992113 29.824289 -10.798449 -15.939540
0.995682 0.047019 0.080043 -0.054304 0.994331 0.091415 -0.075291 -0.095367 0.992591 29.898701 -10.719366 -14.949408
0.995876 0.047135 0.077518 -0.054120 0.994413 0.090625 -0.072813 -0.094447 0.992864 29.974013 -10.638380 -13.956912
0.996047 0.047190 0.075250 -0.054074 0.994268 0.092238 -0.070466 -0.095943 0.992889 30.042011 -10.557850 -13.020322
0.996145 0.047837 0.073536 -0.054644 0.994116 0.093524 -0.068629 -0.097182 0.992898 30.098467 -10.482837 -12.122069
0.996204 0.047900 0.072686 -0.054584 0.994175 0.092938 -0.067811 -0.096553 0.993015 30.165428 -10.396413 -11.121484
0.996279 0.047621 0.071835 -0.054190 0.994241 0.092460 -0.067018 -0.096009 0.993122 30.220188 -10.316033 -10.181788
0.996252 0.048095 0.071893 -0.054703 0.994165 0.092966 -0.067003 -0.096551 0.993070 30.283923 -10.240935 -9.218065
0.996195 0.048610 0.072334 -0.055222 0.994189 0.092409 -0.067422 -0.096052 0.993090 30.351711 -10.155871 -8.144593
0.996316 0.048865 0.070477 -0.055210 0.994311 0.091093 -0.065625 -0.094648 0.993345 30.430330 -10.067326 -7.020562
0.996430 0.047936 0.069498 -0.054026 0.994603 0.088580 -0.064877 -0.092019 0.993642 30.503460 -9.978323 -5.946001
0.996486 0.047785 0.068792 -0.053757 0.994691 0.087749 -0.064234 -0.091139 0.993764 30.569445 -9.906959 -4.999895
0.996487 0.048279 0.068427 -0.054215 0.994667 0.087742 -0.063826 -0.091144 0.993790 30.628958 -9.829181 -4.062208
0.996340 0.050515 0.068955 -0.056493 0.994545 0.087687 -0.064149 -0.091262 0.993759 30.693974 -9.755020 -3.054930
0.996170 0.052931 0.069590 -0.058886 0.994510 0.086504 -0.064629 -0.090271 0.993818 30.760930 -9.679963 -2.007607
0.996164 0.053108 0.069540 -0.058889 0.994733 0.083895 -0.064719 -0.087668 0.994045 30.829787 -9.609487 -0.980250
0.996195 0.053301 0.068946 -0.058855 0.994958 0.081203 -0.064270 -0.084952 0.994310 30.893869 -9.545081 0.023922
0.996144 0.054222 0.068967 -0.059586 0.995151 0.078255 -0.064390 -0.082063 0.994545 30.960642 -9.472050 1.069911
0.996172 0.054535 0.068321 -0.059827 0.995159 0.077965 -0.063739 -0.081753 0.994612 31.027887 -9.401672 2.145797
0.996186 0.054650 0.068027 -0.059933 0.995133 0.078214 -0.063422 -0.081993 0.994613 31.092024 -9.341011 3.231296
0.996300 0.053895 0.066943 -0.059076 0.995202 0.077999 -0.062418 -0.081666 0.994703 31.159766 -9.275957 4.245239
0.996429 0.052770 0.065917 -0.057802 0.995360 0.076925 -0.061552 -0.080461 0.994855 31.229881 -9.205972 5.307559
0.996473 0.052613 0.065365 -0.057517 0.995480 0.075568 -0.061094 -0.079061 0.994996 31.288846 -9.148128 6.225729
0.996570 0.053109 0.063468 -0.057877 0.995441 0.075808 -0.059152 -0.079221 0.995101 31.347149 -9.086693 7.201116
0.996608 0.052910 0.063028 -0.057744 0.995317 0.077517 -0.058632 -0.080894 0.994997 31.402443 -9.030717 8.101328
0.996706 0.051568 0.062598 -0.056244 0.995566 0.075393 -0.058432 -0.078665 0.995187 31.456290 -8.980961 8.946172
0.996651 0.051017 0.063907 -0.055459 0.996020 0.069771 -0.060093 -0.073082 0.995514 31.516247 -8.924834 9.807559
0.996589 0.051047 0.064843 -0.055324 0.996287 0.065966 -0.061235 -0.069328 0.995713 31.572336 -8.874489 10.675958
0.996560 0.051343 0.065053 -0.055521 0.996396 0.064133 -0.061526 -0.067524 0.995819 31.629013 -8.823601 11.676606
0.996538 0.051126 0.065558 -0.055257 0.996494 0.062825 -0.062117 -0.066230 0.995869 31.685810 -8.778141 12.611806
0.996648 0.050144 0.064642 -0.054224 0.996540 0.062984 -0.061260 -0.066278 0.995919 31.741911 -8.735105 13.490577
0.996757 0.050216 0.062876 -0.054257 0.996454 0.064305 -0.059424 -0.067508 0.995947 31.788016 -8.689162 14.302680
0.996816 0.050001 0.062106 -0.054003 0.996455 0.064513 -0.058660 -0.067662 0.995982 31.838467 -8.646198 15.095614
0.996799 0.049692 0.062634 -0.053711 0.996490 0.064207 -0.059224 -0.067366 0.995969 31.892455 -8.594894 15.980529
0.996955 0.047685 0.061696 -0.051564 0.996688 0.062884 -0.058493 -0.065874 0.996112 31.944692 -8.546404 16.905917
0.997129 0.046168 0.060024 -0.049935 0.996773 0.062844 -0.056929 -0.065661 0.996217 32.000862 -8.495612 17.850442
0.997338 0.044667 0.057636 -0.048257 0.996879 0.062472 -0.054666 -0.065087 0.996381 32.049787 -8.450701 18.767475
0.997559 0.044385 0.053909 -0.047714 0.996928 0.062114 -0.050986 -0.064534 0.996612 32.097265 -8.404972 19.760270
0.997690 0.044754 0.051099 -0.047874 0.996954 0.061576 -0.048188 -0.063880 0.996793 32.150832 -8.353842 20.886034
0.997799 0.044660 0.049023 -0.047569 0.997073 0.059860 -0.046206 -0.062060 0.997002 32.202964 -8.302008 22.027690
0.997982 0.043574 0.046181 -0.046178 0.997311 0.056913 -0.043577 -0.058931 0.997310 32.251293 -8.252945 23.127811
0.998063 0.041685 0.046179 -0.044209 0.997505 0.055040 -0.043769 -0.056975 0.997416 32.300045 -8.207877 24.222002
0.998067 0.040662 0.046990 -0.043163 0.997634 0.053501 -0.044704 -0.055426 0.997462 32.341128 -8.161275 25.189842
0.998015 0.039806 0.048801 -0.042372 0.997710 0.052724 -0.046591 -0.054688 0.997416 32.379770 -8.121052 26.147865
0.998022 0.038548 0.049667 -0.041096 0.997835 0.051346 -0.047580 -0.053285 0.997445 32.424887 -8.084307 27.128769
0.998089 0.036904 0.049566 -0.039466 0.997880 0.051743 -0.047552 -0.053600 0.997430 32.473659 -8.050289 28.184055
0.998087 0.037312 0.049300 -0.039855 0.997869 0.051656 -0.047268 -0.053522 0.997447 32.522680 -8.014721 29.158717
0.998236 0.036261 0.047003 -0.038620 0.997988 0.050292 -0.045084 -0.052019 0.997628 32.568335 -7.972007 30.267693
0.998285 0.036734 0.045580 -0.038973 0.998026 0.049238 -0.043681 -0.050930 0.997747 32.610991 -7.931814 31.375170
0.998297 0.036677 0.045356 -0.038888 0.998048 0.048866 -0.043475 -0.050546 0.997775 32.657557 -7.896290 32.498081
0.998267 0.037442 0.045406 -0.039666 0.998005 0.049118 -0.043476 -0.050834 0.997760 32.699588 -7.860008 33.487024
0.998351 0.036625 0.044193 -0.038815 0.998007 0.049753 -0.042283 -0.051387 0.997783 32.737542 -7.832096 34.452814
0.998446 0.035955 0.042578 -0.038028 0.998078 0.048921 -0.040737 -0.050464 0.997895 32.773749 -7.794389 35.472528
0.998511 0.035823 0.041128 -0.037767 0.998157 0.047493 -0.039351 -0.048975 0.998024 32.810227 -7.764046 36.518603
0.998507 0.035756 0.041293 -0.037645 0.998236 0.045909 -0.039579 -0.047395 0.998092 32.838771 -7.734580 37.498981
0.998589 0.034054 0.040748 -0.035890 0.998333 0.045212 -0.039141 -0.046610 0.998146 32.872773 -7.704890 38.500303
0.998723 0.032474 0.038699 -0.034204 0.998406 0.044905 -0.037179 -0.046171 0.998241 32.906587 -7.676789 39.527800
0.998808 0.032567 0.036370 -0.034189 0.998406 0.044907 -0.034850 -0.046097 0.998329 32.929432 -7.650756 40.503204
0.998846 0.032599 0.035279 -0.034145 0.998442 0.044142 -0.033785 -0.045296 0.998402 32.960969 -7.622384 41.663081
0.998919 0.032613 0.033112 -0.034066 0.998437 0.044315 -0.031615 -0.045395 0.998469 32.990788 -7.593753 42.809729
0.998995 0.031840 0.031556 -0.033210 0.998486 0.043859 -0.030112 -0.044863 0.998539 33.016084 -7.568887 43.867703
0.999143 0.028808 0.029727 -0.030088 0.998597 0.043579 -0.028430 -0.044436 0.998608 33.043089 -7.546548 44.854938
0.999184 0.028506 0.028604 -0.029736 0.998608 0.043571 -0.027322 -0.044386 0.998641 33.070136 -7.526295 45.805329
0.999277 0.027204 0.026562 -0.028333 0.998669 0.043107 -0.025354 -0.043828 0.998717 33.093135 -7.505285 46.789547
0.999335 0.025764 0.025822 -0.026876 0.998684 0.043690 -0.024662 -0.044355 0.998711 33.118317 -7.487900 47.742458
0.999410 0.024419 0.024152 -0.025436 0.998762 0.042752 -0.023079 -0.043341 0.998794 33.138484 -7.466952 48.827225
0.999422 0.024430 0.023630 -0.025396 0.998815 0.041514 -0.022588 -0.042090 0.998858 33.159679 -7.445680 49.951457
0.999352 0.026866 0.023966 -0.027779 0.998867 0.038649 -0.022900 -0.039289 0.998965 33.171679 -7.420357 50.981174
0.999350 0.026788 0.024122 -0.027685 0.998906 0.037675 -0.023086 -0.038319 0.998999 33.187877 -7.401785 52.019509
0.999390 0.026504 0.022734 -0.027339 0.998932 0.037239 -0.021722 -0.037838 0.999048 33.204083 -7.380238 53.074844
0.999417 0.026227 0.021859 -0.026999 0.998994 0.035807 -0.020898 -0.036377 0.999120 33.222919 -7.357775 54.190752
0.999435 0.025834 0.021500 -0.026570 0.999045 0.034694 -0.020583 -0.035246 0.999167 33.234926 -7.341855 55.214637
0.999485 0.025270 0.019778 -0.025944 0.999065 0.034594 -0.018885 -0.035089 0.999206 33.248502 -7.330027 56.067606
0.999501 0.024918 0.019387 -0.025577 0.999077 0.034497 -0.018510 -0.034976 0.999217 33.260635 -7.312561 56.981046
0.999512 0.025018 0.018719 -0.025640 0.999101 0.033756 -0.017858 -0.034220 0.999255 33.270619 -7.298463 57.940493
0.999486 0.026057 0.018683 -0.026680 0.999069 0.033898 -0.017782 -0.034379 0.999251 33.285088 -7.281676 58.898912
0.999515 0.025017 0.018520 -0.025672 0.999020 0.036048 -0.017600 -0.036506 0.999178 33.305151 -7.267139 59.907373
0.999535 0.023167 0.019820 -0.023896 0.999016 0.037358 -0.018935 -0.037814 0.999105 33.328173 -7.253478 60.966283
0.999467 0.025023 0.020945 -0.025832 0.998894 0.039285 -0.019939 -0.039805 0.999009 33.341137 -7.228482 62.085903
0.999456 0.025754 0.020581 -0.026570 0.998829 0.040429 -0.019516 -0.040954 0.998970 33.355917 -7.208089 63.154064
0.999481 0.024910 0.020429 -0.025717 0.998859 0.040233 -0.019404 -0.040738 0.998981 33.369859 -7.188095 64.244995
0.999549 0.022862 0.019468 -0.023624 0.998927 0.039825 -0.018536 -0.040267 0.999017 33.383786 -7.165184 65.245179
0.999603 0.022027 0.017547 -0.022704 0.998967 0.039373 -0.016661 -0.039756 0.999071 33.394827 -7.146192 66.185344
0.999652 0.021620 0.015136 -0.022195 0.998996 0.038917 -0.014279 -0.039239 0.999128 33.408201 -7.122768 67.136718
0.999645 0.022611 0.014064 -0.023137 0.998995 0.038396 -0.013182 -0.038708 0.999164 33.415171 -7.103382 68.036931
0.999655 0.022437 0.013631 -0.022934 0.999034 0.037493 -0.012777 -0.037793 0.999204 33.421668 -7.089585 68.916557
0.999666 0.022289 0.013094 -0.022766 0.999040 0.037422 -0.012247 -0.037708 0.999214 33.424921 -7.074688 69.859180
0.999687 0.022699 0.010550 -0.023080 0.999029 0.037531 -0.009688 -0.037762 0.999240 33.426457 -7.057399 70.726622
0.999657 0.024057 0.010367 -0.024429 0.999003 0.037354 -0.009458 -0.037594 0.999248 33.432882 -7.036227 71.617226
0.999674 0.024035 0.008606 -0.024333 0.999039 0.036447 -0.007722 -0.036644 0.999299 33.436400 -7.022305 72.469492
0.999686 0.024045 0.007100 -0.024279 0.999096 0.034900 -0.006255 -0.035061 0.999366 33.444707 -7.001230 73.434294
0.999694 0.024379 0.004089 -0.024500 0.999164 0.032731 -0.003288 -0.032821 0.999456 33.444555 -6.987797 74.378960
0.999692 0.024760 0.001504 -0.024795 0.999212 0.030996 -0.000735 -0.031023 0.999518 33.443002 -6.973773 75.467813
0.999683 0.025196 0.000144 -0.025189 0.999231 0.030048 0.000613 -0.030042 0.999548 33.438495 -6.961859 76.504314
0.999657 0.026123 -0.001853 -0.026058 0.999234 0.029203 0.002615 -0.029145 0.999572 33.427750 -6.952224 77.521963
0.999635 0.026796 -0.003325 -0.026694 0.999258 0.027748 0.004066 -0.027649 0.999609 33.413212 -6.944395 78.446552
0.999612 0.027567 -0.004048 -0.027448 0.999259 0.026980 0.004789 -0.026859 0.999628 33.408332 -6.937860 79.317476
0.999597 0.028159 -0.003662 -0.028050 0.999243 0.026955 0.004418 -0.026842 0.999630 33.402028 -6.929555 80.199436
0.999571 0.029006 -0.004086 -0.028883 0.999205 0.027472 0.004880 -0.027343 0.999614 33.394010 -6.916761 81.178944
0.999565 0.028607 -0.007212 -0.028391 0.999190 0.028504 0.008022 -0.028287 0.999568 33.391568 -6.908385 82.136333
0.999513 0.029725 -0.009476 -0.029449 0.999171 0.028118 0.010304 -0.027825 0.999560 33.380994 -6.902237 83.055311
0.999472 0.028986 -0.014699 -0.028592 0.999245 0.026308 0.015450 -0.025874 0.999546 33.371249 -6.899671 84.053419
0.999316 0.028711 -0.023309 -0.028178 0.999342 0.022847 0.023950 -0.022175 0.999467 33.341924 -6.895792 85.115984
0.999275 0.029152 -0.024505 -0.028612 0.999346 0.022099 0.025134 -0.021382 0.999455 33.311030 -6.891768 86.246564
0.999326 0.028619 -0.022990 -0.028092 0.999342 0.022949 0.023631 -0.022287 0.999472 33.284385 -6.879941 87.404479
0.999349 0.029512 -0.020771 -0.029053 0.999334 0.022069 0.021408 -0.021451 0.999541 33.262865 -6.876430 88.433204
0.999404 0.029157 -0.018472 -0.028834 0.999431 0.017504 0.018972 -0.016961 0.999676 33.246063 -6.879996 89.379181
0.999414 0.030399 -0.015723 -0.030230 0.999484 0.010884 0.016046 -0.010402 0.999817 33.226493 -6.877145 90.290353
0.999511 0.029648 -0.009914 -0.029622 0.999557 0.002755 0.009991 -0.002460 0.999947 33.223473 -6.882167 91.137416
0.999572 0.028246 -0.007551 -0.028254 0.999600 -0.000973 0.007520 0.001186 0.999971 33.220756 -6.895024 92.166544
0.999586 0.026829 -0.010397 -0.026839 0.999639 -0.000848 0.010371 0.001127 0.999946 33.211129 -6.914013 93.171283
0.999576 0.026473 -0.012098 -0.026476 0.999649 -0.000091 0.012091 0.000412 0.999927 33.196317 -6.931299 94.105534
0.999556 0.026729 -0.013139 -0.026734 0.999643 -0.000195 0.013130 0.000546 0.999914 33.186964 -6.947250 94.997708
0.999531 0.026866 -0.014665 -0.026905 0.999635 -0.002441 0.014594 0.002834 0.999889 33.172295 -6.961026 95.813841
0.999500 0.027205 -0.016092 -0.027262 0.999623 -0.003328 0.015995 0.003765 0.999865 33.152070 -6.984041 96.699501
0.999406 0.028033 -0.020054 -0.028095 0.999601 -0.002859 0.019966 0.003420 0.999795 33.127087 -7.003427 97.733504
0.999366 0.028524 -0.021319 -0.028589 0.999587 -0.002781 0.021231 0.003389 0.999769 33.101357 -7.023914 98.731853
0.999334 0.028328 -0.023008 -0.028405 0.999592 -0.003017 0.022913 0.003668 0.999731 33.077315 -7.041285 99.720767
0.999278 0.027752 -0.025948 -0.027848 0.999607 -0.003350 0.025845 0.004071 0.999658 33.052552 -7.065451 100.724565
0.999124 0.028264 -0.030846 -0.028434 0.999583 -0.005108 0.030688 0.005981 0.999511 33.022591 -7.087305 101.599842
0.998924 0.028994 -0.036194 -0.029324 0.999533 -0.008618 0.035927 0.009670 0.999308 32.984453 -7.108139 102.467349
0.998728 0.028813 -0.041367 -0.029366 0.999486 -0.012836 0.040976 0.014034 0.999062 32.948141 -7.134090 103.253536
0.998619 0.027689 -0.044637 -0.028470 0.999451 -0.016969 0.044143 0.018217 0.998859 32.910160 -7.151631 104.056073
0.998457 0.026174 -0.048977 -0.027133 0.999451 -0.019010 0.048452 0.020309 0.998619 32.874129 -7.178462 104.891992
0.998196 0.026364 -0.053944 -0.027409 0.999449 -0.018725 0.053420 0.020169 0.998368 32.821786 -7.209249 105.816789
0.997914 0.026828 -0.058714 -0.027909 0.999454 -0.017671 0.058207 0.019273 0.998118 32.760227 -7.232160 106.755183
0.997576 0.027341 -0.063988 -0.028513 0.999441 -0.017470 0.063475 0.019252 0.997798 32.706616 -7.251727 107.521379
0.996858 0.027955 -0.074110 -0.029228 0.999442 -0.016154 0.073617 0.018269 0.997119 32.650298 -7.271150 108.269506
0.995987 0.028823 -0.084733 -0.030155 0.999440 -0.014487 0.084268 0.016984 0.996298 32.579991 -7.294898 109.081897
0.995438 0.031319 -0.090127 -0.032609 0.999385 -0.012875 0.089669 0.015755 0.995847 32.500423 -7.317841 109.916679
0.995181 0.033605 -0.092115 -0.034932 0.999307 -0.012836 0.091620 0.015992 0.995666 32.423122 -7.336033 110.689143
0.995199 0.036533 -0.090801 -0.037960 0.999181 -0.014044 0.090213 0.017424 0.995770 32.346368 -7.359696 111.468473
0.995368 0.037474 -0.088537 -0.038960 0.999126 -0.015112 0.087893 0.018492 0.995958 32.267650 -7.386976 112.305279
0.995713 0.037320 -0.084637 -0.038774 0.999126 -0.015598 0.083981 0.018813 0.996290 32.186768 -7.417738 113.232030
0.996299 0.036728 -0.077710 -0.038050 0.999154 -0.015602 0.077071 0.018501 0.996854 32.111481 -7.450322 114.148358
0.996828 0.035489 -0.071229 -0.036733 0.999193 -0.016230 0.070596 0.018795 0.997328 32.041712 -7.480638 115.060293
0.997343 0.034279 -0.064277 -0.035516 0.999203 -0.018199 0.063602 0.020434 0.997766 31.982751 -7.512634 115.924531
0.997909 0.032230 -0.056031 -0.033449 0.999221 -0.020953 0.055312 0.022783 0.998209 31.943724 -7.548176 116.722899
0.998329 0.030236 -0.049245 -0.031367 0.999258 -0.022360 0.048533 0.023867 0.998536 31.909823 -7.585463 117.492059
0.998672 0.028863 -0.042686 -0.029898 0.999269 -0.023810 0.041967 0.025055 0.998805 31.877282 -7.625397 118.292270
0.998940 0.026710 -0.037486 -0.027690 0.999282 -0.025861 0.036768 0.026872 0.998962 31.850367 -7.659910 119.068877
0.999145 0.025238 -0.032743 -0.026125 0.999295 -0.026946 0.032040 0.027778 0.999100 31.827027 -7.693779 119.874926
0.999259 0.024626 -0.029582 -0.025422 0.999316 -0.026848 0.028900 0.027580 0.999202 31.803811 -7.727381 120.645365
0.999385 0.023653 -0.025904 -0.024354 0.999336 -0.027090 0.025246 0.027704 0.999297 31.786150 -7.766973 121.419391
0.999492 0.022609 -0.022462 -0.023228 0.999346 -0.027723 0.021821 0.028231 0.999363 31.765464 -7.808525 122.321281
0.999535 0.023281 -0.019687 -0.023839 0.999307 -0.028595 0.019008 0.029051 0.999397 31.744039 -7.852732 123.219241
0.999572 0.022979 -0.018120 -0.023501 0.999298 -0.029189 0.017436 0.029603 0.999410 31.730647 -7.891239 123.998823
0.999602 0.022442 -0.017099 -0.022939 0.999304 -0.029417 0.016427 0.029798 0.999421 31.716426 -7.933387 124.830934
0.999586 0.023029 -0.017238 -0.023545 0.999264 -0.030300 0.016527 0.030693 0.999392 31.694920 -7.975732 125.679866
0.999578 0.022626 -0.018221 -0.023215 0.999193 -0.032771 0.017465 0.033180 0.999297 31.677171 -8.014280 126.537421
0.999583 0.020618 -0.020196 -0.021282 0.999220 -0.033257 0.019494 0.033673 0.999243 31.663889 -8.053081 127.432471
0.999565 0.019182 -0.022401 -0.019918 0.999252 -0.033136 0.021749 0.033567 0.999200 31.644037 -8.096079 128.398939
0.999543 0.017638 -0.024537 -0.018448 0.999278 -0.033205 0.023934 0.033643 0.999147 31.620554 -8.146440 129.447919
0.999458 0.016542 -0.028451 -0.017461 0.999323 -0.032380 0.027896 0.032859 0.999071 31.590003 -8.198268 130.546770
0.999303 0.017001 -0.033234 -0.018104 0.999286 -0.033171 0.032647 0.033750 0.998897 31.550760 -8.250072 131.633656
0.999058 0.015732 -0.040455 -0.017119 0.999270 -0.034157 0.039888 0.034817 0.998597 31.502631 -8.303084 132.733273
0.998937 0.015221 -0.043505 -0.016727 0.999266 -0.034457 0.042948 0.035148 0.998459 31.453977 -8.357917 133.831661
0.998697 0.014051 -0.049053 -0.015747 0.999286 -0.034359 0.048535 0.035086 0.998205 31.399069 -8.411700 134.935444
0.998407 0.015763 -0.054179 -0.017525 0.999328 -0.032205 0.053634 0.033103 0.998012 31.335158 -8.472198 136.110581
0.998161 0.016517 -0.058330 -0.018369 0.999339 -0.031363 0.057773 0.032377 0.997805 31.265183 -8.529204 137.238789
0.997932 0.016723 -0.062071 -0.018724 0.999319 -0.031799 0.061497 0.032895 0.997565 31.201260 -8.577050 138.170666
0.997855 0.017277 -0.063150 -0.019419 0.999251 -0.033467 0.062524 0.034621 0.997443 31.145625 -8.614271 138.970526
0.997673 0.017858 -0.065807 -0.020175 0.999193 -0.034718 0.065134 0.035965 0.997228 31.095016 -8.650513 139.747557
0.997386 0.017583 -0.070081 -0.020250 0.999090 -0.037527 0.069358 0.038848 0.996835 31.029654 -8.687689 140.592498
0.997246 0.017083 -0.072175 -0.019961 0.999026 -0.039342 0.071433 0.040675 0.996616 30.964682 -8.731697 141.500099
0.997174 0.016440 -0.073312 -0.019418 0.999007 -0.040092 0.072580 0.041402 0.996503 30.901702 -8.775145 142.376360
0.997163 0.016291 -0.073487 -0.019276 0.999010 -0.040088 0.072761 0.041391 0.996490 30.832259 -8.823306 143.279686
0.997161 0.016984 -0.073354 -0.019864 0.999053 -0.038709 0.072627 0.040056 0.996554 30.757268 -8.871294 144.240743
0.997145 0.017009 -0.073575 -0.019816 0.999096 -0.037600 0.072869 0.038950 0.996581 30.675091 -8.928251 145.299065
0.996945 0.017268 -0.076177 -0.020159 0.999099 -0.037345 0.075463 0.038767 0.996395 30.582117 -8.987696 146.416634
0.996847 0.018229 -0.077222 -0.021084 0.999118 -0.036324 0.076491 0.037838 0.996352 30.481925 -9.044156 147.565333
0.996669 0.019256 -0.079241 -0.022148 0.999114 -0.035785 0.078482 0.037421 0.996213 30.392139 -9.093842 148.568214
0.996456 0.020341 -0.081624 -0.023260 0.999117 -0.034977 0.080841 0.036751 0.996049 30.311555 -9.143244 149.466839
0.996139 0.020333 -0.085405 -0.023306 0.999151 -0.033961 0.084642 0.035820 0.995767 30.226252 -9.187455 150.369006
0.996014 0.020813 -0.086730 -0.023757 0.999171 -0.033049 0.085970 0.034978 0.995684 30.142672 -9.231576 151.330706
0.995858 0.019828 -0.088733 -0.022852 0.999188 -0.033194 0.088003 0.035084 0.995502 30.061376 -9.278539 152.252152
0.995754 0.019812 -0.089899 -0.022982 0.999145 -0.034354 0.089141 0.036274 0.995358 29.981347 -9.321989 153.164897
0.995976 0.019909 -0.087381 -0.023054 0.999117 -0.035134 0.086604 0.037007 0.995555 29.886560 -9.371002 154.201911
0.996130 0.020042 -0.085576 -0.023045 0.999148 -0.034251 0.084816 0.036091 0.995743 29.783525 -9.426171 155.334618
0.996057 0.019140 -0.086626 -0.022082 0.999207 -0.033131 0.085923 0.034914 0.995690 29.681167 -9.485568 156.487884
0.995969 0.018422 -0.087791 -0.021348 0.999243 -0.032507 0.087126 0.034250 0.995608 29.577515 -9.543011 157.659786
0.995861 0.018162 -0.089052 -0.021248 0.999202 -0.033834 0.088366 0.035586 0.995452 29.480967 -9.599732 158.730845
0.995896 0.018389 -0.088616 -0.021517 0.999174 -0.034477 0.087909 0.036242 0.995469 29.392876 -9.648806 159.688851
0.995855 0.019110 -0.088920 -0.022250 0.999159 -0.034453 0.088186 0.036288 0.995443 29.313327 -9.691314 160.561382
0.995898 0.018280 -0.088619 -0.021410 0.999175 -0.034496 0.087916 0.036251 0.995468 29.238286 -9.732351 161.373925
0.996008 0.016848 -0.087660 -0.019982 0.999188 -0.034996 0.087000 0.036607 0.995536 29.161982 -9.770600 162.204535
0.996215 0.015712 -0.085486 -0.018817 0.999188 -0.035632 0.084857 0.037105 0.995702 29.077031 -9.816285 163.139619
0.996320 0.015689 -0.084266 -0.018545 0.999276 -0.033219 0.083684 0.034659 0.995889 28.980212 -9.875059 164.240512
0.996443 0.015927 -0.082754 -0.018489 0.999371 -0.030277 0.082219 0.031699 0.996110 28.884705 -9.926572 165.353265
0.996544 0.015378 -0.081633 -0.017944 0.999365 -0.030799 0.081108 0.032158 0.996186 28.778355 -9.974087 166.505528
0.996625 0.017034 -0.080308 -0.019707 0.999274 -0.032610 0.079695 0.034082 0.996236 28.689881 -10.023531 167.515675
0.996617 0.017447 -0.080308 -0.020232 0.999217 -0.033999 0.079652 0.035509 0.996190 28.601906 -10.073720 168.500178
0.996616 0.017985 -0.080206 -0.020854 0.999167 -0.035085 0.079508 0.036639 0.996161 28.523198 -10.118903 169.421794
0.996540 0.018576 -0.081008 -0.021392 0.999192 -0.034032 0.080310 0.035647 0.996132 28.434160 -10.161314 170.390164
0.996375 0.019986 -0.082694 -0.022780 0.999196 -0.032983 0.081968 0.034747 0.996029 28.345466 -10.211949 171.420317
0.996371 0.020141 -0.082703 -0.022917 0.999201 -0.032749 0.081978 0.034525 0.996036 28.261653 -10.263256 172.389841
0.996345 0.018746 -0.083339 -0.021614 0.999200 -0.033642 0.082642 0.035320 0.995953 28.170380 -10.315498 173.443051
0.996192 0.016970 -0.085523 -0.019995 0.999200 -0.034641 0.084867 0.036219 0.995734 28.081705 -10.367074 174.449073
0.996245 0.016818 -0.084935 -0.019935 0.999153 -0.035987 0.084258 0.037545 0.995736 27.991700 -10.415322 175.447261
0.996210 0.016686 -0.085365 -0.019781 0.999173 -0.035535 0.084702 0.037089 0.995716 27.900046 -10.465632 176.458075
0.996002 0.017070 -0.087682 -0.020182 0.999193 -0.034725 0.087019 0.036356 0.995543 27.798685 -10.514988 177.515421
0.995802 0.017185 -0.089903 -0.020296 0.999223 -0.033799 0.089252 0.035482 0.995377 27.704773 -10.565317 178.539909
0.995466 0.018550 -0.093296 -0.021778 0.999195 -0.033696 0.092596 0.035575 0.995068 27.602442 -10.617111 179.539077
0.995089 0.020181 -0.096910 -0.023610 0.999131 -0.034362 0.096132 0.036482 0.994700 27.498633 -10.667862 180.488182
0.994636 0.020923 -0.101301 -0.024612 0.999074 -0.035301 0.100469 0.037605 0.994229 27.407374 -10.710685 181.272780
0.994197 0.020371 -0.105626 -0.024155 0.999107 -0.034675 0.104825 0.037025 0.993801 27.316561 -10.755790 182.086738
0.993985 0.020030 -0.107673 -0.023913 0.999105 -0.034888 0.106878 0.037253 0.993574 27.221744 -10.800209 182.929594
0.993904 0.019390 -0.108527 -0.023259 0.999134 -0.034505 0.107764 0.036819 0.993494 27.125489 -10.839752 183.778993
0.993608 0.019123 -0.111250 -0.022988 0.999172 -0.033558 0.110516 0.035901 0.993226 27.019394 -10.888344 184.684115
0.993643 0.018732 -0.111009 -0.022602 0.999176 -0.033708 0.110286 0.036003 0.993248 26.906097 -10.932817 185.637326
0.993512 0.018778 -0.112169 -0.022648 0.999188 -0.033325 0.111452 0.035649 0.993130 26.777501 -10.985954 186.695261
0.993219 0.019066 -0.114688 -0.022797 0.999250 -0.031312 0.114005 0.033714 0.992908 26.653961 -11.036129 187.718712
0.992791 0.020793 -0.118043 -0.024358 0.999287 -0.028834 0.117360 0.031502 0.992590 26.514182 -11.083555 188.785623
0.991963 0.020429 -0.124866 -0.024008 0.999341 -0.027226 0.124228 0.030005 0.991800 26.382758 -11.132391 189.785566
0.991068 0.020541 -0.131767 -0.024059 0.999394 -0.025155 0.131170 0.028101 0.990962 26.268358 -11.177613 190.596275
0.990424 0.020018 -0.136603 -0.023526 0.999432 -0.024114 0.136042 0.027097 0.990332 26.158374 -11.211286 191.360568
0.989643 0.018944 -0.142298 -0.022389 0.999493 -0.022649 0.141797 0.025600 0.989565 26.039312 -11.244348 192.180153
0.988951 0.018036 -0.147140 -0.021364 0.999550 -0.021070 0.146694 0.023981 0.988891 25.905774 -11.279955 193.073740
0.988190 0.018179 -0.152151 -0.021466 0.999570 -0.019988 0.151722 0.023018 0.988155 25.760325 -11.309516 193.981845
0.987504 0.017980 -0.156564 -0.021363 0.999573 -0.019951 0.156139 0.023046 0.987466 25.608312 -11.336330 194.875806
0.986631 0.017227 -0.162060 -0.020730 0.999586 -0.019947 0.161649 0.023039 0.986579 25.440579 -11.366743 195.833988
0.985776 0.015953 -0.167304 -0.019658 0.999596 -0.020511 0.166910 0.023508 0.985692 25.302174 -11.392242 196.639661
0.985164 0.015384 -0.170925 -0.019138 0.999610 -0.020335 0.170545 0.023305 0.985074 25.137879 -11.421747 197.553109
0.984724 0.013118 -0.173631 -0.016807 0.999663 -0.019796 0.173312 0.022412 0.984612 24.997259 -11.451537 198.381212
0.984367 0.011753 -0.175738 -0.015375 0.999696 -0.019263 0.175459 0.021664 0.984248 24.834648 -11.491750 199.311776
0.983820 0.010526 -0.178851 -0.014201 0.999713 -0.019283 0.178597 0.021511 0.983687 24.653174 -11.530948 200.325075
0.983060 0.010928 -0.182956 -0.014927 0.999678 -0.020497 0.182673 0.022881 0.982907 24.465393 -11.565009 201.316040
0.982535 0.010767 -0.185768 -0.015287 0.999620 -0.022917 0.185451 0.025357 0.982326 24.282274 -11.597828 202.238432
0.981343 0.011028 -0.191948 -0.016393 0.999517 -0.026383 0.191565 0.029038 0.981050 24.129460 -11.632952 202.993607
0.980422 0.011469 -0.196576 -0.017618 0.999408 -0.029558 0.196120 0.032443 0.980043 23.984485 -11.665168 203.697341
0.980013 0.011211 -0.198618 -0.018402 0.999239 -0.034395 0.198081 0.037362 0.979473 23.846877 -11.701009 204.364476
0.979746 0.010460 -0.199971 -0.018670 0.999056 -0.039213 0.199373 0.042152 0.979017 23.711632 -11.738612 205.020936
0.979328 0.008809 -0.202086 -0.017486 0.998998 -0.041190 0.201521 0.043872 0.978501 23.577814 -11.771576 205.657921
0.978970 0.008395 -0.203831 -0.017235 0.998984 -0.041634 0.203275 0.044272 0.978120 23.424580 -11.815028 206.365543
0.978382 0.008765 -0.206618 -0.017604 0.999005 -0.040979 0.206053 0.043731 0.977563 23.260721 -11.861673 207.115465
0.977925 0.008226 -0.208792 -0.017157 0.999012 -0.040998 0.208249 0.043675 0.977100 23.098222 -11.906480 207.856899
0.977189 0.007444 -0.212242 -0.016630 0.998999 -0.041525 0.211721 0.044107 0.976334 22.919078 -11.960037 208.640024
0.976752 0.006365 -0.214279 -0.015938 0.998949 -0.042975 0.213780 0.045391 0.975827 22.740426 -12.014834 209.431999
0.976570 0.006055 -0.215116 -0.016060 0.998867 -0.044794 0.214601 0.047199 0.975561 22.548858 -12.065193 210.270593
0.976415 0.007095 -0.215784 -0.017132 0.998854 -0.044683 0.215220 0.047326 0.975418 22.354113 -12.117574 211.139997
0.975916 0.006677 -0.218046 -0.016892 0.998843 -0.045018 0.217493 0.047617 0.974900 22.140984 -12.172977 212.054422
0.975980 0.007032 -0.217748 -0.017034 0.998882 -0.044092 0.217195 0.046742 0.975008 21.919463 -12.230396 213.032627
0.975710 0.006204 -0.218980 -0.016455 0.998851 -0.045017 0.218449 0.047527 0.974690 21.706433 -12.288912 213.962449
0.975316 0.005187 -0.220754 -0.016007 0.998755 -0.047256 0.220234 0.049623 0.974184 21.509238 -12.344954 214.818949
0.975212 0.005046 -0.221213 -0.016770 0.998550 -0.051151 0.220635 0.053592 0.973883 21.312546 -12.398040 215.660655
0.975005 0.002916 -0.222164 -0.015531 0.998362 -0.055057 0.221639 0.057131 0.973454 21.092844 -12.467936 216.610472
0.974762 0.001760 -0.223241 -0.015102 0.998198 -0.058071 0.222736 0.059977 0.973032 20.870087 -12.541960 217.579810
0.973854 0.002046 -0.227167 -0.015836 0.998138 -0.058900 0.226623 0.060958 0.972073 20.593775 -12.628596 218.703707
0.971243 0.001366 -0.238088 -0.015800 0.998149 -0.058727 0.237567 0.060800 0.969467 20.348531 -12.707450 219.666597
0.968105 0.001266 -0.250541 -0.016402 0.998162 -0.058334 0.250007 0.060583 0.966347 20.079041 -12.796773 220.628207
0.966413 0.000727 -0.256991 -0.016727 0.998054 -0.060078 0.256447 0.062359 0.964545 19.803879 -12.881477 221.589528
0.965170 -0.000576 -0.261624 -0.016541 0.997863 -0.063217 0.261101 0.065343 0.963097 19.522012 -12.964552 222.573393
0.963796 -0.001785 -0.266633 -0.016138 0.997754 -0.065010 0.266150 0.066959 0.961603 19.226044 -13.053771 223.608695
0.962121 -0.001046 -0.272619 -0.016765 0.997873 -0.062997 0.272105 0.065182 0.960057 18.932527 -13.139575 224.633349
0.961368 0.001215 -0.275264 -0.018320 0.998056 -0.059578 0.274657 0.062319 0.959521 18.626824 -13.225047 225.676872
0.961041 0.004032 -0.276376 -0.020521 0.998175 -0.056794 0.275642 0.060253 0.959370 18.350859 -13.297731 226.594972
0.961283 0.005473 -0.275507 -0.021970 0.998142 -0.056826 0.274684 0.060679 0.959618 18.101976 -13.366412 227.431318
0.961221 0.003870 -0.275752 -0.021512 0.997907 -0.060985 0.274939 0.064552 0.959292 17.845616 -13.432358 228.305302
0.961130 0.002125 -0.276087 -0.020802 0.997685 -0.064740 0.275311 0.067967 0.958950 17.594747 -13.505206 229.167270
0.961025 0.000986 -0.276461 -0.020308 0.997544 -0.067034 0.275716 0.070035 0.958684 17.315234 -13.584871 230.140293
0.961509 0.002051 -0.274767 -0.021305 0.997518 -0.067106 0.273948 0.070377 0.959166 17.041280 -13.662037 231.091697
0.961699 0.004296 -0.274074 -0.023207 0.997563 -0.065792 0.273124 0.069633 0.959455 16.782509 -13.735776 231.981047
0.961761 0.005329 -0.273838 -0.024183 0.997558 -0.065521 0.272820 0.069638 0.959541 16.537000 -13.807136 232.824703
0.961770 0.007022 -0.273769 -0.026154 0.997457 -0.066294 0.272607 0.070920 0.959508 16.282483 -13.879056 233.691309
0.961648 0.008301 -0.274161 -0.028272 0.997218 -0.068971 0.272826 0.074077 0.959207 16.039931 -13.950014 234.500972
0.961624 0.008414 -0.274243 -0.029625 0.996870 -0.073295 0.272768 0.078607 0.958863 15.800079 -14.020949 235.306950
0.961249 0.008959 -0.275538 -0.030872 0.996683 -0.075297 0.273949 0.080886 0.958337 15.564466 -14.092857 236.087740
0.960885 0.010171 -0.276762 -0.032191 0.996653 -0.075138 0.275072 0.081108 0.957996 15.332929 -14.165871 236.853705
0.960679 0.011400 -0.277428 -0.033508 0.996614 -0.075080 0.275633 0.081423 0.957808 15.107355 -14.238096 237.621609
0.960594 0.011233 -0.277729 -0.033247 0.996653 -0.074680 0.275960 0.080971 0.957752 14.867814 -14.313567 238.445859
0.960633 0.011085 -0.277598 -0.033151 0.996638 -0.074922 0.275835 0.081175 0.957771 14.664940 -14.378347 239.158366
0.960201 0.010426 -0.279114 -0.032666 0.996637 -0.075151 0.277392 0.081278 0.957313 14.429638 -14.451505 239.963414
0.959829 0.009843 -0.280413 -0.032211 0.996643 -0.075270 0.278731 0.081279 0.956924 14.195805 -14.523725 240.748477
0.959565 0.009428 -0.281328 -0.032042 0.996601 -0.075893 0.279656 0.081838 0.956606 13.950132 -14.605640 241.566178
0.959641 0.009847 -0.281056 -0.032471 0.996582 -0.075955 0.279347 0.082015 0.956681 13.728935 -14.677545 242.302977
0.959441 0.011212 -0.281686 -0.033696 0.996606 -0.075104 0.279888 0.081550 0.956563 13.497118 -14.749933 243.050924
0.958724 0.011744 -0.284097 -0.034081 0.996690 -0.073809 0.282289 0.080445 0.955951 13.239925 -14.832349 243.904047
0.957360 0.011228 -0.288680 -0.034053 0.996664 -0.074169 0.286884 0.080837 0.954548 12.994872 -14.912953 244.702189
0.955797 0.009262 -0.293880 -0.032814 0.996620 -0.075310 0.292189 0.081625 0.952871 12.742328 -14.992497 245.511281
0.954986 0.008387 -0.296532 -0.032883 0.996433 -0.077718 0.294823 0.083970 0.951855 12.489104 -15.072907 246.304479
0.954264 0.008308 -0.298849 -0.033349 0.996333 -0.078789 0.297099 0.085152 0.951042 12.196192 -15.162870 247.196345
0.953478 0.008947 -0.301331 -0.034702 0.996172 -0.080228 0.299460 0.086953 0.950138 11.943403 -15.243353 247.977924
0.952728 0.009520 -0.303676 -0.035485 0.996155 -0.080098 0.301746 0.087087 0.949403 11.700610 -15.315532 248.711971
0.951776 0.010201 -0.306624 -0.036267 0.996180 -0.079433 0.304642 0.086723 0.948511 11.462887 -15.385631 249.435513
0.950723 0.011528 -0.309828 -0.037653 0.996205 -0.078471 0.307748 0.086270 0.947549 11.216019 -15.455890 250.154747
0.949761 0.013563 -0.312681 -0.039908 0.996154 -0.078007 0.310421 0.086566 0.946649 10.953186 -15.524882 250.910040
0.948003 0.012858 -0.318002 -0.040089 0.996049 -0.079238 0.315727 0.087866 0.944773 10.679601 -15.603106 251.704702
0.945333 0.013327 -0.325833 -0.041912 0.995844 -0.080865 0.323401 0.090100 0.941963 10.388031 -15.690193 252.528490
0.943468 0.014213 -0.331159 -0.043563 0.995731 -0.081375 0.328589 0.091201 0.940059 10.088802 -15.780863 253.349055
0.941899 0.014565 -0.335581 -0.044995 0.995526 -0.083085 0.332870 0.093357 0.938340 9.806423 -15.854533 254.107297
0.941161 0.015304 -0.337611 -0.046222 0.995416 -0.083732 0.334782 0.094410 0.937554 9.498378 -15.934467 254.928805
0.941010 0.017540 -0.337925 -0.048650 0.995293 -0.083812 0.334865 0.095308 0.937434 9.196911 -16.022100 255.737593
0.940533 0.019006 -0.339169 -0.050301 0.995219 -0.083717 0.335957 0.095799 0.936993 8.895958 -16.105495 256.516070
0.940282 0.019767 -0.339821 -0.051557 0.995065 -0.084777 0.336468 0.097235 0.936661 8.585390 -16.198767 257.347429
0.940138 0.019576 -0.340230 -0.052133 0.994859 -0.086814 0.336782 0.099355 0.936326 8.251142 -16.304399 258.239541
0.940066 0.018309 -0.340501 -0.051831 0.994627 -0.089617 0.337030 0.101894 0.935964 7.938343 -16.404438 259.072222
0.940585 0.017408 -0.339112 -0.051848 0.994337 -0.092767 0.335577 0.104837 0.936161 7.679525 -16.492184 259.778624
0.940436 0.017831 -0.339502 -0.053207 0.994037 -0.095179 0.335780 0.107574 0.935777 7.415742 -16.577324 260.477425
0.940752 0.018530 -0.338588 -0.054483 0.993793 -0.096989 0.334689 0.109690 0.935923 7.173784 -16.664802 261.124951
0.940559 0.018140 -0.339144 -0.054808 0.993591 -0.098858 0.335177 0.111570 0.935526 6.935844 -16.754185 261.770644
0.941195 0.017413 -0.337414 -0.054588 0.993387 -0.101004 0.333425 0.113483 0.935922 6.719498 -16.836300 262.369535
0.941926 0.017165 -0.335383 -0.054478 0.993274 -0.102167 0.331374 0.114504 0.936526 6.497023 -16.917317 262.985301
0.941998 0.016105 -0.335231 -0.053479 0.993289 -0.102555 0.331330 0.114534 0.936538 6.284218 -16.995814 263.585726
0.941698 0.015712 -0.336093 -0.052969 0.993376 -0.101973 0.332265 0.113830 0.936292 6.073824 -17.071968 264.155459
0.941314 0.015641 -0.337170 -0.052575 0.993528 -0.100691 0.333413 0.112508 0.936044 5.841618 -17.151550 264.786860
0.940837 0.016279 -0.338469 -0.052949 0.993639 -0.099390 0.334698 0.111431 0.935714 5.632214 -17.227606 265.359618
0.940014 0.016402 -0.340743 -0.053169 0.993681 -0.098849 0.336968 0.111036 0.934946 5.413259 -17.301808 265.946365
0.939252 0.016445 -0.342833 -0.053366 0.993701 -0.098540 0.339054 0.110849 0.934214 5.187275 -17.380136 266.548938
