0.999988 0.000234 -0.004949 -0.000228 0.999999 0.001150 0.004949 -0.001149 0.999987 -0.006350 -0.017458 0.952387
0.999999 0.000311 -0.001093 -0.000309 0.999997 0.002366 0.001093 -0.002365 0.999997 -0.014261 -0.034089 1.846483
0.999996 0.000428 -0.002750 -0.000419 0.999995 0.003260 0.002752 -0.003259 0.999991 -0.022102 -0.050004 2.684239
0.999796 0.000565 -0.020194 -0.000482 0.999991 0.004126 0.020196 -0.004116 0.999788 -0.034854 -0.062288 3.540044
0.999205 0.000480 -0.039876 -0.000281 0.999987 0.004997 0.039878 -0.004981 0.999192 -0.062457 -0.073606 4.387854
0.998510 0.000472 -0.054576 -0.000155 0.999983 0.005814 0.054578 -0.005797 0.998493 -0.105575 -0.085520 5.231214
0.997518 0.000677 -0.070409 -0.000188 0.999976 0.006961 0.070412 -0.006931 0.997494 -0.159062 -0.096010 6.071670
0.994831 0.000778 -0.101538 0.000101 0.999963 0.008645 0.101541 -0.008610 0.994794 -0.229909 -0.101971 6.912821
0.991090 0.001349 -0.133185 0.000051 0.999945 0.010505 0.133191 -0.010418 0.991036 -0.328547 -0.107007 7.748461
0.988163 0.001421 -0.153403 0.000377 0.999932 0.011692 0.153409 -0.011612 0.988095 -0.456084 -0.112652 8.633465
0.984506 0.001314 -0.175348 0.001016 0.999912 0.013199 0.175350 -0.013173 0.984418 -0.592703 -0.115813 9.436508
0.979391 0.001191 -0.201969 0.001837 0.999889 0.014804 0.201965 -0.014870 0.979280 -0.748869 -0.118454 10.236371
0.972799 0.002048 -0.231641 0.001873 0.999859 0.016703 0.231643 -0.016682 0.972658 -0.937844 -0.119842 11.090688
0.964057 0.002204 -0.265688 0.002775 0.999828 0.018363 0.265683 -0.018441 0.963884 -1.156108 -0.120674 11.964278
0.952806 0.002782 -0.303566 0.003470 0.999793 0.020057 0.303559 -0.020164 0.952599 -1.404022 -0.120090 12.815991
0.942436 0.003490 -0.334367 0.004088 0.999751 0.021957 0.334360 -0.022060 0.942187 -1.688676 -0.116021 13.670332
0.931206 0.004234 -0.364469 0.004720 0.999709 0.023673 0.364463 -0.023765 0.930914 -2.002788 -0.113181 14.516487
0.917549 0.004901 -0.397592 0.005588 0.999666 0.025219 0.397583 -0.025362 0.917216 -2.337794 -0.110851 15.334013
0.905453 0.005897 -0.424405 0.006048 0.999623 0.026791 0.424403 -0.026825 0.905076 -2.713963 -0.103393 16.178162
0.895162 0.006461 -0.445694 0.006685 0.999588 0.027916 0.445690 -0.027969 0.894750 -3.109709 -0.095195 17.006243
0.884479 0.007652 -0.466517 0.006712 0.999553 0.029121 0.466532 -0.028889 0.884033 -3.507982 -0.085988 17.777949
0.869245 0.010295 -0.494274 0.006478 0.999460 0.032209 0.494339 -0.031199 0.868709 -3.890650 -0.078334 18.455481
0.851206 0.012898 -0.524673 0.006980 0.999331 0.035890 0.524785 -0.034212 0.850547 -4.299600 -0.067191 19.124575
0.832472 0.015309 -0.553856 0.007763 0.999198 0.039288 0.554013 -0.037006 0.831685 -4.752111 -0.053163 19.819467
0.810985 0.017605 -0.584802 0.008726 0.999072 0.042176 0.585002 -0.039307 0.810079 -5.216719 -0.034520 20.456194
0.788932 0.020145 -0.614150 0.009257 0.998959 0.044660 0.614411 -0.040919 0.787924 -5.729353 -0.016997 21.112808
0.756726 0.022824 -0.653334 0.010850 0.998814 0.047459 0.653642 -0.043002 0.755581 -6.192554 0.004762 21.632622
0.719561 0.025260 -0.693970 0.012512 0.998704 0.049326 0.694317 -0.044177 0.718312 -6.613193 0.026079 22.052191
0.693662 0.027987 -0.719757 0.013932 0.998537 0.052254 0.720166 -0.046275 0.692257 -7.165282 0.055780 22.573939
0.670405 0.029911 -0.741392 0.015440 0.998408 0.054242 0.741834 -0.047811 0.668876 -7.759778 0.084343 23.106159
0.646483 0.031829 -0.762264 0.017007 0.998280 0.056109 0.762739 -0.049237 0.644829 -8.389263 0.120002 23.643642
0.626521 0.034222 -0.778653 0.018177 0.998122 0.058493 0.779192 -0.050800 0.624723 -9.035590 0.153975 24.164450
0.607449 0.037138 -0.793490 0.018354 0.997984 0.060760 0.794146 -0.051472 0.605543 -9.705888 0.188491 24.677042
0.587006 0.039482 -0.808619 0.019511 0.997830 0.062885 0.809347 -0.052691 0.584962 -10.408608 0.226753 25.193509
0.564817 0.042050 -0.824144 0.020325 0.997689 0.064834 0.824966 -0.053370 0.562657 -11.150289 0.267692 25.719561
0.544238 0.043984 -0.837777 0.021176 0.997586 0.066130 0.838664 -0.053731 0.541993 -11.883239 0.309195 26.208813
0.528841 0.046529 -0.847444 0.021337 0.997452 0.068080 0.848453 -0.054085 0.526501 -12.646888 0.351815 26.695467
0.512393 0.048859 -0.857360 0.021751 0.997321 0.069834 0.858476 -0.054431 0.509958 -13.444092 0.397254 27.187002
0.494748 0.050175 -0.867587 0.022944 0.997230 0.070756 0.868734 -0.054912 0.492226 -14.225521 0.444780 27.645360
0.483027 0.051120 -0.874112 0.023534 0.997176 0.071322 0.875289 -0.055022 0.480460 -15.033855 0.492927 28.098959
0.466258 0.052802 -0.883071 0.024245 0.997079 0.072420 0.884316 -0.055176 0.463616 -15.831234 0.542547 28.531994
0.453065 0.054483 -0.889811 0.024488 0.996994 0.073514 0.891141 -0.055096 0.450369 -16.628083 0.590677 28.947449
0.439677 0.056367 -0.896385 0.024928 0.996878 0.074913 0.897810 -0.055283 0.436899 -17.498065 0.642584 29.384555
0.439351 0.058347 -0.896419 0.024318 0.996750 0.076796 0.897986 -0.055540 0.436504 -18.359446 0.693862 29.804147
0.444878 0.060555 -0.893542 0.023190 0.996598 0.079085 0.895291 -0.055905 0.441960 -19.253851 0.749303 30.241401
0.451391 0.062590 -0.890128 0.022062 0.996449 0.081254 0.892053 -0.056315 0.448408 -20.123323 0.804332 30.672663
0.458989 0.064436 -0.886102 0.020712 0.996319 0.083179 0.888200 -0.056531 0.455965 -20.963785 0.858459 31.096830
0.467469 0.066375 -0.881514 0.019154 0.996183 0.085166 0.883802 -0.056697 0.464413 -21.837339 0.919252 31.545609
0.470772 0.068239 -0.879612 0.018130 0.996045 0.086975 0.882069 -0.056893 0.467673 -22.687003 0.980193 31.988749
0.470740 0.070111 -0.879482 0.017560 0.995896 0.088790 0.882097 -0.057240 0.467577 -23.513352 1.041727 32.423228
0.475401 0.071874 -0.876829 0.016316 0.995766 0.090469 0.879618 -0.057315 0.472215 -24.331321 1.102751 32.855565
0.480537 0.073476 -0.873891 0.015081 0.995644 0.092006 0.876845 -0.057391 0.477336 -25.164502 1.168760 33.303099
0.483676 0.074506 -0.872070 0.014241 0.995568 0.092956 0.875131 -0.057380 0.480472 -25.949212 1.230426 33.729698
0.482382 0.075695 -0.872684 0.013847 0.995476 0.093999 0.875851 -0.057427 0.479152 -26.745353 1.294431 34.163422
0.480338 0.076998 -0.873697 0.013517 0.995371 0.095152 0.876979 -0.057515 0.477074 -27.500848 1.356498 34.573445
0.477865 0.078372 -0.874930 0.012967 0.995274 0.096234 0.878338 -0.057333 0.474590 -28.227496 1.415781 34.965523
0.475784 0.080192 -0.875899 0.011885 0.995158 0.097567 0.879482 -0.056831 0.472528 -28.980874 1.480019 35.369829
0.473736 0.081328 -0.876904 0.011533 0.995068 0.098517 0.880591 -0.056785 0.470462 -29.768730 1.550074 35.791348
0.470667 0.081931 -0.878499 0.011797 0.995006 0.099116 0.882232 -0.057014 0.467350 -30.555916 1.623292 36.210315
0.465739 0.082610 -0.881058 0.012102 0.994945 0.099686 0.884839 -0.057090 0.462385 -31.306048 1.690955 36.603692
0.459522 0.083400 -0.884242 0.012477 0.994877 0.100319 0.888079 -0.057132 0.456127 -32.020756 1.753665 36.971620
0.453086 0.084496 -0.887454 0.012999 0.994766 0.101350 0.891372 -0.057456 0.449616 -32.742421 1.819421 37.337089
0.447738 0.085017 -0.890114 0.012828 0.994757 0.101464 0.894073 -0.056847 0.444299 -33.475937 1.887026 37.701557
0.443167 0.083153 -0.892574 0.012582 0.995014 0.098943 0.896351 -0.055079 0.439911 -34.267694 1.958021 38.088933
0.437357 0.079822 -0.895739 0.012970 0.995389 0.095035 0.899195 -0.053182 0.434305 -35.100694 2.034472 38.498808
0.429962 0.078354 -0.899440 0.013753 0.995543 0.093300 0.902742 -0.052486 0.426968 -35.900993 2.104616 38.881594
0.420061 0.078516 -0.904093 0.013959 0.995573 0.092947 0.907389 -0.051664 0.417105 -36.712796 2.172826 39.263690
0.409617 0.080637 -0.908687 0.013805 0.995424 0.094557 0.912153 -0.051277 0.406630 -37.486846 2.236567 39.616156
0.400126 0.083400 -0.912657 0.012877 0.995241 0.096592 0.916370 -0.050401 0.397148 -38.200944 2.295507 39.930762
0.391104 0.085219 -0.916393 0.012161 0.995138 0.097732 0.920266 -0.049368 0.388166 -38.934376 2.352932 40.242670
0.380660 0.086048 -0.920703 0.012153 0.995110 0.098027 0.924635 -0.048504 0.377752 -39.667591 2.414283 40.549357
0.370985 0.085823 -0.924665 0.011793 0.995205 0.097102 0.928564 -0.046928 0.368194 -40.418664 2.476953 40.854574
0.361398 0.084423 -0.928582 0.012955 0.995342 0.095535 0.932322 -0.046556 0.358621 -41.184278 2.544900 41.157388
0.352709 0.085566 -0.931813 0.012384 0.995296 0.096083 0.935651 -0.045429 0.349990 -41.980072 2.615358 41.463749
0.343350 0.087153 -0.935155 0.011939 0.995200 0.097133 0.939132 -0.044516 0.340661 -42.741992 2.678488 41.747680
0.331455 0.087337 -0.939420 0.013548 0.995163 0.097300 0.943374 -0.044978 0.328669 -43.497606 2.744827 42.022779
0.322011 0.085256 -0.942889 0.014189 0.995391 0.094849 0.946629 -0.043921 0.319317 -44.295530 2.811067 42.301455
0.314044 0.084237 -0.945664 0.014524 0.995513 0.093500 0.949297 -0.043098 0.311411 -45.095400 2.878937 42.570312
0.307890 0.084957 -0.947621 0.015062 0.995445 0.094138 0.951303 -0.043258 0.305207 -45.950612 2.951590 42.848936
0.300981 0.086685 -0.949682 0.015666 0.995276 0.095812 0.953502 -0.043715 0.298201 -46.803119 3.026618 43.119871
0.289274 0.088192 -0.953175 0.017717 0.995083 0.097446 0.957082 -0.045076 0.286289 -47.636242 3.096340 43.379810
0.276679 0.089917 -0.956746 0.019503 0.994882 0.099141 0.960764 -0.046089 0.273510 -48.422116 3.161998 43.614101
0.266414 0.091560 -0.959500 0.019611 0.994757 0.100369 0.963659 -0.045557 0.263221 -49.199828 3.228404 43.832177
0.253685 0.091563 -0.962943 0.020593 0.994773 0.100015 0.967068 -0.045202 0.250474 -49.931936 3.292152 44.029690
0.245827 0.090731 -0.965058 0.019583 0.994941 0.098529 0.969116 -0.043120 0.242807 -50.696653 3.355738 44.226165
0.243043 0.088652 -0.965956 0.019200 0.995180 0.096165 0.969825 -0.041918 0.240170 -51.470739 3.417081 44.419082
0.237880 0.087432 -0.967351 0.019121 0.995326 0.094662 0.971106 -0.041015 0.235096 -52.301682 3.486622 44.624961
0.225562 0.086886 -0.970347 0.019214 0.995425 0.093598 0.974039 -0.039757 0.222861 -53.096757 3.550919 44.816541
0.211878 0.084441 -0.973641 0.020339 0.995664 0.090777 0.977084 -0.039036 0.209242 -53.885724 3.612658 44.993396
0.201256 0.081276 -0.976161 0.021665 0.995939 0.087389 0.979299 -0.038736 0.198678 -54.655928 3.669020 45.155388
0.189325 0.079619 -0.978681 0.022489 0.996094 0.085386 0.981657 -0.038175 0.186795 -55.458510 3.729536 45.313556
0.175923 0.079822 -0.981162 0.022929 0.996104 0.085149 0.984137 -0.037477 0.173408 -56.235180 3.786930 45.458370
0.162564 0.081504 -0.983326 0.023111 0.995995 0.086375 0.986427 -0.036767 0.160030 -56.957472 3.841568 45.584330
0.148847 0.082356 -0.985425 0.023721 0.995942 0.086818 0.988576 -0.036297 0.146289 -57.628678 3.886750 45.693886
0.134305 0.080990 -0.987625 0.024498 0.996078 0.085015 0.990637 -0.035613 0.131794 -58.335935 3.938895 45.799344
0.121239 0.078176 -0.989540 0.025055 0.996335 0.081783 0.992307 -0.034708 0.118836 -59.071347 3.993957 45.895803
0.108135 0.074316 -0.991355 0.025596 0.996663 0.077506 0.993807 -0.033756 0.105872 -59.800149 4.042720 45.983773
0.093598 0.071895 -0.993011 0.026165 0.996867 0.074641 0.995266 -0.032969 0.091424 -60.631571 4.091847 46.071652
0.078048 0.071268 -0.994399 0.026938 0.996927 0.073563 0.996586 -0.032529 0.075889 -61.471474 4.141704 46.146962
0.063053 0.070833 -0.995493 0.027656 0.996971 0.072690 0.997627 -0.032115 0.060903 -62.293372 4.194941 46.202312
0.047916 0.069985 -0.996397 0.028062 0.997054 0.071381 0.998457 -0.031382 0.045811 -63.189071 4.245906 46.254069
0.032984 0.069338 -0.997048 0.028484 0.997120 0.070285 0.999050 -0.030718 0.030914 -64.074426 4.295369 46.290890
0.018033 0.069325 -0.997431 0.028641 0.997148 0.069823 0.999427 -0.029826 0.015996 -64.914552 4.340214 46.310740
0.002320 0.069534 -0.997577 0.029248 0.997148 0.069572 0.999569 -0.029339 0.000280 -65.759909 4.387608 46.319987
-0.014849 0.070692 -0.997388 0.031186 0.997045 0.070204 0.999403 -0.030062 -0.017010 -66.586708 4.430880 46.313400
-0.031338 0.071745 -0.996931 0.032691 0.996960 0.070719 0.998974 -0.030374 -0.033588 -67.413261 4.476435 46.295894
-0.046878 0.070446 -0.996413 0.033465 0.997061 0.068918 0.998340 -0.030115 -0.049097 -68.210860 4.512960 46.262316
-0.061569 0.068237 -0.995767 0.033871 0.997228 0.066243 0.997528 -0.029649 -0.063710 -68.972836 4.549275 46.221295
-0.074050 0.064736 -0.995151 0.033648 0.997485 0.062384 0.996687 -0.028865 -0.076042 -69.723819 4.583942 46.175017
-0.086784 0.062252 -0.994280 0.033884 0.997653 0.059506 0.995651 -0.028526 -0.088690 -70.418660 4.611825 46.124149
-0.100738 0.060192 -0.993091 0.034351 0.997784 0.056992 0.994320 -0.028373 -0.102582 -71.161736 4.640232 46.056606
-0.114056 0.057809 -0.991791 0.034311 0.997939 0.054221 0.992882 -0.027845 -0.115804 -71.887204 4.661007 45.979211
-0.127026 0.056882 -0.990267 0.035631 0.997972 0.052754 0.991259 -0.028583 -0.128795 -72.571755 4.682745 45.899085
-0.139126 0.056464 -0.988664 0.035663 0.998011 0.051980 0.989632 -0.028027 -0.140863 -73.218500 4.699789 45.815196
-0.149465 0.055630 -0.987201 0.035153 0.998084 0.050921 0.988142 -0.027092 -0.151134 -73.858053 4.720146 45.725742
-0.159759 0.054718 -0.985638 0.035624 0.998132 0.049638 0.986513 -0.027182 -0.161410 -74.459873 4.736647 45.637844
-0.167523 0.053992 -0.984389 0.036042 0.998167 0.048614 0.985209 -0.027335 -0.169162 -75.027124 4.757326 45.549106
-0.173513 0.053351 -0.983386 0.036483 0.998194 0.047717 0.984156 -0.027597 -0.175146 -75.629987 4.776762 45.453447
-0.176762 0.053143 -0.982818 0.036249 0.998215 0.047456 0.983586 -0.027238 -0.178373 -76.163717 4.791831 45.368909
-0.174580 0.053535 -0.983186 0.035746 0.998207 0.048006 0.983994 -0.026764 -0.176181 -76.766154 4.812884 45.277320
-0.171170 0.054037 -0.983759 0.035782 0.998177 0.048604 0.984592 -0.026881 -0.172791 -77.280160 4.828604 45.204551
-0.160267 0.054732 -0.985555 0.036616 0.998104 0.049475 0.986394 -0.028158 -0.161967 -77.736361 4.841477 45.153467
-0.148162 0.055199 -0.987421 0.037073 0.998049 0.050231 0.988268 -0.029165 -0.149919 -78.360399 4.860736 45.078471
-0.137960 0.056567 -0.988821 0.038048 0.997933 0.051779 0.989707 -0.030479 -0.139827 -78.971539 4.881995 45.024808
-0.121801 0.057523 -0.990886 0.036550 0.997902 0.053437 0.991881 -0.029708 -0.123648 -79.510017 4.904207 44.989469
-0.097206 0.059510 -0.993484 0.034592 0.997810 0.056384 0.994663 -0.028886 -0.099052 -80.040474 4.933749 44.972203
-0.057805 0.060271 -0.996507 0.033853 0.997720 0.058380 0.997754 -0.030360 -0.059714 -80.579494 4.961403 44.982833
-0.003600 0.059253 -0.998236 0.031531 0.997753 0.059111 0.999496 -0.031263 -0.005460 -81.104135 4.987267 45.017275
0.039346 0.056729 -0.997614 0.030230 0.997863 0.057936 0.998768 -0.032438 0.037547 -81.572926 5.012004 45.074532
0.071421 0.055038 -0.995927 0.029350 0.997928 0.057254 0.997014 -0.033320 0.069658 -82.014345 5.036343 45.142404
0.106682 0.053871 -0.992833 0.027875 0.997977 0.057145 0.993902 -0.033772 0.104965 -82.453611 5.059091 45.210597
0.134249 0.054576 -0.989444 0.027159 0.997904 0.058728 0.990575 -0.034757 0.132485 -83.005852 5.089440 45.329420
0.167015 0.053598 -0.984496 0.026051 0.997933 0.058749 0.985610 -0.035459 0.165273 -83.480135 5.122085 45.428324
0.209828 0.052560 -0.976325 0.027540 0.997840 0.059637 0.977350 -0.039402 0.207927 -83.937002 5.150422 45.567521
0.263839 0.050067 -0.963267 0.025690 0.997933 0.058905 0.964225 -0.040287 0.262007 -84.433086 5.177833 45.736979
0.310858 0.044806 -0.949400 0.023486 0.998221 0.054800 0.950166 -0.039333 0.309253 -84.907561 5.203237 45.914460
0.349956 0.039458 -0.935935 0.020828 0.998538 0.049885 0.936535 -0.036951 0.348622 -85.395347 5.222021 46.098433
0.385331 0.035950 -0.922078 0.017806 0.998765 0.046381 0.922606 -0.034290 0.384215 -85.847785 5.233610 46.303016
0.431743 0.036361 -0.901264 0.015715 0.998732 0.047821 0.901860 -0.034809 0.430624 -86.239910 5.248360 46.512054
0.484299 0.035529 -0.874181 0.014925 0.998694 0.048857 0.874775 -0.036708 0.483136 -86.603432 5.264216 46.740198
0.534007 0.034907 -0.844759 0.013651 0.998661 0.049896 0.845370 -0.038177 0.532815 -86.967983 5.289420 47.000472
0.577960 0.035198 -0.815306 0.013576 0.998516 0.052732 0.815952 -0.041545 0.576625 -87.323978 5.310248 47.270223
0.618259 0.035172 -0.785187 0.012549 0.998429 0.054606 0.785874 -0.043614 0.616847 -87.670756 5.329748 47.581455
0.651630 0.035565 -0.757703 0.012179 0.998281 0.057332 0.758439 -0.046587 0.650077 -87.954329 5.349664 47.873683
0.675887 0.036966 -0.736078 0.011849 0.998067 0.061004 0.736910 -0.049953 0.674142 -88.325920 5.378453 48.244320
0.696924 0.038107 -0.716131 0.011679 0.997852 0.064464 0.717049 -0.053291 0.694982 -88.775184 5.415738 48.716398
0.713837 0.039170 -0.699215 0.011440 0.997649 0.067567 0.700218 -0.056230 0.711711 -89.293254 5.456854 49.265192
0.727995 0.040813 -0.684366 0.010813 0.997419 0.070984 0.685497 -0.059076 0.725675 -89.820729 5.500922 49.838720
0.738484 0.043105 -0.672891 0.008875 0.997247 0.073622 0.674212 -0.060341 0.736069 -90.425112 5.555273 50.502012
0.747274 0.044725 -0.663009 0.007177 0.997131 0.075353 0.664477 -0.061068 0.744809 -91.053689 5.611600 51.205593
0.756240 0.045042 -0.652742 0.006889 0.997024 0.076781 0.654258 -0.062562 0.753679 -91.607708 5.666291 51.856596
0.764361 0.043537 -0.643318 0.008403 0.996960 0.077455 0.644734 -0.064609 0.761671 -92.052490 5.703124 52.397860
0.772048 0.041972 -0.634177 0.009787 0.996914 0.077894 0.635489 -0.066345 0.769254 -92.467846 5.743258 52.915490
0.779104 0.042216 -0.625472 0.009282 0.996844 0.078843 0.626827 -0.067232 0.776253 -92.894679 5.788645 53.458085
0.784808 0.040963 -0.618384 0.010277 0.996816 0.079075 0.619654 -0.068414 0.781888 -93.385981 5.842101 54.079921
0.790046 0.038159 -0.611859 0.011194 0.996997 0.076633 0.612945 -0.067393 0.787246 -93.828814 5.895612 54.665692
0.794026 0.032866 -0.606994 0.013426 0.997346 0.071565 0.607735 -0.064974 0.791477 -94.249839 5.942092 55.225671
0.798246 0.027882 -0.601685 0.015539 0.997642 0.066846 0.602131 -0.062709 0.795931 -94.689067 5.989120 55.813758
0.802099 0.026713 -0.596594 0.015903 0.997689 0.066053 0.596980 -0.062468 0.799821 -95.146447 6.032648 56.434898
0.805219 0.029917 -0.592222 0.015291 0.997347 0.071173 0.592780 -0.066366 0.802625 -95.646980 6.074475 57.121304
0.808807 0.033874 -0.587098 0.014698 0.996863 0.077764 0.587891 -0.071525 0.805772 -96.200263 6.129720 57.885529
0.812345 0.034578 -0.582151 0.016640 0.996460 0.082406 0.582939 -0.076629 0.808894 -96.611373 6.183192 58.475827
0.815276 0.032738 -0.578146 0.018837 0.996373 0.082983 0.578766 -0.078545 0.811702 -97.043294 6.238768 59.092474
0.816914 0.030161 -0.575971 0.020842 0.996436 0.081740 0.576383 -0.078779 0.813373 -97.518483 6.304935 59.770540
0.818816 0.029459 -0.573299 0.022052 0.996331 0.082692 0.573632 -0.080352 0.815163 -97.995000 6.373220 60.455062
0.820514 0.029132 -0.570884 0.023108 0.996194 0.084049 0.571160 -0.082155 0.816717 -98.520488 6.443205 61.210993
0.822075 0.027267 -0.568725 0.024591 0.996220 0.083308 0.568847 -0.082471 0.818298 -99.023840 6.513539 61.942889
0.823335 0.023621 -0.567063 0.027041 0.996366 0.080766 0.566911 -0.081832 0.819705 -99.452623 6.568734 62.570849
0.823771 0.017045 -0.566667 0.030378 0.996785 0.074143 0.566109 -0.078291 0.820604 -99.876031 6.617434 63.202263
0.822974 0.009820 -0.567994 0.034519 0.997139 0.067254 0.567029 -0.074955 0.820280 -100.383883 6.672380 63.936959
0.823134 0.004312 -0.567831 0.037584 0.997365 0.062055 0.566602 -0.072421 0.820803 -100.941015 6.733958 64.743190
0.823916 0.001777 -0.566709 0.040259 0.997285 0.061659 0.565279 -0.073618 0.821608 -101.491580 6.791518 65.549513
0.823752 0.001070 -0.566950 0.042229 0.997105 0.063239 0.565376 -0.076036 0.821321 -102.056167 6.852325 66.387648
0.823447 0.002344 -0.567389 0.042270 0.996959 0.065465 0.565817 -0.077890 0.820843 -102.630398 6.906893 67.218064
0.824479 0.002561 -0.565886 0.042967 0.996820 0.067113 0.564259 -0.079648 0.821747 -103.169393 6.952670 68.013922
0.825216 0.001469 -0.564815 0.044490 0.996720 0.067594 0.563062 -0.080908 0.822444 -103.714811 7.000327 68.814061
0.825548 0.000399 -0.564332 0.044489 0.996841 0.065787 0.562576 -0.079417 0.822922 -104.268780 7.051295 69.633823
0.825969 -0.002018 -0.563711 0.044852 0.997059 0.062149 0.561928 -0.076617 0.823630 -104.820553 7.099163 70.442653
0.825936 -0.004359 -0.563747 0.046602 0.997076 0.060566 0.561834 -0.076295 0.823724 -105.366090 7.150691 71.243122
0.825544 -0.006353 -0.564302 0.048213 0.997075 0.059308 0.562275 -0.076168 0.823435 -105.959650 7.195510 72.106926
0.824426 -0.007005 -0.565927 0.048563 0.997111 0.058402 0.563883 -0.075631 0.822384 -106.583448 7.245302 73.019203
0.823356 -0.007664 -0.567474 0.048454 0.997207 0.056834 0.565454 -0.074291 0.821427 -107.157039 7.291640 73.848759
0.822099 -0.008350 -0.569284 0.049318 0.997178 0.056593 0.567205 -0.074601 0.820191 -107.736893 7.338665 74.683504
0.819324 -0.006998 -0.573288 0.048367 0.997205 0.056951 0.571287 -0.074390 0.817372 -108.332956 7.384838 75.527420
0.814267 -0.006023 -0.580460 0.048606 0.997142 0.057838 0.578453 -0.075309 0.812232 -108.897917 7.430546 76.316243
0.811427 -0.005873 -0.584424 0.047958 0.997246 0.056564 0.582482 -0.073925 0.809475 -109.551227 7.482007 77.207000
0.810907 -0.006464 -0.585139 0.046788 0.997454 0.053822 0.583301 -0.071022 0.809145 -110.184263 7.523585 78.066819
0.810869 -0.008413 -0.585168 0.046339 0.997680 0.049868 0.583391 -0.067553 0.809378 -110.752868 7.553909 78.846208
0.812040 -0.009638 -0.583522 0.045237 0.997895 0.046469 0.581846 -0.064131 0.810767 -111.282012 7.582978 79.579898
0.812246 -0.011279 -0.583206 0.045990 0.997939 0.044751 0.581500 -0.063170 0.811090 -111.793450 7.613067 80.295398
0.811694 -0.012792 -0.583943 0.048069 0.997832 0.044958 0.582102 -0.064561 0.810549 -112.308533 7.646559 81.016915
0.811386 -0.013891 -0.584346 0.049220 0.997791 0.044624 0.582435 -0.064969 0.810277 -112.858536 7.690506 81.785296
0.811669 -0.014271 -0.583943 0.050275 0.997699 0.045499 0.581950 -0.066288 0.810519 -113.463158 7.735430 82.631796
0.811884 -0.012137 -0.583693 0.049438 0.997622 0.048021 0.581722 -0.067844 0.810553 -114.018663 7.779643 83.405708
0.812007 -0.011522 -0.583534 0.049172 0.997601 0.048728 0.581572 -0.068261 0.810626 -114.508298 7.811906 84.093092
0.812494 -0.011609 -0.582854 0.049217 0.997598 0.048739 0.580889 -0.068286 0.811114 -115.011243 7.845770 84.818176
0.813294 -0.013349 -0.581700 0.050022 0.997640 0.047044 0.579698 -0.067358 0.812042 -115.515924 7.875775 85.540551
0.814110 -0.016569 -0.580475 0.051722 0.997689 0.044062 0.578403 -0.065894 0.813085 -116.014685 7.912825 86.260124
0.815076 -0.017484 -0.579090 0.051332 0.997793 0.042125 0.577075 -0.064061 0.814175 -116.551932 7.942129 87.013866
0.816146 -0.017676 -0.577575 0.051060 0.997828 0.041614 0.575585 -0.063454 0.815276 -117.069438 7.971347 87.744444
0.818469 -0.017342 -0.574289 0.050509 0.997846 0.041853 0.572326 -0.063263 0.817582 -117.638497 8.004093 88.563329
0.819753 -0.017333 -0.572454 0.050839 0.997798 0.042591 0.570456 -0.064017 0.818830 -118.187408 8.030038 89.343219
0.820445 -0.017736 -0.571450 0.051257 0.997775 0.042624 0.569423 -0.064262 0.819529 -118.704789 8.049757 90.088398
0.820913 -0.021772 -0.570639 0.053599 0.997799 0.039037 0.568533 -0.062631 0.820273 -119.297551 8.075313 90.956160
0.821343 -0.025862 -0.569849 0.054506 0.997959 0.033270 0.567825 -0.058386 0.821076 -119.883990 8.099609 91.815936
0.822011 -0.029788 -0.568691 0.054633 0.998150 0.026687 0.566844 -0.053006 0.822118 -120.461499 8.120871 92.657199
0.822187 -0.033321 -0.568241 0.053527 0.998387 0.018904 0.566695 -0.045959 0.822645 -121.024362 8.133248 93.472155
0.822996 -0.035757 -0.566921 0.054391 0.998392 0.015989 0.565437 -0.043994 0.823617 -121.522130 8.141259 94.213361
0.824042 -0.033447 -0.565541 0.052700 0.998453 0.017738 0.564073 -0.044421 0.824529 -122.075163 8.146378 95.025810
0.824606 -0.028480 -0.564990 0.050039 0.998489 0.022700 0.563490 -0.046990 0.824785 -122.652532 8.151554 95.860949
0.825151 -0.024510 -0.564380 0.047614 0.998521 0.026251 0.562902 -0.048534 0.825098 -123.194450 8.163697 96.656946
0.824929 -0.025989 -0.564638 0.047818 0.998570 0.023901 0.563209 -0.046717 0.824993 -123.676767 8.182431 97.369016
0.824467 -0.030709 -0.565077 0.049529 0.998611 0.017994 0.563739 -0.042823 0.824842 -124.115431 8.194326 98.026805
0.823873 -0.033565 -0.565780 0.049944 0.998661 0.013481 0.564570 -0.039364 0.824446 -124.653065 8.197365 98.807581
0.822937 -0.037506 -0.566893 0.051706 0.998622 0.008991 0.565775 -0.036710 0.823742 -125.127225 8.195738 99.504101
0.821958 -0.041121 -0.568062 0.052238 0.998629 0.003297 0.567148 -0.032384 0.822979 -125.584165 8.193916 100.176085
0.819933 -0.043126 -0.570833 0.050271 0.998730 -0.003246 0.570248 -0.026035 0.821060 -126.006033 8.189334 100.773566
0.819323 -0.045622 -0.571515 0.049532 0.998734 -0.008716 0.571189 -0.021167 0.820546 -126.469856 8.172791 101.437075
0.819781 -0.046177 -0.570812 0.048120 0.998773 -0.011689 0.570652 -0.017885 0.820997 -126.984239 8.146952 102.173739
0.818752 -0.044290 -0.572437 0.045525 0.998889 -0.012170 0.572340 -0.016096 0.819859 -127.531011 8.125852 102.948462
0.816612 -0.043251 -0.575565 0.045823 0.998899 -0.010049 0.575366 -0.018167 0.817695 -128.099315 8.096828 103.750371
0.814143 -0.041551 -0.579176 0.046489 0.998899 -0.006313 0.578801 -0.021786 0.815178 -128.640177 8.074244 104.514245
0.812043 -0.040811 -0.582169 0.047047 0.998883 -0.004400 0.581698 -0.023816 0.813056 -129.202105 8.051963 105.293664
0.810011 -0.040513 -0.585014 0.047407 0.998869 -0.003533 0.584495 -0.024871 0.811016 -129.789296 8.026550 106.111772
0.807863 -0.041084 -0.587936 0.048137 0.998834 -0.003653 0.587401 -0.025350 0.808899 -130.409268 8.000683 106.952601
0.804667 -0.041381 -0.592283 0.047411 0.998861 -0.005375 0.591831 -0.023756 0.805712 -131.016262 7.967860 107.764894
0.801188 -0.042451 -0.596905 0.046976 0.998864 -0.007985 0.596566 -0.021643 0.802272 -131.651470 7.944183 108.616383
0.796944 -0.045521 -0.602335 0.047341 0.998796 -0.012846 0.602195 -0.018278 0.798140 -132.276236 7.915718 109.442113
0.793723 -0.046528 -0.606497 0.045554 0.998817 -0.017009 0.606571 -0.014128 0.794903 -132.923877 7.888476 110.288906
0.791384 -0.047840 -0.609444 0.045516 0.998777 -0.019297 0.609622 -0.012468 0.792594 -133.466850 7.862934 110.993171
0.787887 -0.046499 -0.614062 0.044623 0.998835 -0.018380 0.614201 -0.012920 0.789044 -134.079457 7.834778 111.788523
0.784551 -0.044384 -0.618474 0.044015 0.998905 -0.015851 0.618500 -0.014786 0.785646 -134.690756 7.803805 112.569821
0.781816 -0.042678 -0.622047 0.042096 0.998991 -0.015632 0.622087 -0.013965 0.782824 -135.259383 7.774260 113.268593
0.775713 -0.044039 -0.629547 0.040697 0.998977 -0.019735 0.629772 -0.010312 0.776712 -135.860428 7.742053 113.989277
0.770147 -0.048116 -0.636049 0.041506 0.998818 -0.025302 0.636515 -0.006913 0.771234 -136.446649 7.705801 114.690917
0.764504 -0.049843 -0.642689 0.041576 0.998743 -0.028000 0.643276 -0.005315 0.765616 -137.070566 7.657251 115.426445
0.757447 -0.050279 -0.650958 0.041306 0.998723 -0.029077 0.651589 -0.004864 0.758556 -137.732952 7.617885 116.190108
0.750264 -0.046426 -0.659506 0.040159 0.998890 -0.024632 0.659917 -0.008005 0.751296 -138.341331 7.588953 116.871704
0.742557 -0.041558 -0.668492 0.038723 0.999067 -0.019096 0.668662 -0.011706 0.743474 -138.960524 7.543366 117.560380
0.734006 -0.038123 -0.678072 0.036722 0.999191 -0.016426 0.678149 -0.012843 0.734812 -139.614471 7.503598 118.258607
0.728416 -0.040124 -0.683960 0.036308 0.999142 -0.019946 0.684173 -0.010304 0.729247 -140.275694 7.468299 118.957671
0.724160 -0.045414 -0.688135 0.037720 0.998944 -0.026230 0.688599 -0.006962 0.725109 -140.905756 7.441776 119.612045
0.718331 -0.047796 -0.694057 0.037540 0.998847 -0.029933 0.694687 -0.004553 0.719297 -141.512010 7.423917 120.230119
0.712895 -0.044941 -0.699830 0.037409 0.998961 -0.026042 0.700273 -0.007615 0.713835 -142.196128 7.391257 120.932524
0.709879 -0.040194 -0.703176 0.035872 0.999138 -0.020897 0.703410 -0.010390 0.710709 -142.942842 7.348781 121.685200
0.706020 -0.038143 -0.707164 0.035634 0.999197 -0.018318 0.707295 -0.012267 0.706812 -143.549241 7.323412 122.284052
0.701983 -0.038267 -0.711165 0.035365 0.999197 -0.018857 0.711315 -0.011913 0.702772 -144.059658 7.302066 122.786897
0.700279 -0.041211 -0.712679 0.035232 0.999111 -0.023155 0.713000 -0.008894 0.701108 -144.555047 7.280309 123.282339
0.698091 -0.045662 -0.714552 0.034406 0.998951 -0.030222 0.715182 -0.003487 0.698930 -145.087215 7.253101 123.804316
0.694461 -0.050077 -0.717786 0.034445 0.998745 -0.036353 0.718706 0.000522 0.695314 -145.642932 7.218702 124.348751
0.691237 -0.050844 -0.720837 0.034537 0.998706 -0.037324 0.721802 0.000904 0.692099 -146.198680 7.181259 124.884632
0.685887 -0.049284 -0.726037 0.032821 0.998784 -0.036791 0.726967 0.001405 0.686671 -146.830465 7.140358 125.477049
0.682004 -0.047710 -0.729791 0.032521 0.998861 -0.034909 0.730625 0.000075 0.682778 -147.500500 7.104616 126.092793
0.677862 -0.043182 -0.733920 0.031809 0.999061 -0.029403 0.734500 -0.003414 0.678600 -148.194362 7.064883 126.723434
0.672665 -0.037484 -0.738997 0.032028 0.999255 -0.021532 0.739253 -0.009185 0.673365 -148.879436 7.025513 127.349822
0.669015 -0.032550 -0.742536 0.032346 0.999369 -0.014665 0.742545 -0.014207 0.669646 -149.578501 6.991469 127.976694
0.664839 -0.033401 -0.746240 0.033416 0.999330 -0.014958 0.746239 -0.014992 0.665509 -150.211992 6.962090 128.536498
0.661291 -0.038166 -0.749158 0.034280 0.999199 -0.020645 0.749346 -0.012029 0.662070 -150.884901 6.930153 129.123923
0.659588 -0.042284 -0.750437 0.035556 0.999054 -0.025041 0.750786 -0.010166 0.660467 -151.606900 6.891696 129.758029
0.657804 -0.042124 -0.752010 0.035548 0.999059 -0.024867 0.752350 -0.010375 0.658682 -152.336329 6.850008 130.387382
0.655196 -0.039821 -0.754409 0.035396 0.999131 -0.021997 0.754629 -0.012291 0.656036 -153.077257 6.803621 131.025465
0.651811 -0.037691 -0.757444 0.035490 0.999186 -0.019179 0.757550 -0.014381 0.652618 -153.920823 6.759302 131.737550
0.649897 -0.037496 -0.759096 0.035792 0.999184 -0.018712 0.759179 -0.015009 0.650709 -154.700193 6.715628 132.402721
0.649289 -0.042024 -0.759380 0.037230 0.999031 -0.023454 0.759630 -0.013043 0.650224 -155.460073 6.683184 133.054222
0.648943 -0.046067 -0.759441 0.036834 0.998897 -0.029117 0.759945 -0.009078 0.649924 -156.114631 6.651182 133.610181
0.646872 -0.047335 -0.761128 0.036777 0.998847 -0.030863 0.761711 -0.008028 0.647867 -156.789426 6.613237 134.180387
0.643130 -0.046275 -0.764358 0.035688 0.998899 -0.030447 0.764925 -0.007697 0.644073 -157.438658 6.576646 134.721881
0.638728 -0.044974 -0.768117 0.034698 0.998958 -0.029637 0.768650 -0.007722 0.639623 -158.084686 6.539909 135.252407
0.637714 -0.044325 -0.768996 0.033062 0.998998 -0.030164 0.769563 -0.006188 0.638541 -158.730498 6.499771 135.783272
0.637214 -0.044381 -0.769408 0.031229 0.999008 -0.031761 0.770054 -0.003790 0.637968 -159.346786 6.463414 136.287586
0.635159 -0.045827 -0.771021 0.030275 0.998948 -0.034434 0.771788 -0.001472 0.635878 -159.967794 6.426661 136.786233
0.632445 -0.045327 -0.773278 0.028724 0.998972 -0.035064 0.774072 -0.000036 0.633097 -160.680221 6.384318 137.361607
0.631006 -0.044049 -0.774527 0.026001 0.999027 -0.035634 0.775342 0.002346 0.631537 -161.454057 6.337867 137.985501
0.629412 -0.044959 -0.775770 0.025547 0.998982 -0.037168 0.776652 0.003575 0.629920 -162.220383 6.290793 138.608413
0.628210 -0.047149 -0.776614 0.023418 0.998856 -0.041699 0.777691 0.008009 0.628595 -162.974865 6.235718 139.221110
0.626561 -0.049206 -0.777818 0.020304 0.998697 -0.046824 0.779108 0.013545 0.626743 -163.703897 6.182595 139.804096
0.625953 -0.049462 -0.778291 0.018410 0.998646 -0.048659 0.779643 0.016130 0.626016 -164.361728 6.131125 140.333275
0.625946 -0.046744 -0.778464 0.016695 0.998777 -0.046548 0.779688 0.016140 0.625961 -165.034178 6.077905 140.882063
0.625189 -0.043593 -0.779255 0.016861 0.998960 -0.042356 0.780291 0.013341 0.625274 -165.714408 6.023745 141.429830
0.624002 -0.039173 -0.780441 0.015165 0.999162 -0.038026 0.781276 0.011893 0.624072 -166.449278 5.968904 142.011923
0.624492 -0.035972 -0.780202 0.013896 0.999292 -0.034951 0.780907 0.010985 0.624550 -167.077445 5.924282 142.514017
0.623771 -0.034982 -0.780824 0.013045 0.999325 -0.034350 0.781499 0.011241 0.623806 -167.682247 5.883021 142.997494
0.624161 -0.036707 -0.780433 0.012693 0.999240 -0.036847 0.781193 0.013092 0.624152 -168.289478 5.836263 143.484278
0.624398 -0.037629 -0.780200 0.011370 0.999171 -0.039091 0.781024 0.015537 0.624308 -168.853748 5.796925 143.923987
0.626108 -0.037337 -0.778842 0.009908 0.999153 -0.039933 0.779674 0.017286 0.625948 -169.475233 5.750820 144.411467
0.628248 -0.037124 -0.777127 0.008974 0.999140 -0.040474 0.777961 0.018454 0.628041 -169.997370 5.705265 144.831461
0.628045 -0.036582 -0.777317 0.007967 0.999144 -0.040584 0.778137 0.019296 0.627799 -170.609293 5.657453 145.314689
0.631888 -0.035901 -0.774228 0.007956 0.999174 -0.039839 0.775019 0.019014 0.631652 -171.169792 5.624375 145.758927
0.632018 -0.035489 -0.774140 0.007000 0.999172 -0.040091 0.774922 0.019919 0.631743 -171.715895 5.588439 146.194278
0.629760 -0.035980 -0.775956 0.006758 0.999143 -0.040844 0.776761 0.020478 0.629463 -172.180429 5.551699 146.567121
0.627318 -0.036932 -0.777887 0.006094 0.999077 -0.042519 0.778739 0.021933 0.626964 -172.731474 5.505951 146.999087
0.625408 -0.039447 -0.779300 0.005735 0.998927 -0.045963 0.780277 0.024277 0.624963 -173.311329 5.458169 147.450027
0.622109 -0.042090 -0.781798 0.004946 0.998745 -0.049834 0.782915 0.027136 0.621537 -173.851396 5.406001 147.870157
0.618050 -0.043039 -0.784960 0.003276 0.998633 -0.052175 0.786132 0.029676 0.617346 -174.378198 5.362979 148.270428
0.613329 -0.043780 -0.788613 0.003825 0.998616 -0.052464 0.789818 0.029161 0.612647 -174.857461 5.323245 148.628506
0.610367 -0.043533 -0.790921 0.003949 0.998644 -0.051918 0.792109 0.028566 0.609711 -175.353493 5.280178 148.996555
0.610324 -0.042404 -0.791016 0.003930 0.998716 -0.050506 0.792142 0.027716 0.609707 -175.866297 5.235693 149.384231
0.610610 -0.040077 -0.790916 0.004276 0.998871 -0.047313 0.791920 0.025507 0.610092 -176.343559 5.197380 149.755988
0.609982 -0.036338 -0.791582 0.004143 0.999081 -0.042670 0.792405 0.022748 0.609571 -176.866530 5.151251 150.161044
0.609449 -0.033704 -0.792109 0.004213 0.999220 -0.039275 0.792814 0.020599 0.609115 -177.362488 5.110315 150.538434
0.605881 -0.033193 -0.794862 0.004570 0.999258 -0.038245 0.795542 0.019540 0.605583 -177.809186 5.075878 150.876133
0.599603 -0.033985 -0.799575 0.005627 0.999252 -0.038253 0.800278 0.018437 0.599346 -178.241675 5.040332 151.199842
0.590088 -0.034257 -0.806611 0.005544 0.999248 -0.038382 0.807320 0.018177 0.589834 -178.658069 5.011144 151.496415
0.580316 -0.034278 -0.813669 0.004278 0.999228 -0.039045 0.814380 0.019178 0.580015 -179.099781 4.979375 151.799967
0.565449 -0.035739 -0.824009 0.003555 0.999157 -0.040896 0.824776 0.020195 0.565099 -179.527509 4.942449 152.080403
0.553416 -0.038691 -0.832006 0.003306 0.999015 -0.044258 0.832899 0.021742 0.552998 -179.964961 4.906466 152.366346
0.540614 -0.041668 -0.840238 0.003175 0.998867 -0.047492 0.841265 0.023007 0.540134 -180.380918 4.874352 152.621481
0.521927 -0.045115 -0.851796 0.002258 0.998670 -0.051511 0.852987 0.024962 0.521334 -180.712123 4.847732 152.803640
0.504992 -0.049076 -0.861727 0.002508 0.998461 -0.055394 0.863120 0.025813 0.504338 -181.041788 4.820956 152.983581
0.487273 -0.050452 -0.871791 0.001213 0.998368 -0.057099 0.873249 0.026765 0.486539 -181.451605 4.785944 153.203922
0.469705 -0.050316 -0.881388 0.000111 0.998378 -0.056935 0.882823 0.026645 0.468949 -181.876746 4.745528 153.416251
0.449801 -0.049826 -0.891738 -0.001461 0.998400 -0.056523 0.893128 0.026727 0.449008 -182.301558 4.701009 153.615038
0.433318 -0.048368 -0.899942 -0.002390 0.998494 -0.054816 0.901238 0.025904 0.432549 -182.713264 4.660453 153.802937
0.411832 -0.046617 -0.910067 -0.003123 0.998613 -0.052566 0.911254 0.024490 0.411115 -183.161408 4.617184 153.994226
0.388656 -0.044883 -0.920289 -0.005160 0.998691 -0.050885 0.921368 0.024525 0.387916 -183.567744 4.579062 154.151588
0.364828 -0.042711 -0.930095 -0.006788 0.998799 -0.048528 0.931050 0.024018 0.364100 -183.885775 4.549078 154.264283
0.338630 -0.039588 -0.940086 -0.008617 0.998942 -0.045171 0.940880 0.023397 0.337931 -184.306619 4.512255 154.400790
0.309448 -0.037044 -0.950195 -0.010716 0.999042 -0.042438 0.950856 0.023314 0.308754 -184.739860 4.482197 154.521110
0.281987 -0.034322 -0.958804 -0.014130 0.999103 -0.039920 0.959314 0.024805 0.281249 -185.238422 4.453765 154.654054
0.254756 -0.031416 -0.966495 -0.015861 0.999202 -0.036660 0.966875 0.024669 0.254055 -185.799199 4.412129 154.791077
0.231494 -0.029074 -0.972402 -0.017472 0.999268 -0.034037 0.972679 0.024869 0.230816 -186.390037 4.365083 154.924379
0.206907 -0.028109 -0.977957 -0.018290 0.999301 -0.032592 0.978190 0.024630 0.206249 -186.964633 4.328168 155.039634
0.178136 -0.028918 -0.983581 -0.018663 0.999289 -0.032760 0.983829 0.024192 0.177470 -187.501611 4.302882 155.131270
0.148678 -0.028878 -0.988464 -0.019300 0.999298 -0.032097 0.988697 0.023850 0.148017 -188.069164 4.273046 155.208973
0.115267 -0.026580 -0.992979 -0.020716 0.999360 -0.029155 0.993119 0.023931 0.114643 -188.613685 4.247542 155.262365
0.087629 -0.023519 -0.995875 -0.021448 0.999445 -0.025491 0.995922 0.023594 0.087076 -189.245498 4.215473 155.299256
0.057010 -0.021831 -0.998135 -0.022833 0.999471 -0.023164 0.998112 0.024111 0.056481 -189.861853 4.184661 155.320833
0.018125 -0.019306 -0.999649 -0.024298 0.999510 -0.019744 0.999540 0.024648 0.017647 -190.453023 4.158114 155.320289
-0.023334 -0.015796 -0.999603 -0.026386 0.999537 -0.015179 0.999379 0.026021 -0.023740 -191.076825 4.138803 155.292259
-0.071297 -0.011683 -0.997387 -0.027501 0.999574 -0.009743 0.997076 0.026734 -0.071588 -191.683541 4.125702 155.225444
-0.114730 -0.006805 -0.993373 -0.026955 0.999630 -0.003735 0.993031 0.026347 -0.114871 -192.360138 4.114445 155.124623
-0.157356 -0.001117 -0.987541 -0.029054 0.999572 0.003498 0.987114 0.029242 -0.157322 -192.954511 4.099381 154.993441
-0.201288 0.003042 -0.979527 -0.030389 0.999494 0.009349 0.979061 0.031649 -0.201093 -193.526589 4.084114 154.845430
-0.246220 0.007008 -0.969189 -0.030475 0.999423 0.014968 0.968735 0.033222 -0.245864 -194.091390 4.077123 154.675171
-0.288880 0.011027 -0.957302 -0.030897 0.999305 0.020834 0.956867 0.035597 -0.288339 -194.659864 4.078993 154.491332
-0.330216 0.015793 -0.943773 -0.032049 0.999096 0.027933 0.943361 0.039471 -0.329411 -195.198314 4.081876 154.275534
-0.373474 0.020016 -0.927424 -0.031846 0.998901 0.034383 0.927094 0.042376 -0.372427 -195.766597 4.077811 154.019080
-0.414613 0.023544 -0.909693 -0.031389 0.998700 0.040154 0.909457 0.045202 -0.413335 -196.275918 4.083614 153.759815
-0.450670 0.025314 -0.892332 -0.031970 0.998499 0.044472 0.892118 0.048570 -0.449184 -196.761139 4.095538 153.495524
-0.485100 0.027346 -0.874031 -0.032697 0.998245 0.049380 0.873847 0.052532 -0.483354 -197.214532 4.105366 153.217666
-0.517613 0.028114 -0.855153 -0.032442 0.998096 0.052450 0.854999 0.054892 -0.515716 -197.760387 4.123354 152.862581
-0.547505 0.026883 -0.836370 -0.031587 0.998108 0.052759 0.836206 0.055304 -0.545620 -198.247029 4.142367 152.521984
-0.572235 0.026997 -0.819645 -0.031110 0.998024 0.054591 0.819499 0.056738 -0.570265 -198.666980 4.161626 152.204001
-0.589837 0.027104 -0.807067 -0.030366 0.997985 0.055709 0.806951 0.057366 -0.587826 -199.111748 4.185415 151.863576
-0.599612 0.027030 -0.799834 -0.031074 0.997889 0.057019 0.799687 0.059044 -0.597507 -199.596658 4.210656 151.491833
-0.604917 0.027496 -0.795813 -0.031493 0.997796 0.058414 0.795665 0.060398 -0.602718 -200.205176 4.243460 151.016777
-0.609590 0.028305 -0.792212 -0.031124 0.997737 0.059598 0.792106 0.060987 -0.607329 -200.757079 4.275755 150.576909
-0.612587 0.029516 -0.789852 -0.030584 0.997669 0.061002 0.789811 0.061526 -0.610256 -201.296200 4.303569 150.146252
-0.614784 0.031082 -0.788083 -0.029801 0.997594 0.062593 0.788132 0.061966 -0.612379 -201.877042 4.334820 149.681870
-0.616289 0.032888 -0.786833 -0.029128 0.997492 0.064507 0.786981 0.062674 -0.613785 -202.450956 4.364961 149.225174
-0.616961 0.034206 -0.786250 -0.028754 0.997408 0.065955 0.786468 0.063299 -0.614379 -203.060519 4.399140 148.736419
-0.617241 0.034227 -0.786029 -0.028728 0.997407 0.065991 0.786249 0.063313 -0.614657 -203.735711 4.441237 148.200121
-0.616851 0.034003 -0.786345 -0.028303 0.997462 0.065334 0.786571 0.062557 -0.614323 -204.338593 4.483286 147.729499
-0.615620 0.033894 -0.787314 -0.028050 0.997499 0.064875 0.787544 0.062023 -0.613129 -204.913404 4.525085 147.274353
-0.610400 0.034790 -0.791329 -0.027560 0.997497 0.065112 0.791614 0.061553 -0.607913 -205.485253 4.556394 146.831384
-0.600376 0.035974 -0.798908 -0.027578 0.997462 0.065639 0.799242 0.061440 -0.597861 -206.123714 4.594262 146.343325
-0.592807 0.037479 -0.804472 -0.026053 0.997501 0.065670 0.804923 0.059888 -0.590349 -206.842331 4.639657 145.807421
-0.588916 0.039514 -0.807228 -0.023530 0.997542 0.065997 0.807851 0.057860 -0.586539 -207.591420 4.686242 145.256843
-0.586069 0.040461 -0.809250 -0.022109 0.997582 0.065889 0.809959 0.056508 -0.583757 -208.340517 4.730711 144.718219
-0.581361 0.042635 -0.812528 -0.021772 0.997453 0.067917 0.813354 0.057174 -0.578953 -209.165597 4.778952 144.123936
-0.574423 0.044057 -0.817372 -0.023014 0.997286 0.069928 0.818235 0.058980 -0.571850 -209.956890 4.823238 143.557819
-0.567330 0.046018 -0.822204 -0.022625 0.997189 0.071424 0.823180 0.059123 -0.564694 -210.729809 4.870847 143.018645
-0.560979 0.046137 -0.826543 -0.021893 0.997270 0.070526 0.827540 0.057659 -0.558437 -211.574816 4.921328 142.438814
-0.554509 0.044807 -0.830971 -0.022215 0.997397 0.068605 0.831881 0.056502 -0.552070 -212.400498 4.971052 141.881436
-0.549623 0.045042 -0.834197 -0.020604 0.997511 0.067435 0.835158 0.054252 -0.547327 -213.192064 5.017686 141.352828
-0.547560 0.045693 -0.835518 -0.018567 0.997599 0.066725 0.836560 0.052049 -0.545397 -213.995274 5.063387 140.821149
-0.544025 0.046338 -0.837788 -0.018500 0.997569 0.067189 0.838865 0.052051 -0.541845 -214.866325 5.118077 140.251697
-0.537460 0.044790 -0.842099 -0.019375 0.997669 0.065431 0.843066 0.051482 -0.535340 -215.744886 5.173078 139.691732
-0.532908 0.041489 -0.845156 -0.020617 0.997864 0.061986 0.845922 0.050458 -0.530914 -216.605006 5.219749 139.149685
-0.528820 0.041832 -0.847703 -0.020993 0.997834 0.062336 0.848475 0.050761 -0.526796 -217.385463 5.262125 138.664183
-0.524386 0.044085 -0.850339 -0.019928 0.997750 0.064017 0.851247 0.050515 -0.522328 -218.153497 5.298857 138.195626
-0.518871 0.047072 -0.853555 -0.020945 0.997483 0.067742 0.854596 0.053028 -0.516579 -218.945279 5.335255 137.714696
-0.511450 0.049613 -0.857880 -0.022011 0.997248 0.070796 0.859031 0.055091 -0.508950 -219.831571 5.379707 137.174389
-0.505056 0.051255 -0.861563 -0.022208 0.997133 0.072339 0.862801 0.055669 -0.502470 -220.710191 5.426211 136.650752
-0.498897 0.052941 -0.865043 -0.023408 0.996945 0.074513 0.866345 0.057424 -0.496133 -221.595972 5.476129 136.125737
-0.490949 0.054237 -0.869499 -0.023393 0.996880 0.075391 0.870874 0.057353 -0.488148 -222.460047 5.528690 135.628832
-0.484681 0.055923 -0.872902 -0.022716 0.996813 0.076475 0.874396 0.056895 -0.481865 -223.389944 5.590412 135.108057
-0.480852 0.057123 -0.874939 -0.022651 0.996733 0.077524 0.876509 0.057096 -0.477987 -224.230068 5.645266 134.638736
-0.475197 0.059035 -0.877897 -0.022825 0.996584 0.079371 0.879583 0.057754 -0.472226 -225.010967 5.700631 134.210802
-0.468244 0.060522 -0.881524 -0.022989 0.996479 0.080625 0.883300 0.058018 -0.465204 -225.870766 5.762989 133.750071
-0.460582 0.061083 -0.885513 -0.023591 0.996435 0.081004 0.887303 0.058200 -0.457499 -226.643566 5.819349 133.339705
-0.455785 0.061206 -0.887983 -0.024755 0.996375 0.081383 0.889745 0.059075 -0.452618 -227.423267 5.871521 132.933596
-0.451268 0.061186 -0.890288 -0.024621 0.996413 0.080959 0.892049 0.058454 -0.448143 -228.154087 5.926189 132.564248
-0.447302 0.061100 -0.892293 -0.024964 0.996422 0.080745 0.894034 0.058392 -0.444177 -228.938336 5.975873 132.174453
-0.442496 0.061056 -0.894689 -0.025447 0.996423 0.080584 0.896409 0.058425 -0.439360 -229.718480 6.026602 131.786043
-0.438068 0.058642 -0.897027 -0.025683 0.996646 0.077697 0.898575 0.057075 -0.435092 -230.555612 6.079574 131.379338
-0.435230 0.057955 -0.898452 -0.025317 0.996744 0.076559 0.899963 0.056067 -0.432345 -231.362302 6.132700 130.987811
-0.433623 0.058153 -0.899216 -0.024574 0.996781 0.076313 0.900759 0.055189 -0.430798 -232.097985 6.180044 130.638057
-0.430879 0.057304 -0.900588 -0.025233 0.996826 0.075500 0.902057 0.055256 -0.428066 -232.873488 6.227608 130.272361
-0.425980 0.056825 -0.902946 -0.026986 0.996784 0.075461 0.904330 0.056512 -0.423076 -233.672994 6.277325 129.891789
-0.418595 0.056517 -0.906413 -0.027134 0.996838 0.074686 0.907768 0.055857 -0.415738 -234.480730 6.331751 129.514083
-0.408099 0.054527 -0.911308 -0.028360 0.996976 0.072353 0.912497 0.055372 -0.405319 -235.328483 6.394801 129.126744
-0.400959 0.053647 -0.914524 -0.027686 0.997118 0.070630 0.915677 0.053639 -0.398319 -236.202449 6.450263 128.748264
-0.397728 0.053990 -0.915913 -0.026377 0.997182 0.070235 0.917124 0.052094 -0.395183 -237.041956 6.504548 128.384066
-0.393205 0.056865 -0.917690 -0.026602 0.996964 0.073176 0.919066 0.053186 -0.390499 -237.859611 6.556371 128.032441
-0.388897 0.059812 -0.919337 -0.026767 0.996735 0.076170 0.920892 0.054230 -0.386027 -238.744096 6.608605 127.654926
-0.381354 0.060726 -0.922432 -0.026637 0.996704 0.076628 0.924045 0.053793 -0.378480 -239.655727 6.660044 127.274663
-0.373735 0.059538 -0.925623 -0.026121 0.996866 0.074667 0.927168 0.052084 -0.371009 -240.530515 6.709651 126.920978
-0.368487 0.055726 -0.927961 -0.026393 0.997172 0.070363 0.929258 0.050419 -0.365975 -241.346945 6.756063 126.593037
-0.364648 0.054741 -0.929535 -0.025939 0.997286 0.068907 0.930784 0.049238 -0.362238 -242.348797 6.813146 126.205609
-0.361005 0.057231 -0.930806 -0.024523 0.997187 0.070824 0.932242 0.048394 -0.358586 -243.329640 6.861341 125.828669
-0.355774 0.058126 -0.932763 -0.025558 0.997086 0.071883 0.934222 0.049414 -0.353252 -244.178423 6.905644 125.498657
-0.349628 0.056516 -0.935182 -0.025310 0.997245 0.069729 0.936547 0.048049 -0.347234 -244.954516 6.943422 125.210423
-0.344957 0.054761 -0.937020 -0.024387 0.997437 0.067270 0.938301 0.046056 -0.342738 -245.822606 6.991150 124.891743
-0.340876 0.054373 -0.938535 -0.023469 0.997523 0.066314 0.939815 0.044631 -0.338755 -246.782816 7.048471 124.551320
-0.336868 0.056373 -0.939863 -0.022790 0.997425 0.067994 0.941276 0.044325 -0.334716 -247.758560 7.101757 124.205254
-0.333026 0.058453 -0.941104 -0.022139 0.997317 0.069779 0.942658 0.044073 -0.330838 -248.707907 7.153542 123.865924
-0.327663 0.059099 -0.942945 -0.021155 0.997333 0.069859 0.944558 0.042838 -0.325538 -249.555356 7.195426 123.569609
-0.324517 0.058963 -0.944040 -0.020732 0.997372 0.069420 0.945653 0.042100 -0.322442 -250.404058 7.238354 123.277527
-0.322052 0.057426 -0.944979 -0.019463 0.997546 0.067253 0.946522 0.040052 -0.320144 -251.311268 7.286731 122.970672
-0.318017 0.056483 -0.946401 -0.018587 0.997661 0.065787 0.947903 0.038512 -0.316223 -252.216108 7.334820 122.674562
-0.313715 0.057473 -0.947776 -0.018592 0.997603 0.066649 0.949335 0.038530 -0.311895 -253.187670 7.387188 122.351612
-0.311676 0.057677 -0.948436 -0.018419 0.997602 0.066720 0.950010 0.038265 -0.309866 -254.171585 7.439725 122.028176
-0.308340 0.058258 -0.949491 -0.018577 0.997564 0.067240 0.951095 0.038371 -0.306507 -255.136425 7.491309 121.709397
-0.302669 0.058897 -0.951274 -0.019200 0.997509 0.067869 0.952902 0.038806 -0.300785 -256.007020 7.535529 121.432532
-0.295562 0.058972 -0.953502 -0.019447 0.997515 0.067722 0.955126 0.038559 -0.293681 -256.942523 7.580028 121.146820
-0.285203 0.058996 -0.956650 -0.020089 0.997517 0.067505 0.958257 0.038471 -0.283309 -257.797665 7.624906 120.896047
-0.278452 0.058751 -0.958652 -0.020780 0.997525 0.067169 0.960225 0.038624 -0.276542 -258.742438 7.670344 120.615872
-0.278135 0.058321 -0.958770 -0.021186 0.997540 0.066826 0.960308 0.038899 -0.276215 -259.647698 7.713020 120.346962
-0.275352 0.058362 -0.959570 -0.021794 0.997520 0.066924 0.961096 0.039340 -0.273397 -260.559333 7.756635 120.082131
-0.267028 0.058274 -0.961925 -0.023560 0.997477 0.066968 0.963401 0.040545 -0.264981 -261.447964 7.800711 119.831640
-0.260451 0.056732 -0.963819 -0.025090 0.997537 0.065497 0.965161 0.041241 -0.258387 -262.250126 7.846042 119.606326
-0.257555 0.054693 -0.964714 -0.027406 0.997582 0.063873 0.965875 0.042889 -0.255433 -262.993105 7.884615 119.393830
-0.256655 0.053091 -0.965044 -0.027476 0.997686 0.062194 0.966113 0.042478 -0.254602 -263.735565 7.920252 119.189589
-0.253326 0.053185 -0.965918 -0.027557 0.997686 0.062162 0.966988 0.042365 -0.251274 -264.532360 7.961296 118.981085
-0.245194 0.053901 -0.967974 -0.028575 0.997618 0.062789 0.969053 0.043056 -0.243070 -265.323954 7.997666 118.775372
-0.238177 0.054817 -0.969674 -0.029085 0.997556 0.063537 0.970786 0.043336 -0.236000 -266.154953 8.037288 118.566021
-0.233456 0.055213 -0.970799 -0.028518 0.997568 0.063593 0.971949 0.042532 -0.231314 -266.976345 8.075441 118.371070
-0.229402 0.056016 -0.971719 -0.028626 0.997522 0.064262 0.972911 0.042558 -0.227230 -267.744335 8.111104 118.194676
-0.225875 0.057127 -0.972480 -0.029318 0.997428 0.065402 0.973715 0.043283 -0.223620 -268.476748 8.146683 118.024167
-0.223188 0.057515 -0.973077 -0.029335 0.997409 0.065682 0.974334 0.043205 -0.220923 -269.197484 8.188873 117.858894
-0.221476 0.057752 -0.973454 -0.029832 0.997376 0.065959 0.974709 0.043648 -0.219172 -269.871692 8.226811 117.698076
-0.221047 0.058003 -0.973537 -0.030615 0.997325 0.066372 0.974783 0.044476 -0.218679 -270.482705 8.259617 117.543566
-0.219478 0.059914 -0.973776 -0.030979 0.997181 0.068337 0.975126 0.045165 -0.217003 -271.167707 8.302094 117.387361
-0.217528 0.062542 -0.974048 -0.029871 0.997051 0.070690 0.975597 0.044473 -0.215018 -271.927152 8.344161 117.216946
-0.214913 0.064415 -0.974507 -0.029861 0.996923 0.072482 0.976177 0.044677 -0.212328 -272.763846 8.383973 117.034153
-0.213256 0.066229 -0.974749 -0.029983 0.996786 0.074285 0.976536 0.045067 -0.210585 -273.572439 8.427543 116.856640
-0.211054 0.067150 -0.975165 -0.030809 0.996685 0.075300 0.976989 0.045937 -0.208286 -274.368754 8.467222 116.680851
-0.209469 0.067559 -0.975479 -0.031464 0.996628 0.075780 0.977309 0.046566 -0.206637 -275.083452 8.498637 116.523961
-0.210369 0.068266 -0.975236 -0.031205 0.996582 0.076491 0.977124 0.046524 -0.207519 -275.883730 8.547028 116.355249
-0.212200 0.068722 -0.974807 -0.031106 0.996544 0.077026 0.976731 0.046667 -0.209329 -276.588305 8.588870 116.199207
-0.214458 0.068310 -0.974341 -0.031432 0.996552 0.076786 0.976227 0.047093 -0.211572 -277.295166 8.634497 116.034734
-0.218398 0.068127 -0.973479 -0.030529 0.996595 0.076594 0.975382 0.046447 -0.215575 -277.953062 8.676156 115.889483
-0.223390 0.066959 -0.972426 -0.030079 0.996689 0.075540 0.974265 0.046124 -0.220637 -278.587922 8.711190 115.745464
-0.227649 0.066777 -0.971451 -0.029924 0.996695 0.075525 0.973283 0.046263 -0.224899 -279.122661 8.737659 115.615328
-0.233840 0.067006 -0.969963 -0.030562 0.996623 0.076215 0.971795 0.047466 -0.231002 -279.697810 8.766004 115.463125
-0.242069 0.066890 -0.967951 -0.031496 0.996553 0.076743 0.969748 0.049064 -0.239128 -280.269414 8.797568 115.306291
-0.254262 0.066993 -0.964812 -0.032483 0.996444 0.077750 0.966590 0.051109 -0.251182 -280.785407 8.822287 115.157784
-0.267489 0.066771 -0.961245 -0.033099 0.996371 0.078422 0.962992 0.052793 -0.264308 -281.316434 8.851809 114.999434
-0.283675 0.066282 -0.956627 -0.032859 0.996351 0.078778 0.958357 0.053781 -0.280462 -281.813237 8.878435 114.837482
-0.302770 0.066436 -0.950745 -0.032731 0.996254 0.080039 0.952501 0.055352 -0.299462 -282.252012 8.898763 114.678181
-0.325385 0.067542 -0.943166 -0.031687 0.996107 0.082265 0.945050 0.056653 -0.321978 -282.732242 8.919636 114.496807
-0.351511 0.069540 -0.933597 -0.029445 0.995923 0.085269 0.935721 0.057463 -0.348030 -283.220793 8.944434 114.293397
-0.380179 0.070789 -0.922200 -0.028046 0.995726 0.087995 0.924488 0.059318 -0.376568 -283.642786 8.973986 114.103831
-0.408589 0.072329 -0.909848 -0.024795 0.995608 0.090281 0.912382 0.059448 -0.405001 -284.094098 9.006471 113.890207
-0.443555 0.073912 -0.893194 -0.020548 0.995493 0.092582 0.896012 0.059419 -0.440037 -284.545094 9.032901 113.656231
-0.479354 0.074741 -0.874433 -0.017157 0.995379 0.094484 0.877454 0.060294 -0.475856 -284.980038 9.060447 113.396037
-0.518034 0.075354 -0.852035 -0.013898 0.995239 0.096468 0.855247 0.061815 -0.514520 -285.334939 9.078889 113.150764
-0.552894 0.074766 -0.829890 -0.011393 0.995195 0.097249 0.833173 0.063223 -0.549386 -285.730833 9.107435 112.862431
-0.588860 0.074428 -0.804801 -0.008759 0.995105 0.098436 0.808188 0.065014 -0.585326 -286.143979 9.141043 112.528819
-0.627147 0.073447 -0.775430 -0.005318 0.995117 0.098556 0.778883 0.065933 -0.623694 -286.480241 9.172018 112.225041
-0.665306 0.073575 -0.742936 -0.000323 0.995104 0.098837 0.746571 0.065997 -0.662025 -286.783408 9.197998 111.931019
-0.698912 0.074314 -0.711337 0.004000 0.994978 0.100016 0.715197 0.067057 -0.695699 -287.099841 9.227027 111.570386
-0.733574 0.076463 -0.675294 0.009111 0.994668 0.102728 0.679548 0.069206 -0.730360 -287.442848 9.273224 111.165493
-0.769717 0.079595 -0.633403 0.015390 0.994222 0.106234 0.638199 0.072023 -0.766495 -287.798286 9.320055 110.700655
-0.806193 0.081972 -0.585946 0.020812 0.993672 0.110376 0.591286 0.076789 -0.802798 -288.090666 9.360435 110.234819
-0.837838 0.082057 -0.539717 0.025778 0.993483 0.111029 0.545310 0.079112 -0.834493 -288.310943 9.400253 109.817730
-0.863387 0.082110 -0.497815 0.031713 0.993549 0.108876 0.503544 0.078215 -0.860422 -288.546355 9.447118 109.372800
-0.886929 0.079157 -0.455072 0.035279 0.993938 0.104132 0.460556 0.076303 -0.884345 -288.769433 9.502061 108.874274
-0.909816 0.076321 -0.407935 0.038848 0.994291 0.099379 0.413190 0.074569 -0.907586 -288.977700 9.556288 108.339216
-0.929311 0.073134 -0.361983 0.041456 0.994659 0.094528 0.366963 0.072840 -0.927380 -289.128009 9.599194 107.884137
-0.947539 0.070704 -0.311723 0.044437 0.994897 0.090584 0.316536 0.071980 -0.945845 -289.244072 9.638754 107.411970
-0.961606 0.068285 -0.265802 0.046557 0.995101 0.087212 0.270455 0.071488 -0.960075 -289.325036 9.670132 106.997862
-0.971935 0.066233 -0.225731 0.048346 0.995303 0.083870 0.230226 0.070603 -0.970573 -289.397772 9.716278 106.509772
-0.980089 0.063910 -0.187990 0.049092 0.995385 0.082453 0.192392 0.071583 -0.978704 -289.463696 9.751735 106.005053
-0.987370 0.061006 -0.146215 0.049382 0.995420 0.081853 0.150539 0.073598 -0.985861 -289.510088 9.778339 105.511167
-0.992817 0.058807 -0.104193 0.050359 0.995364 0.081937 0.108529 0.076101 -0.991176 -289.519058 9.799643 105.061047
-0.996097 0.057826 -0.066686 0.052223 0.995187 0.082914 0.071159 0.079108 -0.994323 -289.527704 9.826580 104.593906
-0.997767 0.056517 -0.035581 0.053415 0.995134 0.082796 0.040087 0.080711 -0.995931 -289.528696 9.856261 104.114951
-0.998456 0.055442 -0.003339 0.054984 0.995137 0.081725 0.007854 0.081415 -0.996649 -289.510194 9.888240 103.616101
-0.998211 0.053982 0.025718 0.055894 0.995182 0.080555 -0.021245 0.081848 -0.996418 -289.478716 9.913222 103.110939
-0.997332 0.052578 0.050650 0.056484 0.995269 0.079054 -0.046254 0.081704 -0.995583 -289.424806 9.941459 102.572070
-0.996210 0.050940 0.070507 0.056430 0.995339 0.078200 -0.066195 0.081882 -0.994441 -289.377280 9.965384 102.075759
-0.995065 0.050509 0.085409 0.057197 0.995330 0.077755 -0.081082 0.082256 -0.993307 -289.306705 10.004236 101.377760
-0.994014 0.048790 0.097757 0.056406 0.995456 0.076721 -0.093570 0.081776 -0.992249 -289.231407 10.044899 100.690429
-0.992651 0.047575 0.111266 0.056056 0.995654 0.074374 -0.107244 0.080064 -0.991004 -289.152022 10.082247 100.017540
-0.991488 0.047160 0.121355 0.056207 0.995802 0.072244 -0.117439 0.078450 -0.989977 -289.075281 10.107272 99.421453
-0.990422 0.047035 0.129817 0.056634 0.995848 0.071264 -0.125926 0.077933 -0.988974 -288.989313 10.141468 98.738893
-0.989446 0.047079 0.137044 0.057030 0.995943 0.069610 -0.133210 0.076690 -0.988116 -288.905951 10.167005 98.108307
-0.988665 0.045375 0.143118 0.055370 0.996239 0.066645 -0.139555 0.073814 -0.987459 -288.814925 10.194355 97.484712
-0.987759 0.043891 0.149688 0.054047 0.996455 0.064470 -0.146328 0.071771 -0.986629 -288.718450 10.218922 96.846210
-0.986605 0.042423 0.157518 0.052997 0.996570 0.063551 -0.154281 0.071048 -0.985469 -288.611068 10.247029 96.164028
-0.985473 0.041576 0.164665 0.052693 0.996575 0.063729 -0.161452 0.071480 -0.984289 -288.495982 10.275369 95.453985
-0.984605 0.041072 0.169900 0.052579 0.996577 0.063790 -0.166699 0.071741 -0.983395 -288.376928 10.303428 94.755142
-0.984129 0.040626 0.172741 0.052143 0.996671 0.062667 -0.169620 0.070679 -0.982972 -288.252119 10.334325 94.030556
-0.983854 0.039336 0.174599 0.050466 0.996935 0.059773 -0.171712 0.067619 -0.982824 -288.134427 10.361250 93.397868
-0.983968 0.039238 0.173975 0.049658 0.997198 0.055948 -0.171292 0.063690 -0.983160 -288.023413 10.389200 92.782029
-0.984024 0.039099 0.173690 0.048878 0.997430 0.052380 -0.171196 0.060033 -0.983406 -287.887007 10.418624 92.003494
-0.984313 0.038740 0.172124 0.048414 0.997454 0.052368 -0.169657 0.059880 -0.983682 -287.765480 10.452785 91.300552
-0.984300 0.038184 0.172326 0.048266 0.997336 0.054701 -0.169778 0.062160 -0.983520 -287.633074 10.480577 90.564779
-0.983250 0.036398 0.178593 0.047195 0.997282 0.056583 -0.176048 0.064064 -0.982295 -287.495220 10.508433 89.798127
-0.982010 0.034584 0.185637 0.046121 0.997239 0.058193 -0.183112 0.065708 -0.980894 -287.348964 10.538017 88.991647
-0.980266 0.032373 0.195015 0.045016 0.997137 0.060752 -0.192490 0.068332 -0.978917 -287.190438 10.573379 88.196648
-0.978237 0.028825 0.205479 0.042968 0.996979 0.064699 -0.202994 0.072120 -0.976521 -287.017680 10.614633 87.376318
-0.975820 0.025295 0.217107 0.040816 0.996897 0.067309 -0.214731 0.074543 -0.973824 -286.844273 10.651627 86.643316
-0.973535 0.023497 0.227326 0.040059 0.996845 0.068519 -0.224998 0.075812 -0.971405 -286.690645 10.680704 86.009002
-0.971023 0.021300 0.238033 0.038398 0.996985 0.067427 -0.235879 0.074613 -0.968914 -286.515472 10.718534 85.291084
-0.967560 0.020807 0.251782 0.038389 0.997139 0.065121 -0.249707 0.072674 -0.965590 -286.325589 10.754672 84.550896
-0.964448 0.019125 0.263580 0.037790 0.997109 0.065926 -0.261557 0.073543 -0.962382 -286.117169 10.794210 83.765839
-0.962416 0.015376 0.271143 0.035997 0.996809 0.071241 -0.269182 0.078323 -0.959899 -285.903283 10.834594 83.004988
-0.961136 0.012527 0.275792 0.034255 0.996662 0.074110 -0.273943 0.080677 -0.958356 -285.679902 10.874775 82.233185
-0.959110 0.011035 0.282817 0.032957 0.996797 0.072870 -0.281107 0.079211 -0.956402 -285.463001 10.912362 81.515867
-0.956314 0.010466 0.292153 0.032549 0.996957 0.070830 -0.290523 0.077245 -0.953745 -285.248741 10.950245 80.827557
-0.952703 0.010264 0.303728 0.032527 0.997132 0.068332 -0.302156 0.074980 -0.950305 -285.045885 10.989552 80.178423
-0.948851 0.009625 0.315579 0.032314 0.997247 0.066741 -0.314068 0.073525 -0.946549 -284.828515 11.024676 79.526464
-0.945623 0.008473 0.325155 0.031901 0.997257 0.066789 -0.323698 0.073530 -0.943299 -284.570733 11.065299 78.773461
-0.942136 0.006344 0.335171 0.031106 0.997162 0.068561 -0.333785 0.075020 -0.939659 -284.312924 11.100998 78.037486
-0.939044 0.003988 0.343773 0.030274 0.997007 0.071130 -0.342461 0.077202 -0.936355 -284.067172 11.134978 77.375403
-0.936270 0.001924 0.351277 0.029226 0.996945 0.072439 -0.350065 0.078089 -0.933465 -283.787979 11.177340 76.638205
-0.933301 -0.000194 0.359095 0.027968 0.996923 0.073228 -0.358004 0.078387 -0.930424 -283.510137 11.221599 75.922516
-0.930709 -0.001811 0.365756 0.027289 0.996857 0.074375 -0.364741 0.079203 -0.927734 -283.233906 11.265759 75.209355
-0.926647 -0.003021 0.375920 0.027758 0.996688 0.076433 -0.374906 0.081262 -0.923494 -282.935591 11.314986 74.457221
-0.922926 -0.004162 0.384955 0.028632 0.996430 0.079418 -0.383912 0.084319 -0.919512 -282.649365 11.361266 73.744909
-0.919804 -0.005871 0.392333 0.028758 0.996190 0.082330 -0.391322 0.087011 -0.916131 -282.332278 11.403694 73.001284
-0.916974 -0.006387 0.398896 0.028485 0.996272 0.081433 -0.397929 0.086034 -0.913373 -282.017034 11.442118 72.281706
-0.913522 -0.004531 0.406763 0.028851 0.996698 0.075897 -0.405764 0.081069 -0.910375 -281.682844 11.490397 71.527888
-0.909823 -0.002095 0.414992 0.028765 0.997264 0.068100 -0.413999 0.073897 -0.907273 -281.312875 11.542459 70.706244
-0.906771 -0.002363 0.421617 0.028035 0.997433 0.065887 -0.420691 0.071564 -0.904377 -280.962509 11.586076 69.947665
-0.904391 -0.004180 0.426684 0.027267 0.997342 0.067566 -0.425833 0.072741 -0.901873 -280.606027 11.622455 69.191976
-0.902347 -0.006532 0.430961 0.026051 0.997230 0.069661 -0.430223 0.074086 -0.899678 -280.259913 11.660322 68.472632
-0.900503 -0.008818 0.434760 0.024509 0.997176 0.070990 -0.434158 0.074582 -0.897744 -279.933644 11.698034 67.801156
-0.898084 -0.010125 0.439708 0.023771 0.997156 0.071512 -0.439182 0.074676 -0.895289 -279.590520 11.735612 67.096550
-0.896623 -0.012087 0.442629 0.022119 0.997157 0.072036 -0.442241 0.074380 -0.893807 -279.211058 11.778422 66.327772
-0.895499 -0.013983 0.444844 0.020487 0.997152 0.072584 -0.444592 0.074112 -0.892662 -278.823090 11.824244 65.548796
-0.896310 -0.015732 0.443149 0.019339 0.997033 0.074510 -0.443007 0.075354 -0.893346 -278.459374 11.871930 64.803756
-0.897368 -0.016341 0.440980 0.019352 0.996895 0.076322 -0.440858 0.077023 -0.894266 -278.104675 11.920305 64.064016
-0.897899 -0.016800 0.439880 0.019346 0.996800 0.077560 -0.439775 0.078151 -0.894701 -277.727556 11.973360 63.276625
-0.901381 -0.018842 0.432617 0.017537 0.996645 0.079947 -0.432671 0.079650 -0.898026 -277.370918 12.023335 62.539589
-0.905476 -0.020147 0.423919 0.016256 0.996493 0.082081 -0.424086 0.081214 -0.901973 -277.074782 12.067706 61.892279
-0.912701 -0.020754 0.408101 0.014316 0.996472 0.082692 -0.408377 0.081316 -0.909184 -276.772942 12.121371 61.194545
-0.918918 -0.019176 0.393983 0.014766 0.996445 0.082940 -0.394172 0.082033 -0.915368 -276.480077 12.173425 60.449518
-0.924267 -0.019691 0.381239 0.013210 0.996421 0.083491 -0.381518 0.082204 -0.920699 -276.222950 12.222781 59.765034
-0.932113 -0.019018 0.361668 0.011736 0.996510 0.082647 -0.361977 0.081281 -0.928637 -275.959815 12.269375 59.042893
-0.936848 -0.016653 0.349339 0.011184 0.996928 0.077516 -0.349557 0.076528 -0.933785 -275.697211 12.323568 58.308835
-0.940367 -0.013567 0.339891 0.011560 0.997353 0.071793 -0.339966 0.071441 -0.937720 -275.442659 12.363026 57.552438
-0.945246 -0.012223 0.326131 0.010329 0.997678 0.067326 -0.326196 0.067008 -0.942924 -275.172656 12.409414 56.736779
-0.951309 -0.011547 0.308021 0.009177 0.997794 0.065748 -0.308101 0.065373 -0.949105 -274.928502 12.448933 55.956836
-0.955261 -0.010537 0.295576 0.008942 0.997880 0.064471 -0.295628 0.064229 -0.953141 -274.721888 12.485883 55.246316
-0.957115 -0.009625 0.289548 0.009027 0.997972 0.063012 -0.289567 0.062924 -0.955087 -274.505123 12.519160 54.471598
-0.957930 -0.009025 0.286858 0.009481 0.997965 0.063059 -0.286844 0.063126 -0.955895 -274.301771 12.557429 53.725933
-0.957646 -0.008313 0.287829 0.010258 0.997964 0.062952 -0.287767 0.063239 -0.955610 -274.089695 12.594618 52.973037
-0.959824 -0.008181 0.280483 0.010463 0.997836 0.064909 -0.280407 0.065236 -0.957662 -273.834981 12.635534 52.081855
-0.961964 -0.008845 0.273031 0.009646 0.997753 0.066305 -0.273004 0.066417 -0.959717 -273.645716 12.668180 51.375923
-0.964426 -0.007177 0.264256 0.010475 0.997809 0.065330 -0.264146 0.065774 -0.962237 -273.472452 12.702684 50.698003
-0.965652 -0.005138 0.259790 0.011534 0.997971 0.062613 -0.259584 0.063458 -0.963633 -273.306613 12.732288 50.026206
-0.965533 -0.003190 0.260262 0.012910 0.998107 0.060128 -0.259961 0.061416 -0.963664 -273.132613 12.768826 49.305661
-0.964160 -0.002844 0.265307 0.014070 0.997988 0.061828 -0.264949 0.063344 -0.962180 -272.928884 12.804688 48.487761
-0.961834 -0.003011 0.273616 0.016290 0.997536 0.068244 -0.273147 0.070097 -0.959415 -272.700245 12.845524 47.624949
-0.960023 -0.002610 0.279910 0.018689 0.997128 0.073396 -0.279297 0.075694 -0.957217 -272.474038 12.891103 46.809586
-0.957460 -0.000579 0.288566 0.021887 0.996972 0.074621 -0.287735 0.077763 -0.954548 -272.250752 12.938302 46.030561
-0.956136 0.000793 0.292922 0.022766 0.997173 0.071612 -0.292037 0.075140 -0.953451 -272.002059 12.984558 45.201764
-0.954566 0.001122 0.297997 0.022344 0.997448 0.067816 -0.297160 0.071393 -0.952155 -271.761969 13.035391 44.437375
-0.952409 0.002606 0.304812 0.023608 0.997590 0.065239 -0.303908 0.069330 -0.950175 -271.510485 13.081185 43.648548
-0.949890 0.003719 0.312563 0.025030 0.997623 0.064196 -0.311581 0.068802 -0.947725 -271.218637 13.133975 42.744926
-0.947782 0.005199 0.318876 0.027318 0.997516 0.064931 -0.317746 0.070252 -0.945570 -270.937446 13.176943 41.897212
-0.944652 0.005485 0.328028 0.028774 0.997392 0.066186 -0.326810 0.071961 -0.942346 -270.613100 13.227084 40.951065
-0.940417 0.005757 0.339975 0.029939 0.997375 0.065926 -0.338703 0.072177 -0.938121 -270.317737 13.277957 40.110282
-0.936059 0.006769 0.351779 0.031441 0.997424 0.064470 -0.350436 0.071408 -0.933861 -270.030129 13.319134 39.330639
-0.931483 0.007658 0.363705 0.032543 0.997524 0.062344 -0.362327 0.069908 -0.929426 -269.699792 13.367234 38.469751
-0.927149 0.009700 0.374567 0.034737 0.997585 0.060149 -0.373079 0.068778 -0.925247 -269.356847 13.409881 37.595203
-0.923063 0.011753 0.384469 0.036941 0.997621 0.058196 -0.382871 0.067921 -0.921302 -269.037982 13.444533 36.795945
-0.918378 0.013337 0.395480 0.039092 0.997601 0.057137 -0.393769 0.067934 -0.916696 -268.679570 13.475491 35.943700
-0.912973 0.012738 0.407821 0.038626 0.997722 0.055308 -0.406188 0.066247 -0.911385 -268.292385 13.506874 35.083749
-0.908669 0.013530 0.417298 0.039227 0.997820 0.053064 -0.415671 0.064586 -0.907219 -267.889533 13.542869 34.181336
-0.904456 0.013655 0.426348 0.039536 0.997869 0.051913 -0.424731 0.063809 -0.903068 -267.492047 13.583610 33.321557
-0.900581 0.012721 0.434501 0.038956 0.997911 0.051528 -0.432938 0.063331 -0.899196 -267.063343 13.617787 32.434483
-0.896555 0.012790 0.442747 0.039448 0.997917 0.051053 -0.441171 0.063238 -0.895192 -266.632181 13.654893 31.543457
-0.893994 0.012730 0.447897 0.039534 0.997939 0.050547 -0.446331 0.062896 -0.892655 -266.177000 13.694615 30.625482
-0.889840 0.014552 0.456040 0.041495 0.997930 0.049124 -0.454381 0.062636 -0.888602 -265.765166 13.724562 29.815436
-0.885409 0.014395 0.464590 0.040878 0.998059 0.046980 -0.463012 0.060588 -0.884279 -265.344688 13.752413 29.017269
-0.880523 0.014310 0.473787 0.040980 0.998100 0.046014 -0.472229 0.059932 -0.879436 -264.991710 13.779508 28.359588
-0.874800 0.012521 0.484322 0.039639 0.998164 0.045792 -0.482860 0.059257 -0.873690 -264.560990 13.807365 27.572049
-0.871098 0.010887 0.490988 0.037949 0.998257 0.045194 -0.489640 0.058001 -0.869993 -264.076040 13.835320 26.715415
-0.868569 0.008710 0.495493 0.036090 0.998302 0.045716 -0.494253 0.057590 -0.867408 -263.580483 13.866691 25.842250
-0.864492 0.005993 0.502610 0.033543 0.998388 0.045790 -0.501526 0.056444 -0.863300 -263.067573 13.898166 24.953286
-0.860401 0.006609 0.509575 0.033827 0.998451 0.044165 -0.508494 0.055237 -0.859292 -262.625128 13.928446 24.180844
-0.856833 0.006245 0.515556 0.032993 0.998541 0.042737 -0.514537 0.053628 -0.855789 -262.197002 13.952363 23.455891
-0.854470 0.005133 0.519475 0.032376 0.998534 0.043387 -0.518490 0.053891 -0.853384 -261.751534 13.971821 22.703555
-0.854001 0.003347 0.520261 0.030161 0.998616 0.043085 -0.519397 0.052486 -0.852920 -261.297967 13.990356 21.940817
-0.849804 0.003931 0.527085 0.030258 0.998687 0.041336 -0.526230 0.051075 -0.848807 -260.882196 14.011813 21.248834
-0.844803 0.003361 0.535067 0.028944 0.998803 0.039427 -0.534294 0.048795 -0.843889 -260.457200 14.027510 20.547584
-0.838401 0.001337 0.545052 0.026754 0.998893 0.038703 -0.544397 0.047031 -0.837508 -259.998146 14.040157 19.837194
-0.834408 -0.000519 0.551147 0.025131 0.998924 0.038986 -0.550574 0.046381 -0.833497 -259.544070 14.052158 19.145311
-0.831614 -0.001759 0.555352 0.024603 0.998897 0.040005 -0.554810 0.046932 -0.830653 -259.073365 14.071730 18.437698
-0.824974 -0.003540 0.565159 0.023414 0.998908 0.040435 -0.564685 0.046591 -0.823990 -258.618105 14.096956 17.786858
-0.816217 -0.003014 0.577738 0.024260 0.998926 0.039484 -0.577237 0.046244 -0.815267 -258.177220 14.109342 17.157593
-0.806718 -0.000297 0.590937 0.025956 0.999017 0.035936 -0.590367 0.044328 -0.805917 -257.752251 14.120944 16.564133
-0.800912 0.002929 0.598775 0.028083 0.999071 0.032676 -0.598123 0.042986 -0.800250 -257.239095 14.139285 15.865185
-0.796708 0.003856 0.604352 0.028042 0.999139 0.030591 -0.603713 0.041319 -0.796130 -256.729329 14.159132 15.195843
-0.792501 0.005465 0.609847 0.029271 0.999148 0.029084 -0.609168 0.040900 -0.791986 -256.216403 14.180774 14.534924
-0.791357 0.005905 0.611326 0.030643 0.999080 0.030017 -0.610586 0.042487 -0.790810 -255.586653 14.202708 13.724506
-0.790278 0.006616 0.612712 0.031762 0.999040 0.030180 -0.611924 0.043312 -0.789730 -255.029110 14.223018 13.006398
-0.788678 0.006164 0.614775 0.031704 0.999027 0.030656 -0.613988 0.043668 -0.788106 -254.430289 14.243649 12.249238
-0.788059 0.005554 0.615575 0.031125 0.999040 0.030831 -0.614812 0.043456 -0.787475 -253.802232 14.251508 11.458879
-0.787045 0.005408 0.616872 0.030681 0.999067 0.030386 -0.616132 0.042842 -0.786477 -253.128669 14.261028 10.611006
-0.785069 0.005735 0.619382 0.029888 0.999143 0.028632 -0.618687 0.040990 -0.784568 -252.448931 14.278211 9.755450
-0.783955 0.005559 0.620793 0.027639 0.999281 0.025955 -0.620202 0.037506 -0.783545 -251.784611 14.295899 8.923470
-0.780167 0.004883 0.625552 0.025299 0.999398 0.023751 -0.625059 0.034355 -0.779821 -251.162758 14.307627 8.150490
-0.775968 0.004313 0.630757 0.023585 0.999476 0.022180 -0.630331 0.032088 -0.775663 -250.565013 14.316132 7.419337
-0.772057 0.004269 0.635539 0.022960 0.999512 0.021178 -0.635138 0.030943 -0.771778 -249.940382 14.319625 6.672579
-0.769057 0.003338 0.639172 0.021197 0.999570 0.020284 -0.638829 0.029148 -0.768797 -249.324258 14.328546 5.926796
-0.767080 0.003889 0.641540 0.020175 0.999633 0.018063 -0.641234 0.026799 -0.766877 -248.651181 14.343658 5.121169
-0.765222 0.002979 0.643760 0.019047 0.999656 0.018015 -0.643485 0.026048 -0.765016 -248.010301 14.348405 4.363780
-0.762302 0.002550 0.647216 0.018391 0.999674 0.017723 -0.646960 0.025413 -0.762100 -247.336090 14.349758 3.573912
-0.760136 0.002109 0.649761 0.017767 0.999688 0.017540 -0.649522 0.024877 -0.759936 -246.702041 14.349122 2.840517
-0.759644 0.001717 0.650337 0.016859 0.999712 0.017053 -0.650120 0.023918 -0.759455 -246.100978 14.348237 2.146524
-0.759677 0.000586 0.650300 0.015459 0.999733 0.017159 -0.650116 0.023089 -0.759484 -245.515742 14.345585 1.467509
-0.760857 -0.000687 0.648919 0.014111 0.999745 0.017603 -0.648766 0.022551 -0.760653 -244.980587 14.338569 0.835239
-0.763077 -0.002620 0.646302 0.012468 0.999746 0.018774 -0.646187 0.022384 -0.762851 -244.401949 14.338706 0.146772
-0.765492 -0.004824 0.643427 0.010424 0.999748 0.019897 -0.643360 0.021938 -0.765249 -243.803165 14.339836 -0.572016
-0.767531 -0.006529 0.640978 0.008864 0.999744 0.020796 -0.640950 0.021643 -0.767277 -243.213975 14.344131 -1.273472
-0.770123 -0.006605 0.637861 0.009421 0.999720 0.021726 -0.637826 0.022740 -0.769845 -242.721852 14.347331 -1.874223
-0.771883 -0.007129 0.635725 0.009409 0.999700 0.022635 -0.635695 0.023453 -0.771584 -242.250432 14.353317 -2.455078
-0.774206 -0.007051 0.632895 0.010232 0.999668 0.023655 -0.632851 0.024790 -0.773876 -241.865808 14.354236 -2.940317
-0.775733 -0.007876 0.631012 0.009627 0.999658 0.024313 -0.630988 0.024935 -0.775392 -241.461052 14.357750 -3.445804
-0.776860 -0.007805 0.629625 0.009518 0.999663 0.024135 -0.629602 0.024742 -0.776524 -241.012663 14.361303 -4.003698
-0.777343 -0.007674 0.629030 0.009698 0.999661 0.024181 -0.629003 0.024897 -0.777004 -240.608962 14.365124 -4.518700
-0.777867 -0.007853 0.628380 0.009159 0.999674 0.023832 -0.628362 0.024293 -0.777542 -240.155590 14.372349 -5.086951
-0.777454 -0.007616 0.628893 0.009353 0.999676 0.023669 -0.628870 0.024284 -0.777131 -239.739886 14.373210 -5.607726
-0.776113 -0.007075 0.630554 0.010085 0.999670 0.023629 -0.630513 0.024698 -0.775786 -239.284247 14.382389 -6.172701
-0.774000 -0.007899 0.633136 0.010002 0.999645 0.024700 -0.633106 0.025451 -0.773647 -238.861442 14.392528 -6.683297
-0.771974 -0.008585 0.635596 0.010342 0.999607 0.026063 -0.635570 0.026693 -0.771582 -238.396811 14.395975 -7.247869
-0.770643 -0.009761 0.637192 0.010087 0.999571 0.027510 -0.637187 0.027628 -0.770214 -237.869917 14.400384 -7.882776
-0.768119 -0.010816 0.640216 0.009654 0.999548 0.028470 -0.640235 0.028049 -0.767667 -237.339131 14.410852 -8.501748
-0.761352 -0.011735 0.648233 0.009695 0.999518 0.029481 -0.648267 0.028730 -0.760871 -236.794079 14.418577 -9.134052
-0.753424 -0.012637 0.657414 0.009991 0.999480 0.030662 -0.657460 0.029670 -0.752905 -236.232147 14.428044 -9.773900
-0.749569 -0.015602 0.661742 0.008862 0.999396 0.033601 -0.661866 0.031051 -0.748978 -235.511499 14.450764 -10.585404
-0.748128 -0.017525 0.663323 0.007003 0.999387 0.034302 -0.663518 0.030308 -0.747546 -234.789074 14.468783 -11.394402
-0.749469 -0.018433 0.661782 0.006540 0.999357 0.035242 -0.662007 0.030741 -0.748867 -234.114992 14.488292 -12.164280
-0.750591 -0.019165 0.660489 0.005368 0.999369 0.035098 -0.660745 0.029890 -0.750015 -233.536739 14.503233 -12.821915
-0.751165 -0.020506 0.659796 0.003350 0.999386 0.034873 -0.660106 0.028406 -0.750635 -233.034925 14.514896 -13.397864
-0.750520 -0.021644 0.660494 0.001157 0.999419 0.034065 -0.660847 0.026331 -0.750058 -232.575828 14.522901 -13.919329
-0.748732 -0.022043 0.662506 -0.000724 0.999474 0.032436 -0.662872 0.023806 -0.748354 -232.180273 14.529771 -14.358913
-0.746503 -0.022018 0.665017 -0.002657 0.999543 0.030111 -0.665376 0.020711 -0.746221 -231.861508 14.536033 -14.712985
-0.743740 -0.021609 0.668120 -0.004592 0.999619 0.027220 -0.668453 0.017177 -0.743556 -231.597053 14.540807 -15.000150
-0.742208 -0.022332 0.669797 -0.006608 0.999640 0.026007 -0.670137 0.014876 -0.742088 -231.356690 14.548943 -15.261044
-0.740959 -0.023332 0.671145 -0.007951 0.999631 0.025974 -0.671503 0.013909 -0.740871 -231.153811 14.552288 -15.484973
-0.739841 -0.023802 0.672360 -0.008583 0.999627 0.025943 -0.672727 0.013422 -0.739769 -230.971253 14.555435 -15.688635
-0.738302 -0.023953 0.674044 -0.009400 0.999638 0.025227 -0.674404 0.012289 -0.738260 -230.818914 14.555239 -15.857050
-0.736141 -0.023861 0.676407 -0.010513 0.999661 0.023823 -0.676746 0.010426 -0.736142 -230.632795 14.559381 -16.055919
-0.732257 -0.024127 0.680601 -0.011778 0.999671 0.022765 -0.680926 0.008653 -0.732301 -230.431265 14.566493 -16.267690
-0.727556 -0.024324 0.685617 -0.013561 0.999686 0.021076 -0.685914 0.006036 -0.727658 -230.201619 14.569671 -16.505550
-0.722288 -0.025306 0.691130 -0.015550 0.999672 0.020352 -0.691418 0.003953 -0.722444 -229.970506 14.569523 -16.742657
-0.716636 -0.026736 0.696935 -0.018023 0.999641 0.019816 -0.697215 0.001640 -0.716860 -229.732349 14.569829 -16.971776
-0.709674 -0.027882 0.703979 -0.018888 0.999610 0.020550 -0.704277 0.001287 -0.709924 -229.448215 14.571417 -17.247665
-0.703179 -0.030156 0.710373 -0.021109 0.999545 0.021537 -0.710700 0.000150 -0.703495 -229.128577 14.573959 -17.549384
-0.697569 -0.031542 0.715823 -0.022062 0.999502 0.022543 -0.716178 -0.000067 -0.697918 -228.857816 14.571733 -17.806990
-0.692209 -0.032624 0.720959 -0.023831 0.999466 0.022346 -0.721304 -0.001713 -0.692617 -228.630668 14.573133 -18.016496
-0.687869 -0.033322 0.725070 -0.025771 0.999437 0.021482 -0.725377 -0.003908 -0.688340 -228.443532 14.573871 -18.182239
-0.683934 -0.033609 0.728769 -0.026998 0.999420 0.020754 -0.729044 -0.005481 -0.684445 -228.316082 14.568287 -18.289166
-0.680756 -0.034260 0.731709 -0.028296 0.999390 0.020468 -0.731964 -0.006771 -0.681310 -228.225846 14.560388 -18.364910
-0.679021 -0.034846 0.733291 -0.029279 0.999364 0.020377 -0.733534 -0.007634 -0.679610 -228.167350 14.552204 -18.416248
-0.677989 -0.035536 0.734213 -0.030000 0.999336 0.020665 -0.734460 -0.008016 -0.678605 -228.074187 14.545123 -18.502938
-0.677731 -0.035922 0.734432 -0.030262 0.999322 0.020952 -0.734687 -0.008026 -0.678359 -227.989019 14.539203 -18.586382
-0.677504 -0.035936 0.734640 -0.030179 0.999323 0.021051 -0.734899 -0.007909 -0.678130 -227.898652 14.535440 -18.675656
-0.678039 -0.035836 0.734151 -0.030512 0.999322 0.020599 -0.734392 -0.008433 -0.678673 -227.787221 14.531019 -18.781353
-0.679127 -0.036041 0.733135 -0.030960 0.999311 0.020448 -0.733367 -0.008811 -0.679776 -227.633120 14.525822 -18.925070
-0.680290 -0.036571 0.732031 -0.031139 0.999295 0.020985 -0.732282 -0.008519 -0.680949 -227.437791 14.521539 -19.107435
-0.680996 -0.036780 0.731363 -0.031279 0.999287 0.021129 -0.731619 -0.008487 -0.681661 -227.223333 14.515864 -19.310330
-0.681989 -0.037320 0.730410 -0.031854 0.999265 0.021315 -0.730669 -0.008730 -0.682676 -227.029789 14.513586 -19.494719
-0.682978 -0.037997 0.729450 -0.032175 0.999242 0.021926 -0.729730 -0.008495 -0.683683 -226.857205 14.508524 -19.660828
-0.683601 -0.038421 0.728844 -0.032372 0.999227 0.022312 -0.729138 -0.008342 -0.684316 -226.675790 14.506582 -19.833686
-0.683849 -0.038833 0.728589 -0.032685 0.999211 0.022579 -0.728891 -0.008373 -0.684579 -226.484461 14.506058 -20.009923
-0.683985 -0.039610 0.728420 -0.033432 0.999178 0.022941 -0.728730 -0.008661 -0.684747 -226.278106 14.503176 -20.200813
-0.683985 -0.040010 0.728398 -0.033867 0.999160 0.023080 -0.728709 -0.008882 -0.684765 -226.095171 14.500930 -20.367500
-0.684038 -0.040376 0.728328 -0.034286 0.999143 0.023188 -0.728640 -0.009110 -0.684836 -225.932591 14.499123 -20.517746
-0.684070 -0.040769 0.728276 -0.035003 0.999121 0.023052 -0.728576 -0.009723 -0.684896 -225.788870 14.498426 -20.649129
-0.683949 -0.041189 0.728366 -0.035622 0.999100 0.023049 -0.728659 -0.010182 -0.684801 -225.668941 14.497066 -20.755568
-0.683942 -0.041753 0.728340 -0.036552 0.999068 0.022949 -0.728620 -0.010927 -0.684831 -225.552499 14.492580 -20.856051
-0.683678 -0.042275 0.728558 -0.037206 0.999042 0.023056 -0.728835 -0.011344 -0.684596 -225.463505 14.487339 -20.930611
-0.683139 -0.042932 0.729025 -0.037920 0.999009 0.023298 -0.729303 -0.011729 -0.684090 -225.396876 14.481423 -20.986353
-0.682602 -0.043482 0.729496 -0.038458 0.998982 0.023559 -0.729778 -0.011974 -0.683579 -225.342869 14.474611 -21.033658
-0.681981 -0.044008 0.730045 -0.038987 0.998956 0.023799 -0.730330 -0.012232 -0.682985 -225.298673 14.467063 -21.071983
-0.681253 -0.044586 0.730689 -0.039606 0.998926 0.024027 -0.730976 -0.012571 -0.682288 -225.255497 14.459578 -21.109029
-0.680462 -0.045202 0.731388 -0.040258 0.998894 0.024280 -0.731677 -0.012923 -0.681529 -225.211855 14.453077 -21.146960
-0.679602 -0.045838 0.732147 -0.040906 0.998861 0.024566 -0.732439 -0.013254 -0.680703 -225.167930 14.446700 -21.185651
-0.678786 -0.046458 0.732865 -0.041506 0.998829 0.024874 -0.733162 -0.013534 -0.679919 -225.123161 14.441197 -21.225266
-0.678053 -0.047004 0.733509 -0.041881 0.998802 0.025289 -0.733819 -0.013573 -0.679209 -225.059730 14.437397 -21.283317
-0.677122 -0.047536 0.734334 -0.042145 0.998779 0.025793 -0.734663 -0.013484 -0.678298 -224.971847 14.435522 -21.361155
-0.675843 -0.048179 0.735469 -0.042764 0.998743 0.026129 -0.735804 -0.013793 -0.677054 -224.855095 14.435611 -21.465461
-0.674192 -0.049143 0.736920 -0.043927 0.998686 0.026412 -0.737249 -0.014564 -0.675464 -224.721422 14.436333 -21.584786
-0.672436 -0.049773 0.738479 -0.044465 0.998651 0.026821 -0.738818 -0.014801 -0.673742 -224.540570 14.436491 -21.750004
-0.670812 -0.050654 0.739896 -0.045298 0.998600 0.027297 -0.740243 -0.015205 -0.672168 -224.295140 14.437738 -21.974490
-0.669253 -0.051189 0.741269 -0.045459 0.998576 0.027915 -0.741642 -0.015016 -0.670627 -224.016279 14.435779 -22.233687
-0.668375 -0.052246 0.741987 -0.046528 0.998513 0.028396 -0.742367 -0.015544 -0.669813 -223.733354 14.434943 -22.498338
-0.667713 -0.053552 0.742490 -0.047569 0.998440 0.029234 -0.742897 -0.015800 -0.669219 -223.488012 14.431776 -22.729012
-0.666269 -0.054961 0.743683 -0.048918 0.998353 0.029956 -0.744105 -0.016421 -0.667861 -223.300955 14.431625 -22.900505
-0.664756 -0.056496 0.744921 -0.050512 0.998254 0.030633 -0.745351 -0.017264 -0.666449 -223.158138 14.434650 -23.027102
-0.663571 -0.057841 0.745874 -0.051983 0.998162 0.031159 -0.746305 -0.018097 -0.665358 -223.008355 14.437487 -23.155934
-0.662280 -0.058918 0.746936 -0.052820 0.998095 0.031896 -0.747392 -0.018329 -0.664130 -222.892030 14.439604 -23.259663
-0.661276 -0.059856 0.747751 -0.053526 0.998036 0.032555 -0.748231 -0.018497 -0.663181 -222.798137 14.439399 -23.341699
-0.661003 -0.060680 0.747926 -0.054246 0.997981 0.033026 -0.748420 -0.018742 -0.662960 -222.710313 14.439216 -23.417488
-0.660288 -0.061585 0.748483 -0.055062 0.997920 0.033535 -0.748991 -0.019071 -0.662305 -222.605334 14.437396 -23.509439
-0.659936 -0.062593 0.748710 -0.055981 0.997850 0.034078 -0.749233 -0.019425 -0.662022 -222.514928 14.433643 -23.585745
-0.659877 -0.063581 0.748679 -0.056930 0.997780 0.034558 -0.749214 -0.019818 -0.662032 -222.441305 14.428608 -23.649906
-0.660000 -0.064360 0.748504 -0.057682 0.997724 0.034927 -0.749048 -0.020124 -0.662210 -222.352648 14.424172 -23.729217
-0.660013 -0.065144 0.748425 -0.058485 0.997665 0.035262 -0.748974 -0.020498 -0.662282 -222.274421 14.421056 -23.801266
-0.660006 -0.066018 0.748354 -0.059343 0.997600 0.035669 -0.748913 -0.020867 -0.662340 -222.194610 14.417412 -23.873111
-0.659947 -0.067153 0.748305 -0.060571 0.997511 0.036098 -0.748867 -0.021503 -0.662372 -222.122672 14.414112 -23.938934
-0.660160 -0.068243 0.748019 -0.061672 0.997426 0.036568 -0.748589 -0.021991 -0.662669 -222.054423 14.409544 -24.001435
-0.660317 -0.069142 0.747798 -0.062629 0.997354 0.036914 -0.748371 -0.022458 -0.662900 -221.992618 14.405654 -24.058583
-0.660493 -0.070246 0.747539 -0.063747 0.997265 0.037388 -0.748121 -0.022959 -0.663165 -221.921236 14.400943 -24.124082
-0.660601 -0.071041 0.747368 -0.064512 0.997202 0.037767 -0.747960 -0.023265 -0.663336 -221.849686 14.395990 -24.190021
-0.660446 -0.071866 0.747426 -0.065348 0.997134 0.038132 -0.748025 -0.023659 -0.663249 -221.771645 14.392083 -24.259274
-0.660221 -0.072718 0.747543 -0.066291 0.997060 0.038442 -0.748140 -0.024176 -0.663100 -221.692195 14.388165 -24.330482
-0.659027 -0.073872 0.748483 -0.067741 0.996950 0.038750 -0.749063 -0.025166 -0.662021 -221.607113 14.383911 -24.403449
-0.657238 -0.074922 0.749950 -0.069620 0.996828 0.038573 -0.750461 -0.026860 -0.660369 -221.513853 14.380206 -24.480873
-0.655246 -0.075767 0.751606 -0.070959 0.996732 0.038616 -0.752075 -0.028030 -0.658481 -221.430974 14.373792 -24.546575
-0.652402 -0.076477 0.754005 -0.071718 0.996661 0.039034 -0.754472 -0.028610 -0.655708 -221.337968 14.366737 -24.622051
-0.648902 -0.078275 0.756835 -0.073888 0.996476 0.039709 -0.757276 -0.030154 -0.652399 -221.216675 14.359559 -24.716999
-0.644703 -0.080105 0.760224 -0.076033 0.996282 0.040500 -0.760642 -0.031692 -0.648397 -221.045768 14.355876 -24.852662
-0.639526 -0.082128 0.764370 -0.078014 0.996078 0.041752 -0.764801 -0.032930 -0.643425 -220.817534 14.353508 -25.033933
-0.633166 -0.083734 0.769473 -0.079259 0.995919 0.043157 -0.769947 -0.033662 -0.637219 -220.559574 14.359454 -25.236981
-0.626320 -0.085369 0.774878 -0.080439 0.995757 0.044686 -0.775405 -0.034343 -0.630530 -220.361389 14.364401 -25.383317
-0.617627 -0.086140 0.781739 -0.080550 0.995685 0.046074 -0.782335 -0.034513 -0.621901 -220.133569 14.369989 -25.548601
-0.609174 -0.087115 0.788237 -0.080369 0.995612 0.047923 -0.788954 -0.034157 -0.613502 -219.852160 14.378239 -25.754661
-0.591268 -0.087319 0.801734 -0.079182 0.995604 0.050039 -0.802578 -0.033897 -0.595583 -219.625467 14.386187 -25.910403
-0.564962 -0.088556 0.820351 -0.079772 0.995429 0.052517 -0.821251 -0.035771 -0.569444 -219.464992 14.388128 -26.001028
-0.537428 -0.088802 0.838621 -0.080049 0.995322 0.054096 -0.839502 -0.038059 -0.542023 -219.267795 14.398224 -26.111762
-0.506945 -0.088868 0.857385 -0.081190 0.995172 0.055145 -0.858146 -0.041656 -0.511713 -219.004612 14.414175 -26.256786
-0.476742 -0.088899 0.874537 -0.082016 0.995032 0.056438 -0.875209 -0.044819 -0.481664 -218.764379 14.420890 -26.369916
-0.445122 -0.089855 0.890951 -0.082445 0.994839 0.059143 -0.891667 -0.047128 -0.450232 -218.501088 14.433500 -26.480848
-0.412132 -0.089901 0.906678 -0.081101 0.994790 0.061773 -0.907507 -0.048074 -0.417276 -218.223407 14.450168 -26.593318
-0.380102 -0.090677 0.920489 -0.081914 0.994573 0.064150 -0.921310 -0.051017 -0.385467 -217.917337 14.464414 -26.703229
-0.343574 -0.091670 0.934641 -0.082013 0.994351 0.067378 -0.935538 -0.053503 -0.349151 -217.633193 14.479293 -26.790864
-0.304349 -0.093470 0.947964 -0.080926 0.994113 0.072039 -0.949117 -0.054789 -0.310121 -217.372699 14.493837 -26.863070
-0.265329 -0.095628 0.959404 -0.079582 0.993846 0.077053 -0.960868 -0.055907 -0.271306 -217.139827 14.506816 -26.911141
-0.222506 -0.096805 0.970113 -0.076969 0.993697 0.081505 -0.971888 -0.056533 -0.228555 -216.959966 14.516273 -26.934456
-0.178059 -0.097691 0.979159 -0.073879 0.993579 0.085695 -0.981243 -0.057080 -0.184133 -216.775867 14.525622 -26.945691
-0.132289 -0.098624 0.986292 -0.069804 0.993494 0.089982 -0.988750 -0.056943 -0.138313 -216.561278 14.542790 -26.953377
-0.084250 -0.099402 0.991474 -0.066108 0.993377 0.093975 -0.994249 -0.057627 -0.090263 -216.296302 14.561281 -26.956629
-0.029583 -0.099990 0.994549 -0.062510 0.993222 0.097997 -0.997606 -0.059271 -0.035633 -216.075818 14.586606 -26.925726
0.029411 -0.099213 0.994631 -0.058684 0.993174 0.100803 -0.997843 -0.061334 0.023388 -215.886018 14.607872 -26.880656
0.093778 -0.096786 0.990877 -0.053337 0.993346 0.102075 -0.994163 -0.062423 0.087992 -215.691166 14.633534 -26.824475
0.162142 -0.094034 0.982277 -0.049097 0.993447 0.103208 -0.985545 -0.064961 0.156462 -215.500381 14.659293 -26.739203
0.227940 -0.091291 0.969386 -0.042861 0.993689 0.103658 -0.972731 -0.065177 0.222588 -215.277066 14.685291 -26.638279
0.291095 -0.088690 0.952574 -0.037643 0.993861 0.104037 -0.955953 -0.066142 0.285969 -215.080054 14.715923 -26.523655
0.352488 -0.085447 0.931907 -0.031480 0.994176 0.103064 -0.935287 -0.065666 0.347745 -214.851687 14.748622 -26.387514
0.410494 -0.082683 0.908107 -0.025917 0.994420 0.102257 -0.911495 -0.065511 0.406061 -214.547746 14.786453 -26.205295
0.474523 -0.080019 0.876598 -0.021312 0.994523 0.102320 -0.879985 -0.067235 0.470219 -214.271162 14.823451 -25.998335
0.541261 -0.077407 0.837284 -0.015045 0.994703 0.101686 -0.840720 -0.067636 0.537229 -213.973250 14.863832 -25.744842
0.609550 -0.076050 0.789091 -0.009911 0.994579 0.103510 -0.792686 -0.070915 0.605492 -213.676485 14.905321 -25.464172
0.664554 -0.074000 0.743567 -0.005534 0.994570 0.103926 -0.747220 -0.073179 0.660535 -213.342358 14.961958 -25.134598
0.711958 -0.074208 0.698290 -0.000062 0.994394 0.105738 -0.702222 -0.075324 0.707963 -212.986256 15.014034 -24.750722
0.755345 -0.075782 0.650931 0.006198 0.994073 0.108538 -0.655298 -0.077949 0.751338 -212.673548 15.058630 -24.364473
0.797274 -0.077624 0.598605 0.015255 0.993971 0.108576 -0.603425 -0.077434 0.793652 -212.360026 15.112862 -23.929808
0.835003 -0.078569 0.544606 0.022586 0.993813 0.108746 -0.549781 -0.078503 0.831612 -212.112598 15.164184 -23.497153
0.867823 -0.078135 0.490692 0.028399 0.993744 0.108011 -0.496062 -0.079799 0.864613 -211.933303 15.208201 -23.114646
0.892569 -0.077593 0.444185 0.033300 0.993736 0.106677 -0.449680 -0.080426 0.889561 -211.757684 15.254792 -22.721929
0.913359 -0.077102 0.399789 0.037831 0.993729 0.105219 -0.405394 -0.080978 0.910548 -211.551803 15.312817 -22.225251
0.929206 -0.077278 0.361392 0.041944 0.993627 0.104624 -0.367174 -0.082059 0.926526 -211.355481 15.369193 -21.673424
0.945998 -0.075927 0.315156 0.046317 0.993867 0.100414 -0.320847 -0.080394 0.943713 -211.183416 15.420617 -21.116252
0.959402 -0.074332 0.272070 0.049604 0.994080 0.096670 -0.277644 -0.079250 0.957410 -211.047714 15.466103 -20.587407
0.970108 -0.074450 0.230970 0.054334 0.994251 0.092269 -0.236511 -0.076962 0.968576 -210.912302 15.509610 -19.966002
0.978254 -0.073684 0.193883 0.057286 0.994394 0.088872 -0.199345 -0.075832 0.976991 -210.764196 15.567859 -19.230045
0.984699 -0.072853 0.158304 0.059972 0.994601 0.084686 -0.163619 -0.073897 0.983752 -210.637484 15.627383 -18.464553
0.989561 -0.071395 0.125187 0.061600 0.994854 0.080444 -0.130286 -0.071893 0.988866 -210.520444 15.692473 -17.588454
0.993350 -0.071489 0.090250 0.064697 0.995002 0.076060 -0.095237 -0.069715 0.993010 -210.430248 15.750792 -16.723625
0.995665 -0.071849 0.059064 0.067555 0.995133 0.071734 -0.063931 -0.067433 0.995673 -210.388142 15.792687 -16.067258
0.997064 -0.071643 0.027048 0.069656 0.995225 0.068382 -0.031818 -0.066298 0.997292 -210.371388 15.836395 -15.381349
0.997465 -0.070974 -0.005085 0.071155 0.995329 0.065241 0.000431 -0.065438 0.997857 -210.365595 15.878803 -14.562424
0.997049 -0.070108 -0.031282 0.071972 0.995409 0.063096 0.026714 -0.065162 0.997517 -210.377424 15.926760 -13.687444
0.996026 -0.069640 -0.055512 0.072953 0.995525 0.060072 0.051080 -0.063883 0.996649 -210.412244 15.977241 -12.751469
0.994432 -0.069313 -0.079377 0.073953 0.995626 0.057090 0.075073 -0.062642 0.995209 -210.475726 16.020355 -11.862312
0.992060 -0.068942 -0.105187 0.074957 0.995705 0.054344 0.100989 -0.061797 0.992966 -210.546389 16.051514 -11.100656
0.988941 -0.069974 -0.130764 0.077261 0.995679 0.051508 0.126595 -0.061042 0.990075 -210.631798 16.089344 -10.353605
0.985598 -0.069758 -0.154045 0.078120 0.995744 0.048908 0.149977 -0.060237 0.986853 -210.755444 16.120487 -9.464716
0.981376 -0.069795 -0.178969 0.079075 0.995841 0.045248 0.175067 -0.058558 0.982814 -210.908935 16.156264 -8.534265
0.977057 -0.069114 -0.201452 0.079233 0.995946 0.042595 0.197691 -0.057579 0.978572 -211.097824 16.184606 -7.557268
0.971634 -0.068918 -0.226225 0.079919 0.996005 0.039826 0.222577 -0.056776 0.973261 -211.299319 16.209315 -6.632980
0.964641 -0.068913 -0.254399 0.081051 0.996003 0.037531 0.250796 -0.056823 0.966371 -211.520369 16.234175 -5.741159
0.957512 -0.067609 -0.280356 0.081087 0.996030 0.036743 0.276759 -0.057915 0.959193 -211.780421 16.259112 -4.814809
0.949401 -0.065908 -0.307072 0.080761 0.996087 0.035903 0.303504 -0.058886 0.951009 -212.067577 16.281056 -3.881291
0.941150 -0.064778 -0.331724 0.080291 0.996216 0.033258 0.328315 -0.057935 0.942790 -212.360427 16.303726 -3.013479
0.931781 -0.064542 -0.357237 0.080531 0.996299 0.030047 0.353976 -0.056766 0.933530 -212.622376 16.323761 -2.295003
0.922969 -0.064234 -0.379477 0.080834 0.996335 0.027956 0.376291 -0.056477 0.924779 -212.934644 16.332775 -1.493472
0.913685 -0.061910 -0.401680 0.079429 0.996472 0.027090 0.398586 -0.056657 0.915379 -213.323804 16.352740 -0.572551
0.903006 -0.060632 -0.425327 0.078856 0.996564 0.025353 0.422329 -0.056434 0.904684 -213.774082 16.362940 0.438513
0.893102 -0.060133 -0.445818 0.078659 0.996633 0.023150 0.442924 -0.055743 0.894824 -214.241436 16.382340 1.419672
0.883288 -0.060778 -0.464874 0.079082 0.996668 0.019955 0.462113 -0.054389 0.885152 -214.709572 16.395257 2.346558
0.872689 -0.061047 -0.484445 0.078756 0.996761 0.016266 0.481883 -0.052348 0.874671 -215.177667 16.402654 3.207518
0.862567 -0.060878 -0.502267 0.078113 0.996856 0.013323 0.499876 -0.050725 0.864610 -215.673525 16.409606 4.082541
0.852239 -0.061409 -0.519536 0.076627 0.997029 0.007849 0.517511 -0.046500 0.854412 -216.129591 16.408950 4.843348
0.841335 -0.061628 -0.536989 0.075859 0.997109 0.004420 0.535164 -0.044454 0.843578 -216.674740 16.398086 5.716123
0.829526 -0.060849 -0.555143 0.074794 0.997196 0.002458 0.553437 -0.043560 0.831751 -217.265777 16.381511 6.620958
0.816980 -0.059310 -0.573608 0.073522 0.997292 0.001598 0.571960 -0.043478 0.819128 -217.872022 16.364218 7.507133
0.802892 -0.060497 -0.593047 0.073260 0.997310 -0.002555 0.591606 -0.041395 0.805164 -218.438786 16.349007 8.302745
0.789076 -0.063598 -0.610994 0.074020 0.997223 -0.008206 0.609819 -0.038751 0.791593 -218.976309 16.338253 9.040850
0.776593 -0.065846 -0.626552 0.073882 0.997179 -0.013222 0.625656 -0.036023 0.779267 -219.534679 16.316108 9.760220
0.764514 -0.065338 -0.641287 0.072211 0.997269 -0.015521 0.640550 -0.034442 0.767144 -220.121540 16.285812 10.473959
0.750056 -0.062600 -0.658405 0.069500 0.997459 -0.015661 0.657712 -0.034013 0.752501 -220.787406 16.254843 11.256310
0.734032 -0.059559 -0.676498 0.067010 0.997638 -0.015122 0.675801 -0.034232 0.736289 -221.497388 16.221438 12.049846
0.715768 -0.059295 -0.695816 0.065208 0.997710 -0.017943 0.695287 -0.032529 0.717996 -222.171749 16.191833 12.765340
0.700308 -0.060130 -0.711304 0.063619 0.997738 -0.021708 0.711000 -0.030050 0.702549 -222.804036 16.163034 13.402002
0.686814 -0.062366 -0.724152 0.063765 0.997641 -0.025442 0.724031 -0.028702 0.689170 -223.456247 16.130892 14.043041
0.672717 -0.063172 -0.737198 0.063044 0.997619 -0.027958 0.737209 -0.027668 0.675098 -224.152582 16.092053 14.700985
0.656157 -0.064959 -0.751823 0.062750 0.997534 -0.031423 0.752011 -0.026558 0.658616 -224.892387 16.056997 15.370812
0.637924 -0.066602 -0.767214 0.062448 0.997446 -0.034664 0.767563 -0.025798 0.640454 -225.556370 16.014860 15.948720
0.619639 -0.068868 -0.781860 0.061441 0.997342 -0.039155 0.782478 -0.023776 0.622224 -226.266819 15.966371 16.535872
0.602483 -0.071939 -0.794883 0.060978 0.997168 -0.044028 0.795799 -0.021944 0.605163 -226.966977 15.918353 17.083163
0.588126 -0.073009 -0.805467 0.059636 0.997121 -0.046836 0.806568 -0.020490 0.590786 -227.660979 15.867275 17.606814
0.571308 -0.072717 -0.817508 0.057582 0.997164 -0.048457 0.818713 -0.019389 0.573875 -228.433718 15.809819 18.166400
0.549938 -0.072724 -0.832033 0.055039 0.997192 -0.050782 0.833390 -0.017867 0.552397 -229.153807 15.756120 18.654625
0.527607 -0.073402 -0.846312 0.052336 0.997176 -0.053860 0.847875 -0.015875 0.529958 -229.841619 15.705886 19.095160
0.504724 -0.074200 -0.860086 0.049063 0.997155 -0.057233 0.861886 -0.013312 0.506928 -230.547037 15.645948 19.528372
0.483059 -0.075494 -0.872327 0.045954 0.997089 -0.060844 0.874381 -0.010695 0.485122 -231.324607 15.583526 19.973007
0.461634 -0.076178 -0.883794 0.043063 0.997056 -0.063447 0.886025 -0.008770 0.463555 -232.197318 15.502603 20.447989
0.439382 -0.076382 -0.895047 0.041057 0.997045 -0.064931 0.897361 -0.008218 0.441220 -233.068179 15.426789 20.899431
0.418131 -0.076633 -0.905149 0.037520 0.997042 -0.067081 0.907612 -0.005912 0.419769 -233.871734 15.355713 21.289915
0.396749 -0.078080 -0.914600 0.034483 0.996940 -0.070151 0.917279 -0.003706 0.398228 -234.765622 15.274275 21.702360
0.373188 -0.080190 -0.924284 0.032638 0.996776 -0.073301 0.927181 -0.002812 0.374602 -235.674884 15.188131 22.094337
0.350044 -0.082118 -0.933127 0.029478 0.996622 -0.076647 0.936270 -0.000677 0.351282 -236.580671 15.095487 22.452370
0.327282 -0.083746 -0.941208 0.026511 0.996487 -0.079446 0.944555 0.001049 0.328352 -237.492387 15.003961 22.784448
0.305165 -0.084594 -0.948535 0.022101 0.996408 -0.081754 0.952043 0.003985 0.305938 -238.435567 14.900396 23.094622
0.283456 -0.085443 -0.955171 0.017799 0.996320 -0.083842 0.958820 0.006765 0.283933 -239.353437 14.799252 23.379088
0.262039 -0.085593 -0.961254 0.013567 0.996287 -0.085014 0.964962 0.009236 0.262227 -240.319015 14.692309 23.651308
0.241980 -0.087406 -0.966336 0.011481 0.996122 -0.087226 0.970213 0.010013 0.242046 -241.229400 14.600658 23.901576
0.220830 -0.090894 -0.971068 0.010341 0.995810 -0.090858 0.975258 0.010022 0.220844 -242.150559 14.508247 24.131914
0.199306 -0.092300 -0.975581 0.006094 0.995652 -0.092954 0.979918 0.012581 0.199002 -243.095541 14.401640 24.338538
0.177309 -0.093892 -0.979666 0.003613 0.995494 -0.094755 0.984149 0.013262 0.176850 -243.971897 14.304337 24.510677
0.154954 -0.094315 -0.983409 0.000552 0.995441 -0.095382 0.987921 0.014237 0.154300 -244.928450 14.198151 24.673453
0.132047 -0.094677 -0.986712 -0.003177 0.995383 -0.095935 0.991238 0.015803 0.131136 -245.888243 14.088440 24.815887
0.108624 -0.095481 -0.989487 -0.007226 0.995274 -0.096833 0.994057 0.017669 0.107421 -246.884329 13.971528 24.938905
0.085370 -0.098409 -0.991477 -0.009927 0.994977 -0.099611 0.996300 0.018346 0.083964 -247.870943 13.859323 25.038058
0.063037 -0.102352 -0.992749 -0.012037 0.994577 -0.103305 0.997939 0.018462 0.061463 -248.775466 13.753822 25.116414
0.042026 -0.106714 -0.993401 -0.015544 0.994089 -0.107445 0.998996 0.019957 0.040119 -249.682501 13.649095 25.165729
0.020801 -0.110536 -0.993654 -0.018227 0.993662 -0.110918 0.999617 0.020418 0.018655 -250.575382 13.543411 25.198227
-0.001712 -0.114944 -0.993371 -0.022611 0.993122 -0.114876 0.999743 0.022265 -0.004299 -251.405458 13.439147 25.210286
-0.023453 -0.116439 -0.992921 -0.026144 0.992926 -0.115822 0.999383 0.023243 -0.026331 -252.251715 13.328633 25.201862
-0.046033 -0.115889 -0.992195 -0.031384 0.992925 -0.114518 0.998447 0.025867 -0.049344 -253.149154 13.213156 25.164227
-0.070134 -0.115445 -0.990835 -0.035751 0.992934 -0.113159 0.996897 0.027487 -0.073765 -253.986606 13.103435 25.111257
-0.094208 -0.116215 -0.988746 -0.039452 0.992819 -0.112935 0.994771 0.028369 -0.098116 -254.909225 12.987224 25.036488
-0.118907 -0.117161 -0.985969 -0.043002 0.992690 -0.112773 0.991974 0.028989 -0.123076 -255.839326 12.871320 24.934069
-0.145155 -0.118830 -0.982247 -0.047470 0.992455 -0.113050 0.988269 0.030217 -0.149701 -256.728132 12.757073 24.808426
-0.173334 -0.120313 -0.977487 -0.051980 0.992244 -0.112912 0.983490 0.031238 -0.178244 -257.508689 12.659967 24.669859
-0.203178 -0.121984 -0.971513 -0.055471 0.992050 -0.112962 0.977569 0.030940 -0.208330 -258.333140 12.559485 24.504655
-0.227859 -0.125757 -0.965539 -0.059711 0.991563 -0.115055 0.971862 0.031437 -0.233445 -259.092970 12.460827 24.332236
-0.249292 -0.128113 -0.959917 -0.062899 0.991260 -0.115961 0.966384 0.031469 -0.255171 -259.868173 12.359870 24.134027
-0.272783 -0.127295 -0.953617 -0.067182 0.991309 -0.113109 0.959727 0.033211 -0.278964 -260.804841 12.239678 23.875347
-0.297856 -0.124474 -0.946461 -0.070825 0.991611 -0.108123 0.951980 0.034828 -0.304173 -261.664173 12.132258 23.617718
-0.321518 -0.123754 -0.938782 -0.074821 0.991643 -0.105097 0.943943 0.036450 -0.328090 -262.518582 12.022343 23.325600
-0.343792 -0.127003 -0.930418 -0.078018 0.991249 -0.106479 0.935799 0.035983 -0.350692 -263.311950 11.915661 23.034030
-0.367452 -0.131852 -0.920649 -0.080332 0.990700 -0.109822 0.926567 0.033603 -0.374627 -264.058274 11.818062 22.739950
-0.391767 -0.135642 -0.910011 -0.084973 0.990180 -0.111010 0.916132 0.033836 -0.399446 -264.795022 11.723396 22.424207
-0.414134 -0.138438 -0.899626 -0.088870 0.989794 -0.111402 0.905867 0.033814 -0.422210 -265.582549 11.615149 22.062257
-0.435927 -0.140655 -0.888923 -0.093159 0.989458 -0.110878 0.895148 0.034476 -0.444435 -266.285194 11.519184 21.716349
-0.455735 -0.144156 -0.878365 -0.096585 0.988981 -0.112198 0.884860 0.033705 -0.464637 -267.042664 11.412769 21.329395
-0.474280 -0.147713 -0.867894 -0.098924 0.988522 -0.114184 0.874799 0.031701 -0.483449 -267.815873 11.299363 20.915273
-0.491590 -0.149896 -0.857829 -0.102068 0.988202 -0.114185 0.864825 0.031425 -0.501090 -268.573226 11.183133 20.482449
-0.509254 -0.151094 -0.847249 -0.105397 0.988007 -0.112846 0.854138 0.031830 -0.519071 -269.323534 11.071450 20.032532
-0.529940 -0.150793 -0.834521 -0.108931 0.988016 -0.109355 0.841010 0.032954 -0.540015 -270.062791 10.962199 19.562396
-0.548728 -0.151287 -0.822198 -0.111734 0.987938 -0.107214 0.828500 0.033036 -0.559013 -270.824859 10.847515 19.062547
-0.566718 -0.152981 -0.809585 -0.114567 0.987697 -0.106439 0.815907 0.032430 -0.577272 -271.622161 10.725341 18.507715
-0.584861 -0.154490 -0.796286 -0.116850 0.987502 -0.105764 0.802673 0.031189 -0.595603 -272.335917 10.616669 17.984951
-0.602536 -0.155826 -0.782732 -0.118446 0.987352 -0.105383 0.789253 0.029215 -0.613372 -273.016709 10.515631 17.460328
-0.620558 -0.156297 -0.768427 -0.120685 0.987296 -0.103353 0.774818 0.028601 -0.631537 -273.714807 10.406346 16.901884
-0.637711 -0.157103 -0.754084 -0.123386 0.987173 -0.101320 0.760329 0.028430 -0.648916 -274.410051 10.303143 16.321483
-0.652009 -0.157039 -0.741770 -0.124331 0.987218 -0.099716 0.747948 0.027209 -0.663199 -275.038531 10.207624 15.772660
-0.664954 -0.156981 -0.730200 -0.125681 0.987239 -0.097789 0.736234 0.026747 -0.676199 -275.650801 10.112250 15.218031
-0.681469 -0.156338 -0.714953 -0.126604 0.987371 -0.095233 0.720813 0.025618 -0.692656 -276.216444 10.027532 14.686456
-0.697320 -0.156077 -0.699560 -0.128108 0.987427 -0.092604 0.705218 0.025045 -0.708548 -276.870327 9.933154 14.038276
-0.713146 -0.155253 -0.683607 -0.129132 0.987573 -0.089575 0.689019 0.024395 -0.724333 -277.449655 9.849786 13.438611
-0.726451 -0.155942 -0.669292 -0.131946 0.987444 -0.086855 0.674433 0.025215 -0.737905 -278.052177 9.763242 12.778156
-0.739343 -0.157149 -0.654734 -0.135197 0.987227 -0.084287 0.659617 0.026201 -0.751145 -278.610398 9.682271 12.139392
-0.753539 -0.158134 -0.638100 -0.137711 0.987073 -0.081992 0.642817 0.026089 -0.765575 -279.125117 9.606223 11.531149
-0.766952 -0.159779 -0.621494 -0.141287 0.986785 -0.079337 0.625957 0.026961 -0.779391 -279.641690 9.524489 10.888756
-0.779993 -0.161221 -0.604664 -0.143969 0.986556 -0.077330 0.609002 0.026736 -0.792718 -280.134399 9.449461 10.245765
-0.793681 -0.162419 -0.586251 -0.146061 0.986388 -0.075535 0.590539 0.025678 -0.806600 -280.551986 9.384178 9.674202
-0.807804 -0.164317 -0.566085 -0.149416 0.986075 -0.073010 0.570200 0.025604 -0.821107 -280.941288 9.321815 9.118795
-0.821265 -0.166640 -0.545669 -0.152594 0.985709 -0.071360 0.549762 0.024661 -0.834957 -281.290341 9.263786 8.595176
-0.835060 -0.168772 -0.523633 -0.155519 0.985379 -0.069583 0.527721 0.023329 -0.849098 -281.600437 9.208791 8.096805
-0.848092 -0.171126 -0.501453 -0.157974 0.985031 -0.068975 0.505751 0.020720 -0.862431 -281.887673 9.156411 7.606019
-0.861463 -0.174102 -0.477042 -0.161159 0.984562 -0.068299 0.481569 0.018043 -0.876222 -282.168380 9.106258 7.087322
-0.875484 -0.176723 -0.449774 -0.164616 0.984130 -0.066255 0.454345 0.016035 -0.890682 -282.395182 9.069944 6.623976
-0.888813 -0.178410 -0.422115 -0.167344 0.983853 -0.063470 0.426623 0.014226 -0.904318 -282.601640 9.032707 6.166715
-0.900490 -0.178217 -0.396683 -0.167991 0.983918 -0.060695 0.401120 0.011984 -0.915947 -282.826424 8.987880 5.643869
-0.912725 -0.176787 -0.368347 -0.167963 0.984192 -0.056166 0.372453 0.010605 -0.927990 -283.011808 8.959944 5.182401
-0.925245 -0.176304 -0.335913 -0.169266 0.984282 -0.050370 0.339514 0.010254 -0.940545 -283.164091 8.935196 4.733501
-0.937144 -0.175611 -0.301533 -0.170009 0.984417 -0.044943 0.304727 0.009145 -0.952396 -283.281322 8.914541 4.342297
-0.948669 -0.175529 -0.263091 -0.171168 0.984446 -0.039594 0.265949 0.007471 -0.963958 -283.380817 8.899708 3.949435
-0.958503 -0.175636 -0.224552 -0.172390 0.984437 -0.034140 0.227053 0.005987 -0.973864 -283.443908 8.891792 3.621424
-0.967058 -0.175613 -0.184281 -0.173326 0.984450 -0.028572 0.186433 0.004310 -0.982458 -283.486462 8.885780 3.305518
-0.974969 -0.174695 -0.137538 -0.173537 0.984615 -0.020460 0.138996 0.003920 -0.990285 -283.519947 8.880323 2.950864
-0.980730 -0.173690 -0.089447 -0.173286 0.984794 -0.012326 0.090228 0.003411 -0.995915 -283.553056 8.877827 2.528763
-0.984132 -0.173097 -0.039016 -0.173044 0.984903 -0.004752 0.039250 0.002075 -0.999227 -283.558574 8.877370 2.116637
-0.984700 -0.173500 0.016237 -0.173463 0.984833 0.003708 -0.016634 0.000835 -0.999861 -283.535852 8.877529 1.717754
-0.982286 -0.173777 0.070112 -0.173396 0.984785 0.011520 -0.071047 -0.000841 -0.997473 -283.485944 8.887463 1.339425
-0.976931 -0.174423 0.123217 -0.173485 0.984665 0.018382 -0.124534 -0.003418 -0.992210 -283.409768 8.896802 1.028293
-0.968078 -0.175739 0.178719 -0.173926 0.984418 0.025892 -0.180485 -0.006018 -0.983559 -283.323810 8.905548 0.684202
-0.953134 -0.177034 0.245345 -0.172814 0.984190 0.038800 -0.248335 -0.005417 -0.968659 -283.184076 8.926679 0.233008
-0.932979 -0.179425 0.312019 -0.171800 0.983759 0.052000 -0.316282 -0.005090 -0.948652 -283.048415 8.950466 -0.081902
-0.910003 -0.180631 0.373184 -0.169564 0.983531 0.062576 -0.378341 -0.006334 -0.925645 -282.898364 8.979633 -0.371109
-0.883417 -0.182986 0.431383 -0.167554 0.983090 0.073883 -0.437608 -0.007010 -0.899139 -282.755923 9.003750 -0.603998
-0.852863 -0.183842 0.488700 -0.164225 0.982911 0.083158 -0.495636 -0.009334 -0.868480 -282.576996 9.033541 -0.823632
-0.815790 -0.186155 0.547570 -0.160924 0.982456 0.094252 -0.555509 -0.011227 -0.831435 -282.377261 9.066281 -1.061633
-0.775434 -0.188662 0.602586 -0.157228 0.981953 0.105108 -0.611541 -0.013239 -0.791102 -282.174939 9.105165 -1.259344
-0.735707 -0.189633 0.650211 -0.150585 0.981774 0.115947 -0.660348 -0.012609 -0.750854 -281.944013 9.143528 -1.483431
-0.696160 -0.192084 0.691712 -0.145540 0.981293 0.126022 -0.702979 -0.012940 -0.711093 -281.677775 9.197558 -1.700020
-0.649519 -0.195389 0.734812 -0.139800 0.980631 0.137180 -0.747383 -0.013626 -0.664254 -281.444872 9.239656 -1.864897
-0.594789 -0.198637 0.778954 -0.131109 0.979986 0.149790 -0.793118 -0.013034 -0.608928 -281.166107 9.296720 -2.049416
-0.537078 -0.202022 0.818984 -0.122455 0.979285 0.161260 -0.834597 -0.013680 -0.550691 -280.813898 9.370295 -2.260325
-0.482668 -0.205103 0.851449 -0.114258 0.978629 0.170969 -0.868318 -0.014763 -0.495787 -280.390437 9.454025 -2.478762
-0.422881 -0.207839 0.882029 -0.103995 0.978043 0.180604 -0.900198 -0.015352 -0.435210 -279.955278 9.537056 -2.667395
-0.362982 -0.207834 0.908322 -0.092496 0.978030 0.186821 -0.927194 -0.016203 -0.374231 -279.599949 9.610946 -2.786585
-0.310712 -0.207160 0.927654 -0.084023 0.978126 0.190288 -0.946783 -0.018819 -0.321322 -279.339655 9.665384 -2.832063
-0.266414 -0.206343 0.941513 -0.077212 0.978246 0.192545 -0.960761 -0.021399 -0.276551 -279.120210 9.709568 -2.856073
-0.220318 -0.205291 0.953580 -0.070855 0.978387 0.194262 -0.972851 -0.024767 -0.230102 -278.896887 9.760094 -2.872036
-0.172254 -0.203580 0.963786 -0.063393 0.978674 0.195395 -0.983011 -0.027440 -0.181486 -278.645237 9.803901 -2.885598
-0.129224 -0.202966 0.970621 -0.056545 0.978744 0.197137 -0.990002 -0.029410 -0.137954 -278.200786 9.887149 -2.932060
-0.091136 -0.202528 0.975026 -0.048953 0.978828 0.198742 -0.994635 -0.029618 -0.099121 -277.666600 9.991851 -2.977715
-0.057926 -0.201113 0.977854 -0.042924 0.979094 0.198825 -0.997398 -0.030456 -0.065347 -277.067459 10.104379 -3.020986
-0.027179 -0.198896 0.979644 -0.038061 0.979501 0.197811 -0.998906 -0.031910 -0.034192 -276.490270 10.208685 -3.043352
-0.003103 -0.195780 0.980643 -0.034239 0.980093 0.195562 -0.999409 -0.032969 -0.009745 -275.968371 10.300750 -3.054569
0.012891 -0.192305 0.981251 -0.030678 0.980794 0.192618 -0.999446 -0.032586 0.006743 -275.463540 10.390232 -3.052091
0.030023 -0.190060 0.981313 -0.028368 0.981198 0.190906 -0.999147 -0.033569 0.024067 -274.866980 10.496594 -3.031131
0.049134 -0.188196 0.980902 -0.025565 0.981529 0.189597 -0.998465 -0.034392 0.043415 -274.322974 10.594956 -3.004005
0.069620 -0.187257 0.979841 -0.022264 0.981688 0.189192 -0.997325 -0.034986 0.064176 -273.736062 10.697751 -2.965966
0.089810 -0.186296 0.978380 -0.018052 0.981884 0.188620 -0.995795 -0.034602 0.084820 -273.068433 10.815204 -2.909580
0.114859 -0.184283 0.976139 -0.013459 0.982263 0.187023 -0.993291 -0.034619 0.110341 -272.458549 10.929620 -2.840637
0.138003 -0.182172 0.973534 -0.010186 0.982626 0.185317 -0.990379 -0.035491 0.133750 -271.861710 11.030313 -2.757392
0.160584 -0.180164 0.970440 -0.005339 0.983027 0.183385 -0.987008 -0.034630 0.156896 -271.190157 11.143288 -2.649829
0.178706 -0.178552 0.967566 -0.001516 0.983345 0.181744 -0.983901 -0.033945 0.175459 -270.468064 11.270658 -2.525333
0.192850 -0.176684 0.965190 0.002556 0.983742 0.179569 -0.981225 -0.032163 0.190166 -269.756302 11.400611 -2.394325
0.207880 -0.175327 0.962313 0.006221 0.984022 0.177938 -0.978135 -0.031003 0.205649 -269.020946 11.530245 -2.246499
0.224151 -0.174456 0.958812 0.009078 0.984178 0.176949 -0.974512 -0.030959 0.222188 -268.197723 11.672888 -2.060147
0.238820 -0.174262 0.955300 0.012334 0.984231 0.176456 -0.970986 -0.030359 0.237203 -267.364377 11.814617 -1.861500
0.254829 -0.174532 0.951105 0.015665 0.984193 0.176407 -0.966859 -0.030055 0.253534 -266.509673 11.960782 -1.640799
0.269660 -0.174421 0.947027 0.017979 0.984199 0.176148 -0.962788 -0.030474 0.268536 -265.666056 12.101978 -1.407731
0.283244 -0.174294 0.943077 0.020162 0.984212 0.175841 -0.958836 -0.030792 0.282286 -264.876956 12.229548 -1.176385
0.296413 -0.172864 0.939286 0.021616 0.984446 0.174354 -0.954815 -0.031377 0.295539 -264.067534 12.365300 -0.926861
0.309514 -0.170898 0.935412 0.023594 0.984795 0.172114 -0.950602 -0.031202 0.308840 -263.277413 12.500591 -0.673323
0.321237 -0.169205 0.931760 0.025955 0.985112 0.169945 -0.946643 -0.030409 0.320846 -262.457095 12.638097 -0.401165
0.335227 -0.167307 0.927163 0.028565 0.985458 0.167499 -0.941704 -0.029666 0.335131 -261.730559 12.756068 -0.142806
0.349329 -0.165599 0.922251 0.030673 0.985752 0.165383 -0.936498 -0.029485 0.349432 -260.964104 12.884620 0.144131
0.363892 -0.164719 0.916761 0.032802 0.985895 0.164121 -0.930863 -0.029650 0.364163 -260.159367 13.019452 0.452323
0.370608 -0.163153 0.914347 0.032526 0.986126 0.162778 -0.928220 -0.030587 0.370773 -259.398257 13.144678 0.756954
0.370078 -0.161482 0.914858 0.032043 0.986410 0.161150 -0.928448 -0.030323 0.370223 -258.657201 13.266363 1.056431
0.376892 -0.160750 0.912202 0.033356 0.986542 0.160069 -0.925657 -0.029901 0.377181 -258.019407 13.368954 1.315418
0.389843 -0.159982 0.906878 0.035472 0.986672 0.158810 -0.920198 -0.029742 0.390322 -257.355777 13.476561 1.594307
0.402979 -0.160124 0.901093 0.037460 0.986636 0.158572 -0.914442 -0.030146 0.403592 -256.648372 13.592572 1.899836
0.408807 -0.160543 0.898389 0.038408 0.986560 0.158822 -0.911812 -0.030422 0.409479 -255.976087 13.704561 2.205936
0.414743 -0.161147 0.895556 0.040869 0.986499 0.158584 -0.909020 -0.029172 0.415730 -255.236645 13.830158 2.542431
0.424861 -0.160933 0.890839 0.043061 0.986550 0.157686 -0.904234 -0.028634 0.426077 -254.581285 13.941746 2.846034
0.428588 -0.161834 0.888888 0.045492 0.986445 0.157661 -0.902354 -0.027134 0.430141 -253.936730 14.049234 3.148930
0.433489 -0.161815 0.886512 0.047818 0.986491 0.156681 -0.899889 -0.025528 0.435371 -253.269131 14.161505 3.470888
0.442160 -0.161176 0.882336 0.050723 0.986641 0.154811 -0.895501 -0.023697 0.444428 -252.680728 14.258972 3.756183
0.445187 -0.160669 0.880905 0.052171 0.986754 0.153609 -0.893917 -0.022426 0.447672 -252.059506 14.366149 4.061585
0.444736 -0.159859 0.881280 0.052187 0.986897 0.152681 -0.894140 -0.021911 0.447251 -251.430433 14.472566 4.377897
0.444623 -0.159248 0.881448 0.052694 0.987015 0.151740 -0.894167 -0.021020 0.447241 -250.830724 14.569187 4.677147
0.444938 -0.159841 0.881181 0.054439 0.986951 0.151539 -0.893905 -0.019454 0.447834 -250.166008 14.684008 5.007337
0.444490 -0.160610 0.881268 0.055085 0.986834 0.152065 -0.894088 -0.019047 0.447485 -249.400377 14.810582 5.385507
0.443414 -0.161041 0.881731 0.053964 0.986739 0.153082 -0.894691 -0.020296 0.446224 -248.722040 14.924301 5.728989
0.441622 -0.161496 0.882547 0.054899 0.986687 0.153081 -0.895520 -0.019153 0.444609 -248.061314 15.029362 6.057677
0.440195 -0.159480 0.883626 0.054473 0.987031 0.151007 -0.896249 -0.018339 0.443173 -247.404562 15.133266 6.385741
0.440481 -0.157085 0.883912 0.054493 0.987436 0.148327 -0.896107 -0.017168 0.443506 -246.728264 15.243358 6.729670
0.439763 -0.154484 0.884728 0.054872 0.987877 0.145220 -0.896436 -0.015316 0.442909 -245.978127 15.368259 7.107050
0.439311 -0.151501 0.885468 0.055140 0.988366 0.141750 -0.896641 -0.013448 0.442554 -245.288439 15.481250 7.446798
0.438701 -0.150050 0.886017 0.055023 0.988596 0.140178 -0.896947 -0.012745 0.441955 -244.542588 15.593396 7.825493
0.438090 -0.149079 0.886483 0.054733 0.988747 0.139228 -0.897263 -0.012475 0.441319 -243.801498 15.708963 8.199171
0.436763 -0.148714 0.887199 0.056251 0.988826 0.138057 -0.897816 -0.010392 0.440247 -243.134820 15.805300 8.527220
0.435277 -0.148330 0.887993 0.058435 0.988909 0.136543 -0.898398 -0.007545 0.439117 -242.426492 15.900929 8.868442
0.437484 -0.146281 0.887248 0.058146 0.989217 0.134422 -0.897344 -0.007217 0.441272 -241.744495 15.994480 9.203522
0.439856 -0.145132 0.886264 0.057777 0.989384 0.133344 -0.896208 -0.007446 0.443571 -241.110834 16.086375 9.519726
0.438517 -0.144217 0.887076 0.057239 0.989519 0.132575 -0.896898 -0.007361 0.442175 -240.440168 16.184264 9.853492
0.437391 -0.143518 0.887745 0.056479 0.989618 0.132160 -0.897496 -0.007667 0.440956 -239.767236 16.278744 10.188101
0.435903 -0.143055 0.888551 0.057506 0.989696 0.131127 -0.898154 -0.006062 0.439638 -239.018555 16.383744 10.555824
0.434050 -0.142326 0.889575 0.058868 0.989812 0.129640 -0.898964 -0.003903 0.438006 -238.332039 16.471525 10.889702
0.432298 -0.140107 0.890780 0.058557 0.990132 0.127316 -0.899828 -0.002877 0.436236 -237.645575 16.563874 11.228343
0.431249 -0.137678 0.891666 0.057986 0.990475 0.124890 -0.900368 -0.002154 0.435125 -236.990863 16.652438 11.548707
0.430765 -0.136056 0.892149 0.058986 0.990701 0.122605 -0.900535 -0.000190 0.434784 -236.372426 16.733926 11.847951
0.430311 -0.134089 0.892666 0.059194 0.990969 0.120321 -0.900738 0.001065 0.434362 -235.743022 16.813936 12.155601
0.430232 -0.132855 0.892889 0.059665 0.991133 0.118724 -0.900745 0.002195 0.434344 -235.126481 16.893602 12.450130
0.429448 -0.131645 0.893445 0.060065 0.991291 0.117191 -0.901092 0.003337 0.433615 -234.479335 16.974945 12.757396
0.429392 -0.131251 0.893530 0.059370 0.991345 0.117088 -0.901165 0.002772 0.433468 -233.789358 17.056590 13.084941
0.429320 -0.130751 0.893638 0.057794 0.991414 0.117292 -0.901301 0.001291 0.433191 -233.160125 17.126300 13.383585
0.429104 -0.130262 0.893813 0.056596 0.991480 0.117325 -0.901480 0.000242 0.432820 -232.582324 17.192552 13.661545
0.428897 -0.129529 0.894019 0.056475 0.991575 0.116571 -0.901586 0.000493 0.432599 -232.047426 17.255838 13.914726
0.428579 -0.129643 0.894155 0.056581 0.991561 0.116646 -0.901731 0.000600 0.432297 -231.441629 17.334537 14.198855
0.428092 -0.130444 0.894272 0.057664 0.991455 0.117015 -0.901894 0.001474 0.431955 -230.836749 17.409610 14.482905
0.428308 -0.130165 0.894209 0.057580 0.991491 0.116746 -0.901796 0.001485 0.432159 -230.243127 17.481379 14.765534
0.428765 -0.129005 0.894158 0.057313 0.991643 0.115587 -0.901596 0.001687 0.432576 -229.675027 17.550730 15.038949
0.428423 -0.127447 0.894545 0.056937 0.991843 0.114041 -0.901783 0.002075 0.432185 -229.083751 17.624086 15.324782
0.427696 -0.125900 0.895112 0.055869 0.992041 0.112838 -0.902195 0.001749 0.431326 -228.503326 17.690006 15.610271
0.427932 -0.124998 0.895126 0.054670 0.992157 0.112411 -0.902156 0.000832 0.431409 -227.858696 17.770336 15.924327
0.427107 -0.123889 0.895673 0.053854 0.992296 0.111573 -0.902596 0.000582 0.430489 -227.206295 17.851628 16.240980
0.426164 -0.121858 0.896401 0.052893 0.992547 0.109782 -0.903099 0.000628 0.429433 -226.590859 17.922873 16.536958
0.427404 -0.120394 0.896008 0.052417 0.992726 0.108386 -0.902540 0.000642 0.430606 -226.033064 17.986011 16.808618
0.427608 -0.119242 0.896065 0.051981 0.992865 0.107317 -0.902469 0.000689 0.430755 -225.436945 18.055623 17.099701
0.427711 -0.118664 0.896093 0.052476 0.992933 0.106441 -0.902391 0.001498 0.430916 -224.867422 18.125122 17.376130
0.428076 -0.117609 0.896058 0.051849 0.993059 0.105570 -0.902254 0.001267 0.431203 -224.380615 18.179687 17.618491
0.428236 -0.116637 0.896108 0.051156 0.993174 0.104824 -0.902218 0.000952 0.431280 -223.805922 18.242346 17.893544
0.428603 -0.115698 0.896054 0.050914 0.993284 0.103899 -0.902057 0.001090 0.431615 -223.207427 18.305164 18.182056
0.429101 -0.114874 0.895922 0.050584 0.993379 0.103143 -0.901839 0.001061 0.432071 -222.684465 18.364493 18.436017
0.429184 -0.114208 0.895968 0.049467 0.993457 0.102939 -0.901862 0.000141 0.432025 -222.211250 18.417451 18.666678
0.429326 -0.113119 0.896037 0.048713 0.993581 0.102093 -0.901835 -0.000182 0.432081 -221.783830 18.467877 18.873901
0.428972 -0.111389 0.896424 0.047312 0.993777 0.100846 -0.902078 -0.000848 0.431572 -221.350687 18.516317 19.084385
0.428942 -0.110359 0.896565 0.047040 0.993892 0.099834 -0.902106 -0.000649 0.431514 -220.943902 18.558447 19.282623
0.428263 -0.110214 0.896908 0.047425 0.993908 0.099489 -0.902409 -0.000071 0.430881 -220.527498 18.600695 19.480314
0.427792 -0.109391 0.897233 0.046929 0.993999 0.098813 -0.902658 -0.000166 0.430358 -220.139724 18.634210 19.663728
0.427023 -0.108133 0.897752 0.046453 0.994136 0.097647 -0.903047 0.000006 0.429542 -219.788019 18.671093 19.825373
0.426171 -0.106290 0.898377 0.046218 0.994335 0.095718 -0.903461 0.000729 0.428669 -219.438543 18.709237 19.986709
0.424901 -0.103983 0.899248 0.045009 0.994579 0.093740 -0.904120 0.000644 0.427278 -219.109684 18.747635 20.136330
0.424045 -0.102641 0.899806 0.044341 0.994718 0.092572 -0.904555 0.000644 0.426356 -218.737624 18.784883 20.308890
0.424151 -0.101946 0.899835 0.044020 0.994790 0.091954 -0.904521 0.000608 0.426429 -218.356252 18.820070 20.491450
0.424863 -0.101691 0.899528 0.044313 0.994816 0.091534 -0.904173 0.000971 0.427166 -218.007662 18.854574 20.658958
0.425484 -0.101438 0.899263 0.044073 0.994842 0.091367 -0.903892 0.000758 0.427760 -217.677559 18.880463 20.817524
0.425725 -0.101588 0.899132 0.043702 0.994827 0.091707 -0.903797 0.000252 0.427962 -217.382478 18.906341 20.958636
0.426400 -0.102220 0.898740 0.044474 0.994762 0.092041 -0.903441 0.000725 0.428713 -217.003101 18.945960 21.137643
0.427311 -0.102619 0.898262 0.045626 0.994719 0.091933 -0.902953 0.001700 0.429736 -216.619562 18.984229 21.320037
0.428714 -0.103005 0.897549 0.046968 0.994677 0.091717 -0.902219 0.002836 0.431269 -216.240381 19.021115 21.501869
0.431620 -0.103234 0.896129 0.047864 0.994651 0.091530 -0.900785 0.003386 0.434253 -215.790129 19.064398 21.725076
0.436001 -0.103462 0.893979 0.048731 0.994626 0.091344 -0.898626 0.003739 0.438700 -215.407601 19.101846 21.921412
0.441776 -0.102710 0.891226 0.048820 0.994705 0.090435 -0.895796 0.003557 0.444451 -215.066427 19.126463 22.101694
0.449104 -0.102216 0.887613 0.048531 0.994759 0.089999 -0.892160 0.002658 0.451711 -214.780542 19.145991 22.262095
0.456911 -0.101470 0.883706 0.047499 0.994838 0.089672 -0.888243 0.001003 0.459372 -214.488258 19.168480 22.429915
0.462745 -0.100781 0.880744 0.047397 0.994908 0.088942 -0.885223 0.000587 0.465166 -214.235425 19.183061 22.577361
0.467802 -0.100857 0.878060 0.047929 0.994901 0.088743 -0.882533 0.000570 0.470250 -213.960978 19.195844 22.731699
0.473182 -0.100961 0.875160 0.048548 0.994890 0.088524 -0.879626 0.000600 0.475666 -213.704321 19.210732 22.879861
0.478380 -0.100843 0.872344 0.049351 0.994902 0.087948 -0.876765 0.000978 0.480918 -213.481221 19.222594 23.010623
0.482566 -0.100757 0.870045 0.049631 0.994911 0.087690 -0.874452 0.000865 0.485111 -213.245262 19.230553 23.149585
0.485373 -0.100991 0.868455 0.050566 0.994886 0.087432 -0.872844 0.001478 0.487998 -213.017849 19.236937 23.282284
0.486346 -0.101318 0.867872 0.051142 0.994852 0.087483 -0.872268 0.001838 0.489024 -212.801998 19.245605 23.404467
0.486292 -0.101906 0.867834 0.051752 0.994792 0.087814 -0.872262 0.002209 0.489033 -212.605397 19.255316 23.514472
0.485602 -0.102530 0.868146 0.052492 0.994726 0.088118 -0.872603 0.002780 0.488423 -212.372516 19.270495 23.644201
0.484325 -0.103421 0.868754 0.052943 0.994633 0.088892 -0.873285 0.002942 0.487201 -212.115645 19.289416 23.784923
0.483020 -0.104304 0.869375 0.053314 0.994541 0.089700 -0.873985 0.003023 0.485944 -211.876771 19.302812 23.913392
0.481980 -0.104808 0.869891 0.053828 0.994487 0.089995 -0.874527 0.003449 0.484964 -211.670760 19.309798 24.026058
0.480918 -0.105075 0.870447 0.054412 0.994456 0.089982 -0.875076 0.004089 0.483969 -211.452485 19.320861 24.149742
0.479635 -0.105402 0.871114 0.054382 0.994422 0.090380 -0.875781 0.004023 0.482692 -211.266256 19.330744 24.255413
0.477402 -0.105850 0.872286 0.054290 0.994374 0.090953 -0.877006 0.003935 0.480463 -211.020601 19.348019 24.390181
0.474464 -0.106364 0.873825 0.054787 0.994317 0.091282 -0.878568 0.004565 0.477595 -210.790045 19.361539 24.510741
0.471464 -0.106876 0.875385 0.055608 0.994257 0.091440 -0.880131 0.005568 0.474699 -210.561535 19.375083 24.628207
0.468456 -0.106867 0.877000 0.056515 0.994249 0.090967 -0.881677 0.006950 0.471802 -210.341039 19.386524 24.737810
0.465391 -0.105723 0.878768 0.057281 0.994357 0.089293 -0.883250 0.008780 0.468821 -210.124556 19.397736 24.844856
0.462056 -0.105151 0.880595 0.058597 0.994396 0.087993 -0.884913 0.010943 0.465628 -209.864865 19.418790 24.975136
0.459904 -0.105087 0.881729 0.059239 0.994391 0.087616 -0.885991 0.011938 0.463550 -209.615263 19.436142 25.104265
0.457634 -0.105172 0.882898 0.059304 0.994379 0.087713 -0.887161 0.012219 0.461299 -209.322492 19.456327 25.255417
0.452818 -0.105751 0.885309 0.059310 0.994315 0.088436 -0.889628 0.012462 0.456516 -208.986043 19.484698 25.425954
0.446946 -0.107192 0.888115 0.059675 0.994156 0.089959 -0.892568 0.012792 0.450731 -208.594219 19.516197 25.622946
0.441379 -0.109407 0.890626 0.061431 0.993895 0.091649 -0.895215 0.014261 0.445406 -208.174118 19.551393 25.829933
0.436839 -0.111052 0.892659 0.061788 0.993711 0.093386 -0.897415 0.014361 0.440953 -207.748815 19.583669 26.039792
0.432787 -0.112384 0.894464 0.062997 0.993544 0.094351 -0.899292 0.015514 0.437073 -207.376948 19.616018 26.216580
0.428622 -0.113168 0.896368 0.063924 0.993436 0.094857 -0.901220 0.016641 0.433043 -206.954279 19.651220 26.414367
0.424849 -0.114013 0.898056 0.064638 0.993326 0.095529 -0.902954 0.017463 0.429383 -206.513812 19.689067 26.619895
0.421850 -0.115490 0.899280 0.065941 0.993136 0.096610 -0.904264 0.018545 0.426570 -206.063394 19.724659 26.827022
0.418521 -0.116487 0.900706 0.066674 0.993005 0.097444 -0.905756 0.019271 0.423360 -205.678374 19.749002 27.001441
0.415246 -0.116311 0.902243 0.067713 0.992993 0.096846 -0.907186 0.020879 0.420212 -205.323811 19.770565 27.157876
0.413468 -0.115378 0.903179 0.069356 0.993048 0.095107 -0.907873 0.023317 0.418596 -204.984171 19.791278 27.307632
0.411160 -0.113819 0.904429 0.069953 0.993188 0.093188 -0.908875 0.024952 0.416321 -204.583206 19.819025 27.489280
0.407803 -0.113674 0.905966 0.070445 0.993180 0.092907 -0.910348 0.025933 0.413029 -204.147023 19.847663 27.686473
0.402064 -0.113563 0.908542 0.069701 0.993195 0.093299 -0.912955 0.025814 0.407244 -203.708072 19.883619 27.880619
0.393669 -0.114493 0.912095 0.070356 0.993056 0.094289 -0.916556 0.027053 0.398990 -203.280160 19.919484 28.058923
0.386854 -0.115453 0.914885 0.072720 0.992861 0.094544 -0.919269 0.029956 0.392488 -202.856179 19.949811 28.228662
0.383121 -0.115299 0.916474 0.076278 0.992739 0.093006 -0.920543 0.034274 0.389134 -202.431123 19.990135 28.399920
0.383167 -0.113023 0.916738 0.077464 0.992921 0.090038 -0.920425 0.036514 0.389210 -201.952423 20.039845 28.600486
0.388391 -0.109957 0.914911 0.077611 0.993231 0.086423 -0.918221 0.037442 0.394295 -201.490848 20.081017 28.802428
0.397810 -0.106276 0.911292 0.076874 0.993637 0.082321 -0.914242 0.037307 0.403448 -201.072002 20.115008 28.997692
0.407826 -0.104257 0.907088 0.077517 0.993826 0.079374 -0.909763 0.037944 0.413390 -200.623065 20.151777 29.202980
0.420153 -0.103333 0.901551 0.077172 0.993965 0.077960 -0.904166 0.036820 0.425592 -200.222669 20.185259 29.394320
0.433245 -0.103080 0.895362 0.077398 0.994023 0.076988 -0.897947 0.035945 0.438634 -199.833582 20.220273 29.593684
0.450674 -0.104924 0.886501 0.079288 0.993848 0.077322 -0.889161 0.035442 0.456220 -199.427507 20.256106 29.813753
0.468124 -0.108233 0.877010 0.080482 0.993568 0.079658 -0.879990 0.033293 0.473823 -198.982556 20.288801 30.063586
0.487007 -0.110906 0.866328 0.081821 0.993336 0.081170 -0.869557 0.031353 0.492836 -198.611114 20.319232 30.293488
0.502527 -0.111620 0.857326 0.081853 0.993319 0.081347 -0.860678 0.029296 0.508306 -198.282314 20.341050 30.503248
0.515628 -0.112202 0.849434 0.082731 0.993276 0.080982 -0.852809 0.028518 0.521443 -197.932765 20.367753 30.725554
0.526165 -0.111524 0.843038 0.081442 0.993415 0.080587 -0.846474 0.026257 0.531783 -197.469991 20.413074 31.025535
0.534653 -0.109203 0.837986 0.078033 0.993759 0.079715 -0.841461 0.022771 0.539838 -197.006650 20.460847 31.344628
0.540001 -0.108361 0.834659 0.076505 0.993892 0.079537 -0.838180 0.020906 0.544993 -196.583226 20.511903 31.630484
0.540524 -0.107685 0.834409 0.074771 0.993999 0.079845 -0.837999 0.019231 0.545332 -196.146786 20.560030 31.917512
0.536705 -0.106393 0.837035 0.073345 0.994146 0.079334 -0.840576 0.018813 0.541367 -195.714018 20.595087 32.189032
0.529799 -0.105445 0.841543 0.072700 0.994235 0.078809 -0.845002 0.019427 0.534411 -195.322968 20.628848 32.433987
0.519950 -0.106315 0.847555 0.072708 0.994132 0.080097 -0.851097 0.019977 0.524629 -194.803903 20.675905 32.749149
0.510575 -0.107113 0.853135 0.072613 0.994037 0.081347 -0.856761 0.020415 0.515309 -194.245710 20.724954 33.081799
0.501630 -0.108148 0.858296 0.073038 0.993907 0.082548 -0.861994 0.021280 0.506472 -193.774524 20.763286 33.350464
0.491837 -0.108565 0.863892 0.074390 0.993808 0.082539 -0.867504 0.023669 0.496868 -193.389371 20.790854 33.552421
0.482729 -0.108222 0.869057 0.075614 0.993780 0.081753 -0.872499 0.026249 0.487910 -193.077616 20.811226 33.711814
0.475180 -0.106845 0.873377 0.075503 0.993890 0.080508 -0.876643 0.027687 0.480344 -192.781086 20.825642 33.859023
0.468766 -0.105396 0.877012 0.075399 0.994007 0.079154 -0.880099 0.029021 0.473903 -192.573408 20.833660 33.958073
0.464270 -0.104899 0.879460 0.076150 0.994012 0.078362 -0.882414 0.030590 0.469478 -192.404807 20.838677 34.034148
0.462258 -0.104124 0.880611 0.076096 0.994077 0.077595 -0.883474 0.031143 0.467443 -192.280756 20.838964 34.090104
0.461895 -0.103174 0.880913 0.075609 0.994176 0.076795 -0.883706 0.031134 0.467006 -192.163217 20.836542 34.144174
0.461809 -0.100778 0.881236 0.074732 0.994413 0.074558 -0.883826 0.031425 0.466760 -192.095391 20.821644 34.169809
0.461751 -0.096178 0.881780 0.074693 0.994789 0.069391 -0.883859 0.033822 0.466529 -192.012232 20.814000 34.201296
0.462349 -0.092866 0.881822 0.074488 0.995053 0.065736 -0.883564 0.035292 0.466979 -191.893897 20.819613 34.255188
0.462298 -0.092460 0.881891 0.074081 0.995099 0.065495 -0.883625 0.035053 0.466882 -191.759139 20.823419 34.320156
0.462570 -0.093114 0.881679 0.074005 0.995054 0.066262 -0.883489 0.034598 0.467173 -191.610096 20.825853 34.394415
0.462897 -0.093750 0.881440 0.074229 0.994998 0.066845 -0.883299 0.034486 0.467541 -191.477707 20.827956 34.458222
