0.999956 0.000452 -0.009401 -0.000451 1.000000 0.000044 0.009401 -0.000039 0.999956 -0.015938 -0.010163 0.224505
0.999834 0.000216 -0.018228 -0.000212 1.000000 0.000244 0.018228 -0.000240 0.999834 -0.027987 -0.019819 0.431928
0.999595 0.000423 -0.028469 -0.000427 1.000000 -0.000113 0.028469 0.000125 0.999595 -0.045227 -0.030394 0.610209
0.999165 0.001042 -0.040843 -0.001091 0.999999 -0.001160 0.040842 0.001204 0.999165 -0.071691 -0.036022 0.854772
0.998480 0.001050 -0.055097 -0.001165 0.999997 -0.002056 0.055094 0.002117 0.998479 -0.101763 -0.042163 1.102401
0.997486 0.001097 -0.070852 -0.001290 0.999996 -0.002672 0.070849 0.002757 0.997483 -0.135213 -0.050789 1.336372
0.996110 0.001750 -0.088106 -0.002018 0.999994 -0.002951 0.088100 0.003117 0.996107 -0.171076 -0.057455 1.577862
0.994194 0.002052 -0.107585 -0.002407 0.999992 -0.003173 0.107577 0.003413 0.994191 -0.215811 -0.057530 1.830332
0.991586 0.003073 -0.129416 -0.003492 0.999989 -0.003007 0.129406 0.003434 0.991586 -0.265909 -0.059215 2.050600
0.988313 0.002822 -0.152411 -0.003393 0.999988 -0.003486 0.152399 0.003962 0.988311 -0.334304 -0.065054 2.365132
0.984058 0.001630 -0.177839 -0.002312 0.999991 -0.003626 0.177832 0.003979 0.984053 -0.409130 -0.067899 2.682715
0.979070 0.000956 -0.203522 -0.001732 0.999992 -0.003638 0.203517 0.003915 0.979064 -0.494634 -0.072234 2.971224
0.973155 0.002279 -0.230140 -0.003113 0.999990 -0.003258 0.230130 0.003887 0.973152 -0.581075 -0.077030 3.224910
0.967102 0.001340 -0.254385 -0.002224 0.999992 -0.003187 0.254379 0.003648 0.967098 -0.675715 -0.085949 3.529458
0.959606 0.001807 -0.281342 -0.002504 0.999995 -0.002118 0.281336 0.002737 0.959605 -0.770664 -0.096586 3.778460
0.951240 0.002448 -0.308442 -0.002765 0.999996 -0.000591 0.308440 0.001415 0.951243 -0.868864 -0.101152 4.000634
0.940778 0.003429 -0.339007 -0.002956 0.999994 0.001913 0.339011 -0.000798 0.940782 -0.996707 -0.115239 4.268024
0.927828 0.003909 -0.372989 -0.002725 0.999989 0.003702 0.373000 -0.002418 0.927828 -1.124617 -0.130963 4.508065
0.913122 0.004821 -0.407657 -0.002997 0.999982 0.005112 0.407675 -0.003447 0.913121 -1.278337 -0.139161 4.800817
0.896538 0.004507 -0.442944 -0.002319 0.999982 0.005480 0.442961 -0.003886 0.896533 -1.472073 -0.147056 5.151530
0.876618 0.005678 -0.481154 -0.003329 0.999978 0.005735 0.481176 -0.003426 0.876617 -1.697004 -0.151539 5.497836
0.853422 0.009529 -0.521133 -0.005242 0.999939 0.009698 0.521194 -0.005545 0.853421 -1.899873 -0.157750 5.745185
0.825346 0.013531 -0.564465 -0.005885 0.999865 0.015363 0.564596 -0.009358 0.825314 -2.120033 -0.161997 5.980560
0.791956 0.017427 -0.610329 -0.005625 0.999758 0.021247 0.610552 -0.013393 0.791863 -2.384355 -0.166562 6.258342
0.754615 0.020549 -0.655845 -0.005338 0.999669 0.025181 0.656146 -0.015501 0.754475 -2.739059 -0.159188 6.578290
0.713176 0.024099 -0.700571 -0.005670 0.999575 0.028612 0.700962 -0.016433 0.713009 -3.149167 -0.157696 6.921285
0.666036 0.027005 -0.745431 -0.004549 0.999473 0.032145 0.745906 -0.018019 0.665808 -3.540959 -0.146212 7.226232
0.615728 0.029408 -0.787410 -0.003373 0.999393 0.034687 0.787952 -0.018702 0.615453 -3.899020 -0.134835 7.462175
0.564794 0.032348 -0.824598 -0.001685 0.999275 0.038046 0.825230 -0.020099 0.564439 -4.308208 -0.114381 7.676265
0.513758 0.034231 -0.857252 0.000347 0.999195 0.040106 0.857935 -0.020902 0.513332 -4.701900 -0.101108 7.850038
0.458822 0.035728 -0.887810 0.002728 0.999130 0.041618 0.888524 -0.021517 0.458325 -5.191875 -0.076352 8.060354
0.404945 0.038780 -0.913518 0.004801 0.998996 0.044537 0.914328 -0.022421 0.404352 -5.662419 -0.058729 8.227818
0.352604 0.042071 -0.934826 0.005071 0.998888 0.046866 0.935759 -0.021266 0.351999 -6.114291 -0.044121 8.354588
0.298640 0.044458 -0.953330 0.007266 0.998780 0.048854 0.954338 -0.021516 0.297953 -6.573284 -0.028428 8.464547
0.247831 0.046535 -0.967685 0.008569 0.998701 0.050221 0.968765 -0.020739 0.247111 -7.046301 -0.014141 8.572636
0.193209 0.046942 -0.980034 0.010210 0.998705 0.049849 0.981104 -0.019638 0.192480 -7.572440 0.004987 8.655310
0.148386 0.048436 -0.987743 0.010265 0.998671 0.050514 0.988876 -0.017635 0.147691 -8.104131 0.023094 8.714530
0.109288 0.048865 -0.992808 0.010539 0.998678 0.050314 0.993954 -0.015962 0.108628 -8.753169 0.045217 8.777255
0.071004 0.046361 -0.996398 0.012922 0.998793 0.047393 0.997392 -0.016241 0.070320 -9.280656 0.066748 8.805081
0.035181 0.042803 -0.998464 0.014658 0.998953 0.043340 0.999273 -0.016160 0.034517 -9.947920 0.090791 8.815801
0.001765 0.040205 -0.999190 0.014945 0.999079 0.040227 0.999887 -0.015004 0.001162 -10.464289 0.111204 8.807730
-0.025370 0.037308 -0.998982 0.014188 0.999216 0.036957 0.999577 -0.013236 -0.025879 -11.003313 0.128553 8.779249
-0.047392 0.036042 -0.998226 0.013590 0.999280 0.035435 0.998784 -0.011887 -0.047847 -11.526642 0.138811 8.740770
-0.062890 0.034616 -0.997420 0.013303 0.999339 0.033844 0.997932 -0.011140 -0.063309 -12.239994 0.158285 8.684509
-0.075440 0.034897 -0.996540 0.012960 0.999337 0.034014 0.997066 -0.010349 -0.075842 -12.964015 0.179014 8.621686
-0.084217 0.034351 -0.995855 0.011684 0.999371 0.033484 0.996379 -0.008816 -0.084565 -13.683037 0.196726 8.545111
-0.090923 0.034025 -0.995277 0.010118 0.999396 0.033242 0.995807 -0.007048 -0.091212 -14.485650 0.212495 8.461911
-0.095524 0.033722 -0.994856 0.008675 0.999416 0.033044 0.995389 -0.005474 -0.095761 -15.253071 0.230998 8.385792
-0.098569 0.032228 -0.994608 0.008061 0.999469 0.031587 0.995098 -0.004904 -0.098776 -16.036731 0.249107 8.311064
-0.100020 0.032130 -0.994467 0.007928 0.999472 0.031494 0.994954 -0.004734 -0.100222 -16.861670 0.268726 8.230153
-0.101260 0.032465 -0.994330 0.006792 0.999467 0.031941 0.994837 -0.003519 -0.101426 -17.670162 0.284377 8.144560
-0.101095 0.031844 -0.994367 0.006671 0.999487 0.031330 0.994854 -0.003466 -0.101255 -18.515266 0.303734 8.056455
-0.101695 0.029553 -0.994377 0.006968 0.999555 0.028995 0.994791 -0.003980 -0.101855 -19.402885 0.316838 7.958154
-0.101968 0.028182 -0.994388 0.007598 0.999592 0.027551 0.994759 -0.004746 -0.102141 -20.195361 0.326883 7.874948
-0.101156 0.026890 -0.994507 0.007079 0.999629 0.026309 0.994845 -0.004379 -0.101309 -21.076948 0.342182 7.783397
-0.100718 0.027186 -0.994543 0.004881 0.999628 0.026831 0.994903 -0.002152 -0.100814 -21.931596 0.351265 7.690333
-0.099675 0.027929 -0.994628 0.002949 0.999610 0.027773 0.995016 -0.000165 -0.099719 -22.793083 0.362720 7.603248
-0.097760 0.027541 -0.994829 0.003659 0.999620 0.027314 0.995203 -0.000969 -0.097824 -23.684518 0.376929 7.518402
-0.097359 0.025433 -0.994924 0.004795 0.999674 0.025085 0.995238 -0.002329 -0.097449 -24.582282 0.397071 7.431881
-0.097688 0.024057 -0.994926 0.005192 0.999707 0.023662 0.995204 -0.002855 -0.097784 -25.488920 0.411450 7.335556
-0.098794 0.024890 -0.994797 0.005422 0.999686 0.024474 0.995093 -0.002976 -0.098898 -26.378806 0.419081 7.238013
-0.100889 0.026146 -0.994554 0.006082 0.999652 0.025663 0.994879 -0.003459 -0.101013 -27.232434 0.430792 7.140589
-0.103363 0.024986 -0.994330 0.005375 0.999684 0.024562 0.994629 -0.002806 -0.103465 -28.135383 0.442860 7.029038
-0.104652 0.018781 -0.994332 0.004837 0.999819 0.018376 0.994497 -0.002886 -0.104724 -29.070891 0.447731 6.919733
-0.105521 0.010484 -0.994362 0.005251 0.999936 0.009985 0.994403 -0.004168 -0.105569 -30.017935 0.451888 6.821898
-0.105857 0.006200 -0.994362 0.006058 0.999966 0.005590 0.994363 -0.005432 -0.105891 -30.980049 0.450432 6.713150
-0.106380 0.004969 -0.994313 0.005550 0.999975 0.004404 0.994310 -0.005050 -0.106405 -32.016565 0.442309 6.601873
-0.107415 0.007759 -0.994184 0.004185 0.999964 0.007352 0.994205 -0.003371 -0.107444 -33.026897 0.432716 6.490525
-0.107828 0.011333 -0.994105 0.001329 0.999936 0.011256 0.994169 -0.000107 -0.107836 -33.986003 0.426287 6.383456
-0.108454 0.013614 -0.994008 -0.001022 0.999904 0.013807 0.994101 0.002513 -0.108429 -34.960919 0.416002 6.270452
-0.109300 0.013680 -0.993915 -0.002387 0.999899 0.014025 0.994006 0.003905 -0.109257 -35.824174 0.412511 6.173340
-0.110137 0.010959 -0.993856 -0.004025 0.999926 0.011472 0.993908 0.005264 -0.110085 -36.581576 0.406832 6.086685
-0.110974 0.007245 -0.993797 -0.002753 0.999967 0.007597 0.993819 0.003579 -0.110950 -37.260281 0.404899 6.010774
-0.111830 0.006966 -0.993703 -0.004204 0.999963 0.007483 0.993718 0.005014 -0.111797 -38.098529 0.403529 5.916299
-0.113583 0.008202 -0.993495 -0.005813 0.999943 0.008920 0.993512 0.006788 -0.113529 -38.954956 0.396244 5.818276
-0.115233 0.008371 -0.993303 -0.004524 0.999950 0.008952 0.993328 0.005525 -0.115189 -39.856312 0.394972 5.720873
-0.116287 0.004070 -0.993207 -0.004309 0.999980 0.004602 0.993206 0.004815 -0.116267 -40.741364 0.386526 5.619178
-0.118398 0.001159 -0.992966 -0.004120 0.999990 0.001658 0.992958 0.004288 -0.118392 -41.550197 0.379609 5.520403
-0.121875 0.001414 -0.992544 -0.003454 0.999992 0.001849 0.992539 0.003653 -0.121870 -42.479121 0.372418 5.401735
-0.123875 0.003328 -0.992292 -0.002780 0.999989 0.003701 0.992294 0.003217 -0.123864 -43.408158 0.368329 5.280402
-0.125784 0.006152 -0.992039 -0.000810 0.999980 0.006304 0.992057 0.001596 -0.125777 -44.377213 0.358433 5.159638
-0.126959 0.009388 -0.991863 0.000385 0.999956 0.009416 0.991908 0.000813 -0.126957 -45.351155 0.350344 5.036907
-0.128114 0.011477 -0.991693 -0.000566 0.999932 0.011645 0.991759 0.002053 -0.128098 -46.307771 0.346120 4.909431
-0.129350 0.011185 -0.991536 -0.000572 0.999935 0.011354 0.991599 0.002036 -0.129335 -47.130999 0.344090 4.800727
-0.130847 0.008425 -0.991367 -0.002612 0.999957 0.008843 0.991399 0.003746 -0.130820 -47.919301 0.338051 4.693165
-0.132378 0.004404 -0.991189 -0.002894 0.999984 0.004830 0.991195 0.003508 -0.132364 -48.644515 0.326862 4.592028
-0.134353 0.001728 -0.990932 -0.002959 0.999993 0.002145 0.990929 0.003220 -0.134347 -49.506593 0.319609 4.473768
-0.136358 0.000038 -0.990660 -0.003763 0.999993 0.000556 0.990652 0.003804 -0.136357 -50.370368 0.309103 4.354853
-0.138105 -0.003544 -0.990411 -0.003440 0.999989 -0.003098 0.990412 0.002979 -0.138116 -51.298691 0.295501 4.222309
-0.139669 -0.007859 -0.990167 -0.002426 0.999968 -0.007595 0.990195 0.001341 -0.139684 -52.156206 0.277292 4.097927
-0.141182 -0.010444 -0.989929 -0.002114 0.999945 -0.010248 0.989981 0.000646 -0.141196 -53.034850 0.260614 3.966620
-0.142893 -0.010541 -0.989682 -0.002413 0.999944 -0.010302 0.989735 0.000916 -0.142910 -53.905790 0.242328 3.837874
-0.144417 -0.008562 -0.989480 -0.003192 0.999961 -0.008187 0.989512 0.001976 -0.144439 -54.736934 0.227498 3.716301
-0.145612 -0.007323 -0.989315 -0.003523 0.999970 -0.006883 0.989336 0.002483 -0.145633 -55.507404 0.207416 3.606165
-0.147449 -0.009249 -0.989026 -0.003550 0.999955 -0.008822 0.989063 0.002210 -0.147475 -56.290238 0.192075 3.493575
-0.148609 -0.013305 -0.988807 -0.003541 0.999910 -0.012922 0.988890 0.001581 -0.148643 -57.078607 0.177579 3.375147
-0.150293 -0.018634 -0.988466 -0.003514 0.999826 -0.018314 0.988635 0.000721 -0.150332 -57.844355 0.155864 3.261813
-0.152977 -0.021742 -0.987991 -0.003563 0.999764 -0.021450 0.988223 0.000238 -0.153018 -58.792452 0.120983 3.117456
-0.156015 -0.022445 -0.987500 -0.003404 0.999748 -0.022186 0.987749 -0.000099 -0.156053 -59.747359 0.086234 2.967755
-0.158575 -0.023112 -0.987076 -0.003323 0.999733 -0.022875 0.987341 -0.000347 -0.158609 -60.664625 0.059156 2.813194
-0.161852 -0.024171 -0.986519 -0.003532 0.999708 -0.023915 0.986809 -0.000387 -0.161890 -61.676515 0.020387 2.647054
-0.166007 -0.024937 -0.985809 -0.003739 0.999689 -0.024658 0.986117 -0.000407 -0.166049 -62.659963 -0.017755 2.480924
-0.169497 -0.024797 -0.985219 -0.004275 0.999693 -0.024426 0.985521 0.000072 -0.169551 -63.598949 -0.056110 2.315490
-0.171988 -0.024135 -0.984803 -0.004271 0.999709 -0.023754 0.985090 0.000121 -0.172041 -64.578300 -0.093080 2.143072
-0.175424 -0.022131 -0.984244 -0.002878 0.999755 -0.021967 0.984489 -0.001021 -0.175445 -65.510928 -0.130992 1.972307
-0.177855 -0.020396 -0.983845 -0.001905 0.999790 -0.020382 0.984055 -0.001751 -0.177857 -66.438527 -0.164996 1.804194
-0.179991 -0.021411 -0.983435 -0.001708 0.999768 -0.021454 0.983667 -0.002182 -0.179986 -67.343091 -0.206254 1.633659
-0.181351 -0.023782 -0.983131 -0.001835 0.999714 -0.023845 0.983417 -0.002520 -0.181342 -68.186184 -0.242792 1.476516
-0.182650 -0.028091 -0.982777 -0.002564 0.999602 -0.028095 0.983175 -0.002612 -0.182649 -68.979796 -0.278156 1.332643
-0.183813 -0.031043 -0.982471 -0.002697 0.999513 -0.031077 0.982958 -0.003062 -0.183807 -69.689273 -0.315049 1.204463
-0.185260 -0.033367 -0.982123 -0.002629 0.999437 -0.033459 0.982686 -0.003617 -0.185244 -70.478315 -0.357004 1.056246
-0.185848 -0.035941 -0.981921 -0.003037 0.999347 -0.036004 0.982574 -0.003710 -0.185835 -71.244016 -0.405913 0.909639
-0.184906 -0.036398 -0.982082 -0.001566 0.999324 -0.036742 0.982755 -0.005256 -0.184838 -71.986323 -0.450844 0.771385
-0.182060 -0.036385 -0.982614 -0.001533 0.999324 -0.036719 0.983286 -0.005178 -0.181993 -72.678238 -0.496604 0.644326
-0.178128 -0.036999 -0.983312 -0.001973 0.999304 -0.037244 0.984005 -0.004694 -0.178077 -73.357939 -0.537127 0.522753
-0.173052 -0.037501 -0.984199 -0.001146 0.999282 -0.037874 0.984912 -0.005426 -0.172970 -74.007973 -0.578628 0.413899
-0.164968 -0.037996 -0.985567 -0.000130 0.999259 -0.038502 0.986299 -0.006224 -0.164851 -74.602183 -0.610144 0.318423
-0.153954 -0.038413 -0.987331 0.001126 0.999237 -0.039052 0.988077 -0.007124 -0.153794 -75.235245 -0.646451 0.226212
-0.138377 -0.038296 -0.989639 0.001890 0.999240 -0.038932 0.990378 -0.007258 -0.138200 -75.773220 -0.680058 0.159868
-0.119697 -0.037835 -0.992089 0.002760 0.999257 -0.038441 0.992807 -0.007340 -0.119503 -76.380711 -0.712084 0.100678
-0.098456 -0.037414 -0.994438 0.004323 0.999267 -0.038024 0.995132 -0.008043 -0.098222 -76.854260 -0.739527 0.071538
-0.072011 -0.036848 -0.996723 0.007437 0.999270 -0.037480 0.997376 -0.010112 -0.071684 -77.265613 -0.765057 0.069593
-0.042911 -0.036536 -0.998411 0.010252 0.999262 -0.037008 0.999026 -0.011824 -0.042505 -77.896697 -0.800816 0.061710
-0.007681 -0.035078 -0.999355 0.013666 0.999288 -0.035181 0.999877 -0.013927 -0.007197 -78.521584 -0.834321 0.088128
0.033083 -0.033663 -0.998886 0.014675 0.999341 -0.033192 0.999345 -0.013561 0.033555 -79.068340 -0.860047 0.138463
0.083377 -0.031009 -0.996035 0.015910 0.999430 -0.029783 0.996391 -0.013364 0.083823 -79.615071 -0.877299 0.222134
0.135410 -0.030456 -0.990321 0.019404 0.999417 -0.028083 0.990600 -0.015413 0.135922 -80.154275 -0.896893 0.341119
0.188913 -0.031629 -0.981484 0.021796 0.999370 -0.028010 0.981752 -0.016101 0.189484 -80.662395 -0.917145 0.477162
0.241126 -0.034392 -0.969884 0.024823 0.999263 -0.029262 0.970176 -0.017020 0.241802 -81.107969 -0.933810 0.633185
0.291965 -0.036501 -0.955732 0.027811 0.999173 -0.029665 0.956025 -0.017919 0.292738 -81.536743 -0.948000 0.810386
0.346413 -0.037973 -0.937313 0.030421 0.999110 -0.029234 0.937589 -0.018388 0.347260 -81.951623 -0.962948 0.991337
0.394573 -0.037523 -0.918098 0.033426 0.999091 -0.026468 0.918257 -0.020245 0.395468 -82.460368 -0.980968 1.263683
0.444108 -0.039079 -0.895120 0.036153 0.999016 -0.025678 0.895243 -0.020958 0.445084 -82.870195 -0.986617 1.492367
0.491061 -0.041454 -0.870138 0.041950 0.998834 -0.023911 0.870115 -0.024760 0.492227 -83.264002 -0.996910 1.765642
0.538594 -0.044097 -0.841411 0.044721 0.998718 -0.023715 0.841378 -0.024856 0.539875 -83.686717 -1.012153 2.076522
0.586847 -0.049356 -0.808192 0.046885 0.998537 -0.026937 0.808339 -0.022084 0.588303 -84.086799 -1.027491 2.397153
0.633259 -0.054514 -0.772018 0.048090 0.998360 -0.031050 0.772444 -0.017464 0.634842 -84.522693 -1.050962 2.756275
0.675244 -0.057469 -0.735352 0.048578 0.998261 -0.033408 0.735993 -0.013163 0.676861 -84.903709 -1.078905 3.129959
0.718278 -0.057231 -0.693398 0.050757 0.998266 -0.029815 0.693902 -0.013780 0.719938 -85.211811 -1.097676 3.478089
0.757862 -0.058671 -0.649771 0.054491 0.998161 -0.026573 0.650135 -0.015268 0.759665 -85.472097 -1.113219 3.819349
0.794012 -0.059764 -0.604958 0.057505 0.998077 -0.023125 0.605176 -0.016427 0.795922 -85.722798 -1.119595 4.191348
0.824694 -0.060664 -0.562317 0.061223 0.997964 -0.017873 0.562257 -0.019687 0.826729 -85.961842 -1.129621 4.569091
0.851810 -0.061408 -0.520240 0.063683 0.997879 -0.013516 0.519966 -0.021618 0.853913 -86.177615 -1.140261 4.982406
0.873338 -0.062073 -0.483144 0.066203 0.997770 -0.008521 0.482595 -0.024544 0.875500 -86.341127 -1.145073 5.355834
0.888434 -0.061932 -0.454807 0.067977 0.997682 -0.003067 0.453943 -0.028192 0.890585 -86.559921 -1.148676 5.833742
0.901100 -0.062022 -0.429153 0.069634 0.997571 0.002041 0.427984 -0.031723 0.903230 -86.816229 -1.150607 6.434066
0.910987 -0.062047 -0.407741 0.070865 0.997464 0.006541 0.406301 -0.034853 0.913074 -87.110092 -1.154713 7.130406
0.919076 -0.061496 -0.389253 0.071472 0.997380 0.011184 0.387546 -0.038100 0.921063 -87.404275 -1.156723 7.853288
0.925052 -0.059788 -0.375106 0.070453 0.997406 0.014770 0.373250 -0.040091 0.926864 -87.739501 -1.155194 8.687441
0.929967 -0.058523 -0.362954 0.069527 0.997430 0.017319 0.361008 -0.041342 0.931646 -88.083306 -1.153827 9.567841
0.934766 -0.058742 -0.350373 0.070022 0.997353 0.019600 0.348294 -0.042855 0.936405 -88.375886 -1.147651 10.372882
0.938878 -0.060860 -0.338827 0.072238 0.997165 0.021058 0.336584 -0.044247 0.940613 -88.603679 -1.149775 11.036404
0.942694 -0.062927 -0.327671 0.074288 0.996988 0.022260 0.325283 -0.045327 0.944530 -88.812579 -1.146064 11.667608
0.946275 -0.063005 -0.317166 0.074401 0.996941 0.023933 0.314688 -0.046245 0.948068 -89.023835 -1.138142 12.326366
0.948999 -0.064586 -0.308593 0.075891 0.996809 0.024758 0.306009 -0.046914 0.950872 -89.268048 -1.127807 13.082124
0.951458 -0.066858 -0.300430 0.077262 0.996748 0.022870 0.297924 -0.044972 0.953530 -89.479711 -1.113229 13.787162
0.953165 -0.070975 -0.294005 0.079834 0.996642 0.018227 0.291724 -0.040845 0.955630 -89.679530 -1.103755 14.460201
0.954967 -0.074853 -0.287115 0.082309 0.996509 0.013968 0.285067 -0.036971 0.957794 -89.886503 -1.095334 15.165942
0.956723 -0.075863 -0.280936 0.083008 0.996456 0.013604 0.278909 -0.036336 0.959630 -90.098528 -1.092004 15.908869
0.958208 -0.074215 -0.276278 0.082672 0.996394 0.019073 0.273866 -0.041116 0.960889 -90.327757 -1.094159 16.727945
0.959885 -0.072297 -0.270913 0.082395 0.996259 0.026070 0.268014 -0.047346 0.962251 -90.579933 -1.087573 17.638756
0.961294 -0.073401 -0.265568 0.084640 0.995926 0.031110 0.262202 -0.052384 0.963590 -90.760406 -1.070343 18.336936
0.962389 -0.075784 -0.260891 0.087086 0.995686 0.032021 0.257339 -0.053537 0.964837 -90.951209 -1.052836 19.067132
0.962922 -0.078275 -0.258176 0.089227 0.995530 0.030965 0.254598 -0.052853 0.965601 -91.161646 -1.028568 19.870303
0.963635 -0.079474 -0.255131 0.090600 0.995369 0.032137 0.251395 -0.054083 0.966372 -91.371222 -1.002314 20.680050
0.964267 -0.080401 -0.252439 0.091801 0.995207 0.033692 0.248520 -0.055662 0.967026 -91.601544 -0.978662 21.573839
0.964795 -0.082254 -0.249811 0.093415 0.995076 0.033134 0.245855 -0.055304 0.967728 -91.819682 -0.952736 22.437393
0.965096 -0.085443 -0.247565 0.095968 0.994910 0.030741 0.243678 -0.053426 0.968383 -92.003553 -0.935361 23.177072
0.964957 -0.090368 -0.246356 0.099331 0.994761 0.024174 0.242881 -0.047798 0.968878 -92.180684 -0.924006 23.917899
0.964210 -0.095965 -0.247163 0.103387 0.994493 0.017198 0.244152 -0.042136 0.968821 -92.400820 -0.913800 24.785163
0.963967 -0.100232 -0.246417 0.106455 0.994245 0.012030 0.243793 -0.037829 0.969089 -92.642335 -0.901309 25.736852
0.964021 -0.103010 -0.245056 0.109190 0.993952 0.011730 0.242365 -0.038066 0.969438 -92.877374 -0.892262 26.686203
0.963746 -0.104505 -0.245506 0.111139 0.993716 0.013284 0.242575 -0.040088 0.969304 -93.114579 -0.881230 27.670347
0.963613 -0.103956 -0.246260 0.111153 0.993683 0.015465 0.243097 -0.042275 0.969080 -93.362999 -0.877223 28.650438
0.963974 -0.104360 -0.244671 0.111938 0.993566 0.017234 0.241298 -0.044001 0.969453 -93.589987 -0.878912 29.585572
0.964121 -0.105814 -0.243465 0.113521 0.993376 0.017803 0.239968 -0.044802 0.969746 -93.821612 -0.879284 30.527019
0.964259 -0.106298 -0.242704 0.113548 0.993403 0.016042 0.239397 -0.043028 0.969968 -94.054587 -0.877119 31.489936
0.964396 -0.107587 -0.241588 0.113947 0.993409 0.012469 0.238654 -0.039553 0.970299 -94.289105 -0.877837 32.441751
0.964194 -0.109659 -0.241463 0.115688 0.993226 0.010889 0.238633 -0.038434 0.970349 -94.521032 -0.874362 33.383671
0.963855 -0.111475 -0.241984 0.117259 0.993055 0.009589 0.239234 -0.037617 0.970233 -94.774990 -0.881772 34.401478
0.963349 -0.111898 -0.243797 0.117509 0.993035 0.008549 0.241142 -0.036884 0.969789 -95.040529 -0.886888 35.475403
0.962911 -0.112049 -0.245452 0.117307 0.993072 0.006858 0.242983 -0.035397 0.969384 -95.288003 -0.891024 36.454206
0.962285 -0.112796 -0.247556 0.118058 0.992986 0.006466 0.245090 -0.035448 0.968852 -95.539554 -0.895018 37.440081
0.961205 -0.111463 -0.252310 0.116867 0.993126 0.006487 0.249852 -0.035722 0.967625 -95.802938 -0.901256 38.440184
0.958985 -0.110870 -0.260876 0.116662 0.993149 0.006769 0.258338 -0.036926 0.965349 -96.056616 -0.905211 39.377810
0.957802 -0.110253 -0.265442 0.115767 0.993263 0.005168 0.263084 -0.035679 0.964113 -96.357378 -0.911136 40.441961
0.957697 -0.109801 -0.266008 0.114555 0.993414 0.002375 0.263996 -0.032748 0.963968 -96.649309 -0.925127 41.469741
0.957728 -0.110419 -0.265641 0.114105 0.993467 -0.001567 0.264078 -0.028810 0.964071 -96.908484 -0.944703 42.399324
0.958365 -0.110378 -0.263349 0.113109 0.993571 -0.004816 0.262188 -0.025171 0.964689 -97.146794 -0.962090 43.272276
0.958376 -0.111574 -0.262805 0.113877 0.993474 -0.006502 0.261815 -0.023696 0.964827 -97.375053 -0.976921 44.122037
0.957908 -0.113466 -0.263699 0.115901 0.993240 -0.006358 0.262638 -0.024473 0.964584 -97.604869 -0.988683 44.978813
0.957647 -0.114631 -0.264144 0.117021 0.993107 -0.006723 0.263093 -0.024472 0.964460 -97.851631 -0.993083 45.892011
0.957658 -0.115441 -0.263752 0.118097 0.992985 -0.005818 0.262574 -0.025576 0.964573 -98.121995 -1.001299 46.897489
0.957844 -0.113991 -0.263706 0.117282 0.993093 -0.003284 0.262259 -0.027782 0.964597 -98.371969 -1.005912 47.817800
0.957928 -0.113562 -0.263588 0.117028 0.993125 -0.002566 0.262067 -0.028389 0.964632 -98.589933 -1.016672 48.633677
0.958138 -0.113651 -0.262784 0.117115 0.993115 -0.002498 0.261258 -0.028382 0.964852 -98.807200 -1.027036 49.489559
0.958403 -0.114952 -0.261246 0.117987 0.993007 -0.004091 0.259889 -0.026903 0.965264 -99.026735 -1.041389 50.343391
0.958575 -0.117446 -0.259501 0.119753 0.992779 -0.006959 0.258445 -0.024405 0.965718 -99.242286 -1.048212 51.192750
0.959195 -0.118082 -0.256907 0.119713 0.992765 -0.009339 0.256151 -0.021798 0.966391 -99.482897 -1.063054 52.109200
0.959859 -0.118676 -0.254139 0.119997 0.992720 -0.010357 0.253518 -0.020555 0.967112 -99.714174 -1.077595 53.008230
0.960919 -0.118299 -0.250280 0.119656 0.992767 -0.009840 0.249634 -0.020492 0.968123 -99.958391 -1.096060 53.975437
0.961430 -0.118552 -0.248189 0.120100 0.992721 -0.008950 0.247443 -0.021203 0.968670 -100.197038 -1.119468 54.898857
0.961677 -0.119013 -0.247008 0.120579 0.992664 -0.008832 0.246247 -0.021291 0.968973 -100.418040 -1.146273 55.778518
0.961612 -0.122202 -0.245703 0.122954 0.992336 -0.012337 0.245327 -0.018347 0.969267 -100.666534 -1.174064 56.799551
0.961690 -0.124530 -0.244222 0.123897 0.992132 -0.018016 0.244544 -0.012932 0.969552 -100.911851 -1.202544 57.810850
0.961957 -0.126307 -0.242249 0.124084 0.991970 -0.024477 0.243395 -0.006513 0.969905 -101.155130 -1.233233 58.801589
0.962157 -0.127134 -0.241020 0.122997 0.991885 -0.032193 0.243157 0.001330 0.969986 -101.393328 -1.271446 59.762278
0.962398 -0.128712 -0.239213 0.123931 0.991674 -0.034986 0.241725 0.004024 0.970337 -101.596511 -1.308212 60.630949
0.963027 -0.126714 -0.237745 0.122340 0.991935 -0.033126 0.240025 0.002816 0.970763 -101.825848 -1.352801 61.585602
0.963560 -0.122993 -0.237538 0.119739 0.992407 -0.028135 0.239195 -0.001332 0.970971 -102.069872 -1.399490 62.570036
0.964055 -0.119838 -0.237143 0.117372 0.992785 -0.024546 0.238373 -0.004170 0.971165 -102.295213 -1.436082 63.505620
0.963940 -0.120580 -0.237233 0.117555 0.992702 -0.026910 0.238746 -0.001949 0.971080 -102.495129 -1.460761 64.341950
0.963559 -0.123610 -0.237222 0.119218 0.992325 -0.032831 0.239460 0.003354 0.970900 -102.672952 -1.488355 65.111931
0.963265 -0.125057 -0.237657 0.119578 0.992121 -0.037388 0.240460 0.007596 0.970629 -102.898941 -1.533612 66.031470
0.962677 -0.127791 -0.238584 0.121250 0.991735 -0.041956 0.241973 0.011462 0.970215 -103.095110 -1.577834 66.849720
0.962206 -0.129635 -0.239487 0.121692 0.991420 -0.047728 0.243620 0.016780 0.969726 -103.283866 -1.620706 67.638956
0.961570 -0.129273 -0.242224 0.119550 0.991332 -0.054480 0.247167 0.023429 0.968690 -103.465991 -1.663123 68.346069
0.961392 -0.129883 -0.242604 0.118760 0.991109 -0.059988 0.248238 0.028861 0.968269 -103.662977 -1.721235 69.129311
0.961743 -0.129244 -0.241552 0.117393 0.991092 -0.062890 0.247528 0.032128 0.968348 -103.880544 -1.793148 69.998463
0.961586 -0.126864 -0.243429 0.114715 0.991366 -0.063507 0.249384 0.033143 0.967837 -104.115257 -1.863229 70.914759
0.960635 -0.126626 -0.247279 0.114819 0.991471 -0.061659 0.252977 0.030840 0.966981 -104.359819 -1.943127 71.863798
0.959492 -0.126319 -0.251832 0.115262 0.991626 -0.058243 0.257081 0.026856 0.966017 -104.592732 -2.014149 72.767819
0.958512 -0.126344 -0.255524 0.115630 0.991679 -0.056590 0.260547 0.024696 0.965145 -104.839824 -2.086726 73.693795
0.957576 -0.126437 -0.258965 0.115806 0.991694 -0.055968 0.263890 0.023604 0.964264 -105.096566 -2.164696 74.664745
0.956540 -0.127135 -0.262427 0.116341 0.991610 -0.056335 0.267388 0.023355 0.963306 -105.375817 -2.246004 75.668456
0.955181 -0.126852 -0.267466 0.115332 0.991608 -0.058418 0.272632 0.024953 0.961795 -105.652480 -2.333053 76.640680
0.953643 -0.127104 -0.272780 0.114586 0.991513 -0.061409 0.278270 0.027305 0.960115 -105.942349 -2.413521 77.659790
0.951644 -0.128773 -0.278912 0.114570 0.991173 -0.066711 0.285040 0.031530 0.957997 -106.231188 -2.497795 78.650972
0.950328 -0.128250 -0.283601 0.112501 0.991097 -0.071210 0.290208 0.035768 0.956295 -106.534020 -2.582876 79.669938
0.949227 -0.128884 -0.286980 0.112254 0.990940 -0.073739 0.293883 0.037781 0.955094 -106.789696 -2.656888 80.518828
0.947653 -0.127798 -0.292610 0.111052 0.991114 -0.073216 0.299367 0.036889 0.953425 -107.077942 -2.739731 81.477325
0.946109 -0.126490 -0.298125 0.110147 0.991371 -0.071069 0.304542 0.034402 0.951878 -107.369703 -2.825236 82.422119
0.944978 -0.124617 -0.302469 0.107991 0.991602 -0.071153 0.308796 0.034574 0.950500 -107.650913 -2.905438 83.274752
0.942112 -0.124595 -0.311289 0.106052 0.991462 -0.075874 0.318085 0.038469 0.947281 -107.954401 -2.991142 84.159187
0.939237 -0.127185 -0.318839 0.106361 0.990943 -0.081969 0.326376 0.043076 0.944258 -108.250464 -3.079552 85.020465
0.936357 -0.128225 -0.326795 0.105928 0.990716 -0.085217 0.334687 0.045177 0.941246 -108.568730 -3.183549 85.926291
0.932731 -0.128471 -0.336909 0.105029 0.990657 -0.086987 0.344937 0.045751 0.937510 -108.913668 -3.281786 86.872258
0.929065 -0.126001 -0.347795 0.103247 0.991163 -0.083280 0.355215 0.041464 0.933865 -109.238046 -3.364770 87.722804
0.925081 -0.122783 -0.359375 0.101130 0.991770 -0.078522 0.366058 0.036296 0.929884 -109.568675 -3.465296 88.583229
0.920616 -0.119991 -0.371575 0.098375 0.992192 -0.076669 0.377873 0.034029 0.925232 -109.928801 -3.563050 89.464990
0.917563 -0.120957 -0.378746 0.097465 0.991964 -0.080672 0.385460 0.037107 0.921978 -110.295772 -3.656981 90.350236
0.915044 -0.124693 -0.383596 0.098494 0.991302 -0.087283 0.391143 0.042086 0.919367 -110.650161 -3.739373 91.183007
0.911773 -0.126056 -0.390871 0.097797 0.990994 -0.091469 0.398882 0.045173 0.915889 -110.995856 -3.810991 91.973731
0.908685 -0.124483 -0.398491 0.097184 0.991361 -0.088079 0.406013 0.041309 0.912933 -111.383202 -3.904279 92.870234
0.907103 -0.121052 -0.403125 0.095385 0.991954 -0.083235 0.409958 0.037051 0.911352 -111.810384 -4.012871 93.835444
0.904896 -0.119806 -0.408424 0.094805 0.992195 -0.081000 0.414941 0.034576 0.909191 -112.162395 -4.091937 94.607988
0.902572 -0.119798 -0.413537 0.094179 0.992183 -0.081874 0.420112 0.034951 0.906799 -112.459120 -4.158479 95.257110
0.901588 -0.121470 -0.415191 0.093895 0.991836 -0.086282 0.422283 0.038806 0.905633 -112.744414 -4.224114 95.894014
0.900385 -0.123699 -0.417141 0.092878 0.991280 -0.093479 0.425066 0.045424 0.904022 -113.054198 -4.298419 96.568489
0.898240 -0.126384 -0.420941 0.092594 0.990684 -0.099859 0.429640 0.050720 0.901575 -113.377436 -4.381976 97.272015
0.896320 -0.126961 -0.424842 0.092401 0.990578 -0.101082 0.433673 0.051346 0.899606 -113.703478 -4.468548 97.967449
0.893292 -0.125336 -0.431648 0.090217 0.990789 -0.100987 0.440329 0.051269 0.896371 -114.080183 -4.565265 98.742382
0.890986 -0.124344 -0.436671 0.089574 0.991005 -0.099427 0.445107 0.049474 0.894110 -114.484731 -4.660203 99.552748
0.888550 -0.121370 -0.442435 0.088498 0.991604 -0.094288 0.450164 0.044625 0.891830 -114.905916 -4.761208 100.385294
0.885364 -0.118109 -0.449645 0.088256 0.992302 -0.086872 0.456444 0.037230 0.888973 -115.320438 -4.861084 101.210785
0.883097 -0.115291 -0.454805 0.088250 0.992854 -0.080328 0.460816 0.030801 0.886961 -115.748258 -4.956862 102.041817
0.880421 -0.116358 -0.459695 0.088946 0.992743 -0.080930 0.465776 0.030365 0.884382 -116.138982 -5.042172 102.787211
0.878141 -0.119744 -0.463173 0.089493 0.992194 -0.086840 0.469957 0.034807 0.882003 -116.556505 -5.133500 103.572214
0.876959 -0.122915 -0.464580 0.090614 0.991690 -0.091326 0.471945 0.037991 0.880809 -117.002800 -5.235673 104.417928
0.875849 -0.122839 -0.466690 0.090448 0.991709 -0.091285 0.474034 0.037740 0.879697 -117.457441 -5.341695 105.261700
0.874233 -0.121374 -0.470090 0.090066 0.991985 -0.088626 0.477079 0.035141 0.878158 -117.919346 -5.453413 106.117526
0.872101 -0.120130 -0.474351 0.089861 0.992228 -0.086073 0.481004 0.032439 0.876118 -118.450994 -5.572111 107.078720
0.870867 -0.120170 -0.476602 0.089992 0.992244 -0.085746 0.483210 0.031783 0.874928 -118.939398 -5.684511 107.973486
0.870344 -0.123686 -0.476658 0.091371 0.991697 -0.090493 0.483893 0.035208 0.874419 -119.415352 -5.784006 108.848981
0.870164 -0.126044 -0.476368 0.090946 0.991204 -0.096139 0.484296 0.040333 0.873974 -119.826863 -5.873739 109.598092
0.868862 -0.126853 -0.478527 0.090706 0.991042 -0.098020 0.486674 0.041760 0.872585 -120.251738 -5.971174 110.367450
0.866594 -0.125752 -0.482910 0.089290 0.991185 -0.097875 0.490961 0.041699 0.870183 -120.663020 -6.064984 111.101005
0.863884 -0.124552 -0.488049 0.087915 0.991356 -0.097383 0.495960 0.041221 0.867367 -121.075173 -6.158637 111.823168
0.863392 -0.123409 -0.489209 0.086196 0.991448 -0.097981 0.497117 0.042429 0.866646 -121.486733 -6.255660 112.545460
0.863245 -0.122616 -0.489667 0.084325 0.991447 -0.099606 0.497692 0.044693 0.866202 -121.880439 -6.346304 113.232660
0.862017 -0.123142 -0.491694 0.083193 0.991258 -0.102403 0.500006 0.047368 0.864726 -122.280512 -6.437736 113.916204
0.860417 -0.122170 -0.494729 0.081408 0.991322 -0.103219 0.503045 0.048537 0.862896 -122.738296 -6.542815 114.703473
0.859741 -0.120143 -0.496398 0.078568 0.991480 -0.103892 0.504651 0.050319 0.861856 -123.235881 -6.657406 115.557582
0.858754 -0.120555 -0.498005 0.077975 0.991355 -0.105524 0.506421 0.051787 0.860730 -123.726762 -6.771966 116.408113
0.858170 -0.121021 -0.498896 0.075747 0.991029 -0.110107 0.507746 0.056701 0.859639 -124.209565 -6.893450 117.244664
0.857381 -0.120974 -0.500262 0.072499 0.990680 -0.115312 0.509550 0.062598 0.858161 -124.679280 -7.010721 118.044537
0.857155 -0.120296 -0.500813 0.070559 0.990601 -0.117180 0.510202 0.065105 0.857587 -125.101734 -7.120068 118.769104
0.857302 -0.117769 -0.501163 0.068850 0.990966 -0.115092 0.510190 0.064164 0.857665 -125.530758 -7.232468 119.517097
0.856796 -0.115833 -0.502478 0.068948 0.991428 -0.110982 0.511026 0.060444 0.857437 -125.967320 -7.346474 120.266838
0.856172 -0.112240 -0.504354 0.067153 0.992014 -0.106768 0.512309 0.057543 0.856871 -126.442655 -7.465958 121.067871
0.856600 -0.109586 -0.504209 0.065932 0.992423 -0.103685 0.511751 0.055573 0.857335 -126.847558 -7.565857 121.756897
0.856204 -0.108576 -0.505099 0.065020 0.992540 -0.103138 0.512529 0.055465 0.856877 -127.237515 -7.660344 122.420406
0.856488 -0.109524 -0.504413 0.064704 0.992302 -0.105592 0.512095 0.057801 0.856982 -127.628131 -7.760527 123.087682
0.856755 -0.109516 -0.503961 0.063407 0.992148 -0.107808 0.511810 0.060410 0.856972 -127.995898 -7.849494 123.696061
0.857990 -0.108625 -0.502049 0.062102 0.992151 -0.108535 0.509898 0.061943 0.858002 -128.399607 -7.950259 124.369017
0.859456 -0.108013 -0.499668 0.061361 0.992154 -0.108930 0.507513 0.062961 0.859341 -128.734553 -8.041734 124.943944
0.859409 -0.107211 -0.499922 0.060339 0.992203 -0.109056 0.507716 0.063559 0.859177 -129.130714 -8.143363 125.609506
0.861893 -0.106678 -0.495743 0.060667 0.992292 -0.108055 0.503448 0.063057 0.861721 -129.493867 -8.225780 126.221003
0.862057 -0.105975 -0.495608 0.059727 0.992323 -0.108299 0.503280 0.063758 0.861768 -129.846507 -8.309779 126.819033
0.860619 -0.106233 -0.498046 0.059286 0.992250 -0.109200 0.505787 0.064453 0.860248 -130.145093 -8.387386 127.329893
0.859094 -0.106602 -0.500593 0.058409 0.992099 -0.111031 0.508474 0.066147 0.858533 -130.502749 -8.481579 127.926170
0.857885 -0.108108 -0.502341 0.057882 0.991727 -0.114578 0.510572 0.069219 0.857045 -130.880407 -8.580332 128.550257
0.855803 -0.109548 -0.505569 0.056805 0.991311 -0.118643 0.514173 0.072816 0.854590 -131.231491 -8.679945 129.131394
0.853287 -0.109527 -0.509808 0.054783 0.991111 -0.121238 0.518555 0.075522 0.851702 -131.577947 -8.769254 129.689588
0.850143 -0.110399 -0.514849 0.054914 0.991031 -0.121830 0.523681 0.075301 0.848580 -131.895234 -8.851080 130.191708
0.848180 -0.110380 -0.518080 0.054776 0.991081 -0.121479 0.526869 0.074658 0.846661 -132.224370 -8.937701 130.708940
0.848153 -0.109634 -0.518283 0.054754 0.991253 -0.120081 0.526914 0.073469 0.846737 -132.562102 -9.027227 131.250384
0.848314 -0.108256 -0.518309 0.055124 0.991614 -0.116892 0.526617 0.070590 0.847167 -132.872811 -9.107498 131.764647
0.847909 -0.105760 -0.519485 0.054936 0.992152 -0.112323 0.527287 0.066701 0.847065 -133.213759 -9.199583 132.325871
0.847551 -0.104074 -0.520409 0.054958 0.992523 -0.108985 0.527860 0.063770 0.846934 -133.539700 -9.284094 132.851888
0.845159 -0.103975 -0.524304 0.054999 0.992608 -0.108188 0.531677 0.062600 0.844630 -133.834242 -9.357783 133.323672
0.840893 -0.105102 -0.530898 0.055499 0.992536 -0.108588 0.538348 0.061846 0.840450 -134.120383 -9.431318 133.777340
0.834514 -0.105446 -0.540803 0.054578 0.992509 -0.109302 0.548277 0.061698 0.834018 -134.401603 -9.497063 134.200169
0.827996 -0.105112 -0.550794 0.052455 0.992486 -0.110548 0.558275 0.062641 0.827287 -134.703757 -9.567581 134.638338
0.817861 -0.106109 -0.565548 0.050427 0.992286 -0.113250 0.573202 0.064104 0.816903 -135.000617 -9.641976 135.049797
0.809529 -0.108303 -0.577004 0.049120 0.991886 -0.117262 0.585022 0.066584 0.808280 -135.304675 -9.716284 135.469856
0.800556 -0.110621 -0.588959 0.047864 0.991478 -0.121164 0.597343 0.068809 0.799029 -135.599873 -9.784808 135.853664
0.787344 -0.113129 -0.606045 0.045308 0.990980 -0.126122 0.614847 0.071843 0.785368 -135.842247 -9.840366 136.139593
0.775112 -0.116505 -0.620990 0.044071 0.990428 -0.130808 0.630285 0.074023 0.772827 -136.083954 -9.895941 136.422901
0.762270 -0.117445 -0.636515 0.041227 0.990213 -0.133334 0.645945 0.075395 0.759652 -136.385473 -9.966740 136.771900
0.749358 -0.117361 -0.651682 0.038589 0.990235 -0.133958 0.661040 0.075235 0.746570 -136.703671 -10.044227 137.118609
0.734563 -0.116877 -0.668399 0.035279 0.990300 -0.134394 0.677623 0.075141 0.731561 -137.026013 -10.125740 137.452398
0.722132 -0.115816 -0.681991 0.032911 0.990521 -0.133363 0.690972 0.073861 0.719099 -137.340295 -10.202148 137.771524
0.705695 -0.114692 -0.699172 0.030301 0.990794 -0.131945 0.707868 0.071927 0.702673 -137.687134 -10.284415 138.106534
0.687820 -0.113068 -0.717021 0.026246 0.991022 -0.131099 0.725407 0.071353 0.684612 -138.007378 -10.357862 138.395280
0.669152 -0.111231 -0.734754 0.022543 0.991318 -0.129541 0.742784 0.070119 0.665849 -138.261710 -10.415469 138.611474
0.646569 -0.109231 -0.754994 0.018340 0.991635 -0.127762 0.762635 0.068760 0.643164 -138.574561 -10.481062 138.862950
0.621417 -0.107635 -0.776051 0.013623 0.991853 -0.126658 0.783362 0.068136 0.617820 -138.907547 -10.541873 139.106887
0.599005 -0.104579 -0.793887 0.007784 0.992148 -0.124823 0.800708 0.068590 0.595115 -139.324369 -10.614383 139.403614
0.575006 -0.102647 -0.811685 0.003572 0.992404 -0.122970 0.818141 0.067810 0.571005 -139.777361 -10.699933 139.714037
0.552622 -0.101921 -0.827177 -0.000099 0.992486 -0.122355 0.833432 0.067698 0.548460 -140.248629 -10.790780 140.028298
0.530083 -0.101876 -0.841803 -0.003124 0.992515 -0.122083 0.847940 0.067343 0.525797 -140.729695 -10.875551 140.327025
0.505122 -0.102782 -0.856906 -0.006130 0.992431 -0.122651 0.863026 0.067207 0.500668 -141.198692 -10.949862 140.595170
0.479276 -0.102863 -0.871616 -0.009459 0.992445 -0.122324 0.877613 0.066872 0.474682 -141.700689 -11.031429 140.860482
0.449643 -0.100690 -0.887515 -0.013921 0.992715 -0.119678 0.893100 0.066168 0.444965 -142.189821 -11.106498 141.095256
0.422472 -0.098731 -0.900982 -0.017249 0.992994 -0.116902 0.906212 0.064929 0.417809 -142.758001 -11.192371 141.341811
0.392852 -0.097719 -0.914395 -0.021437 0.993095 -0.115339 0.919352 0.064912 0.388044 -143.323759 -11.276911 141.571640
0.357015 -0.095175 -0.929237 -0.026487 0.993364 -0.111919 0.933723 0.064570 0.352125 -143.875730 -11.357861 141.769028
0.318284 -0.091423 -0.943577 -0.032388 0.993709 -0.107205 0.947442 0.064682 0.313321 -144.468197 -11.434507 141.951775
0.272648 -0.087330 -0.958142 -0.037913 0.994123 -0.101398 0.961367 0.063972 0.267735 -145.058294 -11.503239 142.092493
0.227616 -0.083736 -0.970144 -0.041377 0.994564 -0.095552 0.972871 0.061891 0.222914 -145.695792 -11.570040 142.217665
0.179953 -0.078757 -0.980517 -0.047662 0.994921 -0.088662 0.982520 0.062688 0.175285 -146.262740 -11.630033 142.284906
0.129419 -0.075421 -0.988718 -0.053370 0.995128 -0.082895 0.990153 0.063496 0.124763 -146.835917 -11.691782 142.331110
0.080286 -0.071625 -0.994195 -0.057754 0.995405 -0.076376 0.995097 0.063550 0.075780 -147.436002 -11.750823 142.353832
0.032705 -0.067962 -0.997152 -0.062319 0.995605 -0.069901 0.997520 0.064428 0.028326 -147.999809 -11.796278 142.359384
-0.016795 -0.063467 -0.997843 -0.067512 0.995778 -0.062199 0.997577 0.066321 -0.021009 -148.555214 -11.836369 142.326001
-0.068649 -0.059803 -0.995847 -0.071427 0.995935 -0.054885 0.995081 0.067363 -0.072641 -149.156002 -11.888355 142.259820
-0.120221 -0.056937 -0.991113 -0.074941 0.996026 -0.048129 0.989915 0.068489 -0.124010 -149.688958 -11.923573 142.171214
-0.165423 -0.055808 -0.984642 -0.078997 0.995939 -0.043177 0.983054 0.070642 -0.169160 -150.190675 -11.950294 142.071540
-0.210706 -0.054133 -0.976049 -0.083122 0.995842 -0.037287 0.974009 0.073274 -0.214329 -150.665613 -11.977002 141.947128
-0.251524 -0.053273 -0.966384 -0.086043 0.995761 -0.032498 0.964019 0.074976 -0.255042 -151.285274 -12.009981 141.763270
-0.285426 -0.054334 -0.956859 -0.088150 0.995648 -0.030242 0.954338 0.075715 -0.288973 -151.847389 -12.039153 141.572578
-0.313776 -0.053816 -0.947971 -0.090120 0.995573 -0.026688 0.945211 0.077057 -0.317237 -152.339490 -12.061438 141.385008
-0.334177 -0.053533 -0.940989 -0.091119 0.995544 -0.024277 0.938095 0.077629 -0.337566 -152.862021 -12.081659 141.182951
-0.346734 -0.053776 -0.936421 -0.092558 0.995444 -0.022894 0.933385 0.078735 -0.350132 -153.429345 -12.102298 140.967658
-0.356283 -0.054290 -0.932800 -0.093149 0.995401 -0.022355 0.929723 0.078925 -0.359702 -154.151720 -12.125177 140.687394
-0.364923 -0.054761 -0.929426 -0.092840 0.995434 -0.022198 0.926398 0.078187 -0.368340 -154.785320 -12.142538 140.431410
-0.369891 -0.054767 -0.927460 -0.092140 0.995502 -0.022037 0.924495 0.077304 -0.373273 -155.413859 -12.165022 140.175531
-0.373263 -0.054371 -0.926131 -0.091085 0.995606 -0.021739 0.923243 0.076243 -0.376575 -156.109209 -12.190297 139.890934
-0.375820 -0.053676 -0.925137 -0.090057 0.995711 -0.021187 0.922306 0.075352 -0.379042 -156.782303 -12.216674 139.616919
-0.378122 -0.053504 -0.924208 -0.089266 0.995784 -0.021126 0.921442 0.074512 -0.381303 -157.502934 -12.244095 139.318548
-0.379362 -0.054073 -0.923667 -0.089009 0.995794 -0.021738 0.920957 0.073968 -0.382579 -158.314820 -12.274967 138.979699
-0.378946 -0.054495 -0.923813 -0.088544 0.995820 -0.022422 0.921173 0.073301 -0.382187 -159.022162 -12.300152 138.686862
-0.377534 -0.054745 -0.924376 -0.088155 0.995842 -0.022973 0.921790 0.072815 -0.380790 -159.698458 -12.322507 138.401492
-0.374878 -0.054510 -0.925470 -0.086835 0.995946 -0.023487 0.922999 0.071558 -0.378091 -160.345611 -12.351698 138.139463
-0.370337 -0.054369 -0.927305 -0.085202 0.996066 -0.024374 0.924982 0.069981 -0.373512 -161.062882 -12.379255 137.854551
-0.367640 -0.054345 -0.928379 -0.082215 0.996282 -0.025762 0.926327 0.066855 -0.370741 -161.882808 -12.409254 137.532332
-0.365533 -0.053439 -0.929263 -0.078925 0.996535 -0.026262 0.927446 0.063743 -0.368484 -162.747241 -12.445287 137.189250
-0.362421 -0.052865 -0.930514 -0.077189 0.996663 -0.026559 0.928813 0.062199 -0.365292 -163.606407 -12.486284 136.852510
-0.359771 -0.050889 -0.931652 -0.076040 0.996789 -0.025083 0.929937 0.061819 -0.362486 -164.553214 -12.529855 136.483391
-0.357205 -0.049842 -0.932695 -0.076017 0.996814 -0.024155 0.930927 0.062272 -0.359856 -165.453416 -12.571712 136.136158
-0.354549 -0.048676 -0.933770 -0.074184 0.996960 -0.023802 0.932090 0.060832 -0.357082 -166.322492 -12.608450 135.807800
-0.352757 -0.049853 -0.934386 -0.072089 0.997060 -0.025982 0.932934 0.058194 -0.355313 -167.277737 -12.651787 135.448255
-0.350434 -0.052502 -0.935115 -0.071109 0.997037 -0.029330 0.933884 0.056217 -0.353129 -168.207649 -12.694444 135.100005
-0.349075 -0.053811 -0.935549 -0.068197 0.997161 -0.031909 0.934610 0.052663 -0.351753 -169.097073 -12.737090 134.767626
-0.349705 -0.054759 -0.935258 -0.065176 0.997294 -0.034022 0.934590 0.049059 -0.352328 -169.993616 -12.782462 134.433531
-0.349600 -0.055082 -0.935279 -0.064152 0.997335 -0.034757 0.934700 0.047850 -0.352201 -170.969091 -12.828032 134.071739
-0.344709 -0.057242 -0.936963 -0.064044 0.997247 -0.037363 0.936522 0.047127 -0.347426 -171.957358 -12.877634 133.709751
-0.339552 -0.060685 -0.938628 -0.064726 0.997059 -0.041048 0.938358 0.046815 -0.342481 -172.911132 -12.935747 133.359410
-0.335007 -0.060286 -0.940285 -0.064603 0.997072 -0.040910 0.939998 0.047040 -0.337920 -173.775252 -12.988341 133.047719
-0.330186 -0.058486 -0.942102 -0.062746 0.997231 -0.039917 0.941828 0.045933 -0.332941 -174.641906 -13.043954 132.748691
-0.325624 -0.055702 -0.943857 -0.062579 0.997344 -0.037270 0.943426 0.046930 -0.328245 -175.539723 -13.101497 132.444678
-0.323006 -0.053433 -0.944887 -0.062278 0.997441 -0.035116 0.944346 0.047503 -0.325507 -176.527500 -13.162282 132.102625
-0.321307 -0.052533 -0.945517 -0.061150 0.997527 -0.034643 0.944999 0.046688 -0.323725 -177.501064 -13.220100 131.771007
-0.318222 -0.051359 -0.946624 -0.061140 0.997565 -0.033570 0.946043 0.047194 -0.320587 -178.479746 -13.275884 131.433689
-0.313194 -0.050981 -0.948320 -0.059592 0.997645 -0.033952 0.947818 0.045879 -0.315494 -179.427093 -13.326798 131.117323
-0.307876 -0.050333 -0.950094 -0.057482 0.997760 -0.034231 0.949689 0.044074 -0.310079 -180.462903 -13.378419 130.781146
-0.303506 -0.050123 -0.951510 -0.056345 0.997812 -0.034590 0.951162 0.043114 -0.305666 -181.417023 -13.427512 130.473127
-0.298890 -0.049044 -0.953026 -0.055246 0.997893 -0.034027 0.952687 0.042481 -0.300970 -182.289382 -13.468350 130.199691
-0.294536 -0.048406 -0.954414 -0.053938 0.997966 -0.033970 0.954117 0.041474 -0.296548 -183.225514 -13.512439 129.911580
-0.289711 -0.048821 -0.955868 -0.053045 0.997982 -0.034895 0.955643 0.040594 -0.291716 -184.058364 -13.551591 129.656028
-0.286674 -0.049564 -0.956745 -0.053200 0.997943 -0.035758 0.956550 0.040648 -0.288722 -184.942403 -13.598810 129.390275
-0.281852 -0.050192 -0.958144 -0.052139 0.997956 -0.036940 0.958040 0.039545 -0.283893 -185.769722 -13.640126 129.148410
-0.278927 -0.050749 -0.958970 -0.051705 0.997948 -0.037773 0.958919 0.039047 -0.280979 -186.603455 -13.691746 128.908690
-0.275638 -0.051775 -0.959866 -0.051001 0.997930 -0.039182 0.959908 0.038154 -0.277708 -187.437861 -13.740464 128.670848
-0.271457 -0.054983 -0.960879 -0.050391 0.997809 -0.042860 0.961131 0.036785 -0.273633 -188.335626 -13.797581 128.418437
-0.268034 -0.056334 -0.961761 -0.049347 0.997781 -0.044692 0.962145 0.035481 -0.270219 -189.219941 -13.851721 128.170453
-0.265930 -0.056812 -0.962317 -0.048055 0.997802 -0.045627 0.962794 0.034111 -0.268075 -190.037178 -13.902985 127.949489
-0.263832 -0.058116 -0.962816 -0.048122 0.997733 -0.047037 0.963368 0.033923 -0.266030 -190.867485 -13.958247 127.726938
-0.260265 -0.059411 -0.963708 -0.048805 0.997639 -0.048322 0.964303 0.034458 -0.262550 -191.731188 -14.013414 127.494415
-0.255980 -0.060842 -0.964765 -0.047483 0.997604 -0.050315 0.965515 0.032930 -0.258256 -192.600859 -14.065424 127.263871
-0.251125 -0.063967 -0.965839 -0.046995 0.997443 -0.053841 0.966813 0.031869 -0.253489 -193.512129 -14.114750 127.025406
-0.247383 -0.065572 -0.966696 -0.045117 0.997405 -0.056110 0.967867 0.029734 -0.249699 -194.439478 -14.178022 126.793384
-0.244251 -0.065975 -0.967465 -0.043028 0.997438 -0.057156 0.968757 0.027667 -0.246464 -195.347851 -14.238879 126.563932
-0.239595 -0.063693 -0.968782 -0.041996 0.997592 -0.055201 0.969964 0.027460 -0.241692 -196.253789 -14.299099 126.342844
-0.235959 -0.061177 -0.969835 -0.040905 0.997757 -0.052986 0.970902 0.027169 -0.237932 -197.228189 -14.369705 126.105973
-0.230196 -0.061105 -0.971224 -0.039127 0.997801 -0.053503 0.972357 0.025685 -0.232081 -198.222781 -14.444676 125.870840
-0.224062 -0.063530 -0.972502 -0.037030 0.997707 -0.056645 0.973871 0.023320 -0.225901 -199.204961 -14.518101 125.648278
-0.218823 -0.068261 -0.973374 -0.036360 0.997428 -0.061774 0.975087 0.021875 -0.220742 -200.108380 -14.588439 125.441405
-0.214891 -0.069418 -0.974168 -0.035366 0.997370 -0.063270 0.975997 0.020856 -0.216781 -201.155643 -14.673548 125.211050
-0.211000 -0.067423 -0.975158 -0.033158 0.997538 -0.061796 0.976924 0.019295 -0.212716 -202.214624 -14.764748 124.984131
-0.205961 -0.067147 -0.976254 -0.032937 0.997553 -0.061663 0.978006 0.019455 -0.207669 -203.156752 -14.841360 124.782513
-0.200369 -0.069983 -0.977218 -0.031209 0.997395 -0.065029 0.979223 0.017468 -0.202031 -204.014618 -14.914213 124.613274
-0.195583 -0.072616 -0.977995 -0.029301 0.997242 -0.068185 0.980249 0.015320 -0.197171 -204.968099 -14.993014 124.423736
-0.191481 -0.073219 -0.978761 -0.027803 0.997218 -0.069160 0.981102 0.013970 -0.192984 -205.967147 -15.073942 124.232608
-0.186625 -0.071660 -0.979814 -0.026139 0.997345 -0.067963 0.982083 0.012928 -0.188003 -206.984341 -15.159138 124.040829
-0.182884 -0.070249 -0.980621 -0.024198 0.997463 -0.066942 0.982837 0.011487 -0.184120 -208.003225 -15.243173 123.849593
-0.179413 -0.070470 -0.981247 -0.021773 0.997471 -0.067654 0.983533 0.009227 -0.180494 -208.903570 -15.322414 123.687065
-0.176569 -0.071635 -0.981678 -0.020234 0.997402 -0.069143 0.984080 0.007655 -0.177559 -209.796434 -15.400235 123.529326
-0.173563 -0.073979 -0.982040 -0.018237 0.997245 -0.071901 0.984654 0.005430 -0.174434 -210.754830 -15.484237 123.361922
-0.169530 -0.075600 -0.982621 -0.016386 0.997132 -0.073890 0.985389 0.003574 -0.170283 -211.698698 -15.567507 123.207752
-0.165066 -0.075430 -0.983394 -0.015047 0.997148 -0.073959 0.986168 0.002589 -0.165730 -212.742400 -15.657543 123.034804
-0.162790 -0.076124 -0.983720 -0.013957 0.997097 -0.074849 0.986562 0.001545 -0.163380 -213.843532 -15.753600 122.856797
-0.160071 -0.076393 -0.984145 -0.013129 0.997077 -0.075261 0.987018 0.000874 -0.160606 -214.925890 -15.848375 122.680063
-0.154746 -0.076621 -0.984979 -0.012341 0.997060 -0.075622 0.987877 0.000454 -0.155236 -215.855515 -15.932453 122.538890
-0.148185 -0.077357 -0.985930 -0.010891 0.997003 -0.076589 0.988900 -0.000612 -0.148583 -216.853847 -16.027907 122.397570
-0.141891 -0.077984 -0.986806 -0.009574 0.996953 -0.077409 0.989836 -0.001536 -0.142206 -217.763443 -16.110826 122.276547
-0.138471 -0.078845 -0.987223 -0.008961 0.996885 -0.078360 0.990326 -0.002004 -0.138746 -218.826612 -16.212619 122.127387
-0.137525 -0.080046 -0.987259 -0.008795 0.996789 -0.079593 0.990459 -0.002263 -0.137788 -219.869565 -16.313525 121.981026
-0.136824 -0.080612 -0.987310 -0.008538 0.996742 -0.080199 0.990559 -0.002543 -0.137067 -220.878397 -16.412074 121.843452
-0.134012 -0.081072 -0.987658 -0.008873 0.996706 -0.080610 0.990940 -0.002039 -0.134290 -221.834025 -16.504660 121.715536
-0.132952 -0.083284 -0.987617 -0.009266 0.996524 -0.082788 0.991079 -0.001856 -0.133261 -222.680988 -16.580997 121.597563
-0.131762 -0.086049 -0.987540 -0.010914 0.996291 -0.085355 0.991221 -0.000469 -0.132213 -223.496067 -16.658107 121.478711
-0.130097 -0.088180 -0.987572 -0.010557 0.996104 -0.087551 0.991445 -0.000964 -0.130521 -224.297233 -16.739426 121.367959
-0.130112 -0.088442 -0.987547 -0.010075 0.996080 -0.087879 0.991448 -0.001484 -0.130494 -225.115459 -16.819950 121.262902
-0.128399 -0.088246 -0.987789 -0.009785 0.996097 -0.087717 0.991674 -0.001597 -0.128762 -225.943081 -16.904514 121.155382
-0.126402 -0.087980 -0.988070 -0.009039 0.996120 -0.087540 0.991938 -0.002134 -0.126707 -226.822097 -16.992765 121.043035
-0.123470 -0.088077 -0.988432 -0.007587 0.996108 -0.087813 0.992319 -0.003343 -0.123657 -227.675108 -17.081733 120.941470
-0.120915 -0.087600 -0.988790 -0.006953 0.996149 -0.087401 0.992638 -0.003693 -0.121059 -228.464592 -17.164154 120.851204
-0.118853 -0.087140 -0.989081 -0.006664 0.996189 -0.086965 0.992890 -0.003745 -0.118980 -229.233014 -17.240998 120.762697
-0.116530 -0.087690 -0.989309 -0.005634 0.996137 -0.087632 0.993171 -0.004638 -0.116573 -229.982795 -17.308775 120.677779
-0.115090 -0.087890 -0.989459 -0.005602 0.996120 -0.087830 0.993339 -0.004566 -0.115135 -230.671372 -17.375789 120.591082
-0.114543 -0.087552 -0.989553 -0.006310 0.996153 -0.087405 0.993398 -0.003768 -0.114655 -231.292856 -17.440378 120.502346
-0.112749 -0.085945 -0.989900 -0.006044 0.996293 -0.085812 0.993605 -0.003692 -0.112850 -231.993205 -17.503965 120.421235
-0.111635 -0.084093 -0.990185 -0.003925 0.996443 -0.084182 0.993742 -0.005511 -0.111568 -232.773354 -17.578882 120.334836
-0.110276 -0.082774 -0.990448 -0.002893 0.996549 -0.082962 0.993897 -0.006284 -0.110135 -233.635317 -17.670247 120.243212
-0.109353 -0.081495 -0.990657 -0.002113 0.996650 -0.081755 0.994001 -0.006847 -0.109159 -234.466921 -17.753676 120.152910
-0.107734 -0.081161 -0.990861 -0.002042 0.996678 -0.081415 0.994178 -0.006748 -0.107541 -235.296572 -17.840354 120.062232
-0.105830 -0.081387 -0.991048 -0.001935 0.996660 -0.081641 0.994382 -0.006723 -0.105634 -236.087341 -17.926488 119.978931
-0.105445 -0.081373 -0.991090 -0.001122 0.996655 -0.081711 0.994425 -0.007504 -0.105184 -236.964394 -18.009438 119.892525
-0.106250 -0.081660 -0.990981 -0.000597 0.996627 -0.082061 0.994339 -0.008128 -0.105940 -237.683858 -18.079159 119.814154
-0.107794 -0.082883 -0.990712 -0.000660 0.996524 -0.083298 0.994173 -0.008325 -0.107475 -238.410355 -18.146514 119.727770
-0.111440 -0.083533 -0.990254 -0.000013 0.996461 -0.084055 0.993771 -0.009354 -0.111046 -239.088713 -18.212068 119.654585
-0.116528 -0.084728 -0.989567 -0.000388 0.996358 -0.085264 0.993187 -0.009552 -0.116136 -239.732537 -18.281823 119.579477
-0.121015 -0.085232 -0.988985 -0.000793 0.996315 -0.085766 0.992650 -0.009594 -0.120637 -240.316527 -18.346135 119.505669
-0.128671 -0.085539 -0.987991 -0.002111 0.996294 -0.085983 0.991685 -0.008978 -0.128375 -240.955582 -18.415948 119.413247
-0.138580 -0.086267 -0.986587 -0.004019 0.996240 -0.086546 0.990343 -0.008029 -0.138406 -241.552117 -18.478603 119.317895
-0.151550 -0.086758 -0.984635 -0.006599 0.996207 -0.086762 0.988428 -0.006651 -0.151547 -242.081509 -18.538639 119.225575
-0.167268 -0.087539 -0.982018 -0.009172 0.996145 -0.087236 0.985869 -0.005584 -0.167426 -242.633894 -18.597976 119.122699
-0.187900 -0.088525 -0.978191 -0.011623 0.996061 -0.087909 0.982119 -0.005148 -0.188188 -243.174067 -18.658238 119.006774
-0.210409 -0.088698 -0.973581 -0.014619 0.996050 -0.087585 0.977504 -0.004196 -0.210874 -243.647052 -18.715783 118.886831
-0.235708 -0.087956 -0.967835 -0.017203 0.996117 -0.086337 0.971672 -0.003700 -0.236306 -244.143482 -18.778907 118.751038
-0.265731 -0.086330 -0.960174 -0.019335 0.996259 -0.084224 0.963853 -0.003816 -0.266406 -244.649751 -18.841079 118.591610
-0.299055 -0.085336 -0.950413 -0.022937 0.996348 -0.082243 0.953960 -0.002796 -0.299920 -245.091458 -18.887677 118.437144
-0.331843 -0.084084 -0.939580 -0.024535 0.996452 -0.080508 0.943016 -0.003664 -0.332729 -245.569116 -18.938553 118.257351
-0.372641 -0.082797 -0.924275 -0.026603 0.996555 -0.078547 0.927594 -0.004681 -0.373560 -246.031708 -18.996141 118.059968
-0.415007 -0.082289 -0.906089 -0.030009 0.996598 -0.076764 0.909323 -0.004666 -0.416064 -246.470173 -19.051348 117.835387
-0.460703 -0.081968 -0.883761 -0.034350 0.996627 -0.074530 0.886889 -0.003979 -0.461965 -246.822269 -19.101680 117.620093
-0.502240 -0.082913 -0.860744 -0.038845 0.996551 -0.073329 0.863855 -0.003393 -0.503728 -247.218497 -19.151056 117.362515
-0.543320 -0.083496 -0.835363 -0.043493 0.996505 -0.071314 0.838399 -0.002414 -0.545052 -247.630399 -19.201510 117.059798
-0.584882 -0.084899 -0.806663 -0.047920 0.996387 -0.070122 0.809702 -0.002358 -0.586837 -247.961036 -19.240208 116.784802
-0.627001 -0.085164 -0.774349 -0.051081 0.996362 -0.068221 0.777342 -0.003220 -0.629070 -248.302191 -19.282462 116.488652
-0.665334 -0.084741 -0.741721 -0.054299 0.996398 -0.065131 0.744569 -0.003059 -0.667539 -248.670664 -19.329567 116.111963
-0.703124 -0.082756 -0.706235 -0.056990 0.996568 -0.060039 0.708780 -0.001967 -0.705427 -249.038751 -19.363918 115.713524
-0.741113 -0.079470 -0.666660 -0.059075 0.996837 -0.053157 0.668776 -0.000013 -0.743464 -249.442081 -19.407539 115.232357
-0.779508 -0.076817 -0.621665 -0.062672 0.997036 -0.044615 0.623249 0.004183 -0.782012 -249.799099 -19.449543 114.724301
-0.813650 -0.076751 -0.576266 -0.065967 0.997034 -0.039650 0.577600 0.005753 -0.816300 -250.071474 -19.475418 114.269615
-0.841271 -0.076759 -0.535137 -0.066852 0.997042 -0.037919 0.536465 0.003875 -0.843914 -250.352451 -19.498771 113.795508
-0.865931 -0.079881 -0.493744 -0.070194 0.996803 -0.038163 0.495214 0.001612 -0.868770 -250.610474 -19.517892 113.283089
-0.890585 -0.082791 -0.447218 -0.073979 0.996567 -0.037169 0.448760 -0.000017 -0.893652 -250.841635 -19.538988 112.755148
-0.911703 -0.086049 -0.401738 -0.078084 0.996290 -0.036193 0.403361 -0.001628 -0.915039 -251.011263 -19.555842 112.305177
-0.931764 -0.088512 -0.352111 -0.081947 0.996072 -0.033538 0.353697 -0.002395 -0.935357 -251.147112 -19.571886 111.836921
-0.948080 -0.090878 -0.304772 -0.085553 0.995857 -0.030813 0.306309 -0.003139 -0.951927 -251.244452 -19.584270 111.424186
-0.961287 -0.092742 -0.259472 -0.088266 0.995678 -0.028875 0.261029 -0.004855 -0.965319 -251.341269 -19.584892 110.916557
-0.971613 -0.094754 -0.216771 -0.091481 0.995490 -0.025110 0.218173 -0.004567 -0.975899 -251.423767 -19.596645 110.401027
-0.979721 -0.097351 -0.175127 -0.095276 0.995245 -0.020243 0.176265 -0.003147 -0.984338 -251.481264 -19.613366 109.908208
-0.985692 -0.099279 -0.136217 -0.098174 0.995059 -0.014827 0.137016 -0.001242 -0.990568 -251.504110 -19.626176 109.442335
-0.989919 -0.099862 -0.100436 -0.099451 0.995001 -0.009103 0.100843 0.000977 -0.994902 -251.530147 -19.634159 108.959479
-0.992459 -0.100746 -0.069822 -0.100611 0.994911 -0.005467 0.070018 0.001599 -0.997544 -251.548268 -19.639073 108.480482
-0.994101 -0.101414 -0.038449 -0.101389 0.994843 -0.002605 0.038515 0.001308 -0.999257 -251.547283 -19.640919 107.981187
-0.994673 -0.102514 -0.010773 -0.102518 0.994731 -0.000240 0.010741 0.000865 -0.999942 -251.532982 -19.649300 107.470020
-0.994526 -0.103572 0.013797 -0.103565 0.994622 0.001256 -0.013852 -0.000179 -0.999904 -251.497824 -19.654027 106.911330
-0.993935 -0.104814 0.033278 -0.104778 0.994492 0.002818 -0.033390 -0.000686 -0.999442 -251.468160 -19.661518 106.394230
-0.993388 -0.104684 0.047126 -0.104616 0.994505 0.003913 -0.047277 -0.001043 -0.998881 -251.422871 -19.668652 105.673422
-0.992693 -0.105918 0.057807 -0.105880 0.994372 0.003737 -0.057878 -0.002411 -0.998321 -251.374926 -19.672553 104.978657
-0.991949 -0.106693 0.068214 -0.106779 0.994280 0.002391 -0.068079 -0.004912 -0.997668 -251.322780 -19.679571 104.280317
-0.991585 -0.106607 0.073441 -0.106849 0.994275 0.000643 -0.073090 -0.007210 -0.997299 -251.271607 -19.694306 103.654452
-0.991362 -0.106152 0.077021 -0.106493 0.994313 -0.000321 -0.076549 -0.008520 -0.997029 -251.219559 -19.706195 102.949171
-0.991113 -0.105582 0.080911 -0.106088 0.994355 -0.001970 -0.080246 -0.010536 -0.996719 -251.170081 -19.723359 102.302861
-0.990717 -0.106962 0.083897 -0.107753 0.994165 -0.004943 -0.082879 -0.013937 -0.996462 -251.112298 -19.738673 101.636814
-0.990431 -0.108007 0.085910 -0.109014 0.994015 -0.007098 -0.084629 -0.016396 -0.996278 -251.051642 -19.758796 100.951727
-0.990123 -0.108938 0.088254 -0.110057 0.993894 -0.007898 -0.086855 -0.017533 -0.996067 -250.987785 -19.778353 100.225990
-0.989988 -0.109173 0.089467 -0.110302 0.993868 -0.007764 -0.088070 -0.017554 -0.995960 -250.921997 -19.799490 99.474607
-0.989965 -0.109134 0.089768 -0.110274 0.993871 -0.007818 -0.088364 -0.017639 -0.995932 -250.852548 -19.820458 98.715018
-0.989959 -0.109102 0.089876 -0.110389 0.993843 -0.009467 -0.088289 -0.019293 -0.995908 -250.783435 -19.840407 97.928133
-0.989846 -0.110102 0.089902 -0.111745 0.993646 -0.013443 -0.087850 -0.023353 -0.995860 -250.720497 -19.855136 97.279072
-0.989919 -0.109931 0.089301 -0.112006 0.993534 -0.018554 -0.086684 -0.028369 -0.995832 -250.664228 -19.869089 96.644866
-0.989996 -0.109764 0.088651 -0.112221 0.993412 -0.023201 -0.085520 -0.032918 -0.995792 -250.593849 -19.896400 95.835250
-0.990083 -0.109482 0.088037 -0.111993 0.993417 -0.024094 -0.084819 -0.033714 -0.995826 -250.533346 -19.914024 95.105526
-0.990133 -0.109260 0.087740 -0.111589 0.993509 -0.022079 -0.084758 -0.031652 -0.995899 -250.458927 -19.942172 94.295734
-0.989884 -0.110403 0.089109 -0.112605 0.993437 -0.020060 -0.086309 -0.029892 -0.995820 -250.382741 -19.972859 93.459433
-0.989653 -0.111439 0.090375 -0.113557 0.993357 -0.018625 -0.087699 -0.028695 -0.995734 -250.309202 -20.004097 92.617775
-0.989299 -0.112708 0.092654 -0.114659 0.993276 -0.015999 -0.090227 -0.026451 -0.995570 -250.227861 -20.027446 91.781369
-0.988697 -0.115298 0.095834 -0.116941 0.993070 -0.011686 -0.093823 -0.022761 -0.995329 -250.140507 -20.046684 90.918746
-0.987871 -0.118124 0.100788 -0.119566 0.992791 -0.008363 -0.099074 -0.020313 -0.994873 -250.046625 -20.062277 90.132771
-0.986999 -0.119373 0.107620 -0.120730 0.992666 -0.006154 -0.106097 -0.019067 -0.994173 -249.961093 -20.079558 89.398553
-0.986051 -0.121270 0.114002 -0.122810 0.992409 -0.006553 -0.112342 -0.020463 -0.993459 -249.868469 -20.094603 88.594425
-0.985263 -0.121354 0.120543 -0.123239 0.992343 -0.008280 -0.118615 -0.023013 -0.992674 -249.771754 -20.111993 87.817057
-0.984665 -0.122281 0.124428 -0.124112 0.992243 -0.007047 -0.122601 -0.022382 -0.992204 -249.667943 -20.130071 86.978569
-0.984188 -0.124843 0.125654 -0.126018 0.992027 -0.001418 -0.124475 -0.017231 -0.992073 -249.561225 -20.144848 86.155348
-0.983944 -0.126854 0.125551 -0.127709 0.991811 0.001242 -0.124680 -0.014811 -0.992086 -249.449510 -20.159993 85.310100
-0.983499 -0.128128 0.127722 -0.129175 0.991622 0.000081 -0.126662 -0.016419 -0.991810 -249.336171 -20.173856 84.495366
-0.982869 -0.128472 0.132153 -0.129836 0.991534 -0.001721 -0.130813 -0.018849 -0.991228 -249.227975 -20.184837 83.734246
-0.982374 -0.128385 0.135863 -0.130151 0.991485 -0.004164 -0.134172 -0.021773 -0.990719 -249.134246 -20.192551 83.044324
-0.981943 -0.128548 0.138791 -0.130599 0.991419 -0.005732 -0.136863 -0.023755 -0.990305 -249.031549 -20.204427 82.341338
-0.981641 -0.128912 0.140582 -0.131029 0.991361 -0.005869 -0.138611 -0.024182 -0.990052 -248.913187 -20.218251 81.526082
-0.981188 -0.130083 0.142649 -0.131998 0.991242 -0.004004 -0.140879 -0.022758 -0.989765 -248.797283 -20.236758 80.730200
-0.980586 -0.131593 0.145380 -0.133142 0.991097 -0.000935 -0.143963 -0.020273 -0.989375 -248.677450 -20.251330 79.957255
-0.980062 -0.133163 0.147466 -0.134513 0.990911 0.000825 -0.146236 -0.019028 -0.989067 -248.538405 -20.263538 79.053849
-0.979413 -0.134773 0.150290 -0.136036 0.990702 0.001897 -0.149148 -0.018587 -0.988640 -248.407989 -20.271047 78.226986
-0.979062 -0.135637 0.151791 -0.136765 0.990599 0.003039 -0.150776 -0.017784 -0.988408 -248.289214 -20.279395 77.450935
-0.978702 -0.135775 0.153973 -0.136568 0.990616 0.005465 -0.153270 -0.015679 -0.988060 -248.159658 -20.286691 76.612091
-0.978549 -0.135672 0.155032 -0.135936 0.990677 0.008946 -0.154800 -0.012320 -0.987869 -248.032219 -20.294800 75.761428
-0.978165 -0.136380 0.156824 -0.136092 0.990616 0.012621 -0.157073 -0.008997 -0.987546 -247.880231 -20.307008 74.831197
-0.977922 -0.136790 0.157976 -0.136617 0.990551 0.012003 -0.158126 -0.009844 -0.987370 -247.729245 -20.320444 73.930331
-0.977892 -0.135582 0.159203 -0.136371 0.990640 0.006013 -0.158528 -0.015830 -0.987228 -247.583361 -20.326731 73.043481
-0.977876 -0.134235 0.160435 -0.136434 0.990645 -0.002716 -0.158570 -0.024545 -0.987043 -247.433700 -20.335355 72.123506
-0.977726 -0.134355 0.161249 -0.137033 0.990551 -0.005554 -0.158979 -0.027527 -0.986898 -247.292821 -20.348719 71.269217
-0.977623 -0.135179 0.161185 -0.137619 0.990477 -0.004020 -0.159107 -0.026113 -0.986916 -247.143900 -20.370737 70.386913
-0.977427 -0.136685 0.161101 -0.138794 0.990320 -0.001857 -0.159288 -0.024175 -0.986936 -246.994544 -20.388426 69.508028
-0.977269 -0.138443 0.160557 -0.140363 0.990100 -0.000621 -0.158882 -0.023143 -0.987026 -246.854138 -20.402351 68.671665
-0.977221 -0.139323 0.160087 -0.141171 0.989985 -0.000172 -0.158460 -0.022768 -0.987103 -246.711387 -20.419802 67.806381
-0.977459 -0.140859 0.157266 -0.142664 0.989771 -0.000191 -0.155630 -0.022623 -0.987556 -246.560125 -20.437343 66.891136
-0.977874 -0.142229 0.153407 -0.144016 0.989575 -0.000543 -0.151730 -0.022624 -0.988163 -246.414054 -20.452973 65.991090
-0.979009 -0.142897 0.145334 -0.144481 0.989507 -0.000349 -0.143760 -0.021340 -0.989383 -246.288625 -20.465626 65.130825
-0.980502 -0.142168 0.135661 -0.143575 0.989639 -0.000598 -0.134170 -0.020064 -0.990755 -246.177386 -20.479355 64.285479
-0.981558 -0.141488 0.128553 -0.142799 0.989751 -0.000990 -0.127095 -0.019329 -0.991702 -246.064462 -20.493992 63.380775
-0.983055 -0.142448 0.115378 -0.143505 0.989649 -0.000860 -0.114061 -0.017403 -0.993321 -245.954296 -20.508529 62.487523
-0.984909 -0.142807 0.097781 -0.143626 0.989631 -0.001352 -0.096574 -0.015375 -0.995207 -245.875890 -20.524094 61.668675
-0.987020 -0.142839 0.073413 -0.143578 0.989627 -0.004861 -0.071957 -0.015339 -0.997290 -245.820085 -20.537513 60.831337
-0.988895 -0.140336 0.048913 -0.140929 0.989980 -0.008887 -0.047176 -0.015682 -0.998763 -245.799730 -20.561668 60.003224
-0.989840 -0.140259 0.023345 -0.140574 0.989992 -0.012436 -0.021367 -0.015592 -0.999650 -245.800139 -20.585095 59.230302
-0.990208 -0.139479 -0.005746 -0.139355 0.990077 -0.018093 0.008213 -0.017115 -0.999820 -245.816918 -20.617532 58.411699
-0.990017 -0.138477 -0.026277 -0.137764 0.990090 -0.027255 0.029791 -0.023363 -0.999283 -245.845786 -20.644524 57.610601
-0.989449 -0.137019 -0.047088 -0.135363 0.990115 -0.036732 0.051656 -0.029971 -0.998215 -245.896134 -20.694289 56.763242
-0.988237 -0.137078 -0.067798 -0.134233 0.989932 -0.044897 0.073269 -0.035268 -0.996688 -245.965751 -20.746271 55.841682
-0.986415 -0.136685 -0.091122 -0.132530 0.989906 -0.050215 0.097066 -0.037457 -0.994573 -246.052933 -20.805124 54.945597
-0.984353 -0.135853 -0.112220 -0.130396 0.989955 -0.054651 0.118517 -0.039162 -0.992179 -246.155567 -20.862566 54.108410
-0.982451 -0.135169 -0.128525 -0.128549 0.989975 -0.058519 0.135147 -0.040971 -0.989978 -246.281405 -20.933844 53.220330
-0.980854 -0.134083 -0.141231 -0.126674 0.990113 -0.060247 0.147913 -0.041203 -0.988142 -246.416512 -20.997854 52.373605
-0.979397 -0.132936 -0.152015 -0.124782 0.990244 -0.062020 0.158777 -0.041774 -0.986430 -246.549069 -21.061671 51.555518
-0.977231 -0.131789 -0.166286 -0.123005 0.990461 -0.062108 0.172885 -0.040240 -0.984120 -246.706032 -21.139496 50.621494
-0.975503 -0.131706 -0.176205 -0.122542 0.990527 -0.061968 0.182697 -0.038857 -0.982401 -246.854233 -21.205852 49.844441
-0.973664 -0.130365 -0.187036 -0.120256 0.990648 -0.064462 0.193690 -0.040272 -0.980236 -247.007730 -21.267552 49.095392
-0.972081 -0.129349 -0.195774 -0.118029 0.990647 -0.068475 0.202800 -0.043456 -0.978256 -247.161318 -21.332312 48.389085
-0.970474 -0.128023 -0.204428 -0.115453 0.990676 -0.072324 0.211781 -0.046587 -0.976206 -247.342275 -21.400506 47.600263
-0.969443 -0.126322 -0.210295 -0.113708 0.990968 -0.071081 0.217375 -0.044997 -0.975051 -247.551257 -21.485329 46.693891
-0.969020 -0.122832 -0.214271 -0.111459 0.991679 -0.064423 0.220401 -0.038544 -0.974648 -247.776375 -21.573520 45.702985
-0.968909 -0.119350 -0.216729 -0.109041 0.992287 -0.058959 0.222094 -0.033494 -0.974450 -247.994815 -21.649914 44.744254
-0.969602 -0.116109 -0.215387 -0.106160 0.992700 -0.057239 0.220460 -0.032634 -0.974850 -248.204675 -21.718572 43.826073
-0.969735 -0.116012 -0.214836 -0.105416 0.992606 -0.060180 0.220229 -0.035711 -0.974794 -248.406683 -21.791000 42.916336
-0.970071 -0.117500 -0.212499 -0.106245 0.992299 -0.063668 0.218343 -0.039186 -0.975085 -248.589202 -21.849373 42.066662
-0.970970 -0.117090 -0.208582 -0.105543 0.992242 -0.065695 0.214656 -0.041773 -0.975796 -248.776633 -21.916734 41.184166
-0.971878 -0.116219 -0.204807 -0.104742 0.992304 -0.066052 0.210907 -0.042743 -0.976571 -248.989188 -21.993159 40.182565
-0.972572 -0.114040 -0.202727 -0.102875 0.992580 -0.064816 0.208614 -0.042183 -0.977088 -249.185820 -22.071698 39.234651
-0.973522 -0.112707 -0.198875 -0.102134 0.992794 -0.062677 0.204506 -0.040706 -0.978018 -249.396763 -22.155273 38.188961
-0.974450 -0.112033 -0.194667 -0.101779 0.992877 -0.061932 0.200219 -0.040537 -0.978912 -249.601890 -22.228520 37.170190
-0.975435 -0.111242 -0.190139 -0.101058 0.992917 -0.062475 0.195742 -0.041725 -0.979767 -249.785389 -22.301862 36.221123
-0.976039 -0.110881 -0.187226 -0.100536 0.992879 -0.063903 0.192978 -0.043549 -0.980236 -249.979822 -22.378704 35.192451
-0.976630 -0.109347 -0.185034 -0.098761 0.992952 -0.065521 0.190895 -0.045716 -0.980545 -250.179477 -22.463382 34.145326
-0.977130 -0.107674 -0.183369 -0.096888 0.993050 -0.066824 0.189290 -0.047529 -0.980770 -250.369802 -22.547723 33.162347
-0.978029 -0.105890 -0.179573 -0.095232 0.993198 -0.066991 0.185445 -0.048418 -0.981461 -250.557761 -22.640885 32.136462
-0.978952 -0.107046 -0.173763 -0.096555 0.993018 -0.067770 0.179804 -0.049566 -0.982453 -250.730285 -22.732588 31.096302
-0.979140 -0.107043 -0.172702 -0.096311 0.992929 -0.069393 0.178909 -0.051313 -0.982527 -250.931141 -22.830258 29.964175
-0.979611 -0.107165 -0.169933 -0.096533 0.992889 -0.069662 0.176190 -0.051838 -0.982990 -251.124379 -22.918221 28.853834
-0.979947 -0.108039 -0.167427 -0.097634 0.992813 -0.069205 0.173700 -0.051470 -0.983453 -251.310715 -23.015072 27.711665
-0.980329 -0.107734 -0.165372 -0.097453 0.992839 -0.069094 0.171632 -0.051618 -0.983808 -251.494810 -23.105781 26.619694
-0.980486 -0.107633 -0.164507 -0.097332 0.992825 -0.069469 0.170803 -0.052102 -0.983927 -251.676747 -23.194892 25.519956
-0.981150 -0.105970 -0.161600 -0.095667 0.992929 -0.070278 0.167905 -0.053493 -0.984351 -251.839522 -23.281401 24.506999
-0.981512 -0.107177 -0.158580 -0.096825 0.992719 -0.071647 0.165105 -0.054968 -0.984743 -251.998109 -23.370593 23.468757
-0.982200 -0.107462 -0.154063 -0.097375 0.992668 -0.071611 0.160629 -0.055335 -0.985462 -252.131905 -23.441223 22.590647
-0.982494 -0.109145 -0.150976 -0.099401 0.992535 -0.070673 0.157562 -0.054428 -0.986008 -252.290640 -23.531194 21.534292
-0.982668 -0.111121 -0.148378 -0.101568 0.992327 -0.070502 0.155074 -0.054209 -0.986414 -252.441702 -23.623144 20.477195
-0.982498 -0.112896 -0.148163 -0.103512 0.992189 -0.069613 0.154865 -0.053058 -0.986510 -252.593712 -23.711348 19.438603
-0.981807 -0.115461 -0.150742 -0.106017 0.991948 -0.069277 0.157527 -0.052036 -0.986143 -252.758144 -23.806769 18.305184
-0.981371 -0.115407 -0.153595 -0.105574 0.991893 -0.070735 0.160513 -0.053202 -0.985599 -252.920289 -23.890415 17.290818
-0.980710 -0.116404 -0.157027 -0.106185 0.991736 -0.072001 0.164110 -0.053938 -0.984966 -253.074755 -23.975470 16.312237
-0.979457 -0.116666 -0.164477 -0.106123 0.991777 -0.071522 0.171468 -0.052598 -0.983785 -253.241425 -24.069373 15.311125
-0.977624 -0.118648 -0.173709 -0.107483 0.991570 -0.072361 0.180830 -0.052071 -0.982135 -253.420527 -24.166500 14.291290
-0.977138 -0.118865 -0.176272 -0.107286 0.991481 -0.073856 0.183549 -0.053256 -0.981567 -253.591584 -24.250648 13.355008
-0.976446 -0.120574 -0.178925 -0.108563 0.991218 -0.075501 0.186457 -0.054298 -0.980961 -253.769014 -24.342019 12.416934
-0.976187 -0.123025 -0.178672 -0.111075 0.990944 -0.075447 0.186336 -0.053805 -0.981012 -253.937369 -24.437664 11.445843
-0.976178 -0.124623 -0.177608 -0.112922 0.990802 -0.074569 0.185268 -0.052737 -0.981272 -254.093858 -24.526311 10.559309
-0.976009 -0.124993 -0.178279 -0.113517 0.990834 -0.073221 0.185797 -0.051227 -0.981252 -254.256014 -24.609507 9.645725
-0.975774 -0.126288 -0.178649 -0.115019 0.990741 -0.072127 0.186104 -0.049831 -0.981266 -254.407857 -24.683343 8.716985
-0.976230 -0.125772 -0.176514 -0.114616 0.990792 -0.072073 0.183953 -0.050129 -0.981656 -254.558500 -24.766531 7.840656
-0.977080 -0.124825 -0.172432 -0.113439 0.990754 -0.074414 0.180127 -0.053148 -0.982207 -254.706569 -24.846964 6.993245
-0.977924 -0.123396 -0.168635 -0.111751 0.990755 -0.076919 0.176567 -0.056376 -0.982673 -254.866163 -24.929593 6.076690
-0.978264 -0.123884 -0.166292 -0.112132 0.990602 -0.078325 0.174433 -0.057976 -0.982961 -255.014399 -25.007595 5.167892
-0.978796 -0.122991 -0.163802 -0.111226 0.990635 -0.079187 0.172008 -0.059288 -0.983310 -255.159436 -25.083150 4.255552
-0.979261 -0.121540 -0.162102 -0.110067 0.990859 -0.078001 0.170100 -0.058541 -0.983686 -255.321972 -25.171624 3.245801
-0.979672 -0.120459 -0.160412 -0.109145 0.990993 -0.077593 0.168314 -0.058507 -0.983996 -255.466453 -25.249183 2.351341
-0.980071 -0.120505 -0.157924 -0.109483 0.991021 -0.076754 0.165755 -0.057934 -0.984464 -255.611270 -25.331233 1.400238
-0.980156 -0.121071 -0.156957 -0.110166 0.990970 -0.076437 0.164794 -0.057628 -0.984643 -255.758288 -25.430208 0.406369
-0.980354 -0.121617 -0.155291 -0.110782 0.990885 -0.076646 0.163197 -0.057936 -0.984891 -255.916308 -25.535322 -0.659768
-0.980738 -0.122743 -0.151946 -0.111911 0.990658 -0.077932 0.160092 -0.059426 -0.985312 -256.076895 -25.633928 -1.736244
-0.980727 -0.125395 -0.149838 -0.114332 0.990190 -0.080328 0.158441 -0.061648 -0.985442 -256.230974 -25.728704 -2.785579
-0.981305 -0.128142 -0.143595 -0.117295 0.989735 -0.081645 0.152583 -0.063276 -0.986263 -256.370256 -25.821179 -3.763528
-0.982003 -0.130173 -0.136838 -0.119693 0.989399 -0.082244 0.146093 -0.064386 -0.987173 -256.495154 -25.910768 -4.695371
-0.982731 -0.131034 -0.130653 -0.120954 0.989236 -0.082350 0.140037 -0.065125 -0.988002 -256.612369 -26.006739 -5.657075
-0.983090 -0.132966 -0.125910 -0.123184 0.988944 -0.082556 0.135495 -0.065650 -0.988601 -256.735472 -26.097586 -6.612309
-0.983330 -0.134297 -0.122581 -0.124511 0.988630 -0.084306 0.132509 -0.067638 -0.988871 -256.864237 -26.189995 -7.650180
-0.983522 -0.135457 -0.119732 -0.125922 0.988483 -0.083934 0.129723 -0.067474 -0.989252 -256.978341 -26.285815 -8.631091
-0.983954 -0.136207 -0.115252 -0.127030 0.988372 -0.083567 0.125294 -0.067586 -0.989815 -257.092827 -26.389019 -9.658075
-0.984240 -0.136893 -0.111944 -0.127984 0.988275 -0.083262 0.122030 -0.067623 -0.990220 -257.193404 -26.486344 -10.617397
-0.984198 -0.137853 -0.111133 -0.128958 0.988117 -0.083633 0.121341 -0.067980 -0.990280 -257.287805 -26.578669 -11.525950
-0.983999 -0.139218 -0.111195 -0.130336 0.987945 -0.083535 0.121484 -0.067706 -0.990282 -257.381816 -26.670889 -12.412644
-0.983611 -0.140467 -0.113040 -0.131486 0.987807 -0.083360 0.123371 -0.067131 -0.990087 -257.475255 -26.761679 -13.230711
-0.982994 -0.141892 -0.116574 -0.132762 0.987692 -0.082702 0.126874 -0.065819 -0.989733 -257.580971 -26.853069 -14.119125
-0.982267 -0.143702 -0.120420 -0.134401 0.987517 -0.082137 0.130720 -0.064496 -0.989319 -257.695102 -26.947754 -15.042818
-0.981662 -0.145065 -0.123676 -0.135616 0.987386 -0.081710 0.133969 -0.063439 -0.988953 -257.803707 -27.036795 -15.948069
-0.981246 -0.144321 -0.127776 -0.134651 0.987546 -0.081375 0.137929 -0.062644 -0.988459 -257.905072 -27.114087 -16.714130
-0.980897 -0.144158 -0.130614 -0.134378 0.987624 -0.080875 0.140657 -0.061778 -0.988129 -258.006506 -27.186175 -17.451815
-0.980543 -0.143137 -0.134337 -0.133187 0.987825 -0.080391 0.144209 -0.060935 -0.987669 -258.096811 -27.250828 -18.060960
-0.980136 -0.143588 -0.136804 -0.133533 0.987803 -0.080087 0.146635 -0.060229 -0.987355 -258.188529 -27.315478 -18.698742
-0.979881 -0.143680 -0.138528 -0.133455 0.987779 -0.080518 0.148404 -0.060411 -0.987080 -258.288577 -27.387075 -19.403848
-0.979803 -0.143479 -0.139284 -0.133196 0.987808 -0.080583 0.149148 -0.060403 -0.986968 -258.387915 -27.453098 -20.047268
-0.979611 -0.144038 -0.140056 -0.133641 0.987710 -0.081048 0.150008 -0.060678 -0.986821 -258.492640 -27.522628 -20.763303
-0.979729 -0.143885 -0.139388 -0.133518 0.987721 -0.081114 0.149348 -0.060859 -0.986910 -258.587573 -27.592008 -21.419193
-0.980122 -0.143220 -0.137290 -0.133018 0.987811 -0.080849 0.147196 -0.060979 -0.987226 -258.688711 -27.658951 -22.134859
-0.980552 -0.143230 -0.134172 -0.133447 0.987877 -0.079312 0.143906 -0.059864 -0.987779 -258.772961 -27.717136 -22.789909
-0.981014 -0.142791 -0.131236 -0.133443 0.988021 -0.077506 0.140731 -0.058522 -0.988317 -258.866843 -27.789245 -23.511451
-0.981241 -0.142905 -0.129398 -0.133910 0.988092 -0.075775 0.138686 -0.057026 -0.988693 -258.969546 -27.869615 -24.326151
-0.981666 -0.143311 -0.125670 -0.134743 0.988094 -0.074259 0.134816 -0.055964 -0.989289 -259.059081 -27.941120 -25.133517
-0.982895 -0.143435 -0.115517 -0.135769 0.988140 -0.071738 0.124436 -0.054828 -0.990712 -259.148167 -28.016958 -25.960114
-0.984216 -0.143361 -0.103760 -0.136691 0.988222 -0.068798 0.112401 -0.053529 -0.992220 -259.231568 -28.091608 -26.804350
-0.984615 -0.144353 -0.098466 -0.138381 0.988241 -0.065038 0.106697 -0.050412 -0.993013 -259.333642 -28.175380 -27.881824
-0.984542 -0.146186 -0.096476 -0.140428 0.988018 -0.064031 0.104680 -0.049494 -0.993274 -259.431975 -28.263270 -28.958536
-0.984285 -0.146482 -0.098615 -0.140686 0.988022 -0.063402 0.106721 -0.048532 -0.993104 -259.534975 -28.345194 -29.973503
-0.983950 -0.147592 -0.100294 -0.141675 0.987855 -0.063798 0.108492 -0.048565 -0.992910 -259.621037 -28.416758 -30.842154
-0.983561 -0.149570 -0.101174 -0.143578 0.987557 -0.064157 0.109511 -0.048576 -0.992798 -259.699301 -28.481042 -31.599395
-0.983317 -0.151839 -0.100160 -0.145834 0.987183 -0.064823 0.108719 -0.049134 -0.992857 -259.766552 -28.541545 -32.288290
-0.983276 -0.153937 -0.097318 -0.147950 0.986787 -0.066044 0.106199 -0.050541 -0.993060 -259.817493 -28.592040 -32.875317
-0.983275 -0.156162 -0.093721 -0.150180 0.986328 -0.067853 0.103036 -0.052643 -0.993284 -259.858532 -28.631988 -33.348325
-0.983325 -0.158447 -0.089254 -0.152485 0.985816 -0.070103 0.099095 -0.055324 -0.993539 -259.887768 -28.664420 -33.736290
-0.983190 -0.160596 -0.086873 -0.154688 0.985411 -0.070970 0.097003 -0.056339 -0.993688 -259.914855 -28.690140 -34.089151
-0.983121 -0.161968 -0.085081 -0.156187 0.985192 -0.070733 0.095278 -0.056251 -0.993860 -259.939850 -28.715952 -34.389192
-0.983150 -0.162635 -0.083461 -0.156968 0.985083 -0.070520 0.093685 -0.056231 -0.994013 -259.963922 -28.739415 -34.660642
-0.983193 -0.163555 -0.081124 -0.157989 0.984893 -0.070890 0.091493 -0.056882 -0.994180 -259.982461 -28.761508 -34.885896
-0.983248 -0.164841 -0.077783 -0.159387 0.984601 -0.071803 0.088421 -0.058203 -0.994381 -260.000829 -28.783010 -35.156832
-0.983442 -0.166299 -0.072017 -0.161171 0.984297 -0.071998 0.082859 -0.059199 -0.994801 -260.018558 -28.803097 -35.448026
-0.983585 -0.168322 -0.065019 -0.163566 0.983854 -0.072639 0.076196 -0.060812 -0.995237 -260.035499 -28.830244 -35.777117
-0.983686 -0.170484 -0.057425 -0.166226 0.983440 -0.072211 0.068785 -0.061487 -0.995735 -260.050387 -28.860470 -36.106506
-0.983663 -0.173113 -0.049396 -0.169396 0.982950 -0.071521 0.060935 -0.061985 -0.996215 -260.054831 -28.888565 -36.435757
-0.983919 -0.174136 -0.039755 -0.171140 0.982807 -0.069293 0.051137 -0.061375 -0.996804 -260.062155 -28.921312 -36.830374
-0.983817 -0.176481 -0.030957 -0.174129 0.982445 -0.066933 0.042226 -0.060459 -0.997277 -260.064279 -28.955931 -37.268560
-0.983830 -0.177566 -0.023414 -0.175750 0.982304 -0.064743 0.034496 -0.059581 -0.997627 -260.066853 -28.989912 -37.640737
-0.983630 -0.179478 -0.016094 -0.178125 0.981937 -0.063798 0.027253 -0.059887 -0.997833 -260.064761 -29.014074 -37.948799
-0.983334 -0.181527 -0.010100 -0.180534 0.981502 -0.063730 0.021482 -0.060845 -0.997916 -260.058028 -29.033216 -38.197957
-0.983129 -0.182852 -0.004680 -0.182191 0.981203 -0.063614 0.016224 -0.061688 -0.997964 -260.048198 -29.051225 -38.363145
-0.982886 -0.184217 -0.000391 -0.183824 0.980924 -0.063227 0.012031 -0.062073 -0.997999 -260.040650 -29.067866 -38.479799
-0.982693 -0.185230 0.001917 -0.184982 0.980723 -0.062954 0.009781 -0.062219 -0.998015 -260.036891 -29.082052 -38.556669
-0.982551 -0.185967 0.003219 -0.185803 0.980600 -0.062456 0.008459 -0.061964 -0.998043 -260.035387 -29.099626 -38.682898
-0.982499 -0.186233 0.003499 -0.186088 0.980567 -0.062122 0.008138 -0.061686 -0.998062 -260.037120 -29.115865 -38.801155
-0.982513 -0.186158 0.003789 -0.186032 0.980587 -0.061976 0.007822 -0.061597 -0.998070 -260.039885 -29.130743 -38.927334
-0.982456 -0.186469 0.003138 -0.186297 0.980501 -0.062536 0.008584 -0.062023 -0.998038 -260.040165 -29.148122 -39.079998
-0.982382 -0.186878 0.001681 -0.186612 0.980417 -0.062919 0.010110 -0.062124 -0.998017 -260.038928 -29.170836 -39.289547
-0.982356 -0.187023 0.000006 -0.186656 0.980426 -0.062641 0.011710 -0.061537 -0.998036 -260.037862 -29.197391 -39.555485
-0.982333 -0.187140 -0.000981 -0.186712 0.980415 -0.062651 0.012686 -0.061361 -0.998035 -260.038465 -29.227960 -39.849178
-0.982228 -0.187676 -0.002386 -0.187160 0.980327 -0.062685 0.014103 -0.061124 -0.998031 -260.040377 -29.252969 -40.115326
-0.982169 -0.187960 -0.003855 -0.187360 0.980314 -0.062299 0.015489 -0.060466 -0.998050 -260.042826 -29.278541 -40.353534
-0.982132 -0.188133 -0.004781 -0.187481 0.980306 -0.062055 0.016361 -0.060050 -0.998061 -260.044666 -29.301797 -40.603035
-0.982073 -0.188431 -0.005184 -0.187758 0.980266 -0.061849 0.016736 -0.059766 -0.998072 -260.042470 -29.323784 -40.862223
-0.981931 -0.189158 -0.005476 -0.188472 0.980149 -0.061528 0.017006 -0.059384 -0.998090 -260.040325 -29.349920 -41.142120
-0.981849 -0.189585 -0.005526 -0.188897 0.980076 -0.061396 0.017056 -0.059238 -0.998098 -260.036642 -29.372351 -41.388570
-0.981769 -0.189994 -0.005641 -0.189300 0.980004 -0.061305 0.017175 -0.059119 -0.998103 -260.034918 -29.392459 -41.609030
-0.981632 -0.190697 -0.005698 -0.189996 0.979860 -0.061452 0.017302 -0.059240 -0.998094 -260.032498 -29.409104 -41.803027
-0.981514 -0.191308 -0.005568 -0.190614 0.979741 -0.061434 0.017208 -0.059237 -0.998096 -260.028056 -29.423213 -41.962699
-0.981336 -0.192222 -0.005592 -0.191522 0.979557 -0.061539 0.017306 -0.059319 -0.998089 -260.021184 -29.439539 -42.115545
-0.981210 -0.192870 -0.005292 -0.192190 0.979436 -0.061384 0.017022 -0.059213 -0.998100 -260.014037 -29.453416 -42.230709
-0.981072 -0.193587 -0.004650 -0.192950 0.979308 -0.061038 0.016370 -0.058985 -0.998125 -260.008317 -29.465754 -42.316713
-0.980968 -0.194130 -0.004005 -0.193536 0.979215 -0.060673 0.015700 -0.058743 -0.998150 -260.004894 -29.478103 -42.387683
-0.980864 -0.194667 -0.003243 -0.194122 0.979122 -0.060310 0.014916 -0.058526 -0.998174 -260.001507 -29.490084 -42.445337
-0.980741 -0.195298 -0.002341 -0.194809 0.979008 -0.059936 0.013998 -0.058326 -0.998199 -259.997895 -29.501831 -42.501387
-0.980611 -0.195962 -0.001362 -0.195535 0.978888 -0.059527 0.012998 -0.058106 -0.998226 -259.994762 -29.512739 -42.558456
-0.980479 -0.196625 -0.000299 -0.196265 0.978770 -0.059069 0.011907 -0.057858 -0.998254 -259.992004 -29.523643 -42.616254
-0.980355 -0.197240 0.000703 -0.196942 0.978662 -0.058599 0.010870 -0.057586 -0.998281 -259.989480 -29.533806 -42.675365
-0.980275 -0.197633 0.001585 -0.197390 0.978605 -0.058041 0.009920 -0.057209 -0.998313 -259.987913 -29.544601 -42.760741
-0.980214 -0.197924 0.002720 -0.197752 0.978573 -0.057351 0.008690 -0.056754 -0.998350 -259.984405 -29.555778 -42.877567
-0.980076 -0.198576 0.004331 -0.198498 0.978456 -0.056757 0.007033 -0.056486 -0.998379 -259.980796 -29.568240 -43.033588
-0.979821 -0.199773 0.006412 -0.199815 0.978224 -0.056140 0.004943 -0.056289 -0.998402 -259.976690 -29.581880 -43.212206
-0.979683 -0.200364 0.008643 -0.200533 0.978121 -0.055373 0.002641 -0.055981 -0.998428 -259.973730 -29.601788 -43.456336
-0.979483 -0.201242 0.010660 -0.201524 0.977962 -0.054571 0.000557 -0.055600 -0.998453 -259.970071 -29.627835 -43.787907
-0.979415 -0.201463 0.012601 -0.201851 0.977946 -0.053638 -0.001517 -0.055077 -0.998481 -259.968365 -29.661459 -44.167139
-0.979178 -0.202548 0.013598 -0.202987 0.977746 -0.052992 -0.002562 -0.054649 -0.998502 -259.968023 -29.694726 -44.553120
-0.978950 -0.203603 0.014235 -0.204073 0.977571 -0.052043 -0.003319 -0.053852 -0.998543 -259.968196 -29.726178 -44.888417
-0.978635 -0.204988 0.015906 -0.205541 0.977316 -0.051047 -0.005082 -0.053225 -0.998570 -259.965522 -29.747182 -45.141303
-0.978263 -0.206616 0.017654 -0.207254 0.977004 -0.050083 -0.006900 -0.052653 -0.998589 -259.960845 -29.759386 -45.331729
-0.977921 -0.208111 0.019002 -0.208812 0.976711 -0.049335 -0.008292 -0.052214 -0.998602 -259.953046 -29.771842 -45.528769
-0.977702 -0.208994 0.020489 -0.209763 0.976556 -0.048351 -0.009903 -0.051571 -0.998620 -259.949626 -29.782229 -45.684255
-0.977518 -0.209740 0.021621 -0.210556 0.976427 -0.047504 -0.011147 -0.050988 -0.998637 -259.945348 -29.792208 -45.808465
-0.977358 -0.210464 0.021824 -0.211284 0.976294 -0.046995 -0.011416 -0.050542 -0.998657 -259.940668 -29.801371 -45.924012
-0.977160 -0.211302 0.022593 -0.212153 0.976136 -0.046357 -0.012258 -0.050091 -0.998669 -259.935800 -29.814132 -46.062909
-0.976953 -0.212227 0.022865 -0.213083 0.975962 -0.045763 -0.012603 -0.049581 -0.998691 -259.929191 -29.826781 -46.180409
-0.976751 -0.213167 0.022762 -0.214011 0.975781 -0.045294 -0.012556 -0.049112 -0.998714 -259.924956 -29.839374 -46.277290
-0.976596 -0.213904 0.022458 -0.214729 0.975638 -0.044969 -0.012292 -0.048739 -0.998736 -259.921586 -29.853288 -46.395463
-0.976427 -0.214694 0.022300 -0.215506 0.975481 -0.044655 -0.012166 -0.048409 -0.998754 -259.920230 -29.865133 -46.501189
-0.976244 -0.215541 0.022146 -0.216340 0.975314 -0.044268 -0.012058 -0.048007 -0.998774 -259.917574 -29.877392 -46.607902
-0.975978 -0.216752 0.022024 -0.217539 0.975066 -0.043853 -0.011970 -0.047591 -0.998795 -259.915946 -29.888638 -46.704800
-0.975750 -0.217826 0.021543 -0.218584 0.974850 -0.043455 -0.011535 -0.047110 -0.998823 -259.914215 -29.900731 -46.796648
-0.975549 -0.218758 0.021173 -0.219495 0.974658 -0.043163 -0.011194 -0.046755 -0.998844 -259.913081 -29.911533 -46.880212
-0.975313 -0.219850 0.020734 -0.220562 0.974436 -0.042753 -0.010804 -0.046271 -0.998870 -259.911375 -29.924138 -46.976368
-0.975151 -0.220598 0.020436 -0.221291 0.974285 -0.042418 -0.010553 -0.045886 -0.998891 -259.909834 -29.937048 -47.072923
-0.974962 -0.221428 0.020480 -0.222119 0.974113 -0.042041 -0.010641 -0.045538 -0.998906 -259.906463 -29.949202 -47.176569
-0.974746 -0.222364 0.020618 -0.223057 0.973913 -0.041705 -0.010806 -0.045251 -0.998917 -259.903549 -29.961638 -47.282565
-0.974378 -0.223840 0.021982 -0.224587 0.973584 -0.041175 -0.012185 -0.045057 -0.998910 -259.898048 -29.974450 -47.393861
-0.973884 -0.225752 0.024191 -0.226594 0.973126 -0.041000 -0.014285 -0.045411 -0.998866 -259.890326 -29.987113 -47.514217
-0.973495 -0.227151 0.026664 -0.228098 0.972793 -0.040561 -0.016726 -0.045568 -0.998821 -259.880737 -30.000908 -47.618833
-0.973183 -0.228037 0.030217 -0.229127 0.972592 -0.039566 -0.020366 -0.045428 -0.998760 -259.871258 -30.016547 -47.737417
-0.972503 -0.230335 0.034408 -0.231583 0.972065 -0.038208 -0.024646 -0.045125 -0.998677 -259.856700 -30.034356 -47.889896
-0.971760 -0.232649 0.039458 -0.234080 0.971529 -0.036592 -0.029821 -0.044795 -0.998551 -259.838546 -30.053440 -48.106536
-0.970953 -0.234876 0.045646 -0.236506 0.971024 -0.034321 -0.036262 -0.044120 -0.998368 -259.814775 -30.076434 -48.396125
-0.970175 -0.236463 0.053345 -0.238324 0.970670 -0.031647 -0.044297 -0.043416 -0.998075 -259.787936 -30.093623 -48.722915
-0.969303 -0.238032 0.061578 -0.240109 0.970320 -0.028753 -0.052906 -0.042656 -0.997688 -259.760409 -30.104804 -48.967523
-0.968414 -0.238664 0.072215 -0.241009 0.970185 -0.025601 -0.063952 -0.042197 -0.997060 -259.726636 -30.117252 -49.246730
-0.967506 -0.239054 0.082368 -0.241580 0.970130 -0.022051 -0.074636 -0.041233 -0.996358 -259.686497 -30.131627 -49.592998
-0.966400 -0.238841 0.095006 -0.241574 0.970211 -0.018213 -0.087826 -0.040552 -0.995310 -259.645968 -30.142381 -49.897311
-0.964537 -0.240719 0.108272 -0.243622 0.969766 -0.014234 -0.101573 -0.040106 -0.994019 -259.602051 -30.153403 -50.140635
-0.962533 -0.242267 0.121808 -0.245382 0.969364 -0.011023 -0.115406 -0.040500 -0.992492 -259.552206 -30.159663 -50.436936
-0.959795 -0.244749 0.137444 -0.248173 0.968682 -0.008084 -0.131161 -0.041869 -0.990477 -259.489577 -30.164249 -50.805561
-0.957030 -0.246931 0.152046 -0.250634 0.968067 -0.005386 -0.145861 -0.043262 -0.988359 -259.422987 -30.172790 -51.105272
-0.953782 -0.249107 0.168064 -0.252859 0.967503 -0.000956 -0.162365 -0.043408 -0.985776 -259.345948 -30.174843 -51.421096
-0.950620 -0.249648 0.184386 -0.253331 0.967373 0.003698 -0.179293 -0.043195 -0.982847 -259.264607 -30.175097 -51.771514
-0.946970 -0.252199 0.199108 -0.255747 0.966710 0.008132 -0.194531 -0.043220 -0.979944 -259.167538 -30.179068 -52.155349
-0.942050 -0.254474 0.218596 -0.257682 0.966125 0.014199 -0.214804 -0.042952 -0.975712 -259.073584 -30.179235 -52.486643
-0.936683 -0.256200 0.238717 -0.258615 0.965737 0.021704 -0.236098 -0.041406 -0.970847 -258.987043 -30.177968 -52.778753
-0.931041 -0.258089 0.257978 -0.259420 0.965315 0.029486 -0.256640 -0.039472 -0.965701 -258.895837 -30.173647 -53.049224
-0.924174 -0.259107 0.280651 -0.259239 0.965091 0.037341 -0.280529 -0.038246 -0.959083 -258.814248 -30.168185 -53.260980
-0.916468 -0.259779 0.304304 -0.258525 0.964948 0.045162 -0.305369 -0.037280 -0.951504 -258.729885 -30.162481 -53.444243
-0.907975 -0.259835 0.328735 -0.256731 0.964993 0.053642 -0.331165 -0.035691 -0.942898 -258.629985 -30.150152 -53.662747
-0.898273 -0.260671 0.353774 -0.255385 0.964820 0.062454 -0.357608 -0.034247 -0.933243 -258.494094 -30.136020 -53.962561
-0.885477 -0.262341 0.383545 -0.254326 0.964398 0.072485 -0.388906 -0.033362 -0.920673 -258.350860 -30.107898 -54.213138
-0.869438 -0.263794 0.417721 -0.252870 0.963981 0.082441 -0.424423 -0.033952 -0.904827 -258.212304 -30.081305 -54.424074
-0.849854 -0.263693 0.456304 -0.249708 0.963943 0.091977 -0.464105 -0.035776 -0.885057 -258.066161 -30.048834 -54.630823
-0.825598 -0.264937 0.498192 -0.247242 0.963500 0.102659 -0.507207 -0.038419 -0.860968 -257.891733 -30.009585 -54.831142
-0.799688 -0.264206 0.539161 -0.242200 0.963626 0.112975 -0.549398 -0.040240 -0.834591 -257.681372 -29.965658 -55.072944
-0.771299 -0.264248 0.579026 -0.237559 0.963519 0.123274 -0.590477 -0.042471 -0.805936 -257.474920 -29.913605 -55.274192
-0.741198 -0.262676 0.617759 -0.231272 0.963845 0.132351 -0.630189 -0.044772 -0.775150 -257.246605 -29.858893 -55.485542
-0.710672 -0.261691 0.653042 -0.225042 0.964033 0.141411 -0.666559 -0.046465 -0.744002 -256.943126 -29.792711 -55.766899
-0.672177 -0.262681 0.692225 -0.218891 0.963658 0.153131 -0.707294 -0.048590 -0.705248 -256.621224 -29.720453 -56.022546
-0.628301 -0.262608 0.732308 -0.210281 0.963594 0.165132 -0.749013 -0.050238 -0.660648 -256.242193 -29.634777 -56.295176
-0.577814 -0.265843 0.771660 -0.201812 0.962644 0.180523 -0.790824 -0.051421 -0.609879 -255.833823 -29.541465 -56.565807
-0.535806 -0.267953 0.800696 -0.194591 0.961968 0.191708 -0.821612 -0.053090 -0.567569 -255.377150 -29.426039 -56.859346
-0.493859 -0.270531 0.826387 -0.185608 0.961265 0.203764 -0.849501 -0.052754 -0.524942 -254.856664 -29.302941 -57.168148
-0.450424 -0.273912 0.849759 -0.175237 0.960385 0.216684 -0.875449 -0.051310 -0.480580 -254.335711 -29.181071 -57.441510
-0.405938 -0.274301 0.871765 -0.161748 0.960399 0.226872 -0.899473 -0.048910 -0.434230 -253.767123 -29.038577 -57.710258
-0.360155 -0.275957 0.891143 -0.149438 0.959978 0.236877 -0.920846 -0.047858 -0.386979 -253.222433 -28.895936 -57.912483
-0.313979 -0.277490 0.907974 -0.138113 0.959512 0.245481 -0.939331 -0.048327 -0.339592 -252.740601 -28.765601 -58.057632
-0.270377 -0.278156 0.921697 -0.127046 0.959290 0.252232 -0.954335 -0.048900 -0.294709 -252.290429 -28.640685 -58.182844
-0.224597 -0.278594 0.933778 -0.115149 0.959134 0.258463 -0.967624 -0.049474 -0.247498 -251.783510 -28.498161 -58.305983
-0.185521 -0.279650 0.942007 -0.104525 0.958826 0.264057 -0.977065 -0.049475 -0.207113 -251.224940 -28.345253 -58.410153
-0.145030 -0.277931 0.949590 -0.093814 0.959276 0.266437 -0.984970 -0.050444 -0.165197 -250.639198 -28.187348 -58.494929
-0.113104 -0.276941 0.954207 -0.085965 0.959496 0.268286 -0.989857 -0.051684 -0.132330 -250.030519 -28.023327 -58.560928
-0.085021 -0.275260 0.957603 -0.077175 0.960015 0.269101 -0.993386 -0.051023 -0.102864 -249.304933 -27.835541 -58.620866
-0.065311 -0.274202 0.959452 -0.071816 0.960303 0.269556 -0.995277 -0.051299 -0.082411 -248.532882 -27.628777 -58.679035
-0.046776 -0.272194 0.961105 -0.066613 0.960866 0.268884 -0.996682 -0.051445 -0.063077 -247.786349 -27.427538 -58.720005
-0.030507 -0.270258 0.962304 -0.062795 0.961369 0.268005 -0.997560 -0.052252 -0.046299 -246.916956 -27.193778 -58.754298
-0.014755 -0.268497 0.963167 -0.057641 0.961899 0.267261 -0.998228 -0.051575 -0.029669 -246.007309 -26.952833 -58.781476
-0.000519 -0.266894 0.963726 -0.052870 0.962385 0.266495 -0.998601 -0.050814 -0.014611 -245.261156 -26.754439 -58.789994
0.014576 -0.266215 0.963803 -0.048656 0.962575 0.266612 -0.998709 -0.050781 0.001078 -244.508143 -26.550407 -58.779804
0.027752 -0.265661 0.963667 -0.045404 0.962708 0.266704 -0.998583 -0.051156 0.014655 -243.662266 -26.329862 -58.764307
0.034403 -0.265761 0.963425 -0.044138 0.962651 0.267124 -0.998433 -0.051713 0.021388 -242.761823 -26.090931 -58.746032
0.039767 -0.264923 0.963449 -0.042873 0.962872 0.266533 -0.998289 -0.051905 0.026932 -241.790172 -25.831501 -58.721649
0.044379 -0.264245 0.963434 -0.041597 0.963059 0.266058 -0.998148 -0.051883 0.031747 -240.861095 -25.585868 -58.684923
0.050821 -0.263951 0.963196 -0.039800 0.963141 0.266035 -0.997914 -0.051855 0.038443 -240.076237 -25.383641 -58.651826
0.057399 -0.263196 0.963033 -0.036542 0.963423 0.265480 -0.997682 -0.050429 0.045682 -239.362279 -25.190364 -58.619703
0.062341 -0.262391 0.962946 -0.035084 0.963650 0.264854 -0.997438 -0.050295 0.050869 -238.508845 -24.971456 -58.574592
0.068334 -0.260806 0.962970 -0.033241 0.964095 0.263470 -0.997109 -0.050014 0.057211 -237.594445 -24.731252 -58.520144
0.072261 -0.260261 0.962830 -0.032649 0.964220 0.263087 -0.996851 -0.050447 0.061178 -236.600007 -24.477029 -58.451069
0.078508 -0.260072 0.962392 -0.030919 0.964272 0.263102 -0.996434 -0.050412 0.067662 -235.614737 -24.224881 -58.379543
0.086946 -0.260761 0.961480 -0.028182 0.964105 0.264021 -0.995814 -0.050052 0.076476 -234.646866 -23.973320 -58.301160
0.091950 -0.262625 0.960507 -0.027358 0.963563 0.266079 -0.995388 -0.050743 0.081414 -233.658993 -23.714551 -58.210192
0.097433 -0.264214 0.959530 -0.026761 0.963073 0.267907 -0.994882 -0.051781 0.086764 -232.693401 -23.462284 -58.117781
0.104014 -0.263964 0.958908 -0.025919 0.963090 0.267927 -0.994238 -0.052722 0.093334 -231.769893 -23.215800 -58.025081
0.112719 -0.263580 0.958029 -0.023794 0.963182 0.267797 -0.993342 -0.052981 0.102297 -230.949868 -22.993503 -57.940287
0.117971 -0.263826 0.957329 -0.022469 0.963105 0.268186 -0.992763 -0.053149 0.107691 -230.051746 -22.760717 -57.841244
0.123996 -0.265084 0.956219 -0.022590 0.962652 0.269797 -0.992026 -0.055055 0.113377 -229.036461 -22.484878 -57.718991
0.129834 -0.265565 0.955311 -0.021809 0.962468 0.270519 -0.991296 -0.055957 0.119170 -227.943832 -22.198483 -57.585296
0.131046 -0.265091 0.955277 -0.021823 0.962582 0.270112 -0.991136 -0.056244 0.120357 -226.903665 -21.913157 -57.453723
0.131906 -0.264085 0.955437 -0.021150 0.962890 0.269065 -0.991037 -0.055699 0.121425 -225.853988 -21.629745 -57.320016
0.133588 -0.262565 0.955622 -0.020983 0.963299 0.267608 -0.990815 -0.055801 0.123176 -224.865468 -21.364556 -57.183761
0.135085 -0.261452 0.955717 -0.021164 0.963577 0.266594 -0.990608 -0.056240 0.124631 -223.854929 -21.092010 -57.046455
0.138083 -0.257941 0.956242 -0.021864 0.964462 0.263315 -0.990179 -0.057267 0.127536 -222.912149 -20.842339 -56.913611
0.140320 -0.256709 0.956248 -0.021926 0.964761 0.262212 -0.989863 -0.057760 0.129746 -221.806053 -20.558253 -56.756532
0.142929 -0.256619 0.955886 -0.022009 0.964739 0.262287 -0.989488 -0.058526 0.132241 -220.708690 -20.280043 -56.597723
0.145971 -0.257058 0.955308 -0.022091 0.964564 0.262924 -0.989042 -0.059483 0.135120 -219.685940 -20.019647 -56.446586
0.148197 -0.254862 0.955554 -0.021242 0.965180 0.260724 -0.988730 -0.058936 0.137623 -218.721033 -19.772580 -56.305503
0.148174 -0.251672 0.956402 -0.019810 0.966128 0.257301 -0.988763 -0.057071 0.138169 -217.771204 -19.525798 -56.178271
0.149541 -0.248944 0.956904 -0.018996 0.966884 0.254509 -0.988573 -0.056237 0.139860 -216.788097 -19.279115 -56.037456
0.151456 -0.248619 0.956687 -0.019682 0.966901 0.254390 -0.988268 -0.057358 0.141550 -215.778771 -19.030843 -55.882884
0.153930 -0.250010 0.955929 -0.021146 0.966404 0.256155 -0.987855 -0.059644 0.143471 -214.740850 -18.771145 -55.723915
0.157204 -0.251767 0.954935 -0.022084 0.965820 0.258272 -0.987319 -0.061690 0.146271 -213.728412 -18.516918 -55.563453
0.163246 -0.250762 0.954185 -0.021490 0.966026 0.257550 -0.986351 -0.062550 0.152311 -212.751419 -18.268094 -55.404226
0.165359 -0.248893 0.954311 -0.021807 0.966472 0.255843 -0.985992 -0.063117 0.154387 -211.798850 -18.025007 -55.244623
0.165343 -0.247122 0.954774 -0.020911 0.967002 0.253908 -0.986014 -0.061947 0.154719 -210.813375 -17.775541 -55.086706
0.165562 -0.246266 0.954957 -0.020751 0.967236 0.253031 -0.985981 -0.061708 0.155027 -209.826817 -17.529697 -54.925991
0.166630 -0.244703 0.955173 -0.019610 0.967702 0.251334 -0.985824 -0.060610 0.156450 -208.826089 -17.273728 -54.760876
0.167273 -0.243472 0.955375 -0.018432 0.968086 0.249939 -0.985738 -0.059418 0.157447 -207.944251 -17.059165 -54.616980
0.169443 -0.240793 0.955671 -0.017554 0.968802 0.247214 -0.985384 -0.058664 0.159930 -207.034514 -16.839894 -54.464918
0.173211 -0.237778 0.955751 -0.015804 0.969623 0.244094 -0.984758 -0.057385 0.164192 -206.120403 -16.617843 -54.306216
0.175542 -0.236193 0.955719 -0.015443 0.970013 0.242562 -0.984351 -0.057339 0.166631 -205.246799 -16.408763 -54.154623
0.177949 -0.235767 0.955378 -0.015489 0.970083 0.242281 -0.983918 -0.057912 0.168973 -204.322231 -16.188452 -53.989899
0.181974 -0.235076 0.954790 -0.015338 0.970206 0.241795 -0.983184 -0.058644 0.172947 -203.450039 -15.980171 -53.824095
0.186200 -0.233665 0.954322 -0.015161 0.970509 0.240587 -0.982395 -0.059265 0.177166 -202.618810 -15.779966 -53.663747
0.190283 -0.231871 0.953954 -0.015545 0.970874 0.239084 -0.981606 -0.060323 0.181137 -201.765776 -15.582809 -53.502517
0.193626 -0.229676 0.953812 -0.016073 0.971338 0.237159 -0.980944 -0.061251 0.184384 -200.835893 -15.362159 -53.318367
0.196530 -0.228539 0.953491 -0.016444 0.971551 0.236258 -0.980360 -0.062111 0.187181 -199.796776 -15.126463 -53.112027
0.199334 -0.228864 0.952831 -0.015701 0.971474 0.236627 -0.979806 -0.062128 0.190054 -198.761358 -14.886775 -52.909102
0.201105 -0.228156 0.952629 -0.016835 0.971549 0.236241 -0.979425 -0.063547 0.191542 -197.810545 -14.667362 -52.720047
0.202619 -0.226416 0.952723 -0.017437 0.971915 0.234686 -0.979102 -0.064165 0.192980 -196.778881 -14.430691 -52.515543
0.205404 -0.224893 0.952487 -0.016220 0.972324 0.233075 -0.978543 -0.063324 0.196072 -195.742167 -14.195687 -52.306894
0.208399 -0.222870 0.952312 -0.016302 0.972764 0.231224 -0.977908 -0.063712 0.199090 -194.718818 -13.970167 -52.092258
0.210004 -0.221239 0.952340 -0.016532 0.973118 0.229711 -0.977561 -0.063984 0.200701 -193.710187 -13.745208 -51.875023
0.211529 -0.219742 0.952349 -0.018360 0.973333 0.228661 -0.977199 -0.065853 0.201853 -192.668789 -13.520913 -51.641446
0.213682 -0.218271 0.952207 -0.019968 0.973540 0.227642 -0.976699 -0.067656 0.203670 -191.669284 -13.305663 -51.422023
0.215683 -0.217461 0.951941 -0.021545 0.973589 0.227288 -0.976226 -0.069532 0.205302 -190.651334 -13.086928 -51.192060
0.214756 -0.216046 0.952473 -0.021560 0.973941 0.225776 -0.976430 -0.069022 0.204502 -189.685347 -12.871123 -50.990172
0.214833 -0.213496 0.953030 -0.020115 0.974640 0.222871 -0.976444 -0.067050 0.205090 -188.708398 -12.652480 -50.784795
0.216264 -0.211845 0.953075 -0.021599 0.974899 0.221597 -0.976096 -0.068509 0.206260 -187.702557 -12.438971 -50.564321
0.217054 -0.210763 0.953135 -0.021293 0.975159 0.220482 -0.975927 -0.068151 0.207174 -186.776312 -12.240694 -50.361779
0.219221 -0.210540 0.952688 -0.021226 0.975180 0.220395 -0.975444 -0.068537 0.209311 -185.787753 -12.028498 -50.140218
0.220725 -0.210113 0.952435 -0.021968 0.975201 0.220227 -0.975089 -0.069533 0.210636 -184.805316 -11.820926 -49.919817
0.220770 -0.209071 0.952654 -0.023344 0.975342 0.219460 -0.975047 -0.070689 0.210445 -183.805739 -11.612635 -49.693725
0.221050 -0.206344 0.953183 -0.023244 0.975969 0.216668 -0.974985 -0.070051 0.210942 -182.821017 -11.403943 -49.472139
0.221049 -0.202912 0.953920 -0.022580 0.976789 0.213009 -0.975001 -0.068625 0.211336 -181.901049 -11.212757 -49.274664
0.221509 -0.198759 0.954688 -0.023311 0.977649 0.208948 -0.974880 -0.068538 0.211924 -180.967470 -11.017415 -49.064693
0.221686 -0.195384 0.955343 -0.023120 0.978392 0.205463 -0.974844 -0.067636 0.212379 -180.050720 -10.828820 -48.861564
0.223660 -0.191280 0.955713 -0.024099 0.979169 0.201614 -0.974369 -0.068124 0.214392 -179.177713 -10.656061 -48.668834
0.224579 -0.190381 0.955677 -0.024426 0.979321 0.200832 -0.974150 -0.068446 0.215284 -178.283201 -10.483674 -48.469045
0.226076 -0.191058 0.955189 -0.026370 0.979017 0.202065 -0.973753 -0.070870 0.216294 -177.354242 -10.302081 -48.250172
0.227610 -0.191827 0.954671 -0.027236 0.978766 0.203162 -0.973371 -0.072243 0.217553 -176.489884 -10.135316 -48.047964
0.229999 -0.191474 0.954169 -0.027207 0.978806 0.202976 -0.972811 -0.072644 0.219915 -175.543423 -9.948036 -47.830928
0.233412 -0.191111 0.953412 -0.026728 0.978864 0.202756 -0.972010 -0.072809 0.223371 -174.573693 -9.754539 -47.601888
0.238822 -0.190133 0.952268 -0.026603 0.978995 0.202141 -0.970699 -0.073609 0.228748 -173.624876 -9.568522 -47.369980
0.245145 -0.189244 0.950837 -0.026137 0.979117 0.201612 -0.969134 -0.074277 0.235080 -172.794998 -9.401964 -47.155554
0.251169 -0.188087 0.949493 -0.024447 0.979393 0.200477 -0.967635 -0.073566 0.241395 -171.931466 -9.226147 -46.932430
0.254353 -0.184928 0.949266 -0.024717 0.979984 0.197535 -0.966795 -0.073707 0.244691 -171.111521 -9.066245 -46.720292
0.255402 -0.183538 0.949254 -0.024657 0.980260 0.196167 -0.966520 -0.073508 0.245835 -170.247025 -8.898370 -46.493187
0.258933 -0.185196 0.947975 -0.025008 0.979832 0.198250 -0.965572 -0.075040 0.249079 -169.234756 -8.699297 -46.226701
0.263636 -0.188596 0.946006 -0.024379 0.979085 0.201984 -0.964314 -0.076313 0.253525 -168.332929 -8.518600 -45.987446
0.267725 -0.190057 0.944564 -0.024494 0.978692 0.203867 -0.963184 -0.077717 0.257365 -167.399676 -8.334153 -45.724406
0.270692 -0.187453 0.944239 -0.024055 0.979235 0.201297 -0.962365 -0.077203 0.260562 -166.516370 -8.164819 -45.475329
0.274665 -0.182963 0.943972 -0.022204 0.980261 0.196457 -0.961284 -0.074919 0.265181 -165.686853 -8.003169 -45.239418
0.280075 -0.179842 0.942982 -0.022415 0.980802 0.193712 -0.959716 -0.075391 0.270667 -164.852532 -7.838831 -44.994606
0.283507 -0.177874 0.942329 -0.022404 0.981151 0.191942 -0.958708 -0.075529 0.274178 -163.943685 -7.667685 -44.724127
0.285739 -0.176464 0.941920 -0.023083 0.981347 0.190853 -0.958029 -0.076277 0.276336 -163.135532 -7.515033 -44.479446
0.286791 -0.173338 0.942181 -0.023303 0.981941 0.187746 -0.957710 -0.075800 0.277573 -162.272580 -7.355423 -44.223811
0.287615 -0.169741 0.942585 -0.022601 0.982693 0.183860 -0.957479 -0.074184 0.278801 -161.398130 -7.198428 -43.966631
0.288916 -0.168006 0.942498 -0.022882 0.982988 0.182238 -0.957081 -0.074218 0.280156 -160.500552 -7.042103 -43.696609
0.290590 -0.167475 0.942077 -0.023148 0.983045 0.181898 -0.956568 -0.074665 0.281787 -159.599152 -6.882242 -43.423026
0.294142 -0.168610 0.940771 -0.022831 0.982796 0.183280 -0.955489 -0.075389 0.285232 -158.717705 -6.725505 -43.148283
0.295562 -0.168796 0.940293 -0.022467 0.982766 0.183482 -0.955059 -0.075356 0.286676 -157.777834 -6.560593 -42.863093
0.296740 -0.167567 0.940142 -0.022306 0.983000 0.182246 -0.954698 -0.075051 0.287958 -156.775037 -6.386078 -42.551973
0.299038 -0.166408 0.939619 -0.021340 0.983265 0.180930 -0.954003 -0.074156 0.290482 -155.845640 -6.223605 -42.261509
0.301103 -0.165158 0.939180 -0.019748 0.983596 0.179300 -0.953387 -0.072534 0.292902 -154.941403 -6.062573 -41.974878
0.302697 -0.165042 0.938688 -0.018852 0.983663 0.179029 -0.952900 -0.071888 0.294641 -154.033791 -5.907027 -41.688194
0.303194 -0.164794 0.938571 -0.018729 0.983713 0.178770 -0.952745 -0.071781 0.295169 -153.117132 -5.744732 -41.398396
0.303984 -0.164862 0.938304 -0.017129 0.983808 0.178406 -0.952523 -0.070305 0.296238 -152.284471 -5.599452 -41.134458
0.304006 -0.165216 0.938235 -0.016369 0.983796 0.178543 -0.952530 -0.069636 0.296375 -151.451109 -5.455943 -40.870754
0.304096 -0.165826 0.938098 -0.014670 0.983801 0.178660 -0.952528 -0.068091 0.296738 -150.664686 -5.317285 -40.622838
0.304232 -0.166507 0.937933 -0.013590 0.983746 0.179048 -0.952501 -0.067219 0.297024 -149.723009 -5.147800 -40.320085
0.303694 -0.167538 0.937924 -0.012105 0.983660 0.179627 -0.952693 -0.065905 0.296703 -148.889383 -4.998045 -40.052760
0.302793 -0.167585 0.938207 -0.012974 0.983603 0.179881 -0.952968 -0.066639 0.295653 -148.036029 -4.843803 -39.771082
0.303021 -0.167638 0.938124 -0.014119 0.983509 0.180308 -0.952879 -0.067882 0.295657 -147.188476 -4.692308 -39.492538
0.304262 -0.167706 0.937710 -0.014076 0.983482 0.180459 -0.952484 -0.068106 0.296875 -146.349000 -4.544601 -39.222837
0.305556 -0.167835 0.937266 -0.015289 0.983351 0.181072 -0.952051 -0.069658 0.297903 -145.471676 -4.395251 -38.937666
0.307218 -0.167261 0.936825 -0.015646 0.983412 0.180709 -0.951511 -0.070174 0.299505 -144.623334 -4.246133 -38.657631
0.309429 -0.166242 0.936278 -0.015159 0.983613 0.179656 -0.950802 -0.069784 0.301838 -143.898515 -4.120647 -38.416400
0.312794 -0.165472 0.935296 -0.015600 0.983680 0.179249 -0.949693 -0.070658 0.305108 -143.194563 -4.001542 -38.184460
0.316346 -0.163896 0.934379 -0.015878 0.983910 0.177960 -0.948511 -0.071133 0.308654 -142.534147 -3.892086 -37.966303
0.321289 -0.162257 0.932977 -0.015570 0.984173 0.176523 -0.946853 -0.071241 0.313678 -141.915088 -3.792654 -37.755850
0.326064 -0.159646 0.931770 -0.014868 0.984650 0.173909 -0.945231 -0.070558 0.318685 -141.301646 -3.694948 -37.544334
0.333578 -0.156479 0.929645 -0.014341 0.985172 0.170971 -0.942614 -0.070364 0.326387 -140.661440 -3.590745 -37.314166
0.344933 -0.154012 0.925906 -0.013285 0.985547 0.168881 -0.938533 -0.070553 0.337902 -140.102529 -3.494604 -37.099740
0.357276 -0.152323 0.921494 -0.011402 0.985827 0.167378 -0.933929 -0.070307 0.350476 -139.562728 -3.405336 -36.884758
0.369414 -0.151375 0.916853 -0.007658 0.986114 0.165895 -0.929233 -0.068305 0.363125 -138.998095 -3.315021 -36.655597
0.384066 -0.151924 0.910721 -0.002646 0.986185 0.165628 -0.923302 -0.066022 0.378358 -138.514783 -3.227882 -36.451978
0.399913 -0.152984 0.903696 0.001260 0.986063 0.166370 -0.916552 -0.065395 0.394532 -138.008637 -3.139388 -36.220149
0.416364 -0.153757 0.896103 0.005813 0.986027 0.166486 -0.909180 -0.064110 0.411439 -137.560648 -3.062930 -36.007777
0.436265 -0.153591 0.886613 0.010537 0.986129 0.165646 -0.899757 -0.062924 0.431832 -137.124392 -2.984408 -35.786041
0.457738 -0.153091 0.875807 0.015098 0.986260 0.164507 -0.888959 -0.062078 0.453761 -136.774263 -2.918283 -35.589297
0.479197 -0.152304 0.864392 0.019764 0.986452 0.162854 -0.877485 -0.060955 0.475715 -136.464091 -2.859622 -35.396907
0.502846 -0.153425 0.850650 0.025680 0.986338 0.162718 -0.863994 -0.059977 0.499917 -136.122737 -2.796722 -35.175588
0.526206 -0.154539 0.836197 0.031741 0.986232 0.162293 -0.849765 -0.058858 0.523866 -135.719712 -2.719083 -34.913439
0.550889 -0.154598 0.820135 0.037690 0.986299 0.160604 -0.833727 -0.057564 0.549168 -135.339348 -2.646803 -34.642234
0.579362 -0.154064 0.800377 0.043242 0.986400 0.158571 -0.813922 -0.057260 0.578145 -134.984828 -2.582109 -34.363231
0.607426 -0.153107 0.779482 0.048729 0.986584 0.155814 -0.792881 -0.056662 0.606737 -134.660842 -2.515674 -34.076572
0.638119 -0.150986 0.754989 0.054083 0.986952 0.151663 -0.768036 -0.055947 0.637958 -134.402434 -2.464908 -33.805874
0.668639 -0.148565 0.728594 0.058712 0.987327 0.147442 -0.741265 -0.055808 0.668888 -134.124463 -2.413120 -33.516955
0.703441 -0.149133 0.694932 0.065131 0.987151 0.145915 -0.707764 -0.057381 0.704115 -133.791649 -2.345039 -33.135488
0.738699 -0.148909 0.657381 0.070808 0.987039 0.144016 -0.670306 -0.059837 0.739668 -133.585274 -2.298305 -32.848490
0.771169 -0.147900 0.619213 0.076791 0.987148 0.140146 -0.631983 -0.060526 0.772615 -133.393404 -2.249870 -32.550422
0.802429 -0.146569 0.578469 0.081572 0.987210 0.136979 -0.591147 -0.062729 0.804121 -133.235208 -2.211130 -32.278413
0.832057 -0.144310 0.535590 0.086848 0.987549 0.131165 -0.547850 -0.062622 0.834230 -133.120151 -2.179082 -31.999028
0.860305 -0.141845 0.489648 0.091058 0.987820 0.126172 -0.501581 -0.063960 0.862743 -133.015947 -2.150555 -31.728012
0.885693 -0.139333 0.442871 0.094599 0.988053 0.121667 -0.454532 -0.065864 0.888292 -132.920282 -2.116233 -31.431539
0.907438 -0.139970 0.396188 0.100758 0.987862 0.118224 -0.407927 -0.067362 0.910526 -132.812783 -2.083386 -31.103209
0.925308 -0.139243 0.352727 0.104539 0.987768 0.115697 -0.364522 -0.070181 0.928546 -132.716850 -2.040251 -30.723087
0.941766 -0.137998 0.306650 0.107669 0.987653 0.113792 -0.318567 -0.074149 0.944996 -132.636074 -2.008215 -30.368483
0.957467 -0.137953 0.253427 0.112661 0.987323 0.111807 -0.265639 -0.078501 0.960871 -132.560794 -1.966663 -29.973092
0.970526 -0.136668 0.198499 0.116731 0.987171 0.108936 -0.210840 -0.082554 0.974028 -132.486133 -1.915178 -29.486075
0.979468 -0.134952 0.149767 0.119787 0.987117 0.106069 -0.162152 -0.085951 0.983015 -132.433471 -1.865449 -28.946503
0.986217 -0.133725 0.097431 0.123751 0.987047 0.102096 -0.109821 -0.088631 0.989992 -132.417889 -1.828013 -28.469266
0.990084 -0.133193 0.044642 0.128502 0.987128 0.095214 -0.056749 -0.088533 0.994455 -132.431532 -1.794488 -28.073723
0.991382 -0.130946 -0.003863 0.130778 0.987522 0.087731 -0.007673 -0.087480 0.996137 -132.477833 -1.771124 -27.738932
0.990539 -0.128797 -0.047379 0.132310 0.987933 0.080517 0.036436 -0.086024 0.995627 -132.528912 -1.757746 -27.488344
0.988090 -0.126036 -0.088273 0.132636 0.988446 0.073362 0.078006 -0.084196 0.993391 -132.589188 -1.741381 -27.247330
0.984371 -0.124148 -0.124902 0.133167 0.988851 0.066631 0.115237 -0.082222 0.989929 -132.661815 -1.734739 -26.941689
0.980173 -0.122532 -0.155715 0.133520 0.989096 0.062141 0.146403 -0.081700 0.985846 -132.765136 -1.712486 -26.404537
0.976052 -0.122651 -0.179664 0.135165 0.989059 0.059107 0.170449 -0.081976 0.981951 -132.893793 -1.682336 -25.768614
0.972624 -0.122439 -0.197512 0.135825 0.989168 0.055660 0.188558 -0.080964 0.978719 -133.033379 -1.654742 -25.082637
0.969790 -0.121810 -0.211350 0.135562 0.989414 0.051790 0.202805 -0.078877 0.976037 -133.175160 -1.635134 -24.440539
0.967555 -0.121689 -0.221423 0.135332 0.989663 0.047464 0.213359 -0.075890 0.974022 -133.305932 -1.619188 -23.849947
0.965720 -0.122988 -0.228604 0.136228 0.989744 0.043007 0.220970 -0.072675 0.972569 -133.441630 -1.603812 -23.276866
0.963594 -0.122533 -0.237640 0.135667 0.989960 0.039663 0.230394 -0.070459 0.970543 -133.616142 -1.587611 -22.603387
0.961598 -0.122150 -0.245783 0.135217 0.990127 0.036945 0.238844 -0.068760 0.968621 -133.780368 -1.572345 -21.984626
0.958854 -0.121912 -0.256393 0.135203 0.990207 0.034798 0.249640 -0.068031 0.965946 -133.953421 -1.560950 -21.345268
0.956399 -0.122758 -0.265011 0.136214 0.990132 0.032937 0.258352 -0.067599 0.963683 -134.156490 -1.549031 -20.619065
0.953738 -0.123285 -0.274198 0.136639 0.990164 0.030072 0.267793 -0.066147 0.961203 -134.362778 -1.531831 -19.919479
0.951650 -0.122849 -0.281548 0.136003 0.990324 0.027587 0.275435 -0.064545 0.959150 -134.571423 -1.527831 -19.229186
0.949463 -0.124258 -0.288237 0.137202 0.990226 0.025065 0.282305 -0.063344 0.957231 -134.805920 -1.525012 -18.468335
0.948191 -0.125379 -0.291914 0.138108 0.990142 0.023326 0.286112 -0.062433 0.956160 -135.057282 -1.515156 -17.648660
0.947252 -0.127564 -0.294008 0.139888 0.989941 0.021184 0.288348 -0.061195 0.955568 -135.309725 -1.499592 -16.821053
0.946492 -0.129052 -0.295803 0.141175 0.989785 0.019903 0.290212 -0.060598 0.955042 -135.572461 -1.489405 -15.965734
0.945843 -0.129321 -0.297753 0.141416 0.989761 0.019344 0.292202 -0.060403 0.954447 -135.871999 -1.482249 -15.023125
0.945438 -0.130148 -0.298678 0.142382 0.989620 0.019473 0.293043 -0.060937 0.954155 -136.170177 -1.477234 -14.074210
0.944779 -0.130689 -0.300523 0.143245 0.989484 0.020034 0.294744 -0.061976 0.953564 -136.479959 -1.471813 -13.100052
0.944478 -0.130434 -0.301577 0.143156 0.989490 0.020373 0.295750 -0.062414 0.953224 -136.786155 -1.469328 -12.143124
0.943841 -0.130165 -0.303678 0.143070 0.989499 0.020537 0.297816 -0.062831 0.952553 -137.080252 -1.471168 -11.226808
0.943498 -0.129676 -0.304952 0.142394 0.989613 0.019737 0.299225 -0.062045 0.952163 -137.391139 -1.468165 -10.262644
0.943258 -0.130003 -0.305553 0.142297 0.989656 0.018214 0.300025 -0.060660 0.952001 -137.696634 -1.461971 -9.312263
0.943107 -0.130901 -0.305639 0.142771 0.989615 0.016710 0.300277 -0.059396 0.952001 -138.010341 -1.457695 -8.327402
0.942465 -0.131790 -0.307232 0.143207 0.989582 0.014810 0.302080 -0.057956 0.951519 -138.294278 -1.459518 -7.457278
0.941931 -0.132155 -0.308708 0.143181 0.989608 0.013231 0.303752 -0.056664 0.951065 -138.592281 -1.458074 -6.557139
0.941684 -0.132237 -0.309427 0.143183 0.989613 0.012831 0.304516 -0.056388 0.950837 -138.897160 -1.456235 -5.616221
0.941879 -0.131247 -0.309256 0.141879 0.989811 0.012039 0.304524 -0.055216 0.950903 -139.177255 -1.456655 -4.754137
0.942129 -0.131402 -0.308426 0.141492 0.989884 0.010476 0.303930 -0.053509 0.951191 -139.425361 -1.456801 -3.984656
0.941721 -0.131747 -0.309524 0.141664 0.989868 0.009679 0.305113 -0.052963 0.950842 -139.655768 -1.458808 -3.270227
0.941385 -0.131936 -0.310464 0.141756 0.989859 0.009175 0.306105 -0.052647 0.950541 -139.926042 -1.460434 -2.443030
0.941119 -0.131592 -0.311412 0.141682 0.989863 0.009895 0.306953 -0.053434 0.950223 -140.213190 -1.460264 -1.556662
0.941007 -0.131354 -0.311853 0.141680 0.989856 0.010584 0.307300 -0.054143 0.950071 -140.474927 -1.459337 -0.769196
0.940745 -0.132812 -0.312025 0.143274 0.989625 0.010736 0.307362 -0.054805 0.950013 -140.744408 -1.455382 0.057537
0.940689 -0.133493 -0.311902 0.143951 0.989528 0.010637 0.307216 -0.054905 0.950055 -141.011573 -1.450480 0.878789
0.940669 -0.135211 -0.311223 0.145876 0.989240 0.011133 0.306369 -0.055873 0.950272 -141.255804 -1.447505 1.642897
0.940447 -0.136890 -0.311160 0.147423 0.989018 0.010464 0.306311 -0.055713 0.950300 -141.500775 -1.444116 2.398965
0.940294 -0.138844 -0.310757 0.149050 0.988787 0.009217 0.305992 -0.054985 0.950445 -141.740166 -1.441282 3.147273
0.940515 -0.140134 -0.309507 0.150087 0.988637 0.008456 0.304805 -0.054406 0.950860 -141.972579 -1.434746 3.882369
0.940655 -0.140520 -0.308906 0.150174 0.988631 0.007575 0.304329 -0.053515 0.951062 -142.189856 -1.431420 4.560521
0.940592 -0.141303 -0.308739 0.150687 0.988559 0.006636 0.304269 -0.052764 0.951124 -142.394090 -1.432653 5.206140
0.940151 -0.142923 -0.309336 0.152339 0.988308 0.006370 0.304808 -0.053112 0.950932 -142.620055 -1.426183 5.922348
0.940167 -0.143434 -0.309052 0.153041 0.988196 0.006934 0.304410 -0.053817 0.951020 -142.877452 -1.423996 6.746342
0.940727 -0.142274 -0.307882 0.152120 0.988329 0.008088 0.303138 -0.054444 0.951390 -143.113946 -1.421790 7.477861
0.941106 -0.143460 -0.306168 0.153319 0.988142 0.008265 0.301351 -0.054720 0.951942 -143.337783 -1.424364 8.188862
0.941635 -0.143961 -0.304301 0.153130 0.988186 0.006350 0.299791 -0.052577 0.952555 -143.561523 -1.427647 8.895738
0.941542 -0.144756 -0.304211 0.153105 0.988203 0.003637 0.300096 -0.050000 0.952598 -143.798301 -1.428909 9.624930
0.941690 -0.146186 -0.303066 0.153589 0.988135 0.000599 0.299382 -0.047112 0.952969 -144.057310 -1.426937 10.433405
0.941778 -0.147574 -0.302120 0.153922 0.988079 -0.002826 0.298936 -0.043842 0.953266 -144.288146 -1.425841 11.175416
0.941989 -0.148046 -0.301228 0.153905 0.988076 -0.004329 0.298277 -0.042283 0.953542 -144.547417 -1.436266 11.978504
0.942235 -0.148167 -0.300399 0.153719 0.988101 -0.005207 0.297596 -0.041271 0.953799 -144.803061 -1.442155 12.776511
0.942344 -0.150149 -0.299072 0.155411 0.987830 -0.006257 0.296371 -0.040583 0.954210 -145.024078 -1.453726 13.492314
0.942362 -0.152876 -0.297628 0.157776 0.987445 -0.007642 0.295060 -0.039756 0.954651 -145.250836 -1.471526 14.250978
0.942755 -0.152975 -0.296331 0.157249 0.987513 -0.009511 0.294086 -0.037631 0.955038 -145.495031 -1.488648 15.047100
0.943157 -0.152677 -0.295203 0.156635 0.987602 -0.010340 0.293121 -0.036487 0.955379 -145.726807 -1.499969 15.795254
0.943668 -0.152618 -0.293594 0.156323 0.987645 -0.010952 0.291638 -0.035561 0.955867 -145.947935 -1.510475 16.517589
0.944157 -0.152211 -0.292231 0.155759 0.987731 -0.011231 0.290356 -0.034914 0.956282 -146.169023 -1.524656 17.241912
0.944398 -0.153705 -0.290665 0.156996 0.987525 -0.012114 0.288901 -0.034192 0.956748 -146.410546 -1.539853 18.047024
0.944677 -0.155698 -0.288692 0.158615 0.987249 -0.013416 0.287100 -0.033117 0.957328 -146.627629 -1.561655 18.783831
0.945255 -0.156352 -0.286439 0.158586 0.987223 -0.015536 0.285208 -0.030740 0.957973 -146.849986 -1.579680 19.521850
0.945675 -0.156678 -0.284870 0.158195 0.987247 -0.017830 0.284030 -0.028204 0.958400 -147.059576 -1.595994 20.225362
0.945617 -0.158340 -0.284143 0.159245 0.987035 -0.020069 0.283637 -0.026271 0.958572 -147.253974 -1.613026 20.889117
0.945707 -0.159255 -0.283330 0.159519 0.986943 -0.022297 0.283181 -0.024110 0.958763 -147.454442 -1.633711 21.564827
0.945636 -0.160163 -0.283056 0.159990 0.986830 -0.023885 0.283153 -0.022700 0.958806 -147.644326 -1.651662 22.225765
0.945783 -0.161086 -0.282040 0.160503 0.986710 -0.025330 0.282372 -0.021311 0.959068 -147.841491 -1.672459 22.918961
0.945938 -0.160473 -0.281867 0.159834 0.986817 -0.025416 0.282230 -0.021009 0.959117 -148.050957 -1.699629 23.657477
0.946273 -0.158950 -0.281606 0.158308 0.987069 -0.025182 0.281967 -0.020751 0.959200 -148.241275 -1.729072 24.330451
0.946573 -0.157851 -0.281218 0.157175 0.987252 -0.025108 0.281596 -0.020433 0.959315 -148.419974 -1.754470 24.949262
0.946656 -0.157980 -0.280864 0.157089 0.987247 -0.025835 0.281363 -0.019664 0.959400 -148.581634 -1.775428 25.521667
0.946727 -0.158102 -0.280555 0.157242 0.987225 -0.025726 0.281039 -0.019759 0.959493 -148.763130 -1.791848 26.170283
0.946653 -0.159080 -0.280252 0.158374 0.987055 -0.025320 0.280652 -0.020416 0.959592 -148.944217 -1.811750 26.817594
0.946608 -0.159047 -0.280425 0.158258 0.987066 -0.025611 0.280871 -0.020136 0.959534 -149.125445 -1.833749 27.453274
0.946529 -0.159061 -0.280683 0.157926 0.987087 -0.026812 0.281323 -0.018949 0.959426 -149.301835 -1.854592 28.062171
0.946702 -0.159193 -0.280024 0.157613 0.987095 -0.028307 0.280916 -0.017337 0.959576 -149.486813 -1.875319 28.696239
0.947121 -0.158631 -0.278923 0.156685 0.987211 -0.029407 0.280021 -0.015851 0.959863 -149.672349 -1.902410 29.318802
0.947288 -0.157595 -0.278944 0.155479 0.987388 -0.029842 0.280129 -0.015101 0.959844 -149.876437 -1.925029 30.010517
0.947683 -0.157176 -0.277837 0.154811 0.987471 -0.030573 0.279161 -0.014039 0.960142 -150.081826 -1.947746 30.710377
0.948138 -0.156898 -0.276436 0.154020 0.987542 -0.032237 0.278050 -0.012012 0.960492 -150.272172 -1.974118 31.369552
0.947876 -0.156679 -0.277459 0.153363 0.987593 -0.033758 0.279306 -0.010554 0.960144 -150.447813 -1.999950 31.967385
0.947901 -0.156542 -0.277449 0.152906 0.987627 -0.034837 0.279469 -0.009401 0.960109 -150.636552 -2.025569 32.606645
0.947776 -0.157238 -0.277482 0.153372 0.987522 -0.035727 0.279637 -0.008696 0.960066 -150.815653 -2.046844 33.217440
0.947792 -0.156846 -0.277649 0.152703 0.987593 -0.036625 0.279949 -0.007685 0.959984 -150.974011 -2.070721 33.739982
0.947879 -0.156384 -0.277614 0.152002 0.987673 -0.037377 0.280037 -0.006770 0.959965 -151.149932 -2.098955 34.354886
0.947820 -0.156368 -0.277825 0.151708 0.987682 -0.038333 0.280397 -0.005815 0.959867 -151.334824 -2.131072 34.995327
0.947739 -0.156208 -0.278190 0.151309 0.987711 -0.039136 0.280885 -0.005001 0.959728 -151.498800 -2.155048 35.555722
0.947928 -0.155205 -0.278109 0.150205 0.987872 -0.039334 0.280841 -0.004487 0.959744 -151.647915 -2.177590 36.062869
0.948029 -0.154716 -0.278037 0.149447 0.987953 -0.040182 0.280904 -0.003458 0.959730 -151.781864 -2.195227 36.521038
0.948394 -0.153789 -0.277303 0.148134 0.988102 -0.041365 0.280365 -0.001848 0.959892 -151.917719 -2.215794 36.985132
0.948454 -0.153819 -0.277084 0.147872 0.988099 -0.042364 0.280302 -0.000792 0.959911 -152.045399 -2.238508 37.420712
0.948577 -0.154359 -0.276360 0.148355 0.988015 -0.042636 0.279629 -0.000555 0.960108 -152.170873 -2.261825 37.865651
0.948805 -0.154135 -0.275701 0.147943 0.988050 -0.043249 0.279073 0.000247 0.960270 -152.286261 -2.289175 38.279258
0.949114 -0.154101 -0.274656 0.147599 0.988054 -0.044317 0.278204 0.001523 0.960521 -152.387207 -2.306877 38.654334
0.949400 -0.154509 -0.273433 0.147501 0.987985 -0.046136 0.277276 0.003470 0.960784 -152.488413 -2.323103 39.027311
0.949985 -0.154055 -0.271655 0.146517 0.988046 -0.047945 0.275793 0.005745 0.961200 -152.581847 -2.335571 39.378201
0.950349 -0.153838 -0.270500 0.145997 0.988071 -0.049001 0.274811 0.007076 0.961472 -152.689916 -2.356278 39.775045
0.950378 -0.153691 -0.270482 0.145667 0.988088 -0.049623 0.274886 0.007760 0.961445 -152.805821 -2.381316 40.182415
0.950124 -0.154004 -0.271197 0.145843 0.988037 -0.050124 0.275672 0.008072 0.961218 -152.912706 -2.401993 40.555125
0.949992 -0.153755 -0.271799 0.145512 0.988074 -0.050356 0.276301 0.008288 0.961036 -153.012943 -2.428247 40.907324
0.949991 -0.153286 -0.272066 0.145112 0.988149 -0.050041 0.276513 0.008058 0.960977 -153.102303 -2.448925 41.222352
0.949658 -0.153849 -0.272912 0.145762 0.988066 -0.049794 0.277316 0.007507 0.960749 -153.215696 -2.468890 41.627670
0.949185 -0.154865 -0.273979 0.146746 0.987909 -0.050016 0.278412 0.007269 0.960434 -153.331479 -2.491049 42.037473
0.948533 -0.156034 -0.275570 0.147838 0.987726 -0.050402 0.280052 0.007069 0.959959 -153.447290 -2.514119 42.442759
0.947523 -0.156607 -0.278703 0.148259 0.987637 -0.050922 0.283232 0.006930 0.959026 -153.591849 -2.543134 42.925131
0.946068 -0.156987 -0.283390 0.148418 0.987577 -0.051604 0.287971 0.006760 0.957615 -153.721291 -2.568141 43.336102
0.944310 -0.156689 -0.289358 0.147591 0.987620 -0.053144 0.294102 0.007478 0.955745 -153.840588 -2.599880 43.702527
0.942089 -0.155733 -0.297011 0.146140 0.987768 -0.054378 0.301846 0.007823 0.953325 -153.949506 -2.628981 44.010960
0.939779 -0.153999 -0.305122 0.143875 0.988036 -0.055540 0.310024 0.008296 0.950692 -154.064938 -2.656831 44.327186
0.937871 -0.153482 -0.311192 0.142826 0.988111 -0.056893 0.316224 0.008912 0.948643 -154.166347 -2.686067 44.600570
0.936063 -0.153478 -0.316593 0.142518 0.988113 -0.057640 0.321676 0.008835 0.946809 -154.270442 -2.719930 44.896074
0.934088 -0.153524 -0.322352 0.142235 0.988106 -0.058438 0.327489 0.008736 0.944814 -154.371921 -2.749293 45.173358
0.932101 -0.153874 -0.327889 0.142155 0.988050 -0.059570 0.333137 0.008914 0.942836 -154.461907 -2.776180 45.414589
0.930542 -0.153750 -0.332345 0.141729 0.988069 -0.060270 0.337647 0.008981 0.941230 -154.557103 -2.809234 45.669334
0.929338 -0.154385 -0.335404 0.142171 0.987971 -0.060831 0.340761 0.008848 0.940108 -154.647478 -2.842171 45.914516
0.928870 -0.154789 -0.336514 0.142568 0.987910 -0.060889 0.341871 0.008581 0.939708 -154.729936 -2.870291 46.146906
0.928771 -0.155245 -0.336575 0.143173 0.987843 -0.060560 0.341885 0.008058 0.939707 -154.804038 -2.893919 46.358562
0.928882 -0.155903 -0.335966 0.144011 0.987744 -0.060194 0.341233 0.007531 0.939949 -154.891753 -2.918199 46.609580
0.929262 -0.156204 -0.334773 0.144665 0.987702 -0.059297 0.339919 0.006673 0.940431 -154.986488 -2.942476 46.886310
0.929665 -0.156425 -0.333548 0.145247 0.987673 -0.058362 0.338566 0.005810 0.940925 -155.071680 -2.968821 47.142811
0.929941 -0.156922 -0.332543 0.145923 0.987596 -0.057965 0.337514 0.005379 0.941305 -155.146357 -2.996324 47.363831
0.930210 -0.157588 -0.331473 0.146670 0.987491 -0.057873 0.336447 0.005217 0.941688 -155.230179 -3.022517 47.599101
0.930678 -0.157577 -0.330164 0.146855 0.987495 -0.057342 0.335071 0.004881 0.942180 -155.301898 -3.044448 47.799901
0.931493 -0.157564 -0.327864 0.147138 0.987499 -0.056536 0.332673 0.004422 0.943032 -155.392571 -3.068500 48.064490
0.932433 -0.158260 -0.324842 0.148111 0.987389 -0.055904 0.329593 0.004014 0.944114 -155.471527 -3.092824 48.311569
0.933319 -0.159319 -0.321766 0.149408 0.987220 -0.055438 0.326486 0.003667 0.945195 -155.547828 -3.116482 48.556143
0.934176 -0.160664 -0.318594 0.150789 0.987001 -0.055597 0.323385 0.003897 0.946260 -155.617583 -3.140343 48.791361
0.935068 -0.162263 -0.315150 0.152039 0.986733 -0.056939 0.320208 0.005327 0.947332 -155.685517 -3.163704 49.022204
0.935925 -0.164277 -0.311539 0.153867 0.986395 -0.057886 0.316810 0.006241 0.948469 -155.769866 -3.184524 49.300246
0.936754 -0.165479 -0.308396 0.155058 0.986191 -0.058181 0.313765 0.006682 0.949477 -155.854768 -3.206423 49.576255
0.937806 -0.166019 -0.304890 0.155740 0.986099 -0.057914 0.310267 0.006829 0.950625 -155.954623 -3.233228 49.904062
0.939355 -0.166350 -0.299898 0.156525 0.986047 -0.056673 0.305142 0.006295 0.952286 -156.065001 -3.259473 50.264913
0.941129 -0.166905 -0.293970 0.157825 0.985961 -0.054523 0.298943 0.004918 0.954258 -156.191764 -3.291307 50.684724
0.942482 -0.168694 -0.288564 0.160424 0.985664 -0.052255 0.293243 0.002957 0.956033 -156.323755 -3.323392 51.134298
0.943772 -0.169059 -0.284101 0.161491 0.985605 -0.050034 0.288470 0.001341 0.957488 -156.457224 -3.359225 51.589124
0.944718 -0.170397 -0.280130 0.163307 0.985376 -0.048641 0.284321 0.000205 0.958729 -156.567952 -3.385467 51.986159
0.945731 -0.171620 -0.275933 0.164862 0.985163 -0.047687 0.280023 -0.000392 0.959993 -156.690520 -3.416355 52.436748
0.946655 -0.172555 -0.272158 0.166145 0.984999 -0.046606 0.276117 -0.001098 0.961123 -156.817836 -3.447308 52.906342
0.947222 -0.173846 -0.269346 0.167880 0.984770 -0.045214 0.273104 -0.002390 0.961981 -156.944637 -3.481558 53.385709
0.947986 -0.174714 -0.266078 0.169108 0.984614 -0.044022 0.269676 -0.003263 0.962946 -157.049632 -3.516421 53.794385
0.948656 -0.176247 -0.262656 0.170623 0.984342 -0.044258 0.266343 -0.002829 0.963874 -157.142124 -3.548727 54.169955
0.948787 -0.178466 -0.260678 0.172495 0.983945 -0.045801 0.264666 -0.001510 0.964339 -157.230638 -3.579602 54.529710
0.949273 -0.179802 -0.257977 0.173428 0.983703 -0.047448 0.262304 0.000301 0.964985 -157.340313 -3.613550 54.955571
0.950046 -0.180731 -0.254458 0.174419 0.983532 -0.047350 0.258825 0.000603 0.965924 -157.459010 -3.651940 55.418602
0.951669 -0.180597 -0.248415 0.174564 0.983557 -0.046295 0.252691 0.000694 0.967547 -157.575244 -3.682889 55.884644
0.953601 -0.181951 -0.239875 0.176461 0.983308 -0.044356 0.243941 -0.000031 0.969790 -157.677984 -3.710585 56.337264
0.954714 -0.184924 -0.233077 0.179773 0.982753 -0.043345 0.237073 -0.000519 0.971492 -157.772318 -3.742095 56.784029
0.954808 -0.189089 -0.229317 0.183783 0.981960 -0.044479 0.233591 0.000324 0.972335 -157.869304 -3.764084 57.233182
0.954540 -0.190893 -0.228939 0.184929 0.981606 -0.047436 0.233783 0.002942 0.972284 -157.986616 -3.785792 57.740743
0.953298 -0.191295 -0.233728 0.184301 0.981513 -0.051620 0.239282 0.006133 0.970931 -158.107144 -3.814687 58.230809
0.951192 -0.190566 -0.242732 0.182180 0.981626 -0.056755 0.249088 0.009764 0.968432 -158.227767 -3.846063 58.677107
0.948516 -0.190855 -0.252767 0.181292 0.981547 -0.060825 0.259711 0.011869 0.965613 -158.353199 -3.878748 59.154849
0.945295 -0.189614 -0.265450 0.179066 0.981778 -0.063620 0.272676 0.012606 0.962023 -158.473202 -3.908483 59.582358
0.941526 -0.188724 -0.279127 0.177244 0.981948 -0.066053 0.286554 0.012717 0.957980 -158.603241 -3.936990 60.000256
0.935798 -0.188537 -0.297885 0.176306 0.982007 -0.067672 0.305284 0.010808 0.952200 -158.750558 -3.969274 60.438281
0.929794 -0.186992 -0.317045 0.174621 0.982335 -0.067268 0.324023 0.007183 0.946022 -158.919559 -4.012448 60.918950
0.922793 -0.185544 -0.337677 0.172767 0.982627 -0.067792 0.344389 0.004219 0.938817 -159.081868 -4.048660 61.324035
0.916889 -0.183663 -0.354376 0.170145 0.982984 -0.069230 0.361061 0.003181 0.932537 -159.230941 -4.086711 61.683082
0.911425 -0.183002 -0.368531 0.168712 0.983109 -0.070938 0.375288 0.002479 0.926905 -159.389224 -4.123605 62.065054
0.907295 -0.180697 -0.379690 0.165594 0.983535 -0.072372 0.386516 0.002789 0.922279 -159.605659 -4.163498 62.572761
0.904380 -0.176934 -0.388319 0.160762 0.984212 -0.074040 0.395288 0.004533 0.918546 -159.840955 -4.203945 63.084413
0.902339 -0.174985 -0.393909 0.158309 0.984558 -0.074725 0.400902 0.005068 0.916107 -160.051387 -4.232744 63.551850
0.902492 -0.173248 -0.394326 0.156530 0.984863 -0.074452 0.401256 0.005469 0.915950 -160.260252 -4.265694 64.031924
0.904520 -0.172631 -0.389925 0.155839 0.984964 -0.074569 0.396935 0.006684 0.917822 -160.452874 -4.308837 64.504444
0.907696 -0.173073 -0.382274 0.156457 0.984879 -0.074400 0.389370 0.007723 0.921049 -160.626829 -4.345709 64.931578
0.911888 -0.173750 -0.371849 0.158219 0.984765 -0.072139 0.378718 0.006949 0.925486 -160.848309 -4.390918 65.497151
0.915758 -0.174305 -0.361945 0.159775 0.984672 -0.069950 0.368590 0.006228 0.929571 -161.080160 -4.440107 66.104165
0.919213 -0.175314 -0.352580 0.161741 0.984498 -0.067848 0.359009 0.005340 0.933319 -161.263628 -4.482799 66.614247
0.922661 -0.177703 -0.342225 0.164732 0.984070 -0.066857 0.348654 0.005311 0.937237 -161.395879 -4.518706 67.027901
0.925747 -0.180153 -0.332470 0.167463 0.983620 -0.066694 0.339040 0.006065 0.940753 -161.498688 -4.549060 67.361849
0.928462 -0.181325 -0.324161 0.168617 0.983393 -0.067124 0.330949 0.007663 0.943618 -161.591512 -4.582144 67.678231
0.930706 -0.182384 -0.317053 0.169579 0.983183 -0.067776 0.324083 0.009314 0.945983 -161.652292 -4.606743 67.898925
0.932062 -0.183826 -0.312198 0.171049 0.982907 -0.068085 0.319377 0.010058 0.947574 -161.697205 -4.627519 68.077223
0.932746 -0.184236 -0.309906 0.171326 0.982821 -0.068626 0.317225 0.010916 0.948287 -161.729770 -4.646155 68.208036
0.932974 -0.184072 -0.309317 0.170911 0.982841 -0.069372 0.316779 0.011856 0.948425 -161.761283 -4.666628 68.331861
0.933195 -0.183963 -0.308716 0.170073 0.982829 -0.071564 0.316580 0.014279 0.948458 -161.772204 -4.690884 68.400940
0.933222 -0.185534 -0.307690 0.170045 0.982450 -0.076662 0.316513 0.019222 0.948393 -161.787095 -4.710172 68.486797
0.933069 -0.186416 -0.307623 0.169748 0.982208 -0.080334 0.317126 0.022738 0.948111 -161.819388 -4.722771 68.612246
0.933174 -0.186117 -0.307484 0.169361 0.982256 -0.080561 0.317021 0.023102 0.948137 -161.859316 -4.740215 68.755412
0.933100 -0.185783 -0.307909 0.169242 0.982336 -0.079834 0.317302 0.022382 0.948060 -161.905578 -4.761623 68.913955
0.932943 -0.185779 -0.308390 0.169406 0.982351 -0.079295 0.317678 0.021734 0.947949 -161.944562 -4.780368 69.054423
