0.999722 -0.000999 0.023561 0.001006 0.999999 -0.000283 -0.023561 0.000307 0.999722 0.034424 -0.010794 0.425263
0.998773 -0.000560 0.049523 0.000445 0.999997 0.002330 -0.049524 -0.002305 0.998770 0.084473 -0.020300 1.104779
0.996107 -0.000357 0.088146 -0.000374 0.999966 0.008280 -0.088146 -0.008280 0.996073 0.170243 -0.025485 1.860833
0.990925 -0.001897 0.134402 -0.000363 0.999859 0.016790 -0.134414 -0.016686 0.990785 0.287669 -0.023739 2.585547
0.983238 -0.005092 0.182253 0.000622 0.999698 0.024576 -0.182323 -0.024050 0.982944 0.448765 -0.019453 3.351035
0.973321 -0.007885 0.229310 0.000291 0.999451 0.033131 -0.229446 -0.032181 0.972789 0.647560 -0.006556 4.160082
0.961042 -0.012206 0.276133 0.000533 0.999105 0.042306 -0.276402 -0.040510 0.960188 0.887186 0.015175 4.954098
0.944957 -0.018317 0.326682 0.000584 0.998525 0.054297 -0.327194 -0.051117 0.943574 1.141333 0.038769 5.645116
0.925888 -0.025289 0.376951 -0.000307 0.997706 0.067688 -0.377798 -0.062788 0.923757 1.458292 0.073628 6.383510
0.903928 -0.030517 0.426595 -0.003702 0.996855 0.079155 -0.427669 -0.073130 0.900972 1.775280 0.118112 7.034596
0.878558 -0.037443 0.476167 -0.007002 0.995806 0.091225 -0.477585 -0.083480 0.874610 2.166526 0.175134 7.712007
0.850933 -0.045061 0.523338 -0.010360 0.994680 0.102489 -0.525172 -0.092633 0.845939 2.576356 0.237929 8.364957
0.823544 -0.053278 0.564746 -0.013992 0.993369 0.114117 -0.567080 -0.101882 0.817337 3.022517 0.306526 8.988522
0.796197 -0.059824 0.602072 -0.019478 0.992050 0.124332 -0.604723 -0.110720 0.788702 3.494431 0.383595 9.590804
0.766742 -0.067721 0.638374 -0.024600 0.990590 0.134632 -0.641484 -0.118932 0.757861 4.037507 0.476162 10.227888
0.728473 -0.073858 0.681082 -0.031541 0.989501 0.141040 -0.684348 -0.124226 0.718495 4.513537 0.554156 10.717135
0.683031 -0.078482 0.726161 -0.040225 0.988659 0.144688 -0.729281 -0.128036 0.672128 4.972568 0.630672 11.105386
0.639069 -0.085024 0.764436 -0.047444 0.987621 0.149510 -0.767685 -0.131815 0.627124 5.535549 0.718834 11.521736
0.595419 -0.091522 0.798186 -0.054076 0.986672 0.153473 -0.801593 -0.134544 0.582534 6.120070 0.813930 11.910737
0.555506 -0.097682 0.825755 -0.060968 0.985618 0.157607 -0.829275 -0.137896 0.541561 6.673927 0.906056 12.241537
0.512811 -0.102403 0.852372 -0.069194 0.984700 0.159930 -0.855708 -0.140994 0.497880 7.283946 1.003213 12.568747
0.470357 -0.106134 0.876071 -0.076954 0.984027 0.160529 -0.879114 -0.142923 0.454677 7.890638 1.099508 12.870311
0.429915 -0.109013 0.896264 -0.082907 0.983724 0.159419 -0.899055 -0.142843 0.413880 8.407834 1.175895 13.069876
0.394769 -0.109121 0.912277 -0.088556 0.983780 0.155994 -0.914503 -0.142369 0.378703 8.949281 1.254162 13.263480
0.364601 -0.109357 0.924720 -0.093058 0.983829 0.153039 -0.926502 -0.141851 0.348529 9.523411 1.334619 13.463461
0.338911 -0.110435 0.934315 -0.096484 0.983771 0.151279 -0.935858 -0.141416 0.322755 10.091165 1.418632 13.645047
0.318696 -0.112824 0.941118 -0.098519 0.983570 0.151275 -0.942723 -0.140929 0.302344 10.723039 1.505482 13.833126
0.304094 -0.116391 0.945505 -0.098911 0.983287 0.152853 -0.947493 -0.140003 0.287499 11.427285 1.605475 14.036137
0.292889 -0.119180 0.948690 -0.098764 0.983123 0.153997 -0.951032 -0.138800 0.276175 12.189328 1.709635 14.253970
0.281585 -0.122202 0.951723 -0.099029 0.982860 0.155500 -0.954412 -0.138035 0.264657 13.010912 1.823084 14.478143
0.269291 -0.126186 0.954756 -0.099396 0.982443 0.157880 -0.957916 -0.137415 0.252021 13.860015 1.946177 14.699773
0.259472 -0.130538 0.956888 -0.100027 0.981861 0.161068 -0.960557 -0.137507 0.241708 14.743068 2.077837 14.920172
0.249074 -0.134619 0.959083 -0.101133 0.981263 0.163997 -0.963190 -0.137842 0.230793 15.651008 2.219299 15.140975
0.238098 -0.139377 0.961188 -0.101698 0.980632 0.167388 -0.965902 -0.137605 0.219312 16.571124 2.363423 15.350583
0.228131 -0.143508 0.962996 -0.103018 0.979968 0.170442 -0.968165 -0.138089 0.208777 17.462248 2.510919 15.543477
0.218746 -0.148180 0.964465 -0.103473 0.979307 0.173928 -0.970280 -0.137842 0.198887 18.362952 2.655999 15.728400
0.209618 -0.153464 0.965665 -0.104735 0.978400 0.178223 -0.972158 -0.138497 0.189017 19.189110 2.787428 15.888142
0.199260 -0.158949 0.966970 -0.104640 0.977665 0.182270 -0.974344 -0.137503 0.178177 20.007674 2.922895 16.032520
0.190288 -0.163024 0.968098 -0.104477 0.977153 0.185085 -0.976153 -0.136363 0.168908 20.855629 3.062399 16.178408
0.181223 -0.166097 0.969314 -0.104540 0.976796 0.186924 -0.977870 -0.135207 0.159654 21.786850 3.224760 16.329444
0.169222 -0.168152 0.971128 -0.106182 0.976493 0.187584 -0.979842 -0.134859 0.147389 22.701513 3.382665 16.464612
0.156300 -0.170689 0.972849 -0.106150 0.976347 0.188358 -0.981989 -0.132708 0.134485 23.654220 3.547433 16.588433
0.138388 -0.170522 0.975588 -0.107819 0.976617 0.185996 -0.984492 -0.130926 0.116766 24.513649 3.694720 16.681254
0.115888 -0.171355 0.978370 -0.109790 0.976761 0.184078 -0.987176 -0.128748 0.094382 25.419854 3.847119 16.761026
0.089319 -0.173909 0.980703 -0.111866 0.976657 0.183379 -0.989701 -0.126086 0.067780 26.286573 3.994961 16.804567
0.058768 -0.175612 0.982704 -0.113373 0.976862 0.181348 -0.991813 -0.122069 0.037499 27.159664 4.138153 16.829542
0.028450 -0.178246 0.983575 -0.114633 0.976899 0.180352 -0.993000 -0.117881 0.007360 27.964948 4.265400 16.824068
-0.002870 -0.179969 0.983668 -0.115898 0.977103 0.178430 -0.993257 -0.113493 -0.023662 28.763871 4.392968 16.788614
-0.032123 -0.181003 0.982958 -0.117732 0.977304 0.176114 -0.992526 -0.110068 -0.052704 29.614357 4.533488 16.723799
-0.064515 -0.180940 0.981376 -0.120609 0.977629 0.172320 -0.990601 -0.107245 -0.084895 30.455527 4.669534 16.637969
-0.093742 -0.181509 0.978911 -0.123560 0.977760 0.169463 -0.987900 -0.105068 -0.114084 31.287977 4.802511 16.533342
-0.119617 -0.180719 0.976234 -0.123972 0.978317 0.165914 -0.985050 -0.101180 -0.139427 32.012180 4.919100 16.414618
-0.140358 -0.178728 0.973836 -0.125325 0.978868 0.161589 -0.982137 -0.099366 -0.159791 32.927087 5.057127 16.260862
-0.167404 -0.177540 0.969771 -0.126074 0.979431 0.157545 -0.977794 -0.095890 -0.186344 33.783176 5.180197 16.094897
-0.193880 -0.176918 0.964941 -0.127888 0.979769 0.153941 -0.972654 -0.093559 -0.212584 34.715629 5.315389 15.889250
-0.218155 -0.170128 0.960971 -0.129730 0.981004 0.144224 -0.967253 -0.093204 -0.236082 35.578924 5.429085 15.675513
-0.237028 -0.157220 0.958697 -0.131065 0.982972 0.128796 -0.962621 -0.095124 -0.253598 36.446011 5.530314 15.452499
-0.252164 -0.146586 0.956518 -0.129536 0.984677 0.116752 -0.958975 -0.094463 -0.267288 37.368353 5.628035 15.195858
-0.272412 -0.137613 0.952289 -0.127535 0.986151 0.106024 -0.953691 -0.092568 -0.286190 38.256629 5.715827 14.921067
-0.291639 -0.129553 0.947715 -0.124999 0.987451 0.096519 -0.948326 -0.090314 -0.304173 39.128399 5.797189 14.642393
-0.309517 -0.127771 0.942271 -0.123250 0.987963 0.093482 -0.942873 -0.087201 -0.321539 40.026786 5.873218 14.320599
-0.327981 -0.129409 0.935778 -0.122861 0.988003 0.093570 -0.936661 -0.084282 -0.339946 40.944228 5.945868 13.980785
-0.344783 -0.135405 0.928865 -0.122297 0.987587 0.098570 -0.930681 -0.079612 -0.357063 41.778594 6.011262 13.649823
-0.360708 -0.140071 0.922101 -0.122760 0.987187 0.101937 -0.924565 -0.076428 -0.373281 42.606445 6.078910 13.309129
-0.374029 -0.141933 0.916492 -0.121896 0.987170 0.103132 -0.919371 -0.073142 -0.386532 43.341682 6.140355 12.987642
-0.384678 -0.140552 0.912287 -0.120614 0.987519 0.101284 -0.915136 -0.071073 -0.396830 43.983246 6.198432 12.697274
-0.393994 -0.139676 0.908438 -0.119946 0.987747 0.099849 -0.911253 -0.069623 -0.405920 44.659738 6.258284 12.384485
-0.404359 -0.140695 0.903714 -0.119782 0.987733 0.100180 -0.906723 -0.067740 -0.416251 45.429617 6.326439 12.016837
-0.413703 -0.142636 0.899169 -0.120315 0.987554 0.101300 -0.902427 -0.066275 -0.425716 46.130442 6.399020 11.680540
-0.421756 -0.144541 0.895114 -0.121075 0.987349 0.102387 -0.898589 -0.065193 -0.433921 46.795588 6.464128 11.354375
-0.427872 -0.144202 0.892262 -0.120855 0.987454 0.101632 -0.895723 -0.064349 -0.439931 47.444956 6.525389 11.031727
-0.430867 -0.142547 0.891086 -0.119330 0.987774 0.100314 -0.894491 -0.063112 -0.442609 48.097518 6.579761 10.706034
-0.431565 -0.140637 0.891051 -0.119179 0.988003 0.098217 -0.894175 -0.063807 -0.443148 48.687076 6.634898 10.418789
-0.429302 -0.140728 0.892130 -0.118597 0.988016 0.098784 -0.895341 -0.063396 -0.440847 49.304572 6.691058 10.117357
-0.424069 -0.142524 0.894344 -0.117401 0.987857 0.101759 -0.897988 -0.061844 -0.435652 50.042490 6.759208 9.762426
-0.416989 -0.143412 0.897526 -0.116085 0.987790 0.103903 -0.901468 -0.060863 -0.428545 50.756848 6.829491 9.427070
-0.410606 -0.143180 0.900501 -0.115748 0.987789 0.104280 -0.904436 -0.061414 -0.422165 51.448267 6.903214 9.108348
-0.405307 -0.144104 0.902751 -0.115453 0.987660 0.105823 -0.906861 -0.061334 -0.416943 52.206677 6.981188 8.762505
-0.403349 -0.146476 0.903247 -0.114932 0.987397 0.108799 -0.907800 -0.059928 -0.415100 52.971831 7.065016 8.411211
-0.403655 -0.149787 0.902567 -0.115544 0.986955 0.112117 -0.907586 -0.059030 -0.415696 53.748677 7.154409 8.052814
-0.404445 -0.153077 0.901661 -0.114987 0.986581 0.115916 -0.907305 -0.056798 -0.416619 54.558982 7.242162 7.674795
-0.405939 -0.155997 0.900488 -0.114445 0.986245 0.119261 -0.906706 -0.054643 -0.418208 55.493310 7.344115 7.238088
-0.406774 -0.159370 0.899520 -0.115313 0.985747 0.122501 -0.906222 -0.053896 -0.419353 56.498915 7.455430 6.769220
-0.407951 -0.162548 0.898418 -0.114757 0.985349 0.126168 -0.905763 -0.051629 -0.420628 57.467973 7.577433 6.312178
-0.408183 -0.165485 0.897776 -0.114432 0.984951 0.129526 -0.905700 -0.049864 -0.420977 58.374837 7.696824 5.887474
-0.408104 -0.167152 0.897503 -0.113632 0.984751 0.131732 -0.905836 -0.048225 -0.420875 59.243923 7.813605 5.486646
-0.407254 -0.168430 0.897650 -0.113182 0.984579 0.133392 -0.906275 -0.047273 -0.420037 60.130792 7.935893 5.073671
-0.405460 -0.169854 0.898193 -0.111486 0.984439 0.135837 -0.907289 -0.045060 -0.418087 61.005530 8.060527 4.656871
-0.404452 -0.172016 0.898237 -0.113413 0.984005 0.137374 -0.907500 -0.046311 -0.417492 61.811620 8.168987 4.288246
-0.404161 -0.175945 0.897607 -0.112437 0.983440 0.142143 -0.907751 -0.043475 -0.417250 62.656125 8.289952 3.886332
-0.404412 -0.180592 0.896570 -0.112465 0.982691 0.147210 -0.907636 -0.041299 -0.417722 63.512460 8.414980 3.483179
-0.405762 -0.185301 0.894998 -0.112538 0.981910 0.152274 -0.907024 -0.038934 -0.419275 64.352511 8.536111 3.081621
-0.405261 -0.188581 0.894539 -0.111148 0.981398 0.156538 -0.907419 -0.035988 -0.418683 65.243457 8.674704 2.664370
-0.403947 -0.191101 0.894599 -0.109400 0.981010 0.160161 -0.908217 -0.033173 -0.417183 66.061587 8.808186 2.276440
-0.402153 -0.193315 0.894931 -0.108673 0.980624 0.162992 -0.909100 -0.031707 -0.415369 66.869333 8.942231 1.896056
-0.402247 -0.194591 0.894612 -0.108004 0.980414 0.164692 -0.909138 -0.030375 -0.415385 67.675010 9.084696 1.515571
-0.403102 -0.195669 0.893992 -0.108369 0.980208 0.165675 -0.908716 -0.030097 -0.416329 68.552881 9.239166 1.104406
-0.405750 -0.196700 0.892567 -0.110013 0.979978 0.165953 -0.907339 -0.030859 -0.419265 69.398436 9.386859 0.707409
-0.409836 -0.199073 0.890171 -0.111551 0.979508 0.167693 -0.905313 -0.030573 -0.423644 70.266960 9.543124 0.289098
-0.412769 -0.201596 0.888246 -0.110559 0.979077 0.170835 -0.904101 -0.027688 -0.426421 71.122002 9.694866 -0.127969
-0.412713 -0.203315 0.887880 -0.109698 0.978770 0.173137 -0.904231 -0.025943 -0.426254 71.877509 9.831152 -0.494817
-0.414831 -0.200860 0.887452 -0.107213 0.979326 0.171539 -0.903560 -0.023987 -0.427790 72.658843 9.975572 -0.879378
-0.416179 -0.198503 0.887351 -0.106083 0.979816 0.169433 -0.903073 -0.023618 -0.428837 73.303033 10.091784 -1.198533
-0.415716 -0.196933 0.887918 -0.104178 0.980161 0.168616 -0.903508 -0.022405 -0.427984 73.992271 10.221209 -1.536397
-0.416362 -0.194519 0.888147 -0.102419 0.980663 0.166767 -0.903412 -0.021528 -0.428233 74.778991 10.354738 -1.919561
-0.417388 -0.194727 0.887620 -0.100823 0.980664 0.167729 -0.903118 -0.019484 -0.428950 75.665628 10.511706 -2.345300
-0.417014 -0.198573 0.886943 -0.100676 0.979929 0.172056 -0.903307 -0.017545 -0.428636 76.570767 10.677978 -2.778982
-0.415280 -0.203481 0.886644 -0.100075 0.978966 0.177796 -0.904172 -0.014896 -0.426908 77.436174 10.830094 -3.201360
-0.413473 -0.206156 0.886871 -0.100390 0.978414 0.180632 -0.904965 -0.014346 -0.425244 78.273395 10.970060 -3.603459
-0.411774 -0.203575 0.888257 -0.100091 0.978935 0.177957 -0.905773 -0.015629 -0.423476 79.108668 11.117434 -4.004223
-0.411255 -0.200388 0.889221 -0.099410 0.979577 0.174773 -0.906083 -0.016521 -0.422777 79.912075 11.261820 -4.390180
-0.410739 -0.199454 0.889669 -0.098988 0.979766 0.173952 -0.906363 -0.016618 -0.422172 80.745165 11.410760 -4.789630
-0.410819 -0.201518 0.889167 -0.097996 0.979377 0.176687 -0.906435 -0.014548 -0.422095 81.595159 11.565929 -5.199341
-0.410373 -0.204221 0.888756 -0.097465 0.978841 0.179918 -0.906694 -0.012789 -0.421595 82.475578 11.728589 -5.622818
-0.409222 -0.209697 0.888012 -0.099927 0.977679 0.184822 -0.906947 -0.013103 -0.421042 83.414459 11.899787 -6.063505
-0.405742 -0.214751 0.888401 -0.102521 0.976564 0.189240 -0.908220 -0.014297 -0.418249 84.265012 12.058891 -6.460806
-0.401587 -0.218316 0.889419 -0.103384 0.975770 0.192832 -0.909967 -0.014513 -0.414427 85.164866 12.229728 -6.878607
-0.397302 -0.221940 0.890446 -0.104800 0.974939 0.196240 -0.911684 -0.015352 -0.410605 85.995828 12.391230 -7.262990
-0.392309 -0.225274 0.891821 -0.104907 0.974178 0.199929 -0.913832 -0.015124 -0.405811 86.750892 12.544987 -7.611127
-0.388657 -0.226258 0.893170 -0.103127 0.973972 0.201852 -0.915593 -0.013659 -0.401874 87.592474 12.710806 -8.001888
-0.384379 -0.225810 0.895133 -0.101027 0.974089 0.202346 -0.917631 -0.012655 -0.397232 88.470926 12.887848 -8.394865
-0.377876 -0.226958 0.897608 -0.098563 0.973841 0.204740 -0.920595 -0.011105 -0.390361 89.367152 13.059976 -8.788089
-0.371197 -0.228027 0.900120 -0.096106 0.973607 0.207011 -0.923567 -0.009665 -0.383315 90.234243 13.232625 -9.159315
-0.362169 -0.228733 0.903612 -0.092989 0.973454 0.209142 -0.927463 -0.008281 -0.373824 91.093043 13.401233 -9.510787
-0.353825 -0.231450 0.906222 -0.090933 0.972821 0.212956 -0.930881 -0.007056 -0.365255 91.889544 13.567001 -9.834913
-0.343025 -0.235527 0.909319 -0.089560 0.971845 0.217937 -0.935047 -0.006681 -0.354461 92.644294 13.720941 -10.116227
-0.329744 -0.239805 0.913106 -0.088414 0.970795 0.223027 -0.939921 -0.007190 -0.341316 93.568217 13.923193 -10.459174
-0.318328 -0.242117 0.916541 -0.086786 0.970218 0.226154 -0.944000 -0.007552 -0.329860 94.541061 14.134112 -10.804817
-0.305671 -0.243517 0.920470 -0.084217 0.969867 0.228618 -0.948405 -0.007638 -0.316968 95.520524 14.347398 -11.140351
-0.293379 -0.242033 0.924851 -0.080719 0.970238 0.228305 -0.952582 -0.007673 -0.304184 96.477551 14.556369 -11.457876
-0.283462 -0.238138 0.928945 -0.076456 0.971206 0.225641 -0.955931 -0.007062 -0.293507 97.431091 14.774977 -11.759941
-0.273120 -0.235209 0.932782 -0.072334 0.971924 0.223900 -0.959257 -0.006321 -0.282465 98.429256 14.996310 -12.063776
-0.264956 -0.237224 0.934625 -0.071256 0.971432 0.226366 -0.961624 -0.006621 -0.274290 99.470399 15.228409 -12.371404
-0.256256 -0.239488 0.936471 -0.069379 0.970879 0.229302 -0.964116 -0.006212 -0.265410 100.486973 15.446557 -12.664403
-0.247425 -0.238400 0.939120 -0.066635 0.971149 0.228975 -0.966613 -0.005924 -0.256172 101.584833 15.694540 -12.968637
-0.242564 -0.233794 0.941543 -0.064843 0.972264 0.224717 -0.967966 -0.006544 -0.250996 102.651186 15.933273 -13.259538
-0.240093 -0.228432 0.943490 -0.062857 0.973538 0.219712 -0.968713 -0.006554 -0.248098 103.670633 16.163983 -13.537279
-0.237270 -0.225191 0.944982 -0.059771 0.974302 0.217171 -0.969603 -0.004955 -0.244633 104.683820 16.391958 -13.807214
-0.233632 -0.225589 0.945794 -0.059856 0.974205 0.217580 -0.970481 -0.005778 -0.241109 105.734199 16.614406 -14.077666
-0.229283 -0.226214 0.946708 -0.058578 0.974063 0.218563 -0.971595 -0.005344 -0.236588 106.763340 16.832414 -14.338166
-0.224252 -0.226889 0.947751 -0.057212 0.973908 0.219614 -0.972850 -0.004974 -0.231382 107.847378 17.058345 -14.611351
-0.218283 -0.228544 0.948747 -0.055247 0.973525 0.221802 -0.974320 -0.004000 -0.225131 108.880548 17.283377 -14.870776
-0.213098 -0.229617 0.949666 -0.053012 0.973277 0.223431 -0.975592 -0.002731 -0.219576 110.070671 17.535964 -15.152414
-0.206780 -0.230348 0.950885 -0.051032 0.973106 0.224633 -0.977056 -0.002076 -0.212974 111.323158 17.795893 -15.441842
-0.201466 -0.230524 0.951982 -0.050026 0.973064 0.225042 -0.978217 -0.002286 -0.207571 112.524055 18.053342 -15.713577
-0.196239 -0.228007 0.953679 -0.049269 0.973654 0.222644 -0.979317 -0.003295 -0.202303 113.740035 18.317718 -15.977334
-0.191096 -0.224519 0.955549 -0.047884 0.974462 0.219387 -0.980403 -0.003832 -0.196966 114.954833 18.574883 -16.233701
-0.185354 -0.225229 0.956512 -0.047155 0.974297 0.220279 -0.981540 -0.004275 -0.191210 116.125312 18.815292 -16.476586
-0.178755 -0.226755 0.957407 -0.044491 0.973948 0.222366 -0.982887 -0.002847 -0.184187 117.332560 19.066567 -16.724932
-0.175445 -0.228184 0.957680 -0.043775 0.973615 0.223961 -0.983516 -0.002630 -0.180804 118.525408 19.316174 -16.949045
-0.173748 -0.226810 0.958316 -0.042724 0.973937 0.222761 -0.983863 -0.002239 -0.178910 119.702986 19.572635 -17.179280
-0.172480 -0.224299 0.959135 -0.042098 0.974518 0.220326 -0.984113 -0.002376 -0.177528 120.850580 19.816685 -17.397257
-0.170187 -0.224176 0.959574 -0.040190 0.974548 0.220547 -0.984592 -0.001031 -0.174865 122.068651 20.080936 -17.617727
-0.165637 -0.226629 0.959794 -0.037574 0.973981 0.223494 -0.985471 0.000955 -0.169842 123.272180 20.346577 -17.838167
-0.159925 -0.228371 0.960349 -0.035517 0.973572 0.225601 -0.986490 0.001971 -0.163810 124.455877 20.604905 -18.044428
-0.154460 -0.228743 0.961155 -0.033091 0.973482 0.226359 -0.987445 0.003158 -0.157933 125.510028 20.833718 -18.218870
-0.147967 -0.228633 0.962202 -0.031329 0.973507 0.226501 -0.988496 0.003370 -0.151210 126.553533 21.060541 -18.379252
-0.141815 -0.228963 0.963050 -0.029608 0.973428 0.227071 -0.989450 0.003688 -0.144826 127.630299 21.292963 -18.541495
-0.137686 -0.229887 0.963428 -0.029165 0.973212 0.228054 -0.990046 0.003301 -0.140702 128.739749 21.537131 -18.703719
-0.133541 -0.229750 0.964045 -0.028165 0.973244 0.228041 -0.990643 0.003301 -0.136439 129.798329 21.759539 -18.846050
-0.127909 -0.229459 0.964877 -0.026702 0.973312 0.227925 -0.991426 0.003390 -0.130622 130.922070 21.996058 -18.996707
-0.122498 -0.229465 0.965578 -0.025164 0.973310 0.228110 -0.992150 0.003645 -0.125003 132.072839 22.245674 -19.141599
-0.119518 -0.230957 0.965595 -0.020618 0.972934 0.230161 -0.992618 0.007600 -0.121045 133.198341 22.488484 -19.294867
-0.114761 -0.233027 0.965675 -0.018538 0.972431 0.232455 -0.993220 0.008775 -0.115917 134.253765 22.717855 -19.430414
-0.109807 -0.233375 0.966167 -0.014823 0.972321 0.233177 -0.993842 0.011283 -0.110227 135.274674 22.933539 -19.545196
-0.104141 -0.231620 0.967216 -0.010823 0.972710 0.231771 -0.994504 0.013669 -0.103805 136.359494 23.169798 -19.659639
-0.099915 -0.229575 0.968149 -0.008456 0.973179 0.229895 -0.994960 0.014784 -0.099177 137.505617 23.426761 -19.782206
-0.096428 -0.229551 0.968508 -0.006910 0.973174 0.229969 -0.995316 0.015483 -0.095427 138.578212 23.662473 -19.890849
-0.093652 -0.230115 0.968647 -0.005529 0.973028 0.230622 -0.995590 0.016243 -0.092399 139.687081 23.902398 -19.999008
-0.091127 -0.232715 0.968266 -0.005143 0.972409 0.233227 -0.995826 0.016274 -0.089810 140.784987 24.150265 -20.097903
-0.088878 -0.234824 0.967966 -0.003416 0.971878 0.235460 -0.996037 0.017620 -0.087181 141.875878 24.403076 -20.198858
-0.084729 -0.235486 0.968177 -0.002428 0.971717 0.236135 -0.996401 0.017656 -0.082904 143.084178 24.673777 -20.300655
-0.081852 -0.233852 0.968821 -0.002893 0.972134 0.234407 -0.996640 0.016383 -0.080247 144.117031 24.916011 -20.383713
-0.080640 -0.231317 0.969531 -0.004029 0.972766 0.231754 -0.996735 0.014782 -0.079375 145.154610 25.157398 -20.462893
-0.079616 -0.231570 0.969555 -0.004159 0.972711 0.231982 -0.996817 0.014437 -0.078406 146.188888 25.389918 -20.548498
-0.077556 -0.230613 0.969950 -0.003148 0.972932 0.231070 -0.996983 0.014867 -0.076182 147.219653 25.623920 -20.629560
-0.074025 -0.230687 0.970208 -0.000475 0.972885 0.231287 -0.997256 0.016660 -0.072128 148.246273 25.844448 -20.710149
-0.070513 -0.228967 0.970877 0.000541 0.973291 0.229576 -0.997511 0.016713 -0.068506 149.196446 26.055750 -20.781686
-0.067763 -0.225862 0.971800 0.002424 0.973998 0.226542 -0.997699 0.017706 -0.065454 150.153012 26.267899 -20.851736
-0.064287 -0.222750 0.972754 0.004163 0.974702 0.223471 -0.997923 0.018416 -0.061734 151.191138 26.489358 -20.916842
-0.060395 -0.217985 0.974082 0.005698 0.975772 0.218717 -0.998158 0.018760 -0.057690 152.183592 26.695054 -20.974982
-0.056806 -0.215024 0.974955 0.006177 0.976438 0.215711 -0.998366 0.018276 -0.054139 153.246890 26.916799 -21.036061
-0.054993 -0.212500 0.975612 0.007348 0.976978 0.213212 -0.998460 0.018894 -0.052166 154.351237 27.140444 -21.097004
-0.054646 -0.210517 0.976062 0.008218 0.977394 0.211264 -0.998472 0.019567 -0.051681 155.465404 27.362414 -21.152429
-0.055032 -0.212631 0.975582 0.007854 0.976940 0.213370 -0.998454 0.019404 -0.052093 156.556427 27.577071 -21.205906
-0.054009 -0.212989 0.975561 0.008627 0.976851 0.213749 -0.998503 0.019960 -0.050922 157.588068 27.783070 -21.263178
-0.051212 -0.211903 0.975948 0.011685 0.977036 0.212753 -0.998619 0.022300 -0.047560 158.667971 28.000003 -21.322134
-0.047670 -0.208714 0.976814 0.015820 0.977646 0.209664 -0.998738 0.025448 -0.043303 159.812061 28.226306 -21.374169
-0.044316 -0.205049 0.977748 0.018895 0.978362 0.206034 -0.998839 0.027606 -0.039483 160.903216 28.440525 -21.426472
-0.041180 -0.201922 0.978535 0.021239 0.978968 0.202906 -0.998926 0.029139 -0.036026 162.046636 28.654305 -21.476694
-0.037359 -0.200498 0.978981 0.024460 0.979188 0.201474 -0.999003 0.031473 -0.031677 163.176436 28.875718 -21.512195
-0.032158 -0.199132 0.979445 0.027673 0.979399 0.200032 -0.999100 0.033536 -0.025985 164.360464 29.103774 -21.546192
-0.024882 -0.197009 0.980086 0.032410 0.979715 0.197758 -0.999165 0.036686 -0.017992 165.480439 29.312584 -21.578186
-0.018715 -0.195690 0.980487 0.036430 0.979874 0.196263 -0.999161 0.039392 -0.011210 166.659634 29.528738 -21.602346
-0.013982 -0.193515 0.980998 0.038724 0.980253 0.193920 -0.999152 0.040700 -0.006213 167.809310 29.738053 -21.610822
-0.010228 -0.191808 0.981379 0.040318 0.980553 0.192067 -0.999135 0.041532 -0.002296 168.988816 29.953123 -21.614977
-0.005630 -0.188744 0.982010 0.042023 0.981114 0.188813 -0.999101 0.042330 0.002408 170.042152 30.140415 -21.608648
0.001732 -0.183687 0.982983 0.045207 0.981994 0.183422 -0.998976 0.044120 0.010005 171.142895 30.332845 -21.601023
0.009212 -0.177809 0.984022 0.048920 0.982966 0.177160 -0.998760 0.046506 0.017754 172.169640 30.510749 -21.588078
0.018907 -0.175490 0.984300 0.050742 0.983375 0.174350 -0.998533 0.046649 0.027497 173.165170 30.671260 -21.565042
0.028531 -0.176260 0.983930 0.053170 0.983205 0.174589 -0.998178 0.047335 0.037423 174.164582 30.830617 -21.530446
0.037516 -0.176435 0.983597 0.056233 0.983103 0.174202 -0.997713 0.048775 0.046803 175.205130 30.996936 -21.484266
0.041144 -0.173323 0.984005 0.056163 0.983683 0.170918 -0.997574 0.048232 0.050207 176.147695 31.151273 -21.439883
0.045277 -0.170163 0.984375 0.058414 0.984151 0.167437 -0.997265 0.049920 0.054499 177.107901 31.307681 -21.391219
0.050865 -0.168665 0.984360 0.059096 0.984417 0.165621 -0.996956 0.049748 0.060040 178.207594 31.474619 -21.327459
0.055549 -0.170259 0.983832 0.060379 0.984123 0.166900 -0.996629 0.050132 0.064947 179.306271 31.639591 -21.257782
0.059959 -0.171682 0.983326 0.060039 0.983935 0.168127 -0.996394 0.048957 0.069303 180.309286 31.790091 -21.186930
0.062339 -0.173095 0.982930 0.061253 0.983653 0.169337 -0.996174 0.049651 0.071923 181.361918 31.951020 -21.113901
0.063950 -0.172645 0.982906 0.061329 0.983740 0.168802 -0.996067 0.049486 0.073498 182.389593 32.109794 -21.036490
0.064375 -0.173156 0.982788 0.062050 0.983620 0.169238 -0.995995 0.050087 0.074065 183.350445 32.256065 -20.963574
0.063373 -0.173670 0.982763 0.063299 0.983459 0.169711 -0.995980 0.051453 0.073318 184.375659 32.413622 -20.890480
0.063349 -0.173761 0.982748 0.065580 0.983322 0.169635 -0.995834 0.053702 0.073688 185.490940 32.589494 -20.819420
0.063145 -0.174816 0.982574 0.067790 0.983016 0.170538 -0.995699 0.055840 0.073923 186.627965 32.762671 -20.746003
0.060710 -0.175645 0.982580 0.069053 0.982776 0.171414 -0.995764 0.057443 0.071793 187.746958 32.930503 -20.676148
0.060154 -0.176103 0.982532 0.071283 0.982559 0.171744 -0.995641 0.059707 0.071658 188.785576 33.084664 -20.606631
0.060212 -0.174220 0.982864 0.073391 0.982758 0.169705 -0.995484 0.061915 0.071960 189.807034 33.239415 -20.537603
0.059624 -0.171825 0.983322 0.076423 0.982969 0.167129 -0.995291 0.065184 0.071739 190.672997 33.371273 -20.481811
0.058821 -0.169496 0.983774 0.079576 0.983140 0.164629 -0.995092 0.068601 0.071317 191.519294 33.501300 -20.429129
0.059367 -0.167402 0.984100 0.081360 0.983370 0.162370 -0.994915 0.070427 0.071999 192.362726 33.631140 -20.373171
0.059797 -0.167195 0.984109 0.084118 0.983210 0.161931 -0.994660 0.073098 0.072857 193.153021 33.754282 -20.317382
0.063738 -0.167689 0.983777 0.086555 0.982996 0.161948 -0.994206 0.074829 0.077169 194.055361 33.889825 -20.247543
0.070246 -0.166477 0.983540 0.089456 0.983054 0.160006 -0.993511 0.076743 0.083948 195.019349 34.031342 -20.171429
0.077665 -0.164555 0.983306 0.091879 0.983269 0.157292 -0.992737 0.078129 0.091485 195.821748 34.152278 -20.098023
0.084463 -0.162884 0.983023 0.091204 0.983671 0.155155 -0.992244 0.076551 0.097939 196.730482 34.281171 -19.998114
0.092678 -0.162305 0.982379 0.090999 0.983877 0.153968 -0.991529 0.075126 0.105953 197.667567 34.415810 -19.897737
0.101351 -0.162013 0.981570 0.091703 0.983971 0.152940 -0.990615 0.074512 0.114584 198.630813 34.541861 -19.785509
0.111224 -0.165083 0.979988 0.094597 0.983388 0.154919 -0.989283 0.075474 0.124993 199.497655 34.660185 -19.677207
0.122157 -0.167869 0.978211 0.096568 0.982927 0.156619 -0.987802 0.075331 0.136282 200.389443 34.784192 -19.553917
0.133413 -0.169845 0.976398 0.098948 0.982566 0.157397 -0.986109 0.075614 0.147893 201.297697 34.911561 -19.426458
0.148273 -0.174063 0.973508 0.103739 0.981695 0.159727 -0.983490 0.077307 0.163617 202.205075 35.046751 -19.284912
0.164448 -0.177795 0.970230 0.109670 0.980818 0.161147 -0.980270 0.079905 0.180792 203.154482 35.184517 -19.124740
0.179685 -0.178374 0.967417 0.115191 0.980473 0.159386 -0.976957 0.082799 0.196723 204.033382 35.312738 -18.956161
0.195733 -0.178464 0.964282 0.119533 0.980311 0.157167 -0.973345 0.084501 0.213212 204.921982 35.442201 -18.757887
0.214393 -0.181108 0.959810 0.123850 0.979769 0.157209 -0.968864 0.085168 0.232486 205.816341 35.573130 -18.546387
0.234202 -0.184063 0.954605 0.129565 0.979064 0.156992 -0.963516 0.086915 0.253147 206.656785 35.696416 -18.329785
0.250571 -0.186076 0.950047 0.133819 0.978591 0.156372 -0.958805 0.087952 0.270107 207.498392 35.816886 -18.089609
0.264243 -0.187710 0.946013 0.139973 0.977956 0.154951 -0.954245 0.091472 0.284693 208.278197 35.920917 -17.864199
0.275532 -0.187031 0.942922 0.145051 0.977748 0.151553 -0.950285 0.095014 0.296530 208.998425 36.019032 -17.642709
0.285019 -0.183706 0.940753 0.147457 0.978183 0.146340 -0.947112 0.097011 0.305890 209.661569 36.111348 -17.421798
0.295997 -0.177951 0.938466 0.151327 0.978821 0.137874 -0.943126 0.101205 0.316657 210.311635 36.198037 -17.204884
0.307137 -0.173765 0.935667 0.156207 0.979059 0.130547 -0.938758 0.106062 0.327848 211.026729 36.292166 -16.958833
0.314204 -0.174559 0.933169 0.160065 0.978619 0.129166 -0.935765 0.108784 0.335426 211.898639 36.401360 -16.645882
0.321286 -0.179917 0.929734 0.162538 0.977693 0.133030 -0.932929 0.108377 0.343362 212.806822 36.510470 -16.314826
0.328668 -0.188925 0.925356 0.162615 0.976476 0.141604 -0.930341 0.103936 0.351659 213.708156 36.619374 -15.976093
0.333904 -0.195899 0.922026 0.162313 0.975504 0.148481 -0.928527 0.100079 0.357522 214.584422 36.732632 -15.640368
0.335669 -0.196790 0.921195 0.163562 0.975256 0.148739 -0.927671 0.100745 0.359550 215.322515 36.830546 -15.355771
0.337357 -0.194747 0.921012 0.165312 0.975420 0.145700 -0.926748 0.103102 0.361259 215.997549 36.921162 -15.091460
0.341317 -0.193440 0.919828 0.167949 0.975397 0.142806 -0.924822 0.105742 0.365407 216.784126 37.027482 -14.779881
0.345226 -0.194061 0.918237 0.169314 0.975214 0.142446 -0.923121 0.106294 0.369526 217.682339 37.144997 -14.424542
0.348430 -0.196384 0.916531 0.169136 0.974928 0.144598 -0.921949 0.104636 0.372909 218.623029 37.268437 -14.043713
0.352861 -0.198026 0.914481 0.168823 0.974782 0.145942 -0.920320 0.102888 0.377394 219.490532 37.385508 -13.687968
0.359316 -0.199170 0.911714 0.169044 0.974689 0.146305 -0.917778 0.101550 0.383890 220.395402 37.504842 -13.308705
0.364760 -0.200036 0.909360 0.168114 0.974748 0.146986 -0.915799 0.099261 0.389178 221.271065 37.622828 -12.928908
0.371592 -0.201654 0.906231 0.168522 0.974560 0.147758 -0.912973 0.097815 0.396122 222.074777 37.734524 -12.575700
0.380417 -0.202656 0.902338 0.170007 0.974392 0.147165 -0.909055 0.097419 0.405129 222.796457 37.828506 -12.253903
0.390859 -0.202047 0.898001 0.171180 0.974547 0.144763 -0.904393 0.097138 0.415497 223.441002 37.911246 -11.955417
0.403407 -0.199844 0.892931 0.172797 0.974938 0.140132 -0.898557 0.097766 0.427829 224.014043 37.982616 -11.682165
0.417966 -0.197911 0.886643 0.176188 0.975110 0.134602 -0.891214 0.099957 0.442432 224.581715 38.052697 -11.405749
0.432431 -0.197663 0.879734 0.180297 0.974927 0.130427 -0.883457 0.102213 0.457227 225.226720 38.135229 -11.075933
0.446354 -0.198554 0.872551 0.183652 0.974643 0.127838 -0.875808 0.103185 0.471501 225.978816 38.231392 -10.673924
0.460786 -0.198771 0.864966 0.185912 0.974593 0.124925 -0.867821 0.103244 0.486032 226.659448 38.313736 -10.290325
0.473096 -0.200169 0.857970 0.188044 0.974348 0.123631 -0.860709 0.102846 0.498601 227.366471 38.400782 -9.882377
0.484720 -0.201952 0.851036 0.187312 0.974374 0.124534 -0.854377 0.099045 0.510127 228.133006 38.493228 -9.427574
0.494749 -0.202591 0.845092 0.186858 0.974502 0.124219 -0.848709 0.096455 0.519989 228.914397 38.590929 -8.947323
0.501293 -0.204260 0.840823 0.186632 0.974389 0.125438 -0.844910 0.094043 0.526576 229.730304 38.699714 -8.441149
0.504471 -0.205396 0.838643 0.186161 0.974323 0.126644 -0.843121 0.092235 0.529754 230.528925 38.802170 -7.940912
0.507133 -0.204346 0.837293 0.186266 0.974513 0.125018 -0.841500 0.092559 0.532270 231.298265 38.902790 -7.457249
0.509360 -0.203667 0.836105 0.186582 0.974616 0.123741 -0.840083 0.092974 0.534431 232.052498 39.000924 -6.978746
0.512330 -0.202385 0.834601 0.186137 0.974902 0.122145 -0.838374 0.092772 0.537143 232.716274 39.084939 -6.549075
0.514706 -0.203561 0.832851 0.187535 0.974613 0.122312 -0.836605 0.093234 0.539814 233.475085 39.190469 -6.057222
0.517481 -0.206560 0.830389 0.188152 0.974144 0.125067 -0.834753 0.091520 0.542966 234.196270 39.283361 -5.587899
0.520307 -0.209875 0.827788 0.188660 0.973630 0.128269 -0.832879 0.089431 0.546181 234.982720 39.385796 -5.073651
0.520413 -0.212381 0.827082 0.189840 0.973113 0.130428 -0.832545 0.089137 0.546739 235.788330 39.494271 -4.545204
0.519973 -0.213545 0.827059 0.190575 0.972843 0.131371 -0.832652 0.089308 0.546548 236.515681 39.592703 -4.067590
0.521079 -0.213362 0.826410 0.191095 0.972834 0.130674 -0.831841 0.089831 0.547696 237.223465 39.693566 -3.593486
0.521664 -0.212022 0.826386 0.191546 0.973006 0.128724 -0.831370 0.091140 0.548194 238.021138 39.802839 -3.062677
0.523504 -0.208530 0.826110 0.193476 0.973353 0.123092 -0.829765 0.095394 0.549900 238.716961 39.891386 -2.609857
0.525953 -0.203946 0.825699 0.193608 0.974046 0.117263 -0.828184 0.098187 0.551788 239.366951 39.976789 -2.187653
0.529363 -0.201937 0.824012 0.193996 0.974338 0.114150 -0.825918 0.099428 0.554954 240.165797 40.076437 -1.669865
0.531137 -0.202834 0.822649 0.193918 0.974253 0.115012 -0.824796 0.098439 0.556795 241.011954 40.174168 -1.108198
0.533623 -0.206390 0.820152 0.195191 0.973639 0.118016 -0.822889 0.097110 0.559842 241.886316 40.271944 -0.524592
0.536638 -0.207861 0.817810 0.196266 0.973351 0.118607 -0.820670 0.096859 0.563133 242.714799 40.368118 0.035352
0.537761 -0.208117 0.817007 0.195779 0.973390 0.119089 -0.820051 0.095912 0.564196 243.480634 40.458276 0.558910
0.537216 -0.207306 0.817572 0.195207 0.973566 0.118592 -0.820544 0.095887 0.563483 244.267184 40.555788 1.095021
0.533958 -0.206576 0.819888 0.195016 0.973638 0.118309 -0.822714 0.096719 0.560167 245.022206 40.644311 1.598576
0.531560 -0.205313 0.821760 0.195503 0.973721 0.116818 -0.824150 0.098560 0.557731 245.758088 40.732363 2.088083
0.527881 -0.203686 0.824533 0.194629 0.973993 0.116002 -0.826717 0.099243 0.553795 246.485330 40.817609 2.573888
0.521513 -0.201989 0.828990 0.192892 0.974332 0.116056 -0.831154 0.099381 0.547089 247.199987 40.906850 3.043362
0.513615 -0.202549 0.833771 0.191476 0.974289 0.118734 -0.836383 0.098663 0.539193 248.008316 41.003380 3.577484
0.509096 -0.205961 0.835704 0.191155 0.973755 0.123535 -0.839215 0.096858 0.535105 248.793334 41.104129 4.084784
0.506577 -0.207269 0.836911 0.189905 0.973660 0.126188 -0.841021 0.095010 0.532594 249.555145 41.206878 4.574175
0.505312 -0.207283 0.837671 0.187256 0.973930 0.128041 -0.842374 0.092159 0.530954 250.241494 41.296876 5.013886
0.506354 -0.207251 0.837050 0.185635 0.974128 0.128896 -0.842108 0.090119 0.531727 250.904226 41.379081 5.434341
0.507586 -0.208142 0.836082 0.185652 0.974009 0.129769 -0.841362 0.089351 0.533035 251.531835 41.452175 5.824611
0.509560 -0.207797 0.834967 0.186054 0.974052 0.128867 -0.840079 0.089683 0.534999 252.181695 41.532109 6.233923
0.512550 -0.207018 0.833328 0.185295 0.974302 0.128071 -0.838426 0.088769 0.537737 252.811807 41.614982 6.634350
0.514981 -0.207243 0.831772 0.184964 0.974341 0.128247 -0.837008 0.087803 0.540100 253.414278 41.686879 7.020028
0.517395 -0.208904 0.829856 0.185048 0.974114 0.129845 -0.835500 0.086382 0.542659 253.998248 41.764348 7.392832
0.518059 -0.211214 0.828857 0.185384 0.973725 0.132260 -0.835014 0.085139 0.543603 254.552056 41.840512 7.747379
0.519030 -0.212133 0.828014 0.185377 0.973594 0.133228 -0.834412 0.084345 0.544649 255.186347 41.930252 8.159702
0.521876 -0.213130 0.825967 0.185776 0.973439 0.133803 -0.832546 0.083616 0.547609 255.782727 42.010174 8.548532
0.525724 -0.214899 0.823063 0.186670 0.973124 0.134846 -0.829921 0.082749 0.551710 256.453848 42.099832 8.991012
0.530757 -0.217450 0.819154 0.187640 0.972689 0.136629 -0.826492 0.081189 0.557063 257.203388 42.205332 9.494304
0.535161 -0.221663 0.815149 0.189859 0.971833 0.139624 -0.823138 0.080042 0.562172 257.917400 42.311050 9.974360
0.538815 -0.223551 0.812221 0.191552 0.971404 0.140290 -0.820357 0.079992 0.566229 258.524439 42.402439 10.385077
0.543741 -0.222062 0.809342 0.192398 0.971659 0.137339 -0.816902 0.081039 0.571055 259.140523 42.495431 10.812511
0.550476 -0.219129 0.805579 0.192563 0.972246 0.132880 -0.812339 0.081977 0.577395 259.770429 42.585028 11.260500
0.557522 -0.216998 0.801300 0.192204 0.972747 0.129697 -0.807606 0.081705 0.584035 260.466183 42.681665 11.762399
0.564142 -0.216936 0.796670 0.193493 0.972734 0.127862 -0.802686 0.082018 0.590736 261.150517 42.775657 12.261755
0.571405 -0.216151 0.791691 0.193957 0.972931 0.125645 -0.797419 0.081760 0.597861 261.755217 42.851969 12.717056
0.579654 -0.213894 0.786289 0.194639 0.973347 0.121291 -0.791275 0.082735 0.605837 262.305611 42.923826 13.141545
0.586892 -0.213143 0.781107 0.195698 0.973467 0.118594 -0.785659 0.083259 0.613032 262.894381 43.001863 13.603212
0.593415 -0.212426 0.776359 0.196339 0.973612 0.116325 -0.780583 0.083400 0.619463 263.528482 43.081123 14.105391
0.599055 -0.211914 0.772157 0.197052 0.973701 0.114351 -0.776082 0.083653 0.625059 264.162261 43.167154 14.621767
0.604947 -0.211244 0.767734 0.198338 0.973754 0.111647 -0.771169 0.084730 0.630967 264.781196 43.248911 15.125281
0.612678 -0.210207 0.761865 0.199822 0.973861 0.108006 -0.764655 0.086064 0.638667 265.405228 43.315192 15.639126
0.618311 -0.211011 0.757077 0.199688 0.973851 0.108344 -0.760142 0.084189 0.644279 266.113880 43.385802 16.241524
0.623510 -0.212865 0.752279 0.200716 0.973554 0.109118 -0.755612 0.082958 0.649745 266.833818 43.464569 16.858452
0.630953 -0.211531 0.746427 0.200826 0.973851 0.106223 -0.749378 0.082880 0.656935 267.407542 43.522036 17.368231
0.638269 -0.208414 0.741064 0.201443 0.974329 0.100517 -0.742989 0.085126 0.663868 267.976884 43.582003 17.874552
0.645815 -0.206625 0.735003 0.202201 0.974596 0.096315 -0.736232 0.086417 0.671189 268.592937 43.641549 18.432048
0.653277 -0.208017 0.727982 0.201125 0.974650 0.098016 -0.729916 0.082384 0.678554 269.331577 43.716959 19.108377
0.658515 -0.212030 0.722081 0.201011 0.974186 0.102742 -0.725226 0.077489 0.684137 270.039364 43.799103 19.772188
0.664451 -0.214920 0.715761 0.199060 0.974053 0.107686 -0.720333 0.070927 0.689992 270.700209 43.879570 20.421655
0.667610 -0.219639 0.711376 0.199487 0.973328 0.113303 -0.717288 0.066268 0.693619 271.391614 43.970069 21.095442
0.671248 -0.220897 0.707553 0.198472 0.973270 0.115564 -0.714167 0.062857 0.697147 272.057611 44.053019 21.760301
0.674632 -0.219168 0.704867 0.198571 0.973589 0.112670 -0.710944 0.063955 0.700334 272.656111 44.128577 22.355441
0.679650 -0.217511 0.700547 0.199624 0.973826 0.108691 -0.705852 0.065974 0.705281 273.230759 44.195535 22.923159
0.684712 -0.215680 0.696169 0.200015 0.974142 0.105076 -0.700831 0.067297 0.710146 273.763275 44.261044 23.451810
0.689589 -0.214381 0.691742 0.201048 0.974306 0.101529 -0.695734 0.069060 0.714972 274.326165 44.326052 24.023347
0.693244 -0.214696 0.687981 0.202804 0.974137 0.099640 -0.691580 0.070451 0.718856 274.976643 44.402582 24.682635
0.697644 -0.216843 0.682841 0.204573 0.973709 0.100203 -0.686617 0.069785 0.723663 275.650104 44.477267 25.383993
0.699874 -0.220877 0.679256 0.205979 0.972997 0.104162 -0.683921 0.067012 0.726472 276.338872 44.561346 26.114757
0.701981 -0.224629 0.675844 0.206158 0.972421 0.109071 -0.681705 0.062765 0.728930 276.983548 44.642793 26.797468
0.704742 -0.227275 0.672075 0.205366 0.972095 0.113384 -0.679090 0.058115 0.731751 277.599114 44.725919 27.456323
0.706453 -0.229956 0.669361 0.203966 0.971770 0.118578 -0.677733 0.052757 0.733413 278.213659 44.817849 28.122660
0.707217 -0.232659 0.667618 0.203340 0.971339 0.123102 -0.677124 0.048694 0.734256 278.877715 44.921521 28.845266
0.709132 -0.232617 0.665599 0.202626 0.971422 0.123619 -0.675333 0.047206 0.736001 279.474479 45.010466 29.507611
0.712555 -0.229552 0.663001 0.205306 0.971820 0.115823 -0.670906 0.053588 0.739604 280.075539 45.101695 30.169032
0.717410 -0.225123 0.659274 0.208034 0.972397 0.105667 -0.664864 0.061345 0.744441 280.631680 45.172629 30.779314
0.723173 -0.223022 0.653668 0.210280 0.972596 0.099196 -0.657878 0.065717 0.750252 281.140785 45.241997 31.359143
0.726048 -0.223728 0.650230 0.210165 0.972543 0.099957 -0.654740 0.064083 0.753133 281.673684 45.310753 31.976737
0.726951 -0.226072 0.648409 0.210049 0.972200 0.103472 -0.653775 0.060979 0.754228 282.300437 45.389727 32.693626
0.728306 -0.226885 0.646602 0.209912 0.972102 0.104663 -0.652310 0.059503 0.755613 282.828736 45.459898 33.313453
0.730178 -0.226437 0.644645 0.209814 0.972211 0.103845 -0.650245 0.059430 0.757396 283.297416 45.521190 33.856481
0.732441 -0.227350 0.641749 0.210373 0.972046 0.104260 -0.647513 0.058643 0.759794 283.779043 45.578008 34.415581
0.733538 -0.228910 0.639940 0.211724 0.971685 0.104887 -0.645829 0.058552 0.761233 284.310512 45.650184 35.044915
0.733455 -0.229879 0.639687 0.212132 0.971487 0.105888 -0.645790 0.058034 0.761307 284.817517 45.720173 35.654204
0.734273 -0.229130 0.639017 0.212489 0.971590 0.104216 -0.644742 0.059261 0.762100 285.362225 45.794459 36.313423
0.735387 -0.226576 0.638647 0.212553 0.972009 0.100095 -0.643450 0.062137 0.762962 285.917755 45.863894 36.966824
0.737417 -0.224656 0.636982 0.212573 0.972335 0.096840 -0.641115 0.063994 0.764772 286.536809 45.939087 37.691361
0.738664 -0.224956 0.635430 0.212961 0.972269 0.096644 -0.639549 0.063934 0.766087 287.190568 46.015162 38.460154
0.739824 -0.226545 0.633512 0.213243 0.972014 0.098566 -0.638113 0.062170 0.767429 287.886864 46.106475 39.280532
0.741258 -0.229503 0.630766 0.215074 0.971393 0.100692 -0.635831 0.061022 0.769413 288.519074 46.193714 40.035295
0.742207 -0.231873 0.628779 0.217416 0.970802 0.101364 -0.633924 0.061473 0.770949 289.118031 46.278273 40.750681
0.743037 -0.233713 0.627116 0.219683 0.970296 0.101318 -0.632167 0.062483 0.772308 289.652167 46.353624 41.377956
0.743715 -0.235386 0.625685 0.222027 0.969802 0.100934 -0.630549 0.063853 0.773518 290.204519 46.428134 42.038638
0.745077 -0.236137 0.623779 0.224734 0.969424 0.098549 -0.627977 0.066757 0.775363 290.750716 46.498579 42.684467
0.747633 -0.236126 0.620716 0.226416 0.969287 0.096014 -0.624324 0.068757 0.778134 291.351158 46.574914 43.429225
0.750442 -0.237793 0.616677 0.229364 0.968748 0.094437 -0.619862 0.070574 0.781531 291.913589 46.641675 44.122204
0.753554 -0.240487 0.611819 0.232316 0.968051 0.094376 -0.614968 0.071018 0.785347 292.444007 46.709000 44.786960
0.758137 -0.242315 0.605402 0.234248 0.967627 0.093952 -0.608569 0.070586 0.790355 292.927390 46.775385 45.407501
0.765584 -0.244594 0.595025 0.235830 0.967222 0.094163 -0.598552 0.068235 0.798172 293.421726 46.839999 46.059393
0.770835 -0.247736 0.586891 0.237138 0.966663 0.096583 -0.591252 0.064725 0.803885 293.931458 46.909693 46.742079
0.775982 -0.250285 0.578972 0.237724 0.966265 0.099094 -0.584242 0.060741 0.809303 294.501786 46.987018 47.532060
0.781167 -0.252813 0.570844 0.239579 0.965729 0.099849 -0.576524 0.058763 0.814964 295.016962 47.065220 48.253389
0.786536 -0.253871 0.562948 0.241648 0.965428 0.097752 -0.568302 0.059150 0.820691 295.555123 47.153526 49.002293
0.791047 -0.253666 0.556685 0.242633 0.965441 0.095145 -0.561582 0.059806 0.825257 296.120170 47.240151 49.817592
0.794247 -0.254213 0.551859 0.244326 0.965224 0.092991 -0.556307 0.060976 0.828737 296.703115 47.326662 50.672939
0.794912 -0.255323 0.550387 0.246600 0.964797 0.091408 -0.554350 0.063065 0.829891 297.258326 47.403138 51.492467
0.794058 -0.255701 0.551442 0.248523 0.964495 0.089366 -0.554714 0.066085 0.829412 297.846617 47.489674 52.367611
0.791550 -0.256989 0.554442 0.251502 0.963875 0.087708 -0.556952 0.070018 0.827588 298.438675 47.577678 53.226010
0.788002 -0.260229 0.557973 0.254779 0.962872 0.089252 -0.560482 0.071829 0.825045 299.032076 47.652494 54.071247
0.783620 -0.263707 0.562493 0.256695 0.961971 0.093382 -0.565728 0.071213 0.821511 299.600957 47.732022 54.878128
0.780203 -0.265081 0.566582 0.256128 0.961737 0.097262 -0.570686 0.069233 0.818245 300.182722 47.810891 55.694754
0.777549 -0.267056 0.569296 0.257634 0.961158 0.099000 -0.573622 0.069692 0.816150 300.733218 47.892891 56.468768
0.774861 -0.268105 0.572460 0.258245 0.960843 0.100448 -0.576975 0.070002 0.813757 301.303038 47.971732 57.268670
0.771820 -0.270041 0.575649 0.259331 0.960304 0.102780 -0.580553 0.069955 0.811212 301.830538 48.047744 57.984633
0.769986 -0.272721 0.576841 0.261586 0.959510 0.104466 -0.581975 0.070456 0.810149 302.388573 48.138027 58.741428
0.769191 -0.275315 0.576669 0.261165 0.959061 0.109523 -0.583213 0.066362 0.809604 303.029892 48.239480 59.619132
0.768081 -0.278130 0.576797 0.260460 0.958566 0.115381 -0.584989 0.061610 0.808698 303.646914 48.339829 60.444510
0.767845 -0.280877 0.575779 0.259306 0.958112 0.121583 -0.585810 0.055946 0.808515 304.274611 48.450635 61.307316
0.767828 -0.281897 0.575303 0.258042 0.958010 0.125027 -0.586391 0.052454 0.808328 304.814500 48.550448 62.061038
0.767143 -0.281805 0.576262 0.257895 0.958030 0.125178 -0.587352 0.052586 0.807622 305.340383 48.646161 62.782616
0.765848 -0.280235 0.578745 0.259600 0.958177 0.120434 -0.588290 0.058009 0.806567 305.774035 48.726885 63.367963
0.764089 -0.277060 0.582586 0.260372 0.958702 0.114439 -0.590233 0.064248 0.804672 306.244436 48.810878 64.002121
0.763893 -0.274105 0.584238 0.260435 0.959258 0.109533 -0.590459 0.068485 0.804157 306.700310 48.884336 64.619570
0.763289 -0.272788 0.585642 0.258984 0.959659 0.109459 -0.591876 0.068123 0.803145 307.177304 48.964219 65.260680
0.762353 -0.274104 0.586247 0.257381 0.959567 0.113957 -0.593779 0.064013 0.802078 307.733426 49.052884 66.015512
0.760571 -0.275639 0.587838 0.257139 0.959254 0.117099 -0.596163 0.062094 0.800458 308.247635 49.140536 66.705728
0.759005 -0.277796 0.588847 0.257695 0.958729 0.120132 -0.597917 0.060562 0.799267 308.740857 49.227364 67.368020
0.758552 -0.279394 0.588674 0.258208 0.958340 0.122123 -0.598270 0.059364 0.799093 309.197732 49.312131 67.987199
0.759001 -0.281125 0.587270 0.259237 0.957886 0.123495 -0.597255 0.058509 0.799915 309.684004 49.400853 68.635899
0.760285 -0.282473 0.584957 0.259728 0.957579 0.124835 -0.595406 0.057019 0.801399 310.110215 49.479296 69.197478
0.761473 -0.282594 0.583353 0.259534 0.957596 0.125109 -0.593971 0.056133 0.802526 310.526668 49.555407 69.764197
0.763454 -0.282468 0.580819 0.259601 0.957657 0.124503 -0.591393 0.055728 0.804455 310.999752 49.636628 70.413350
0.765991 -0.282277 0.577562 0.260984 0.957616 0.121893 -0.587490 0.057365 0.807195 311.380418 49.696136 70.937054
0.768355 -0.281180 0.574950 0.262915 0.957698 0.117007 -0.583529 0.061260 0.809779 311.791688 49.758684 71.513761
0.770808 -0.279906 0.572283 0.264474 0.957837 0.112262 -0.579576 0.064822 0.812336 312.200594 49.825189 72.090124
0.773649 -0.278552 0.569101 0.265444 0.958050 0.108076 -0.575332 0.067451 0.815134 312.666939 49.905518 72.754342
0.777118 -0.278390 0.564435 0.266061 0.958085 0.106231 -0.570350 0.067620 0.818614 313.221632 49.992925 73.550943
0.781502 -0.279128 0.557981 0.265639 0.958091 0.107230 -0.564527 0.064421 0.822897 313.755364 50.075280 74.337113
0.787298 -0.281367 0.548630 0.266406 0.957694 0.108858 -0.556049 0.060455 0.828948 314.238581 50.149360 75.071080
0.792910 -0.285017 0.538571 0.268347 0.956870 0.111311 -0.547068 0.056264 0.835195 314.734609 50.231608 75.837091
0.797814 -0.287400 0.529994 0.270049 0.956303 0.112063 -0.539042 0.053719 0.840564 315.231500 50.315194 76.615352
0.801112 -0.287922 0.524709 0.272555 0.956008 0.108459 -0.532854 0.056124 0.844344 315.663276 50.388233 77.305210
0.805407 -0.287104 0.518547 0.276583 0.955813 0.099617 -0.524234 0.063189 0.849227 316.065022 50.461217 77.961940
0.809460 -0.284415 0.513695 0.279479 0.956025 0.088926 -0.516397 0.071585 0.853352 316.474330 50.530914 78.648068
0.813037 -0.281843 0.509447 0.281764 0.956199 0.079328 -0.509490 0.079047 0.856838 316.863632 50.586313 79.314859
0.817151 -0.280252 0.503709 0.283783 0.956209 0.071640 -0.501728 0.084403 0.860898 317.284717 50.634166 80.039829
0.820653 -0.282975 0.496441 0.286796 0.955395 0.070487 -0.494243 0.084532 0.865204 317.805694 50.694846 80.927979
0.824905 -0.287560 0.486663 0.290006 0.954290 0.072304 -0.485209 0.081491 0.870593 318.327165 50.756072 81.834309
0.827817 -0.289948 0.480260 0.290652 0.953893 0.074902 -0.479834 0.077584 0.873922 318.833011 50.814310 82.745305
0.829598 -0.292293 0.475743 0.291633 0.953408 0.077219 -0.476148 0.074682 0.876188 319.308683 50.873728 83.612972
0.834380 -0.293271 0.466692 0.292193 0.953283 0.076647 -0.467368 0.072411 0.881092 319.748267 50.930891 84.442698
0.839537 -0.294554 0.456526 0.293300 0.953032 0.075532 -0.457332 0.070487 0.886498 320.213234 50.989263 85.337259
0.842926 -0.297313 0.448421 0.295253 0.952357 0.076427 -0.449780 0.067975 0.890549 320.647635 51.045725 86.190096
0.844700 -0.298932 0.443983 0.296202 0.951982 0.077427 -0.445809 0.066106 0.892684 321.117635 51.100473 87.130070
0.848011 -0.299371 0.437326 0.297382 0.951815 0.074915 -0.438681 0.066524 0.896177 321.557705 51.155521 88.023925
0.851769 -0.299571 0.429822 0.298951 0.951636 0.070834 -0.430254 0.068162 0.900131 321.999063 51.207395 88.941555
0.856741 -0.299217 0.420076 0.299988 0.951655 0.066034 -0.419526 0.069443 0.905083 322.420205 51.260484 89.850464
0.861459 -0.299189 0.410335 0.300911 0.951626 0.062129 -0.409074 0.069953 0.909816 322.816419 51.298295 90.725648
0.868683 -0.298995 0.394958 0.300948 0.951835 0.058652 -0.393472 0.067912 0.916825 323.179882 51.328065 91.562409
0.873736 -0.299037 0.383619 0.300903 0.951966 0.056731 -0.382157 0.065864 0.921747 323.528062 51.355669 92.402979
0.878968 -0.297290 0.372872 0.299852 0.952534 0.052616 -0.370815 0.065558 0.926390 323.858352 51.381804 93.235858
0.883283 -0.295169 0.364261 0.299922 0.952907 0.044892 -0.360357 0.069598 0.930214 324.187303 51.408359 94.071605
0.886887 -0.292861 0.357300 0.300084 0.953217 0.036438 -0.351256 0.074904 0.933278 324.544531 51.432239 95.002531
0.889572 -0.291807 0.351440 0.300200 0.953349 0.031712 -0.344299 0.077292 0.935673 324.879432 51.450978 95.899447
0.891916 -0.291379 0.345809 0.300590 0.953342 0.028001 -0.337833 0.078972 0.937887 325.176016 51.465961 96.707077
0.893939 -0.291027 0.340846 0.301045 0.953298 0.024409 -0.332031 0.080789 0.939802 325.509618 51.473878 97.604808
0.896889 -0.289874 0.334011 0.300607 0.953531 0.020340 -0.324386 0.082163 0.942350 325.843674 51.479596 98.554781
0.898503 -0.290610 0.328995 0.301460 0.953294 0.018765 -0.319082 0.082319 0.944145 326.214427 51.479919 99.603935
0.898534 -0.292900 0.326873 0.303272 0.952694 0.020019 -0.317274 0.081143 0.944856 326.572931 51.486379 100.620199
0.899395 -0.293112 0.324304 0.303463 0.952645 0.019423 -0.314640 0.080945 0.945753 326.904326 51.489549 101.592836
0.900517 -0.293953 0.320407 0.304375 0.952377 0.018287 -0.310524 0.081057 0.947103 327.237882 51.494237 102.571275
0.901807 -0.295165 0.315628 0.305509 0.952030 0.017409 -0.305626 0.080728 0.948723 327.583173 51.493551 103.564691
0.903060 -0.295167 0.312023 0.305581 0.952029 0.016184 -0.301832 0.080734 0.949937 327.907113 51.490804 104.548600
0.904887 -0.293000 0.308755 0.303826 0.952631 0.013580 -0.298109 0.081519 0.951045 328.222574 51.484017 105.528304
0.906790 -0.292348 0.303750 0.303432 0.952787 0.011181 -0.292678 0.082028 0.952686 328.526675 51.481947 106.483233
0.909181 -0.291654 0.297201 0.302618 0.953064 0.009524 -0.286030 0.081279 0.954767 328.829294 51.480340 107.433815
0.911397 -0.290314 0.291673 0.300927 0.953606 0.008847 -0.280710 0.079709 0.956477 329.127186 51.476535 108.398256
0.913236 -0.288940 0.287251 0.299169 0.954161 0.008646 -0.276582 0.078040 0.957816 329.410734 51.465949 109.350896
0.914918 -0.287529 0.283288 0.297265 0.954753 0.008985 -0.273053 0.075991 0.958993 329.676929 51.452719 110.255344
0.916165 -0.287908 0.278837 0.296878 0.954858 0.010479 -0.269267 0.073180 0.960281 329.945643 51.436682 111.192569
0.917245 -0.286613 0.276612 0.295630 0.955256 0.009485 -0.266954 0.073074 0.960935 330.216726 51.415949 112.172290
0.917725 -0.285369 0.276305 0.295262 0.955397 0.006049 -0.265707 0.076031 0.961051 330.500124 51.406882 113.165502
0.918342 -0.284438 0.275215 0.295846 0.955236 0.000063 -0.262913 0.081364 0.961383 330.775915 51.399543 114.130412
0.919244 -0.282868 0.273816 0.294725 0.955580 -0.002268 -0.261012 0.082785 0.961779 331.034792 51.384754 115.046447
0.919818 -0.281897 0.272891 0.293273 0.956028 -0.000938 -0.260627 0.080894 0.962044 331.277824 51.367294 115.940752
0.920359 -0.280994 0.271996 0.291580 0.956545 0.001563 -0.260616 0.077870 0.962297 331.534504 51.344153 116.852764
0.920769 -0.279778 0.271863 0.290121 0.956987 0.002242 -0.260797 0.076808 0.962333 331.787699 51.326596 117.759629
0.920861 -0.277461 0.273915 0.287923 0.957651 0.002096 -0.262897 0.076936 0.961752 332.032432 51.313831 118.641720
0.919646 -0.276588 0.278836 0.287614 0.957745 0.001428 -0.267449 0.078884 0.960338 332.292640 51.310159 119.538119
0.919052 -0.274950 0.282394 0.286706 0.958019 -0.000318 -0.270452 0.081257 0.959298 332.553652 51.298782 120.404012
0.917739 -0.274437 0.287122 0.286958 0.957942 -0.001595 -0.274608 0.083856 0.957893 332.852567 51.287166 121.344801
0.916393 -0.276360 0.289566 0.288486 0.957484 0.000839 -0.277487 0.082767 0.957158 333.135993 51.274722 122.238301
0.915034 -0.278436 0.291866 0.289542 0.957150 0.005359 -0.280852 0.079603 0.956444 333.431883 51.269294 123.173397
0.913096 -0.279265 0.297096 0.288937 0.957275 0.011801 -0.287698 0.075067 0.954775 333.718660 51.269617 124.071287
0.910946 -0.280680 0.302317 0.288779 0.957216 0.018554 -0.294590 0.070401 0.953027 334.042658 51.273093 125.082721
0.909537 -0.281173 0.306078 0.288391 0.957251 0.022384 -0.299287 0.067911 0.951743 334.359976 51.277991 126.042148
0.907678 -0.282169 0.310647 0.290102 0.956756 0.021401 -0.303252 0.070694 0.950284 334.668050 51.291939 126.968756
0.906595 -0.280498 0.315289 0.290452 0.956756 0.016005 -0.306144 0.077066 0.948861 334.983712 51.306568 127.904942
0.905068 -0.278757 0.321165 0.290518 0.956797 0.011757 -0.310568 0.082663 0.946950 335.306084 51.315440 128.816593
0.902496 -0.279323 0.327840 0.291106 0.956593 0.013654 -0.317423 0.083114 0.944635 335.644449 51.316853 129.762654
0.900717 -0.278237 0.333605 0.289464 0.957044 0.016666 -0.323911 0.081555 0.942566 336.003250 51.314333 130.756652
0.899097 -0.278745 0.337530 0.289427 0.957004 0.019368 -0.328416 0.080277 0.941116 336.380223 51.318248 131.784594
0.898442 -0.280426 0.337880 0.290294 0.956682 0.022098 -0.329441 0.078231 0.940930 336.736745 51.324481 132.751204
0.897757 -0.280891 0.339311 0.289716 0.956773 0.025507 -0.331809 0.075404 0.940328 337.078858 51.333993 133.706436
0.896222 -0.280719 0.343487 0.288899 0.956942 0.028279 -0.336635 0.073889 0.938732 337.418437 51.347964 134.635792
0.894889 -0.279792 0.347694 0.287817 0.957231 0.029512 -0.341080 0.073662 0.937144 337.761652 51.362245 135.556917
0.893475 -0.279573 0.351484 0.287729 0.957242 0.029988 -0.344839 0.074339 0.935714 338.103355 51.375512 136.446290
0.892014 -0.281068 0.353995 0.289294 0.956749 0.030671 -0.347305 0.075050 0.934744 338.463204 51.390843 137.351758
0.890551 -0.282195 0.356770 0.289478 0.956579 0.034044 -0.350885 0.072959 0.933572 338.816032 51.406567 138.235231
0.888467 -0.284369 0.360224 0.290793 0.956051 0.037507 -0.355059 0.071427 0.932111 339.169507 51.430894 139.097626
0.886378 -0.287913 0.362545 0.293197 0.955143 0.041691 -0.358286 0.069343 0.931033 339.531214 51.458872 139.972316
0.884614 -0.291452 0.364024 0.295087 0.954315 0.046971 -0.361083 0.065867 0.930204 339.899080 51.492916 140.849054
0.882994 -0.294162 0.365773 0.296969 0.953578 0.049990 -0.363498 0.064482 0.929360 340.255191 51.527248 141.703805
0.881682 -0.294966 0.368282 0.297273 0.953381 0.051902 -0.366422 0.063719 0.928264 340.622882 51.565429 142.626876
0.880774 -0.294444 0.370864 0.296698 0.953532 0.052411 -0.369063 0.063872 0.927207 340.990399 51.600232 143.528831
0.880187 -0.294160 0.372480 0.297128 0.953482 0.050868 -0.370116 0.065901 0.926645 341.379838 51.636339 144.486566
0.878933 -0.295940 0.374027 0.298494 0.952963 0.052571 -0.371991 0.065438 0.925927 341.791891 51.682148 145.484556
0.877487 -0.297832 0.375916 0.298468 0.952652 0.058067 -0.375412 0.061246 0.924832 342.214218 51.724839 146.482658
0.877416 -0.299358 0.374868 0.297985 0.952479 0.063156 -0.375960 0.056291 0.924924 342.620010 51.778874 147.464441
0.877460 -0.301783 0.372816 0.298482 0.951983 0.068094 -0.375464 0.051529 0.925403 343.040059 51.838076 148.478347
0.877935 -0.304407 0.369550 0.300644 0.951215 0.069301 -0.372618 0.050262 0.926623 343.484872 51.904260 149.571091
0.878762 -0.302826 0.368882 0.301006 0.951471 0.064024 -0.370368 0.054774 0.927269 343.879225 51.964002 150.549621
0.879117 -0.300409 0.370009 0.300649 0.951936 0.058552 -0.369815 0.059769 0.927181 344.244233 52.019681 151.468239
0.879873 -0.299253 0.369149 0.300199 0.952209 0.056384 -0.368380 0.061207 0.927658 344.638678 52.080141 152.462171
0.880331 -0.299322 0.368000 0.299921 0.952255 0.057068 -0.367512 0.060133 0.928073 345.040386 52.123508 153.474293
0.881114 -0.298596 0.366714 0.298065 0.952686 0.059554 -0.367145 0.056831 0.928426 345.451431 52.176652 154.513294
0.880858 -0.299589 0.366519 0.297741 0.952562 0.063052 -0.368022 0.053588 0.928272 345.899480 52.235755 155.632342
0.880580 -0.301125 0.365927 0.299060 0.952098 0.063823 -0.367617 0.053233 0.928453 346.344552 52.299054 156.737944
0.880696 -0.302190 0.364769 0.299894 0.951793 0.064443 -0.366659 0.052638 0.928865 346.740188 52.348171 157.730181
0.880782 -0.301715 0.364955 0.299895 0.951879 0.063169 -0.366452 0.053810 0.928880 347.137924 52.404930 158.758077
0.880686 -0.301271 0.365551 0.300341 0.951884 0.060919 -0.366315 0.056139 0.928796 347.488816 52.452588 159.650632
0.881538 -0.300884 0.363812 0.299911 0.952037 0.060662 -0.364615 0.055635 0.929495 347.878997 52.495779 160.635678
0.881561 -0.301642 0.363130 0.300100 0.951881 0.062155 -0.364405 0.054182 0.929663 348.292387 52.543928 161.693439
0.882639 -0.300896 0.361123 0.299351 0.952147 0.061692 -0.362405 0.053650 0.930475 348.669240 52.584020 162.667243
0.883225 -0.300473 0.360041 0.299519 0.952208 0.059910 -0.360835 0.054925 0.931011 349.046135 52.628393 163.630856
0.884003 -0.299618 0.358842 0.299504 0.952369 0.057363 -0.358937 0.056766 0.931634 349.433718 52.670519 164.618142
0.884881 -0.298414 0.357679 0.298455 0.952749 0.056522 -0.357645 0.056736 0.932133 349.811899 52.713699 165.584830
0.885410 -0.298622 0.356193 0.298073 0.952788 0.057852 -0.356653 0.054948 0.932620 350.169630 52.755666 166.511399
0.885909 -0.299298 0.354382 0.298108 0.952684 0.059371 -0.355384 0.053047 0.933214 350.550812 52.798626 167.513674
0.886533 -0.300760 0.351572 0.299361 0.952267 0.059761 -0.352764 0.052267 0.934252 350.909912 52.843947 168.452290
0.886719 -0.302110 0.349942 0.300656 0.951849 0.059910 -0.351191 0.052088 0.934854 351.290085 52.892731 169.451595
0.886697 -0.302961 0.349262 0.301117 0.951633 0.061009 -0.350853 0.051073 0.935037 351.690249 52.943281 170.500897
0.886341 -0.304252 0.349041 0.302031 0.951265 0.062234 -0.350965 0.050261 0.935039 352.091475 52.995838 171.562114
0.886653 -0.304318 0.348192 0.302261 0.951228 0.061675 -0.349979 0.050560 0.935392 352.486889 53.044574 172.611587
0.886563 -0.305396 0.347475 0.303359 0.950875 0.061721 -0.349255 0.050690 0.935656 352.894460 53.093678 173.676252
0.886742 -0.306263 0.346254 0.304047 0.950625 0.062181 -0.348201 0.050139 0.936078 353.258095 53.146477 174.645653
0.887238 -0.306779 0.344520 0.304454 0.950487 0.062307 -0.346577 0.049609 0.936709 353.646682 53.195385 175.668598
0.887760 -0.306908 0.343059 0.304570 0.950461 0.062144 -0.345137 0.049317 0.937256 354.012666 53.246336 176.662370
0.888351 -0.306322 0.342050 0.304193 0.950635 0.061308 -0.343945 0.049587 0.937680 354.371373 53.306871 177.637073
0.888946 -0.306438 0.340397 0.303910 0.950670 0.062167 -0.342655 0.048187 0.938225 354.751960 53.362807 178.672928
0.889592 -0.307416 0.337818 0.303960 0.950497 0.064527 -0.340932 0.045280 0.938997 355.113005 53.419335 179.655276
0.891314 -0.308759 0.332005 0.304612 0.950195 0.065893 -0.335814 0.042401 0.940973 355.444693 53.471472 180.580341
0.893821 -0.309601 0.324394 0.304864 0.950056 0.066722 -0.328849 0.039259 0.943566 355.749952 53.519063 181.454295
0.895309 -0.310732 0.319167 0.305691 0.949760 0.067153 -0.323999 0.037444 0.945316 356.048599 53.569661 182.329594
0.896849 -0.311043 0.314505 0.306209 0.949672 0.066027 -0.319214 0.037088 0.946957 356.322376 53.620531 183.154557
0.897982 -0.311073 0.311228 0.306765 0.949628 0.064051 -0.315475 0.037957 0.948174 356.571443 53.669652 183.922286
0.899416 -0.310729 0.307405 0.307238 0.949675 0.061015 -0.310894 0.039569 0.949621 356.832460 53.708557 184.728386
0.899987 -0.310597 0.305866 0.307607 0.949667 0.059248 -0.308873 0.040764 0.950229 357.097255 53.750002 185.550090
0.901509 -0.309472 0.302505 0.307154 0.949981 0.056499 -0.304859 0.041981 0.951472 357.378712 53.794654 186.429658
0.903252 -0.309471 0.297259 0.307968 0.949911 0.053144 -0.298816 0.043544 0.953317 357.646015 53.837525 187.285212
0.905241 -0.309083 0.291559 0.308083 0.950015 0.050568 -0.292615 0.044048 0.955215 357.904715 53.872131 188.123650
0.906619 -0.308432 0.287943 0.307683 0.950223 0.049064 -0.288743 0.044113 0.956390 358.180635 53.910906 189.036272
0.907344 -0.307554 0.286595 0.307003 0.950495 0.048051 -0.287185 0.044386 0.956846 358.483147 53.944572 190.041103
0.907701 -0.306682 0.286399 0.306145 0.950782 0.047834 -0.286973 0.044260 0.956916 358.783966 53.980274 191.027634
0.907727 -0.306718 0.286280 0.305784 0.950832 0.049143 -0.287278 0.042931 0.956885 359.035718 54.011986 191.875803
0.907587 -0.306095 0.287388 0.305389 0.950994 0.048464 -0.288139 0.043780 0.956587 359.287146 54.049206 192.713257
0.906615 -0.306048 0.290491 0.306436 0.950810 0.045352 -0.290081 0.047900 0.955802 359.531986 54.082932 193.524942
0.906344 -0.305271 0.292146 0.307191 0.950786 0.040484 -0.290127 0.053052 0.955516 359.814236 54.106806 194.444772
0.905893 -0.304318 0.294533 0.306609 0.951013 0.039571 -0.292146 0.054459 0.954822 360.137520 54.140945 195.495261
0.904967 -0.304345 0.297335 0.306243 0.951053 0.041394 -0.295380 0.053597 0.953875 360.467138 54.170715 196.556228
0.904540 -0.303917 0.299067 0.304771 0.951362 0.044998 -0.298197 0.050444 0.953171 360.792842 54.201577 197.584054
0.903491 -0.305019 0.301112 0.304580 0.951193 0.049638 -0.301556 0.046865 0.952296 361.121328 54.237549 198.608706
0.902283 -0.306162 0.303563 0.305103 0.950889 0.052171 -0.304628 0.045545 0.951382 361.459886 54.281897 199.654540
0.900274 -0.307870 0.307770 0.306384 0.950350 0.054439 -0.309250 0.045286 0.949902 361.798620 54.334015 200.658773
0.898931 -0.309545 0.310008 0.308022 0.949777 0.055187 -0.311521 0.045880 0.949131 362.101160 54.372119 201.569858
0.897371 -0.310135 0.313913 0.309468 0.949414 0.053321 -0.314570 0.049297 0.947953 362.391760 54.409822 202.418159
0.895579 -0.311225 0.317927 0.310881 0.948957 0.053223 -0.318263 0.051171 0.946620 362.651224 54.445418 203.151649
0.894757 -0.311873 0.319602 0.311061 0.948797 0.055007 -0.320392 0.050198 0.945954 362.954900 54.491606 204.041665
0.894919 -0.312307 0.318723 0.310749 0.948773 0.057144 -0.320243 0.047904 0.946124 363.310846 54.543827 205.069857
0.896238 -0.312820 0.314485 0.309188 0.948928 0.062761 -0.318056 0.040986 0.947185 363.682890 54.599597 206.193262
0.897863 -0.314972 0.307629 0.308346 0.948599 0.071286 -0.314270 0.030851 0.948832 364.016569 54.656951 207.207000
0.899336 -0.316782 0.301404 0.308036 0.948215 0.077467 -0.310336 0.023174 0.950344 364.321213 54.716625 208.161440
0.899813 -0.317390 0.299334 0.307778 0.948082 0.080076 -0.309209 0.020075 0.950782 364.644898 54.785267 209.154191
0.899547 -0.317925 0.299564 0.308547 0.947884 0.079459 -0.309214 0.020952 0.950762 364.934397 54.845167 210.058313
0.899711 -0.317371 0.299658 0.308243 0.948054 0.078609 -0.309041 0.021642 0.950803 365.226466 54.913708 210.999880
0.899762 -0.316771 0.300139 0.307497 0.948265 0.078991 -0.309634 0.021219 0.950619 365.509970 54.979865 211.893942
0.899497 -0.318830 0.298753 0.308445 0.947645 0.082651 -0.309463 0.017805 0.950745 365.796367 55.044204 212.781332
0.899366 -0.319737 0.298176 0.308123 0.947402 0.086539 -0.310163 0.014045 0.950580 366.057498 55.106052 213.595767
0.899385 -0.319948 0.297891 0.307883 0.947351 0.087942 -0.310345 0.012622 0.950540 366.299917 55.165534 214.378694
0.899079 -0.320175 0.298572 0.308418 0.947258 0.087068 -0.310701 0.013805 0.950407 366.559475 55.228669 215.198888
0.898599 -0.320684 0.299468 0.309424 0.947056 0.085679 -0.311089 0.015672 0.950252 366.838023 55.294313 216.074082
0.898322 -0.321058 0.299900 0.309531 0.946940 0.086575 -0.311783 0.015056 0.950034 367.117868 55.369200 216.955890
0.896967 -0.322586 0.302306 0.310074 0.946450 0.089926 -0.315126 0.013077 0.948960 367.443337 55.454922 217.951774
0.895565 -0.323055 0.305939 0.310021 0.946295 0.091720 -0.319139 0.012706 0.947623 367.751040 55.537743 218.872606
0.895010 -0.322911 0.307710 0.309353 0.946357 0.093319 -0.321338 0.011670 0.946893 368.092836 55.620987 219.901896
0.894160 -0.324126 0.308901 0.310216 0.945947 0.094605 -0.322868 0.011234 0.946377 368.441994 55.708186 220.934202
0.893603 -0.324814 0.309791 0.310496 0.945720 0.095946 -0.324140 0.010452 0.945951 368.789859 55.794834 221.959520
0.893309 -0.324320 0.311152 0.310126 0.945882 0.095547 -0.325301 0.011143 0.945545 369.071270 55.863359 222.806543
0.892642 -0.322306 0.315134 0.309628 0.946494 0.090991 -0.327599 0.016351 0.944675 369.316314 55.932052 223.520680
0.891207 -0.319375 0.322102 0.308361 0.947360 0.086151 -0.332661 0.022545 0.942777 369.568070 55.999040 224.251925
0.889414 -0.317750 0.328599 0.308696 0.947715 0.080884 -0.337120 0.029498 0.941000 369.839502 56.063700 225.021997
0.885608 -0.317564 0.338897 0.309960 0.947552 0.077913 -0.345865 0.036045 0.937592 370.123821 56.123159 225.787220
0.881175 -0.316372 0.351341 0.309172 0.947798 0.078049 -0.357692 0.039850 0.932989 370.425900 56.182241 226.578460
0.875489 -0.316324 0.365319 0.309017 0.947684 0.080024 -0.371521 0.042829 0.927436 370.715645 56.235994 227.297843
0.867589 -0.317249 0.382939 0.309784 0.947190 0.082859 -0.389003 0.046741 0.920050 371.039865 56.297416 228.047500
0.859493 -0.316058 0.401719 0.308234 0.947423 0.085919 -0.407754 0.049977 0.911723 371.372740 56.359898 228.786964
0.851751 -0.317426 0.416847 0.309111 0.946816 0.089381 -0.423049 0.052722 0.904572 371.797460 56.436630 229.679274
0.846952 -0.318891 0.425419 0.309789 0.946287 0.092581 -0.432091 0.053379 0.900249 372.235185 56.515641 230.588182
0.844086 -0.320454 0.429916 0.309121 0.945942 0.098174 -0.438136 0.050028 0.897515 372.715416 56.606582 231.587549
0.842346 -0.323486 0.431058 0.308099 0.945282 0.107316 -0.442187 0.042411 0.895920 373.135076 56.691398 232.457222
0.841059 -0.326982 0.430933 0.308214 0.944341 0.114998 -0.444550 0.036099 0.895027 373.585603 56.789412 233.387192
0.839523 -0.330534 0.431217 0.309055 0.943271 0.121342 -0.446862 0.031401 0.894052 374.033923 56.896115 234.312955
0.838190 -0.332990 0.431920 0.309768 0.942496 0.125478 -0.448866 0.028620 0.893141 374.469416 57.002887 235.186452
0.836623 -0.334275 0.433962 0.310366 0.942054 0.127304 -0.451370 0.028181 0.891892 374.883671 57.109453 236.024048
0.834432 -0.336277 0.436624 0.311069 0.941379 0.130543 -0.454927 0.026891 0.890122 375.321122 57.227081 236.911604
0.832272 -0.337244 0.439988 0.311252 0.941040 0.132536 -0.458744 0.026641 0.888169 375.784513 57.343677 237.832114
0.829621 -0.335001 0.446658 0.311015 0.941666 0.128586 -0.463679 0.032240 0.885416 376.198602 57.449140 238.654144
0.828481 -0.332639 0.450523 0.312861 0.942150 0.120297 -0.464476 0.041288 0.884623 376.590490 57.546944 239.438368
0.830201 -0.330501 0.448927 0.314949 0.942540 0.111466 -0.459971 0.048850 0.886589 376.967497 57.633094 240.220202
0.831633 -0.330374 0.446362 0.315451 0.942556 0.109904 -0.457031 0.049406 0.888078 377.376347 57.720570 241.051902
0.833886 -0.333476 0.439805 0.316511 0.941722 0.113932 -0.452168 0.044196 0.890837 377.820008 57.809353 241.948893
0.835159 -0.334479 0.436615 0.316973 0.941448 0.114911 -0.449486 0.042426 0.892279 378.242917 57.892524 242.821127
0.834020 -0.334057 0.439110 0.319080 0.941314 0.110072 -0.450110 0.048309 0.891665 378.636069 57.968985 243.611769
0.836412 -0.332809 0.435493 0.323767 0.941112 0.097378 -0.442256 0.059550 0.894910 379.023549 58.043387 244.405936
0.839237 -0.330849 0.431533 0.326155 0.941271 0.087355 -0.435091 0.067435 0.897857 379.446642 58.111685 245.282003
0.840221 -0.331999 0.428726 0.326609 0.940997 0.088603 -0.432847 0.065579 0.899079 379.882503 58.185998 246.201988
0.841006 -0.335129 0.424733 0.325801 0.940455 0.096941 -0.431930 0.056851 0.900114 380.304051 58.257566 247.090775
0.841726 -0.336015 0.422600 0.323532 0.940547 0.103437 -0.432231 0.049659 0.900395 380.689550 58.328585 247.915392
0.842112 -0.335964 0.421871 0.323562 0.940566 0.103163 -0.431457 0.049627 0.900768 381.033860 58.399579 248.651532
0.843327 -0.334664 0.420475 0.324745 0.940768 0.097449 -0.428182 0.054366 0.902056 381.391584 58.471158 249.422736
0.844104 -0.334048 0.419406 0.326393 0.940712 0.092354 -0.425390 0.058935 0.903089 381.768877 58.545246 250.244441
0.845039 -0.332615 0.418660 0.325988 0.941109 0.089702 -0.423841 0.060676 0.903702 382.192011 58.616406 251.159337
0.845858 -0.331898 0.417575 0.326739 0.941175 0.086211 -0.421624 0.063516 0.904544 382.575862 58.675551 251.990364
0.846143 -0.330436 0.418156 0.326614 0.941499 0.083088 -0.421149 0.066271 0.904567 382.940390 58.731856 252.769377
0.845002 -0.329897 0.420879 0.327252 0.941466 0.080922 -0.422939 0.069354 0.903500 383.292816 58.788220 253.515332
0.843880 -0.329563 0.423385 0.327723 0.941416 0.079588 -0.424810 0.071590 0.902447 383.667409 58.847083 254.296713
0.841728 -0.329754 0.427500 0.328204 0.941230 0.079802 -0.428690 0.073136 0.900486 384.012715 58.901972 255.016701
0.836837 -0.330026 0.436792 0.328535 0.940966 0.081532 -0.437914 0.075273 0.895860 384.368972 58.955030 255.733123
0.828188 -0.330768 0.452435 0.328460 0.940560 0.086380 -0.454114 0.077068 0.887604 384.650425 58.997056 256.264363
0.818213 -0.332186 0.469233 0.328321 0.939982 0.092945 -0.471946 0.078010 0.878170 384.907215 59.037387 256.718942
0.808660 -0.333939 0.484307 0.328237 0.939328 0.099617 -0.488189 0.078411 0.869208 385.188138 59.081105 257.211443
0.798263 -0.335260 0.500376 0.327579 0.938811 0.106422 -0.505438 0.078960 0.859243 385.484809 59.129297 257.707734
0.787727 -0.335923 0.516374 0.326336 0.938510 0.112714 -0.522485 0.079724 0.848913 385.781116 59.182420 258.176173
0.776454 -0.336396 0.532876 0.324271 0.938340 0.119863 -0.540340 0.079728 0.837661 386.110630 59.243569 258.666326
0.763901 -0.338740 0.549282 0.323231 0.937535 0.128648 -0.558549 0.079270 0.825675 386.460269 59.308625 259.163103
0.749671 -0.340857 0.567283 0.321885 0.936745 0.137476 -0.578259 0.079538 0.811967 386.809700 59.381205 259.624706
0.736592 -0.342079 0.583449 0.320961 0.936134 0.143654 -0.595328 0.081450 0.799344 387.171677 59.451965 260.097581
0.723132 -0.341419 0.600427 0.320052 0.935964 0.146756 -0.612084 0.086044 0.786098 387.490091 59.519039 260.485731
0.710352 -0.338756 0.616964 0.319937 0.936175 0.145661 -0.626929 0.093919 0.773394 387.773386 59.576517 260.815346
0.697786 -0.335203 0.633035 0.320347 0.936480 0.142768 -0.640681 0.103170 0.760844 388.119536 59.650518 261.219178
0.685803 -0.332454 0.647416 0.321649 0.936430 0.140145 -0.652852 0.112129 0.749141 388.463095 59.724314 261.610396
0.673960 -0.331316 0.660309 0.322373 0.936104 0.140661 -0.664721 0.118066 0.737703 388.793322 59.793263 261.959792
0.663722 -0.330651 0.670926 0.321586 0.935997 0.143153 -0.675319 0.120747 0.727575 389.102167 59.848872 262.289733
0.654283 -0.330083 0.680411 0.320756 0.935905 0.145589 -0.684857 0.122990 0.718223 389.405396 59.906317 262.609382
0.647235 -0.331035 0.686660 0.320003 0.935563 0.149399 -0.691870 0.123037 0.711462 389.725876 59.966908 262.935172
0.642215 -0.332732 0.690543 0.320064 0.934984 0.152850 -0.696505 0.122855 0.706957 390.095244 60.036894 263.306794
0.638072 -0.334478 0.693534 0.319944 0.934453 0.156310 -0.700357 0.122155 0.703262 390.506398 60.116723 263.713243
0.634995 -0.335148 0.696029 0.319113 0.934324 0.158761 -0.703526 0.121300 0.700242 390.958307 60.206602 264.161866
0.633027 -0.336928 0.696962 0.319083 0.933843 0.161629 -0.705310 0.120074 0.698656 391.430901 60.302365 264.625525
0.630485 -0.338647 0.698432 0.320035 0.933179 0.163568 -0.707153 0.120395 0.696734 391.887252 60.400106 265.072235
0.627491 -0.338947 0.700977 0.321268 0.932777 0.163443 -0.709254 0.122643 0.694203 392.233582 60.476145 265.404872
0.624475 -0.338830 0.703723 0.322627 0.932445 0.162661 -0.711297 0.125462 0.691604 392.545824 60.542441 265.701739
0.622609 -0.338494 0.705535 0.323725 0.932251 0.161590 -0.712432 0.127792 0.690007 392.907727 60.618232 266.048637
0.622219 -0.337961 0.706135 0.325236 0.932082 0.159515 -0.712085 0.130408 0.689876 393.284960 60.698874 266.412391
0.622709 -0.337350 0.705995 0.326255 0.932051 0.157601 -0.711190 0.132195 0.690459 393.663990 60.777774 266.785913
0.624167 -0.337862 0.704460 0.326837 0.931889 0.157353 -0.709643 0.132029 0.692081 394.041231 60.857087 267.162773
0.626921 -0.340704 0.700636 0.328639 0.931031 0.158677 -0.706375 0.130778 0.695651 394.439615 60.940717 267.566948
0.630872 -0.343614 0.695651 0.330791 0.930136 0.159449 -0.701839 0.129523 0.700461 394.818454 61.017417 267.951309
0.634309 -0.343789 0.692432 0.332391 0.929945 0.157224 -0.697975 0.130430 0.704144 395.230739 61.101752 268.371921
0.637674 -0.342627 0.689912 0.333301 0.930177 0.153884 -0.694466 0.131821 0.707348 395.624739 61.184514 268.780218
0.641368 -0.341310 0.687135 0.333923 0.930506 0.150514 -0.690755 0.132916 0.710768 396.014911 61.265407 269.191286
0.645869 -0.340025 0.683547 0.334781 0.930807 0.146695 -0.686130 0.134093 0.715013 396.391229 61.340140 269.589573
0.650443 -0.339271 0.679572 0.335812 0.930956 0.143355 -0.681288 0.134965 0.719466 396.732963 61.408777 269.964210
0.656536 -0.339199 0.673724 0.337028 0.930983 0.140292 -0.674813 0.134958 0.725544 397.132660 61.486989 270.405128
0.663862 -0.339459 0.666375 0.337751 0.931089 0.137831 -0.667242 0.133568 0.732767 397.606053 61.577680 270.936687
0.672461 -0.340298 0.657262 0.339105 0.931000 0.135079 -0.657878 0.132046 0.741458 398.061024 61.662919 271.463062
0.681370 -0.341035 0.647634 0.340593 0.930917 0.131873 -0.647867 0.130726 0.750453 398.446302 61.733409 271.934714
0.690459 -0.341417 0.637731 0.342281 0.930870 0.127771 -0.637267 0.130062 0.759588 398.796225 61.793688 272.377392
0.700840 -0.342149 0.625905 0.344745 0.930641 0.122713 -0.624479 0.129776 0.770185 399.141684 61.853529 272.828254
0.711021 -0.342649 0.614036 0.347220 0.930438 0.117148 -0.611463 0.129911 0.780536 399.501863 61.911995 273.305091
0.720746 -0.342970 0.602409 0.349849 0.930204 0.111021 -0.598441 0.130734 0.790429 399.825586 61.961537 273.748955
0.731364 -0.343295 0.589283 0.352433 0.929998 0.104375 -0.583864 0.131347 0.801156 400.132108 62.008027 274.185442
0.741800 -0.343676 0.575864 0.354385 0.929901 0.098464 -0.569337 0.131037 0.811594 400.438172 62.054412 274.642401
0.751712 -0.344676 0.562252 0.357245 0.929453 0.092156 -0.554351 0.131587 0.821815 400.762069 62.107571 275.134057
0.762587 -0.345090 0.547151 0.360021 0.929134 0.084232 -0.537444 0.132752 0.832785 401.078595 62.149911 275.628259
0.775229 -0.345223 0.528999 0.362409 0.928984 0.075155 -0.517377 0.133451 0.845288 401.348428 62.182147 276.088681
0.787536 -0.344619 0.510906 0.364453 0.928963 0.064823 -0.496952 0.135151 0.857189 401.625643 62.214065 276.579189
0.799809 -0.344624 0.491468 0.366926 0.928677 0.054070 -0.475049 0.137086 0.869216 401.923221 62.249015 277.128588
0.811467 -0.344442 0.472103 0.368434 0.928601 0.044223 -0.453627 0.138053 0.880434 402.200420 62.275558 277.681610
0.823940 -0.345243 0.449366 0.370058 0.928359 0.034725 -0.429161 0.137680 0.892673 402.458374 62.292396 278.215976
0.835704 -0.346450 0.426111 0.371561 0.928049 0.025832 -0.404401 0.136738 0.904302 402.701049 62.301027 278.749441
0.846771 -0.349117 0.401368 0.374305 0.927154 0.016778 -0.377988 0.136027 0.915763 402.954879 62.309822 279.326106
0.857589 -0.350772 0.376165 0.375521 0.926779 0.008098 -0.351463 0.134313 0.926517 403.173170 62.308552 279.871786
0.867553 -0.352529 0.350821 0.376920 0.926245 -0.001341 -0.324473 0.133395 0.936442 403.357755 62.297357 280.392682
0.875841 -0.354159 0.327831 0.378156 0.925685 -0.010266 -0.299833 0.132963 0.944680 403.521884 62.286728 280.906473
0.883670 -0.355092 0.305018 0.378176 0.925556 -0.018116 -0.275879 0.131359 0.952174 403.705850 62.271620 281.515774
0.891143 -0.356315 0.280898 0.378322 0.925295 -0.026494 -0.250474 0.129880 0.959372 403.876542 62.243829 282.117740
0.897140 -0.357179 0.259927 0.378323 0.925025 -0.034659 -0.228059 0.129430 0.965006 404.021140 62.203925 282.682314
0.902356 -0.356938 0.241556 0.377214 0.925172 -0.042032 -0.208478 0.129046 0.969476 404.159154 62.163898 283.262482
0.907770 -0.356083 0.221715 0.375289 0.925554 -0.050074 -0.187379 0.128663 0.973825 404.283457 62.122501 283.854517
0.912255 -0.355677 0.203185 0.373790 0.925713 -0.057764 -0.167546 0.128644 0.977435 404.425409 62.060178 284.565094
0.916511 -0.354320 0.185648 0.371326 0.926190 -0.065483 -0.148743 0.128952 0.980432 404.547553 61.998969 285.249593
0.920382 -0.353952 0.166178 0.369580 0.926242 -0.074073 -0.127703 0.129591 0.983310 404.646581 61.940586 285.904806
0.923659 -0.353833 0.147163 0.367964 0.926157 -0.082681 -0.107041 0.130519 0.985651 404.731884 61.868502 286.590554
0.926557 -0.352893 0.130224 0.365510 0.926436 -0.090107 -0.088846 0.131087 0.987382 404.820300 61.785681 287.334033
0.928305 -0.352568 0.118092 0.364043 0.926447 -0.095752 -0.075647 0.131877 0.988375 404.918078 61.687198 288.177846
0.929698 -0.352271 0.107549 0.362634 0.926571 -0.099818 -0.064489 0.131801 0.989176 405.001513 61.591870 288.980187
0.931009 -0.351383 0.098754 0.360699 0.927128 -0.101634 -0.055845 0.130243 0.989908 405.085622 61.481827 289.876398
0.932141 -0.350497 0.090911 0.358846 0.927748 -0.102538 -0.048403 0.128203 0.990566 405.172896 61.365967 290.857072
0.933060 -0.349482 0.085213 0.357098 0.928445 -0.102330 -0.043353 0.125909 0.991094 405.256248 61.253131 291.832397
0.933503 -0.349311 0.080957 0.356361 0.928820 -0.101487 -0.039744 0.123589 0.991537 405.332112 61.146087 292.715156
0.934009 -0.348785 0.077307 0.355391 0.929177 -0.101619 -0.036389 0.122387 0.991815 405.410322 61.031023 293.680056
0.934153 -0.348768 0.075628 0.355129 0.929401 -0.100486 -0.035242 0.120727 0.992060 405.481018 60.918710 294.593260
0.934154 -0.348974 0.074656 0.355178 0.929501 -0.099383 -0.034711 0.119355 0.992245 405.542929 60.818701 295.391955
0.933655 -0.350313 0.074628 0.356462 0.929147 -0.098082 -0.034981 0.118177 0.992376 405.605303 60.727885 296.165636
0.933531 -0.350904 0.073387 0.356901 0.928987 -0.098009 -0.033784 0.117687 0.992476 405.663097 60.642699 296.882064
0.933572 -0.350896 0.072913 0.356839 0.929003 -0.098076 -0.033322 0.117579 0.992504 405.727982 60.546538 297.723785
0.933519 -0.351129 0.072455 0.357033 0.928876 -0.098570 -0.032691 0.117886 0.992489 405.795224 60.441760 298.603883
0.933741 -0.350798 0.071199 0.356583 0.928959 -0.099421 -0.031264 0.118222 0.992495 405.859863 60.333014 299.497390
0.933923 -0.350548 0.070033 0.356226 0.928986 -0.100439 -0.029851 0.118750 0.992475 405.921112 60.224409 300.379697
0.933924 -0.350828 0.068605 0.356359 0.928844 -0.101277 -0.028193 0.119034 0.992490 405.990237 60.109483 301.310561
0.933735 -0.351286 0.068835 0.356858 0.928592 -0.101830 -0.028148 0.119647 0.992417 406.054057 60.000784 302.153713
0.933379 -0.352474 0.067571 0.357910 0.928100 -0.102622 -0.026541 0.119969 0.992423 406.118506 59.885470 303.025461
0.933068 -0.353378 0.067146 0.358803 0.927557 -0.104398 -0.025389 0.121502 0.992266 406.181895 59.779750 303.929683
0.932938 -0.353665 0.067432 0.359170 0.927209 -0.106206 -0.024962 0.123304 0.992055 406.240428 59.675809 304.821757
0.933333 -0.352474 0.068210 0.358124 0.927425 -0.107839 -0.025249 0.125077 0.991826 406.296287 59.572361 305.655568
0.933753 -0.351323 0.068389 0.356975 0.927991 -0.106776 -0.025951 0.124116 0.991928 406.351611 59.472699 306.459617
0.933987 -0.350884 0.067444 0.356358 0.928510 -0.104301 -0.026025 0.121450 0.992256 406.420157 59.356076 307.383503
0.934190 -0.350479 0.066729 0.355827 0.928892 -0.102701 -0.025989 0.119687 0.992472 406.481856 59.244432 308.251921
0.934158 -0.350827 0.065339 0.356002 0.928845 -0.102521 -0.024723 0.119032 0.992583 406.544525 59.127637 309.160950
0.933956 -0.351458 0.064839 0.356574 0.928607 -0.102682 -0.024122 0.119021 0.992599 406.612762 59.014933 310.028978
0.934333 -0.351213 0.060593 0.355841 0.928813 -0.103356 -0.019980 0.118131 0.992797 406.672981 58.902838 310.909851
0.934937 -0.350216 0.056932 0.354416 0.929377 -0.103190 -0.016773 0.116654 0.993031 406.733193 58.770591 311.954331
0.935435 -0.349203 0.054934 0.353171 0.929899 -0.102753 -0.015201 0.115520 0.993189 406.789205 58.645514 312.969261
0.935225 -0.349959 0.053682 0.353775 0.929692 -0.102550 -0.014020 0.114899 0.993278 406.850517 58.521239 313.964319
0.935459 -0.350087 0.048543 0.353344 0.929488 -0.105832 -0.008070 0.116154 0.993198 406.883813 58.397462 314.865362
0.935774 -0.349680 0.045284 0.352573 0.929542 -0.107905 -0.004361 0.116941 0.993129 406.924243 58.278631 315.773660
0.936328 -0.348847 0.039954 0.351126 0.929911 -0.109440 0.001025 0.116501 0.993190 406.959504 58.162760 316.677494
0.936982 -0.347862 0.032513 0.349278 0.930414 -0.111065 0.008385 0.115422 0.993281 406.989365 58.044519 317.580415
0.937434 -0.347106 0.027128 0.347881 0.930682 -0.113180 0.014038 0.115536 0.993204 407.014190 57.925321 318.474775
0.937567 -0.346837 0.025926 0.347439 0.930562 -0.115499 0.015933 0.117296 0.992969 407.035294 57.815051 319.290971
0.937940 -0.345823 0.025978 0.346401 0.930658 -0.117822 0.016569 0.119509 0.992695 407.050481 57.702622 320.154944
0.938172 -0.345061 0.027689 0.345807 0.930522 -0.120608 0.015852 0.122726 0.992314 407.076700 57.578385 321.066928
0.938351 -0.344149 0.032551 0.345479 0.930379 -0.122638 0.011921 0.126323 0.991917 407.104764 57.455007 321.916953
0.938098 -0.343830 0.041870 0.346352 0.929926 -0.123605 0.003563 0.130455 0.991448 407.143824 57.330770 322.776795
0.937364 -0.344923 0.048753 0.348339 0.929286 -0.122833 -0.002938 0.132122 0.991229 407.194362 57.202666 323.678382
0.937203 -0.344622 0.053725 0.348682 0.929476 -0.120397 -0.008444 0.131570 0.991271 407.248778 57.069258 324.642081
0.936874 -0.344338 0.060819 0.349295 0.929639 -0.117326 -0.016140 0.131164 0.991229 407.310607 56.945107 325.553389
0.936528 -0.344240 0.066441 0.349911 0.929582 -0.115931 -0.021854 0.131821 0.991033 407.368090 56.830580 326.410823
0.935338 -0.345796 0.074624 0.352546 0.928597 -0.115843 -0.029238 0.134661 0.990460 407.439747 56.721561 327.257688
0.934570 -0.345741 0.083915 0.353748 0.928182 -0.115498 -0.037956 0.137626 0.989757 407.520891 56.606711 328.122055
0.933642 -0.345216 0.095591 0.354689 0.928255 -0.111978 -0.050076 0.138452 0.989102 407.598920 56.491734 328.981695
0.931911 -0.346006 0.108728 0.356953 0.928090 -0.105984 -0.064238 0.137578 0.988406 407.690243 56.390911 329.809451
0.930280 -0.346800 0.119620 0.358838 0.928003 -0.100225 -0.076249 0.136162 0.987748 407.807146 56.277374 330.756504
0.927913 -0.348236 0.133077 0.361904 0.927114 -0.097394 -0.089462 0.138534 0.986309 407.938116 56.182619 331.642544
0.925558 -0.349289 0.146081 0.364579 0.926305 -0.095089 -0.102102 0.141269 0.984692 408.075013 56.091297 332.470692
0.923198 -0.349369 0.160148 0.366354 0.925918 -0.091981 -0.116148 0.143587 0.982798 408.207034 56.008645 333.212303
0.919694 -0.349667 0.178595 0.369006 0.925169 -0.088864 -0.134158 0.147630 0.979902 408.373243 55.923647 334.018065
0.915145 -0.350469 0.199199 0.372021 0.924554 -0.082458 -0.155272 0.149567 0.976484 408.554760 55.845026 334.796385
0.910584 -0.350102 0.219694 0.373875 0.924305 -0.076669 -0.176223 0.151951 0.972551 408.748132 55.767828 335.606371
0.905515 -0.350796 0.238715 0.376274 0.923887 -0.069648 -0.196113 0.152889 0.968589 408.942990 55.697702 336.349687
0.901061 -0.351070 0.254635 0.378318 0.923341 -0.065702 -0.212049 0.155535 0.964803 409.130953 55.644880 337.013209
0.896641 -0.352069 0.268482 0.380809 0.922575 -0.061971 -0.225876 0.157806 0.961289 409.349186 55.584015 337.744533
0.892770 -0.351777 0.281452 0.381504 0.922608 -0.057001 -0.239618 0.158264 0.957881 409.615846 55.521857 338.622643
0.888978 -0.352163 0.292745 0.382634 0.922418 -0.052303 -0.251614 0.158510 0.954759 409.895294 55.459803 339.513103
0.885485 -0.352112 0.303204 0.383971 0.921953 -0.050693 -0.261690 0.161310 0.951576 410.174915 55.408573 340.345365
0.882136 -0.352061 0.312873 0.384812 0.921758 -0.047757 -0.271580 0.162525 0.948594 410.491614 55.351924 341.261947
0.877656 -0.353935 0.323186 0.386834 0.921209 -0.041645 -0.282983 0.161569 0.945419 410.829360 55.306001 342.218409
0.873653 -0.354638 0.333109 0.386872 0.921522 -0.033579 -0.295059 0.158208 0.942290 411.187792 55.248753 343.203714
0.870221 -0.356841 0.339675 0.388597 0.920981 -0.028031 -0.302832 0.156390 0.940125 411.519846 55.214839 344.101066
0.868634 -0.358283 0.342212 0.390201 0.920337 -0.026886 -0.305318 0.156886 0.939238 411.865222 55.182181 345.018872
0.868244 -0.358268 0.343216 0.390936 0.919972 -0.028644 -0.305486 0.159046 0.938820 412.187318 55.147795 345.879694
0.868930 -0.357427 0.342353 0.390393 0.920153 -0.030193 -0.304226 0.159888 0.939086 412.509089 55.105672 346.744346
0.869646 -0.356570 0.341427 0.389837 0.920335 -0.031797 -0.302890 0.160753 0.939370 412.820531 55.062951 347.584588
0.870493 -0.355130 0.340771 0.388805 0.920704 -0.033694 -0.301784 0.161824 0.939542 413.124212 55.021088 348.405433
0.870887 -0.353260 0.341706 0.387603 0.921139 -0.035579 -0.302191 0.163431 0.939133 413.454905 54.972570 349.305841
0.871073 -0.352017 0.342515 0.387277 0.921172 -0.038184 -0.302074 0.165910 0.938736 413.767064 54.924965 350.151722
0.870850 -0.352345 0.342744 0.387534 0.921081 -0.037771 -0.302387 0.165718 0.938669 414.081828 54.883157 350.990457
0.870753 -0.353301 0.342006 0.387667 0.921117 -0.035469 -0.302497 0.163469 0.939028 414.442159 54.834843 351.957459
0.871549 -0.353458 0.339808 0.386818 0.921546 -0.033556 -0.301288 0.160690 0.939896 414.767057 54.783533 352.835176
0.873076 -0.351624 0.337785 0.384844 0.922333 -0.034589 -0.299388 0.160193 0.940588 415.114777 54.726317 353.789744
0.874143 -0.349330 0.337405 0.383704 0.922639 -0.038847 -0.297732 0.163422 0.940558 415.439958 54.678183 354.680071
0.875397 -0.348047 0.335475 0.382823 0.922891 -0.041470 -0.295173 0.164730 0.941136 415.779153 54.622712 355.626807
0.876723 -0.347094 0.332990 0.381717 0.923296 -0.042613 -0.292658 0.164468 0.941967 416.122438 54.558347 356.573985
0.878399 -0.346670 0.328992 0.381030 0.923505 -0.044211 -0.288499 0.164191 0.943297 416.469897 54.496690 357.561207
0.879801 -0.346046 0.325886 0.380526 0.923596 -0.046583 -0.284867 0.164992 0.944261 416.756214 54.444127 358.388969
0.881432 -0.345702 0.321818 0.380188 0.923602 -0.049153 -0.280239 0.165677 0.945525 417.070267 54.382577 359.307303
0.882268 -0.345563 0.319670 0.379962 0.923638 -0.050218 -0.277906 0.165768 0.946197 417.445618 54.302772 360.411994
0.882847 -0.345976 0.317618 0.380482 0.923336 -0.051808 -0.275344 0.166586 0.946802 417.810585 54.226645 361.485775
0.883900 -0.345102 0.315636 0.379978 0.923389 -0.054492 -0.272649 0.168100 0.947314 418.142834 54.150268 362.481885
0.885014 -0.344329 0.313350 0.379478 0.923441 -0.057046 -0.269717 0.169396 0.947923 418.455690 54.076181 363.425708
0.885868 -0.344691 0.310525 0.379855 0.923168 -0.058914 -0.266359 0.170145 0.948738 418.801411 53.993712 364.450081
0.886291 -0.344769 0.309230 0.380198 0.922910 -0.060715 -0.264459 0.171380 0.949047 419.144734 53.910016 365.476079
0.886756 -0.344181 0.308551 0.379798 0.922993 -0.061940 -0.263472 0.172112 0.949189 419.496936 53.824285 366.546806
0.887418 -0.345934 0.304662 0.381398 0.922207 -0.063798 -0.258892 0.172813 0.950321 419.830335 53.738074 367.572241
0.888364 -0.345948 0.301876 0.381530 0.921984 -0.066182 -0.255429 0.173968 0.951047 420.161053 53.651424 368.604378
0.888653 -0.346380 0.300526 0.382265 0.921531 -0.068215 -0.253316 0.175500 0.951331 420.479726 53.563746 369.605787
0.889364 -0.345734 0.299164 0.381892 0.921528 -0.070320 -0.251376 0.176788 0.951607 420.777011 53.478334 370.539894
0.890648 -0.345322 0.295803 0.381792 0.921277 -0.074051 -0.246945 0.178889 0.952374 421.055916 53.391006 371.430870
0.891943 -0.344861 0.292419 0.381611 0.921045 -0.077775 -0.242509 0.180961 0.953122 421.333851 53.296687 372.314029
0.893377 -0.343300 0.289866 0.380755 0.920964 -0.082767 -0.238543 0.184311 0.953482 421.654756 53.186088 373.333276
0.894156 -0.341743 0.289305 0.379848 0.921041 -0.086013 -0.237067 0.186801 0.953365 421.974178 53.075627 374.365809
0.895130 -0.339790 0.288590 0.378399 0.921367 -0.088863 -0.235703 0.188746 0.953320 422.277505 52.960637 375.346073
0.895509 -0.341019 0.285955 0.379505 0.920762 -0.090409 -0.232465 0.189483 0.953969 422.582517 52.845362 376.332051
0.895571 -0.344143 0.281992 0.382396 0.919361 -0.092454 -0.227435 0.190632 0.954952 422.855059 52.737313 377.240700
0.896653 -0.344115 0.278565 0.382193 0.919218 -0.094690 -0.223478 0.191369 0.955738 423.124455 52.632132 378.118588
0.898449 -0.343524 0.273461 0.381390 0.919164 -0.098386 -0.217557 0.192690 0.956838 423.371033 52.524823 378.956542
0.900197 -0.341894 0.269730 0.379700 0.919502 -0.101703 -0.213246 0.193969 0.957550 423.611885 52.416145 379.808261
0.901866 -0.341480 0.264630 0.378805 0.919574 -0.104352 -0.207713 0.194355 0.958687 423.880103 52.293400 380.749665
0.903519 -0.341144 0.259373 0.378086 0.919486 -0.107685 -0.201754 0.195361 0.959755 424.155120 52.161184 381.745129
0.905643 -0.341130 0.251874 0.377326 0.919330 -0.111610 -0.193482 0.196118 0.961303 424.440315 52.014123 382.795852
0.907191 -0.341544 0.245667 0.377164 0.918957 -0.115176 -0.186420 0.197143 0.962488 424.712038 51.872440 383.825116
0.908020 -0.341819 0.242199 0.377271 0.918548 -0.118054 -0.182118 0.198570 0.963018 425.004538 51.712512 384.957057
0.909767 -0.341768 0.235624 0.376613 0.918276 -0.122198 -0.174604 0.199911 0.964131 425.275029 51.556888 386.042003
0.910819 -0.341782 0.231503 0.376195 0.918123 -0.124610 -0.169959 0.200588 0.964820 425.552253 51.389331 387.157175
0.912036 -0.341912 0.226464 0.375631 0.918070 -0.126683 -0.164596 0.200606 0.965746 425.824685 51.224235 388.286741
0.912785 -0.342362 0.222735 0.375588 0.917853 -0.128372 -0.160488 0.200832 0.966390 426.095242 51.058124 389.428253
0.913486 -0.342271 0.219985 0.374982 0.918050 -0.128732 -0.157896 0.200086 0.966972 426.347826 50.887996 390.528251
0.914772 -0.340381 0.217560 0.372774 0.918780 -0.129933 -0.155663 0.199960 0.967360 426.597379 50.714855 391.613948
0.915576 -0.338687 0.216821 0.371435 0.918862 -0.133152 -0.154132 0.202446 0.967088 426.826299 50.554629 392.620663
0.916666 -0.337910 0.213401 0.370789 0.918313 -0.138625 -0.149126 0.206200 0.967080 427.046403 50.391872 393.593347
0.917984 -0.338294 0.207034 0.370430 0.917826 -0.142747 -0.141731 0.207731 0.967864 427.286611 50.207648 394.686777
0.920207 -0.338340 0.196836 0.369142 0.917371 -0.148874 -0.130202 0.209656 0.969068 427.517505 50.021491 395.775471
0.922213 -0.338995 0.186023 0.368087 0.916994 -0.153733 -0.118467 0.210248 0.970444 427.708517 49.852157 396.741878
0.923018 -0.338680 0.182576 0.367585 0.916400 -0.158403 -0.113665 0.213321 0.970348 427.914624 49.664707 397.799735
0.923212 -0.339930 0.179239 0.368472 0.915468 -0.161699 -0.109121 0.215327 0.970426 428.106532 49.489424 398.777184
0.924767 -0.338884 0.173101 0.366434 0.915715 -0.164903 -0.102628 0.215927 0.971001 428.299654 49.295057 399.819264
0.926583 -0.337844 0.165242 0.364030 0.916036 -0.168406 -0.094473 0.216195 0.971769 428.486423 49.092585 400.888049
0.928234 -0.336237 0.159140 0.361435 0.916399 -0.171982 -0.088009 0.217159 0.972161 428.651780 48.899049 401.855474
0.929816 -0.334937 0.152510 0.359001 0.916672 -0.175585 -0.080992 0.218013 0.972579 428.811526 48.700634 402.830204
0.930610 -0.334831 0.147830 0.358103 0.916445 -0.178582 -0.075683 0.219129 0.972756 428.962662 48.506151 403.774273
0.931255 -0.334376 0.144763 0.357213 0.916168 -0.181757 -0.071852 0.220974 0.972629 429.122134 48.293659 404.824154
0.931429 -0.334752 0.142765 0.357373 0.915443 -0.185066 -0.068742 0.223396 0.972301 429.262919 48.092448 405.786144
0.932089 -0.333930 0.140356 0.356221 0.915299 -0.187975 -0.065697 0.225208 0.972093 429.407910 47.875303 406.779140
0.932991 -0.333090 0.136306 0.354707 0.915137 -0.191590 -0.060922 0.227100 0.971964 429.538411 47.661882 407.732423
0.934622 -0.332235 0.126890 0.351935 0.915391 -0.195453 -0.051218 0.227332 0.972470 429.662411 47.437519 408.723295
0.935527 -0.331924 0.120890 0.350304 0.915835 -0.196299 -0.045559 0.225991 0.973063 429.787905 47.215409 409.729364
0.936815 -0.331272 0.112410 0.347818 0.916406 -0.198045 -0.037407 0.224630 0.973726 429.913296 46.985094 410.772472
0.937420 -0.331029 0.108003 0.346633 0.916585 -0.199295 -0.033021 0.224260 0.973970 430.040967 46.739351 411.887941
0.937838 -0.331387 0.103159 0.346040 0.915700 -0.204328 -0.026751 0.227324 0.973452 430.160713 46.499124 412.958650
0.938535 -0.331724 0.095451 0.344725 0.914982 -0.209698 -0.017775 0.229713 0.973096 430.246382 46.295430 413.817442
0.938759 -0.331819 0.092883 0.344278 0.914408 -0.212912 -0.014285 0.231851 0.972646 430.340911 46.071601 414.795549
0.939629 -0.330803 0.087560 0.342075 0.914813 -0.214714 -0.009073 0.231703 0.972744 430.428174 45.844894 415.730714
0.940443 -0.329914 0.082004 0.339936 0.915028 -0.217180 -0.003386 0.232122 0.972681 430.511213 45.615111 416.681646
0.941505 -0.327751 0.078410 0.337000 0.915490 -0.219794 0.000254 0.233361 0.972390 430.595701 45.373018 417.688021
0.941895 -0.327183 0.076054 0.335894 0.915435 -0.221706 0.002916 0.234369 0.972143 430.677239 45.109500 418.766811
0.942344 -0.327024 0.071018 0.334538 0.915198 -0.224713 0.008491 0.235515 0.971834 430.757787 44.852945 419.809644
0.942960 -0.326279 0.066095 0.332634 0.915410 -0.226670 0.013454 0.235726 0.971726 430.844441 44.569373 420.952941
0.943705 -0.324911 0.062086 0.330310 0.915494 -0.229709 0.017796 0.237285 0.971277 430.916068 44.289072 422.048268
0.943765 -0.325156 0.059836 0.329964 0.914991 -0.232197 0.020750 0.238883 0.970827 430.980748 44.017088 423.101236
0.943797 -0.325437 0.057775 0.329699 0.914590 -0.234146 0.023359 0.240035 0.970483 431.042073 43.740321 424.170727
0.944058 -0.325081 0.055474 0.328760 0.914505 -0.235791 0.025920 0.240838 0.970219 431.105284 43.447866 425.268173
0.944213 -0.324806 0.054426 0.328182 0.914162 -0.237918 0.027523 0.242507 0.969759 431.170622 43.134441 426.415769
0.945095 -0.322680 0.051710 0.325362 0.914280 -0.241312 0.030589 0.244887 0.969069 431.226628 42.833152 427.529436
0.945771 -0.320728 0.051484 0.323408 0.914888 -0.241633 0.030397 0.245180 0.969001 431.282670 42.528615 428.658293
0.946007 -0.320058 0.051327 0.322732 0.915211 -0.241316 0.030260 0.244852 0.969088 431.344866 42.232014 429.790068
0.946055 -0.320244 0.049238 0.322408 0.915374 -0.241128 0.032149 0.243995 0.969243 431.400082 41.942579 430.869009
0.946002 -0.320771 0.046762 0.322314 0.915392 -0.241185 0.034560 0.243233 0.969352 431.454499 41.672954 431.867789
0.946075 -0.320812 0.044960 0.321894 0.915376 -0.241808 0.036419 0.243241 0.969282 431.502704 41.401559 432.866414
0.945985 -0.321210 0.044017 0.322006 0.915038 -0.242937 0.037756 0.243989 0.969043 431.549474 41.136567 433.837075
0.945927 -0.321395 0.043903 0.322125 0.914776 -0.243762 0.038183 0.244723 0.968841 431.598585 40.858718 434.858235
0.945774 -0.321994 0.042799 0.322442 0.914711 -0.243589 0.039285 0.244180 0.968934 431.649297 40.555709 435.947537
0.945668 -0.322380 0.042231 0.322701 0.914782 -0.242976 0.039699 0.243403 0.969113 431.699996 40.275215 436.977376
0.945439 -0.323284 0.040404 0.323151 0.914735 -0.242557 0.041455 0.242380 0.969295 431.752199 39.985218 438.051030
0.945393 -0.323551 0.039320 0.323250 0.915325 -0.240188 0.041723 0.239783 0.969930 431.801975 39.693571 439.147724
0.945626 -0.322840 0.039567 0.322718 0.916112 -0.237890 0.040553 0.237724 0.970486 431.847729 39.443113 440.084885
0.945177 -0.324253 0.038734 0.323962 0.916118 -0.236170 0.041094 0.235771 0.970939 431.890930 39.196148 441.030830
0.945149 -0.324516 0.037197 0.323788 0.915781 -0.237710 0.043077 0.236715 0.970624 431.927316 38.956259 441.941466
0.945121 -0.324622 0.036971 0.323680 0.914910 -0.241189 0.044470 0.239919 0.969774 431.959916 38.720370 442.819702
0.945145 -0.324861 0.034145 0.323095 0.914354 -0.244063 0.048066 0.241707 0.969158 431.988727 38.471126 443.743365
0.945431 -0.324386 0.030558 0.321813 0.915015 -0.243278 0.050955 0.239837 0.969475 432.013314 38.240298 444.600005
0.945351 -0.324997 0.026248 0.321453 0.915504 -0.241911 0.054590 0.237128 0.969943 432.041308 37.988268 445.530415
0.945532 -0.324828 0.021339 0.320163 0.916097 -0.241376 0.058858 0.235061 0.970197 432.066512 37.731907 446.490621
0.945663 -0.324755 0.016025 0.318773 0.916278 -0.242523 0.064077 0.234454 0.970013 432.083623 37.475668 447.450143
0.945680 -0.324903 0.011304 0.317930 0.917002 -0.240890 0.067900 0.231399 0.970487 432.097063 37.232000 448.356896
0.945819 -0.324626 0.006685 0.316762 0.917992 -0.238647 0.071334 0.227834 0.971083 432.106984 36.975634 449.317271
0.946029 -0.324055 0.004235 0.315702 0.918537 -0.237955 0.073221 0.226449 0.971267 432.118194 36.705496 450.340633
0.946293 -0.323298 0.002980 0.314518 0.918379 -0.240121 0.074894 0.228162 0.970738 432.120783 36.447270 451.327477
0.945915 -0.324411 0.001409 0.315050 0.917566 -0.242522 0.077384 0.229849 0.970145 432.126939 36.225326 452.172284
0.946050 -0.324021 0.000454 0.314329 0.917412 -0.244033 0.078655 0.231010 0.969767 432.126670 35.993192 453.047426
0.946654 -0.322249 0.001347 0.312776 0.917803 -0.244558 0.077572 0.231933 0.969634 432.126081 35.740885 453.995201
0.947421 -0.319971 0.003542 0.311074 0.918369 -0.244605 0.075014 0.232846 0.969616 432.131051 35.491859 454.905428
0.948713 -0.315908 0.012046 0.309232 0.919393 -0.243088 0.065718 0.234346 0.969929 432.146216 35.267993 455.744871
0.948886 -0.314320 0.028599 0.311818 0.919587 -0.239017 0.048828 0.235717 0.970594 432.180691 35.061142 456.522087
0.948021 -0.313940 0.051932 0.317202 0.919397 -0.232576 0.025269 0.236960 0.971191 432.237205 34.881623 457.210379
0.946530 -0.313054 0.077959 0.322611 0.919617 -0.224114 -0.001533 0.237282 0.971440 432.310739 34.700502 457.912751
0.943122 -0.313416 0.110863 0.330656 0.918908 -0.215118 -0.034451 0.239540 0.970275 432.406534 34.551256 458.559724
0.937734 -0.315078 0.146221 0.340254 0.917893 -0.204206 -0.069874 0.241243 0.967946 432.526413 34.409513 459.194613
0.929968 -0.317287 0.185708 0.350769 0.917034 -0.189762 -0.110091 0.241613 0.964107 432.665611 34.292321 459.744863
0.920026 -0.319015 0.227556 0.360647 0.916456 -0.173326 -0.153251 0.241532 0.958215 432.833366 34.184516 460.307041
0.908121 -0.321017 0.268819 0.369759 0.916081 -0.155155 -0.196453 0.240298 0.950612 433.038783 34.074066 460.945229
0.892458 -0.324037 0.313877 0.380024 0.914925 -0.135994 -0.243107 0.240650 0.939674 433.279290 33.972501 461.570000
0.874739 -0.325215 0.359258 0.388461 0.913796 -0.118640 -0.289705 0.243337 0.925666 433.535369 33.893946 462.124995
0.852695 -0.327419 0.407072 0.397688 0.912121 -0.099395 -0.338756 0.246641 0.907972 433.813241 33.832413 462.662908
0.825279 -0.330448 0.457950 0.406789 0.910339 -0.076197 -0.391711 0.249173 0.885706 434.130692 33.778211 463.195103
0.793846 -0.331295 0.509953 0.413513 0.908942 -0.053217 -0.445887 0.253118 0.858555 434.470827 33.745985 463.698581
0.761104 -0.333297 0.556447 0.420714 0.906614 -0.032411 -0.493681 0.258773 0.830251 434.864495 33.719300 464.241333
0.730207 -0.333837 0.596113 0.424135 0.905514 -0.012435 -0.535637 0.261912 0.802804 435.333929 33.699644 464.844054
0.693149 -0.334844 0.638298 0.425942 0.904670 0.012036 -0.581479 0.263535 0.769696 435.792030 33.695903 465.374998
0.655316 -0.334296 0.677353 0.425428 0.904326 0.034728 -0.624158 0.265407 0.734838 436.271929 33.715806 465.887117
0.615716 -0.334259 0.713558 0.423248 0.904135 0.058320 -0.664647 0.266103 0.698165 436.742633 33.750765 466.325287
0.576990 -0.335827 0.744515 0.421029 0.903405 0.081204 -0.699869 0.266608 0.662649 437.237778 33.782786 466.780390
0.537890 -0.336397 0.772989 0.418029 0.902694 0.101955 -0.732070 0.268292 0.626174 437.782839 33.843994 467.205888
0.494428 -0.333151 0.802839 0.413977 0.902407 0.119520 -0.764306 0.273263 0.584093 438.264433 33.908524 467.533661
0.453472 -0.332025 0.827117 0.409958 0.901725 0.137213 -0.791390 0.276861 0.545023 438.835420 33.998876 467.869437
0.401867 -0.331366 0.853639 0.401954 0.901449 0.160697 -0.822761 0.278545 0.495456 439.348894 34.090463 468.139302
0.349837 -0.335055 0.874844 0.391486 0.900690 0.188404 -0.851089 0.276579 0.446264 439.871666 34.199285 468.373305
0.293780 -0.338974 0.893751 0.380699 0.899146 0.215883 -0.876791 0.276828 0.393198 440.425531 34.328024 468.581805
0.240461 -0.340278 0.909060 0.368323 0.898481 0.238891 -0.898063 0.277384 0.341382 441.071358 34.482881 468.816828
0.186098 -0.340395 0.921683 0.355266 0.897912 0.259884 -0.916053 0.279078 0.288031 441.649136 34.642496 468.984400
0.126503 -0.340143 0.931826 0.339320 0.897543 0.281564 -0.932126 0.280569 0.228959 442.154833 34.794644 469.080281
0.068887 -0.339870 0.937946 0.325191 0.896478 0.300961 -0.943136 0.284279 0.172278 442.648260 34.959299 469.119677
0.013810 -0.339193 0.940616 0.308724 0.896191 0.318640 -0.951051 0.285990 0.117093 443.130090 35.131891 469.132528
-0.039303 -0.339164 0.939906 0.292852 0.895418 0.335357 -0.955350 0.288434 0.064132 443.626438 35.314643 469.130020
-0.092071 -0.339211 0.936194 0.278298 0.893955 0.351276 -0.956072 0.292883 0.012095 444.193328 35.530492 469.112484
-0.136784 -0.338798 0.930863 0.263797 0.893305 0.363892 -0.954830 0.295334 -0.032816 444.730624 35.742504 469.060718
-0.176720 -0.337725 0.924506 0.249113 0.893360 0.373966 -0.952215 0.296394 -0.073743 445.243919 35.962972 468.980443
-0.209440 -0.336347 0.918153 0.239921 0.892598 0.381714 -0.947931 0.300231 -0.106249 445.771968 36.189762 468.881551
-0.237188 -0.336826 0.911203 0.232679 0.890970 0.389914 -0.943187 0.304500 -0.132955 446.389931 36.459523 468.756649
-0.260670 -0.339073 0.903925 0.226012 0.888843 0.398592 -0.938600 0.308199 -0.155060 447.043203 36.750131 468.620418
-0.280651 -0.342290 0.896701 0.220254 0.886350 0.407275 -0.934196 0.311804 -0.173364 447.813326 37.085116 468.446575
-0.296844 -0.345398 0.890272 0.213434 0.884711 0.414406 -0.930768 0.313028 -0.188901 448.679441 37.474467 468.242470
-0.314401 -0.348042 0.883187 0.207009 0.882838 0.421597 -0.926444 0.315378 -0.205517 449.429803 37.825672 468.053103
-0.332095 -0.349997 0.875908 0.201529 0.880840 0.428376 -0.921466 0.318782 -0.221988 450.163868 38.187414 467.841864
-0.350619 -0.353345 0.867302 0.193805 0.878670 0.436325 -0.916246 0.321071 -0.239598 450.841322 38.519011 467.643357
-0.367556 -0.356946 0.858774 0.186268 0.876445 0.444014 -0.911157 0.323162 -0.255655 451.510856 38.863005 467.431210
-0.384599 -0.360361 0.849837 0.178838 0.874118 0.451591 -0.905594 0.325665 -0.271739 452.188821 39.221825 467.193434
-0.403659 -0.362095 0.840206 0.171935 0.871965 0.458384 -0.898609 0.329492 -0.289720 453.010596 39.658767 466.886621
-0.420423 -0.365552 0.830431 0.164899 0.869223 0.466112 -0.892218 0.332902 -0.305162 453.739401 40.053915 466.596298
-0.434785 -0.368608 0.821639 0.158894 0.866674 0.472893 -0.886406 0.336160 -0.318247 454.520820 40.485077 466.276093
-0.453869 -0.371898 0.809750 0.148799 0.864348 0.480376 -0.878556 0.338518 -0.336963 455.205243 40.889120 465.965448
-0.474033 -0.374522 0.796885 0.138739 0.861954 0.487634 -0.869508 0.341714 -0.356634 455.983175 41.358254 465.600337
-0.488253 -0.376022 0.787538 0.132844 0.859874 0.492919 -0.862532 0.345289 -0.369883 456.870542 41.898414 465.167649
-0.502857 -0.379412 0.776647 0.123936 0.857581 0.499195 -0.855438 0.347278 -0.384218 457.756708 42.443381 464.716065
-0.514898 -0.381883 0.767492 0.116601 0.855775 0.504036 -0.849284 0.349018 -0.396109 458.561998 42.958344 464.285010
-0.530610 -0.385012 0.755128 0.106663 0.853473 0.510104 -0.840878 0.351211 -0.411795 459.257777 43.417741 463.885938
-0.541182 -0.386946 0.746588 0.101237 0.851401 0.514653 -0.834789 0.354103 -0.421590 460.102944 43.988114 463.390076
-0.546030 -0.389113 0.741918 0.100327 0.848847 0.519032 -0.831736 0.357842 -0.424458 460.918394 44.538058 462.899264
-0.549048 -0.390790 0.738802 0.100469 0.846687 0.522520 -0.829730 0.361115 -0.425610 461.779820 45.129525 462.396073
-0.548577 -0.393263 0.737839 0.101247 0.844738 0.525516 -0.829947 0.362990 -0.423587 462.683691 45.751529 461.872409
-0.547671 -0.394449 0.737880 0.104037 0.842951 0.527835 -0.830201 0.365847 -0.420622 463.492447 46.313714 461.396925
-0.545261 -0.396204 0.738724 0.106790 0.841240 0.530010 -0.831436 0.367883 -0.416385 464.292259 46.869739 460.940868
-0.543163 -0.395252 0.740777 0.110583 0.840907 0.529761 -0.832313 0.369664 -0.413041 465.002914 47.366612 460.532130
-0.541914 -0.392020 0.743404 0.112582 0.842714 0.526458 -0.832860 0.368988 -0.412544 465.720826 47.865590 460.115371
-0.538973 -0.390001 0.746597 0.114068 0.844396 0.523435 -0.834564 0.367280 -0.410620 466.392506 48.321208 459.741497
-0.536257 -0.388869 0.749139 0.114805 0.845695 0.521171 -0.836211 0.365486 -0.408866 467.052105 48.774902 459.374682
-0.533728 -0.391434 0.749609 0.115640 0.844313 0.523224 -0.837712 0.365944 -0.405368 467.819163 49.297532 458.941462
-0.530934 -0.394265 0.750109 0.117322 0.842452 0.525843 -0.839252 0.367192 -0.401030 468.568701 49.807367 458.518291
-0.529726 -0.393621 0.751301 0.119961 0.842117 0.525783 -0.839643 0.368647 -0.398873 469.404958 50.378837 458.055894
-0.529885 -0.394265 0.750851 0.120772 0.841260 0.526969 -0.839426 0.369915 -0.398155 470.236248 50.952273 457.601772
-0.531622 -0.394957 0.749258 0.121935 0.839717 0.529157 -0.838159 0.372672 -0.398253 470.988367 51.469801 457.184337
-0.532654 -0.396918 0.747487 0.122753 0.837635 0.532259 -0.837384 0.375266 -0.397447 471.793012 52.022552 456.738117
-0.534081 -0.399520 0.745078 0.122368 0.835487 0.535713 -0.836530 0.377288 -0.397330 472.576493 52.566640 456.293567
-0.536888 -0.402617 0.741384 0.122402 0.832306 0.540633 -0.834727 0.381007 -0.397574 473.436916 53.165576 455.808764
-0.539047 -0.404627 0.738719 0.123323 0.829684 0.544441 -0.833199 0.384580 -0.397338 474.224754 53.713456 455.371918
-0.540902 -0.405330 0.736975 0.123912 0.828255 0.546479 -0.831908 0.386911 -0.397780 474.958800 54.241114 454.959764
-0.542495 -0.403603 0.736752 0.125205 0.828382 0.545991 -0.830676 0.388443 -0.398861 475.597968 54.709658 454.600165
-0.543609 -0.404302 0.735547 0.126125 0.827043 0.547807 -0.829808 0.390564 -0.398595 476.346857 55.254374 454.182598
-0.544228 -0.406139 0.734076 0.126578 0.825238 0.550418 -0.829334 0.392470 -0.397709 477.088391 55.790323 453.778383
-0.545761 -0.406581 0.732691 0.126979 0.824169 0.551926 -0.828264 0.394256 -0.398172 477.869459 56.358946 453.342728
-0.546115 -0.405654 0.732941 0.127419 0.824530 0.551285 -0.827963 0.394456 -0.398600 478.682997 56.956629 452.891286
-0.545941 -0.404159 0.733896 0.128021 0.825427 0.549800 -0.827985 0.394113 -0.398894 479.495768 57.551837 452.444732
-0.545559 -0.404806 0.733824 0.129947 0.824160 0.551248 -0.827937 0.396097 -0.397024 480.310951 58.142730 451.994470
-0.543669 -0.406568 0.734252 0.132344 0.822367 0.553351 -0.828800 0.398014 -0.393289 481.113375 58.719769 451.538692
-0.541654 -0.407174 0.735405 0.134436 0.821635 0.553935 -0.829782 0.398905 -0.390303 481.866902 59.257709 451.120304
-0.539759 -0.405271 0.737845 0.137009 0.822511 0.552001 -0.830595 0.399039 -0.388432 482.629510 59.805485 450.695774
-0.536833 -0.405628 0.739781 0.139645 0.822027 0.552060 -0.832052 0.399671 -0.384647 483.396343 60.355291 450.286441
-0.534517 -0.407291 0.740544 0.143257 0.819879 0.554325 -0.832928 0.402384 -0.379892 484.271810 60.983411 449.819570
-0.532525 -0.407783 0.741707 0.146262 0.818777 0.555168 -0.833681 0.404124 -0.376377 485.110994 61.587275 449.371694
-0.532385 -0.405826 0.742881 0.148418 0.819244 0.553906 -0.833390 0.405148 -0.375921 485.921685 62.172573 448.945416
-0.532787 -0.403192 0.744026 0.148572 0.820981 0.551286 -0.833105 0.404259 -0.377505 486.701281 62.722604 448.548498
-0.532613 -0.402863 0.744328 0.149474 0.820850 0.551238 -0.833055 0.404854 -0.376977 487.476568 63.277950 448.150253
-0.531163 -0.403422 0.745062 0.150862 0.820283 0.551703 -0.833731 0.405446 -0.374843 488.299787 63.867206 447.730929
-0.529964 -0.401822 0.746778 0.151606 0.821533 0.549636 -0.834358 0.404503 -0.374464 489.020664 64.376258 447.371493
-0.526103 -0.401699 0.749569 0.155196 0.821257 0.549045 -0.836140 0.405185 -0.369724 489.742460 64.885484 447.015233
-0.518406 -0.404576 0.753375 0.159498 0.819795 0.549997 -0.840128 0.405284 -0.360457 490.505084 65.413520 446.645669
-0.512039 -0.405346 0.757305 0.163575 0.819502 0.549235 -0.843243 0.405106 -0.353313 491.357419 66.000926 446.242123
-0.509771 -0.403912 0.759598 0.165133 0.820578 0.547159 -0.844313 0.404360 -0.351608 492.175464 66.560374 445.856742
-0.508677 -0.402396 0.761134 0.165788 0.821729 0.545229 -0.844844 0.403532 -0.351283 492.928259 67.083334 445.503119
-0.508861 -0.402673 0.760864 0.167377 0.820706 0.546284 -0.844420 0.405334 -0.350227 493.702893 67.625973 445.134214
-0.508081 -0.404507 0.760413 0.168998 0.818877 0.548526 -0.844567 0.407204 -0.347695 494.363197 68.086797 444.814991
-0.507007 -0.405262 0.760728 0.170089 0.818180 0.549228 -0.844993 0.407854 -0.345892 495.081137 68.590322 444.473822
-0.506190 -0.403808 0.762044 0.171639 0.818763 0.547876 -0.845170 0.408125 -0.345140 495.836213 69.110798 444.134616
-0.504412 -0.404695 0.762752 0.172686 0.818237 0.548332 -0.846019 0.408301 -0.342844 496.623111 69.656650 443.781683
-0.501275 -0.408399 0.762846 0.174834 0.815622 0.551538 -0.847441 0.409844 -0.337449 497.395053 70.189999 443.434214
-0.497678 -0.411697 0.763428 0.177107 0.813393 0.554098 -0.849087 0.410971 -0.331894 498.154498 70.709456 443.092430
-0.494148 -0.413446 0.764775 0.180203 0.811865 0.555340 -0.850497 0.412235 -0.326677 498.897985 71.221615 442.763893
-0.490984 -0.414553 0.766212 0.183117 0.810762 0.555998 -0.851706 0.413292 -0.322159 499.552616 71.673699 442.477536
-0.488014 -0.415015 0.767857 0.185597 0.810269 0.555894 -0.852875 0.413796 -0.318397 500.146973 72.091397 442.218599
-0.486446 -0.414113 0.769338 0.186941 0.810818 0.554642 -0.853477 0.413624 -0.317004 500.700341 72.478685 441.985172
-0.485578 -0.412460 0.770773 0.190048 0.810802 0.553609 -0.853285 0.415304 -0.315320 501.196964 72.825690 441.768983
-0.483526 -0.412052 0.772280 0.193649 0.810056 0.553452 -0.853641 0.417160 -0.311890 501.658817 73.142385 441.567991
-0.483068 -0.411507 0.772857 0.195628 0.809638 0.553367 -0.853449 0.418506 -0.310608 502.099835 73.442904 441.373707
-0.484152 -0.412147 0.771837 0.195765 0.808730 0.554645 -0.852803 0.419632 -0.310864 502.496092 73.720662 441.201842
-0.484362 -0.413194 0.771145 0.196836 0.807374 0.556240 -0.852437 0.421210 -0.309730 502.935034 74.025013 441.017656
-0.483116 -0.414282 0.771343 0.199869 0.805531 0.557828 -0.852439 0.423663 -0.306363 503.352014 74.317174 440.841771
-0.482141 -0.414239 0.771975 0.203588 0.804059 0.558606 -0.852110 0.426492 -0.303336 503.746056 74.589408 440.675295
-0.480455 -0.415006 0.772614 0.205936 0.802938 0.559357 -0.852499 0.427855 -0.300311 504.059294 74.805843 440.546775
-0.479317 -0.415405 0.773107 0.208064 0.801994 0.559924 -0.852622 0.429237 -0.297978 504.352546 75.007101 440.424309
-0.479190 -0.416135 0.772792 0.209130 0.800973 0.560987 -0.852433 0.430433 -0.296792 504.660541 75.220107 440.295158
-0.478850 -0.417149 0.772457 0.210644 0.799596 0.562384 -0.852251 0.432011 -0.295017 504.956421 75.422929 440.170334
-0.477028 -0.418016 0.773115 0.213051 0.798417 0.563152 -0.852675 0.433352 -0.291808 505.282465 75.643474 440.033023
-0.475614 -0.416869 0.774604 0.214518 0.799027 0.561728 -0.853096 0.433332 -0.290603 505.581762 75.848035 439.910389
-0.475542 -0.416183 0.775017 0.214438 0.799591 0.560955 -0.853157 0.432951 -0.290994 505.913571 76.081649 439.778073
-0.476418 -0.416838 0.774127 0.214375 0.798825 0.562069 -0.852684 0.433733 -0.291215 506.250166 76.323826 439.640928
-0.477469 -0.417393 0.773180 0.215083 0.797671 0.563436 -0.851917 0.435321 -0.291089 506.610989 76.578803 439.493706
-0.476342 -0.418594 0.773226 0.217125 0.796170 0.564774 -0.852030 0.436912 -0.288362 506.982812 76.837990 439.346222
-0.473689 -0.419054 0.774605 0.220629 0.795029 0.565023 -0.852609 0.438546 -0.284141 507.286459 77.051054 439.223221
-0.471102 -0.418909 0.776259 0.223774 0.794486 0.564551 -0.853222 0.439667 -0.280543 507.607468 77.278713 439.094692
-0.469686 -0.419150 0.776987 0.225389 0.794009 0.564579 -0.853578 0.440299 -0.278463 507.908720 77.491658 438.978689
-0.469997 -0.419732 0.776485 0.226117 0.793093 0.565575 -0.853214 0.441395 -0.277843 508.255357 77.744700 438.845766
-0.468651 -0.420651 0.776801 0.228249 0.791827 0.566492 -0.853387 0.442790 -0.275077 508.613949 78.003862 438.705888
-0.465763 -0.422024 0.777792 0.231230 0.790371 0.567316 -0.854165 0.444083 -0.270540 508.957790 78.248855 438.571683
-0.464101 -0.422946 0.778285 0.234382 0.788687 0.568364 -0.854210 0.446194 -0.266900 509.310147 78.499966 438.437961
-0.463360 -0.423300 0.778534 0.237388 0.787137 0.569264 -0.853782 0.448589 -0.264242 509.662221 78.754022 438.301662
-0.462700 -0.423568 0.778780 0.240266 0.785679 0.570071 -0.853335 0.450886 -0.261765 509.983665 78.980288 438.180082
-0.463041 -0.423963 0.778363 0.242593 0.784024 0.571363 -0.852491 0.453390 -0.260185 510.352015 79.243024 438.045087
-0.463466 -0.424605 0.777760 0.244643 0.782291 0.572862 -0.851674 0.455776 -0.258689 510.776754 79.548788 437.893778
-0.462841 -0.426031 0.777352 0.246605 0.780434 0.574551 -0.851448 0.457624 -0.256156 511.189425 79.839745 437.750692
-0.460786 -0.427735 0.777637 0.249056 0.778672 0.575882 -0.851849 0.459033 -0.252271 511.566085 80.111018 437.617638
-0.458043 -0.428684 0.778734 0.251685 0.777647 0.576125 -0.852556 0.459885 -0.248303 511.943894 80.378930 437.486080
-0.456799 -0.429027 0.779276 0.253109 0.777122 0.576209 -0.852801 0.460454 -0.246398 512.320461 80.645338 437.360691
-0.457130 -0.428865 0.779171 0.254345 0.776441 0.576583 -0.852256 0.461752 -0.245855 512.723812 80.933472 437.225513
-0.457223 -0.429269 0.778894 0.256072 0.775166 0.577533 -0.851689 0.463514 -0.244500 513.147960 81.236015 437.084249
-0.456708 -0.430255 0.778651 0.257662 0.773776 0.578690 -0.851486 0.464921 -0.242529 513.576591 81.540618 436.941679
-0.455700 -0.430888 0.778892 0.258809 0.773088 0.579096 -0.851678 0.465478 -0.240778 514.004203 81.844478 436.805420
-0.453977 -0.432688 0.778901 0.260236 0.771670 0.580347 -0.852163 0.466162 -0.237719 514.425524 82.147539 436.672320
-0.451171 -0.435241 0.779108 0.262307 0.769777 0.581927 -0.853018 0.466914 -0.233134 514.810157 82.424563 436.549764
-0.448818 -0.435755 0.780179 0.265143 0.768802 0.581931 -0.853382 0.468040 -0.229515 515.210566 82.716325 436.424388
-0.446755 -0.434478 0.782073 0.267137 0.769500 0.580093 -0.853843 0.468081 -0.227713 515.569897 82.976321 436.314930
-0.446121 -0.432547 0.783505 0.267843 0.770798 0.578040 -0.853953 0.467732 -0.228014 515.950876 83.255958 436.204436
-0.445247 -0.432241 0.784170 0.268689 0.770914 0.577494 -0.854144 0.467825 -0.227109 516.321434 83.528792 436.092704
-0.444013 -0.433075 0.784410 0.270307 0.769910 0.578076 -0.854275 0.468705 -0.224787 516.690174 83.800409 435.980860
-0.441742 -0.433819 0.785280 0.272040 0.769329 0.578037 -0.854903 0.468971 -0.221829 517.041504 84.054441 435.875679
-0.439923 -0.434044 0.786177 0.274180 0.768724 0.577832 -0.855157 0.469755 -0.219173 517.350412 84.280348 435.779166
-0.437441 -0.433871 0.787655 0.276379 0.768643 0.576891 -0.855722 0.470047 -0.216323 517.706539 84.532084 435.670768
-0.434296 -0.432498 0.790147 0.278370 0.769811 0.574370 -0.856678 0.469400 -0.213932 518.027230 84.755422 435.580854
-0.430245 -0.430615 0.793385 0.279866 0.771956 0.570753 -0.858233 0.467605 -0.211615 518.360129 84.982965 435.490604
-0.426387 -0.428672 0.796513 0.282400 0.773471 0.567445 -0.859328 0.466887 -0.208741 518.751004 85.252830 435.385444
-0.421207 -0.427511 0.799887 0.285960 0.774356 0.564447 -0.860704 0.466485 -0.203913 519.251053 85.592614 435.257680
-0.415208 -0.427165 0.803202 0.290493 0.774427 0.562029 -0.862100 0.466684 -0.197460 519.863908 86.008148 435.103807
-0.408310 -0.427254 0.806683 0.295471 0.774272 0.559643 -0.863701 0.466859 -0.189902 520.431773 86.384509 434.957139
-0.402392 -0.425986 0.810319 0.301263 0.774223 0.556614 -0.864478 0.468096 -0.183207 521.042381 86.792530 434.809125
-0.396331 -0.424159 0.814255 0.308372 0.773861 0.553214 -0.864771 0.470349 -0.175906 521.650367 87.197956 434.662880
-0.392455 -0.423820 0.816306 0.312696 0.773166 0.551757 -0.864986 0.471796 -0.170906 522.113057 87.505606 434.551367
-0.389100 -0.424373 0.817624 0.314468 0.773061 0.550896 -0.865859 0.471470 -0.167346 522.693517 87.890765 434.421461
-0.383307 -0.425532 0.819755 0.318358 0.772285 0.549750 -0.867020 0.471698 -0.160551 523.245865 88.253942 434.306309
-0.376404 -0.427254 0.822055 0.324762 0.770159 0.548985 -0.867669 0.473612 -0.151135 523.847735 88.643933 434.186262
-0.370029 -0.427403 0.824867 0.329071 0.770023 0.546605 -0.868787 0.473700 -0.144285 524.411504 89.001881 434.083084
-0.364336 -0.427093 0.827557 0.331773 0.770802 0.543867 -0.870164 0.472711 -0.139134 525.069178 89.420324 433.969046
-0.360365 -0.430644 0.827456 0.333730 0.768821 0.545471 -0.871069 0.472715 -0.133338 525.744923 89.851897 433.849458
-0.355655 -0.434512 0.827471 0.335871 0.766793 0.547010 -0.872181 0.472470 -0.126774 526.524901 90.347185 433.720348
-0.351132 -0.436803 0.828197 0.339097 0.765150 0.547319 -0.872765 0.473020 -0.120550 527.309185 90.845801 433.597494
-0.346520 -0.440302 0.828286 0.342958 0.762396 0.548755 -0.873100 0.474222 -0.113180 528.122260 91.366671 433.480102
-0.341630 -0.442760 0.829007 0.348490 0.759519 0.549258 -0.872836 0.476544 -0.105177 528.945463 91.899816 433.362758
-0.336101 -0.444314 0.830435 0.353138 0.757950 0.548457 -0.873115 0.477595 -0.097844 529.701137 92.382112 433.267201
-0.331558 -0.445537 0.831604 0.357347 0.756479 0.547762 -0.873139 0.478787 -0.091605 530.500913 92.909952 433.170499
-0.329291 -0.446688 0.831888 0.360575 0.754768 0.548006 -0.872670 0.480411 -0.087474 531.344341 93.457305 433.076874
-0.327876 -0.446115 0.832754 0.364709 0.753376 0.547186 -0.871484 0.483122 -0.084312 532.110777 93.956220 432.998408
-0.324222 -0.445892 0.834302 0.367825 0.753122 0.545447 -0.871542 0.483723 -0.080169 532.817722 94.410839 432.925436
-0.321254 -0.446678 0.835030 0.372383 0.751151 0.545072 -0.870705 0.486057 -0.074975 533.529716 94.871785 432.853387
-0.316802 -0.445661 0.837271 0.377811 0.750394 0.542372 -0.869997 0.488155 -0.069351 534.283843 95.345567 432.783269
-0.314371 -0.443253 0.839463 0.379810 0.751705 0.539151 -0.870009 0.488330 -0.067962 534.987331 95.790787 432.715208
-0.312081 -0.440913 0.841547 0.381508 0.753071 0.536037 -0.870091 0.488343 -0.066807 535.770934 96.281980 432.645689
-0.310014 -0.442655 0.841396 0.383305 0.751692 0.536691 -0.870039 0.488893 -0.063363 536.495967 96.730450 432.574536
-0.307033 -0.445251 0.841120 0.385433 0.749908 0.537662 -0.870156 0.489275 -0.058632 537.293572 97.219586 432.503561
-0.300353 -0.447167 0.842514 0.390169 0.748418 0.536319 -0.870377 0.489808 -0.050319 538.043902 97.684283 432.440651
-0.293080 -0.449776 0.843686 0.394439 0.746958 0.535230 -0.870932 0.489648 -0.041509 538.755974 98.118068 432.385508
-0.289245 -0.451276 0.844208 0.397171 0.745838 0.534772 -0.870972 0.489975 -0.036497 539.500430 98.574522 432.338392
-0.284078 -0.452121 0.845509 0.400355 0.745350 0.533076 -0.871215 0.489939 -0.030728 540.258964 99.032504 432.299246
-0.278138 -0.453105 0.846956 0.403568 0.745025 0.531104 -0.871649 0.489525 -0.024361 541.055273 99.515162 432.265124
-0.269618 -0.451902 0.850348 0.408813 0.745808 0.525968 -0.871882 0.489443 -0.016340 541.828538 99.981693 432.243838
-0.262458 -0.452191 0.852431 0.413513 0.745467 0.522768 -0.871850 0.489696 -0.008667 542.581773 100.429643 432.230467
-0.256333 -0.454505 0.853064 0.417554 0.743888 0.521805 -0.871747 0.489956 -0.000903 543.392823 100.903341 432.218559
-0.250793 -0.456560 0.853613 0.422373 0.741824 0.520863 -0.871036 0.491172 0.006795 544.250474 101.404969 432.207898
-0.245210 -0.457284 0.854847 0.426550 0.740943 0.518708 -0.870590 0.491828 0.013368 545.095159 101.899058 432.207066
-0.239966 -0.457171 0.856394 0.430475 0.740585 0.515970 -0.870119 0.492472 0.019085 545.929500 102.390731 432.215285
-0.238398 -0.457707 0.856546 0.430473 0.740798 0.515666 -0.870551 0.491654 0.020426 546.819117 102.912559 432.229461
-0.235783 -0.457820 0.857209 0.430448 0.741630 0.514490 -0.871275 0.490292 0.022204 547.682101 103.415534 432.239325
-0.234451 -0.457694 0.857642 0.430704 0.742011 0.513726 -0.871508 0.489833 0.023165 548.567430 103.939963 432.251153
-0.233646 -0.456815 0.858330 0.429606 0.743423 0.512603 -0.872266 0.488511 0.022553 549.449995 104.456964 432.268432
-0.231752 -0.457170 0.858654 0.429668 0.743808 0.511991 -0.872741 0.487591 0.024052 550.363395 104.993419 432.283038
-0.230572 -0.458580 0.858219 0.428674 0.743914 0.512671 -0.873542 0.486104 0.025056 551.271493 105.520829 432.298807
-0.230213 -0.460318 0.857385 0.427892 0.743427 0.514027 -0.874020 0.485204 0.025820 552.158183 106.039970 432.311947
-0.229941 -0.460371 0.857430 0.427385 0.743768 0.513957 -0.874339 0.484632 0.025733 552.997949 106.520611 432.324592
-0.227067 -0.459070 0.858892 0.428853 0.744683 0.511403 -0.874372 0.484461 0.027780 553.805437 106.983438 432.342675
-0.224733 -0.459429 0.859314 0.429373 0.744950 0.510577 -0.874719 0.483710 0.029852 554.688810 107.495465 432.368843
-0.223144 -0.460091 0.859374 0.430694 0.744348 0.510342 -0.874477 0.484007 0.032062 555.508607 107.969710 432.387496
-0.222171 -0.462104 0.858545 0.432198 0.742638 0.511561 -0.873982 0.484715 0.034728 556.256803 108.401464 432.400218
-0.221289 -0.462150 0.858748 0.432914 0.742504 0.511148 -0.873851 0.484876 0.035763 556.888319 108.765603 432.415837
-0.220428 -0.461490 0.859324 0.433412 0.742905 0.510144 -0.873823 0.484891 0.036258 557.548049 109.152504 432.437854
-0.219093 -0.461735 0.859534 0.435743 0.741903 0.509615 -0.872998 0.486189 0.038652 558.313855 109.602814 432.456590
-0.216658 -0.462571 0.859702 0.438313 0.740780 0.509045 -0.872319 0.487107 0.042255 559.176787 110.106737 432.490395
-0.213294 -0.463660 0.859957 0.439614 0.740520 0.508301 -0.872494 0.486466 0.045883 559.880670 110.512978 432.520178
-0.211240 -0.465487 0.859476 0.441422 0.739108 0.508788 -0.872080 0.486868 0.049347 560.705196 110.999079 432.561111
-0.210368 -0.466618 0.859077 0.443232 0.737715 0.509237 -0.871373 0.487897 0.051628 561.569541 111.505567 432.603516
-0.209244 -0.467477 0.858884 0.443466 0.737448 0.509420 -0.871524 0.487479 0.053003 562.508399 112.060113 432.650915
-0.208442 -0.466954 0.859364 0.443471 0.738021 0.508585 -0.871714 0.487113 0.053246 563.338429 112.543816 432.694077
-0.207202 -0.467875 0.859162 0.442874 0.738218 0.508819 -0.872313 0.485929 0.054249 564.195233 113.033356 432.743217
-0.205757 -0.470137 0.858275 0.444404 0.736501 0.509972 -0.871877 0.486351 0.057390 565.057242 113.536235 432.792761
-0.203994 -0.470320 0.858595 0.447331 0.735341 0.509086 -0.870794 0.487927 0.060383 565.939778 114.054815 432.836422
-0.203336 -0.472293 0.857668 0.449336 0.733263 0.510315 -0.869915 0.489147 0.063120 566.817750 114.564911 432.894690
-0.201779 -0.472911 0.857695 0.451343 0.732287 0.509946 -0.869238 0.490011 0.065684 567.697150 115.067788 432.957679
-0.198170 -0.475492 0.857109 0.454198 0.730353 0.510186 -0.868581 0.490401 0.071233 568.565420 115.569113 433.021849
-0.194989 -0.479055 0.855854 0.456076 0.728238 0.511531 -0.868317 0.490077 0.076487 569.431593 116.070736 433.088362
-0.193546 -0.480650 0.855287 0.458699 0.726289 0.511957 -0.867257 0.491406 0.079903 570.324179 116.589935 433.159071
-0.192412 -0.482024 0.854769 0.460721 0.724703 0.512387 -0.866437 0.492400 0.082638 571.061042 117.023049 433.216754
-0.190783 -0.482157 0.855060 0.464253 0.723167 0.511369 -0.864911 0.494525 0.085875 571.800271 117.458288 433.276259
-0.188942 -0.482303 0.855386 0.469219 0.720859 0.510094 -0.862632 0.497741 0.090106 572.548831 117.894206 433.342295
-0.187073 -0.483241 0.855267 0.471472 0.719642 0.509735 -0.861811 0.498592 0.093209 573.317408 118.339529 433.419388
-0.184667 -0.483470 0.855661 0.473910 0.718923 0.508488 -0.860992 0.499407 0.096359 574.264398 118.882474 433.509628
-0.180688 -0.483215 0.856653 0.477183 0.718541 0.505959 -0.860028 0.500201 0.100751 575.186815 119.403735 433.600883
-0.176304 -0.484863 0.856636 0.479967 0.717455 0.504867 -0.859388 0.500167 0.106228 576.086580 119.918244 433.701927
-0.171085 -0.488392 0.855689 0.481417 0.716319 0.505099 -0.859632 0.498358 0.112569 577.000473 120.439537 433.810119
-0.165929 -0.491661 0.854832 0.484070 0.714616 0.504976 -0.859153 0.497589 0.119423 577.871014 120.934575 433.913916
-0.159387 -0.493024 0.855291 0.486540 0.714613 0.502600 -0.858996 0.496241 0.125977 578.747079 121.423632 434.026166
-0.155605 -0.492800 0.856116 0.489509 0.714309 0.500144 -0.858002 0.496902 0.130079 579.578301 121.890598 434.133172
-0.154159 -0.493095 0.856208 0.491023 0.713748 0.499459 -0.857398 0.497414 0.132090 580.511411 122.417506 434.263224
-0.152284 -0.494114 0.855956 0.493475 0.712365 0.499018 -0.856325 0.498385 0.135351 581.417907 122.933764 434.390260
-0.152430 -0.496293 0.854669 0.496342 0.709369 0.500441 -0.854640 0.500490 0.138202 582.424932 123.502958 434.537560
-0.152745 -0.497332 0.854008 0.499161 0.706994 0.500997 -0.852940 0.502812 0.140260 583.360725 124.037065 434.671570
-0.152926 -0.498855 0.853087 0.501358 0.704738 0.501980 -0.851618 0.504468 0.142333 584.293246 124.574602 434.810217
-0.152168 -0.500707 0.852137 0.501967 0.703550 0.503037 -0.851395 0.504291 0.144281 585.184299 125.083597 434.947267
-0.151035 -0.502366 0.851362 0.503396 0.702120 0.503607 -0.850753 0.504634 0.146845 586.015224 125.559722 435.079188
-0.150991 -0.501779 0.851715 0.505257 0.701376 0.502780 -0.849657 0.506250 0.147626 586.920863 126.082812 435.219681
-0.151234 -0.498876 0.853377 0.507881 0.701429 0.500054 -0.848048 0.509039 0.147290 587.851442 126.615151 435.361180
-0.150973 -0.495009 0.855671 0.508965 0.703123 0.496560 -0.847444 0.510474 0.145789 588.775916 127.140178 435.506729
-0.150965 -0.493089 0.856780 0.508960 0.704241 0.494980 -0.847449 0.510791 0.144647 589.718955 127.673947 435.659259
-0.151471 -0.494153 0.856078 0.508410 0.703780 0.496199 -0.847689 0.510398 0.144629 590.607034 128.173035 435.795558
-0.150855 -0.497474 0.854261 0.509772 0.701244 0.498386 -0.846980 0.510663 0.147813 591.439555 128.644195 435.919541
-0.149951 -0.498787 0.853654 0.512486 0.699156 0.498537 -0.845501 0.512242 0.150782 592.236724 129.105656 436.047761
-0.149920 -0.498965 0.853556 0.514977 0.697550 0.498220 -0.843992 0.514254 0.152379 593.034575 129.558428 436.172486
-0.149691 -0.496832 0.854839 0.517186 0.697523 0.495964 -0.842681 0.516352 0.152542 593.731792 129.959259 436.285135
-0.149414 -0.495249 0.855806 0.517504 0.698342 0.494477 -0.842535 0.516765 0.151951 594.359341 130.324722 436.397518
-0.148438 -0.495980 0.855553 0.517813 0.698077 0.494529 -0.842518 0.516423 0.153204 594.977787 130.671527 436.503908
-0.146591 -0.497765 0.854834 0.518998 0.696973 0.494844 -0.842112 0.516197 0.156169 595.546857 130.992112 436.601653
-0.144300 -0.499151 0.854415 0.520596 0.696004 0.494529 -0.841521 0.516166 0.159423 596.069352 131.282449 436.685589
-0.142995 -0.498741 0.854874 0.521550 0.696119 0.493361 -0.841153 0.516407 0.160577 596.666184 131.610802 436.780165
-0.141102 -0.497700 0.855795 0.521353 0.697506 0.491605 -0.841594 0.515538 0.161058 597.202574 131.905324 436.869593
-0.138585 -0.496032 0.857174 0.522422 0.698689 0.488783 -0.841350 0.515544 0.162310 597.852773 132.254540 436.980809
-0.135153 -0.495297 0.858146 0.524082 0.699285 0.486148 -0.840876 0.515443 0.165066 598.502219 132.600540 437.099064
-0.132947 -0.496177 0.857982 0.525667 0.698581 0.485447 -0.840238 0.515552 0.167950 599.125005 132.928063 437.211137
-0.130826 -0.498778 0.856799 0.527204 0.696901 0.486194 -0.839607 0.515315 0.171785 599.698692 133.234902 437.313530
-0.127605 -0.500324 0.856384 0.529174 0.695937 0.485435 -0.838864 0.515119 0.175954 600.275170 133.543224 437.425301
-0.124733 -0.501675 0.856016 0.529221 0.696140 0.485093 -0.839266 0.513529 0.178665 600.813603 133.836633 437.530639
-0.122219 -0.502903 0.855658 0.530683 0.695421 0.484526 -0.838712 0.513301 0.181888 601.368862 134.128740 437.636613
-0.120440 -0.503780 0.855395 0.532335 0.694529 0.483992 -0.837922 0.513648 0.184531 601.978695 134.458333 437.755077
-0.118440 -0.505263 0.854799 0.534300 0.693179 0.483763 -0.836956 0.514016 0.187862 602.547736 134.765702 437.868270
-0.115799 -0.506646 0.854342 0.536627 0.691884 0.483040 -0.835836 0.514399 0.191760 603.082350 135.057229 437.971051
-0.111520 -0.508127 0.854032 0.539575 0.690720 0.481419 -0.834519 0.514502 0.197144 603.621572 135.347429 438.083187
-0.107760 -0.509082 0.853946 0.542913 0.689428 0.479514 -0.832846 0.515291 0.202095 604.211655 135.662572 438.207681
-0.104295 -0.510424 0.853575 0.545303 0.688399 0.478280 -0.831725 0.515339 0.206539 604.743820 135.941014 438.324975
-0.100410 -0.511132 0.853617 0.547322 0.688098 0.476403 -0.830877 0.515039 0.210662 605.224958 136.192133 438.434503
-0.096494 -0.510926 0.854192 0.549097 0.688463 0.473826 -0.830170 0.514755 0.214115 605.620359 136.398489 438.523145
-0.092181 -0.509921 0.855268 0.550981 0.689327 0.470370 -0.829411 0.514596 0.217414 606.066066 136.626594 438.622965
-0.087541 -0.509239 0.856161 0.555012 0.688773 0.466427 -0.827223 0.516011 0.222338 606.557021 136.881483 438.735564
-0.082612 -0.509837 0.856295 0.557792 0.688384 0.463676 -0.825859 0.515940 0.227514 607.089187 137.155427 438.869637
-0.077583 -0.510708 0.856247 0.561443 0.687328 0.460828 -0.823871 0.516486 0.233409 607.624046 137.427459 439.006786
-0.072614 -0.511575 0.856165 0.564510 0.686611 0.458141 -0.822226 0.516581 0.238931 608.058760 137.649707 439.120038
-0.066837 -0.512456 0.856108 0.567411 0.686254 0.455082 -0.820717 0.516182 0.244906 608.456413 137.851059 439.222780
-0.060283 -0.513423 0.856016 0.570327 0.686091 0.451670 -0.819203 0.515437 0.251459 608.904970 138.082932 439.352093
-0.055117 -0.515032 0.855397 0.573315 0.685075 0.449424 -0.817479 0.515183 0.257516 609.405459 138.344731 439.495551
-0.050095 -0.516521 0.854808 0.576632 0.683863 0.447020 -0.815467 0.515303 0.263585 609.886806 138.588398 439.632760
-0.045388 -0.517921 0.854224 0.579755 0.682711 0.444736 -0.813526 0.515425 0.269280 610.370378 138.837542 439.775752
-0.041234 -0.519462 0.853498 0.582562 0.681499 0.442923 -0.811739 0.515480 0.274518 610.832908 139.071615 439.915456
-0.037303 -0.520672 0.852941 0.585012 0.680609 0.441059 -0.810166 0.515434 0.279210 611.231209 139.272518 440.033944
-0.034620 -0.520814 0.852968 0.586781 0.680291 0.439195 -0.809006 0.515710 0.282052 611.647136 139.475338 440.152831
-0.032048 -0.520704 0.853136 0.588591 0.680035 0.437164 -0.807795 0.516158 0.284688 612.043479 139.672258 440.275168
-0.028247 -0.521366 0.852865 0.590625 0.679639 0.435033 -0.806452 0.516012 0.288734 612.425990 139.862135 440.402498
-0.025334 -0.522908 0.852012 0.592065 0.678882 0.434257 -0.805492 0.515448 0.292397 612.766094 140.030397 440.516141
-0.022609 -0.524154 0.851323 0.593498 0.678218 0.433336 -0.804517 0.515056 0.295751 613.092715 140.184438 440.620646
-0.018632 -0.525442 0.850625 0.595929 0.677301 0.431430 -0.802821 0.514950 0.300507 613.410162 140.340478 440.724342
-0.013646 -0.526909 0.849812 0.598828 0.676317 0.428953 -0.800761 0.514745 0.306299 613.729021 140.493298 440.832429
-0.009873 -0.528593 0.848818 0.600928 0.675341 0.427552 -0.799242 0.514299 0.310979 614.036176 140.639179 440.937086
-0.006527 -0.530252 0.847815 0.602681 0.674462 0.426471 -0.797956 0.513745 0.315171 614.381778 140.802611 441.057080
-0.002546 -0.531349 0.847149 0.604481 0.674039 0.424588 -0.796616 0.513166 0.319474 614.699732 140.955396 441.171199
0.001762 -0.532510 0.846422 0.606071 0.673822 0.422660 -0.795409 0.512247 0.323926 614.993269 141.093854 441.273533
0.005657 -0.534014 0.845457 0.608071 0.673035 0.421038 -0.793862 0.511716 0.328526 615.294301 141.236938 441.380496
0.009108 -0.536013 0.844161 0.609819 0.672021 0.420130 -0.792488 0.510959 0.332992 615.534080 141.348698 441.467431
0.012252 -0.537957 0.842883 0.611257 0.671134 0.419455 -0.791337 0.510080 0.337053 615.737993 141.442164 441.540060
0.015513 -0.539450 0.841875 0.613193 0.670189 0.418140 -0.789781 0.509745 0.341183 615.921281 141.523592 441.603673
0.017636 -0.540993 0.840842 0.614514 0.669251 0.417704 -0.788709 0.509342 0.344251 616.123532 141.610240 441.675827
0.020133 -0.542459 0.839841 0.615484 0.668697 0.417161 -0.787892 0.508510 0.347338 616.328099 141.700155 441.750802
0.022178 -0.544205 0.838659 0.616201 0.668023 0.417184 -0.787277 0.507530 0.350155 616.533268 141.791718 441.828296
0.024043 -0.546259 0.837271 0.617054 0.667048 0.417482 -0.786553 0.506604 0.353110 616.717207 141.867940 441.890502
0.026556 -0.547835 0.836165 0.618192 0.666337 0.416934 -0.785578 0.505839 0.356362 616.948480 141.971933 441.978604
0.029118 -0.549332 0.835097 0.619188 0.665771 0.416359 -0.784702 0.504959 0.359526 617.159861 142.070445 442.060289
0.030870 -0.551175 0.833818 0.620658 0.664468 0.416252 -0.783473 0.504667 0.362603 617.377350 142.174759 442.144253
0.031796 -0.553313 0.832366 0.621960 0.662858 0.416875 -0.782403 0.504444 0.365215 617.581922 142.278794 442.225833
0.032421 -0.555164 0.831109 0.622863 0.661550 0.417605 -0.781659 0.504128 0.367239 617.778763 142.381531 442.306235
0.033004 -0.556875 0.829941 0.623314 0.660587 0.418454 -0.781275 0.503503 0.368910 617.972464 142.480985 442.386412
0.033694 -0.558154 0.829053 0.623636 0.659959 0.418967 -0.780989 0.502910 0.370321 618.146545 142.568743 442.457728
0.034469 -0.559256 0.828278 0.624319 0.659214 0.419122 -0.780409 0.502663 0.371877 618.318955 142.652012 442.527219
0.035105 -0.560520 0.827396 0.625286 0.658158 0.419340 -0.779606 0.502638 0.373590 618.485057 142.731966 442.594931
0.035726 -0.561921 0.826419 0.625877 0.657269 0.419852 -0.779103 0.502236 0.375175 618.659014 142.815795 442.665974
0.036120 -0.563335 0.825439 0.626308 0.656401 0.420565 -0.778738 0.501788 0.376531 618.823235 142.895628 442.732972
0.036363 -0.564704 0.824492 0.626471 0.655677 0.421451 -0.778596 0.501195 0.377614 618.980592 142.973512 442.798443
0.036296 -0.565963 0.823631 0.626331 0.655101 0.422555 -0.778712 0.500529 0.378257 619.111127 143.041505 442.852336
0.036657 -0.565986 0.823600 0.625649 0.655646 0.422719 -0.779243 0.499789 0.378143 619.216796 143.101440 442.899154
0.036986 -0.565984 0.823586 0.624968 0.656191 0.422881 -0.779774 0.499074 0.377992 619.357233 143.179259 442.961980
0.036858 -0.567375 0.822635 0.624778 0.655555 0.424146 -0.779932 0.498331 0.378645 619.524808 143.271366 443.036687
0.037125 -0.568890 0.821576 0.624908 0.654777 0.425155 -0.779815 0.497626 0.379812 619.706835 143.369595 443.117841
0.037282 -0.570457 0.820481 0.625377 0.653718 0.426095 -0.779432 0.497225 0.381122 619.887777 143.464536 443.197556
0.037401 -0.572001 0.819400 0.625556 0.652840 0.427177 -0.779282 0.496604 0.382236 620.062713 143.554237 443.274104
0.037437 -0.573679 0.818224 0.625827 0.651803 0.428363 -0.779063 0.496030 0.383425 620.248770 143.649607 443.353641
0.037233 -0.575255 0.817127 0.626182 0.650682 0.429546 -0.778788 0.495676 0.384441 620.433396 143.746475 443.432009
0.037461 -0.577024 0.815868 0.626723 0.649482 0.430571 -0.778341 0.495193 0.385965 620.607657 143.838569 443.510015
0.038161 -0.579214 0.814282 0.627594 0.648005 0.431526 -0.777605 0.494571 0.388239 620.801816 143.940461 443.595850
0.039477 -0.581185 0.812814 0.629128 0.646428 0.431658 -0.776298 0.494323 0.391159 620.972382 144.027821 443.668412
0.040943 -0.583131 0.811346 0.631290 0.644511 0.431367 -0.774465 0.494533 0.394513 621.152723 144.118324 443.742452
0.042858 -0.584718 0.810104 0.633186 0.643107 0.430685 -0.772812 0.494488 0.397798 621.299701 144.186564 443.797911
0.044884 -0.586372 0.808797 0.635267 0.641585 0.429890 -0.770987 0.494507 0.401299 621.497109 144.278519 443.881778
0.045950 -0.588021 0.807539 0.636380 0.640357 0.430074 -0.770006 0.494140 0.403629 621.677367 144.371575 443.962360
0.046980 -0.589818 0.806169 0.637327 0.639144 0.430477 -0.769160 0.493569 0.405934 621.865201 144.468597 444.045526
0.048522 -0.591681 0.804711 0.638392 0.637993 0.430605 -0.768181 0.492827 0.408681 622.101803 144.588197 444.152113
0.051126 -0.593253 0.803391 0.639617 0.637260 0.429872 -0.766991 0.491885 0.412036 622.367843 144.723591 444.276965
0.053599 -0.594908 0.802004 0.641195 0.636210 0.429075 -0.765504 0.491244 0.415553 622.595235 144.842853 444.385891
0.055797 -0.597076 0.800242 0.643075 0.634599 0.428648 -0.763768 0.490698 0.419373 622.841766 144.971364 444.503036
0.057829 -0.599362 0.798386 0.644640 0.633067 0.428562 -0.762296 0.489888 0.422982 623.097190 145.105078 444.628334
0.059881 -0.601540 0.796595 0.646219 0.631591 0.428362 -0.760799 0.489124 0.426547 623.362101 145.245336 444.760122
0.062671 -0.603361 0.795001 0.648166 0.630324 0.427285 -0.758916 0.488515 0.430581 623.605522 145.375843 444.886848
0.065566 -0.605187 0.793379 0.650180 0.629048 0.426104 -0.756946 0.487901 0.434725 623.831312 145.489560 444.997553
0.067403 -0.606667 0.792093 0.651864 0.627803 0.425366 -0.755334 0.487666 0.437781 624.035658 145.594135 445.101166
0.068743 -0.608638 0.790465 0.653958 0.625856 0.425021 -0.753401 0.487714 0.441047 624.258345 145.710968 445.213877
0.070228 -0.610987 0.788519 0.656519 0.623449 0.424610 -0.751033 0.487858 0.444908 624.526223 145.852251 445.353695
0.071351 -0.613576 0.786406 0.658128 0.621401 0.425122 -0.749518 0.487223 0.448149 624.804202 145.992942 445.500624
0.073125 -0.616099 0.784267 0.659635 0.619679 0.425299 -0.748021 0.486230 0.451714 625.106913 146.143271 445.660715
0.075130 -0.618342 0.782310 0.661102 0.618215 0.425152 -0.746525 0.485245 0.455234 625.392729 146.287967 445.820313
0.076342 -0.620065 0.780827 0.662173 0.617010 0.425235 -0.745452 0.484580 0.457694 625.625036 146.409171 445.948930
0.076750 -0.621794 0.779411 0.663252 0.615511 0.425727 -0.744450 0.484272 0.459646 625.793657 146.499292 446.042285
0.077896 -0.623564 0.777881 0.664343 0.614240 0.425860 -0.743357 0.483608 0.462108 625.978412 146.599233 446.149181
0.079529 -0.625770 0.775943 0.665705 0.612728 0.425913 -0.741965 0.482676 0.465308 626.189641 146.711952 446.269098
0.080734 -0.628045 0.773977 0.666888 0.611138 0.426346 -0.740772 0.481736 0.468175 626.405267 146.828476 446.393088
