0.999999 -0.000757 0.001061 0.000757 1.000000 -0.000226 -0.001061 0.000227 0.999999 -0.003599 -0.016115 0.560871
0.999997 -0.000937 0.002199 0.000940 0.999999 -0.001388 -0.002197 0.001390 0.999997 -0.005906 -0.031214 1.210256
0.999993 -0.002380 0.002895 0.002391 0.999991 -0.003622 -0.002886 0.003629 0.999989 -0.003823 -0.050898 1.829316
0.999987 -0.003663 0.003527 0.003688 0.999968 -0.007140 -0.003501 0.007153 0.999968 -0.003178 -0.067598 2.396997
0.999979 -0.005347 0.003576 0.005379 0.999944 -0.009088 -0.003528 0.009107 0.999952 -0.001871 -0.087508 3.059362
0.999969 -0.006968 0.003643 0.007005 0.999921 -0.010437 -0.003570 0.010462 0.999939 0.001709 -0.113184 3.790711
0.999965 -0.007632 0.003414 0.007673 0.999896 -0.012175 -0.003321 0.012201 0.999920 0.000599 -0.140842 4.528662
0.999958 -0.008814 0.002589 0.008854 0.999834 -0.015907 -0.002448 0.015929 0.999870 0.003437 -0.164581 5.172364
0.999941 -0.010607 0.002339 0.010653 0.999729 -0.020685 -0.002119 0.020708 0.999783 0.009449 -0.191222 5.817491
0.999919 -0.012688 0.000853 0.012705 0.999627 -0.024185 -0.000546 0.024194 0.999707 0.011369 -0.218554 6.409433
0.999913 -0.013134 -0.001524 0.013092 0.999593 -0.025330 0.001857 0.025307 0.999678 0.008127 -0.247104 7.097351
0.999933 -0.011442 -0.001490 0.011410 0.999737 -0.019899 0.001718 0.019880 0.999801 0.001402 -0.278325 7.896117
0.999942 -0.010676 -0.001052 0.010662 0.999868 -0.012241 0.001183 0.012229 0.999925 0.005525 -0.311433 8.803401
0.999946 -0.010334 -0.001063 0.010327 0.999928 -0.006137 0.001126 0.006125 0.999981 0.011448 -0.334872 9.636944
0.999931 -0.011500 -0.002201 0.011485 0.999912 -0.006627 0.002277 0.006602 0.999976 0.013370 -0.356307 10.414510
0.999922 -0.012119 -0.003171 0.012082 0.999861 -0.011455 0.003309 0.011416 0.999929 0.006896 -0.375813 11.105953
0.999908 -0.013189 -0.003113 0.013132 0.999757 -0.017722 0.003346 0.017680 0.999838 0.009351 -0.391631 11.731261
0.999901 -0.013643 -0.003421 0.013583 0.999761 -0.017145 0.003654 0.017097 0.999847 0.014154 -0.418192 12.602999
0.999907 -0.013297 -0.002864 0.013264 0.999846 -0.011498 0.003017 0.011458 0.999930 0.011631 -0.444253 13.571433
0.999921 -0.012344 -0.002219 0.012331 0.999907 -0.005823 0.002291 0.005795 0.999981 0.010796 -0.472659 14.537932
0.999932 -0.011646 -0.000691 0.011643 0.999925 -0.003706 0.000734 0.003697 0.999993 0.010147 -0.492694 15.447778
0.999921 -0.012568 -0.000472 0.012565 0.999909 -0.004922 0.000534 0.004916 0.999988 0.015987 -0.506257 16.243413
0.999894 -0.014576 -0.000114 0.014575 0.999864 -0.007701 0.000227 0.007699 0.999970 0.022845 -0.519635 17.045541
0.999864 -0.016470 -0.000020 0.016469 0.999803 -0.011110 0.000203 0.011108 0.999938 0.027446 -0.533232 17.769453
0.999833 -0.018286 0.000013 0.018284 0.999686 -0.017109 0.000300 0.017107 0.999854 0.035129 -0.551751 18.613970
0.999801 -0.019917 0.001069 0.019937 0.999520 -0.023723 -0.000596 0.023740 0.999718 0.039433 -0.578165 19.416969
0.999777 -0.020956 0.002780 0.021027 0.999359 -0.028964 -0.002171 0.029016 0.999577 0.037092 -0.609915 20.244822
0.999777 -0.020491 0.005196 0.020642 0.999310 -0.030882 -0.004560 0.030983 0.999510 0.043881 -0.655380 21.110445
0.999748 -0.021305 0.007114 0.021516 0.999288 -0.031009 -0.006448 0.031154 0.999494 0.053160 -0.698963 22.000438
0.999711 -0.021978 0.009732 0.022283 0.999227 -0.032371 -0.009013 0.032579 0.999429 0.071373 -0.748213 23.000512
0.999665 -0.022390 0.012993 0.022823 0.999156 -0.034150 -0.012217 0.034435 0.999332 0.089476 -0.796146 23.969131
0.999591 -0.022699 0.017373 0.023316 0.999072 -0.036212 -0.016534 0.036602 0.999193 0.108428 -0.848985 25.012389
0.999540 -0.023328 0.019368 0.024046 0.998999 -0.037730 -0.018468 0.038179 0.999100 0.127330 -0.906201 25.989222
0.999552 -0.023711 0.018240 0.024397 0.998967 -0.038331 -0.017313 0.038759 0.999099 0.144605 -0.958957 26.939552
0.999565 -0.024623 0.016237 0.025246 0.998906 -0.039351 -0.015251 0.039744 0.999094 0.159383 -1.013696 27.922661
0.999597 -0.024803 0.013781 0.025333 0.998889 -0.039738 -0.012780 0.040071 0.999115 0.169824 -1.067379 28.900857
0.999635 -0.023824 0.012733 0.024302 0.998949 -0.038872 -0.011793 0.039167 0.999163 0.173736 -1.125707 29.892295
0.999660 -0.023269 0.011782 0.023691 0.999030 -0.037113 -0.010907 0.037379 0.999242 0.181802 -1.173255 30.799275
0.999668 -0.023022 0.011545 0.023430 0.999056 -0.036590 -0.010692 0.036848 0.999264 0.189386 -1.223578 31.694119
0.999661 -0.023576 0.011080 0.023970 0.999029 -0.036958 -0.010198 0.037211 0.999255 0.202312 -1.271130 32.635744
0.999642 -0.024615 0.010474 0.024976 0.999047 -0.035791 -0.009583 0.036040 0.999304 0.216174 -1.324440 33.556189
0.999659 -0.024238 0.009764 0.024557 0.999121 -0.033976 -0.008932 0.034204 0.999375 0.223805 -1.376209 34.527646
0.999659 -0.024400 0.009315 0.024688 0.999177 -0.032190 -0.008522 0.032409 0.999438 0.233112 -1.434781 35.594934
0.999684 -0.023980 0.007564 0.024208 0.999209 -0.031552 -0.006801 0.031725 0.999473 0.238963 -1.488226 36.607029
0.999702 -0.023493 0.006680 0.023693 0.999223 -0.031496 -0.005935 0.031645 0.999482 0.240464 -1.537559 37.639797
0.999683 -0.024567 0.005535 0.024735 0.999158 -0.032746 -0.004726 0.032872 0.999448 0.243829 -1.589032 38.687790
0.999683 -0.024720 0.004806 0.024868 0.999117 -0.033877 -0.003964 0.033986 0.999414 0.244033 -1.638656 39.673654
0.999681 -0.024862 0.004460 0.024999 0.999117 -0.033777 -0.003617 0.033878 0.999419 0.245594 -1.688069 40.584415
0.999652 -0.025996 0.004519 0.026129 0.999128 -0.032574 -0.003668 0.032680 0.999459 0.248385 -1.733097 41.569939
0.999664 -0.025517 0.004518 0.025647 0.999174 -0.031519 -0.003710 0.031624 0.999493 0.247409 -1.782647 42.540585
0.999635 -0.026806 0.003438 0.026904 0.999113 -0.032406 -0.002567 0.032486 0.999469 0.249721 -1.832731 43.493366
0.999616 -0.027372 0.004380 0.027509 0.999001 -0.035229 -0.003412 0.035336 0.999370 0.250528 -1.882046 44.430777
0.999580 -0.028312 0.006229 0.028535 0.998826 -0.039133 -0.005114 0.039294 0.999215 0.251005 -1.930032 45.289551
0.999557 -0.028647 0.008023 0.028952 0.998743 -0.040918 -0.006840 0.041132 0.999130 0.255580 -1.984811 46.279785
0.999556 -0.028397 0.009076 0.028744 0.998757 -0.040719 -0.007908 0.040962 0.999129 0.265140 -2.043289 47.314959
0.999553 -0.028128 0.010139 0.028517 0.998771 -0.040535 -0.008986 0.040806 0.999127 0.277628 -2.106823 48.373200
0.999561 -0.027610 0.010702 0.028026 0.998770 -0.040900 -0.009560 0.041182 0.999106 0.285834 -2.164553 49.453133
0.999608 -0.025726 0.011076 0.026177 0.998746 -0.042675 -0.009964 0.042948 0.999028 0.289795 -2.225327 50.493565
0.999595 -0.026347 0.010764 0.026812 0.998600 -0.045602 -0.009548 0.045872 0.998902 0.296252 -2.286708 51.445260
0.999621 -0.025622 0.010079 0.026080 0.998493 -0.048287 -0.008827 0.048531 0.998783 0.296350 -2.351047 52.388123
0.999628 -0.025386 0.009978 0.025877 0.998276 -0.052676 -0.008623 0.052915 0.998562 0.299490 -2.410167 53.253130
0.999655 -0.024583 0.009210 0.025075 0.998018 -0.057710 -0.007773 0.057921 0.998291 0.306578 -2.477564 54.111628
0.999637 -0.025703 0.008067 0.026146 0.997816 -0.060653 -0.006491 0.060842 0.998126 0.314369 -2.532669 54.971510
0.999631 -0.026245 0.007076 0.026620 0.997872 -0.059518 -0.005499 0.059685 0.998202 0.319090 -2.604818 55.977206
0.999693 -0.024135 0.005661 0.024413 0.998150 -0.055681 -0.004307 0.055803 0.998433 0.318988 -2.680871 57.036306
0.999726 -0.023254 0.002693 0.023365 0.998302 -0.053354 -0.001448 0.053403 0.998572 0.314983 -2.749924 57.999892
0.999735 -0.023017 -0.001055 0.022929 0.998346 -0.052715 0.002267 0.052677 0.998609 0.303554 -2.815817 58.922629
0.999695 -0.024429 -0.003643 0.024193 0.998204 -0.054810 0.004976 0.054705 0.998490 0.293901 -2.887517 59.901693
0.999655 -0.025723 -0.005272 0.025375 0.997997 -0.057951 0.006752 0.057797 0.998306 0.290047 -2.958195 60.859984
0.999598 -0.027729 -0.005896 0.027309 0.997694 -0.062136 0.007605 0.061951 0.998050 0.287447 -3.025251 61.747193
0.999570 -0.028824 -0.005421 0.028406 0.997440 -0.065620 0.007298 0.065438 0.997830 0.276566 -3.097523 62.631797
0.999566 -0.029044 -0.004912 0.028654 0.997387 -0.066324 0.006825 0.066154 0.997786 0.264594 -3.168193 63.522185
0.999588 -0.028368 -0.004444 0.028020 0.997506 -0.064787 0.006271 0.064635 0.997889 0.252803 -3.244070 64.439617
0.999611 -0.027561 -0.004197 0.027237 0.997584 -0.063902 0.005948 0.063763 0.997947 0.242134 -3.328305 65.453208
0.999610 -0.027666 -0.003872 0.027360 0.997558 -0.064266 0.005641 0.064135 0.997925 0.227081 -3.406078 66.430092
0.999609 -0.027732 -0.003436 0.027450 0.997506 -0.065026 0.005231 0.064907 0.997878 0.223281 -3.489205 67.458118
0.999598 -0.027946 -0.004809 0.027575 0.997507 -0.064963 0.006613 0.064804 0.997876 0.212048 -3.569346 68.421903
0.999593 -0.027909 -0.005993 0.027475 0.997617 -0.063283 0.007745 0.063093 0.997978 0.199677 -3.649304 69.386417
0.999566 -0.028498 -0.007426 0.027981 0.997664 -0.062326 0.009185 0.062091 0.998028 0.188800 -3.730615 70.338379
0.999556 -0.028671 -0.008083 0.028097 0.997561 -0.063895 0.009895 0.063639 0.997924 0.180897 -3.807223 71.257746
0.999519 -0.029736 -0.008767 0.029081 0.997316 -0.067191 0.010741 0.066903 0.997702 0.167769 -3.892365 72.265276
0.999475 -0.031145 -0.008955 0.030446 0.997099 -0.069756 0.011102 0.069447 0.997524 0.153554 -3.980237 73.354024
0.999482 -0.031002 -0.008675 0.030329 0.997143 -0.069175 0.010795 0.068876 0.997567 0.141819 -4.076400 74.456850
0.999458 -0.031403 -0.009828 0.030680 0.997305 -0.066646 0.011895 0.066308 0.997728 0.134797 -4.170300 75.631118
0.999431 -0.031352 -0.012412 0.030490 0.997455 -0.064452 0.014401 0.064037 0.997844 0.118791 -4.255784 76.667837
0.999415 -0.031239 -0.013937 0.030291 0.997512 -0.063656 0.015891 0.063196 0.997875 0.098082 -4.334916 77.603829
0.999426 -0.030624 -0.014512 0.029631 0.997487 -0.064361 0.016446 0.063894 0.997821 0.077574 -4.410550 78.475023
0.999424 -0.030558 -0.014774 0.029545 0.997477 -0.064554 0.016709 0.064080 0.997805 0.059668 -4.481969 79.357453
0.999380 -0.031181 -0.016377 0.030071 0.997489 -0.064125 0.018335 0.063593 0.997807 0.042783 -4.560383 80.245416
0.999345 -0.031628 -0.017597 0.030447 0.997500 -0.063779 0.019570 0.063201 0.997809 0.024266 -4.639051 81.171037
0.999343 -0.030388 -0.019762 0.029098 0.997614 -0.062609 0.021617 0.061992 0.997842 0.000658 -4.710793 82.042291
0.999286 -0.030116 -0.022800 0.028689 0.997754 -0.060524 0.024571 0.059826 0.997906 -0.020701 -4.778669 82.882410
0.999246 -0.030147 -0.024464 0.028646 0.997814 -0.059561 0.026206 0.058815 0.997925 -0.046883 -4.846596 83.765268
0.999180 -0.030373 -0.026759 0.028728 0.997794 -0.059853 0.028518 0.059036 0.997848 -0.075128 -4.916034 84.653856
0.999120 -0.030689 -0.028595 0.028919 0.997756 -0.060394 0.030384 0.059514 0.997765 -0.102884 -4.987237 85.543680
0.999080 -0.030401 -0.030241 0.028491 0.997687 -0.061715 0.032048 0.060797 0.997636 -0.130772 -5.052496 86.455955
0.998964 -0.030899 -0.033413 0.028801 0.997688 -0.061563 0.035238 0.060536 0.997544 -0.162258 -5.120183 87.344475
0.998903 -0.030256 -0.035729 0.028062 0.997782 -0.060368 0.037476 0.059299 0.997537 -0.198401 -5.186574 88.189882
0.998805 -0.029915 -0.038645 0.027574 0.997833 -0.059741 0.040349 0.058604 0.997466 -0.234516 -5.249346 88.973972
0.998706 -0.030019 -0.041041 0.027549 0.997849 -0.059476 0.042738 0.058269 0.997386 -0.273443 -5.312291 89.793649
0.998631 -0.030371 -0.042593 0.027825 0.997862 -0.059141 0.044298 0.057875 0.997341 -0.317016 -5.379042 90.649032
0.998580 -0.030446 -0.043716 0.027821 0.997844 -0.059447 0.045431 0.058146 0.997274 -0.358357 -5.435717 91.398030
0.998469 -0.030411 -0.046199 0.027577 0.997770 -0.060785 0.047945 0.059417 0.997081 -0.399824 -5.499689 92.167989
0.998474 -0.028064 -0.047566 0.024972 0.997612 -0.064400 0.049260 0.063114 0.996790 -0.448166 -5.566822 92.993637
0.998450 -0.026896 -0.048717 0.023562 0.997422 -0.067780 0.050414 0.066527 0.996510 -0.501155 -5.644053 93.885821
0.998452 -0.026214 -0.049050 0.022722 0.997257 -0.070442 0.050762 0.069218 0.996309 -0.547880 -5.719770 94.754368
0.998456 -0.025099 -0.049553 0.021551 0.997252 -0.070877 0.051196 0.069700 0.996253 -0.588212 -5.789067 95.507934
0.998479 -0.023302 -0.049962 0.019696 0.997247 -0.071483 0.051491 0.070390 0.996190 -0.628165 -5.853054 96.214970
0.998582 -0.022012 -0.048467 0.018550 0.997321 -0.070753 0.049894 0.069754 0.996316 -0.660753 -5.912520 96.873271
0.998731 -0.022150 -0.045233 0.018938 0.997349 -0.070260 0.046670 0.069314 0.996503 -0.688640 -5.974068 97.513539
0.998968 -0.021775 -0.039855 0.018966 0.997399 -0.069536 0.041265 0.068709 0.996783 -0.713814 -6.030882 98.109452
0.999211 -0.022164 -0.032968 0.019869 0.997461 -0.068391 0.034400 0.067682 0.997114 -0.733041 -6.088809 98.762370
0.999486 -0.022142 -0.023169 0.020521 0.997475 -0.067995 0.024616 0.067485 0.997417 -0.745437 -6.144352 99.391445
0.999699 -0.022087 -0.010713 0.021303 0.997426 -0.068466 0.012198 0.068217 0.997596 -0.747304 -6.195430 99.981078
0.999718 -0.022761 0.006836 0.023184 0.997275 -0.070033 -0.005224 0.070171 0.997521 -0.733081 -6.242355 100.514438
0.999394 -0.024473 0.024744 0.026200 0.997056 -0.072066 -0.022908 0.072671 0.997093 -0.714875 -6.287738 100.997517
0.998580 -0.027101 0.045861 0.030515 0.996683 -0.075445 -0.043664 0.076737 0.996095 -0.681048 -6.333154 101.457749
0.997205 -0.030879 0.068037 0.036251 0.996200 -0.079194 -0.065333 0.081439 0.994535 -0.628826 -6.374680 101.877069
0.995038 -0.032143 0.094164 0.039880 0.995877 -0.081477 -0.091157 0.084828 0.992217 -0.567201 -6.422015 102.349632
0.991536 -0.033978 0.125306 0.044517 0.995614 -0.082289 -0.121960 0.087171 0.988700 -0.487037 -6.478651 102.869464
0.986877 -0.035362 0.157557 0.048876 0.995372 -0.082737 -0.153902 0.089352 0.984038 -0.383000 -6.534378 103.439346
0.980395 -0.035678 0.193787 0.052405 0.995263 -0.081884 -0.189947 0.090434 0.977620 -0.248753 -6.594688 104.086239
0.971297 -0.037844 0.234839 0.058156 0.995082 -0.080181 -0.230650 0.091537 0.968722 -0.090337 -6.646237 104.685921
0.959627 -0.038562 0.278620 0.062936 0.994880 -0.079071 -0.274144 0.093414 0.957141 0.077118 -6.695619 105.219090
0.945471 -0.038741 0.323394 0.067507 0.994649 -0.078210 -0.318633 0.095777 0.943027 0.268784 -6.744930 105.719364
0.928187 -0.038878 0.370077 0.071527 0.994622 -0.074906 -0.365175 0.095997 0.925976 0.490120 -6.792597 106.238798
0.908276 -0.041073 0.416352 0.077365 0.994495 -0.070667 -0.411157 0.096396 0.906453 0.783060 -6.842415 106.809710
0.885807 -0.043901 0.461973 0.083717 0.994299 -0.066035 -0.456440 0.097169 0.884432 1.092869 -6.894350 107.349104
0.860676 -0.045836 0.507085 0.089573 0.994037 -0.062180 -0.501211 0.098938 0.859650 1.427231 -6.931789 107.871690
0.833082 -0.046997 0.551150 0.094976 0.993740 -0.058821 -0.544935 0.101349 0.832330 1.793046 -6.969429 108.379785
0.802034 -0.047089 0.595419 0.100805 0.993259 -0.057233 -0.588710 0.105924 0.801374 2.155965 -7.003974 108.813118
0.770183 -0.047536 0.636049 0.107340 0.992656 -0.055789 -0.628726 0.111241 0.769629 2.569084 -7.035714 109.262044
0.734736 -0.047930 0.676658 0.112809 0.992244 -0.052207 -0.668908 0.114691 0.734444 2.986520 -7.070440 109.683360
0.697004 -0.046819 0.715537 0.116992 0.991920 -0.049059 -0.707459 0.117906 0.696850 3.419652 -7.097407 110.074499
0.658441 -0.048089 0.751095 0.122421 0.991510 -0.043838 -0.742609 0.120815 0.658737 3.887111 -7.122907 110.465553
0.616099 -0.049673 0.786101 0.126945 0.991225 -0.036857 -0.777372 0.122500 0.616998 4.408688 -7.142064 110.832284
0.574605 -0.051967 0.816779 0.131536 0.990873 -0.029492 -0.807792 0.124382 0.576196 4.950847 -7.160388 111.200968
0.531353 -0.052724 0.845508 0.134305 0.990682 -0.022626 -0.836436 0.125579 0.533483 5.536470 -7.173403 111.547091
0.483416 -0.053154 0.873775 0.136418 0.990535 -0.015217 -0.864696 0.126554 0.486092 6.095507 -7.182476 111.825267
0.433786 -0.056106 0.899267 0.138957 0.990284 -0.005245 -0.890236 0.127235 0.437368 6.620172 -7.183280 112.057287
0.383291 -0.059262 0.921724 0.141353 0.989947 0.004868 -0.912747 0.128422 0.387815 7.124838 -7.181563 112.223809
0.334594 -0.059304 0.940494 0.142262 0.989759 0.011799 -0.931562 0.129849 0.339604 7.682408 -7.175829 112.402266
0.287311 -0.059808 0.955968 0.146102 0.989106 0.017971 -0.946629 0.134506 0.292919 8.261575 -7.158915 112.547846
0.243129 -0.058271 0.968242 0.147271 0.988840 0.022530 -0.958749 0.137116 0.248997 8.876764 -7.145056 112.691454
0.205718 -0.055621 0.977029 0.148083 0.988656 0.025104 -0.967342 0.139517 0.211621 9.506266 -7.128242 112.791320
0.170960 -0.055060 0.983738 0.147861 0.988564 0.029634 -0.974120 0.140390 0.177146 10.152032 -7.107241 112.888671
0.139851 -0.053945 0.988702 0.149216 0.988260 0.032815 -0.978865 0.142941 0.146258 10.776773 -7.088351 112.955060
0.118016 -0.056477 0.991404 0.150248 0.987903 0.038392 -0.981579 0.144426 0.125073 11.676770 -7.066619 113.055588
0.100085 -0.060511 0.993137 0.148580 0.987866 0.045216 -0.983823 0.143035 0.107861 12.683637 -7.034587 113.148184
0.081939 -0.064201 0.994567 0.144532 0.988139 0.051878 -0.986102 0.139495 0.090246 13.647854 -7.001935 113.231917
0.061953 -0.065265 0.995943 0.143419 0.988086 0.055829 -0.987721 0.139379 0.070575 14.559183 -6.963424 113.296962
0.042426 -0.065582 0.996945 0.141696 0.988152 0.058973 -0.989001 0.138761 0.051216 15.256253 -6.925420 113.331051
0.028546 -0.064060 0.997538 0.140471 0.988299 0.059446 -0.989673 0.138428 0.037211 15.859349 -6.892465 113.354469
0.017108 -0.060609 0.998015 0.141948 0.988198 0.057580 -0.989726 0.140681 0.025510 16.502449 -6.855823 113.366868
0.010576 -0.058708 0.998219 0.143652 0.988009 0.056585 -0.989572 0.142798 0.018882 17.178817 -6.825285 113.373915
0.007995 -0.058854 0.998235 0.145528 0.987707 0.057068 -0.989322 0.144815 0.016461 17.938223 -6.787839 113.379576
0.006785 -0.060352 0.998154 0.146211 0.987510 0.058714 -0.989230 0.145542 0.015524 18.730687 -6.750541 113.389469
0.007021 -0.061303 0.998095 0.146251 0.987449 0.059620 -0.989223 0.145553 0.015899 19.535310 -6.714918 113.400965
0.009037 -0.061675 0.998055 0.146990 0.987336 0.059681 -0.989097 0.146165 0.017988 20.289229 -6.677860 113.414379
0.011558 -0.061381 0.998048 0.147341 0.987324 0.059015 -0.989018 0.146372 0.020455 21.016465 -6.641141 113.428641
0.014095 -0.061028 0.998037 0.147575 0.987332 0.058289 -0.988950 0.146463 0.022923 21.624627 -6.608200 113.446896
0.016622 -0.060690 0.998018 0.148091 0.987297 0.057571 -0.988834 0.146841 0.025398 22.258413 -6.573154 113.462568
0.018334 -0.061142 0.997961 0.148506 0.987223 0.057756 -0.988742 0.147144 0.027180 22.951688 -6.533911 113.481583
0.019503 -0.061727 0.997903 0.149397 0.987067 0.058137 -0.988585 0.147949 0.028472 23.628033 -6.493024 113.510066
0.020060 -0.062497 0.997844 0.149843 0.986960 0.058803 -0.988506 0.148340 0.029163 24.289543 -6.454015 113.529005
0.021339 -0.064500 0.997690 0.149535 0.986897 0.060604 -0.988526 0.147897 0.030704 25.028886 -6.414024 113.550926
0.021670 -0.066857 0.997527 0.149022 0.986831 0.062902 -0.988596 0.147290 0.031348 25.689268 -6.377191 113.566463
0.021798 -0.068812 0.997392 0.148175 0.986833 0.064845 -0.988721 0.146375 0.031707 26.360396 -6.336283 113.588535
0.021465 -0.070981 0.997247 0.148698 0.986609 0.067024 -0.988650 0.146850 0.031733 27.048578 -6.297571 113.604959
0.021786 -0.071571 0.997198 0.150059 0.986369 0.067516 -0.988437 0.148167 0.032228 27.706342 -6.259775 113.620194
0.021466 -0.071489 0.997210 0.150056 0.986372 0.067482 -0.988444 0.148189 0.031901 28.461004 -6.210714 113.644960
0.020486 -0.068078 0.997470 0.150184 0.986568 0.064250 -0.988446 0.148487 0.030435 29.128452 -6.171002 113.663818
0.020105 -0.064360 0.997724 0.150274 0.986784 0.060626 -0.988440 0.148713 0.029511 29.790612 -6.127441 113.680119
0.020231 -0.063212 0.997795 0.150273 0.986854 0.059472 -0.988438 0.148738 0.029464 30.503328 -6.085712 113.696985
0.020023 -0.064902 0.997691 0.149121 0.986923 0.061209 -0.988616 0.147551 0.029439 31.224884 -6.038891 113.715769
0.020024 -0.068443 0.997454 0.148484 0.986794 0.064730 -0.988712 0.146810 0.029922 31.963964 -5.990006 113.733528
0.021015 -0.073153 0.997099 0.148671 0.986460 0.069239 -0.988663 0.146785 0.031606 32.741088 -5.940893 113.754121
0.021419 -0.076877 0.996810 0.146672 0.986493 0.072930 -0.988953 0.144642 0.032405 33.425794 -5.895971 113.773758
0.021783 -0.077662 0.996742 0.147427 0.986329 0.073628 -0.988833 0.145343 0.032934 34.106404 -5.850369 113.785437
0.022199 -0.072725 0.997105 0.147718 0.986642 0.068674 -0.988780 0.145766 0.032645 34.846966 -5.800936 113.806363
0.021984 -0.064473 0.997677 0.149581 0.986898 0.060480 -0.988505 0.147904 0.031340 35.561921 -5.753088 113.828695
0.021827 -0.059704 0.997977 0.150709 0.987005 0.055751 -0.988337 0.149187 0.030541 36.401207 -5.708876 113.850296
0.022343 -0.061099 0.997882 0.152140 0.986713 0.057009 -0.988106 0.150544 0.031342 37.321642 -5.660820 113.873592
0.023106 -0.065168 0.997607 0.152631 0.986405 0.060901 -0.988013 0.150859 0.032738 38.278439 -5.607940 113.908575
0.023998 -0.066858 0.997474 0.152565 0.986319 0.062440 -0.988002 0.150682 0.033870 39.254163 -5.557818 113.936257
0.023656 -0.066353 0.997516 0.151872 0.986453 0.062016 -0.988117 0.150027 0.033413 40.164659 -5.507860 113.976200
0.022486 -0.065786 0.997580 0.151307 0.986563 0.061649 -0.988231 0.149554 0.032138 41.008724 -5.462210 114.003264
0.021010 -0.065073 0.997659 0.151632 0.986543 0.061155 -0.988214 0.149992 0.030594 41.810873 -5.422201 114.025121
0.019323 -0.063470 0.997797 0.151368 0.986665 0.059831 -0.988289 0.149879 0.028673 42.643530 -5.380466 114.048047
0.017604 -0.062370 0.997898 0.152107 0.986603 0.058981 -0.988207 0.150749 0.026855 43.486368 -5.332640 114.069399
0.015826 -0.060642 0.998034 0.150814 0.986884 0.057573 -0.988435 0.149606 0.024764 44.379663 -5.286742 114.089243
0.013544 -0.059508 0.998136 0.149927 0.987063 0.056813 -0.988604 0.148878 0.022291 45.242263 -5.241194 114.108232
0.011360 -0.059708 0.998151 0.149229 0.987138 0.057351 -0.988737 0.148302 0.020124 46.127736 -5.199067 114.129065
0.009596 -0.059197 0.998200 0.149415 0.987124 0.057104 -0.988728 0.148598 0.018318 47.054404 -5.158265 114.147349
0.008604 -0.058177 0.998269 0.150034 0.987080 0.056232 -0.988643 0.149291 0.017221 47.919359 -5.118122 114.165368
0.007689 -0.057275 0.998329 0.150082 0.987116 0.055476 -0.988644 0.149404 0.016186 48.847616 -5.074578 114.178174
0.006652 -0.058017 0.998293 0.150745 0.986965 0.056354 -0.988550 0.150113 0.015311 49.730355 -5.029250 114.186118
0.004893 -0.059046 0.998243 0.151981 0.986702 0.057619 -0.988371 0.151432 0.013802 50.530024 -4.986122 114.191140
0.004730 -0.058816 0.998258 0.151860 0.986733 0.057418 -0.988391 0.151324 0.013599 51.285696 -4.950702 114.204708
0.003057 -0.058499 0.998283 0.150226 0.986985 0.057377 -0.988647 0.149792 0.011806 52.140965 -4.905906 114.212260
0.002899 -0.059118 0.998247 0.149686 0.987030 0.058019 -0.988729 0.149255 0.011710 53.026361 -4.860731 114.221431
0.002713 -0.059014 0.998253 0.149330 0.987088 0.057948 -0.988784 0.148912 0.011490 53.838328 -4.823938 114.230837
0.001742 -0.057035 0.998371 0.147456 0.987473 0.056155 -0.989067 0.147118 0.010130 54.545018 -4.796031 114.238676
0.003238 -0.054624 0.998502 0.148196 0.987508 0.053542 -0.988953 0.147801 0.011292 55.344101 -4.751699 114.251304
0.004063 -0.051903 0.998644 0.148024 0.987682 0.050731 -0.988975 0.147617 0.011696 56.165333 -4.712869 114.265395
0.006049 -0.050654 0.998698 0.148900 0.987628 0.049191 -0.988834 0.148409 0.013516 56.959358 -4.676494 114.272006
0.007070 -0.050210 0.998714 0.148550 0.987710 0.048605 -0.988880 0.148015 0.014442 57.710071 -4.644490 114.283776
0.008536 -0.050508 0.998687 0.147928 0.987799 0.048693 -0.988961 0.147318 0.015904 58.458471 -4.611271 114.292719
0.009504 -0.048805 0.998763 0.146486 0.988101 0.046890 -0.989167 0.145859 0.016540 59.209687 -4.582779 114.308518
0.010615 -0.047426 0.998818 0.146413 0.988183 0.045365 -0.989167 0.145758 0.017433 59.888053 -4.555846 114.317020
0.011386 -0.046569 0.998850 0.147248 0.988103 0.044390 -0.989034 0.146573 0.018108 60.586003 -4.532046 114.319216
0.012477 -0.046620 0.998835 0.146699 0.988189 0.044291 -0.989102 0.145976 0.019169 61.359720 -4.506208 114.333529
0.012873 -0.046805 0.998821 0.145645 0.988338 0.044437 -0.989253 0.144902 0.019539 62.077170 -4.482771 114.347124
0.011985 -0.046155 0.998862 0.144947 0.988464 0.043935 -0.989367 0.144255 0.018537 62.743593 -4.456669 114.358407
0.009217 -0.044713 0.998957 0.144523 0.988570 0.042915 -0.989459 0.143977 0.015573 63.369122 -4.439008 114.361916
0.005716 -0.042538 0.999078 0.144975 0.988575 0.041261 -0.989419 0.144605 0.011818 63.997998 -4.417969 114.365479
0.002807 -0.040567 0.999173 0.145986 0.988489 0.039723 -0.989283 0.145754 0.008697 64.646546 -4.385466 114.375723
0.000760 -0.040719 0.999170 0.146357 0.988416 0.040170 -0.989232 0.146205 0.006710 65.352012 -4.355583 114.383843
-0.000638 -0.041140 0.999153 0.146952 0.988302 0.040787 -0.989143 0.146854 0.005415 65.935760 -4.328433 114.377119
-0.001480 -0.041275 0.999147 0.147589 0.988197 0.041041 -0.989048 0.147523 0.004629 66.463254 -4.303403 114.372680
-0.001655 -0.042243 0.999106 0.147268 0.988203 0.042025 -0.989095 0.147206 0.004586 67.142182 -4.277644 114.371104
-0.001659 -0.044064 0.999027 0.147225 0.988132 0.043828 -0.989102 0.147154 0.004848 67.844306 -4.251849 114.369482
-0.001453 -0.046002 0.998940 0.147795 0.987961 0.045711 -0.989017 0.147705 0.005364 68.631327 -4.229434 114.370966
0.000412 -0.047299 0.998881 0.148111 0.987867 0.046716 -0.988971 0.147926 0.007413 69.347336 -4.209508 114.378634
0.002071 -0.047393 0.998874 0.149305 0.987695 0.046553 -0.988789 0.149041 0.009122 70.112080 -4.186090 114.390414
0.004034 -0.043944 0.999026 0.150611 0.987665 0.042836 -0.988585 0.150292 0.010603 70.807582 -4.158963 114.395417
0.007550 -0.040188 0.999164 0.151020 0.987777 0.038589 -0.988502 0.150603 0.013527 71.458567 -4.134694 114.403410
0.012060 -0.038251 0.999195 0.152752 0.987610 0.035963 -0.988191 0.152196 0.017753 72.231130 -4.112888 114.424667
0.012957 -0.036226 0.999260 0.152988 0.987649 0.033821 -0.988143 0.152437 0.018339 73.033222 -4.096136 114.440638
0.013648 -0.036952 0.999224 0.153407 0.987563 0.034425 -0.988069 0.152818 0.019147 73.864927 -4.078430 114.455817
0.014359 -0.038754 0.999146 0.154213 0.987379 0.036081 -0.987933 0.153563 0.020155 74.773973 -4.054483 114.472943
0.015923 -0.039984 0.999073 0.153179 0.987503 0.037079 -0.988070 0.152446 0.021848 75.623236 -4.040030 114.491181
0.016938 -0.039635 0.999071 0.153505 0.987471 0.036573 -0.988003 0.152743 0.022810 76.482110 -4.017412 114.509533
0.016555 -0.037862 0.999146 0.153436 0.987543 0.034880 -0.988020 0.152728 0.022158 77.368418 -3.992198 114.528604
0.017266 -0.036696 0.999177 0.152747 0.987693 0.033635 -0.988114 0.152041 0.022659 78.209075 -3.970923 114.536826
0.016533 -0.035739 0.999224 0.152356 0.987781 0.032809 -0.988187 0.151696 0.021776 78.974831 -3.946451 114.551854
0.016627 -0.033924 0.999286 0.152553 0.987809 0.030996 -0.988155 0.151929 0.021599 79.715058 -3.924753 114.568105
0.017363 -0.033515 0.999287 0.152057 0.987901 0.030491 -0.988219 0.151419 0.022249 80.488441 -3.911902 114.585512
0.019159 -0.032624 0.999284 0.153349 0.987737 0.029307 -0.987986 0.152678 0.023927 81.318515 -3.894721 114.602003
0.020511 -0.032529 0.999260 0.153361 0.987744 0.029006 -0.987957 0.152653 0.025248 82.129770 -3.879755 114.626587
0.022145 -0.031265 0.999266 0.152268 0.987956 0.027536 -0.988091 0.151547 0.026639 82.813316 -3.869883 114.644320
0.023057 -0.031146 0.999249 0.152938 0.987860 0.027262 -0.987967 0.152194 0.027540 83.678330 -3.854491 114.661441
0.023087 -0.031543 0.999236 0.153207 0.987807 0.027642 -0.987924 0.152452 0.027638 84.486970 -3.848622 114.677430
0.023272 -0.032545 0.999199 0.152690 0.987860 0.028619 -0.988000 0.151902 0.027958 85.270365 -3.839130 114.693700
0.023754 -0.033119 0.999169 0.153538 0.987715 0.029089 -0.987857 0.152719 0.028548 86.022349 -3.827325 114.716900
0.022646 -0.033516 0.999182 0.154633 0.987528 0.029621 -0.987712 0.153836 0.027547 86.773385 -3.816611 114.734037
0.021955 -0.032770 0.999222 0.155563 0.987401 0.028964 -0.987582 0.154806 0.026776 87.438507 -3.803589 114.743954
0.020912 -0.030339 0.999321 0.154454 0.987638 0.026752 -0.987779 0.153790 0.025340 88.156807 -3.794130 114.759570
0.019708 -0.027014 0.999441 0.154296 0.987742 0.023655 -0.987828 0.153743 0.023634 88.899429 -3.777859 114.775072
0.018354 -0.021404 0.999602 0.156565 0.987499 0.018270 -0.987497 0.156167 0.021475 89.658530 -3.765453 114.786488
0.017619 -0.016646 0.999706 0.157324 0.987452 0.013669 -0.987390 0.157037 0.020017 90.450100 -3.757953 114.796820
0.017359 -0.012919 0.999766 0.156511 0.987625 0.010045 -0.987524 0.156299 0.019166 91.191701 -3.755202 114.805756
0.018839 -0.012354 0.999746 0.158021 0.987393 0.009223 -0.987256 0.157807 0.020554 91.989294 -3.756738 114.817182
0.019732 -0.014550 0.999699 0.157941 0.987384 0.011254 -0.987251 0.157671 0.021781 92.870013 -3.758921 114.831012
0.021078 -0.015372 0.999660 0.156869 0.987548 0.011878 -0.987395 0.156565 0.023227 93.728982 -3.756584 114.850790
0.022537 -0.017217 0.999598 0.154599 0.987885 0.013529 -0.987720 0.154232 0.024926 94.575234 -3.758089 114.875816
0.023179 -0.018622 0.999558 0.154163 0.987934 0.014831 -0.987773 0.153751 0.025770 95.553338 -3.758918 114.903628
0.023324 -0.020105 0.999526 0.151888 0.988263 0.016334 -0.988122 0.151435 0.026104 96.506199 -3.757262 114.932957
0.023603 -0.020256 0.999516 0.149794 0.988580 0.016497 -0.988435 0.149332 0.026368 97.480744 -3.751398 114.959869
0.023610 -0.016523 0.999585 0.147154 0.989030 0.012873 -0.988832 0.146789 0.025782 98.379262 -3.750729 114.985480
0.025139 -0.012103 0.999611 0.145804 0.989279 0.008311 -0.988994 0.145539 0.026634 99.287802 -3.751707 115.010888
0.031914 -0.009501 0.999445 0.147968 0.988981 0.004677 -0.988477 0.147737 0.032968 100.122740 -3.750041 115.033695
0.035588 -0.009249 0.999324 0.147703 0.989024 0.003894 -0.988391 0.147465 0.036564 100.945849 -3.752811 115.065649
0.037344 -0.011573 0.999235 0.145180 0.989387 0.006033 -0.988700 0.144843 0.038628 101.817035 -3.761081 115.100571
0.038837 -0.013893 0.999149 0.143480 0.989619 0.008183 -0.988891 0.143040 0.040427 102.669297 -3.771649 115.134777
0.040744 -0.014734 0.999061 0.142672 0.989731 0.008778 -0.988931 0.142180 0.042428 103.534786 -3.771839 115.176749
0.042224 -0.015188 0.998993 0.141370 0.989915 0.009075 -0.989056 0.140845 0.043945 104.340559 -3.766147 115.215171
0.043391 -0.015723 0.998934 0.141359 0.989913 0.009441 -0.989007 0.140799 0.045176 105.136117 -3.759067 115.251865
0.045496 -0.016625 0.998826 0.141491 0.989889 0.010031 -0.988894 0.140868 0.047388 105.929825 -3.766485 115.291772
0.047337 -0.015848 0.998753 0.141060 0.989960 0.009023 -0.988869 0.140457 0.049097 106.655495 -3.774086 115.325734
0.049352 -0.013984 0.998684 0.141530 0.989910 0.006867 -0.988703 0.141005 0.050833 107.475319 -3.787231 115.373068
0.051582 -0.011705 0.998600 0.141523 0.989926 0.004293 -0.988590 0.141104 0.052719 108.316416 -3.791696 115.422334
0.053833 -0.013499 0.998459 0.142235 0.989816 0.005714 -0.988368 0.141708 0.055205 109.123064 -3.802325 115.468365
0.055546 -0.014562 0.998350 0.142030 0.989841 0.006536 -0.988303 0.141432 0.057050 110.023454 -3.811194 115.519931
0.056165 -0.013005 0.998337 0.142596 0.989769 0.004871 -0.988186 0.142086 0.057444 110.947096 -3.818079 115.568738
0.055367 -0.008842 0.998427 0.141386 0.989954 0.000927 -0.988405 0.141112 0.056061 111.782522 -3.823491 115.615910
0.054025 -0.005308 0.998525 0.141218 0.989976 -0.002378 -0.988503 0.141138 0.054233 112.543684 -3.830942 115.652893
0.053401 -0.004476 0.998563 0.140671 0.990052 -0.003085 -0.988615 0.140634 0.053499 113.286929 -3.837127 115.687423
0.053001 -0.003413 0.998589 0.140092 0.990130 -0.004052 -0.988719 0.140109 0.052956 113.986794 -3.855343 115.719666
0.052595 -0.001013 0.998615 0.139238 0.990239 -0.006329 -0.988861 0.139378 0.052223 114.760527 -3.869747 115.754682
0.051043 0.002472 0.998693 0.139256 0.990210 -0.009569 -0.988940 0.139562 0.050199 115.496990 -3.883950 115.791309
0.050013 0.006210 0.998729 0.139771 0.990097 -0.013156 -0.988920 0.140251 0.048649 116.198768 -3.907745 115.820064
0.049258 0.007504 0.998758 0.139334 0.990142 -0.014311 -0.989019 0.139866 0.047727 116.972032 -3.932140 115.856298
0.047374 0.008365 0.998842 0.138997 0.990181 -0.014885 -0.989159 0.139541 0.045746 117.754572 -3.954228 115.891216
0.045925 0.011343 0.998880 0.138650 0.990185 -0.017619 -0.989276 0.139304 0.043901 118.568334 -3.981819 115.927493
0.045130 0.015363 0.998863 0.138947 0.990066 -0.021505 -0.989271 0.139759 0.042547 119.413561 -4.009447 115.961531
0.044015 0.019213 0.998846 0.138841 0.989995 -0.025161 -0.989336 0.139789 0.040907 120.256936 -4.039548 115.998380
0.042025 0.021180 0.998892 0.138105 0.990055 -0.026803 -0.989526 0.139078 0.038682 121.003352 -4.072438 116.032792
0.039232 0.022350 0.998980 0.138317 0.990004 -0.027581 -0.989611 0.139258 0.035748 121.695056 -4.102235 116.052042
0.038626 0.023602 0.998975 0.138755 0.989909 -0.028753 -0.989573 0.139724 0.034961 122.465803 -4.136965 116.070830
0.036468 0.028250 0.998935 0.138191 0.989854 -0.033038 -0.989734 0.139248 0.032194 123.310806 -4.177894 116.096723
0.036012 0.034509 0.998755 0.137341 0.989750 -0.039150 -0.989869 0.138580 0.030904 124.101293 -4.212107 116.121150
0.035805 0.038364 0.998622 0.138347 0.989451 -0.042972 -0.989736 0.139695 0.030119 124.846104 -4.248615 116.144201
0.035173 0.038562 0.998637 0.139445 0.989291 -0.043113 -0.989605 0.140771 0.029419 125.716997 -4.292880 116.166887
0.034686 0.036147 0.998744 0.138859 0.989478 -0.040634 -0.989705 0.140094 0.029301 126.578081 -4.333248 116.200006
0.033157 0.037285 0.998754 0.137168 0.989678 -0.041500 -0.989993 0.138374 0.027701 127.454298 -4.378449 116.225130
0.032387 0.040521 0.998654 0.135459 0.989781 -0.044554 -0.990253 0.136720 0.026567 128.300365 -4.423471 116.249410
0.031468 0.044617 0.998508 0.133566 0.989855 -0.048440 -0.990540 0.134892 0.025190 129.239732 -4.478464 116.276793
0.030499 0.048563 0.998354 0.133296 0.989700 -0.052214 -0.990607 0.134669 0.023712 130.112276 -4.527590 116.298082
0.030336 0.053298 0.998118 0.132081 0.989607 -0.056858 -0.990775 0.133557 0.022981 131.015550 -4.583216 116.317125
0.029735 0.058192 0.997862 0.129770 0.989630 -0.061579 -0.991098 0.131324 0.021875 131.838772 -4.643581 116.339308
0.027646 0.060461 0.997788 0.128721 0.989644 -0.063534 -0.991295 0.130193 0.019577 132.747577 -4.707610 116.357327
0.024436 0.060300 0.997881 0.128321 0.989733 -0.062950 -0.991432 0.129587 0.016447 133.621861 -4.767806 116.374503
0.019618 0.058656 0.998085 0.129031 0.989781 -0.060704 -0.991446 0.129975 0.011849 134.353961 -4.819907 116.378413
0.014721 0.057596 0.998231 0.131276 0.989587 -0.059033 -0.991237 0.131913 0.007007 135.116926 -4.876093 116.378698
0.010394 0.057506 0.998291 0.131866 0.989547 -0.058375 -0.991213 0.132247 0.002702 135.938590 -4.935864 116.376526
0.003795 0.057965 0.998311 0.132363 0.989505 -0.057956 -0.991194 0.132360 -0.003917 136.729914 -4.992957 116.367283
-0.003978 0.058878 0.998257 0.133000 0.989428 -0.057827 -0.991108 0.132539 -0.011767 137.544914 -5.045752 116.350878
-0.013886 0.059989 0.998102 0.134296 0.989266 -0.057590 -0.990844 0.133242 -0.021793 138.329450 -5.096717 116.325631
-0.024587 0.061533 0.997802 0.136283 0.988992 -0.057631 -0.990365 0.134566 -0.032702 139.125476 -5.146796 116.292253
-0.034839 0.061709 0.997486 0.138687 0.988733 -0.056324 -0.989723 0.136376 -0.043005 139.972972 -5.204834 116.247250
-0.045892 0.059875 0.997150 0.139664 0.988782 -0.052945 -0.989135 0.136836 -0.053740 140.776539 -5.262170 116.195390
-0.054673 0.059358 0.996738 0.141041 0.988682 -0.051142 -0.988493 0.137784 -0.062426 141.681099 -5.323382 116.124907
-0.061850 0.059812 0.996292 0.141492 0.988647 -0.050570 -0.988005 0.137839 -0.069610 142.528715 -5.373015 116.061451
-0.068221 0.060898 0.995810 0.142139 0.988547 -0.050716 -0.987493 0.138083 -0.076096 143.461862 -5.432026 115.983238
-0.072640 0.062468 0.995400 0.143725 0.988275 -0.051533 -0.986948 0.139321 -0.080767 144.446068 -5.491130 115.900467
-0.078258 0.064122 0.994869 0.144891 0.988065 -0.052286 -0.986348 0.140055 -0.086614 145.421139 -5.552784 115.808243
-0.082019 0.063192 0.994625 0.144921 0.988137 -0.050829 -0.986038 0.139974 -0.090204 146.356582 -5.618025 115.719486
-0.085000 0.062292 0.994432 0.146194 0.988022 -0.049394 -0.985597 0.141181 -0.093089 147.302822 -5.670371 115.631273
-0.088869 0.061545 0.994140 0.146295 0.988071 -0.048092 -0.985241 0.141164 -0.096812 148.221423 -5.729387 115.543294
-0.091379 0.063022 0.993820 0.146673 0.987963 -0.049164 -0.984955 0.141274 -0.099522 149.195096 -5.788333 115.444259
-0.093317 0.066737 0.993397 0.147249 0.987704 -0.052522 -0.984688 0.141375 -0.101997 150.193878 -5.843342 115.331360
-0.094130 0.067087 0.993297 0.146936 0.987737 -0.052787 -0.984657 0.140982 -0.102833 151.162350 -5.907748 115.226128
-0.095204 0.067318 0.993179 0.145577 0.987926 -0.053008 -0.984756 0.139537 -0.103855 152.097260 -5.967253 115.123952
-0.095900 0.065984 0.993202 0.144375 0.988171 -0.051710 -0.984865 0.138434 -0.104292 153.119794 -6.037213 115.018520
-0.096786 0.066483 0.993082 0.144298 0.988162 -0.052090 -0.984790 0.138259 -0.105233 154.166854 -6.108136 114.914273
-0.097209 0.069468 0.992837 0.144042 0.988040 -0.055029 -0.984785 0.137661 -0.106053 155.216598 -6.177705 114.808946
-0.095469 0.071501 0.992861 0.145265 0.987740 -0.057164 -0.984776 0.138771 -0.104685 156.206966 -6.245440 114.708584
-0.093718 0.071625 0.993019 0.146157 0.987592 -0.057439 -0.984812 0.139754 -0.103024 157.248886 -6.315563 114.598648
-0.092389 0.071121 0.993180 0.144888 0.987790 -0.057257 -0.985125 0.138610 -0.101566 158.187339 -6.380589 114.505222
-0.089021 0.070895 0.993503 0.144364 0.987849 -0.057556 -0.985512 0.138302 -0.098174 159.085266 -6.446454 114.427980
-0.088098 0.072061 0.993502 0.144332 0.987778 -0.058847 -0.985600 0.138210 -0.097422 160.038470 -6.513639 114.333236
-0.087986 0.073036 0.993441 0.146736 0.987379 -0.059595 -0.985255 0.140530 -0.097592 160.852809 -6.570634 114.242878
-0.088031 0.072494 0.993476 0.147181 0.987348 -0.059005 -0.985184 0.141027 -0.097587 161.739677 -6.638910 114.151503
-0.088575 0.071625 0.993491 0.146664 0.987478 -0.058116 -0.985213 0.140562 -0.097970 162.450637 -6.689414 114.078609
-0.087112 0.071715 0.993614 0.147468 0.987345 -0.058334 -0.985223 0.141445 -0.096586 163.217486 -6.745966 113.995807
-0.084982 0.073594 0.993661 0.147557 0.987202 -0.060496 -0.985396 0.141481 -0.094754 163.937932 -6.804533 113.921606
-0.081533 0.077329 0.993666 0.147386 0.986960 -0.064714 -0.985713 0.141177 -0.091867 164.750898 -6.866560 113.844148
-0.077636 0.082765 0.993540 0.148414 0.986404 -0.070574 -0.985873 0.141976 -0.088864 165.576673 -6.936193 113.768533
-0.073695 0.085201 0.993635 0.148647 0.986152 -0.073534 -0.986140 0.142282 -0.085339 166.406098 -7.004777 113.707393
-0.067590 0.087534 0.993866 0.148659 0.985908 -0.076723 -0.986576 0.142561 -0.079651 167.294250 -7.079545 113.645516
-0.062343 0.088553 0.994119 0.149314 0.985674 -0.078438 -0.986823 0.143546 -0.074672 168.158846 -7.155793 113.587123
-0.056225 0.089052 0.994439 0.148758 0.985644 -0.079853 -0.987274 0.143441 -0.068665 168.948174 -7.229655 113.531297
-0.050054 0.089305 0.994746 0.146620 0.985860 -0.081130 -0.987926 0.141789 -0.062441 169.664217 -7.295025 113.486094
-0.042263 0.090520 0.994997 0.144905 0.985913 -0.083539 -0.988543 0.140649 -0.054784 170.341325 -7.351884 113.445773
-0.033926 0.091184 0.995256 0.145284 0.985701 -0.085356 -0.988808 0.141699 -0.046688 171.120613 -7.421047 113.409280
-0.022168 0.091645 0.995545 0.143918 0.985711 -0.087535 -0.989341 0.141336 -0.035041 171.863144 -7.490555 113.378306
-0.009326 0.091770 0.995737 0.142890 0.985683 -0.089506 -0.989695 0.141446 -0.022305 172.501331 -7.557689 113.363425
0.003036 0.092710 0.995689 0.141960 0.985569 -0.092201 -0.989868 0.141628 -0.010169 173.271134 -7.631614 113.363102
0.012539 0.093383 0.995551 0.142795 0.985258 -0.094216 -0.989673 0.143341 -0.000981 174.075963 -7.706122 113.360169
0.023294 0.094730 0.995230 0.141457 0.985172 -0.097084 -0.989670 0.143043 0.009549 174.943041 -7.800154 113.363018
0.030592 0.095853 0.994925 0.139153 0.985289 -0.099203 -0.989798 0.141481 0.016803 175.794004 -7.896221 113.385750
0.034219 0.095279 0.994862 0.136974 0.985605 -0.099103 -0.989983 0.139661 0.020675 176.632233 -7.998126 113.412860
0.034162 0.093923 0.994993 0.133999 0.986155 -0.097689 -0.990392 0.136666 0.021103 177.679036 -8.119299 113.443054
0.031349 0.092937 0.995178 0.131431 0.986639 -0.096280 -0.990829 0.133816 0.018715 178.732317 -8.240210 113.467877
0.023926 0.091332 0.995533 0.131452 0.986885 -0.093697 -0.991034 0.133106 0.011606 179.801449 -8.362714 113.471686
0.015268 0.088932 0.995921 0.131786 0.987169 -0.090171 -0.991161 0.132625 0.003353 180.823947 -8.473881 113.472550
0.006563 0.087409 0.996151 0.133082 0.987235 -0.087503 -0.991083 0.133144 -0.005153 181.663432 -8.566270 113.467807
-0.005464 0.086349 0.996250 0.133577 0.987400 -0.084850 -0.991023 0.132612 -0.016930 182.530660 -8.660184 113.451796
-0.019148 0.086381 0.996078 0.133550 0.987554 -0.083075 -0.990857 0.131436 -0.030446 183.334426 -8.750766 113.425177
-0.032779 0.085778 0.995775 0.133863 0.987710 -0.080677 -0.990458 0.130653 -0.043859 184.209095 -8.843963 113.379255
-0.046538 0.084457 0.995340 0.132185 0.988178 -0.077669 -0.990132 0.127954 -0.057152 185.142503 -8.932927 113.322617
-0.060665 0.083575 0.994653 0.132614 0.988330 -0.074956 -0.989310 0.127358 -0.071040 185.999456 -9.011594 113.256958
-0.073470 0.082801 0.993854 0.134057 0.988323 -0.072430 -0.988246 0.127911 -0.083713 186.864151 -9.091497 113.180151
-0.084098 0.080207 0.993224 0.133656 0.988656 -0.068521 -0.987453 0.126988 -0.093865 187.811978 -9.177669 113.091953
-0.092519 0.079970 0.992494 0.134069 0.988693 -0.067166 -0.986644 0.126848 -0.102194 188.756985 -9.253331 112.992188
-0.100906 0.079470 0.991717 0.134798 0.988705 -0.065513 -0.985722 0.127071 -0.110479 189.597730 -9.322268 112.900036
-0.108551 0.079234 0.990928 0.137418 0.988445 -0.063982 -0.984547 0.129226 -0.118184 190.456215 -9.404659 112.790595
-0.114919 0.079665 0.990175 0.137745 0.988428 -0.063538 -0.983778 0.129090 -0.124563 191.348770 -9.481968 112.680577
-0.119282 0.080215 0.989615 0.137984 0.988398 -0.063485 -0.983226 0.128978 -0.128966 192.267503 -9.562606 112.560491
-0.123592 0.080271 0.989081 0.138390 0.988377 -0.062921 -0.982636 0.129103 -0.133264 193.219477 -9.646743 112.431750
-0.127601 0.079617 0.988625 0.138785 0.988400 -0.061686 -0.982068 0.129335 -0.137170 193.996197 -9.716066 112.320412
-0.128896 0.078813 0.988521 0.138564 0.988489 -0.060742 -0.981930 0.129144 -0.138333 194.739253 -9.782543 112.214086
-0.129275 0.078133 0.988526 0.137651 0.988653 -0.060142 -0.982008 0.128297 -0.138563 195.364381 -9.845812 112.124708
-0.130045 0.078237 0.988417 0.136694 0.988778 -0.060281 -0.982040 0.127271 -0.139280 195.942731 -9.899196 112.043733
-0.132393 0.078815 0.988059 0.136127 0.988834 -0.060637 -0.981805 0.126473 -0.141644 196.450459 -9.949246 111.968066
-0.134818 0.080062 0.987631 0.135700 0.988831 -0.061635 -0.981534 0.125712 -0.144177 197.056905 -10.005039 111.878884
-0.137642 0.081382 0.987133 0.135562 0.988788 -0.062616 -0.981161 0.125199 -0.147132 197.627325 -10.052512 111.794053
-0.140514 0.081354 0.986731 0.135083 0.988874 -0.062294 -0.980820 0.124537 -0.149940 198.201128 -10.103056 111.705067
-0.143709 0.079841 0.986394 0.134520 0.989065 -0.060459 -0.980435 0.124001 -0.152878 198.722224 -10.151426 111.626238
-0.149088 0.079473 0.985625 0.135323 0.989027 -0.059278 -0.979521 0.124540 -0.158206 199.226315 -10.192585 111.545227
-0.153839 0.080017 0.984851 0.136278 0.988909 -0.059060 -0.978653 0.125128 -0.163037 199.808120 -10.238796 111.445162
-0.158316 0.080640 0.984090 0.136229 0.988912 -0.059119 -0.977946 0.124702 -0.167546 200.346538 -10.284222 111.350154
-0.163585 0.081423 0.983163 0.136028 0.988931 -0.059267 -0.977106 0.124042 -0.172850 200.971606 -10.336855 111.240270
-0.167883 0.081685 0.982417 0.137032 0.988820 -0.058800 -0.976237 0.124751 -0.177199 201.593877 -10.387042 111.123784
-0.171198 0.081227 0.981883 0.139015 0.988617 -0.057545 -0.975380 0.126645 -0.180541 202.122100 -10.430448 111.022115
-0.173647 0.080390 0.981521 0.139663 0.988599 -0.056261 -0.974854 0.127313 -0.182895 202.643604 -10.473586 110.924389
-0.175443 0.079113 0.981306 0.139499 0.988706 -0.054770 -0.974556 0.127283 -0.184498 203.177184 -10.515063 110.828544
-0.178137 0.076460 0.981031 0.139666 0.988848 -0.051708 -0.974043 0.127806 -0.186829 203.734881 -10.551799 110.722586
-0.180262 0.073105 0.980898 0.139394 0.989068 -0.048098 -0.973692 0.128061 -0.188481 204.307741 -10.588539 110.615537
-0.181767 0.069810 0.980861 0.139827 0.989176 -0.044490 -0.973349 0.129064 -0.189561 204.908437 -10.628924 110.493244
-0.183272 0.067533 0.980740 0.140531 0.989191 -0.041854 -0.972966 0.130154 -0.190782 205.481358 -10.668600 110.376808
-0.183445 0.065869 0.980821 0.139867 0.989351 -0.040282 -0.973029 0.129795 -0.190705 206.000866 -10.708067 110.278357
-0.183421 0.065811 0.980829 0.139345 0.989422 -0.040329 -0.973108 0.129277 -0.190651 206.515793 -10.746907 110.180522
-0.182584 0.066299 0.980952 0.140080 0.989300 -0.040791 -0.973160 0.129964 -0.189918 207.026270 -10.780921 110.079154
-0.181154 0.066126 0.981229 0.139399 0.989390 -0.040940 -0.973525 0.129366 -0.188450 207.543351 -10.814525 109.985114
-0.179762 0.065651 0.981517 0.138427 0.989531 -0.040835 -0.973922 0.128527 -0.186967 208.013817 -10.844139 109.896355
-0.177946 0.065548 0.981855 0.138291 0.989543 -0.040998 -0.974275 0.128486 -0.185150 208.531096 -10.877339 109.804566
-0.175646 0.065690 0.982259 0.138353 0.989516 -0.041435 -0.974683 0.128620 -0.182893 209.014839 -10.908654 109.717533
-0.173099 0.067464 0.982591 0.138266 0.989436 -0.043576 -0.975151 0.128315 -0.180599 209.420498 -10.936934 109.640753
-0.169982 0.069154 0.983018 0.137283 0.989469 -0.045869 -0.975838 0.127155 -0.177686 209.842548 -10.964789 109.569776
-0.165307 0.069796 0.983769 0.136594 0.989500 -0.047250 -0.976737 0.126566 -0.173105 210.286408 -10.995560 109.497764
-0.160895 0.070154 0.984475 0.137193 0.989377 -0.048082 -0.977390 0.127327 -0.168811 210.740947 -11.027459 109.422592
-0.156985 0.068526 0.985221 0.136378 0.989537 -0.047096 -0.978139 0.126969 -0.164688 211.233524 -11.060410 109.345828
-0.152359 0.065432 0.986157 0.135670 0.989745 -0.044710 -0.978969 0.126979 -0.159674 211.748504 -11.094235 109.267642
-0.147083 0.061534 0.987208 0.136826 0.989734 -0.041306 -0.979615 0.129000 -0.153993 212.318037 -11.130906 109.176448
-0.142350 0.058630 0.988078 0.137937 0.989679 -0.038853 -0.980158 0.130762 -0.148968 212.902160 -11.168839 109.084474
-0.135522 0.057022 0.989132 0.138926 0.989573 -0.038013 -0.980986 0.132265 -0.142031 213.428416 -11.203754 109.003443
-0.125288 0.056435 0.990514 0.140220 0.989366 -0.038633 -0.982162 0.134050 -0.131869 213.897010 -11.234195 108.939486
-0.112284 0.057206 0.992028 0.141832 0.989042 -0.040981 -0.983502 0.136100 -0.119167 214.349040 -11.259307 108.890389
-0.096075 0.060008 0.993564 0.142934 0.988668 -0.045891 -0.985058 0.137605 -0.103563 214.743753 -11.287062 108.858446
-0.075971 0.063517 0.995085 0.143031 0.988342 -0.052167 -0.986798 0.138365 -0.084170 215.147651 -11.316462 108.836359
-0.051905 0.066989 0.996403 0.142673 0.988010 -0.058992 -0.988408 0.139097 -0.060840 215.534095 -11.343174 108.827706
-0.023679 0.068070 0.997400 0.141717 0.987833 -0.064052 -0.989624 0.139832 -0.033038 215.914637 -11.372871 108.831872
0.004142 0.066813 0.997757 0.140448 0.987837 -0.066732 -0.990079 0.140410 -0.005292 216.335599 -11.406592 108.849095
0.035126 0.064479 0.997301 0.138337 0.987996 -0.068750 -0.989762 0.140378 0.025784 216.685797 -11.439025 108.882001
0.069444 0.062797 0.995607 0.136070 0.988093 -0.071814 -0.988262 0.140459 0.060072 217.011092 -11.470069 108.927654
0.102488 0.060160 0.992913 0.133234 0.988345 -0.073636 -0.985771 0.139837 0.093278 217.386159 -11.501934 108.997527
0.134643 0.055718 0.989326 0.130110 0.988779 -0.073394 -0.982315 0.138604 0.125883 217.748379 -11.536153 109.072597
0.169048 0.052216 0.984224 0.128863 0.988853 -0.074595 -0.977147 0.139440 0.160435 218.102239 -11.569788 109.159730
0.202662 0.049971 0.977973 0.125011 0.989206 -0.076451 -0.971237 0.137751 0.194228 218.393787 -11.599370 109.245791
0.237016 0.048694 0.970285 0.120618 0.989541 -0.079124 -0.963989 0.135788 0.228664 218.764283 -11.638602 109.361713
0.271756 0.048235 0.961157 0.117689 0.989581 -0.082937 -0.955143 0.135656 0.263248 219.118686 -11.672484 109.487417
0.308178 0.048948 0.950069 0.113842 0.989602 -0.087912 -0.944493 0.135250 0.299401 219.460321 -11.713894 109.622141
0.346850 0.050744 0.936547 0.110219 0.989411 -0.094428 -0.931422 0.135978 0.337585 219.791255 -11.758668 109.770587
0.385931 0.050893 0.921123 0.107816 0.989147 -0.099824 -0.916206 0.137837 0.376255 220.152314 -11.809694 109.934752
0.425525 0.049510 0.903592 0.104435 0.989144 -0.103378 -0.898901 0.138356 0.415735 220.496931 -11.857592 110.125364
0.470979 0.049988 0.880727 0.097621 0.989308 -0.108355 -0.876726 0.137010 0.461063 220.849407 -11.909035 110.335622
0.515483 0.051278 0.855364 0.091342 0.989232 -0.114350 -0.852018 0.137076 0.505249 221.235382 -11.972363 110.592878
0.558038 0.053530 0.828087 0.083963 0.989153 -0.120524 -0.825557 0.136786 0.547491 221.613536 -12.040680 110.891136
0.602819 0.053706 0.796068 0.076845 0.989186 -0.124925 -0.794169 0.136481 0.592173 221.995248 -12.112178 111.204431
0.646118 0.055147 0.761243 0.068255 0.989215 -0.129595 -0.760180 0.135692 0.635386 222.382927 -12.190274 111.556792
0.683159 0.056133 0.728109 0.061067 0.989158 -0.133555 -0.727712 0.135703 0.672325 222.774830 -12.270367 111.951089
0.716538 0.056428 0.695262 0.053740 0.989295 -0.135676 -0.695475 0.134580 0.705835 223.242435 -12.367591 112.457329
0.749571 0.055386 0.659603 0.047450 0.989433 -0.137004 -0.660221 0.133993 0.739022 223.633612 -12.459719 112.936606
0.781448 0.055421 0.621504 0.039635 0.989627 -0.138082 -0.622710 0.132537 0.771146 223.976810 -12.541388 113.422493
0.812082 0.055692 0.580879 0.031478 0.989805 -0.138905 -0.582693 0.131087 0.802050 224.272726 -12.619477 113.872764
0.838998 0.055646 0.541282 0.024789 0.989816 -0.140181 -0.543570 0.131029 0.829073 224.556584 -12.693762 114.350290
0.861781 0.057818 0.503974 0.016391 0.989791 -0.141580 -0.507015 0.130271 0.852036 224.806464 -12.773149 114.846054
0.883534 0.059206 0.464609 0.008394 0.989817 -0.142096 -0.468291 0.129447 0.874041 225.045578 -12.860241 115.357914
0.899655 0.059211 0.432567 0.003279 0.989817 -0.142310 -0.436588 0.129448 0.890300 225.285729 -12.961283 115.897414
0.914383 0.058353 0.400623 -0.000966 0.989869 -0.141977 -0.404849 0.129435 0.905176 225.465012 -13.042855 116.343429
0.928628 0.057599 0.366513 -0.006355 0.990200 -0.139514 -0.370957 0.127228 0.919893 225.687184 -13.144042 116.933093
0.938783 0.057821 0.339621 -0.011396 0.990488 -0.137130 -0.344320 0.124865 0.930512 225.946003 -13.265744 117.671230
0.945797 0.058478 0.319451 -0.015790 0.990771 -0.134621 -0.324376 0.122280 0.937991 226.171386 -13.375700 118.368288
0.951485 0.059322 0.301921 -0.019387 0.990847 -0.133588 -0.307082 0.121254 0.943927 226.406459 -13.490865 119.130378
0.955353 0.058583 0.289601 -0.020266 0.990831 -0.133581 -0.294772 0.121748 0.947780 226.584173 -13.590502 119.733488
0.959035 0.058359 0.277211 -0.021148 0.990569 -0.135373 -0.282497 0.123965 0.951225 226.756189 -13.687437 120.331054
0.962416 0.059473 0.264986 -0.023477 0.990294 -0.136992 -0.270561 0.125622 0.954471 226.936254 -13.785800 120.997253
0.965487 0.061338 0.253124 -0.026458 0.989943 -0.138970 -0.259103 0.127476 0.957400 227.129310 -13.909844 121.772208
0.968741 0.062462 0.240083 -0.028945 0.989632 -0.140679 -0.246381 0.129332 0.960505 227.333192 -14.048808 122.607482
0.971138 0.064071 0.229750 -0.031520 0.989272 -0.142648 -0.236425 0.131289 0.962739 227.515948 -14.179233 123.391258
0.973260 0.064808 0.220375 -0.033386 0.989097 -0.143429 -0.227267 0.132237 0.964812 227.711848 -14.319965 124.271684
0.974722 0.065437 0.213624 -0.034956 0.989038 -0.143463 -0.220670 0.132369 0.966325 227.920544 -14.481333 125.238533
0.975829 0.068100 0.207656 -0.038342 0.988820 -0.144101 -0.215147 0.132656 0.967530 228.095952 -14.628328 126.139213
0.976518 0.068607 0.204218 -0.039333 0.988781 -0.144101 -0.211813 0.132685 0.968261 228.292371 -14.790125 127.100922
0.976839 0.067745 0.202970 -0.038451 0.988693 -0.144938 -0.210493 0.133776 0.968399 228.481788 -14.944309 128.013030
0.976611 0.068626 0.203766 -0.038712 0.988331 -0.147318 -0.211499 0.135984 0.967872 228.663364 -15.098617 128.913057
0.975980 0.069142 0.206598 -0.038069 0.987838 -0.150756 -0.214509 0.139270 0.966742 228.868888 -15.266031 129.879996
0.975676 0.069151 0.208026 -0.037268 0.987453 -0.153454 -0.216027 0.141969 0.966011 229.062622 -15.425305 130.788472
0.975389 0.068407 0.209610 -0.036112 0.987381 -0.154192 -0.217512 0.142828 0.965551 229.264665 -15.584276 131.721185
0.974591 0.068655 0.213213 -0.035841 0.987402 -0.154119 -0.221108 0.142561 0.964773 229.446539 -15.734511 132.557736
0.973989 0.068405 0.216021 -0.035212 0.987455 -0.153926 -0.223841 0.142315 0.964179 229.629076 -15.884175 133.385348
0.973093 0.069006 0.219837 -0.035271 0.987467 -0.153837 -0.227698 0.141944 0.963331 229.819464 -16.034876 134.233843
0.972187 0.069037 0.223798 -0.034286 0.987225 -0.155597 -0.231681 0.143597 0.962135 230.004751 -16.181927 135.027271
0.971598 0.067669 0.226757 -0.031889 0.986942 -0.157889 -0.234480 0.146174 0.961068 230.196123 -16.320000 135.808050
0.971099 0.065905 0.229397 -0.029415 0.986841 -0.158995 -0.236857 0.147653 0.960259 230.398511 -16.471148 136.609022
0.970538 0.064061 0.232274 -0.027335 0.987059 -0.158012 -0.239391 0.147007 0.959730 230.629844 -16.637409 137.530179
0.969910 0.063741 0.234973 -0.026695 0.987143 -0.157592 -0.241997 0.146577 0.959141 230.832413 -16.788666 138.347072
0.969372 0.065387 0.236733 -0.027944 0.987013 -0.158194 -0.244002 0.146733 0.958610 231.023921 -16.928085 139.105925
0.968961 0.066674 0.238052 -0.028565 0.986690 -0.160086 -0.245557 0.148317 0.957969 231.228216 -17.078064 139.920607
0.968551 0.068044 0.239331 -0.029027 0.986212 -0.162920 -0.247117 0.150850 0.957172 231.402561 -17.210143 140.623610
0.968586 0.068008 0.239200 -0.028565 0.985939 -0.164648 -0.247034 0.152643 0.956909 231.591447 -17.352416 141.371544
0.968504 0.067554 0.239659 -0.027887 0.985866 -0.165198 -0.247431 0.153312 0.956699 231.782506 -17.500049 142.132470
0.968470 0.067869 0.239707 -0.028199 0.985857 -0.165200 -0.247528 0.153231 0.956687 231.971666 -17.649852 142.891905
0.968389 0.068549 0.239840 -0.029066 0.985959 -0.164438 -0.247744 0.152269 0.956785 232.177730 -17.809588 143.714833
0.968465 0.069050 0.239389 -0.029823 0.986049 -0.163764 -0.247357 0.151460 0.957013 232.388043 -17.967820 144.559358
0.968593 0.069783 0.238660 -0.030791 0.986085 -0.163364 -0.246739 0.150884 0.957264 232.596149 -18.125580 145.410180
0.968635 0.071386 0.238012 -0.032452 0.985984 -0.163651 -0.246358 0.150794 0.957376 232.799619 -18.281833 146.256824
0.968945 0.071992 0.236563 -0.033114 0.985841 -0.164382 -0.245048 0.151443 0.957610 232.999988 -18.431969 147.064019
0.969266 0.071302 0.235456 -0.032731 0.985945 -0.163833 -0.243829 0.151091 0.957977 233.194265 -18.581520 147.840552
0.969705 0.070179 0.233981 -0.032046 0.986113 -0.162956 -0.242167 0.150521 0.958488 233.396544 -18.742364 148.676118
0.970184 0.068137 0.232596 -0.030385 0.986292 -0.162185 -0.240459 0.150282 0.958955 233.606596 -18.901521 149.523489
0.970723 0.067815 0.230431 -0.030423 0.986305 -0.162102 -0.238268 0.150346 0.959492 233.789610 -19.051017 150.291532
0.971239 0.067121 0.228450 -0.030051 0.986327 -0.162034 -0.236202 0.150509 0.959977 233.985147 -19.207895 151.121789
0.971642 0.066928 0.226788 -0.030130 0.986332 -0.161992 -0.234530 0.150565 0.960378 234.177560 -19.361291 151.931651
0.972110 0.066231 0.224979 -0.029594 0.986270 -0.162470 -0.232650 0.151281 0.960723 234.401924 -19.538212 152.887347
0.972448 0.064185 0.224111 -0.028003 0.986552 -0.161034 -0.231433 0.150321 0.961167 234.634110 -19.720777 153.877130
0.972663 0.063199 0.223455 -0.027830 0.987043 -0.158022 -0.230547 0.147483 0.961820 234.862571 -19.901559 154.865266
0.972976 0.063595 0.221975 -0.029319 0.987570 -0.154420 -0.229036 0.143739 0.962747 235.055564 -20.057810 155.724898
0.973512 0.064075 0.219474 -0.029901 0.987363 -0.155626 -0.226672 0.144942 0.963126 235.239423 -20.203810 156.548247
0.973688 0.063299 0.218916 -0.028446 0.986895 -0.158838 -0.226101 0.148431 0.962729 235.430261 -20.349478 157.376612
0.973614 0.064029 0.219034 -0.028394 0.986362 -0.162123 -0.226428 0.151625 0.962154 235.620933 -20.502018 158.215655
0.973744 0.063367 0.218648 -0.027384 0.986108 -0.163831 -0.225992 0.153542 0.961953 235.822440 -20.665950 159.093827
0.973796 0.063313 0.218432 -0.027282 0.986052 -0.164186 -0.225780 0.153924 0.961941 236.038473 -20.854929 160.071093
0.973919 0.062246 0.218192 -0.026589 0.986318 -0.162694 -0.225334 0.152649 0.962249 236.224383 -21.014104 160.905509
0.973872 0.062957 0.218195 -0.027741 0.986589 -0.160848 -0.225396 0.150593 0.962558 236.386829 -21.157114 161.657180
0.973589 0.063345 0.219346 -0.028321 0.986827 -0.159283 -0.226546 0.148865 0.962557 236.565366 -21.308425 162.466289
0.973476 0.064733 0.219442 -0.029611 0.986720 -0.159709 -0.226866 0.148975 0.962465 236.740863 -21.464673 163.241845
0.973621 0.064935 0.218736 -0.029490 0.986420 -0.161572 -0.226257 0.150859 0.962314 236.901307 -21.602985 163.936185
0.973548 0.065871 0.218782 -0.030117 0.986182 -0.162904 -0.226490 0.152005 0.962079 237.057036 -21.733473 164.616821
0.973355 0.068015 0.218984 -0.031659 0.985712 -0.165436 -0.227108 0.154095 0.961601 237.213876 -21.873386 165.310109
0.973327 0.068941 0.218818 -0.032197 0.985390 -0.167242 -0.227151 0.155736 0.961327 237.368036 -22.008199 165.995007
0.973332 0.070139 0.218414 -0.033048 0.985052 -0.169056 -0.227007 0.157330 0.961101 237.507580 -22.133118 166.610967
0.973123 0.072375 0.218618 -0.034761 0.984617 -0.171233 -0.227648 0.159032 0.960669 237.637527 -22.253982 167.190808
0.972883 0.073185 0.219415 -0.034845 0.984171 -0.173763 -0.228658 0.161406 0.960033 237.790757 -22.391354 167.869218
0.972711 0.074507 0.219731 -0.035906 0.983967 -0.174697 -0.229224 0.162040 0.959791 237.945328 -22.534519 168.567719
0.972577 0.075192 0.220092 -0.036458 0.983888 -0.175029 -0.229707 0.162206 0.959648 238.107576 -22.682141 169.295956
0.972765 0.075985 0.218983 -0.037435 0.983840 -0.175090 -0.228749 0.162124 0.959890 238.267797 -22.827544 170.014481
0.973338 0.076728 0.216163 -0.038392 0.983595 -0.176260 -0.226141 0.163261 0.960316 238.405380 -22.950791 170.625044
0.974561 0.075987 0.210847 -0.038514 0.983557 -0.176445 -0.220787 0.163835 0.961463 238.535602 -23.073720 171.214628
0.976570 0.075551 0.201500 -0.039752 0.983565 -0.176124 -0.211494 0.163988 0.963524 238.664618 -23.202867 171.850010
0.978847 0.075247 0.190252 -0.041557 0.983649 -0.175238 -0.200327 0.163625 0.965969 238.762437 -23.311758 172.372720
0.981533 0.074939 0.176006 -0.043618 0.983511 -0.175512 -0.186256 0.164593 0.968616 238.847835 -23.414340 172.888805
0.984985 0.074795 0.155597 -0.046985 0.983396 -0.175285 -0.166124 0.165342 0.972144 238.924105 -23.523221 173.423822
0.988721 0.073008 0.130772 -0.049522 0.983394 -0.174596 -0.141348 0.166150 0.975918 238.978146 -23.609616 173.876839
0.992043 0.072025 0.103261 -0.053443 0.983542 -0.172593 -0.113992 0.165701 0.979566 239.010587 -23.695088 174.330276
0.994897 0.072381 0.070296 -0.059538 0.983618 -0.170150 -0.081460 0.165097 0.982908 239.029170 -23.783185 174.794157
0.996775 0.072050 0.035319 -0.065189 0.983778 -0.167124 -0.046787 0.164283 0.985303 239.029230 -23.881885 175.295323
0.997361 0.072499 -0.003805 -0.072148 0.983975 -0.163061 -0.008078 0.162905 0.986609 239.005925 -23.964820 175.753889
0.996361 0.073207 -0.043653 -0.079266 0.984122 -0.158809 0.031334 0.161692 0.986344 238.967937 -24.057708 176.294574
0.993615 0.074797 -0.084464 -0.087157 0.984269 -0.153684 0.071640 0.160065 0.984503 238.905940 -24.148027 176.784945
0.989029 0.075415 -0.127020 -0.094038 0.984557 -0.147664 0.113922 0.157988 0.980847 238.823278 -24.229218 177.281447
0.981598 0.076572 -0.174935 -0.101972 0.984722 -0.141156 0.161454 0.156397 0.974409 238.702473 -24.314342 177.802455
0.971959 0.078747 -0.221575 -0.110453 0.984733 -0.134541 0.207597 0.155241 0.965818 238.558145 -24.399709 178.317405
0.960641 0.078542 -0.266460 -0.115984 0.984994 -0.127810 0.252423 0.153684 0.955334 238.380488 -24.488031 178.918124
0.944958 0.079142 -0.317475 -0.123158 0.984978 -0.121039 0.303126 0.153477 0.940510 238.178294 -24.565498 179.450409
0.927127 0.079238 -0.366275 -0.128996 0.985140 -0.113400 0.351847 0.152385 0.923571 237.946545 -24.633962 179.975173
0.905850 0.079107 -0.416148 -0.133999 0.985472 -0.104352 0.401847 0.150291 0.903289 237.715393 -24.691150 180.410815
0.880326 0.079719 -0.467623 -0.139984 0.985536 -0.095517 0.453245 0.149546 0.878752 237.442844 -24.742684 180.837061
0.851930 0.079036 -0.517657 -0.144897 0.985526 -0.087992 0.503211 0.149970 0.851051 237.169976 -24.782505 181.258465
0.823300 0.078616 -0.562136 -0.148531 0.985692 -0.079685 0.547829 0.149099 0.823197 236.841153 -24.827412 181.690639
0.790155 0.078494 -0.607860 -0.152385 0.985783 -0.070789 0.593662 0.148563 0.790882 236.481538 -24.874209 182.146491
0.750661 0.077992 -0.656068 -0.155359 0.986001 -0.060544 0.642162 0.147374 0.752269 236.113987 -24.904616 182.528120
0.710608 0.078528 -0.699193 -0.159733 0.985810 -0.051622 0.685217 0.148367 0.713067 235.665085 -24.938288 182.957138
0.672724 0.077147 -0.735860 -0.162961 0.985576 -0.045651 0.721724 0.150627 0.675593 235.141880 -24.969322 183.398243
0.635120 0.076130 -0.768653 -0.163992 0.985734 -0.037873 0.754804 0.150107 0.638544 234.621047 -24.996157 183.825652
0.601270 0.078209 -0.795209 -0.167437 0.985436 -0.029683 0.781306 0.150995 0.605608 234.047083 -25.018543 184.221486
0.563025 0.078483 -0.822705 -0.169561 0.985273 -0.022049 0.808858 0.151913 0.568041 233.533368 -25.031574 184.549544
0.518845 0.078409 -0.851265 -0.172070 0.984983 -0.014151 0.837372 0.153819 0.524545 233.036287 -25.039224 184.808225
0.477222 0.077426 -0.875365 -0.174291 0.984662 -0.007925 0.861326 0.156351 0.483397 232.568791 -25.039606 185.026910
0.438527 0.077400 -0.895379 -0.176043 0.984382 -0.001127 0.881307 0.158119 0.445304 232.013354 -25.044538 185.277873
0.397091 0.076448 -0.914590 -0.176377 0.984306 0.005697 0.900672 0.159051 0.404343 231.595182 -25.042799 185.437794
0.355915 0.076396 -0.931391 -0.179953 0.983603 0.011913 0.917029 0.163366 0.363827 231.172596 -25.026771 185.558048
0.318773 0.075038 -0.944856 -0.181075 0.983322 0.017003 0.930374 0.165670 0.327044 230.682711 -25.013953 185.701166
0.286484 0.074682 -0.955170 -0.182172 0.983016 0.022220 0.940606 0.167640 0.295224 230.141160 -25.005164 185.851671
0.257756 0.074250 -0.963353 -0.182699 0.982802 0.026866 0.948780 0.169079 0.266888 229.584090 -24.987096 185.990820
0.236907 0.074493 -0.968672 -0.182202 0.982772 0.031016 0.954294 0.169146 0.246398 229.000771 -24.979621 186.139081
0.214884 0.076093 -0.973671 -0.182159 0.982588 0.036588 0.959501 0.169501 0.225003 228.499003 -24.965086 186.246819
0.195567 0.078385 -0.977553 -0.182221 0.982347 0.042315 0.963613 0.169856 0.206398 227.923997 -24.945946 186.352760
0.180765 0.081030 -0.980183 -0.182873 0.981991 0.047454 0.966375 0.170671 0.192328 227.397336 -24.932160 186.442854
0.168940 0.081070 -0.982287 -0.183596 0.981757 0.049450 0.968376 0.171989 0.180742 226.897670 -24.913952 186.521637
0.155954 0.077847 -0.984692 -0.182560 0.981987 0.048719 0.970747 0.172167 0.167357 226.341596 -24.893978 186.605099
0.142486 0.072681 -0.987125 -0.181123 0.982375 0.046187 0.973084 0.172210 0.153139 225.793595 -24.879376 186.683071
0.125376 0.069994 -0.989637 -0.179543 0.982639 0.046753 0.975728 0.171820 0.135766 225.164081 -24.857934 186.759910
0.111321 0.069072 -0.991381 -0.178099 0.982818 0.048477 0.977695 0.171167 0.121710 224.514640 -24.835865 186.831878
0.099286 0.069977 -0.992595 -0.176068 0.983020 0.051690 0.979358 0.169632 0.109921 223.925747 -24.816461 186.891070
0.088393 0.071732 -0.993499 -0.174068 0.983169 0.055499 0.980758 0.168030 0.099392 223.126505 -24.785665 186.968014
0.080288 0.073620 -0.994049 -0.174258 0.982947 0.058723 0.981421 0.168506 0.091748 222.317820 -24.749022 187.036992
0.075540 0.073566 -0.994425 -0.173765 0.982987 0.059520 0.981886 0.168301 0.087038 221.528455 -24.708881 187.102521
0.071585 0.073838 -0.994698 -0.173464 0.982981 0.060485 0.982235 0.168215 0.083175 220.748272 -24.660133 187.167984
0.066985 0.074717 -0.994952 -0.174642 0.982676 0.062037 0.982351 0.169605 0.078873 219.984743 -24.614798 187.224664
0.063357 0.073672 -0.995268 -0.177649 0.982177 0.061394 0.982052 0.172919 0.075316 219.201337 -24.570058 187.277869
0.061590 0.072185 -0.995488 -0.180035 0.981825 0.060056 0.981730 0.175524 0.073466 218.428250 -24.525288 187.330641
0.058830 0.070147 -0.995800 -0.183038 0.981375 0.058317 0.981344 0.178839 0.070574 217.496562 -24.473126 187.389475
0.058814 0.067068 -0.996013 -0.185091 0.981173 0.055139 0.980960 0.181110 0.070121 216.607703 -24.435390 187.449720
0.061486 0.065153 -0.995979 -0.186621 0.981020 0.052653 0.980506 0.182634 0.072478 215.711822 -24.397030 187.514056
0.064712 0.064501 -0.995817 -0.188595 0.980716 0.051267 0.979921 0.184488 0.075629 214.870114 -24.363330 187.578273
0.068647 0.062759 -0.995665 -0.190497 0.980481 0.048668 0.979285 0.186330 0.079262 214.087760 -24.336978 187.648089
0.071962 0.061589 -0.995504 -0.191995 0.980281 0.046768 0.978754 0.187766 0.082367 213.356428 -24.313503 187.713547
0.076191 0.059323 -0.995327 -0.193831 0.980067 0.043576 0.978072 0.189605 0.086170 212.598657 -24.293172 187.778658
0.080046 0.057258 -0.995145 -0.194804 0.979997 0.040717 0.977571 0.190599 0.089599 211.862841 -24.271426 187.841923
0.083518 0.056774 -0.994888 -0.194433 0.980116 0.039608 0.977354 0.190131 0.092896 211.091734 -24.251505 187.912495
0.087748 0.057738 -0.994468 -0.196245 0.979756 0.039568 0.976621 0.191687 0.097303 210.269496 -24.228273 187.990394
0.091887 0.058961 -0.994022 -0.198466 0.979302 0.039742 0.975791 0.193628 0.101686 209.449334 -24.205476 188.072539
0.094202 0.060524 -0.993712 -0.199899 0.978972 0.040676 0.975277 0.194811 0.104320 208.408490 -24.180389 188.177142
0.094634 0.061600 -0.993605 -0.200424 0.978826 0.041595 0.975128 0.195206 0.104976 207.450469 -24.162113 188.274403
0.095747 0.061908 -0.993479 -0.200494 0.978808 0.041671 0.975005 0.195197 0.106130 206.459064 -24.141151 188.371711
0.098786 0.062564 -0.993140 -0.199098 0.979085 0.041874 0.974988 0.193596 0.109176 205.466459 -24.118324 188.472165
0.100060 0.062786 -0.992998 -0.197741 0.979354 0.041998 0.975134 0.192154 0.110410 204.578979 -24.098302 188.566775
0.099397 0.061416 -0.993151 -0.196306 0.979688 0.040937 0.975492 0.190893 0.109434 203.748692 -24.079474 188.651045
0.098506 0.058640 -0.993407 -0.194851 0.980076 0.038532 0.975874 0.189771 0.107969 202.916370 -24.057890 188.742121
0.098289 0.055916 -0.993586 -0.193627 0.980414 0.036021 0.976139 0.188844 0.107190 202.018924 -24.038342 188.835194
0.098310 0.054045 -0.993687 -0.192308 0.980734 0.034315 0.976398 0.187720 0.106809 201.061385 -24.025908 188.940069
0.097909 0.052642 -0.993802 -0.192079 0.980823 0.033030 0.976483 0.187654 0.106143 200.189494 -24.012138 189.032712
0.098457 0.050655 -0.993851 -0.191398 0.981022 0.031040 0.976562 0.187165 0.106284 199.357763 -23.995468 189.129462
0.099202 0.049018 -0.993859 -0.190349 0.981276 0.029398 0.976692 0.186264 0.106675 198.562700 -23.980390 189.217280
0.098968 0.047892 -0.993937 -0.188933 0.981577 0.028484 0.976990 0.184969 0.106193 197.768694 -23.970122 189.299261
0.099140 0.048401 -0.993896 -0.187103 0.981908 0.029154 0.977325 0.183071 0.106403 196.951821 -23.963448 189.390488
0.099780 0.046930 -0.993902 -0.184813 0.982380 0.027832 0.977695 0.180909 0.106696 196.118570 -23.958379 189.482639
0.100244 0.045413 -0.993926 -0.183166 0.982727 0.026428 0.977958 0.179404 0.106831 195.212586 -23.950432 189.582882
0.099820 0.044175 -0.994024 -0.182438 0.982890 0.025360 0.978137 0.178817 0.106172 194.208003 -23.941191 189.689494
0.099921 0.042162 -0.994102 -0.181533 0.983105 0.023449 0.978295 0.178120 0.105887 193.169363 -23.930063 189.798662
0.096988 0.041905 -0.994403 -0.181694 0.983069 0.023706 0.978561 0.178378 0.102959 192.141121 -23.915830 189.901839
0.095514 0.041539 -0.994561 -0.181578 0.983093 0.023622 0.978727 0.178334 0.101442 191.086725 -23.899410 190.005748
0.091819 0.040772 -0.994941 -0.182479 0.982930 0.023440 0.978913 0.179403 0.097692 190.067294 -23.893216 190.097881
0.089986 0.039353 -0.995165 -0.182710 0.982913 0.022347 0.979040 0.179816 0.095639 189.046570 -23.883711 190.189324
0.089825 0.038282 -0.995222 -0.182887 0.982903 0.021301 0.979022 0.180100 0.095291 187.989917 -23.880686 190.285158
0.090462 0.035000 -0.995285 -0.182048 0.983124 0.018026 0.979120 0.179559 0.095308 186.839567 -23.876262 190.398188
0.090626 0.031467 -0.995388 -0.181600 0.983265 0.014550 0.979187 0.179444 0.094824 185.760461 -23.877072 190.497866
0.090386 0.029962 -0.995456 -0.182068 0.983199 0.013061 0.979123 0.180060 0.094322 184.736712 -23.878895 190.587563
0.092229 0.028449 -0.995331 -0.182046 0.983226 0.011234 0.978955 0.180160 0.095861 183.686836 -23.885552 190.685816
0.094153 0.026786 -0.995197 -0.181944 0.983265 0.009252 0.978791 0.180200 0.097451 182.646892 -23.896656 190.784550
0.096322 0.025378 -0.995027 -0.182194 0.983235 0.007440 0.978533 0.180571 0.099331 181.680684 -23.912417 190.880150
0.098589 0.023601 -0.994848 -0.182631 0.983168 0.005225 0.978226 0.181175 0.101240 180.689034 -23.928955 190.977566
0.100367 0.022540 -0.994695 -0.182391 0.983219 0.003876 0.978090 0.181034 0.102794 179.661318 -23.942275 191.079536
0.102011 0.022504 -0.994529 -0.182977 0.983111 0.003478 0.977810 0.181621 0.104406 178.669654 -23.954452 191.178784
0.104248 0.022075 -0.994306 -0.183517 0.983013 0.002584 0.977473 0.182202 0.106529 177.616425 -23.968401 191.286361
0.106040 0.021303 -0.994134 -0.183946 0.982935 0.001442 0.977200 0.182714 0.108149 176.762606 -23.981411 191.373275
0.106705 0.022085 -0.994045 -0.183948 0.982934 0.002092 0.977127 0.182629 0.108946 175.947884 -23.997184 191.458479
0.107691 0.022267 -0.993935 -0.184781 0.982778 0.001996 0.976862 0.183446 0.109951 175.082551 -24.006348 191.552635
0.109000 0.021947 -0.993799 -0.185141 0.982711 0.001396 0.976648 0.183841 0.111179 174.175807 -24.013921 191.651133
0.109978 0.020196 -0.993729 -0.185623 0.982621 -0.000573 0.976447 0.184522 0.111816 173.329512 -24.018663 191.749976
0.109350 0.018235 -0.993836 -0.185931 0.982560 -0.002430 0.976459 0.185051 0.110833 172.393734 -24.033485 191.855492
0.110320 0.016983 -0.993751 -0.185829 0.982575 -0.003838 0.976369 0.185091 0.111553 171.468018 -24.049306 191.955487
0.110773 0.016779 -0.993704 -0.185225 0.982688 -0.004055 0.976433 0.184508 0.111963 170.585561 -24.069615 192.048709
0.113409 0.017255 -0.993399 -0.186204 0.982502 -0.004192 0.975944 0.185450 0.114637 169.746260 -24.088713 192.143339
0.115120 0.017215 -0.993202 -0.186551 0.982435 -0.004594 0.975677 0.185811 0.116310 168.831771 -24.107395 192.248765
0.116722 0.015436 -0.993045 -0.186675 0.982399 -0.006672 0.975463 0.186155 0.117549 167.901716 -24.121731 192.356862
0.117641 0.015161 -0.992940 -0.185660 0.982589 -0.006994 0.975546 0.185172 0.118408 166.988046 -24.139774 192.467711
0.118042 0.015594 -0.992886 -0.184906 0.982734 -0.006549 0.975641 0.184363 0.118888 165.980827 -24.159629 192.583762
0.116428 0.016395 -0.993064 -0.183791 0.982951 -0.005320 0.976046 0.183136 0.117456 165.013576 -24.172591 192.693450
0.115708 0.015564 -0.993161 -0.183957 0.982916 -0.006028 0.976100 0.183396 0.116594 164.013261 -24.186107 192.807202
0.115419 0.012284 -0.993241 -0.185390 0.982620 -0.009391 0.975863 0.185220 0.115690 163.034345 -24.202670 192.914084
0.114277 0.007144 -0.993423 -0.184864 0.982662 -0.014199 0.976097 0.185270 0.113617 162.105039 -24.222682 193.015876
0.113624 0.003769 -0.993517 -0.184843 0.982614 -0.017412 0.976178 0.185623 0.112345 161.124777 -24.247651 193.122321
0.115712 0.003097 -0.993278 -0.184697 0.982622 -0.018452 0.975960 0.185591 0.114273 160.147477 -24.274799 193.229214
0.115956 0.004074 -0.993246 -0.185762 0.982436 -0.017657 0.975729 0.186554 0.114676 159.105122 -24.308269 193.347735
0.114833 0.004500 -0.993375 -0.185935 0.982414 -0.017044 0.975829 0.186660 0.113650 158.069127 -24.335339 193.464623
0.112126 0.004261 -0.993685 -0.187212 0.982174 -0.016913 0.975899 0.187926 0.110925 157.182272 -24.359090 193.556336
0.109821 0.002569 -0.993948 -0.188206 0.981960 -0.018257 0.975970 0.189072 0.108323 156.309948 -24.386140 193.646184
0.105234 0.002175 -0.994445 -0.188584 0.981896 -0.017809 0.976403 0.189410 0.103739 155.489860 -24.399577 193.722111
0.099912 0.003476 -0.994990 -0.187734 0.982099 -0.015420 0.977125 0.188334 0.098776 154.581858 -24.416785 193.805232
0.096245 0.004753 -0.995346 -0.188362 0.982007 -0.013524 0.977372 0.188787 0.095409 153.688379 -24.434193 193.888623
0.091910 0.004860 -0.995755 -0.189032 0.981889 -0.012656 0.977660 0.189393 0.091164 152.678933 -24.456975 193.972799
0.090920 0.004103 -0.995850 -0.189694 0.981754 -0.013274 0.977625 0.190113 0.090040 151.784464 -24.480148 194.051834
0.091143 0.000787 -0.995837 -0.189686 0.981705 -0.016585 0.977605 0.190408 0.089625 150.883192 -24.506857 194.130912
0.089140 -0.002047 -0.996017 -0.189142 0.981767 -0.018945 0.977895 0.190078 0.087128 149.984283 -24.534138 194.208536
0.084742 -0.003385 -0.996397 -0.187342 0.982106 -0.019269 0.978633 0.188300 0.082591 148.952853 -24.564617 194.295442
0.080281 -0.002213 -0.996770 -0.186227 0.982356 -0.017179 0.979221 0.187005 0.078452 147.875682 -24.598147 194.379767
0.075138 0.000373 -0.997173 -0.184932 0.982658 -0.013568 0.979875 0.185429 0.073903 146.804721 -24.628676 194.457852
0.071306 0.002807 -0.997451 -0.185257 0.982634 -0.010478 0.980100 0.185532 0.070588 145.721792 -24.655139 194.529215
0.070014 0.005137 -0.997533 -0.186650 0.982394 -0.008042 0.979929 0.186752 0.069740 144.740382 -24.674349 194.595695
0.068794 0.005326 -0.997617 -0.188481 0.982046 -0.007754 0.979664 0.188565 0.068562 143.824387 -24.689526 194.656273
0.068434 0.004944 -0.997643 -0.188977 0.981948 -0.008096 0.979594 0.189085 0.068133 142.917476 -24.703065 194.710814
0.067660 0.004848 -0.997697 -0.189336 0.981879 -0.008068 0.979579 0.189446 0.067352 141.982470 -24.713274 194.767959
0.066935 0.003872 -0.997750 -0.188816 0.981973 -0.008856 0.979729 0.188983 0.066460 141.121843 -24.726442 194.825200
0.067060 0.002478 -0.997746 -0.188177 0.982082 -0.010208 0.979843 0.188438 0.066325 140.211031 -24.738733 194.885995
0.067892 0.000821 -0.997692 -0.188430 0.982013 -0.012014 0.979737 0.188810 0.066825 139.288456 -24.752855 194.949760
0.067336 -0.001952 -0.997728 -0.189463 0.981778 -0.014708 0.979576 0.190023 0.065739 138.372940 -24.771006 195.007118
0.067845 -0.003214 -0.997691 -0.190086 0.981636 -0.016089 0.979420 0.190739 0.065988 137.454497 -24.793568 195.061857
0.067385 -0.005449 -0.997712 -0.190517 0.981515 -0.018228 0.979368 0.191310 0.065101 136.497201 -24.825614 195.117902
0.068223 -0.007011 -0.997645 -0.192290 0.981133 -0.020045 0.978964 0.193205 0.065588 135.425741 -24.860302 195.177832
0.069005 -0.008486 -0.997580 -0.194251 0.980710 -0.021779 0.978522 0.195284 0.066026 134.379647 -24.900414 195.240209
0.070026 -0.010209 -0.997493 -0.194556 0.980605 -0.023694 0.978389 0.195727 0.066681 133.378702 -24.938884 195.305861
0.071165 -0.011720 -0.997396 -0.194957 0.980482 -0.025432 0.978227 0.196260 0.067491 132.378024 -24.976620 195.371781
0.072026 -0.012866 -0.997320 -0.194744 0.980490 -0.026713 0.978206 0.196146 0.068115 131.391223 -25.014025 195.437058
0.072481 -0.012768 -0.997288 -0.195930 0.980252 -0.026790 0.977936 0.197340 0.068548 130.390347 -25.052074 195.501460
0.073631 -0.012987 -0.997201 -0.195770 0.980272 -0.027221 0.977882 0.197226 0.069636 129.403089 -25.095622 195.564117
0.074547 -0.013513 -0.997126 -0.195676 0.980271 -0.027913 0.977831 0.197195 0.070432 128.383741 -25.139546 195.631182
0.074912 -0.014268 -0.997088 -0.196535 0.980074 -0.028790 0.977631 0.198119 0.070615 127.372661 -25.179323 195.698280
0.073754 -0.015555 -0.997155 -0.196105 0.980130 -0.029794 0.977805 0.197744 0.069238 126.380260 -25.217705 195.770634
0.072679 -0.015354 -0.997237 -0.196149 0.980134 -0.029386 0.977877 0.197743 0.068223 125.390695 -25.256926 195.839160
0.070282 -0.014800 -0.997417 -0.197729 0.979843 -0.028472 0.977734 0.199219 0.065939 124.418036 -25.297673 195.902517
0.067168 -0.015123 -0.997627 -0.198170 0.979762 -0.028194 0.977864 0.199594 0.062812 123.430111 -25.343084 195.966961
0.065503 -0.016046 -0.997723 -0.200372 0.979293 -0.028905 0.977528 0.201809 0.060932 122.530948 -25.384230 196.019839
0.063287 -0.016756 -0.997855 -0.201117 0.979132 -0.029197 0.977521 0.202533 0.058597 121.625196 -25.425602 196.072262
0.060748 -0.017133 -0.998006 -0.201748 0.979006 -0.029087 0.977552 0.203112 0.056016 120.737498 -25.465640 196.118919
0.058681 -0.017943 -0.998116 -0.203135 0.978705 -0.029537 0.977391 0.204486 0.053786 119.846115 -25.510053 196.162266
0.056672 -0.020016 -0.998192 -0.204389 0.978392 -0.031223 0.977248 0.205789 0.051357 118.902442 -25.556963 196.208269
0.055659 -0.025411 -0.998126 -0.204589 0.978174 -0.036312 0.977264 0.206226 0.049245 117.888984 -25.603002 196.262915
0.054664 -0.028865 -0.998087 -0.205787 0.977797 -0.039549 0.977069 0.207555 0.047510 116.840459 -25.655706 196.321039
0.053979 -0.028305 -0.998141 -0.207458 0.977469 -0.038938 0.976753 0.209174 0.046891 115.846179 -25.705423 196.364206
0.052298 -0.025522 -0.998305 -0.208588 0.977344 -0.035914 0.976604 0.210112 0.045789 114.872324 -25.744529 196.406488
0.048504 -0.022593 -0.998567 -0.209629 0.977248 -0.032293 0.976577 0.210895 0.042664 113.918015 -25.783370 196.443697
0.045303 -0.020840 -0.998756 -0.209759 0.977296 -0.029906 0.976703 0.210853 0.039903 112.915187 -25.830249 196.474334
0.041983 -0.019759 -0.998923 -0.209893 0.977319 -0.028153 0.976823 0.210849 0.036883 111.927345 -25.877801 196.503297
0.040066 -0.019516 -0.999006 -0.210076 0.977298 -0.027517 0.976864 0.210970 0.035057 111.015205 -25.919550 196.525190
0.038656 -0.020004 -0.999052 -0.210510 0.977199 -0.027711 0.976827 0.211382 0.033564 110.132467 -25.954651 196.554735
0.036719 -0.021304 -0.999099 -0.209597 0.977371 -0.028544 0.977098 0.210457 0.031423 109.266148 -25.992692 196.579479
0.035416 -0.024719 -0.999067 -0.210135 0.977161 -0.031626 0.977031 0.211059 0.029412 108.493060 -26.026325 196.598966
0.034498 -0.029894 -0.998958 -0.209581 0.977111 -0.036478 0.977182 0.210621 0.027443 107.707989 -26.061961 196.621535
0.033456 -0.033432 -0.998881 -0.209738 0.976950 -0.039723 0.977185 0.210833 0.025673 107.008888 -26.102233 196.637492
0.030206 -0.033452 -0.998984 -0.210291 0.976858 -0.039070 0.977172 0.211257 0.022473 106.250001 -26.149543 196.648873
0.027271 -0.031593 -0.999129 -0.210731 0.976857 -0.036640 0.977164 0.211546 0.019982 105.392357 -26.195050 196.656338
0.024717 -0.028573 -0.999286 -0.211584 0.976797 -0.033163 0.977047 0.212253 0.018098 104.536241 -26.238135 196.665466
0.023196 -0.027765 -0.999345 -0.211788 0.976790 -0.032054 0.977040 0.212393 0.016777 103.830984 -26.271955 196.675160
0.021264 -0.027674 -0.999391 -0.211218 0.976930 -0.031546 0.977208 0.211761 0.014928 103.080680 -26.306040 196.683572
0.019323 -0.026604 -0.999459 -0.211788 0.976852 -0.030097 0.977125 0.212255 0.013242 102.294525 -26.344216 196.691039
0.016966 -0.024283 -0.999561 -0.211949 0.976899 -0.027330 0.977134 0.212319 0.011427 101.447982 -26.385017 196.698967
0.013881 -0.020080 -0.999702 -0.212811 0.976832 -0.022576 0.976995 0.213061 0.009286 100.624218 -26.417526 196.694388
0.011956 -0.018925 -0.999749 -0.213379 0.976743 -0.021041 0.976896 0.213577 0.007640 99.844327 -26.447020 196.695391
0.013733 -0.020986 -0.999685 -0.214762 0.976385 -0.023447 0.976570 0.215016 0.008902 99.149532 -26.473114 196.701714
0.017572 -0.026438 -0.999496 -0.213762 0.976438 -0.029586 0.976728 0.214175 0.011506 98.455005 -26.498118 196.714446
0.019134 -0.029429 -0.999384 -0.211933 0.976733 -0.032819 0.977097 0.212431 0.012452 97.620474 -26.530607 196.722114
0.020476 -0.027634 -0.999408 -0.210623 0.977065 -0.031332 0.977353 0.211140 0.014186 96.718948 -26.572974 196.732463
0.021496 -0.025618 -0.999441 -0.210314 0.977186 -0.029571 0.977397 0.210832 0.015618 95.822862 -26.608481 196.745036
0.020168 -0.024539 -0.999495 -0.209388 0.977425 -0.028223 0.977625 0.209851 0.014575 94.919793 -26.644435 196.754823
0.018306 -0.024882 -0.999523 -0.209272 0.977452 -0.028165 0.977686 0.209688 0.012686 94.089149 -26.680982 196.761602
0.017684 -0.025068 -0.999529 -0.208908 0.977528 -0.028212 0.977775 0.209309 0.012049 93.207641 -26.720318 196.767888
0.017064 -0.023836 -0.999570 -0.208512 0.977650 -0.026873 0.977871 0.208881 0.011712 92.324450 -26.756472 196.774168
0.015102 -0.021949 -0.999645 -0.206297 0.978180 -0.024595 0.978373 0.206595 0.010245 91.436542 -26.782948 196.786087
0.012662 -0.021821 -0.999682 -0.205443 0.978376 -0.023958 0.978587 0.205681 0.007905 90.584559 -26.813107 196.791033
0.010125 -0.022434 -0.999697 -0.204994 0.978468 -0.024034 0.978711 0.205175 0.005308 89.675936 -26.844771 196.787353
0.008928 -0.023040 -0.999695 -0.204521 0.978559 -0.024380 0.978821 0.204676 0.004025 88.778311 -26.880042 196.787043
0.008166 -0.022034 -0.999724 -0.205534 0.978374 -0.023242 0.978616 0.205667 0.003461 87.790774 -26.913726 196.780786
0.007715 -0.023070 -0.999704 -0.204835 0.978498 -0.024162 0.978766 0.204960 0.002823 86.705348 -26.947170 196.787036
0.005827 -0.023248 -0.999713 -0.206562 0.978140 -0.023951 0.978416 0.206642 0.000897 85.723927 -26.980582 196.790882
0.003461 -0.021473 -0.999763 -0.207177 0.978062 -0.021724 0.978297 0.207203 -0.001064 84.741027 -27.010957 196.791500
0.002304 -0.020159 -0.999794 -0.208226 0.977872 -0.020197 0.978078 0.208230 -0.001945 83.836572 -27.034547 196.783407
0.001388 -0.019872 -0.999802 -0.209826 0.977540 -0.019721 0.977738 0.209812 -0.002813 82.874077 -27.064679 196.770670
0.001463 -0.020419 -0.999790 -0.211578 0.977151 -0.020266 0.977360 0.211564 -0.002891 81.906999 -27.089071 196.750497
0.002887 -0.020645 -0.999783 -0.212631 0.976911 -0.020787 0.977128 0.212645 -0.001569 80.985234 -27.116613 196.737634
0.001612 -0.020792 -0.999783 -0.212156 0.977017 -0.020661 0.977234 0.212143 -0.002837 80.093343 -27.143995 196.727879
0.000686 -0.020114 -0.999797 -0.212091 0.977049 -0.019802 0.977250 0.212062 -0.003596 79.103066 -27.172048 196.716245
-0.001627 -0.019634 -0.999806 -0.212812 0.976911 -0.018839 0.977092 0.212740 -0.005767 78.162809 -27.201226 196.706849
-0.004565 -0.019574 -0.999798 -0.213699 0.976731 -0.018146 0.976889 0.213573 -0.008642 77.251920 -27.227112 196.695036
-0.007205 -0.019314 -0.999788 -0.213829 0.976717 -0.017328 0.976844 0.213659 -0.011167 76.328971 -27.257782 196.680514
-0.010461 -0.020575 -0.999734 -0.212653 0.976964 -0.017881 0.977072 0.212409 -0.014595 75.464159 -27.282233 196.671203
-0.014940 -0.021912 -0.999648 -0.212271 0.977040 -0.018244 0.977097 0.211924 -0.019249 74.710658 -27.306601 196.653627
-0.018946 -0.022390 -0.999570 -0.211280 0.977262 -0.017886 0.977242 0.210850 -0.023245 73.922590 -27.334019 196.632677
-0.021137 -0.024238 -0.999483 -0.211764 0.977132 -0.019218 0.977092 0.211248 -0.025786 73.081221 -27.361054 196.605812
-0.025059 -0.026378 -0.999338 -0.212045 0.977045 -0.020473 0.976939 0.211392 -0.030077 72.269521 -27.387551 196.579024
-0.027612 -0.030071 -0.999166 -0.212566 0.976864 -0.023525 0.976757 0.211739 -0.033365 71.368725 -27.419106 196.548447
-0.028915 -0.032199 -0.999063 -0.212543 0.976823 -0.025331 0.976724 0.211612 -0.035089 70.447292 -27.447212 196.516283
-0.030814 -0.032026 -0.999012 -0.213907 0.976541 -0.024708 0.976368 0.212935 -0.036942 69.484356 -27.479420 196.474300
-0.034707 -0.030379 -0.998936 -0.214861 0.976392 -0.022229 0.976028 0.213861 -0.040415 68.627122 -27.510282 196.432120
-0.037143 -0.027713 -0.998926 -0.214805 0.976470 -0.019103 0.975950 0.213865 -0.042222 67.623411 -27.551353 196.384157
-0.039360 -0.027115 -0.998857 -0.214912 0.976467 -0.018039 0.975840 0.213956 -0.044261 66.667800 -27.580730 196.333776
-0.041180 -0.027949 -0.998761 -0.215408 0.976350 -0.018440 0.975656 0.214381 -0.046227 65.796588 -27.607782 196.296981
-0.043306 -0.029186 -0.998635 -0.215461 0.976324 -0.019191 0.975552 0.214336 -0.048569 64.871375 -27.634752 196.255099
-0.045226 -0.029961 -0.998527 -0.216383 0.976114 -0.019488 0.975260 0.215183 -0.050629 63.892647 -27.666591 196.202093
-0.047273 -0.029923 -0.998434 -0.217817 0.975806 -0.018932 0.974844 0.216581 -0.052647 62.916124 -27.699305 196.146939
-0.050111 -0.029516 -0.998307 -0.218772 0.975612 -0.017863 0.974488 0.217507 -0.055346 61.945429 -27.729784 196.089858
-0.054039 -0.030812 -0.998063 -0.220333 0.975255 -0.018178 0.973927 0.218924 -0.059491 60.978715 -27.758261 196.030372
-0.056665 -0.032664 -0.997859 -0.220969 0.975088 -0.019371 0.973633 0.219398 -0.062471 60.076105 -27.791940 195.965654
-0.060688 -0.032723 -0.997620 -0.221740 0.974930 -0.018489 0.973215 0.220091 -0.066423 59.212089 -27.820854 195.903165
-0.064349 -0.032526 -0.997397 -0.223023 0.974658 -0.017395 0.972687 0.221323 -0.069972 58.287196 -27.848378 195.832104
-0.067279 -0.032797 -0.997195 -0.224459 0.974337 -0.016901 0.972158 0.222692 -0.072914 57.409820 -27.873524 195.760982
-0.069418 -0.032632 -0.997054 -0.227353 0.973680 -0.016038 0.971335 0.225569 -0.075009 56.620664 -27.897381 195.692673
-0.070922 -0.032818 -0.996942 -0.230539 0.972938 -0.015628 0.970475 0.228725 -0.076569 55.844559 -27.921538 195.629185
-0.072608 -0.033157 -0.996809 -0.233892 0.972142 -0.015300 0.969548 0.232035 -0.078341 54.901969 -27.947697 195.544354
-0.074789 -0.034175 -0.996614 -0.236928 0.971403 -0.015531 0.968644 0.234964 -0.080747 53.957283 -27.974896 195.458928
-0.076765 -0.034086 -0.996466 -0.239659 0.970745 -0.014744 0.967818 0.237680 -0.082688 53.039768 -28.005528 195.375281
-0.080476 -0.033182 -0.996204 -0.241315 0.970362 -0.012827 0.967104 0.239367 -0.086098 52.118507 -28.031715 195.283017
-0.085098 -0.032416 -0.995845 -0.242395 0.970117 -0.010866 0.966438 0.240463 -0.090413 51.130888 -28.051304 195.181871
-0.088783 -0.032602 -0.995517 -0.244985 0.969476 -0.009901 0.965453 0.243008 -0.094060 50.199085 -28.075471 195.083965
-0.091441 -0.032570 -0.995278 -0.246852 0.969011 -0.009031 0.964729 0.244861 -0.096648 49.256482 -28.098110 194.986142
-0.094544 -0.031469 -0.995023 -0.248272 0.968665 -0.007046 0.964066 0.246370 -0.099395 48.396998 -28.117720 194.893381
-0.096200 -0.030514 -0.994894 -0.251196 0.967921 -0.005397 0.963144 0.249394 -0.100778 47.478867 -28.137697 194.788271
-0.096347 -0.030820 -0.994871 -0.252962 0.967461 -0.005473 0.962667 0.251138 -0.101008 46.607733 -28.156472 194.693279
-0.095284 -0.032547 -0.994918 -0.253799 0.967229 -0.007334 0.962552 0.251811 -0.100422 45.715579 -28.177940 194.599443
-0.094158 -0.034189 -0.994970 -0.255045 0.966886 -0.009088 0.962334 0.252907 -0.099760 44.844737 -28.196226 194.500278
-0.091776 -0.035483 -0.995147 -0.256916 0.966374 -0.010763 0.962066 0.254682 -0.097806 44.031519 -28.217938 194.413476
-0.089457 -0.036409 -0.995325 -0.257700 0.966148 -0.012180 0.962075 0.255405 -0.095811 43.124364 -28.240363 194.322955
-0.087338 -0.037250 -0.995482 -0.259648 0.965611 -0.013352 0.961746 0.257309 -0.094006 42.229790 -28.263975 194.235354
-0.086888 -0.037685 -0.995505 -0.260834 0.965285 -0.013776 0.961466 0.258465 -0.093701 41.343702 -28.291034 194.146027
-0.087802 -0.037772 -0.995422 -0.261502 0.965108 -0.013555 0.961201 0.259114 -0.094616 40.547987 -28.314020 194.059722
-0.088428 -0.037480 -0.995377 -0.261460 0.965125 -0.013114 0.961155 0.259091 -0.095143 39.758403 -28.334029 193.977893
-0.089062 -0.036134 -0.995370 -0.262023 0.964992 -0.011586 0.960943 0.259778 -0.095413 38.886984 -28.360260 193.887378
-0.090260 -0.034309 -0.995327 -0.263537 0.964604 -0.009352 0.960417 0.261462 -0.096107 38.095602 -28.390336 193.804009
-0.091942 -0.034415 -0.995169 -0.264635 0.964308 -0.008899 0.959956 0.262538 -0.097768 37.386274 -28.413538 193.730392
-0.093822 -0.034588 -0.994988 -0.265161 0.964166 -0.008513 0.959629 0.263034 -0.099631 36.605061 -28.436191 193.645745
-0.095457 -0.035027 -0.994817 -0.266212 0.963878 -0.008394 0.959176 0.264031 -0.101333 35.849524 -28.458037 193.563792
-0.096409 -0.035051 -0.994724 -0.266307 0.963854 -0.008152 0.959055 0.264116 -0.102259 35.088444 -28.481987 193.479156
-0.096675 -0.034186 -0.994729 -0.266549 0.963794 -0.007217 0.958961 0.264446 -0.102287 34.298358 -28.510121 193.386805
-0.097461 -0.033044 -0.994691 -0.266563 0.963800 -0.005899 0.958877 0.264572 -0.102742 33.519078 -28.536454 193.298768
-0.097007 -0.031905 -0.994772 -0.266968 0.963693 -0.004874 0.958811 0.265100 -0.102002 32.735608 -28.561614 193.208814
-0.096361 -0.031652 -0.994843 -0.267117 0.963652 -0.004787 0.958834 0.265279 -0.101314 31.963660 -28.582398 193.125388
-0.095022 -0.031445 -0.994978 -0.267870 0.963443 -0.004867 0.958758 0.266062 -0.099971 31.267498 -28.601175 193.050677
-0.091842 -0.030936 -0.995293 -0.268686 0.963214 -0.005146 0.958839 0.266948 -0.096775 30.601855 -28.621955 192.980877
-0.089868 -0.030009 -0.995501 -0.268877 0.963163 -0.004762 0.958973 0.267239 -0.094626 30.006796 -28.637550 192.921125
-0.088591 -0.028616 -0.995657 -0.268961 0.963144 -0.003750 0.959068 0.267460 -0.093022 29.332827 -28.654119 192.855122
-0.086789 -0.027547 -0.995846 -0.270385 0.962747 -0.003067 0.958833 0.268995 -0.091004 28.648930 -28.676811 192.785130
-0.083674 -0.026972 -0.996128 -0.270116 0.962822 -0.003380 0.959185 0.268787 -0.087848 28.074294 -28.697765 192.729817
-0.079704 -0.026660 -0.996462 -0.269452 0.963005 -0.004212 0.959710 0.268163 -0.083939 27.525970 -28.720584 192.675905
-0.075706 -0.027135 -0.996761 -0.268266 0.963327 -0.005849 0.960366 0.266954 -0.080209 27.003154 -28.744699 192.630142
-0.069625 -0.028107 -0.997177 -0.267876 0.963416 -0.008452 0.960934 0.266531 -0.074607 26.515140 -28.764331 192.592963
-0.060174 -0.029914 -0.997740 -0.267528 0.963466 -0.012751 0.961669 0.266156 -0.065978 26.027195 -28.787033 192.563161
-0.048825 -0.032331 -0.998284 -0.267765 0.963314 -0.018102 0.962246 0.266422 -0.055690 25.495981 -28.805915 192.531181
-0.036263 -0.034661 -0.998741 -0.267797 0.963184 -0.023704 0.962793 0.266600 -0.044210 24.918794 -28.833902 192.507939
-0.021634 -0.036409 -0.999103 -0.267288 0.963171 -0.029311 0.963374 0.266414 -0.030569 24.335063 -28.867102 192.491558
-0.006592 -0.037653 -0.999269 -0.266875 0.963112 -0.034530 0.963709 0.266452 -0.016397 23.785641 -28.902577 192.484370
0.009125 -0.039217 -0.999189 -0.266138 0.963095 -0.040231 0.963892 0.266289 -0.001649 23.284228 -28.939052 192.489591
0.024786 -0.040623 -0.998867 -0.264474 0.963308 -0.045740 0.964074 0.265308 0.013133 22.786562 -28.976970 192.505221
0.041286 -0.041013 -0.998305 -0.263177 0.963427 -0.050464 0.963864 0.264814 0.028982 22.243421 -29.020400 192.523997
0.060587 -0.040680 -0.997334 -0.261853 0.963527 -0.055208 0.963204 0.264500 0.047725 21.696492 -29.069767 192.550766
0.084885 -0.040757 -0.995557 -0.260312 0.963555 -0.061642 0.961786 0.264388 0.071182 21.174146 -29.122908 192.595122
0.112122 -0.042403 -0.992789 -0.259629 0.963135 -0.070457 0.959177 0.265657 0.096979 20.749724 -29.176872 192.649382
0.139753 -0.045250 -0.989152 -0.257520 0.962920 -0.080434 0.956113 0.265967 0.122918 20.310296 -29.238253 192.725931
0.168126 -0.047254 -0.984632 -0.254448 0.962921 -0.089659 0.952360 0.265612 0.149868 19.856443 -29.302148 192.819799
0.197454 -0.048493 -0.979112 -0.249825 0.963310 -0.098092 0.947945 0.263976 0.178094 19.384361 -29.367184 192.925629
0.227650 -0.047383 -0.972589 -0.245511 0.963754 -0.104418 0.942284 0.262552 0.207766 18.893879 -29.436200 193.048609
0.259132 -0.044302 -0.964825 -0.241952 0.964118 -0.109252 0.935046 0.261752 0.239115 18.368960 -29.512810 193.197048
0.293962 -0.041880 -0.954899 -0.236924 0.964669 -0.115244 0.925988 0.260116 0.273653 17.820756 -29.595737 193.375624
0.326567 -0.040548 -0.944304 -0.231984 0.965081 -0.121667 0.916263 0.258796 0.305758 17.254162 -29.686250 193.574333
0.363620 -0.041198 -0.930636 -0.226202 0.965216 -0.131111 0.903666 0.258186 0.341653 16.727436 -29.778979 193.785707
0.400411 -0.042183 -0.915364 -0.221069 0.964986 -0.141173 0.889269 0.258885 0.377066 16.167455 -29.880910 194.031854
0.437357 -0.045367 -0.898143 -0.214501 0.964637 -0.153179 0.873332 0.259647 0.412159 15.648353 -29.988885 194.299246
0.476332 -0.049999 -0.877843 -0.204877 0.964590 -0.166109 0.855063 0.258972 0.449222 15.089822 -30.118763 194.604982
0.516596 -0.054762 -0.854476 -0.195621 0.964010 -0.180049 0.833583 0.260166 0.487291 14.476163 -30.275182 194.986550
0.554898 -0.058794 -0.829838 -0.185727 0.963568 -0.192461 0.810922 0.260920 0.523762 14.001290 -30.411450 195.326107
0.592481 -0.060490 -0.803310 -0.176141 0.963321 -0.202452 0.786092 0.261445 0.560095 13.390572 -30.582510 195.753204
0.627608 -0.062796 -0.775993 -0.163878 0.963753 -0.210531 0.761086 0.259299 0.594568 12.867582 -30.744404 196.179825
0.661253 -0.062054 -0.747592 -0.153599 0.964259 -0.215898 0.734270 0.257593 0.628088 12.388796 -30.900948 196.602822
0.692468 -0.061286 -0.718841 -0.141990 0.965320 -0.219080 0.707338 0.253774 0.659751 11.896898 -31.068143 197.086340
0.721518 -0.061927 -0.689621 -0.130753 0.965886 -0.223535 0.679938 0.251454 0.688807 11.387156 -31.254464 197.624188
0.749657 -0.062000 -0.658916 -0.121703 0.965710 -0.229330 0.650540 0.252111 0.716406 10.933216 -31.431876 198.140685
0.778157 -0.061971 -0.625005 -0.111487 0.965688 -0.234556 0.618095 0.252201 0.744548 10.523222 -31.607919 198.663123
0.803860 -0.062869 -0.591487 -0.101081 0.965497 -0.239996 0.586167 0.252711 0.769770 10.224483 -31.752699 199.097203
0.826965 -0.065587 -0.558415 -0.089966 0.964941 -0.246565 0.555009 0.254139 0.792072 9.897425 -31.924972 199.616480
0.849183 -0.068294 -0.523664 -0.078379 0.964322 -0.252862 0.522250 0.255770 0.813533 9.591086 -32.089903 200.127967
0.870550 -0.070681 -0.486977 -0.065725 0.964062 -0.257421 0.487670 0.256104 0.834619 9.291191 -32.268102 200.676348
0.889439 -0.070304 -0.451614 -0.055180 0.964353 -0.258800 0.453710 0.255107 0.853854 9.027621 -32.437538 201.207434
0.906867 -0.071371 -0.415329 -0.043123 0.964665 -0.259928 0.419205 0.253630 0.871745 8.802347 -32.602433 201.724464
0.924032 -0.073107 -0.375260 -0.029718 0.964843 -0.261142 0.381158 0.252456 0.889373 8.610772 -32.764728 202.252851
0.939281 -0.073070 -0.335278 -0.018511 0.964853 -0.262136 0.342648 0.252426 0.904916 8.470172 -32.905426 202.714729
0.952324 -0.073460 -0.296112 -0.007854 0.964355 -0.264496 0.304987 0.254211 0.917801 8.312048 -33.066465 203.242374
0.962895 -0.074206 -0.259474 0.002143 0.963527 -0.267603 0.269868 0.257118 0.927934 8.166007 -33.232918 203.795803
0.970786 -0.075433 -0.227782 0.011927 0.963296 -0.268177 0.239650 0.257626 0.936054 8.028889 -33.403643 204.387468
0.976836 -0.078007 -0.199263 0.021993 0.962855 -0.269122 0.212855 0.258505 0.942267 7.931062 -33.552874 204.898508
0.980701 -0.079652 -0.178551 0.029345 0.962872 -0.268359 0.193297 0.257941 0.946627 7.843372 -33.708152 205.411002
0.983584 -0.081760 -0.160868 0.035917 0.962332 -0.269494 0.176843 0.259292 0.949471 7.764001 -33.862298 205.924872
0.985430 -0.083895 -0.147948 0.041325 0.961915 -0.270206 0.164983 0.260155 0.951367 7.685778 -34.024700 206.467755
0.986816 -0.084864 -0.137813 0.044938 0.961693 -0.270419 0.155483 0.260661 0.952828 7.598797 -34.219173 207.114840
0.987838 -0.085235 -0.130044 0.047433 0.961688 -0.270012 0.148076 0.260559 0.954035 7.515553 -34.406039 207.750083
0.988423 -0.085704 -0.125199 0.049247 0.961728 -0.269545 0.143509 0.260259 0.954814 7.435516 -34.595608 208.394391
0.988648 -0.086295 -0.122996 0.050274 0.961423 -0.270441 0.141589 0.261188 0.954847 7.359763 -34.783052 209.004462
0.988679 -0.087544 -0.121857 0.051538 0.960872 -0.272157 0.140915 0.262795 0.954506 7.286255 -34.978427 209.636043
0.988416 -0.089071 -0.122882 0.052613 0.960557 -0.273060 0.142357 0.263431 0.954117 7.201169 -35.193418 210.338599
0.988112 -0.089827 -0.124760 0.052893 0.960633 -0.272739 0.144348 0.262898 0.953965 7.115685 -35.394705 210.987042
0.987792 -0.089782 -0.127300 0.052088 0.960529 -0.273261 0.146810 0.263295 0.953479 7.032642 -35.578994 211.596099
0.987359 -0.091533 -0.129398 0.052901 0.959889 -0.275344 0.149410 0.265018 0.952598 6.954519 -35.771714 212.223022
0.986867 -0.093461 -0.131751 0.053708 0.959065 -0.278045 0.152344 0.267318 0.951490 6.861325 -35.974604 212.896089
0.986655 -0.093666 -0.133190 0.053021 0.958216 -0.281090 0.153953 0.270276 0.950394 6.763290 -36.187037 213.581657
0.986550 -0.093332 -0.134195 0.052121 0.957727 -0.282919 0.154928 0.272119 0.949710 6.656698 -36.430293 214.344901
0.986578 -0.091933 -0.134953 0.050652 0.957985 -0.282310 0.155236 0.271685 0.949784 6.540787 -36.687011 215.160988
0.986500 -0.091093 -0.136088 0.049893 0.958689 -0.280046 0.155976 0.269475 0.950292 6.419308 -36.959151 216.025242
0.986323 -0.090994 -0.137428 0.049550 0.958923 -0.279306 0.157198 0.268676 0.950317 6.307545 -37.194940 216.781697
0.986135 -0.090827 -0.138882 0.048878 0.958767 -0.279958 0.158584 0.269288 0.949913 6.207332 -37.415948 217.460211
0.986059 -0.091211 -0.139168 0.048839 0.958184 -0.281953 0.159065 0.271225 0.949281 6.109581 -37.628100 218.119565
0.985995 -0.092160 -0.139002 0.049342 0.957339 -0.284725 0.159312 0.273878 0.948478 6.005551 -37.853462 218.817087
0.985961 -0.092466 -0.139038 0.049567 0.957218 -0.285091 0.159450 0.274197 0.948363 5.898954 -38.087055 219.526807
0.985868 -0.092668 -0.139562 0.049821 0.957566 -0.283876 0.159946 0.272911 0.948650 5.783487 -38.337907 220.288121
0.985717 -0.092963 -0.140426 0.050201 0.958128 -0.281904 0.160753 0.270828 0.949111 5.674756 -38.574393 221.021007
0.985463 -0.093869 -0.141602 0.050844 0.958246 -0.281389 0.162103 0.270099 0.949089 5.558736 -38.812570 221.782029
0.985152 -0.095564 -0.142628 0.052232 0.958212 -0.281251 0.163545 0.269625 0.948976 5.439488 -39.064676 222.581301
0.984990 -0.095260 -0.143945 0.051702 0.958460 -0.280501 0.164686 0.268848 0.948999 5.332427 -39.284488 223.275286
0.984754 -0.094834 -0.145832 0.051094 0.959037 -0.278636 0.166283 0.266937 0.949260 5.223559 -39.501497 223.982377
0.984474 -0.094995 -0.147602 0.051095 0.959574 -0.276778 0.167927 0.264939 0.949530 5.104230 -39.725275 224.723188
0.984304 -0.094487 -0.149059 0.050397 0.959923 -0.275696 0.169135 0.263857 0.949617 4.997687 -39.931338 225.392522
0.984080 -0.094761 -0.150358 0.050273 0.959868 -0.275911 0.170469 0.263960 0.949350 4.879473 -40.159172 226.127077
0.983858 -0.094073 -0.152229 0.049065 0.959885 -0.276069 0.172093 0.264144 0.949006 4.766605 -40.376968 226.824166
0.983810 -0.093238 -0.153049 0.047891 0.959726 -0.276825 0.172696 0.265013 0.948654 4.655341 -40.589347 227.489120
0.983586 -0.094076 -0.153973 0.047981 0.958971 -0.279415 0.173941 0.267441 0.947745 4.532010 -40.822962 228.230394
0.983448 -0.095228 -0.154149 0.048392 0.957894 -0.283016 0.174609 0.270872 0.946647 4.417699 -41.047366 228.946628
0.983368 -0.095974 -0.154199 0.048761 0.957323 -0.284878 0.174959 0.272621 0.946080 4.312475 -41.252650 229.597604
0.983520 -0.096029 -0.153188 0.049181 0.957435 -0.284430 0.173981 0.272208 0.946379 4.203875 -41.474286 230.268177
0.983782 -0.095258 -0.151982 0.049007 0.957832 -0.283118 0.172542 0.271078 0.946967 4.084178 -41.708417 230.985212
0.984048 -0.094856 -0.150506 0.049220 0.958136 -0.282050 0.170959 0.270143 0.947521 3.966156 -41.947441 231.708988
0.984511 -0.093944 -0.148026 0.049050 0.958193 -0.281888 0.168319 0.270262 0.947960 3.856700 -42.165516 232.381710
0.984620 -0.094465 -0.146966 0.049555 0.957672 -0.283565 0.167532 0.271921 0.947624 3.744822 -42.398799 233.097951
0.984655 -0.095819 -0.145854 0.050768 0.956910 -0.285912 0.166965 0.274120 0.947091 3.645230 -42.615349 233.773611
0.984590 -0.097206 -0.145372 0.052017 0.956445 -0.287242 0.166962 0.275254 0.946762 3.547236 -42.826248 234.434878
0.984499 -0.097508 -0.145788 0.052105 0.956290 -0.287741 0.167472 0.275685 0.946547 3.434421 -43.054118 235.142049
0.984307 -0.097562 -0.147040 0.051942 0.956533 -0.286960 0.168645 0.274820 0.946590 3.330302 -43.268798 235.794406
0.984055 -0.097676 -0.148643 0.051692 0.956699 -0.286453 0.170186 0.274202 0.946494 3.244569 -43.451499 236.339915
0.983598 -0.097805 -0.151556 0.050818 0.956452 -0.287432 0.173068 0.275015 0.945735 3.149880 -43.647845 236.929273
0.983240 -0.098245 -0.153582 0.050359 0.955966 -0.289123 0.175225 0.276543 0.944892 3.054043 -43.845938 237.536293
0.982892 -0.097838 -0.156051 0.049031 0.955666 -0.290342 0.177539 0.277723 0.944113 2.948635 -44.050512 238.154313
0.982494 -0.097396 -0.158809 0.047665 0.955500 -0.291114 0.180095 0.278448 0.943415 2.838651 -44.265835 238.794285
0.982148 -0.096658 -0.161378 0.046136 0.955460 -0.291492 0.182365 0.278843 0.942862 2.733836 -44.463388 239.377159
0.982115 -0.095305 -0.162379 0.044467 0.955437 -0.291826 0.182956 0.279386 0.942587 2.629414 -44.648324 239.933125
0.982373 -0.094639 -0.161205 0.044068 0.955315 -0.292287 0.181664 0.280031 0.942646 2.539150 -44.819195 240.444909
0.982733 -0.095542 -0.158451 0.045717 0.955197 -0.292420 0.179291 0.280127 0.943071 2.447502 -45.005125 240.998139
0.983422 -0.096009 -0.153827 0.047562 0.955202 -0.292108 0.174980 0.279949 0.943933 2.361902 -45.182993 241.533845
0.984441 -0.096878 -0.146594 0.050348 0.954818 -0.292896 0.168346 0.280958 0.944840 2.297210 -45.330569 241.992726
0.986221 -0.095337 -0.135204 0.051998 0.954470 -0.293739 0.157052 0.282661 0.946275 2.238166 -45.481262 242.441542
0.987886 -0.095497 -0.122316 0.055760 0.954025 -0.294496 0.144816 0.284108 0.947793 2.194484 -45.612554 242.844889
0.989835 -0.096742 -0.104246 0.062165 0.953576 -0.294665 0.127913 0.285190 0.949897 2.156005 -45.782991 243.357061
0.991495 -0.098106 -0.085518 0.068838 0.952970 -0.295142 0.110452 0.286745 0.951619 2.124646 -45.946665 243.845843
0.992804 -0.100321 -0.065390 0.076635 0.951861 -0.296796 0.092017 0.289649 0.952699 2.106444 -46.117869 244.352420
0.994012 -0.102219 -0.038608 0.086047 0.950054 -0.299990 0.067344 0.294872 0.953161 2.107434 -46.267831 244.825094
0.994456 -0.104922 -0.007026 0.097956 0.948587 -0.300979 0.038244 0.298622 0.953605 2.127357 -46.430482 245.319827
0.993981 -0.106555 0.025434 0.109275 0.948015 -0.298877 0.007735 0.299857 0.953953 2.166601 -46.601594 245.836649
0.992377 -0.108257 0.058886 0.120877 0.948113 -0.294060 -0.023997 0.298937 0.953971 2.225485 -46.771957 246.348303
0.989202 -0.111147 0.095531 0.134377 0.948017 -0.288455 -0.058504 0.298177 0.952716 2.311252 -46.936070 246.872764
0.984054 -0.113903 0.136617 0.148839 0.947850 -0.281828 -0.097392 0.297668 0.949689 2.421841 -47.103170 247.423328
0.977552 -0.116433 0.175598 0.162072 0.948087 -0.273613 -0.134624 0.295930 0.945675 2.542945 -47.264647 247.957503
0.969555 -0.119960 0.213476 0.175678 0.948074 -0.265127 -0.170586 0.294559 0.940285 2.692730 -47.421520 248.481790
0.959047 -0.122036 0.255611 0.188896 0.948007 -0.256127 -0.211064 0.293922 0.932235 2.866767 -47.564472 248.970665
0.946729 -0.123447 0.297430 0.201998 0.946958 -0.249936 -0.250800 0.296702 0.921448 3.044415 -47.699298 249.435879
0.932155 -0.122637 0.340657 0.213947 0.945620 -0.245009 -0.292085 0.301269 0.907702 3.236040 -47.817593 249.863331
0.914480 -0.122634 0.385599 0.228343 0.943131 -0.241584 -0.334044 0.308973 0.890478 3.434018 -47.929233 250.265789
0.895501 -0.120806 0.428349 0.240166 0.941465 -0.236568 -0.374697 0.314722 0.872096 3.670866 -48.050848 250.701859
0.872934 -0.120356 0.472758 0.253318 0.940027 -0.228430 -0.416912 0.319162 0.851070 3.941502 -48.168286 251.128789
0.847195 -0.120948 0.517332 0.266866 0.938864 -0.217527 -0.459395 0.322346 0.827677 4.221515 -48.269630 251.521711
0.819210 -0.120590 0.560672 0.279923 0.937353 -0.207395 -0.500538 0.326845 0.801645 4.572294 -48.396222 251.985912
0.790139 -0.117231 0.601613 0.289203 0.936715 -0.197300 -0.540410 0.329882 0.774038 4.925795 -48.507436 252.406687
0.756636 -0.117039 0.643276 0.300894 0.935806 -0.183657 -0.580487 0.332519 0.743280 5.328584 -48.613672 252.827670
0.723170 -0.117874 0.680538 0.311840 0.934903 -0.169444 -0.616264 0.334756 0.712852 5.790075 -48.724003 253.290393
0.689085 -0.119891 0.714694 0.323288 0.933502 -0.155109 -0.648572 0.337935 0.682022 6.312462 -48.833963 253.755154
0.653952 -0.119979 0.746961 0.333409 0.931997 -0.142194 -0.679106 0.342032 0.649484 6.795455 -48.913604 254.135242
0.616833 -0.118148 0.778176 0.342255 0.930569 -0.130008 -0.708787 0.346528 0.614443 7.310383 -48.993286 254.501894
0.577940 -0.115745 0.807829 0.349280 0.929726 -0.116674 -0.737556 0.349589 0.577753 7.847449 -49.071729 254.862954
0.535075 -0.115413 0.836884 0.356348 0.929017 -0.099718 -0.765971 0.351578 0.538221 8.339063 -49.132204 255.163606
0.490969 -0.115189 0.863528 0.362880 0.928176 -0.082507 -0.792002 0.353866 0.497506 8.876150 -49.173610 255.449247
0.448363 -0.118281 0.885991 0.370558 0.926614 -0.063819 -0.813423 0.356925 0.459290 9.403443 -49.211267 255.707830
0.410468 -0.119985 0.903947 0.376937 0.924974 -0.048384 -0.830322 0.360591 0.424899 10.027175 -49.240478 255.968951
0.372709 -0.121003 0.920025 0.380547 0.924186 -0.032612 -0.846328 0.362268 0.390500 10.639609 -49.253160 256.206995
0.339691 -0.120062 0.932842 0.383713 0.923216 -0.020905 -0.858705 0.365045 0.359678 11.262769 -49.266456 256.431165
0.311316 -0.119534 0.942759 0.385661 0.922582 -0.010377 -0.868532 0.366816 0.333314 11.987380 -49.274220 256.674997
0.287667 -0.120594 0.950108 0.386923 0.922112 -0.000109 -0.876093 0.367650 0.311922 12.743536 -49.278980 256.910730
0.269512 -0.123355 0.955064 0.385790 0.922529 0.010286 -0.882343 0.365681 0.296222 13.571985 -49.281064 257.158831
0.247176 -0.124380 0.960954 0.382745 0.923613 0.021097 -0.890174 0.362585 0.275901 14.381996 -49.269174 257.375257
0.224350 -0.124386 0.966538 0.382082 0.923636 0.030177 -0.896482 0.362526 0.254744 15.085577 -49.253530 257.546546
0.203163 -0.123090 0.971377 0.379979 0.924229 0.037643 -0.902408 0.361455 0.234541 15.712788 -49.234953 257.686846
0.182723 -0.121350 0.975647 0.377490 0.924951 0.044346 -0.907807 0.360193 0.214818 16.318156 -49.212794 257.808546
0.163066 -0.120303 0.979253 0.376117 0.925166 0.051027 -0.912110 0.359993 0.196111 16.950747 -49.181161 257.925926
0.146209 -0.121355 0.981782 0.376097 0.924745 0.058296 -0.914972 0.360722 0.180847 17.677333 -49.143521 258.049846
0.130653 -0.122943 0.983776 0.374736 0.924793 0.065804 -0.917880 0.360058 0.166898 18.560413 -49.089613 258.186399
0.117777 -0.123805 0.985292 0.373217 0.924976 0.071613 -0.920238 0.359294 0.155147 19.421459 -49.035435 258.317025
0.106514 -0.124322 0.986508 0.371630 0.925226 0.076474 -0.922250 0.358471 0.144751 20.155805 -48.987977 258.421150
0.099747 -0.123028 0.987378 0.371606 0.925131 0.077732 -0.923016 0.359162 0.137997 20.927604 -48.931673 258.531553
0.096217 -0.120212 0.988075 0.372168 0.925024 0.076300 -0.923165 0.360388 0.133742 21.648363 -48.880800 258.626512
0.095276 -0.119551 0.988246 0.372850 0.924780 0.075927 -0.922987 0.361233 0.132684 22.368168 -48.828549 258.719280
0.094846 -0.120965 0.988115 0.370856 0.925435 0.077695 -0.923835 0.359079 0.132634 23.080053 -48.784928 258.813295
0.094565 -0.121559 0.988069 0.369969 0.925723 0.078480 -0.924219 0.358133 0.132514 23.784656 -48.736494 258.905744
0.094310 -0.121291 0.988127 0.369594 0.925882 0.078376 -0.924395 0.357814 0.132148 24.491089 -48.686644 259.002724
0.094616 -0.121294 0.988097 0.368984 0.926127 0.078355 -0.924607 0.357178 0.132382 25.284185 -48.626308 259.109871
0.095463 -0.122920 0.987815 0.370088 0.925596 0.079412 -0.924079 0.357997 0.133851 26.038181 -48.572403 259.207929
0.096718 -0.125431 0.987377 0.370690 0.925198 0.081222 -0.923707 0.358155 0.135980 26.877115 -48.517853 259.316594
0.100240 -0.125383 0.987031 0.372214 0.924722 0.079667 -0.922718 0.359401 0.139363 27.657094 -48.465775 259.419883
0.105173 -0.124158 0.986673 0.374758 0.923976 0.076322 -0.921138 0.361737 0.143706 28.468955 -48.409587 259.533416
0.110475 -0.122080 0.986353 0.377706 0.923126 0.071950 -0.919312 0.364602 0.148092 29.247814 -48.355305 259.643730
0.115745 -0.121202 0.985857 0.380871 0.922077 0.068644 -0.917355 0.367539 0.152887 30.071602 -48.307007 259.766782
0.121332 -0.120952 0.985215 0.381077 0.922164 0.066281 -0.916547 0.367401 0.157980 30.934223 -48.264738 259.907921
0.124928 -0.119492 0.984944 0.380822 0.922458 0.063608 -0.916170 0.367142 0.160746 31.820374 -48.218848 260.051417
0.127164 -0.116905 0.984968 0.381113 0.922560 0.060294 -0.915741 0.367717 0.161871 32.812809 -48.168157 260.212138
0.130310 -0.114177 0.984877 0.381751 0.922540 0.056440 -0.915033 0.368623 0.163804 33.775480 -48.121670 260.373157
0.135316 -0.113708 0.984256 0.381821 0.922652 0.054098 -0.914277 0.368489 0.168266 34.717428 -48.083993 260.536192
0.139924 -0.114050 0.983572 0.381274 0.922954 0.052781 -0.913812 0.367625 0.172628 35.700374 -48.046971 260.711370
0.142248 -0.113425 0.983311 0.380920 0.923179 0.051384 -0.913600 0.367253 0.174526 36.680964 -48.012885 260.886753
0.143788 -0.111708 0.983283 0.380637 0.923412 0.049245 -0.913477 0.367194 0.175296 37.618306 -47.976250 261.048272
0.146431 -0.109771 0.983112 0.380872 0.923464 0.046381 -0.912959 0.367648 0.177032 38.583038 -47.936023 261.220975
0.148630 -0.108370 0.982937 0.382217 0.923026 0.043970 -0.912041 0.369160 0.178610 39.548550 -47.902428 261.392547
0.150835 -0.108742 0.982560 0.383311 0.922605 0.043264 -0.911220 0.370100 0.180843 40.459617 -47.873472 261.560210
0.151940 -0.108987 0.982363 0.384258 0.922229 0.042883 -0.910637 0.370965 0.182003 41.366133 -47.850277 261.727414
0.152741 -0.109018 0.982235 0.384298 0.922226 0.042598 -0.910486 0.370965 0.182757 42.303448 -47.830170 261.901651
0.153706 -0.108102 0.982185 0.384214 0.922316 0.041386 -0.910359 0.371008 0.183300 43.183532 -47.801927 262.057378
0.154263 -0.107398 0.982175 0.384474 0.922249 0.040458 -0.910155 0.371380 0.183561 44.200082 -47.769797 262.248625
0.155074 -0.107023 0.982089 0.385245 0.921962 0.039640 -0.909691 0.372198 0.184203 45.353905 -47.733552 262.459491
0.155424 -0.105573 0.982190 0.384808 0.922204 0.038233 -0.909816 0.372013 0.183958 46.397641 -47.706160 262.648423
0.154005 -0.104650 0.982512 0.383735 0.922656 0.038126 -0.910511 0.371153 0.182252 47.485930 -47.679750 262.846952
0.153173 -0.104231 0.982687 0.382957 0.922976 0.038206 -0.910979 0.370475 0.181291 48.544530 -47.655409 263.037847
0.152613 -0.105206 0.982670 0.383017 0.922904 0.039323 -0.911047 0.370379 0.181143 49.603720 -47.622942 263.220823
0.153945 -0.106625 0.982310 0.383612 0.922626 0.040028 -0.910573 0.370664 0.182936 50.628226 -47.597315 263.398911
0.155620 -0.108416 0.981849 0.383157 0.922766 0.041162 -0.910480 0.369796 0.185141 51.608417 -47.569704 263.578410
0.156373 -0.109811 0.981575 0.382690 0.922909 0.042283 -0.910547 0.369027 0.186341 52.579294 -47.543644 263.754937
0.156646 -0.110651 0.981437 0.383444 0.922571 0.042813 -0.910183 0.369620 0.186946 53.466018 -47.518221 263.913120
0.156200 -0.108863 0.981708 0.385277 0.921893 0.040929 -0.909485 0.371837 0.185942 54.418062 -47.490362 264.082166
0.155648 -0.104752 0.982243 0.388156 0.920863 0.036698 -0.908355 0.375551 0.183990 55.306861 -47.456203 264.242027
0.153789 -0.100471 0.982982 0.388800 0.920721 0.033279 -0.908396 0.377066 0.180660 56.131465 -47.431069 264.386951
0.152550 -0.099169 0.983308 0.388814 0.920742 0.032539 -0.908599 0.377360 0.179018 56.877463 -47.408882 264.516074
0.151852 -0.098915 0.983441 0.388697 0.920789 0.032595 -0.908766 0.377311 0.178271 57.779441 -47.383482 264.678936
0.150612 -0.098045 0.983719 0.387103 0.921461 0.032573 -0.909653 0.375894 0.176736 58.603717 -47.363554 264.825544
0.149105 -0.098433 0.983910 0.386271 0.921770 0.033680 -0.910254 0.375034 0.175462 59.457956 -47.343504 264.969534
0.148463 -0.099500 0.983900 0.386435 0.921656 0.034895 -0.910290 0.375032 0.175282 60.255264 -47.314723 265.104865
0.147909 -0.101037 0.983826 0.387435 0.921180 0.036357 -0.909955 0.375791 0.175396 61.026295 -47.290823 265.238881
0.146433 -0.100855 0.984066 0.388724 0.920631 0.036510 -0.909643 0.377183 0.174016 61.791908 -47.265207 265.369280
0.144641 -0.099222 0.984497 0.389219 0.920458 0.035584 -0.909718 0.378038 0.171755 62.573653 -47.241139 265.511737
0.145149 -0.097904 0.984554 0.390478 0.919987 0.033917 -0.909098 0.379524 0.171765 63.339486 -47.213280 265.648246
0.147479 -0.097376 0.984260 0.392635 0.919134 0.032102 -0.907793 0.381721 0.173786 64.209801 -47.184416 265.799918
0.150712 -0.098816 0.983627 0.395184 0.918055 0.031678 -0.906154 0.383940 0.177413 65.041986 -47.158459 265.946261
0.152517 -0.099137 0.983316 0.394997 0.918149 0.031301 -0.905934 0.383633 0.179192 65.923743 -47.141033 266.110632
0.153424 -0.099761 0.983112 0.395330 0.918000 0.031458 -0.905635 0.383827 0.180282 66.704124 -47.122020 266.255089
0.153680 -0.100228 0.983024 0.396409 0.917531 0.031578 -0.905120 0.384827 0.180737 67.481585 -47.102208 266.391259
0.153352 -0.099618 0.983138 0.397364 0.917139 0.030949 -0.904757 0.385917 0.180229 68.216019 -47.082411 266.523811
0.152923 -0.096748 0.983491 0.397995 0.916950 0.028318 -0.904552 0.387094 0.178728 68.957185 -47.066812 266.653495
0.153015 -0.093938 0.983749 0.400230 0.916068 0.025222 -0.903550 0.389867 0.177769 69.781104 -47.045824 266.802836
0.152942 -0.093615 0.983791 0.401304 0.915611 0.024740 -0.903086 0.391015 0.177604 70.587210 -47.029442 266.947805
0.153668 -0.095762 0.983471 0.402632 0.914988 0.026182 -0.902371 0.391953 0.179162 71.264724 -47.016438 267.071928
0.153940 -0.094492 0.983552 0.404323 0.914286 0.024555 -0.901568 0.393893 0.178951 72.057204 -47.006604 267.218847
0.155642 -0.086553 0.984014 0.406615 0.913459 0.016032 -0.900244 0.397620 0.177366 72.739620 -47.003838 267.339635
0.156904 -0.077656 0.984556 0.408881 0.912562 0.006816 -0.898998 0.401497 0.174937 73.527456 -46.995725 267.478989
0.157390 -0.070781 0.984997 0.410786 0.911732 -0.000122 -0.898044 0.404642 0.172573 74.393366 -46.994198 267.625363
0.158485 -0.071462 0.984772 0.413078 0.910695 -0.000393 -0.896799 0.406850 0.173851 75.291170 -47.000458 267.778884
0.160946 -0.075948 0.984037 0.414798 0.909911 0.002384 -0.895567 0.407792 0.177950 76.094587 -47.006207 267.919959
0.164282 -0.078717 0.983268 0.416294 0.909224 0.003236 -0.894266 0.408796 0.182139 76.979521 -47.011834 268.085650
0.166233 -0.080473 0.982797 0.417132 0.908838 0.003862 -0.893514 0.409314 0.184647 77.803605 -47.015093 268.242219
0.168888 -0.080334 0.982356 0.417011 0.908898 0.002634 -0.893073 0.409208 0.187002 78.640969 -47.024242 268.398444
0.169900 -0.080178 0.982194 0.416871 0.908963 0.002090 -0.892946 0.409093 0.187857 79.560470 -47.033411 268.569442
0.170519 -0.079314 0.982157 0.415977 0.909374 0.001215 -0.893245 0.408348 0.188058 80.443822 -47.047524 268.737532
0.169424 -0.077148 0.982519 0.415638 0.909530 -0.000255 -0.893611 0.408415 0.186162 81.243069 -47.053486 268.883308
0.168568 -0.075805 0.982771 0.416986 0.908912 -0.001414 -0.893145 0.410040 0.184823 82.005396 -47.056264 269.011470
0.167499 -0.074786 0.983032 0.418436 0.908243 -0.002201 -0.892667 0.411705 0.183423 82.817678 -47.058220 269.149727
0.165990 -0.075238 0.983253 0.418700 0.908124 -0.001194 -0.892826 0.411886 0.182241 83.654495 -47.068368 269.302161
0.163226 -0.075793 0.983673 0.417936 0.908476 0.000648 -0.893693 0.411006 0.179964 84.427817 -47.078739 269.438816
0.161341 -0.074783 0.984061 0.417918 0.908484 0.000520 -0.894043 0.411173 0.177829 85.234746 -47.086373 269.580042
0.159872 -0.073957 0.984363 0.417667 0.908600 0.000430 -0.894425 0.411067 0.176149 86.045691 -47.094962 269.726277
0.159138 -0.073883 0.984488 0.417780 0.908548 0.000651 -0.894503 0.411196 0.175451 86.822948 -47.104322 269.866181
0.158984 -0.073413 0.984548 0.419680 0.907672 -0.000089 -0.893640 0.413209 0.175115 87.546370 -47.117547 269.994614
0.159988 -0.070388 0.984606 0.421368 0.906882 -0.003636 -0.892666 0.415463 0.174750 88.416535 -47.131516 270.150628
0.160881 -0.067460 0.984666 0.421800 0.906663 -0.006801 -0.892301 0.416426 0.174320 89.258338 -47.147479 270.298458
0.161950 -0.064696 0.984676 0.421749 0.906660 -0.009795 -0.892132 0.416873 0.174118 90.029625 -47.157491 270.436429
0.162247 -0.064011 0.984672 0.422281 0.906402 -0.010657 -0.891827 0.417537 0.174092 90.790252 -47.174769 270.568938
0.162012 -0.063634 0.984735 0.422030 0.906517 -0.010855 -0.891988 0.417347 0.173722 91.531639 -47.188078 270.699135
0.162677 -0.063920 0.984607 0.421561 0.906736 -0.010786 -0.892089 0.416827 0.174451 92.342111 -47.208885 270.847803
0.162783 -0.063977 0.984585 0.420452 0.907253 -0.010563 -0.892592 0.415691 0.174585 93.071568 -47.221601 270.979927
0.162224 -0.062682 0.984761 0.418820 0.908000 -0.011198 -0.893461 0.414254 0.173552 93.853780 -47.236702 271.122204
0.161091 -0.060689 0.985072 0.418482 0.908139 -0.012486 -0.893825 0.414246 0.171690 94.585773 -47.257606 271.248740
0.160526 -0.059893 0.985213 0.417996 0.908358 -0.012885 -0.894154 0.413883 0.170850 95.388029 -47.281545 271.388384
0.159289 -0.060303 0.985389 0.418058 0.908341 -0.011992 -0.894346 0.413859 0.169899 96.183918 -47.296714 271.522595
0.157475 -0.060739 0.985653 0.418482 0.908160 -0.010896 -0.894469 0.414194 0.168431 96.895600 -47.313732 271.644940
0.156427 -0.058984 0.985927 0.418800 0.907997 -0.012125 -0.894504 0.414803 0.166738 97.644482 -47.337534 271.764453
0.154627 -0.055225 0.986428 0.418260 0.908208 -0.014718 -0.895069 0.414859 0.163532 98.505302 -47.359949 271.908252
0.150940 -0.051276 0.987212 0.417822 0.908375 -0.016702 -0.895903 0.415000 0.158535 99.177610 -47.381042 272.013362
0.146789 -0.049195 0.987944 0.416952 0.908775 -0.016698 -0.896997 0.414376 0.153911 99.749021 -47.398427 272.101442
0.140970 -0.048239 0.988838 0.417433 0.908581 -0.015186 -0.897706 0.414915 0.148220 100.344529 -47.414057 272.186979
0.135660 -0.048216 0.989581 0.418168 0.908276 -0.013071 -0.898183 0.415584 0.143380 101.005896 -47.429280 272.273701
0.131403 -0.047270 0.990201 0.418415 0.908174 -0.012170 -0.898700 0.415914 0.139115 101.643439 -47.446366 272.363707
0.126052 -0.046776 0.990920 0.420645 0.907162 -0.010687 -0.898426 0.418173 0.134026 102.295534 -47.454874 272.446973
0.120880 -0.046042 0.991599 0.421142 0.906948 -0.009227 -0.898903 0.418719 0.129022 102.979427 -47.467782 272.528681
0.117438 -0.046201 0.992005 0.422025 0.906551 -0.007740 -0.898946 0.419560 0.125961 103.784384 -47.484737 272.629000
0.114416 -0.047214 0.992310 0.422012 0.906573 -0.005525 -0.899341 0.419399 0.123651 104.542730 -47.500338 272.718925
0.113049 -0.046678 0.992492 0.421913 0.906620 -0.005418 -0.899560 0.419358 0.122187 105.198611 -47.512268 272.794870
0.109741 -0.043947 0.992988 0.423670 0.905792 -0.006734 -0.899144 0.421438 0.118021 105.905656 -47.519317 272.872293
0.106069 -0.040119 0.993549 0.426593 0.904399 -0.009023 -0.898202 0.424799 0.113043 106.600638 -47.524264 272.949321
0.103849 -0.037963 0.993868 0.428767 0.903357 -0.010296 -0.897427 0.427207 0.110090 107.404145 -47.540021 273.037573
0.102330 -0.037538 0.994042 0.429617 0.902955 -0.010128 -0.897194 0.428093 0.108527 108.280138 -47.554698 273.136182
0.100046 -0.038580 0.994235 0.429893 0.902843 -0.008225 -0.897320 0.428237 0.106911 109.068171 -47.568834 273.220655
0.099747 -0.040572 0.994185 0.431013 0.902323 -0.006420 -0.896816 0.429147 0.107491 109.933963 -47.577034 273.307502
0.099301 -0.042316 0.994157 0.433014 0.901374 -0.004885 -0.895901 0.430969 0.107830 110.813457 -47.588411 273.397303
0.099183 -0.043970 0.994097 0.434324 0.900750 -0.003493 -0.895280 0.432107 0.108436 111.632409 -47.599000 273.482261
0.098364 -0.044532 0.994154 0.436174 0.899858 -0.002848 -0.894470 0.433905 0.107937 112.493996 -47.612601 273.570740
0.097116 -0.042629 0.994360 0.437756 0.899084 -0.004210 -0.893833 0.435696 0.105977 113.371102 -47.620142 273.658180
0.096158 -0.040218 0.994553 0.439084 0.898425 -0.006122 -0.893285 0.437281 0.104049 114.306603 -47.628496 273.753636
0.094969 -0.038414 0.994739 0.441744 0.897110 -0.007530 -0.892101 0.440135 0.102166 115.242213 -47.644432 273.848462
0.093975 -0.037930 0.994852 0.443459 0.896262 -0.007719 -0.891355 0.441901 0.101046 116.124150 -47.659075 273.935072
0.093257 -0.037444 0.994938 0.445148 0.895421 -0.008026 -0.890588 0.443643 0.100173 117.017042 -47.675664 274.020536
0.093462 -0.037149 0.994930 0.446284 0.894851 -0.008511 -0.889997 0.444817 0.100214 117.971898 -47.686325 274.117615
0.093792 -0.036668 0.994916 0.447008 0.894483 -0.009173 -0.889599 0.445596 0.100286 118.962149 -47.702707 274.214485
0.094205 -0.036854 0.994870 0.447690 0.894141 -0.009270 -0.889213 0.446267 0.100731 119.984355 -47.721205 274.313388
0.093515 -0.036231 0.994958 0.447868 0.894049 -0.009538 -0.889196 0.446502 0.099834 120.996842 -47.741529 274.416579
0.094571 -0.033975 0.994938 0.447824 0.894041 -0.012038 -0.889106 0.446696 0.099765 122.008504 -47.761199 274.523866
0.096572 -0.032193 0.994805 0.447473 0.894180 -0.014502 -0.889068 0.446549 0.100759 122.996641 -47.786450 274.626505
0.100570 -0.031669 0.994426 0.447069 0.894343 -0.016732 -0.888828 0.446259 0.104103 123.986734 -47.815973 274.731377
0.103770 -0.030648 0.994129 0.447202 0.894229 -0.019112 -0.888393 0.446559 0.106500 124.880986 -47.843831 274.826494
0.106938 -0.025753 0.993932 0.447093 0.894140 -0.024936 -0.888072 0.447046 0.107131 125.837301 -47.870537 274.931349
0.109193 -0.017422 0.993868 0.447277 0.893769 -0.033474 -0.887705 0.448189 0.105386 126.673848 -47.907330 275.029689
0.109317 -0.011002 0.993946 0.447207 0.893567 -0.039294 -0.887725 0.448795 0.102602 127.556425 -47.942553 275.130632
0.108777 -0.011639 0.993998 0.446418 0.894001 -0.038385 -0.888188 0.447914 0.102443 128.460580 -47.979837 275.221343
0.108762 -0.014860 0.993957 0.445503 0.894581 -0.035374 -0.888649 0.446658 0.103917 129.373978 -48.021160 275.317657
0.109750 -0.018243 0.993792 0.445779 0.894541 -0.032809 -0.888389 0.446613 0.106309 130.274594 -48.064398 275.413614
0.110820 -0.021173 0.993615 0.445206 0.894905 -0.030585 -0.888544 0.445753 0.108599 131.146498 -48.106671 275.510636
0.111417 -0.022321 0.993523 0.444981 0.895044 -0.029793 -0.888582 0.445418 0.109655 132.060365 -48.153201 275.613560
0.111504 -0.021466 0.993532 0.446223 0.894393 -0.030755 -0.887948 0.446766 0.109308 132.975425 -48.190636 275.709027
0.110527 -0.017278 0.993723 0.446513 0.894127 -0.034117 -0.887925 0.447481 0.106540 133.905850 -48.224813 275.809811
0.109673 -0.014335 0.993864 0.444984 0.894807 -0.036197 -0.888797 0.446224 0.104515 134.831684 -48.263653 275.914759
0.110024 -0.013341 0.993839 0.442482 0.896016 -0.036957 -0.890003 0.443822 0.104487 135.795710 -48.307883 276.021134
0.109992 -0.012768 0.993851 0.440995 0.896735 -0.037285 -0.890744 0.442385 0.104264 136.679131 -48.346245 276.114692
0.110408 -0.009717 0.993839 0.440417 0.896895 -0.040158 -0.890979 0.442137 0.103303 137.512688 -48.387357 276.194901
0.111213 -0.005723 0.993780 0.440339 0.896747 -0.044114 -0.890917 0.442506 0.102250 138.329449 -48.422187 276.277597
0.112957 -0.004098 0.993591 0.439573 0.897014 -0.046274 -0.891076 0.441983 0.103126 139.193269 -48.464531 276.371899
0.117261 -0.006455 0.993080 0.438503 0.897555 -0.045943 -0.891047 0.440856 0.108079 140.054291 -48.508363 276.468023
0.120916 -0.008877 0.992623 0.439709 0.896985 -0.045541 -0.889964 0.441972 0.112363 140.857668 -48.548708 276.552668
0.123985 -0.009720 0.992236 0.439934 0.896842 -0.046186 -0.889430 0.442245 0.115471 141.759132 -48.599785 276.659591
0.124673 -0.008369 0.992163 0.440677 0.896391 -0.047813 -0.888966 0.443184 0.115444 142.721964 -48.648127 276.771498
0.125815 -0.007652 0.992024 0.440604 0.896365 -0.048966 -0.888841 0.443251 0.116148 143.605723 -48.700069 276.871923
0.130045 -0.008338 0.991473 0.439955 0.896617 -0.050166 -0.888554 0.442728 0.120269 144.590372 -48.758492 276.980076
0.133768 -0.009866 0.990964 0.440475 0.896341 -0.050535 -0.887743 0.443255 0.124248 145.567949 -48.819536 277.093567
0.135324 -0.010384 0.990747 0.440099 0.896516 -0.050715 -0.887694 0.442890 0.125890 146.549113 -48.884558 277.216055
0.135349 -0.007480 0.990770 0.440186 0.896319 -0.053367 -0.887647 0.443346 0.124609 147.483384 -48.949152 277.332016
0.135592 -0.004372 0.990755 0.440409 0.896029 -0.056319 -0.887499 0.443974 0.123420 148.477775 -49.021546 277.453088
0.134921 0.000026 0.990856 0.442196 0.894894 -0.060236 -0.886713 0.446279 0.120729 149.557773 -49.097581 277.576788
0.134467 0.002862 0.990914 0.443202 0.894225 -0.062725 -0.886279 0.447609 0.118975 150.561813 -49.173799 277.691092
0.135469 0.003890 0.990774 0.444094 0.893675 -0.064230 -0.885680 0.448697 0.119338 151.614951 -49.251479 277.812242
0.137146 0.002605 0.990547 0.443892 0.893806 -0.063809 -0.885523 0.448447 0.121425 152.694162 -49.335762 277.940476
0.138814 0.001100 0.990318 0.443435 0.894079 -0.063150 -0.885492 0.447908 0.123623 153.768187 -49.427151 278.069815
0.138541 -0.000590 0.990357 0.442009 0.894914 -0.061300 -0.886247 0.446239 0.124243 154.783121 -49.501583 278.195238
0.138412 -0.000568 0.990375 0.441301 0.895272 -0.061162 -0.886620 0.445519 0.124167 155.828016 -49.577432 278.325961
0.136807 -0.000660 0.990598 0.441342 0.895307 -0.060355 -0.886849 0.445450 0.122775 156.917514 -49.651077 278.462558
0.135701 -0.001106 0.990749 0.443074 0.894496 -0.059689 -0.886155 0.447075 0.121874 157.900158 -49.712987 278.583525
0.132681 -0.001735 0.991157 0.443390 0.894464 -0.057788 -0.886454 0.447136 0.119448 158.847416 -49.777973 278.694790
0.128903 -0.001126 0.991657 0.443164 0.894652 -0.056590 -0.887124 0.446761 0.115822 159.869075 -49.843194 278.812095
0.127191 0.000518 0.991878 0.442573 0.894905 -0.057219 -0.887667 0.446256 0.113594 160.975676 -49.914362 278.931904
0.125683 0.003272 0.992065 0.442207 0.894972 -0.058974 -0.888063 0.446110 0.111036 161.979994 -49.978343 279.044196
0.123761 0.005620 0.992296 0.441642 0.895173 -0.060152 -0.888614 0.445684 0.108305 162.978506 -50.047633 279.147956
0.121524 0.007090 0.992563 0.441506 0.895220 -0.060450 -0.888991 0.445569 0.105660 163.925722 -50.123094 279.239283
0.118828 0.007687 0.992885 0.441838 0.895099 -0.059809 -0.889190 0.445802 0.102966 164.923086 -50.198782 279.330485
0.114285 0.007970 0.993416 0.441670 0.895301 -0.057993 -0.889869 0.445390 0.098799 165.950854 -50.271212 279.420123
0.111317 0.006732 0.993762 0.441609 0.895488 -0.055533 -0.890275 0.445036 0.096711 166.958818 -50.343559 279.512649
0.106872 0.004512 0.994263 0.441696 0.895683 -0.051542 -0.890777 0.444670 0.093731 168.000090 -50.413885 279.604240
0.103854 0.003183 0.994587 0.442081 0.895634 -0.049028 -0.890943 0.444780 0.091608 169.021964 -50.474759 279.692006
0.098247 0.002605 0.995159 0.442404 0.895634 -0.046020 -0.891418 0.444784 0.086841 170.015227 -50.528569 279.774852
0.091512 0.002002 0.995802 0.443114 0.895456 -0.042522 -0.891782 0.445145 0.081058 171.053828 -50.584233 279.858587
0.085653 0.001780 0.996323 0.442459 0.895912 -0.039639 -0.892689 0.444228 0.075950 172.007343 -50.630367 279.927654
0.081753 0.002331 0.996650 0.443146 0.895625 -0.038445 -0.892714 0.444804 0.072187 172.805530 -50.659921 279.985950
0.076521 0.003274 0.997063 0.443742 0.895390 -0.036996 -0.892881 0.445270 0.067063 173.548509 -50.687607 280.033379
0.070153 0.002960 0.997532 0.444799 0.894987 -0.033937 -0.892879 0.446082 0.061469 174.350349 -50.715049 280.071526
0.063276 0.001456 0.997995 0.447675 0.893704 -0.029688 -0.891955 0.448655 0.055898 175.177126 -50.742323 280.104847
0.056172 0.002143 0.998419 0.449932 0.892648 -0.027230 -0.891295 0.450750 0.049177 175.936769 -50.765667 280.130298
0.050794 0.003050 0.998704 0.450472 0.892422 -0.025636 -0.891345 0.451190 0.043956 176.716168 -50.783460 280.156518
0.045716 0.001961 0.998953 0.451220 0.892132 -0.022401 -0.891241 0.451771 0.039900 177.594743 -50.810416 280.182289
0.040611 0.001673 0.999174 0.452477 0.891554 -0.019883 -0.890851 0.452911 0.035450 178.457100 -50.833053 280.200539
0.038709 0.002598 0.999247 0.454230 0.890662 -0.019911 -0.890043 0.454658 0.033296 179.189513 -50.850215 280.215640
0.037665 0.004526 0.999280 0.454822 0.890330 -0.021176 -0.889785 0.455292 0.031476 179.811727 -50.865143 280.227987
0.038176 0.006439 0.999250 0.455814 0.889774 -0.023148 -0.889256 0.456356 0.031033 180.543704 -50.890843 280.249346
0.041517 0.007142 0.999112 0.455813 0.889716 -0.025301 -0.889107 0.456459 0.033683 181.350830 -50.923221 280.277226
0.048341 0.006435 0.998810 0.455783 0.889657 -0.027791 -0.888778 0.456584 0.040074 182.216671 -50.955888 280.311763
0.055217 0.003596 0.998468 0.455188 0.889943 -0.028378 -0.888681 0.456058 0.047503 183.169385 -50.999279 280.355790
0.060469 -0.000321 0.998170 0.453636 0.890772 -0.027195 -0.889133 0.454450 0.054009 184.078019 -51.043451 280.408230
0.063951 -0.001094 0.997952 0.452016 0.891570 -0.027989 -0.889714 0.452881 0.057511 184.979536 -51.088241 280.461743
0.067658 0.001831 0.997707 0.450862 0.892012 -0.032212 -0.890026 0.452007 0.059527 185.930671 -51.136891 280.525392
0.072594 0.007845 0.997331 0.450153 0.892065 -0.039782 -0.889996 0.451839 0.061227 186.790600 -51.175291 280.576765
0.078063 0.010875 0.996889 0.449847 0.891973 -0.044957 -0.889687 0.451957 0.064738 187.745350 -51.221054 280.640926
0.082938 0.010568 0.996499 0.448722 0.892445 -0.046812 -0.889815 0.451033 0.069276 188.735759 -51.276879 280.709834
0.089654 0.006383 0.995952 0.446444 0.893633 -0.045916 -0.890309 0.448754 0.077268 189.564842 -51.330918 280.778798
0.099553 0.002057 0.995030 0.445793 0.893930 -0.046450 -0.889583 0.448202 0.088076 190.402075 -51.389736 280.854698
0.105857 0.000433 0.994381 0.444941 0.894286 -0.047756 -0.889282 0.447496 0.094474 191.297607 -51.450751 280.935506
0.113336 0.000156 0.993557 0.443973 0.894600 -0.050785 -0.888843 0.446868 0.101321 192.203244 -51.517535 281.033533
0.117012 0.002688 0.993127 0.443980 0.894363 -0.054731 -0.888363 0.447333 0.103458 193.192308 -51.590054 281.135221
0.116285 0.006310 0.993196 0.444569 0.893882 -0.057730 -0.888164 0.448257 0.101139 194.221778 -51.653838 281.233341
0.116614 0.008293 0.993143 0.444085 0.894000 -0.059609 -0.888364 0.447991 0.100570 195.236262 -51.729238 281.338501
0.117248 0.005322 0.993088 0.443989 0.894204 -0.057211 -0.888328 0.447628 0.102481 196.209515 -51.801215 281.440468
0.118100 -0.001531 0.993001 0.443315 0.894894 -0.051345 -0.888552 0.446276 0.106366 197.253262 -51.871566 281.547880
0.117134 -0.006250 0.993096 0.442168 0.895725 -0.046516 -0.889251 0.444564 0.107683 198.317910 -51.939148 281.653940
0.116277 -0.006052 0.993198 0.442022 0.895809 -0.046290 -0.889436 0.444398 0.106837 199.320892 -51.999020 281.752082
0.115194 -0.001980 0.993341 0.443995 0.894650 -0.049705 -0.888594 0.446764 0.103938 200.271402 -52.050593 281.834898
0.113149 0.004570 0.993568 0.445458 0.893622 -0.054840 -0.888124 0.448798 0.099076 201.240248 -52.111967 281.923312
0.112253 0.007380 0.993652 0.445079 0.893680 -0.056918 -0.888428 0.448643 0.097033 202.299520 -52.185974 282.023862
0.109294 0.009064 0.993968 0.444892 0.893764 -0.057070 -0.888890 0.448446 0.093651 203.396840 -52.263281 282.121031
0.104596 0.008811 0.994476 0.444812 0.893952 -0.054705 -0.889495 0.448077 0.089585 204.442353 -52.329183 282.213680
0.101548 0.007020 0.994806 0.444758 0.894157 -0.051710 -0.889875 0.447699 0.087677 205.504536 -52.401011 282.299541
0.097814 0.002875 0.995201 0.443593 0.895037 -0.046184 -0.890874 0.445982 0.086272 206.701078 -52.476001 282.396779
0.094632 -0.001108 0.995512 0.442171 0.895992 -0.041035 -0.891925 0.444069 0.085279 207.730874 -52.533166 282.480452
0.093001 -0.004009 0.995658 0.442595 0.895927 -0.037734 -0.891886 0.444183 0.085097 208.741732 -52.591715 282.558169
0.092731 -0.004203 0.995682 0.443870 0.895304 -0.037560 -0.891280 0.445437 0.084888 209.656450 -52.643728 282.629311
0.092357 0.001034 0.995725 0.445316 0.894377 -0.042233 -0.890598 0.447313 0.082142 210.591966 -52.691096 282.702537
0.094608 0.005455 0.995500 0.447130 0.893213 -0.047387 -0.889452 0.449601 0.082066 211.553138 -52.742180 282.777731
0.097092 0.008805 0.995236 0.447500 0.892796 -0.051556 -0.888997 0.450374 0.082743 212.447169 -52.801471 282.851309
0.097768 0.007688 0.995180 0.447728 0.892721 -0.050882 -0.888809 0.450544 0.083837 213.385028 -52.856963 282.928499
0.099709 0.005548 0.995001 0.447018 0.893139 -0.049776 -0.888951 0.449746 0.086574 214.388103 -52.923301 283.007112
0.101754 0.005634 0.994794 0.446583 0.893302 -0.050738 -0.888937 0.449421 0.088381 215.439277 -52.986663 283.088062
0.102096 0.007030 0.994750 0.445434 0.893801 -0.052034 -0.889474 0.448408 0.088122 216.508737 -53.061081 283.176545
0.104051 0.007493 0.994544 0.444956 0.893965 -0.053287 -0.889487 0.448073 0.089684 217.534753 -53.129614 283.264884
0.106012 0.008488 0.994329 0.445360 0.893654 -0.055112 -0.889053 0.448676 0.090958 218.457879 -53.196785 283.341040
0.107416 0.010845 0.994155 0.445070 0.893626 -0.057837 -0.889030 0.448681 0.091163 219.494500 -53.265011 283.434735
0.109875 0.011034 0.993884 0.443898 0.894133 -0.059000 -0.889315 0.447666 0.093345 220.553280 -53.343028 283.529639
0.112510 0.007229 0.993624 0.442524 0.894968 -0.056619 -0.889671 0.446073 0.097494 221.571058 -53.416304 283.620586
0.113782 0.004624 0.993495 0.439732 0.896472 -0.054534 -0.890892 0.443076 0.099969 222.547133 -53.488539 283.715376
0.115399 0.004974 0.993307 0.438080 0.897228 -0.055387 -0.891498 0.441540 0.101360 223.585932 -53.562921 283.820361
0.118158 0.007635 0.992966 0.437108 0.897478 -0.058914 -0.891614 0.440994 0.102706 224.413420 -53.627294 283.906908
0.119492 0.011926 0.992764 0.436501 0.897473 -0.063320 -0.891734 0.440908 0.102035 225.177708 -53.686971 283.982350
0.120310 0.014370 0.992632 0.434613 0.898219 -0.065679 -0.892545 0.439313 0.101819 225.956066 -53.752558 284.063964
0.121412 0.014230 0.992500 0.432158 0.899397 -0.065761 -0.893587 0.436901 0.103048 226.801588 -53.823696 284.157606
0.119970 0.011302 0.992713 0.429248 0.901047 -0.062133 -0.895183 0.433575 0.103247 227.686358 -53.893472 284.252722
0.119105 0.008236 0.992847 0.427817 0.901950 -0.058804 -0.895983 0.431761 0.103904 228.591134 -53.962054 284.346732
0.117568 0.006166 0.993046 0.427233 0.902394 -0.056184 -0.896465 0.430868 0.103459 229.411886 -54.025221 284.424927
0.116150 0.006299 0.993212 0.426578 0.902740 -0.055611 -0.896962 0.430141 0.102166 230.180434 -54.089663 284.493417
0.114549 0.008591 0.993380 0.425407 0.903214 -0.056866 -0.897724 0.429105 0.099808 230.892471 -54.148178 284.561650
0.114377 0.011741 0.993368 0.424930 0.903262 -0.059603 -0.897971 0.428929 0.098324 231.444129 -54.194097 284.610434
0.114951 0.014340 0.993268 0.425360 0.902880 -0.062262 -0.897694 0.429654 0.097688 232.026858 -54.241391 284.659018
0.115671 0.015752 0.993163 0.425842 0.902538 -0.063911 -0.897373 0.430323 0.097690 232.624098 -54.292941 284.708993
0.115689 0.015723 0.993161 0.425172 0.902860 -0.063820 -0.897688 0.429648 0.097767 233.254568 -54.347892 284.760686
0.115618 0.015564 0.993172 0.425038 0.902936 -0.063630 -0.897761 0.429492 0.097780 233.894833 -54.406214 284.813852
0.115680 0.016362 0.993152 0.426376 0.902242 -0.064527 -0.897119 0.430921 0.097395 234.412502 -54.457158 284.844266
0.113728 0.017792 0.993353 0.427854 0.901498 -0.065131 -0.896664 0.432417 0.094914 235.024598 -54.513038 284.885205
0.110537 0.019630 0.993678 0.429572 0.900648 -0.065578 -0.896242 0.434105 0.091122 235.549644 -54.561161 284.914638
0.106265 0.020864 0.994119 0.431333 0.899849 -0.064993 -0.895913 0.435703 0.086623 236.034103 -54.602065 284.940374
0.101321 0.021474 0.994622 0.432067 0.899608 -0.063436 -0.896132 0.436171 0.081871 236.506122 -54.643956 284.965783
0.095083 0.021399 0.995239 0.432680 0.899503 -0.060678 -0.896520 0.436389 0.076268 236.979660 -54.687084 284.988458
0.087685 0.021299 0.995920 0.433710 0.899221 -0.057417 -0.896776 0.436976 0.069611 237.521976 -54.731948 285.017986
0.080292 0.020978 0.996551 0.435104 0.898761 -0.053976 -0.896793 0.437937 0.063035 238.053853 -54.769471 285.043219
0.072881 0.019579 0.997148 0.435742 0.898710 -0.049494 -0.897116 0.438107 0.056967 238.524886 -54.801319 285.064205
0.067105 0.018375 0.997577 0.436931 0.898321 -0.045939 -0.896988 0.438955 0.052253 238.997699 -54.835271 285.081466
0.061107 0.018070 0.997968 0.438211 0.897839 -0.043089 -0.896793 0.439954 0.046946 239.435975 -54.869771 285.090486
0.056266 0.019004 0.998235 0.438823 0.897600 -0.041823 -0.896810 0.440402 0.042165 239.810441 -54.899926 285.091727
0.050469 0.020445 0.998516 0.439009 0.897566 -0.040568 -0.897064 0.440406 0.036323 240.221616 -54.930918 285.093928
0.044250 0.021499 0.998789 0.439607 0.897352 -0.038791 -0.897100 0.440791 0.030257 240.686885 -54.958604 285.096799
0.036476 0.021127 0.999111 0.439628 0.897497 -0.035029 -0.897439 0.440515 0.023449 241.129191 -54.978618 285.095945
0.028236 0.019904 0.999403 0.439221 0.897868 -0.030291 -0.897935 0.439814 0.016610 241.575984 -55.004239 285.094215
0.020572 0.019355 0.999601 0.438719 0.898236 -0.026421 -0.898389 0.439087 0.009987 241.997626 -55.030578 285.089508
0.013819 0.019616 0.999712 0.438425 0.898456 -0.023690 -0.898662 0.438626 0.003816 242.413459 -55.051640 285.080482
0.007373 0.020019 0.999772 0.437907 0.898770 -0.021226 -0.898990 0.437964 -0.002140 242.841736 -55.074096 285.071390
0.000035 0.020266 0.999795 0.437300 0.899131 -0.018241 -0.899316 0.437211 -0.008831 243.304885 -55.092542 285.059992
-0.008765 0.021148 0.999738 0.437469 0.899105 -0.015184 -0.899191 0.437221 -0.017132 243.772889 -55.107031 285.042637
-0.018656 0.023023 0.999561 0.439094 0.898354 -0.012496 -0.898247 0.438668 -0.026869 244.290535 -55.124487 285.015574
-0.027219 0.025034 0.999316 0.439905 0.897983 -0.010514 -0.897632 0.439318 -0.035455 244.812962 -55.142208 284.988659
-0.037741 0.026143 0.998946 0.440135 0.897905 -0.006870 -0.897138 0.439412 -0.045395 245.391612 -55.155043 284.957686
-0.050387 0.027091 0.998362 0.439198 0.898388 -0.002212 -0.896976 0.438367 -0.057166 245.951385 -55.166369 284.922689
-0.064741 0.028151 0.997505 0.439295 0.898337 0.003159 -0.896007 0.438403 -0.070526 246.482845 -55.171461 284.879926
-0.080192 0.029109 0.996354 0.439506 0.898193 0.009133 -0.894653 0.438636 -0.084821 246.987936 -55.177664 284.823366
-0.097714 0.028538 0.994805 0.438711 0.898461 0.017318 -0.893300 0.438124 -0.100312 247.495987 -55.177911 284.757417
-0.119420 0.028574 0.992433 0.437588 0.898777 0.026777 -0.891210 0.437474 -0.119835 248.004853 -55.169786 284.679662
-0.145536 0.029113 0.988925 0.436595 0.898864 0.037790 -0.887808 0.437260 -0.143528 248.477213 -55.158095 284.595380
-0.170766 0.031053 0.984822 0.435457 0.898973 0.047162 -0.883864 0.436902 -0.167036 248.853815 -55.144255 284.515363
-0.198300 0.033692 0.979562 0.434777 0.898726 0.057104 -0.878434 0.437215 -0.192866 249.336899 -55.116715 284.403356
-0.228034 0.035318 0.973012 0.434184 0.898166 0.069154 -0.871484 0.438236 -0.220147 249.871956 -55.077681 284.263988
-0.256514 0.035502 0.965888 0.432709 0.897804 0.081917 -0.864271 0.438961 -0.245661 250.424195 -55.033738 284.098050
-0.288251 0.036145 0.956873 0.431247 0.897110 0.096022 -0.854949 0.440327 -0.274180 250.926849 -54.986116 283.925230
-0.321436 0.036375 0.946232 0.427977 0.896959 0.110904 -0.844698 0.440615 -0.303883 251.438536 -54.926577 283.724971
-0.356423 0.035991 0.933631 0.423565 0.896901 0.127125 -0.832799 0.440764 -0.334921 251.909969 -54.866370 283.525963
-0.392158 0.034687 0.919244 0.418341 0.896701 0.144631 -0.819270 0.441276 -0.366159 252.376195 -54.794478 283.308211
-0.426968 0.033630 0.903641 0.412580 0.896477 0.161579 -0.804659 0.441813 -0.396642 252.922516 -54.704595 283.039868
-0.459732 0.034069 0.887404 0.407615 0.895880 0.176776 -0.788984 0.442988 -0.425752 253.439228 -54.612889 282.765294
-0.493079 0.034325 0.869307 0.401241 0.895576 0.192225 -0.771932 0.443583 -0.455362 253.945255 -54.509225 282.461291
-0.526735 0.033913 0.849353 0.393759 0.895268 0.208447 -0.753329 0.444236 -0.484922 254.467231 -54.393388 282.141947
-0.558860 0.033954 0.828567 0.386661 0.894569 0.224140 -0.733600 0.445637 -0.513068 254.930568 -54.274152 281.820316
-0.588762 0.034364 0.807576 0.379912 0.893628 0.238948 -0.713461 0.447491 -0.539190 255.381054 -54.154204 281.486451
-0.618936 0.034733 0.784673 0.371379 0.893234 0.253398 -0.692096 0.448248 -0.565754 255.843062 -54.016722 281.130185
-0.646064 0.034359 0.762509 0.361783 0.893426 0.266276 -0.672097 0.447894 -0.589641 256.205145 -53.899680 280.828132
-0.673940 0.034499 0.737980 0.351452 0.893611 0.279180 -0.649836 0.447515 -0.614364 256.577285 -53.772164 280.493828
-0.700804 0.034178 0.712535 0.340138 0.894004 0.291655 -0.627041 0.446754 -0.638147 256.967248 -53.624189 280.134701
-0.724569 0.036297 0.688245 0.331162 0.894113 0.301487 -0.604426 0.446369 -0.659867 257.342637 -53.461955 279.746336
-0.749357 0.037331 0.661113 0.320149 0.894385 0.312379 -0.579628 0.445738 -0.682165 257.716011 -53.285612 279.324525
-0.774047 0.039121 0.631918 0.309738 0.893893 0.324063 -0.552190 0.446570 -0.704033 258.116827 -53.082069 278.841170
-0.796624 0.040613 0.603109 0.299407 0.893260 0.335325 -0.525114 0.447703 -0.723752 258.529983 -52.856796 278.309906
-0.818940 0.041780 0.572356 0.287489 0.893042 0.346158 -0.496676 0.448029 -0.743359 258.934658 -52.609864 277.744693
-0.841215 0.041285 0.539122 0.273755 0.892361 0.358817 -0.466278 0.449430 -0.761970 259.330021 -52.355483 277.162794
-0.862771 0.040180 0.503996 0.259351 0.890867 0.372951 -0.434009 0.452483 -0.779035 259.660247 -52.118919 276.618745
-0.884280 0.038273 0.465386 0.242969 0.888808 0.388570 -0.398768 0.456679 -0.795254 259.946206 -51.867333 276.069940
-0.902960 0.036358 0.428184 0.226112 0.887523 0.401468 -0.365426 0.459327 -0.809619 260.224803 -51.605144 275.494023
-0.920021 0.036538 0.390163 0.209799 0.886858 0.411663 -0.330978 0.460595 -0.823593 260.448009 -51.363304 274.962157
-0.935730 0.036503 0.350824 0.192388 0.886467 0.420907 -0.295630 0.461349 -0.836517 260.635735 -51.126600 274.448249
-0.949460 0.036461 0.311764 0.174572 0.886788 0.427939 -0.260865 0.460736 -0.848335 260.803003 -50.873777 273.905120
-0.960198 0.038660 0.276632 0.160460 0.886998 0.432999 -0.228632 0.460153 -0.857897 260.956331 -50.619582 273.362877
-0.969791 0.039868 0.240659 0.144872 0.887861 0.436709 -0.196261 0.458381 -0.866815 261.085618 -50.356727 272.805206
-0.977964 0.041327 0.204645 0.129347 0.889363 0.438524 -0.163881 0.455331 -0.875110 261.204816 -50.101307 272.250574
-0.984397 0.044518 0.170236 0.116099 0.891317 0.438264 -0.132223 0.451190 -0.882579 261.302980 -49.835799 271.666757
-0.989336 0.047000 0.137862 0.103470 0.892949 0.438104 -0.102513 0.447697 -0.888290 261.364211 -49.590312 271.142631
-0.992616 0.050021 0.110505 0.093881 0.893691 0.438751 -0.076810 0.445886 -0.891788 261.419011 -49.329715 270.583165
-0.994699 0.052830 0.088222 0.086488 0.893894 0.439857 -0.055623 0.445155 -0.893724 261.468795 -49.056347 270.010477
-0.996095 0.053939 0.069893 0.079335 0.894203 0.440575 -0.038734 0.444399 -0.894991 261.509523 -48.762135 269.396635
-0.997262 0.054884 0.049566 0.071146 0.894932 0.440495 -0.020181 0.442815 -0.896386 261.539932 -48.457578 268.760529
-0.997942 0.054444 0.033863 0.063795 0.895945 0.439559 -0.006408 0.440815 -0.897575 261.565250 -48.133812 268.094240
-0.998365 0.053176 0.020980 0.056983 0.896527 0.439309 0.004552 0.439786 -0.898091 261.579599 -47.783627 267.361345
-0.998532 0.053314 0.009582 0.052099 0.896812 0.439334 0.014829 0.439189 -0.898272 261.584253 -47.457250 266.667182
-0.998566 0.053478 -0.002264 0.046987 0.896064 0.441431 0.025635 0.440692 -0.897292 261.583247 -47.081702 265.871628
-0.998385 0.054647 -0.015515 0.042125 0.895432 0.443200 0.038112 0.441831 -0.896288 261.571905 -46.640751 264.936839
-0.997910 0.057303 -0.029858 0.038092 0.894966 0.444506 0.052193 0.442440 -0.895278 261.545237 -46.255370 264.114524
-0.997249 0.057775 -0.046444 0.031253 0.895821 0.443315 0.067218 0.440644 -0.895162 261.503720 -45.898468 263.360550
-0.996261 0.059373 -0.062763 0.025707 0.897268 0.440738 0.082483 0.437477 -0.895439 261.453616 -45.593140 262.711233
-0.995170 0.061000 -0.076912 0.021328 0.899134 0.437154 0.095821 0.433402 -0.896092 261.392031 -45.305030 262.095334
-0.994200 0.061637 -0.088128 0.017812 0.902518 0.430284 0.106059 0.426219 -0.898381 261.329392 -45.021414 261.484936
-0.993461 0.061768 -0.096016 0.015139 0.904852 0.425457 0.113160 0.421222 -0.899871 261.267043 -44.764783 260.927494
-0.992795 0.062967 -0.101951 0.013693 0.904847 0.425516 0.119043 0.421054 -0.899190 261.183681 -44.461476 260.252396
-0.992219 0.064181 -0.106690 0.012424 0.903661 0.428069 0.123885 0.423413 -0.897426 261.102300 -44.147004 259.565081
-0.991750 0.065350 -0.110279 0.011690 0.902817 0.429865 0.127654 0.425029 -0.896133 261.010962 -43.816988 258.850257
-0.991317 0.066390 -0.113503 0.011272 0.902909 0.429684 0.131010 0.424674 -0.895817 260.920203 -43.491862 258.155039
-0.991063 0.066658 -0.115550 0.010730 0.903232 0.429018 0.132966 0.423943 -0.895875 260.833569 -43.167432 257.451778
-0.990794 0.066378 -0.117992 0.009559 0.903676 0.428110 0.135043 0.423041 -0.895991 260.743121 -42.831708 256.715893
-0.990589 0.067394 -0.119124 0.010157 0.904162 0.427069 0.136489 0.421841 -0.896338 260.644413 -42.480106 255.948182
-0.990383 0.067639 -0.120690 0.009818 0.904504 0.426351 0.138002 0.421066 -0.896470 260.532268 -42.070678 255.049940
-0.990410 0.068349 -0.120071 0.010845 0.904839 0.425616 0.137735 0.420232 -0.896903 260.412440 -41.617991 254.058680
-0.990683 0.068493 -0.117709 0.011972 0.904777 0.425718 0.135659 0.420343 -0.897167 260.304861 -41.210682 253.160707
-0.990967 0.069435 -0.114728 0.014071 0.904633 0.425959 0.133363 0.420497 -0.897439 260.210226 -40.822312 252.316904
-0.991351 0.069687 -0.111210 0.015697 0.904253 0.426708 0.130298 0.421271 -0.897526 260.110005 -40.433643 251.461953
-0.991897 0.068840 -0.106776 0.016661 0.903694 0.427856 0.125946 0.422610 -0.897518 260.013429 -40.009964 250.546940
-0.992599 0.068827 -0.100047 0.019411 0.903204 0.428773 0.119874 0.423658 -0.897855 259.923939 -39.601536 249.660519
-0.993088 0.068737 -0.095143 0.021345 0.902830 0.429468 0.115418 0.424469 -0.898056 259.843780 -39.217632 248.824907
-0.993552 0.068968 -0.089990 0.023786 0.902838 0.429321 0.110856 0.424413 -0.898657 259.767190 -38.834615 248.001499
-0.993957 0.069777 -0.084743 0.026814 0.902925 0.428961 0.106448 0.424097 -0.899339 259.693354 -38.458875 247.195639
-0.994255 0.071274 -0.079860 0.030273 0.902854 0.428880 0.102670 0.423998 -0.899825 259.622369 -38.075316 246.372244
-0.994571 0.073422 -0.073743 0.034841 0.902694 0.428870 0.098056 0.423972 -0.900351 259.556171 -37.702422 245.560792
-0.994853 0.075408 -0.067682 0.039270 0.902684 0.428509 0.093409 0.423645 -0.900999 259.499064 -37.356537 244.804413
-0.995065 0.075760 -0.064085 0.041142 0.902692 0.428316 0.090299 0.423565 -0.901354 259.448591 -37.006858 244.030761
-0.995182 0.076679 -0.061105 0.043283 0.902773 0.427934 0.087977 0.423227 -0.901742 259.397224 -36.630177 243.202058
-0.995274 0.077853 -0.058048 0.045782 0.903309 0.426542 0.085642 0.421868 -0.902603 259.349617 -36.248754 242.364621
-0.995307 0.079194 -0.055606 0.048198 0.904009 0.424788 0.083909 0.420115 -0.903583 259.297492 -35.850977 241.488530
-0.995271 0.080087 -0.054966 0.049418 0.904647 0.423287 0.083625 0.418569 -0.904327 259.249586 -35.450877 240.611829
-0.995201 0.080313 -0.055902 0.049423 0.905612 0.421218 0.084455 0.416434 -0.905235 259.205703 -35.061590 239.753341
-0.995144 0.080222 -0.057040 0.049091 0.906748 0.418807 0.085318 0.413973 -0.906282 259.163201 -34.722950 238.990664
-0.995049 0.080595 -0.058148 0.049164 0.907687 0.416758 0.086369 0.411836 -0.907156 259.113272 -34.380634 238.198610
-0.994928 0.080948 -0.059718 0.048926 0.908121 0.415839 0.087893 0.410808 -0.907476 259.064892 -34.029173 237.392676
-0.994734 0.080953 -0.062857 0.047756 0.908742 0.414617 0.090685 0.409432 -0.907823 259.026520 -33.732372 236.697901
-0.994433 0.081505 -0.066782 0.046805 0.909502 0.413056 0.094405 0.407631 -0.908254 258.980020 -33.409556 235.954759
-0.994160 0.082124 -0.070006 0.046195 0.910154 0.411687 0.097526 0.406049 -0.908632 258.938390 -33.077989 235.178375
-0.993767 0.082919 -0.074509 0.045248 0.910877 0.410190 0.101881 0.404262 -0.908951 258.888301 -32.780791 234.468671
-0.993275 0.082531 -0.081198 0.042422 0.911985 0.408024 0.107726 0.401836 -0.909353 258.830371 -32.494956 233.789911
-0.992489 0.081925 -0.090854 0.038125 0.912804 0.406614 0.116244 0.400096 -0.909071 258.758853 -32.193234 233.064570
-0.991162 0.081495 -0.104674 0.032296 0.913549 0.405445 0.128666 0.398481 -0.908107 258.678122 -31.898989 232.357149
-0.989043 0.081479 -0.123107 0.025022 0.914352 0.404145 0.145492 0.396637 -0.906373 258.577426 -31.604504 231.639557
-0.986078 0.081720 -0.144817 0.016586 0.914901 0.403338 0.165454 0.395321 -0.903519 258.471035 -31.336288 230.995985
-0.982400 0.082355 -0.167653 0.007872 0.915012 0.403350 0.186622 0.394931 -0.899556 258.352326 -31.084221 230.386460
-0.977079 0.083545 -0.195798 -0.002317 0.915542 0.402215 0.212864 0.393450 -0.894364 258.201783 -30.823915 229.773039
-0.969852 0.085847 -0.228073 -0.013165 0.916074 0.400794 0.243338 0.391713 -0.887326 258.060076 -30.622162 229.301641
-0.960344 0.087215 -0.264827 -0.026017 0.917645 0.396549 0.277602 0.387713 -0.878985 257.900782 -30.435186 228.878714
-0.947608 0.088185 -0.307022 -0.041216 0.919351 0.391273 0.316766 0.383428 -0.867550 257.749618 -30.275671 228.507513
-0.932766 0.088674 -0.349406 -0.056441 0.921393 0.384511 0.356037 0.378379 -0.854439 257.571458 -30.119988 228.145727
-0.914534 0.088620 -0.394681 -0.073326 0.923223 0.377203 0.397807 0.373905 -0.837821 257.357151 -29.971752 227.795184
-0.893814 0.086272 -0.440061 -0.092269 0.924942 0.368739 0.438843 0.370188 -0.818766 257.131352 -29.824132 227.454435
-0.868945 0.085405 -0.487483 -0.110637 0.926548 0.359538 0.482383 0.366352 -0.795671 256.886873 -29.683235 227.143696
-0.840634 0.083893 -0.535067 -0.130121 0.927712 0.349885 0.525740 0.363749 -0.768950 256.605163 -29.532139 226.808147
-0.808494 0.082318 -0.582719 -0.149917 0.928693 0.339196 0.569089 0.361597 -0.738502 256.308220 -29.385030 226.483921
-0.772309 0.080554 -0.630119 -0.169746 0.929689 0.326901 0.612148 0.359429 -0.704334 255.979310 -29.242811 226.165024
-0.730540 0.078996 -0.678285 -0.190407 0.930328 0.313426 0.655787 0.358120 -0.664600 255.648718 -29.119139 225.895407
-0.688692 0.078818 -0.720757 -0.207081 0.931285 0.299709 0.694853 0.355662 -0.625047 255.271389 -28.993284 225.633956
-0.645581 0.077735 -0.759725 -0.222901 0.932309 0.284806 0.730438 0.353209 -0.584554 254.842162 -28.856344 225.352012
-0.604708 0.076511 -0.792764 -0.236676 0.933148 0.270592 0.760469 0.351257 -0.546173 254.333189 -28.704803 225.035020
-0.568563 0.075896 -0.819131 -0.248140 0.933533 0.258731 0.784323 0.350364 -0.511940 253.799302 -28.547409 224.719523
-0.527488 0.074928 -0.846252 -0.259567 0.934258 0.244515 0.808938 0.348638 -0.473361 253.336183 -28.437413 224.502953
-0.483367 0.073624 -0.872316 -0.270970 0.934937 0.229059 0.832425 0.347091 -0.431968 252.866267 -28.329766 224.308424
-0.443789 0.073015 -0.893152 -0.279538 0.935664 0.215388 0.851416 0.345257 -0.394826 252.381640 -28.225832 224.127062
-0.405993 0.071739 -0.911056 -0.286262 0.936761 0.201330 0.867884 0.342539 -0.359782 251.874470 -28.126838 223.958035
-0.370985 0.072167 -0.925831 -0.291872 0.937391 0.190023 0.881579 0.340719 -0.326694 251.298898 -28.015940 223.781044
-0.338351 0.074505 -0.938066 -0.297494 0.937265 0.181745 0.892758 0.340562 -0.294960 250.642002 -27.898137 223.591483
-0.308662 0.077349 -0.948021 -0.301242 0.937433 0.174565 0.902209 0.339466 -0.266049 249.982948 -27.789330 223.423360
-0.283362 0.078920 -0.955760 -0.306422 0.936915 0.168211 0.908742 0.340531 -0.241304 249.367482 -27.696111 223.277770
-0.261213 0.078574 -0.962078 -0.310510 0.936867 0.160821 0.913976 0.340743 -0.220323 248.873185 -27.629196 223.173237
-0.240007 0.076580 -0.967746 -0.314190 0.937101 0.152076 0.918521 0.340555 -0.200850 248.426338 -27.571207 223.094738
-0.219895 0.073253 -0.972769 -0.317941 0.937347 0.142456 0.922258 0.340608 -0.182828 247.991821 -27.516951 223.032161
-0.203318 0.069940 -0.976612 -0.320549 0.937722 0.133889 0.925154 0.340274 -0.168237 247.477002 -27.453012 222.957492
-0.190321 0.067383 -0.979407 -0.321764 0.938253 0.127077 0.927494 0.339324 -0.156888 246.874662 -27.380625 222.868486
-0.180455 0.066520 -0.981331 -0.322740 0.938466 0.122963 0.929126 0.338904 -0.147883 246.169881 -27.303292 222.763539
-0.169337 0.067597 -0.983237 -0.324442 0.938214 0.120379 0.930625 0.339388 -0.136943 245.399002 -27.224430 222.659824
-0.159510 0.069000 -0.984782 -0.325886 0.937953 0.118504 0.931856 0.339829 -0.127126 244.624021 -27.140676 222.559420
-0.147881 0.069256 -0.986577 -0.327661 0.937777 0.114944 0.933150 0.340261 -0.115987 243.922448 -27.065902 222.481675
-0.137780 0.068566 -0.988087 -0.328353 0.938025 0.110878 0.934452 0.339718 -0.106727 243.224273 -26.993977 222.413586
-0.131730 0.067530 -0.988983 -0.326953 0.938888 0.107659 0.935815 0.337533 -0.101601 242.381975 -26.910857 222.334940
-0.130526 0.066665 -0.989201 -0.325654 0.939496 0.106285 0.936436 0.336010 -0.100918 241.480882 -26.824091 222.245022
-0.130616 0.065913 -0.989240 -0.323595 0.940309 0.105379 0.937137 0.333878 -0.101491 240.544343 -26.740776 222.148545
-0.131875 0.064980 -0.989134 -0.323570 0.940370 0.104916 0.936969 0.333890 -0.102985 239.595955 -26.654193 222.045793
-0.133725 0.065120 -0.988877 -0.323616 0.940268 0.105682 0.936691 0.334149 -0.104664 238.623568 -26.570201 221.939308
-0.136334 0.064132 -0.988585 -0.324045 0.940121 0.105677 0.936167 0.334753 -0.107389 237.703785 -26.488183 221.828450
-0.138937 0.062033 -0.988356 -0.325720 0.939644 0.104764 0.935202 0.336483 -0.110346 236.696875 -26.393528 221.704860
-0.140997 0.060171 -0.988180 -0.326856 0.939353 0.103835 0.934497 0.337633 -0.112779 235.702698 -26.298584 221.586901
-0.142847 0.058192 -0.988033 -0.326991 0.939441 0.102606 0.934169 0.337735 -0.115168 234.725784 -26.211450 221.467751
-0.144386 0.057306 -0.987861 -0.327234 0.939387 0.102323 0.933847 0.338036 -0.116882 233.783490 -26.127516 221.349373
-0.145021 0.055127 -0.987892 -0.328372 0.939175 0.100613 0.933349 0.338987 -0.118098 232.922035 -26.046646 221.246024
-0.145117 0.054973 -0.987886 -0.329680 0.938711 0.100665 0.932873 0.340294 -0.118100 232.109333 -25.966711 221.145802
-0.146011 0.055445 -0.987728 -0.330157 0.938455 0.101484 0.932565 0.340923 -0.118719 231.296241 -25.888844 221.044045
-0.145639 0.055458 -0.987782 -0.329758 0.938613 0.101317 0.932764 0.340485 -0.118411 230.438352 -25.803066 220.937648
-0.145659 0.054643 -0.987825 -0.329416 0.938820 0.100506 0.932882 0.340044 -0.118747 229.479525 -25.705650 220.821533
-0.147039 0.054744 -0.987615 -0.329244 0.938822 0.101058 0.932726 0.340025 -0.120020 228.550251 -25.616402 220.701614
-0.147365 0.054119 -0.987600 -0.329647 0.938726 0.100629 0.932532 0.340389 -0.120496 227.646829 -25.534964 220.589203
-0.147306 0.053720 -0.987631 -0.330207 0.938564 0.100302 0.932343 0.340898 -0.120517 226.710110 -25.454843 220.469955
-0.148210 0.054085 -0.987476 -0.328737 0.939030 0.100772 0.932720 0.339555 -0.121393 225.890393 -25.384028 220.363936
-0.149322 0.053498 -0.987340 -0.327362 0.939548 0.100417 0.933026 0.338212 -0.122782 225.053278 -25.312785 220.257615
-0.150080 0.051886 -0.987311 -0.326041 0.940161 0.098969 0.933367 0.336757 -0.124182 224.242670 -25.248884 220.151510
-0.150231 0.049973 -0.987387 -0.325563 0.940518 0.097135 0.933509 0.336049 -0.125026 223.327735 -25.175033 220.028269
-0.150403 0.049216 -0.987399 -0.325297 0.940682 0.096438 0.933574 0.335702 -0.125471 222.367778 -25.100549 219.902356
-0.150933 0.048690 -0.987344 -0.325727 0.940559 0.096176 0.933339 0.336121 -0.126102 221.476446 -25.028914 219.784141
-0.150090 0.047803 -0.987516 -0.325580 0.940728 0.095023 0.933526 0.335777 -0.125630 220.602731 -24.959457 219.674352
-0.149607 0.046745 -0.987640 -0.325281 0.940953 0.093809 0.933708 0.335295 -0.125568 219.822388 -24.893404 219.577566
-0.150486 0.046190 -0.987533 -0.323932 0.941459 0.093397 0.934035 0.333948 -0.126714 218.989761 -24.827389 219.466806
-0.151196 0.046466 -0.987411 -0.323378 0.941607 0.093828 0.934113 0.333494 -0.127341 218.111099 -24.758323 219.352251
-0.150590 0.045997 -0.987526 -0.321781 0.942240 0.092957 0.934762 0.331765 -0.127091 217.251669 -24.696319 219.244952
-0.150174 0.044668 -0.987650 -0.321027 0.942645 0.091446 0.935088 0.330795 -0.127221 216.261622 -24.625940 219.120293
-0.150389 0.043393 -0.987674 -0.320675 0.942880 0.090253 0.935174 0.330295 -0.127883 215.223020 -24.552110 218.983518
-0.150565 0.042409 -0.987690 -0.320957 0.942864 0.089412 0.935049 0.330468 -0.128351 214.201743 -24.475817 218.842950
-0.152774 0.042581 -0.987343 -0.320570 0.942914 0.090267 0.934824 0.330303 -0.130403 213.160524 -24.397967 218.699396
-0.155649 0.043647 -0.986848 -0.320903 0.942603 0.092304 0.934235 0.331050 -0.132709 212.122925 -24.316713 218.549981
-0.157353 0.042656 -0.986621 -0.321360 0.942478 0.092000 0.933792 0.331537 -0.134594 211.091218 -24.239506 218.397710
-0.156548 0.040333 -0.986847 -0.321579 0.942640 0.089539 0.933852 0.331366 -0.134598 210.050751 -24.156295 218.245948
-0.153682 0.037768 -0.987398 -0.321646 0.942934 0.086130 0.934305 0.330829 -0.132764 208.966617 -24.073880 218.096062
-0.151434 0.033651 -0.987894 -0.322798 0.942944 0.081601 0.934275 0.331248 -0.131931 207.967566 -23.996653 217.956786
-0.151295 0.031344 -0.987992 -0.322581 0.943212 0.079321 0.934372 0.330708 -0.132593 206.933445 -23.925740 217.808420
-0.151544 0.029204 -0.988019 -0.322474 0.943413 0.077347 0.934369 0.330332 -0.133551 205.972305 -23.869569 217.671270
-0.150002 0.026127 -0.988340 -0.323930 0.943175 0.074096 0.934114 0.331268 -0.133015 205.019130 -23.817768 217.533460
-0.147308 0.024212 -0.988794 -0.324891 0.943045 0.071493 0.934209 0.331782 -0.131052 204.080764 -23.766816 217.403217
-0.145571 0.022140 -0.989100 -0.326084 0.942812 0.069096 0.934066 0.332588 -0.130026 203.120177 -23.717353 217.269091
-0.144506 0.021353 -0.989273 -0.326383 0.942787 0.068025 0.934126 0.332713 -0.129269 202.090461 -23.662278 217.130065
-0.143177 0.020921 -0.989476 -0.327028 0.942619 0.067252 0.934105 0.333216 -0.128120 201.090259 -23.611127 216.994625
-0.142007 0.020571 -0.989652 -0.327533 0.942490 0.066589 0.934107 0.333600 -0.127103 200.055612 -23.557405 216.856941
-0.141042 0.020441 -0.989793 -0.327505 0.942532 0.066133 0.934263 0.333489 -0.126242 199.187283 -23.513061 216.736651
-0.140926 0.020907 -0.989799 -0.327356 0.942557 0.066517 0.934333 0.333391 -0.125987 198.359844 -23.471809 216.625511
-0.139886 0.021357 -0.989937 -0.327550 0.942482 0.066619 0.934421 0.333573 -0.124845 197.452981 -23.419177 216.508369
-0.137505 0.021139 -0.990275 -0.328183 0.942328 0.065685 0.934553 0.334023 -0.122637 196.576774 -23.370242 216.397798
-0.136125 0.019126 -0.990507 -0.328396 0.942415 0.063329 0.934679 0.333900 -0.122005 195.629512 -23.320933 216.286406
-0.135195 0.017754 -0.990660 -0.329237 0.942222 0.061816 0.934519 0.334519 -0.121538 194.720840 -23.275243 216.166339
-0.133039 0.017387 -0.990958 -0.328727 0.942474 0.060669 0.935008 0.333826 -0.119670 193.810752 -23.232648 216.045417
-0.129991 0.017593 -0.991359 -0.328307 0.942678 0.059778 0.935584 0.333241 -0.116764 192.939739 -23.196382 215.944278
-0.128633 0.017530 -0.991537 -0.327982 0.942826 0.059218 0.935885 0.332824 -0.115529 191.975166 -23.156131 215.829609
-0.126643 0.016543 -0.991810 -0.328228 0.942839 0.057637 0.936071 0.332839 -0.113974 191.048661 -23.113755 215.719165
-0.125924 0.016439 -0.991904 -0.328821 0.942648 0.057367 0.935959 0.333383 -0.113296 190.131910 -23.070466 215.611426
-0.126107 0.016301 -0.991883 -0.328183 0.942880 0.057221 0.936159 0.332735 -0.113554 189.152868 -23.022548 215.496102
-0.128312 0.017321 -0.991583 -0.327135 0.943146 0.058806 0.936226 0.331926 -0.115350 188.138529 -22.973754 215.371444
-0.129316 0.015818 -0.991477 -0.327190 0.943194 0.057722 0.936068 0.331866 -0.116795 187.126750 -22.920155 215.242264
-0.130296 0.011503 -0.991408 -0.327550 0.943290 0.053993 0.935806 0.331771 -0.119139 186.157610 -22.874745 215.114448
-0.131299 0.007066 -0.991318 -0.325817 0.944116 0.049884 0.936271 0.329538 -0.121659 185.217666 -22.830517 214.994497
-0.132211 0.002960 -0.991217 -0.325234 0.944504 0.046201 0.936345 0.328486 -0.123911 184.189081 -22.790882 214.859010
-0.131887 0.001478 -0.991264 -0.325523 0.944476 0.044719 0.936291 0.328577 -0.124083 183.174060 -22.755382 214.722547
-0.132625 0.001252 -0.991165 -0.326283 0.944207 0.044852 0.935922 0.329349 -0.124817 182.105766 -22.718494 214.580496
-0.134491 0.000073 -0.990915 -0.327431 0.943826 0.044510 0.935255 0.330442 -0.126912 181.058651 -22.685287 214.439096
-0.136214 -0.000529 -0.990679 -0.328958 0.943285 0.044727 0.934469 0.331984 -0.128663 180.160281 -22.653508 214.314985
-0.141187 -0.001617 -0.989982 -0.328897 0.943275 0.045365 0.933752 0.332007 -0.133710 179.256477 -22.620324 214.188430
-0.147236 -0.001751 -0.989100 -0.327773 0.943581 0.047122 0.933213 0.331138 -0.139502 178.375772 -22.578363 214.061704
-0.152841 -0.000824 -0.988250 -0.326567 0.943865 0.049720 0.932734 0.330329 -0.144531 177.526827 -22.539719 213.933664
-0.155716 -0.000102 -0.987802 -0.326776 0.943702 0.051415 0.932186 0.330796 -0.146982 176.580899 -22.502126 213.779131
-0.158892 -0.000491 -0.987296 -0.325399 0.944152 0.051899 0.932131 0.329511 -0.150178 175.649706 -22.464413 213.632382
-0.160937 -0.003391 -0.986959 -0.325485 0.944233 0.049831 0.931750 0.329260 -0.153066 174.672628 -22.428838 213.473448
-0.162914 -0.005854 -0.986623 -0.325167 0.944433 0.048089 0.931518 0.328651 -0.155765 173.712100 -22.394661 213.314960
-0.164167 -0.007288 -0.986406 -0.324434 0.944739 0.047016 0.931553 0.327742 -0.157460 172.749247 -22.357707 213.152354
-0.165724 -0.006636 -0.986150 -0.323470 0.945020 0.048001 0.931613 0.326945 -0.158759 171.702160 -22.319759 212.979746
-0.168290 -0.004002 -0.985729 -0.322140 0.945309 0.051160 0.931614 0.326152 -0.160375 170.663492 -22.279840 212.806135
-0.169245 -0.001754 -0.985573 -0.322393 0.945083 0.053680 0.931353 0.326827 -0.160516 169.561099 -22.235645 212.620104
-0.170473 -0.000671 -0.985362 -0.323515 0.944604 0.055327 0.930740 0.328211 -0.161246 168.576118 -22.193148 212.457080
-0.171836 -0.001229 -0.985125 -0.325349 0.943960 0.055573 0.929850 0.330058 -0.162606 167.651955 -22.148309 212.295702
-0.172730 -0.001417 -0.984968 -0.325056 0.944056 0.055646 0.929786 0.329782 -0.163528 166.723683 -22.100799 212.136919
-0.173633 -0.000630 -0.984810 -0.325120 0.943970 0.056719 0.929596 0.330030 -0.164110 165.877455 -22.057667 211.991564
-0.173935 -0.000741 -0.984757 -0.324906 0.944047 0.056677 0.929614 0.329811 -0.164443 164.992205 -22.011298 211.842636
-0.173238 -0.001343 -0.984879 -0.324834 0.944121 0.055851 0.929770 0.329597 -0.163994 164.015194 -21.963843 211.677446
-0.173335 -0.003053 -0.984858 -0.325345 0.944033 0.054334 0.929573 0.329836 -0.164627 163.042222 -21.909181 211.512795
-0.174185 -0.004097 -0.984704 -0.325787 0.943917 0.053701 0.929259 0.330158 -0.165751 162.030708 -21.862257 211.334245
-0.175101 -0.006077 -0.984532 -0.325737 0.944023 0.052106 0.929104 0.329823 -0.167279 161.023268 -21.826159 211.157430
-0.174100 -0.008177 -0.984694 -0.327628 0.943478 0.050092 0.928628 0.331334 -0.166938 160.012653 -21.784354 210.974469
-0.172474 -0.010317 -0.984960 -0.329432 0.942968 0.047809 0.928293 0.332723 -0.166036 158.952528 -21.747452 210.788357
-0.171004 -0.011792 -0.985200 -0.330238 0.942774 0.046037 0.928278 0.333223 -0.165113 157.935142 -21.716544 210.612191
-0.169660 -0.013232 -0.985414 -0.331157 0.942532 0.044360 0.928197 0.333853 -0.164292 156.883972 -21.679638 210.428591
-0.168664 -0.014208 -0.985571 -0.331527 0.942458 0.043149 0.928247 0.334021 -0.163669 155.832838 -21.641257 210.246086
-0.167231 -0.014481 -0.985811 -0.332833 0.942022 0.042623 0.928039 0.335238 -0.162356 154.761631 -21.608097 210.061328
-0.165222 -0.013987 -0.986157 -0.332388 0.942192 0.042326 0.928558 0.334780 -0.160320 153.729042 -21.582203 209.889823
-0.164355 -0.014937 -0.986288 -0.332932 0.942050 0.041213 0.928517 0.335141 -0.159803 152.667048 -21.554691 209.711093
-0.164848 -0.016370 -0.986183 -0.333666 0.941837 0.040140 0.928166 0.335672 -0.160722 151.631953 -21.521409 209.538342
-0.167541 -0.016593 -0.985726 -0.333562 0.941843 0.040840 0.927721 0.335643 -0.163332 150.575971 -21.495798 209.363984
-0.169997 -0.016562 -0.985305 -0.334253 0.941554 0.041843 0.927025 0.336454 -0.165598 149.574342 -21.468003 209.188203
-0.172453 -0.016567 -0.984878 -0.334601 0.941389 0.042754 0.926446 0.336915 -0.167888 148.503481 -21.440156 209.002621
-0.174526 -0.017972 -0.984489 -0.336452 0.940742 0.042471 0.925387 0.338645 -0.170231 147.571142 -21.414934 208.835308
-0.176808 -0.019133 -0.984059 -0.336910 0.940589 0.042245 0.924787 0.339009 -0.172750 146.660647 -21.390978 208.669772
-0.178798 -0.019733 -0.983688 -0.337420 0.940396 0.042466 0.924218 0.339509 -0.174799 145.752729 -21.367749 208.498687
-0.179579 -0.021231 -0.983514 -0.339010 0.939862 0.041611 0.923485 0.340894 -0.175977 144.825899 -21.349169 208.326519
-0.179474 -0.024586 -0.983455 -0.340343 0.939508 0.038623 0.923014 0.341644 -0.176985 143.783202 -21.322917 208.134614
-0.182425 -0.030241 -0.982755 -0.340167 0.939742 0.034226 0.922501 0.340544 -0.181719 142.754812 -21.299656 207.944932
-0.180267 -0.034035 -0.983029 -0.340687 0.939700 0.029940 0.922733 0.340302 -0.180992 141.769805 -21.281240 207.765245
-0.179973 -0.033128 -0.983114 -0.341767 0.939276 0.030915 0.922391 0.341560 -0.180366 140.740498 -21.262120 207.575610
-0.181987 -0.031124 -0.982808 -0.344323 0.938234 0.034046 0.921044 0.344599 -0.181463 139.713529 -21.239187 207.378387
-0.185990 -0.029833 -0.982099 -0.345202 0.937803 0.036887 0.919915 0.345883 -0.184720 138.727819 -21.221323 207.187278
-0.190344 -0.029130 -0.981285 -0.345378 0.937646 0.039160 0.918958 0.346368 -0.188536 137.742617 -21.196417 206.988284
-0.192854 -0.029211 -0.980793 -0.345696 0.937492 0.040053 0.918315 0.346780 -0.190897 136.819360 -21.176936 206.799870
-0.196374 -0.029970 -0.980071 -0.344475 0.937928 0.040341 0.918027 0.345532 -0.194508 135.942034 -21.155417 206.624139
-0.199465 -0.031275 -0.979406 -0.343343 0.938360 0.039961 0.917785 0.344243 -0.197908 135.027709 -21.130549 206.433049
-0.201765 -0.033937 -0.978846 -0.342406 0.938782 0.038030 0.917632 0.342835 -0.201034 134.215958 -21.110794 206.262322
-0.203735 -0.036743 -0.978336 -0.342253 0.938918 0.036011 0.917254 0.342175 -0.203866 133.370813 -21.090457 206.080991
-0.205778 -0.038611 -0.977837 -0.342770 0.938765 0.035065 0.916605 0.342389 -0.206411 132.582983 -21.067980 205.911528
-0.208505 -0.038252 -0.977273 -0.343816 0.938322 0.036627 0.915596 0.343639 -0.208796 131.742182 -21.040953 205.719791
-0.210922 -0.036612 -0.976817 -0.344821 0.937845 0.039305 0.914664 0.345117 -0.210436 130.917064 -21.016141 205.527861
-0.213179 -0.035184 -0.976380 -0.345420 0.937524 0.041634 0.913915 0.346136 -0.212013 130.153330 -20.993486 205.354182
-0.216030 -0.034838 -0.975765 -0.345382 0.937477 0.042995 0.913259 0.346300 -0.214556 129.448952 -20.975493 205.194598
-0.218397 -0.033739 -0.975277 -0.345306 0.937416 0.044896 0.912725 0.346574 -0.216379 128.676669 -20.950873 205.021446
-0.219409 -0.029656 -0.975182 -0.345618 0.937081 0.049264 0.912364 0.347849 -0.215854 127.764361 -20.918596 204.817913
-0.221652 -0.026151 -0.974775 -0.346105 0.936665 0.053571 0.911637 0.349248 -0.216664 126.890739 -20.885643 204.614538
-0.223666 -0.026264 -0.974312 -0.346345 0.936536 0.054262 0.911053 0.349585 -0.218568 126.061972 -20.851353 204.418648
-0.224334 -0.031305 -0.974009 -0.345124 0.937258 0.049365 0.911352 0.347229 -0.221063 125.258547 -20.809753 204.229898
-0.222953 -0.036658 -0.974140 -0.346920 0.936855 0.044145 0.911010 0.347790 -0.221592 124.401995 -20.777011 204.030464
-0.223345 -0.037601 -0.974014 -0.346659 0.936990 0.043319 0.911013 0.347326 -0.222307 123.474600 -20.755491 203.811899
-0.224419 -0.035382 -0.973850 -0.345256 0.937405 0.045505 0.911282 0.346440 -0.222587 122.504960 -20.727869 203.583389
-0.226045 -0.033501 -0.973541 -0.345852 0.937058 0.048057 0.910654 0.347564 -0.223404 121.548244 -20.698653 203.354799
-0.226733 -0.033690 -0.973374 -0.346135 0.936946 0.048198 0.910375 0.347846 -0.224098 120.506735 -20.661143 203.104850
-0.227841 -0.032940 -0.973141 -0.346244 0.936845 0.049354 0.910057 0.348190 -0.224857 119.644027 -20.626989 202.899428
-0.228997 -0.031642 -0.972913 -0.345644 0.936985 0.050881 0.909995 0.347934 -0.225504 118.734640 -20.587041 202.683302
-0.229738 -0.031392 -0.972746 -0.345139 0.937150 0.051270 0.910000 0.347511 -0.226134 117.790894 -20.548605 202.457001
-0.230136 -0.032457 -0.972617 -0.345273 0.937147 0.050423 0.909848 0.347423 -0.226878 116.813156 -20.507477 202.221210
-0.231704 -0.032887 -0.972230 -0.345013 0.937237 0.050521 0.909549 0.347138 -0.228508 115.833448 -20.467796 201.991456
-0.233870 -0.032853 -0.971713 -0.344486 0.937393 0.051218 0.909194 0.346720 -0.230546 114.804271 -20.424352 201.745746
-0.236436 -0.033844 -0.971058 -0.344104 0.937540 0.051107 0.908675 0.346229 -0.233314 113.772779 -20.382370 201.492978
-0.238363 -0.032068 -0.970646 -0.342891 0.937866 0.053219 0.908630 0.345511 -0.234549 112.793519 -20.340099 201.250391
-0.239298 -0.030574 -0.970465 -0.344079 0.937310 0.055313 0.907935 0.347153 -0.234816 111.773243 -20.289544 200.997127
-0.241363 -0.030569 -0.969953 -0.344732 0.937014 0.056252 0.907140 0.347951 -0.236699 110.868957 -20.242800 200.766634
-0.242756 -0.031210 -0.969585 -0.346015 0.936527 0.056487 0.906280 0.349204 -0.238146 109.975555 -20.196585 200.533605
-0.244007 -0.031306 -0.969268 -0.346433 0.936343 0.056970 0.905784 0.349688 -0.239320 109.064182 -20.151455 200.299383
-0.246150 -0.031204 -0.968729 -0.345935 0.936480 0.057735 0.905394 0.349329 -0.241309 108.099128 -20.103135 200.053253
-0.248859 -0.031862 -0.968015 -0.345943 0.936454 0.058112 0.904650 0.349340 -0.244068 107.043640 -20.051335 199.784435
-0.252191 -0.032408 -0.967135 -0.347083 0.935968 0.059142 0.903290 0.350591 -0.247291 106.159286 -20.010555 199.553383
-0.255102 -0.033040 -0.966349 -0.347698 0.935698 0.059796 0.902235 0.351252 -0.250186 105.251095 -19.969674 199.313291
-0.257189 -0.034305 -0.965752 -0.347092 0.935961 0.059187 0.901876 0.350427 -0.252626 104.353861 -19.927953 199.077091
-0.260136 -0.036356 -0.964887 -0.347485 0.935864 0.058420 0.900879 0.350481 -0.256085 103.498952 -19.880679 198.847995
-0.262601 -0.037242 -0.964186 -0.347699 0.935776 0.058553 0.900081 0.350622 -0.258685 102.734456 -19.841332 198.640611
-0.264856 -0.039029 -0.963498 -0.347228 0.936014 0.057534 0.899602 0.349792 -0.261461 101.979430 -19.806049 198.432899
-0.267504 -0.041616 -0.962658 -0.347475 0.936010 0.056092 0.898723 0.349504 -0.264847 101.063572 -19.768362 198.177090
-0.268090 -0.043664 -0.962404 -0.348062 0.935886 0.054496 0.898321 0.349586 -0.266099 100.123771 -19.725906 197.912959
-0.269101 -0.043880 -0.962112 -0.348830 0.935577 0.054897 0.897721 0.350386 -0.267071 99.191416 -19.681934 197.646042
-0.271597 -0.042033 -0.961493 -0.347893 0.935778 0.057362 0.897332 0.350076 -0.268777 98.296645 -19.642109 197.389025
-0.273169 -0.039977 -0.961135 -0.347956 0.935590 0.059980 0.896831 0.350817 -0.269485 97.382504 -19.599761 197.126248
-0.275047 -0.040464 -0.960579 -0.348415 0.935395 0.060360 0.896078 0.351282 -0.271376 96.430140 -19.551968 196.844613
-0.277759 -0.041475 -0.959755 -0.347750 0.935652 0.060208 0.895500 0.350478 -0.274309 95.392749 -19.502507 196.550233
-0.281245 -0.041994 -0.958717 -0.347820 0.935571 0.061054 0.894384 0.350632 -0.277731 94.383096 -19.454334 196.255991
-0.284635 -0.042753 -0.957682 -0.348940 0.935094 0.061964 0.892874 0.351811 -0.281079 93.363879 -19.401728 195.946659
-0.288969 -0.042805 -0.956381 -0.349541 0.934748 0.063777 0.891245 0.352724 -0.285075 92.329433 -19.349634 195.623706
-0.293292 -0.044194 -0.955001 -0.351051 0.934127 0.064583 0.889237 0.354196 -0.289486 91.331865 -19.300184 195.309678
-0.295820 -0.045094 -0.954179 -0.351128 0.934089 0.064714 0.888369 0.354182 -0.292156 90.392126 -19.246887 195.011467
-0.297878 -0.044896 -0.953548 -0.351749 0.933771 0.065918 0.887436 0.355045 -0.293941 89.356111 -19.183911 194.685601
-0.300996 -0.046210 -0.952505 -0.353510 0.933068 0.066444 0.885682 0.356719 -0.297185 88.416736 -19.120607 194.387124
-0.304809 -0.046510 -0.951277 -0.355587 0.932140 0.068363 0.883543 0.359100 -0.300663 87.626752 -19.068346 194.127581
-0.306342 -0.047164 -0.950752 -0.358040 0.931141 0.069173 0.882022 0.361598 -0.302134 86.890539 -19.029337 193.883594
-0.309098 -0.047831 -0.949826 -0.360474 0.930104 0.070469 0.880066 0.364170 -0.304735 85.978061 -18.974303 193.579741
-0.311152 -0.049097 -0.949091 -0.362001 0.929501 0.070595 0.878715 0.365538 -0.306989 85.078619 -18.921096 193.279494
-0.312829 -0.050895 -0.948445 -0.364243 0.928646 0.070307 0.877192 0.367459 -0.309045 84.170489 -18.865346 192.976487
-0.315790 -0.051375 -0.947437 -0.365501 0.928061 0.071501 0.875606 0.368869 -0.311850 83.243535 -18.806207 192.661363
-0.321032 -0.051863 -0.945647 -0.366753 0.927399 0.073645 0.873173 0.370462 -0.316746 82.375231 -18.745045 192.352903
-0.325826 -0.053016 -0.943942 -0.368307 0.926667 0.075085 0.870740 0.372125 -0.321458 81.492249 -18.686186 192.043488
-0.328715 -0.053164 -0.942932 -0.369554 0.926045 0.076618 0.869124 0.373650 -0.324051 80.671514 -18.634481 191.747081
-0.329421 -0.054154 -0.942629 -0.372153 0.924979 0.076916 0.867747 0.376140 -0.324861 79.837431 -18.580060 191.443145
-0.330007 -0.055280 -0.942358 -0.373735 0.924362 0.076655 0.866843 0.377489 -0.325706 78.996552 -18.523608 191.143444
-0.329157 -0.057104 -0.942547 -0.375662 0.923698 0.075227 0.866333 0.378841 -0.325494 78.106671 -18.469144 190.830384
-0.326220 -0.059083 -0.943445 -0.377038 0.923352 0.072546 0.866846 0.379380 -0.323493 77.256828 -18.416081 190.530030
-0.321596 -0.060369 -0.944951 -0.378997 0.922744 0.070034 0.867719 0.380656 -0.319631 76.439486 -18.365923 190.243859
-0.315240 -0.060153 -0.947104 -0.379714 0.922617 0.067789 0.869736 0.380998 -0.313687 75.611985 -18.316626 189.967871
-0.309037 -0.060574 -0.949119 -0.380460 0.922510 0.065003 0.871635 0.381190 -0.308136 74.757301 -18.272442 189.687353
-0.301699 -0.061241 -0.951434 -0.381727 0.922214 0.061685 0.873649 0.381798 -0.301608 73.805637 -18.223726 189.383598
-0.295487 -0.061347 -0.953375 -0.382357 0.922118 0.059171 0.875494 0.382014 -0.295931 72.961480 -18.184988 189.118860
-0.290959 -0.060539 -0.954818 -0.383114 0.921860 0.058296 0.876679 0.382766 -0.291417 72.173996 -18.151785 188.870771
-0.285696 -0.059150 -0.956493 -0.383573 0.921715 0.057571 0.878208 0.383332 -0.286019 71.407268 -18.120096 188.632971
-0.280819 -0.057965 -0.958009 -0.384019 0.921576 0.056806 0.879585 0.383846 -0.281055 70.640076 -18.088918 188.399102
-0.276776 -0.057214 -0.959230 -0.383609 0.921814 0.055704 0.881044 0.383387 -0.277084 69.818652 -18.058892 188.154766
-0.273434 -0.057758 -0.960155 -0.384205 0.921669 0.053971 0.881828 0.383654 -0.274207 69.061083 -18.033055 187.924241
-0.270723 -0.057949 -0.960911 -0.383852 0.921898 0.052549 0.882817 0.383074 -0.271823 68.336157 -18.007132 187.711425
-0.269692 -0.057905 -0.961204 -0.383936 0.921884 0.052188 0.883096 0.383116 -0.270856 67.628856 -17.981061 187.503319
-0.269401 -0.057112 -0.961333 -0.383193 0.922170 0.052600 0.883508 0.382546 -0.270318 66.868371 -17.947450 187.281479
-0.269844 -0.055894 -0.961280 -0.382240 0.922504 0.053661 0.883785 0.381920 -0.270297 66.080684 -17.909397 187.056009
-0.271030 -0.055216 -0.960986 -0.381699 0.922670 0.054638 0.883656 0.381616 -0.271147 65.444966 -17.884473 186.867814
-0.271997 -0.054241 -0.960768 -0.381004 0.922890 0.055761 0.883659 0.381223 -0.271689 64.776996 -17.855624 186.671009
-0.274377 -0.053334 -0.960142 -0.380664 0.922923 0.057515 0.883070 0.381273 -0.273531 64.085515 -17.832164 186.462908
-0.279360 -0.052783 -0.958734 -0.380872 0.922667 0.060183 0.881416 0.381968 -0.277860 63.412697 -17.804370 186.252468
-0.283923 -0.051974 -0.957437 -0.380991 0.922436 0.062907 0.879905 0.382635 -0.281703 62.722715 -17.773577 186.042581
-0.289272 -0.050888 -0.955893 -0.380639 0.922359 0.066086 0.878314 0.382967 -0.286183 62.060909 -17.742287 185.842159
-0.293431 -0.050825 -0.954628 -0.380177 0.922429 0.067747 0.877134 0.382807 -0.289991 61.418831 -17.711799 185.632898
-0.297715 -0.051390 -0.953271 -0.380603 0.922149 0.069153 0.875504 0.383405 -0.294097 60.799867 -17.681985 185.423105
-0.301830 -0.052568 -0.951911 -0.381174 0.921853 0.069954 0.873845 0.383958 -0.298280 60.167493 -17.653942 185.209436
-0.306370 -0.054464 -0.950353 -0.381948 0.921505 0.070320 0.871925 0.384529 -0.303124 59.638402 -17.634885 185.024493
-0.311082 -0.057056 -0.948669 -0.382742 0.921192 0.070103 0.869906 0.384903 -0.308404 59.219651 -17.622714 184.867953
-0.316095 -0.060281 -0.946811 -0.383586 0.920892 0.069430 0.867725 0.385130 -0.314212 58.858931 -17.607330 184.732731
-0.320267 -0.063399 -0.945203 -0.383889 0.920849 0.068309 0.866059 0.384730 -0.319256 58.383116 -17.593218 184.557227
-0.326472 -0.065665 -0.942923 -0.383248 0.921098 0.068548 0.864024 0.383752 -0.325878 57.935297 -17.579829 184.393452
-0.331215 -0.067657 -0.941127 -0.383368 0.921037 0.068708 0.862164 0.383555 -0.330998 57.531684 -17.567267 184.243212
-0.335924 -0.069554 -0.939318 -0.383072 0.921153 0.068788 0.860471 0.382934 -0.336081 57.175617 -17.563751 184.104946
-0.340208 -0.071045 -0.937663 -0.383247 0.921045 0.069266 0.858708 0.382921 -0.340575 56.878953 -17.560200 183.992682
-0.343449 -0.072319 -0.936383 -0.384895 0.920295 0.070096 0.856679 0.384483 -0.343909 56.583421 -17.554559 183.875620
-0.346497 -0.073357 -0.935178 -0.386628 0.919489 0.071125 0.854669 0.386211 -0.346962 56.282139 -17.544428 183.751859
-0.350041 -0.073846 -0.933819 -0.387065 0.919205 0.072401 0.853025 0.386792 -0.350343 56.004012 -17.535845 183.639639
-0.352751 -0.074888 -0.932716 -0.387564 0.918964 0.072792 0.851681 0.387165 -0.353189 55.762133 -17.532105 183.539285
-0.355994 -0.076396 -0.931360 -0.387530 0.918982 0.072745 0.850346 0.386827 -0.356758 55.525391 -17.529111 183.442052
-0.358476 -0.078454 -0.930237 -0.388082 0.918803 0.072062 0.849051 0.386840 -0.359815 55.276746 -17.521503 183.341951
-0.360799 -0.079882 -0.929216 -0.388555 0.918616 0.071899 0.847850 0.386992 -0.362475 55.040636 -17.516362 183.245000
-0.362533 -0.080985 -0.928446 -0.389216 0.918338 0.071875 0.846806 0.387423 -0.364448 54.837298 -17.512795 183.158542
-0.365001 -0.081839 -0.927403 -0.389449 0.918210 0.072249 0.845638 0.387547 -0.367019 54.650214 -17.509174 183.080420
-0.368126 -0.082847 -0.926077 -0.388890 0.918433 0.072425 0.844540 0.386804 -0.370318 54.465515 -17.505122 183.004734
-0.371022 -0.083280 -0.924882 -0.388268 0.918648 0.073038 0.843558 0.386201 -0.373173 54.268557 -17.500501 182.920407
-0.374328 -0.083010 -0.923573 -0.387293 0.918952 0.074377 0.842545 0.385535 -0.376139 54.071221 -17.493765 182.834555
-0.378236 -0.082213 -0.922051 -0.385852 0.919400 0.076305 0.841460 0.384637 -0.379472 53.866277 -17.489640 182.743367
-0.381429 -0.081528 -0.920796 -0.384935 0.919639 0.078030 0.840438 0.384209 -0.382160 53.605804 -17.476909 182.627784
-0.384286 -0.080749 -0.919676 -0.384104 0.919841 0.079735 0.839517 0.383892 -0.384498 53.333005 -17.461890 182.508644
-0.386505 -0.080904 -0.918732 -0.384242 0.919702 0.080659 0.838434 0.384190 -0.386557 53.087860 -17.449956 182.399826
-0.389215 -0.081351 -0.917548 -0.385027 0.919271 0.081821 0.836819 0.385127 -0.389116 52.902047 -17.442943 182.314600
-0.392586 -0.081553 -0.916093 -0.385659 0.918858 0.083473 0.834951 0.386069 -0.392182 52.681482 -17.428284 182.213587
-0.397411 -0.082668 -0.913909 -0.386041 0.918578 0.084779 0.832488 0.386499 -0.396966 52.393341 -17.414067 182.081827
-0.401206 -0.085844 -0.911957 -0.387295 0.918125 0.083961 0.830082 0.386882 -0.401604 52.062257 -17.394840 181.933282
-0.403968 -0.089764 -0.910358 -0.388399 0.917849 0.081848 0.828225 0.386646 -0.405646 51.715303 -17.373219 181.775591
-0.407439 -0.092205 -0.908566 -0.389192 0.917552 0.081413 0.826150 0.386778 -0.409732 51.384887 -17.350346 181.618423
-0.411231 -0.093102 -0.906764 -0.389622 0.917270 0.082519 0.824065 0.387230 -0.413485 51.083624 -17.329776 181.470280
-0.414581 -0.093883 -0.905157 -0.389911 0.917062 0.083470 0.822248 0.387536 -0.416802 50.794337 -17.316616 181.329325
-0.418552 -0.094608 -0.903252 -0.389755 0.917029 0.084555 0.820308 0.387438 -0.420698 50.536017 -17.314063 181.197169
-0.421261 -0.097271 -0.901708 -0.390767 0.916679 0.083673 0.818438 0.387606 -0.424171 50.151676 -17.288151 181.008707
-0.423763 -0.099704 -0.900269 -0.391425 0.916482 0.082747 0.816830 0.387453 -0.427398 49.788759 -17.256196 180.831398
-0.426029 -0.101692 -0.898976 -0.392082 0.916254 0.082163 0.815335 0.387476 -0.430222 49.385763 -17.226031 180.633470
-0.426619 -0.103345 -0.898508 -0.392786 0.916044 0.081136 0.814688 0.387535 -0.431394 48.979015 -17.196652 180.435640
-0.425965 -0.102880 -0.898871 -0.391508 0.916637 0.080618 0.815644 0.386255 -0.430734 48.496137 -17.159864 180.207577
-0.425095 -0.101788 -0.899407 -0.390953 0.916838 0.081019 0.816364 0.386067 -0.429537 47.997633 -17.123166 179.968942
-0.423648 -0.099861 -0.900306 -0.390369 0.917001 0.081980 0.817395 0.386182 -0.427468 47.427102 -17.077253 179.695296
-0.421474 -0.097682 -0.901564 -0.390486 0.916840 0.083212 0.818462 0.387120 -0.424568 46.826030 -17.025619 179.412578
-0.420562 -0.094828 -0.902294 -0.389958 0.916864 0.085402 0.819183 0.387774 -0.422577 46.227013 -16.977421 179.131719
-0.420182 -0.091068 -0.902859 -0.388542 0.917189 0.088310 0.820050 0.387905 -0.420770 45.593482 -16.927287 178.833223
-0.421045 -0.087898 -0.902771 -0.387501 0.917326 0.091413 0.820100 0.388314 -0.420296 44.986280 -16.879232 178.544724
-0.421239 -0.087152 -0.902753 -0.387071 0.917444 0.092043 0.820203 0.388201 -0.420197 44.226316 -16.813447 178.188404
-0.422701 -0.087721 -0.902014 -0.386749 0.917584 0.092003 0.819603 0.387742 -0.421790 43.560980 -16.759142 177.875248
-0.423709 -0.090174 -0.901299 -0.386762 0.917777 0.089998 0.819076 0.386721 -0.423746 42.908396 -16.702590 177.563485
-0.424661 -0.092480 -0.900617 -0.387505 0.917611 0.088492 0.818232 0.386573 -0.425510 42.136000 -16.635506 177.190999
-0.427848 -0.093025 -0.899051 -0.386015 0.918219 0.088692 0.817275 0.384994 -0.428767 41.258893 -16.559500 176.769505
-0.431561 -0.091986 -0.897382 -0.384903 0.918464 0.090957 0.815846 0.384658 -0.431779 40.380016 -16.487799 176.344037
-0.434675 -0.090469 -0.896032 -0.383489 0.918824 0.093264 0.814858 0.384158 -0.434084 39.525422 -16.420309 175.926176
-0.436996 -0.092612 -0.894683 -0.382357 0.919465 0.091580 0.814148 0.382108 -0.437214 38.748100 -16.353180 175.543710
-0.440248 -0.099079 -0.892393 -0.380729 0.920716 0.085602 0.813159 0.377446 -0.443065 38.003610 -16.290165 175.172501
-0.441922 -0.106437 -0.890717 -0.377798 0.922665 0.077187 0.813618 0.370622 -0.447957 37.209155 -16.225477 174.775754
-0.444060 -0.109376 -0.889296 -0.374741 0.924215 0.073452 0.813867 0.365873 -0.451394 36.426714 -16.170405 174.376430
-0.444568 -0.108825 -0.889110 -0.375486 0.923815 0.074675 0.813247 0.367046 -0.451560 35.546116 -16.114228 173.916734
-0.446723 -0.107207 -0.888226 -0.376708 0.923038 0.078051 0.811499 0.369469 -0.452728 34.577804 -16.049694 173.414873
-0.451550 -0.105984 -0.885929 -0.377114 0.922543 0.081847 0.808633 0.371055 -0.456542 33.740515 -15.990621 172.968912
-0.455021 -0.108526 -0.883843 -0.378006 0.922221 0.081367 0.806267 0.371122 -0.460654 32.919575 -15.928558 172.524594
-0.456424 -0.111737 -0.882719 -0.377695 0.922596 0.078509 0.805620 0.369231 -0.463297 32.159317 -15.865102 172.116875
-0.457875 -0.113888 -0.881691 -0.377226 0.922941 0.076682 0.805016 0.367708 -0.465553 31.357903 -15.795586 171.691181
-0.458203 -0.113576 -0.881561 -0.378165 0.922471 0.077710 0.804389 0.368983 -0.465629 30.487653 -15.726304 171.222958
-0.460028 -0.111884 -0.880827 -0.378626 0.922031 0.080627 0.803129 0.370595 -0.466523 29.598913 -15.655466 170.742752
-0.462827 -0.109152 -0.879703 -0.379028 0.921466 0.085079 0.801330 0.372808 -0.467851 28.744978 -15.588251 170.278538
-0.466706 -0.108962 -0.877675 -0.379766 0.920925 0.087610 0.798726 0.374199 -0.471181 27.918414 -15.520702 169.827568
-0.470042 -0.108887 -0.875902 -0.380128 0.920589 0.089549 0.796595 0.375046 -0.474107 27.126346 -15.449337 169.392339
-0.472879 -0.111215 -0.874081 -0.380478 0.920525 0.088715 0.794747 0.374520 -0.477611 26.315048 -15.379445 168.940231
-0.474264 -0.113530 -0.873032 -0.378897 0.921434 0.086007 0.794677 0.371579 -0.480019 25.378623 -15.296956 168.420639
-0.476637 -0.116002 -0.871413 -0.377692 0.922128 0.083833 0.793830 0.369084 -0.483334 24.383628 -15.207312 167.857259
-0.478304 -0.117292 -0.870326 -0.376822 0.922582 0.082755 0.793241 0.367540 -0.485472 23.377588 -15.123360 167.298416
-0.477870 -0.115904 -0.870750 -0.376430 0.922650 0.083774 0.793688 0.367810 -0.484536 22.428944 -15.047160 166.772089
-0.478195 -0.116088 -0.870548 -0.376727 0.922515 0.083919 0.793351 0.368088 -0.484876 21.524501 -14.974276 166.258486
-0.477240 -0.115599 -0.871137 -0.376140 0.922783 0.083610 0.794205 0.367571 -0.483870 20.737358 -14.910826 165.815634
-0.476909 -0.114889 -0.871412 -0.375586 0.922985 0.083864 0.794665 0.367286 -0.483331 19.911733 -14.843062 165.351279
-0.476899 -0.115500 -0.871336 -0.375346 0.923155 0.083066 0.794785 0.366667 -0.483604 19.098648 -14.775590 164.886236
-0.477594 -0.115834 -0.870911 -0.375359 0.923150 0.083060 0.794361 0.366574 -0.484370 18.383212 -14.714897 164.476503
-0.477946 -0.116146 -0.870677 -0.374523 0.923550 0.082390 0.794544 0.365467 -0.484906 17.683064 -14.656537 164.081028
-0.477766 -0.115197 -0.870901 -0.374523 0.923468 0.083308 0.794652 0.365974 -0.484345 17.043729 -14.600371 163.722028
-0.478324 -0.114235 -0.870722 -0.373484 0.923829 0.083968 0.794805 0.365364 -0.484555 16.339259 -14.539386 163.322247
-0.478578 -0.113547 -0.870672 -0.373672 0.923664 0.084938 0.794564 0.365995 -0.484475 15.669744 -14.483942 162.943404
-0.477747 -0.114838 -0.870959 -0.374642 0.923379 0.083753 0.794607 0.366311 -0.484165 15.014216 -14.427105 162.570135
-0.478030 -0.115580 -0.870706 -0.373968 0.923748 0.082693 0.794755 0.365146 -0.484802 14.294968 -14.364372 162.162438
-0.477889 -0.114194 -0.870966 -0.372814 0.924151 0.083392 0.795382 0.364561 -0.484214 13.543269 -14.302891 161.738793
-0.478349 -0.112162 -0.870978 -0.372231 0.924202 0.085416 0.795378 0.365063 -0.483841 12.768444 -14.234217 161.294204
-0.478019 -0.110473 -0.871375 -0.371928 0.924189 0.086863 0.795718 0.365610 -0.482868 11.926356 -14.165296 160.819571
-0.477962 -0.109791 -0.871492 -0.371279 0.924421 0.087166 0.796056 0.365228 -0.482601 11.031406 -14.086151 160.311896
-0.478411 -0.108567 -0.871399 -0.370670 0.924556 0.088314 0.796069 0.365252 -0.482561 10.207918 -14.014242 159.844890
-0.478481 -0.108452 -0.871375 -0.370558 0.924593 0.088402 0.796079 0.365194 -0.482587 9.378800 -13.944094 159.378877
-0.478566 -0.109709 -0.871171 -0.371026 0.924501 0.087393 0.795810 0.365050 -0.483140 8.543004 -13.875050 158.907045
-0.478714 -0.112699 -0.870708 -0.372009 0.924339 0.084890 0.795262 0.364549 -0.484419 7.640858 -13.803430 158.399014
-0.479102 -0.115084 -0.870182 -0.372541 0.924308 0.082870 0.794779 0.363882 -0.485712 6.762257 -13.735595 157.899771
-0.478907 -0.119480 -0.869697 -0.373464 0.924303 0.078669 0.794464 0.362476 -0.487277 5.877669 -13.659296 157.399851
-0.479628 -0.122050 -0.868942 -0.373317 0.924570 0.076195 0.794098 0.360936 -0.489013 5.021440 -13.589650 156.908775
-0.480004 -0.120244 -0.868986 -0.372522 0.924756 0.077810 0.794244 0.361065 -0.488680 4.118146 -13.517415 156.396812
-0.481835 -0.115603 -0.868603 -0.371426 0.924749 0.082963 0.793649 0.362596 -0.488514 3.191632 -13.440901 155.869152
-0.483702 -0.112348 -0.867992 -0.369865 0.925061 0.086378 0.793241 0.362821 -0.489008 2.174019 -13.356618 155.283796
-0.485038 -0.112079 -0.867281 -0.368501 0.925597 0.086473 0.793061 0.361536 -0.490251 1.166545 -13.268188 154.703294
-0.485514 -0.115240 -0.866600 -0.368029 0.926099 0.083037 0.792988 0.359249 -0.492046 0.269326 -13.189889 154.193141
-0.486515 -0.121181 -0.865227 -0.367306 0.926931 0.076712 0.792710 0.355124 -0.495477 -0.688901 -13.113297 153.640065
-0.486828 -0.124904 -0.864522 -0.366313 0.927683 0.072248 0.792978 0.351858 -0.497376 -1.636071 -13.044255 153.094213
-0.487218 -0.125491 -0.864217 -0.365737 0.927972 0.071442 0.793004 0.350884 -0.498021 -2.551469 -12.981688 152.558623
-0.487862 -0.124721 -0.863965 -0.366337 0.927618 0.072952 0.792331 0.352093 -0.498239 -3.547056 -12.909795 151.964165
-0.488457 -0.124061 -0.863724 -0.365766 0.927793 0.073586 0.792228 0.351865 -0.498564 -4.533458 -12.838170 151.388691
-0.488928 -0.123766 -0.863500 -0.365950 0.927668 0.074243 0.791852 0.352297 -0.498855 -5.472619 -12.777543 150.836598
-0.489336 -0.123528 -0.863303 -0.366159 0.927539 0.074826 0.791504 0.352721 -0.499109 -6.429524 -12.714926 150.278168
-0.489418 -0.127122 -0.862734 -0.367069 0.927435 0.071578 0.791031 0.351715 -0.500567 -7.350777 -12.652243 149.733124
-0.490980 -0.128608 -0.861626 -0.367400 0.927354 0.070937 0.789909 0.351390 -0.502563 -8.245717 -12.589388 149.206811
-0.492426 -0.127029 -0.861035 -0.367312 0.927207 0.073275 0.789049 0.352351 -0.503240 -9.186124 -12.520755 148.644887
-0.494276 -0.123427 -0.860498 -0.366371 0.927240 0.077445 0.788330 0.353540 -0.503532 -9.994281 -12.462302 148.162890
-0.496419 -0.122005 -0.859467 -0.365865 0.927250 0.079693 0.787217 0.354010 -0.504942 -10.793013 -12.396433 147.684937
-0.497917 -0.123051 -0.858451 -0.366114 0.927172 0.079451 0.786155 0.353850 -0.506705 -11.565668 -12.334712 147.222009
-0.498282 -0.124613 -0.858013 -0.364651 0.927956 0.076996 0.786603 0.351241 -0.507824 -12.381291 -12.274995 146.742197
-0.498596 -0.126402 -0.857569 -0.363904 0.928434 0.074729 0.786750 0.349332 -0.508912 -13.203374 -12.215693 146.251945
-0.499393 -0.126152 -0.857142 -0.364147 0.928273 0.075540 0.786132 0.349850 -0.509511 -14.127294 -12.153633 145.690907
-0.500426 -0.123133 -0.856979 -0.363257 0.928356 0.078732 0.785887 0.350703 -0.509302 -15.108732 -12.086370 145.095541
-0.501197 -0.120284 -0.856933 -0.363310 0.928033 0.082226 0.785371 0.352543 -0.508828 -16.047568 -12.010152 144.523783
-0.502085 -0.120680 -0.856357 -0.363907 0.927764 0.082617 0.784527 0.353115 -0.509733 -16.997043 -11.925725 143.939776
-0.503460 -0.121957 -0.855368 -0.364599 0.927516 0.082355 0.783324 0.353329 -0.511432 -17.851534 -11.847913 143.410885
-0.505095 -0.123256 -0.854218 -0.365597 0.927118 0.082401 0.781804 0.353920 -0.513344 -18.768961 -11.771812 142.845660
-0.506829 -0.124097 -0.853067 -0.366573 0.926681 0.082985 0.780223 0.354771 -0.515160 -19.602066 -11.689294 142.324444
-0.509946 -0.126115 -0.850911 -0.367826 0.926168 0.083167 0.777599 0.355397 -0.518684 -20.362786 -11.617380 141.848027
-0.512938 -0.128151 -0.848806 -0.369601 0.925419 0.083635 0.774783 0.356619 -0.522047 -21.230395 -11.539923 141.298209
-0.515848 -0.128912 -0.846926 -0.369977 0.925188 0.084522 0.772670 0.356943 -0.524950 -22.071383 -11.463553 140.762214
-0.518729 -0.130784 -0.844876 -0.370173 0.925151 0.084065 0.770644 0.356357 -0.528316 -22.838511 -11.396142 140.271048
-0.519933 -0.133828 -0.843659 -0.370612 0.925193 0.081641 0.769621 0.355118 -0.530636 -23.631758 -11.325871 139.751967
-0.519854 -0.138496 -0.842953 -0.371773 0.925101 0.077282 0.769114 0.353563 -0.532407 -24.453011 -11.261650 139.218745
-0.521200 -0.140551 -0.841781 -0.371387 0.925409 0.075435 0.768389 0.351944 -0.534522 -25.315930 -11.195640 138.663417
-0.523266 -0.140672 -0.840479 -0.371468 0.925297 0.076401 0.766945 0.352189 -0.536431 -26.234436 -11.127365 138.065005
-0.526234 -0.140333 -0.838680 -0.371258 0.925237 0.078132 0.765013 0.352482 -0.538991 -27.223531 -11.053747 137.418571
-0.529457 -0.138454 -0.836962 -0.371496 0.924805 0.082021 0.762670 0.354354 -0.541079 -28.130417 -10.986646 136.820704
-0.530726 -0.138833 -0.836096 -0.372114 0.924496 0.082694 0.761486 0.355011 -0.542315 -29.060185 -10.914521 136.197111
-0.533100 -0.142033 -0.834045 -0.372959 0.924307 0.080982 0.759412 0.354236 -0.545720 -29.944606 -10.848301 135.604819
-0.534976 -0.146092 -0.832141 -0.374488 0.923898 0.078553 0.757337 0.353651 -0.548973 -30.806618 -10.779147 135.025466
-0.539031 -0.149258 -0.828956 -0.374527 0.923999 0.077166 0.754437 0.352061 -0.553966 -31.663001 -10.705140 134.449836
-0.541414 -0.149528 -0.827352 -0.375012 0.923693 0.078466 0.752487 0.352750 -0.556175 -32.539947 -10.628019 133.850213
-0.543860 -0.147501 -0.826112 -0.374653 0.923554 0.081749 0.750901 0.353965 -0.557545 -33.420225 -10.549040 133.245310
-0.545728 -0.145761 -0.825188 -0.374028 0.923586 0.084217 0.749856 0.354603 -0.558545 -34.278299 -10.471024 132.656849
-0.548489 -0.144654 -0.823550 -0.374446 0.923136 0.087237 0.747630 0.356224 -0.560495 -35.061849 -10.398258 132.115141
-0.550445 -0.143878 -0.822381 -0.374427 0.922962 0.089140 0.746201 0.356988 -0.561911 -35.846346 -10.320775 131.572538
-0.552583 -0.143550 -0.821003 -0.373609 0.923206 0.090040 0.745029 0.356489 -0.563779 -36.614203 -10.247857 131.035433
-0.555186 -0.144442 -0.819088 -0.374401 0.922787 0.091044 0.742693 0.357213 -0.566397 -37.382168 -10.172726 130.494504
-0.557192 -0.146756 -0.817313 -0.375150 0.922575 0.090097 0.740810 0.356816 -0.569107 -38.124095 -10.100285 129.971448
-0.558775 -0.147451 -0.816106 -0.375493 0.922402 0.090439 0.739442 0.356977 -0.570782 -38.882693 -10.025811 129.430789
-0.559495 -0.148669 -0.815391 -0.375746 0.922376 0.089649 0.738770 0.356538 -0.571926 -39.624052 -9.955495 128.903053
-0.560127 -0.150144 -0.814686 -0.375687 0.922533 0.088279 0.738320 0.355514 -0.573143 -40.338090 -9.887585 128.394323
-0.560108 -0.152011 -0.814354 -0.375789 0.922684 0.086233 0.738283 0.354325 -0.573927 -41.077273 -9.814813 127.874443
-0.561462 -0.152742 -0.813284 -0.375268 0.922943 0.085734 0.737519 0.353336 -0.575516 -41.839368 -9.737274 127.328473
-0.562157 -0.153856 -0.812593 -0.376549 0.922410 0.085850 0.736336 0.354242 -0.576474 -42.607478 -9.667738 126.770999
-0.563127 -0.154686 -0.811764 -0.377792 0.921849 0.086415 0.734956 0.355341 -0.577557 -43.362791 -9.587157 126.219316
-0.564992 -0.157438 -0.809936 -0.378776 0.921569 0.085087 0.733016 0.354858 -0.580313 -44.059753 -9.521283 125.706377
-0.566397 -0.161070 -0.808240 -0.378908 0.921810 0.081828 0.731863 0.352595 -0.583140 -44.760839 -9.451563 125.189718
-0.568836 -0.162405 -0.806257 -0.377272 0.922612 0.080333 0.730816 0.349875 -0.586086 -45.483051 -9.380537 124.651939
-0.570691 -0.164489 -0.804521 -0.377656 0.922547 0.079272 0.729169 0.349072 -0.588609 -46.257040 -9.310801 124.065620
-0.574144 -0.166070 -0.801735 -0.376732 0.922981 0.078603 0.726933 0.347169 -0.592488 -47.071768 -9.242610 123.443730
-0.577093 -0.166971 -0.799428 -0.374892 0.923808 0.077678 0.725548 0.344527 -0.595719 -47.935577 -9.168856 122.797790
-0.579630 -0.167175 -0.797548 -0.374801 0.923753 0.078764 0.723570 0.344575 -0.598092 -48.803429 -9.096653 122.139517
-0.580773 -0.167285 -0.796692 -0.374781 0.923720 0.079251 0.722663 0.344612 -0.599167 -49.711363 -9.024611 121.441928
-0.582168 -0.168368 -0.795445 -0.375261 0.923532 0.079166 0.721290 0.344588 -0.600833 -50.570530 -8.950117 120.774864
-0.583981 -0.170234 -0.793717 -0.374341 0.924069 0.077231 0.720302 0.342223 -0.603364 -51.431345 -8.869162 120.111110
-0.585909 -0.172647 -0.791773 -0.373364 0.924676 0.074660 0.719243 0.339363 -0.606236 -52.331057 -8.792807 119.421682
-0.588317 -0.174433 -0.789593 -0.372506 0.925141 0.073172 0.717721 0.337176 -0.609253 -53.169940 -8.721213 118.773515
-0.589368 -0.175148 -0.788650 -0.373741 0.924579 0.073965 0.716214 0.338344 -0.610378 -54.024633 -8.649704 118.101584
-0.591658 -0.173766 -0.787240 -0.372664 0.924854 0.075938 0.714887 0.338305 -0.611953 -54.818745 -8.583997 117.472814
-0.593417 -0.172075 -0.786287 -0.372637 0.924618 0.078884 0.713441 0.339811 -0.612806 -55.648006 -8.511453 116.813952
-0.594160 -0.171556 -0.785839 -0.373342 0.924193 0.080519 0.712453 0.341228 -0.613168 -56.521614 -8.438315 116.121419
-0.593860 -0.170886 -0.786211 -0.372706 0.924443 0.080590 0.713036 0.340885 -0.612680 -57.438762 -8.362073 115.399361
-0.594979 -0.171217 -0.785293 -0.371204 0.925139 0.079536 0.712887 0.338826 -0.613995 -58.259222 -8.289387 114.746034
-0.596574 -0.173253 -0.783634 -0.371724 0.925020 0.078479 0.711281 0.338114 -0.616245 -59.024678 -8.215246 114.131910
-0.597846 -0.172875 -0.782748 -0.370680 0.925417 0.078733 0.710758 0.337220 -0.617338 -59.842791 -8.145631 113.480665
-0.598861 -0.173661 -0.781798 -0.371500 0.925059 0.079087 0.709474 0.337800 -0.618496 -60.653450 -8.075947 112.832203
-0.599497 -0.173866 -0.781265 -0.372488 0.924577 0.080066 0.708418 0.339011 -0.619044 -61.468162 -8.001699 112.175341
-0.600408 -0.173660 -0.780611 -0.372966 0.924281 0.081245 0.707395 0.339921 -0.619715 -62.307422 -7.924255 111.500142
-0.600832 -0.174070 -0.780192 -0.373108 0.924234 0.081126 0.706959 0.339839 -0.620257 -63.213054 -7.844853 110.768307
-0.601290 -0.174179 -0.779815 -0.372552 0.924490 0.080769 0.706863 0.339088 -0.620777 -64.054877 -7.770729 110.089255
-0.601625 -0.174431 -0.779500 -0.372021 0.924754 0.080194 0.706857 0.338237 -0.621248 -64.903071 -7.699623 109.405421
-0.602704 -0.174749 -0.778595 -0.370280 0.925564 0.078895 0.706853 0.335849 -0.622547 -65.750428 -7.626722 108.725727
-0.604446 -0.176596 -0.776826 -0.368131 0.926681 0.075779 0.706487 0.331778 -0.625139 -66.495782 -7.560793 108.121922
-0.605770 -0.177974 -0.775479 -0.367346 0.927121 0.074178 0.705761 0.329804 -0.627001 -67.307842 -7.488726 107.462453
-0.606877 -0.177988 -0.774610 -0.367155 0.927162 0.074611 0.704909 0.329682 -0.628023 -68.130660 -7.415008 106.783733
-0.609459 -0.178376 -0.772490 -0.367544 0.926900 0.075945 0.702475 0.330209 -0.630469 -68.986179 -7.343316 106.074583
-0.612678 -0.179323 -0.769720 -0.367235 0.926990 0.076347 0.699832 0.329444 -0.633800 -69.753002 -7.274035 105.437528
-0.615672 -0.179315 -0.767329 -0.365817 0.927515 0.076768 0.697944 0.327966 -0.636641 -70.485388 -7.210051 104.822762
-0.617696 -0.179712 -0.765608 -0.365767 0.927483 0.077393 0.696180 0.327839 -0.638635 -71.235921 -7.138042 104.173476
-0.619720 -0.180395 -0.763809 -0.366455 0.927130 0.078356 0.694016 0.328461 -0.640668 -71.978729 -7.072102 103.533682
-0.622460 -0.181284 -0.761367 -0.366106 0.927254 0.078529 0.691745 0.327622 -0.643547 -72.728689 -7.009571 102.900602
-0.623903 -0.182222 -0.759960 -0.365753 0.927447 0.077889 0.690630 0.326553 -0.645286 -73.527766 -6.938183 102.217860
-0.626583 -0.180921 -0.758064 -0.364773 0.927644 0.080112 0.688719 0.326718 -0.647241 -74.359764 -6.862976 101.502591
-0.631199 -0.179095 -0.754661 -0.365060 0.927066 0.085327 0.684338 0.329355 -0.650543 -75.189686 -6.783665 100.768668
-0.634652 -0.177392 -0.752163 -0.365637 0.926393 0.090031 0.680828 0.332156 -0.652798 -75.893238 -6.708340 100.133401
-0.636147 -0.179139 -0.750484 -0.365743 0.926463 0.088877 0.679374 0.331023 -0.654885 -76.585969 -6.623394 99.507183
-0.636693 -0.184315 -0.748766 -0.364808 0.927474 0.081899 0.679365 0.325300 -0.657756 -77.285996 -6.550283 98.885609
-0.637567 -0.187934 -0.747121 -0.364195 0.928106 0.077332 0.678874 0.321402 -0.660174 -78.019956 -6.483808 98.230944
-0.638178 -0.187151 -0.746796 -0.363562 0.928295 0.078048 0.678639 0.321315 -0.660458 -78.772457 -6.419008 97.556565
-0.640102 -0.183103 -0.746152 -0.362208 0.928404 0.082900 0.677551 0.323327 -0.660594 -79.518828 -6.348184 96.879312
-0.642134 -0.179435 -0.745297 -0.361554 0.928185 0.088041 0.675975 0.325999 -0.660895 -80.261713 -6.277948 96.205408
-0.643909 -0.177649 -0.744192 -0.361822 0.927736 0.091602 0.674141 0.328248 -0.661655 -80.967431 -6.204147 95.561954
-0.644330 -0.179734 -0.743326 -0.362550 0.927611 0.089973 0.673347 0.327465 -0.662851 -81.606564 -6.138877 94.983166
-0.642861 -0.185593 -0.743159 -0.363173 0.928072 0.082386 0.674415 0.322858 -0.664024 -82.182212 -6.085933 94.467710
-0.642119 -0.191751 -0.742236 -0.364912 0.927938 0.075965 0.674183 0.319629 -0.665819 -82.811576 -6.028069 93.899047
-0.641730 -0.193031 -0.742241 -0.365706 0.927711 0.074918 0.674123 0.319519 -0.665932 -83.623624 -5.961491 93.171088
-0.642572 -0.188870 -0.742582 -0.366644 0.926781 0.081545 0.672810 0.324662 -0.664772 -84.478139 -5.891358 92.402178
-0.643062 -0.178798 -0.744649 -0.365897 0.925931 0.093655 0.672749 0.332690 -0.660853 -85.185424 -5.824778 91.760839
-0.645260 -0.175023 -0.743644 -0.364411 0.926041 0.098248 0.671449 0.334388 -0.661318 -85.913057 -5.749440 91.114444
-0.647437 -0.180700 -0.740387 -0.366136 0.925779 0.094224 0.668409 0.332086 -0.665544 -86.575080 -5.677413 90.508972
-0.648387 -0.190771 -0.737021 -0.366447 0.926775 0.082491 0.667316 0.323565 -0.670817 -87.308773 -5.607978 89.833415
-0.649854 -0.196917 -0.734107 -0.366265 0.927446 0.075451 0.665988 0.317910 -0.674828 -88.063311 -5.539091 89.132100
-0.651790 -0.200453 -0.731429 -0.365842 0.927910 0.071710 0.664326 0.314327 -0.678137 -88.803586 -5.471513 88.441374
-0.652387 -0.198910 -0.731318 -0.366247 0.927535 0.074439 0.663516 0.316406 -0.677963 -89.534612 -5.413775 87.761000
-0.654515 -0.194103 -0.730708 -0.365903 0.927079 0.081483 0.661608 0.320700 -0.677810 -90.302689 -5.350269 87.035318
-0.655870 -0.191183 -0.730263 -0.367463 0.925901 0.087627 0.659398 0.325816 -0.677523 -91.120966 -5.269970 86.260823
-0.658263 -0.190376 -0.728318 -0.367093 0.925842 0.089776 0.657216 0.326456 -0.679333 -91.970782 -5.195067 85.458857
-0.659905 -0.192084 -0.726381 -0.367304 0.925847 0.088859 0.655449 0.325441 -0.681524 -92.779534 -5.114023 84.687841
-0.660880 -0.191971 -0.725524 -0.365791 0.926523 0.088044 0.655313 0.323576 -0.682542 -93.612556 -5.033252 83.896867
-0.661380 -0.194056 -0.724513 -0.365185 0.927041 0.085062 0.655146 0.320840 -0.683993 -94.408566 -4.955281 83.138730
-0.661936 -0.195908 -0.723506 -0.363132 0.928220 0.080890 0.655725 0.316272 -0.685563 -95.102396 -4.890181 82.482420
-0.662411 -0.195107 -0.723287 -0.361615 0.928835 0.080626 0.656084 0.314959 -0.685824 -95.778103 -4.825056 81.836472
-0.661612 -0.194358 -0.724220 -0.361881 0.928666 0.081371 0.656743 0.315917 -0.684752 -96.473487 -4.761136 81.166867
-0.660603 -0.195318 -0.724882 -0.362917 0.928329 0.080599 0.657187 0.316316 -0.684141 -97.140806 -4.701569 80.525779
-0.660189 -0.197795 -0.724588 -0.363245 0.928464 0.077513 0.657422 0.314376 -0.684809 -97.766569 -4.646611 79.931453
-0.659096 -0.197751 -0.725594 -0.361621 0.929286 0.075215 0.659411 0.311964 -0.684000 -98.423303 -4.590611 79.312024
-0.658985 -0.196959 -0.725910 -0.361865 0.929094 0.076414 0.659388 0.313037 -0.683531 -99.086906 -4.529196 78.685219
-0.658715 -0.196274 -0.726341 -0.362241 0.928855 0.077516 0.659451 0.314172 -0.682950 -99.748320 -4.463118 78.047105
-0.658808 -0.194264 -0.726796 -0.362013 0.928742 0.079907 0.659483 0.315754 -0.682189 -100.461739 -4.398054 77.367616
-0.658551 -0.193765 -0.727163 -0.361650 0.928874 0.080011 0.659939 0.315670 -0.681786 -101.168092 -4.336827 76.703350
-0.658140 -0.194424 -0.727359 -0.362117 0.928745 0.079401 0.660094 0.315646 -0.681648 -101.914452 -4.265847 75.998872
-0.657801 -0.194695 -0.727593 -0.362362 0.928675 0.079100 0.660297 0.315684 -0.681433 -102.594168 -4.204344 75.361663
-0.657399 -0.194856 -0.727913 -0.364271 0.927797 0.080621 0.659646 0.318158 -0.680913 -103.265084 -4.141910 74.726241
-0.657408 -0.193599 -0.728241 -0.364918 0.927342 0.082895 0.659280 0.320244 -0.680290 -103.945216 -4.075161 74.077169
-0.657432 -0.192363 -0.728546 -0.365416 0.926955 0.084997 0.658979 0.322103 -0.679703 -104.686897 -4.007271 73.377556
-0.657335 -0.192048 -0.728717 -0.366251 0.926515 0.086198 0.658613 0.323554 -0.679369 -105.355956 -3.936296 72.743219
-0.657983 -0.193589 -0.727723 -0.366760 0.926409 0.085169 0.657682 0.322939 -0.680562 -105.995701 -3.881775 72.126517
-0.658987 -0.195841 -0.726211 -0.365748 0.927106 0.081875 0.657240 0.319565 -0.682579 -106.631200 -3.827469 71.524737
-0.661228 -0.196747 -0.723926 -0.365243 0.927330 0.081583 0.655267 0.318354 -0.685037 -107.294532 -3.763783 70.899451
-0.662679 -0.196511 -0.722662 -0.365784 0.926959 0.083357 0.653498 0.319577 -0.686157 -107.939625 -3.700614 70.279184
-0.664408 -0.195436 -0.721364 -0.367261 0.926004 0.087386 0.650908 0.322989 -0.687021 -108.638623 -3.629481 69.601206
-0.665872 -0.194448 -0.720281 -0.368326 0.925260 0.090718 0.648808 0.325704 -0.687725 -109.310421 -3.559224 68.960367
-0.667033 -0.196211 -0.718727 -0.369175 0.924981 0.090105 0.647130 0.325439 -0.689429 -109.956939 -3.492359 68.334693
-0.667825 -0.198971 -0.717231 -0.369238 0.925241 0.087127 0.646276 0.323015 -0.691367 -110.580723 -3.427841 67.732896
-0.669426 -0.201950 -0.714902 -0.371063 0.924591 0.086275 0.643569 0.323029 -0.693881 -111.222515 -3.356106 67.110499
-0.670681 -0.204941 -0.712872 -0.373561 0.923617 0.085926 0.640811 0.323930 -0.696010 -111.842086 -3.291577 66.504256
-0.671822 -0.206708 -0.711286 -0.376417 0.922309 0.087499 0.637938 0.326524 -0.697436 -112.539249 -3.220175 65.810944
-0.673151 -0.207137 -0.709903 -0.378215 0.921352 0.089801 0.635469 0.328946 -0.698551 -113.273483 -3.141539 65.078525
-0.673831 -0.207545 -0.709138 -0.380005 0.920428 0.091701 0.633679 0.331267 -0.699081 -113.940720 -3.068806 64.416768
-0.674420 -0.207633 -0.708552 -0.380830 0.919966 0.092900 0.632555 0.332492 -0.699517 -114.552334 -2.998135 63.805944
-0.674284 -0.206998 -0.708868 -0.381651 0.919459 0.094538 0.632205 0.334286 -0.698977 -115.249015 -2.920447 63.115011
-0.673582 -0.207008 -0.709531 -0.382812 0.918895 0.095327 0.632251 0.335827 -0.698196 -115.919158 -2.848734 62.461621
-0.671150 -0.208667 -0.711348 -0.383818 0.918752 0.092622 0.634226 0.335191 -0.696710 -116.543242 -2.782638 61.846125
-0.668318 -0.210868 -0.713362 -0.385574 0.918298 0.089782 0.636147 0.335057 -0.695021 -117.155300 -2.720608 61.232493
-0.664429 -0.212539 -0.716492 -0.387560 0.917714 0.087169 0.639008 0.335602 -0.692127 -117.805914 -2.657112 60.591448
-0.659700 -0.213532 -0.720555 -0.389634 0.917042 0.084967 0.642636 0.336805 -0.688172 -118.459227 -2.591896 59.955585
-0.653257 -0.214878 -0.726004 -0.392412 0.916132 0.081941 0.647509 0.338421 -0.682791 -119.140542 -2.530361 59.307862
-0.646095 -0.215421 -0.732226 -0.394510 0.915510 0.078761 0.653394 0.339757 -0.676492 -119.775134 -2.481541 58.713771
-0.639887 -0.216672 -0.737291 -0.396802 0.914790 0.075545 0.658098 0.340899 -0.671338 -120.394335 -2.433899 58.141898
-0.634691 -0.216076 -0.741943 -0.398203 0.914277 0.074375 0.662271 0.342649 -0.666325 -120.990784 -2.385389 57.595447
-0.630544 -0.216258 -0.745417 -0.399601 0.913785 0.072916 0.665382 0.343846 -0.662599 -121.641353 -2.334439 57.005181
-0.624963 -0.216489 -0.750035 -0.401938 0.912877 0.071421 0.669228 0.346104 -0.657530 -122.283388 -2.282845 56.435509
-0.620338 -0.216252 -0.753933 -0.403392 0.912328 0.070228 0.672648 0.347696 -0.653186 -122.998855 -2.224878 55.804701
-0.615411 -0.215653 -0.758131 -0.403711 0.912342 0.068192 0.676969 0.348032 -0.648526 -123.652169 -2.180830 55.233150
-0.608971 -0.215401 -0.763385 -0.404105 0.912406 0.064915 0.682534 0.348019 -0.642674 -124.348189 -2.139605 54.637082
-0.602102 -0.214439 -0.769083 -0.404227 0.912554 0.062020 0.688530 0.348226 -0.636133 -125.062196 -2.106894 54.038262
-0.596476 -0.213206 -0.773796 -0.403600 0.912995 0.059554 0.693775 0.347826 -0.630630 -125.665514 -2.080320 53.538420
-0.590371 -0.211382 -0.778961 -0.402146 0.913812 0.056808 0.699815 0.346794 -0.624494 -126.266295 -2.052159 53.053132
-0.584127 -0.209808 -0.784076 -0.400832 0.914565 0.053889 0.705783 0.345761 -0.618320 -126.779829 -2.034496 52.651070
-0.578415 -0.210457 -0.788127 -0.400195 0.915101 0.049344 0.710831 0.343946 -0.613532 -127.320886 -2.014786 52.232656
-0.572498 -0.210815 -0.792340 -0.400014 0.915380 0.045474 0.715706 0.342981 -0.608382 -127.847201 -1.995285 51.821882
-0.567613 -0.210664 -0.795887 -0.399444 0.915773 0.042481 0.719903 0.342025 -0.603953 -128.384585 -1.981270 51.412342
-0.563434 -0.209521 -0.799151 -0.398146 0.916430 0.040440 0.723893 0.340965 -0.599768 -128.922178 -1.965991 51.007224
-0.559908 -0.208196 -0.801971 -0.397010 0.916980 0.039126 0.727245 0.340298 -0.596081 -129.430245 -1.950526 50.624637
-0.555180 -0.205549 -0.805931 -0.395687 0.917576 0.038553 0.731578 0.340300 -0.590753 -129.881455 -1.936371 50.290654
-0.550012 -0.204118 -0.809829 -0.394883 0.917993 0.036812 0.735904 0.340035 -0.585510 -130.396886 -1.920726 49.915880
-0.544683 -0.203511 -0.813575 -0.394378 0.918307 0.034324 0.740126 0.339552 -0.580446 -130.929574 -1.908290 49.534708
-0.540705 -0.203680 -0.816182 -0.394730 0.918227 0.032356 0.742850 0.339666 -0.576889 -131.441949 -1.897162 49.169055
-0.538322 -0.203071 -0.817907 -0.393935 0.918609 0.031204 0.745000 0.339000 -0.574504 -131.913119 -1.887488 48.832453
-0.536525 -0.202936 -0.819120 -0.393963 0.918621 0.030459 0.746280 0.339046 -0.572812 -132.391885 -1.877960 48.489957
-0.536349 -0.202445 -0.819357 -0.394184 0.918506 0.031090 0.746290 0.339652 -0.572440 -132.980322 -1.862872 48.069821
-0.537502 -0.202688 -0.818541 -0.394765 0.918230 0.031853 0.745152 0.340252 -0.573565 -133.596493 -1.852141 47.632933
-0.538655 -0.204341 -0.817371 -0.395918 0.917746 0.031479 0.743707 0.340568 -0.575251 -134.166189 -1.842225 47.220317
-0.540896 -0.205550 -0.815586 -0.396247 0.917603 0.031530 0.741903 0.340228 -0.577776 -134.660944 -1.823359 46.864076
-0.548522 -0.206824 -0.810152 -0.396503 0.917394 0.034255 0.736144 0.340018 -0.585218 -135.143849 -1.803188 46.498971
-0.561767 -0.207733 -0.800790 -0.396256 0.917267 0.040032 0.726222 0.339807 -0.597606 -135.539347 -1.774848 46.180799
-0.578674 -0.208291 -0.788512 -0.395419 0.917251 0.047892 0.713288 0.339506 -0.613152 -135.898778 -1.747645 45.870526
-0.597429 -0.207542 -0.774600 -0.392996 0.917759 0.057208 0.699023 0.338592 -0.629859 -136.284121 -1.722338 45.537337
-0.618827 -0.207955 -0.757501 -0.391271 0.917783 0.067685 0.681146 0.338274 -0.649315 -136.622315 -1.686593 45.226541
-0.640607 -0.208004 -0.739159 -0.389566 0.917568 0.079416 0.661710 0.338826 -0.668832 -136.911385 -1.648393 44.941418
-0.664894 -0.208277 -0.717312 -0.387519 0.917169 0.092894 0.638549 0.339737 -0.690532 -137.208209 -1.605042 44.624301
-0.690179 -0.208559 -0.692933 -0.384379 0.916970 0.106861 0.613112 0.340102 -0.713039 -137.541188 -1.547903 44.249530
-0.716016 -0.208111 -0.666341 -0.379964 0.916932 0.121914 0.585617 0.340478 -0.735613 -137.824990 -1.491089 43.906509
-0.743458 -0.207318 -0.635837 -0.374193 0.916942 0.138555 0.554301 0.340935 -0.759285 -138.098046 -1.423320 43.546834
-0.771123 -0.207897 -0.601787 -0.367513 0.917166 0.154078 0.519907 0.339978 -0.783653 -138.313460 -1.356900 43.226355
-0.796975 -0.209239 -0.566612 -0.360807 0.917242 0.168777 0.484406 0.338949 -0.806514 -138.542945 -1.272497 42.851965
-0.819849 -0.210945 -0.532306 -0.353794 0.917587 0.181282 0.450197 0.336951 -0.826914 -138.706130 -1.204166 42.542602
-0.842823 -0.212343 -0.494530 -0.345812 0.917755 0.195296 0.412387 0.335614 -0.846936 -138.911924 -1.114712 42.152246
-0.863350 -0.214118 -0.456924 -0.338558 0.917241 0.209874 0.374172 0.335891 -0.864392 -139.100666 -1.005833 41.710041
-0.882448 -0.214720 -0.418545 -0.329588 0.917063 0.224426 0.335644 0.335992 -0.880030 -139.270643 -0.881412 41.242983
-0.898764 -0.214764 -0.382229 -0.320446 0.916784 0.238373 0.299227 0.336725 -0.892793 -139.455591 -0.758010 40.761306
-0.912540 -0.214985 -0.347925 -0.311627 0.916436 0.251066 0.264876 0.337531 -0.903279 -139.613174 -0.622109 40.266683
-0.925263 -0.214193 -0.313065 -0.301322 0.916362 0.263600 0.230419 0.338233 -0.912417 -139.763290 -0.480399 39.760128
-0.935441 -0.213860 -0.281451 -0.292268 0.915782 0.275539 0.198821 0.340009 -0.919165 -139.892033 -0.339091 39.266946
-0.944861 -0.215792 -0.246315 -0.284136 0.914175 0.289052 0.162801 0.343101 -0.925083 -139.991477 -0.196127 38.780416
-0.952918 -0.216860 -0.211940 -0.275088 0.912303 0.303364 0.127566 0.347383 -0.929006 -140.066522 -0.038244 38.300534
-0.960370 -0.217659 -0.174107 -0.263932 0.910955 0.317020 0.089601 0.350409 -0.932301 -140.110981 0.127285 37.832266
-0.965917 -0.219457 -0.137271 -0.253347 0.910286 0.327405 0.053104 0.351024 -0.934860 -140.137621 0.266534 37.445599
-0.970078 -0.220967 -0.100611 -0.242195 0.909779 0.337111 0.017043 0.351391 -0.936074 -140.166075 0.433586 36.992925
-0.973032 -0.220861 -0.066557 -0.230123 0.909543 0.346085 -0.015900 0.352068 -0.935839 -140.169167 0.613054 36.520697
-0.974495 -0.221486 -0.036092 -0.219712 0.908956 0.354296 -0.045665 0.353190 -0.934437 -140.158631 0.777949 36.098684
-0.974639 -0.223593 -0.009182 -0.211814 0.908501 0.360222 -0.072201 0.353031 -0.932821 -140.137750 0.923624 35.713661
-0.974555 -0.223651 0.014921 -0.203134 0.909369 0.363022 -0.094759 0.350754 -0.931661 -140.114899 1.085792 35.292342
-0.974211 -0.222074 0.039948 -0.192772 0.911172 0.364148 -0.117267 0.347056 -0.930484 -140.085718 1.257735 34.852910
-0.973628 -0.219911 0.060733 -0.183330 0.912599 0.365450 -0.135792 0.344678 -0.928847 -140.041324 1.442669 34.387582
-0.972272 -0.220165 0.078832 -0.177138 0.913446 0.366385 -0.152674 0.342262 -0.927118 -139.980763 1.625216 33.929097
-0.970645 -0.219859 0.097525 -0.170437 0.914840 0.366086 -0.169707 0.338718 -0.925456 -139.922960 1.792248 33.511517
-0.968620 -0.219297 0.116978 -0.163321 0.916359 0.365530 -0.187354 0.334955 -0.923420 -139.854863 1.963336 33.078814
-0.965780 -0.219075 0.138836 -0.155826 0.918025 0.364622 -0.207334 0.330510 -0.920747 -139.764969 2.163352 32.572455
-0.962625 -0.219358 0.158853 -0.149129 0.918905 0.365205 -0.226081 0.327866 -0.917274 -139.671229 2.357803 32.090235
-0.958613 -0.220493 0.180122 -0.142293 0.918998 0.367690 -0.246605 0.326842 -0.912338 -139.545581 2.589187 31.516907
-0.954338 -0.220775 0.201238 -0.133701 0.918083 0.373158 -0.267137 0.329214 -0.905680 -139.422851 2.787014 31.020722
-0.947901 -0.224330 0.226184 -0.126377 0.916555 0.379415 -0.292424 0.331063 -0.897154 -139.290423 2.971085 30.574741
-0.941190 -0.226410 0.250799 -0.117678 0.915460 0.384819 -0.316723 0.332674 -0.888265 -139.138046 3.170952 30.104625
-0.934555 -0.226607 0.274328 -0.107673 0.914937 0.388968 -0.339136 0.333975 -0.879459 -138.984613 3.360039 29.661718
-0.926194 -0.227565 0.300631 -0.097349 0.914623 0.392413 -0.364264 0.334184 -0.869271 -138.782299 3.593847 29.132187
-0.917297 -0.228564 0.326075 -0.087110 0.914211 0.395766 -0.388559 0.334631 -0.858513 -138.556745 3.832973 28.587790
-0.906812 -0.230441 0.352972 -0.076958 0.913778 0.398858 -0.414452 0.334525 -0.846359 -138.331568 4.058574 28.086457
-0.894099 -0.232051 0.383066 -0.065043 0.913516 0.401569 -0.443121 0.334127 -0.831867 -138.108314 4.261045 27.651188
-0.881675 -0.232333 0.410696 -0.053017 0.913645 0.403040 -0.468870 0.333577 -0.817855 -137.845955 4.493914 27.167471
-0.867473 -0.234017 0.439007 -0.041774 0.913601 0.404459 -0.495727 0.332518 -0.802300 -137.589289 4.700906 26.754519
-0.851360 -0.234346 0.469327 -0.028480 0.913998 0.404719 -0.523808 0.331195 -0.784815 -137.347201 4.894551 26.390112
-0.831569 -0.235123 0.503199 -0.013731 0.914404 0.404569 -0.555251 0.329517 -0.763619 -137.072238 5.096298 26.014497
-0.811623 -0.236266 0.534273 0.001139 0.913924 0.405885 -0.584181 0.330034 -0.741492 -136.755577 5.314990 25.622889
-0.790610 -0.238814 0.563829 0.015307 0.912813 0.408092 -0.612129 0.331272 -0.718023 -136.431679 5.526711 25.251918
-0.769774 -0.240739 0.591180 0.029140 0.911935 0.409299 -0.637651 0.332295 -0.694968 -136.083804 5.747021 24.862318
-0.754540 -0.241488 0.610207 0.039812 0.911278 0.409864 -0.655045 0.333552 -0.677982 -135.643762 6.023813 24.387142
-0.739597 -0.243389 0.627501 0.047251 0.911248 0.409138 -0.671389 0.332247 -0.662456 -135.152733 6.327693 23.888745
-0.729926 -0.242873 0.638922 0.053423 0.911613 0.407564 -0.681435 0.331625 -0.652434 -134.648934 6.634077 23.385679
-0.722095 -0.241727 0.648188 0.059065 0.912002 0.405911 -0.689268 0.331391 -0.644274 -134.089671 6.963091 22.842175
-0.712809 -0.241051 0.658634 0.065032 0.912321 0.404278 -0.698337 0.331005 -0.634635 -133.442182 7.338280 22.230045
-0.703143 -0.239909 0.669354 0.071068 0.912936 0.401868 -0.707488 0.330140 -0.624874 -132.756661 7.729735 21.597535
-0.693190 -0.238961 0.679989 0.075875 0.914005 0.398546 -0.716750 0.327862 -0.615448 -132.110909 8.088650 21.033233
-0.679692 -0.236626 0.694281 0.085193 0.914662 0.395139 -0.728533 0.327721 -0.601530 -131.480882 8.432053 20.485298
-0.666793 -0.236311 0.706785 0.093863 0.914212 0.394216 -0.739309 0.329202 -0.587409 -130.823270 8.787670 19.932952
-0.653731 -0.237799 0.718392 0.102425 0.912799 0.395357 -0.749763 0.332039 -0.572369 -130.199562 9.109338 19.441690
-0.638872 -0.239153 0.731196 0.112412 0.911233 0.396256 -0.761056 0.335352 -0.555277 -129.555193 9.433697 18.959876
-0.626339 -0.240193 0.741624 0.120125 0.910247 0.396257 -0.770240 0.337279 -0.541270 -128.911745 9.755563 18.492262
-0.616756 -0.238965 0.750005 0.126362 0.910392 0.393979 -0.776946 0.337761 -0.531294 -128.318620 10.052177 18.073049
-0.609705 -0.238783 0.755806 0.129273 0.910819 0.392042 -0.782015 0.336735 -0.524463 -127.693567 10.367663 17.646369
-0.600927 -0.239000 0.762736 0.133736 0.910734 0.390739 -0.788037 0.336811 -0.515322 -127.080470 10.672030 17.236649
-0.592412 -0.240424 0.768924 0.137379 0.910306 0.390473 -0.793836 0.336955 -0.506247 -126.404677 11.000877 16.800728
-0.583756 -0.240591 0.775464 0.141570 0.910297 0.388995 -0.799492 0.336860 -0.497331 -125.648355 11.368582 16.327597
-0.576989 -0.240624 0.780502 0.145077 0.910227 0.387866 -0.803764 0.337028 -0.490282 -124.944266 11.716622 15.893535
-0.575653 -0.239796 0.781742 0.146091 0.910490 0.386866 -0.804538 0.336906 -0.489095 -124.140897 12.098998 15.398782
-0.575264 -0.238342 0.782473 0.146217 0.911235 0.385060 -0.804793 0.335922 -0.489351 -123.341044 12.482597 14.903633
-0.573100 -0.238166 0.784113 0.147360 0.911288 0.384498 -0.806128 0.335903 -0.487163 -122.629216 12.818899 14.464303
-0.571218 -0.238592 0.785356 0.148294 0.911075 0.384645 -0.807291 0.336180 -0.485040 -121.842303 13.186626 13.982811
-0.570013 -0.239460 0.785967 0.147694 0.911144 0.384711 -0.808253 0.335373 -0.483997 -120.993402 13.577861 13.467695
-0.568750 -0.240093 0.786689 0.148163 0.910896 0.385117 -0.809056 0.335594 -0.482499 -120.067060 14.006624 12.904644
-0.567449 -0.237619 0.788378 0.149299 0.911894 0.382307 -0.809760 0.334644 -0.481977 -119.211545 14.403102 12.384159
-0.566262 -0.234883 0.790049 0.149285 0.913454 0.378571 -0.810593 0.332313 -0.482190 -118.396223 14.783257 11.889719
-0.565026 -0.232796 0.791550 0.149174 0.914735 0.375508 -0.811475 0.330251 -0.482123 -117.557477 15.165710 11.381922
-0.562892 -0.233307 0.792919 0.149608 0.914727 0.375355 -0.812878 0.329912 -0.479988 -116.745751 15.535291 10.897575
-0.559600 -0.234925 0.794769 0.150577 0.914201 0.376249 -0.814969 0.330223 -0.476213 -115.891739 15.921679 10.390785
-0.556613 -0.237154 0.796204 0.152033 0.913128 0.378264 -0.816743 0.331595 -0.472203 -114.962024 16.338627 9.837661
-0.552754 -0.240080 0.798013 0.154666 0.911410 0.381326 -0.818866 0.334205 -0.466654 -114.055160 16.742088 9.306635
-0.551408 -0.241200 0.798606 0.156472 0.910398 0.383003 -0.819430 0.336150 -0.464260 -113.214383 17.122042 8.809863
-0.549537 -0.240980 0.799961 0.157692 0.910371 0.382567 -0.820452 0.336383 -0.462282 -112.383526 17.501058 8.326824
-0.547833 -0.240234 0.801353 0.158234 0.910838 0.381231 -0.821487 0.335652 -0.460974 -111.576594 17.864892 7.851346
-0.544187 -0.238587 0.804323 0.159536 0.911789 0.378404 -0.823655 0.334241 -0.458121 -110.798257 18.207755 7.409841
-0.540574 -0.237450 0.807092 0.161963 0.912025 0.376801 -0.825559 0.334407 -0.454559 -109.945146 18.577579 6.934026
-0.538408 -0.236718 0.808753 0.164035 0.911935 0.376121 -0.826565 0.335171 -0.452163 -109.166526 18.921373 6.498851
-0.535970 -0.236915 0.810314 0.166170 0.911437 0.376391 -0.827722 0.336384 -0.449134 -108.379157 19.264653 6.063384
-0.534111 -0.237372 0.811406 0.167185 0.911163 0.376605 -0.828718 0.336804 -0.446977 -107.571318 19.614105 5.626170
-0.531915 -0.237928 0.812685 0.167493 0.911193 0.376395 -0.830068 0.336329 -0.444826 -106.713794 19.989814 5.159320
-0.530783 -0.237875 0.813440 0.167590 0.911391 0.375873 -0.830773 0.335831 -0.443885 -105.803393 20.392372 4.657840
-0.529700 -0.237797 0.814169 0.168209 0.911378 0.375626 -0.831338 0.335920 -0.442757 -104.915878 20.784472 4.172502
-0.527655 -0.238684 0.815236 0.169292 0.910913 0.376269 -0.832419 0.336553 -0.440240 -103.983533 21.189383 3.664517
-0.526141 -0.238360 0.816309 0.170296 0.910938 0.375754 -0.833171 0.336713 -0.438691 -103.074388 21.590144 3.175502
-0.523514 -0.237752 0.818173 0.172385 0.910861 0.374988 -0.834396 0.337352 -0.435863 -102.251244 21.950128 2.746792
-0.520644 -0.237035 0.820210 0.174038 0.911051 0.373762 -0.835847 0.337344 -0.433080 -101.443632 22.307378 2.320468
-0.519053 -0.236891 0.821259 0.174414 0.911256 0.373084 -0.836758 0.336889 -0.431674 -100.563885 22.692198 1.859421
-0.517100 -0.235539 0.822878 0.175928 0.911615 0.371493 -0.837649 0.336867 -0.429959 -99.809352 23.016930 1.462846
-0.515997 -0.233429 0.824171 0.177520 0.912124 0.369482 -0.837994 0.336959 -0.429215 -99.033865 23.351898 1.052762
-0.515411 -0.233053 0.824644 0.176784 0.912693 0.368428 -0.838510 0.335675 -0.429212 -98.248779 23.684612 0.644637
-0.513620 -0.233535 0.825625 0.176853 0.912769 0.368205 -0.839594 0.335132 -0.427515 -97.420847 24.036068 0.217891
-0.510924 -0.234806 0.826936 0.176691 0.912746 0.368340 -0.841271 0.334306 -0.424856 -96.640587 24.366074 -0.180546
-0.508136 -0.235977 0.828319 0.176840 0.912658 0.368488 -0.842927 0.333722 -0.422024 -95.940768 24.660744 -0.524866
-0.505724 -0.236194 0.829732 0.176564 0.913093 0.367540 -0.844434 0.332375 -0.420070 -95.163213 24.985462 -0.908073
-0.503206 -0.236003 0.831316 0.176822 0.913513 0.366371 -0.845883 0.331355 -0.417955 -94.379850 25.317582 -1.297511
-0.500019 -0.235912 0.833263 0.178194 0.913565 0.365576 -0.847483 0.331278 -0.414762 -93.554505 25.661514 -1.700177
-0.497671 -0.235901 0.834670 0.179084 0.913624 0.364994 -0.848677 0.331123 -0.412438 -92.725895 26.003547 -2.101898
-0.494443 -0.235262 0.836767 0.180760 0.913798 0.363730 -0.850207 0.331097 -0.409295 -91.926086 26.327876 -2.482216
-0.489539 -0.232693 0.840361 0.183340 0.914726 0.360086 -0.852489 0.330348 -0.405132 -91.155933 26.641006 -2.847359
-0.484639 -0.230561 0.843781 0.184995 0.915799 0.356495 -0.854928 0.328867 -0.401179 -90.420995 26.934651 -3.190726
-0.479497 -0.229539 0.846991 0.186352 0.916537 0.353883 -0.857529 0.327524 -0.396702 -89.631752 27.249468 -3.555950
-0.475103 -0.229946 0.849354 0.187650 0.916571 0.353109 -0.859689 0.327144 -0.392316 -88.782693 27.585824 -3.941653
-0.470753 -0.230006 0.851757 0.189814 0.916409 0.352372 -0.861604 0.327556 -0.387743 -87.963015 27.902415 -4.308839
-0.467282 -0.229721 0.853742 0.191002 0.916619 0.351181 -0.863230 0.327167 -0.384442 -87.236535 28.182905 -4.630321
-0.464106 -0.227209 0.856143 0.192661 0.917509 0.347935 -0.864573 0.326424 -0.382047 -86.429630 28.495484 -4.985023
-0.461786 -0.224762 0.858042 0.194057 0.918326 0.344992 -0.865503 0.325822 -0.380454 -85.567576 28.826068 -5.365320
-0.461981 -0.223026 0.858390 0.193255 0.919293 0.342859 -0.865579 0.324282 -0.381595 -84.717553 29.157883 -5.741932
-0.462948 -0.222841 0.857917 0.192832 0.919381 0.342862 -0.865156 0.324161 -0.382655 -83.822265 29.499573 -6.142775
-0.462603 -0.222997 0.858062 0.192536 0.919481 0.342760 -0.865407 0.323770 -0.382419 -82.941655 29.836038 -6.535807
-0.462189 -0.221789 0.858599 0.192331 0.920101 0.341209 -0.865673 0.322838 -0.382603 -82.082586 30.165001 -6.919578
-0.462073 -0.221066 0.858847 0.192461 0.920356 0.340446 -0.865706 0.322605 -0.382726 -81.219624 30.492092 -7.305833
-0.462043 -0.221925 0.858642 0.192675 0.919940 0.341449 -0.865675 0.323203 -0.382292 -80.315193 30.837319 -7.708311
-0.461553 -0.224171 0.858322 0.193328 0.918872 0.343945 -0.865791 0.324687 -0.380769 -79.353007 31.203363 -8.137794
-0.460000 -0.226891 0.858441 0.195043 0.917367 0.346981 -0.866232 0.327044 -0.377736 -78.419825 31.567828 -8.557405
-0.456639 -0.229992 0.859409 0.197441 0.915717 0.349970 -0.867466 0.329492 -0.372743 -77.592448 31.888612 -8.920929
-0.453061 -0.229517 0.861428 0.198919 0.915901 0.348650 -0.869003 0.329314 -0.369304 -76.804823 32.190834 -9.263195
-0.449859 -0.225886 0.864062 0.200302 0.917322 0.344093 -0.870348 0.327867 -0.367420 -76.037776 32.491454 -9.590431
-0.447786 -0.218840 0.866947 0.203998 0.919010 0.337349 -0.870559 0.327916 -0.366877 -75.233581 32.808620 -9.936669
-0.444442 -0.213600 0.869969 0.205855 0.920813 0.331249 -0.871834 0.326309 -0.365278 -74.468190 33.093373 -10.255015
-0.443510 -0.212696 0.870666 0.207471 0.920684 0.330599 -0.871926 0.327262 -0.364204 -73.534329 33.439883 -10.650850
-0.440942 -0.214906 0.871428 0.207864 0.920063 0.332079 -0.873134 0.327566 -0.361023 -72.616145 33.771990 -11.032047
-0.437755 -0.216528 0.872632 0.208572 0.919635 0.332820 -0.874568 0.327700 -0.357413 -71.694574 34.104890 -11.413213
-0.436231 -0.217998 0.873029 0.208927 0.919158 0.333912 -0.875244 0.328063 -0.355420 -70.754998 34.449692 -11.801090
-0.435296 -0.218787 0.873298 0.208921 0.918993 0.334372 -0.875711 0.328001 -0.354324 -69.868267 34.769758 -12.155676
-0.434685 -0.218003 0.873799 0.208852 0.919406 0.333278 -0.876031 0.327365 -0.354121 -69.050452 35.066409 -12.490734
-0.435282 -0.215665 0.874081 0.210574 0.919565 0.331751 -0.875322 0.328464 -0.354857 -68.269389 35.350104 -12.811447
-0.434502 -0.213602 0.874975 0.211878 0.919967 0.329801 -0.875395 0.328687 -0.354470 -67.504131 35.633454 -13.123000
-0.433828 -0.211914 0.875720 0.213948 0.919918 0.328598 -0.875225 0.329914 -0.353747 -66.807120 35.891201 -13.417849
-0.434289 -0.211014 0.875709 0.215429 0.919631 0.328435 -0.874633 0.331288 -0.353927 -65.999247 36.175937 -13.750934
-0.433147 -0.210921 0.876297 0.216847 0.919290 0.328455 -0.874849 0.332292 -0.352450 -65.162529 36.474457 -14.089935
-0.431879 -0.209897 0.877168 0.219453 0.918862 0.327922 -0.874826 0.334120 -0.350775 -64.331761 36.769211 -14.422399
-0.429473 -0.207935 0.878815 0.222100 0.918922 0.325965 -0.875342 0.335178 -0.348470 -63.448682 37.085450 -14.774912
-0.428235 -0.206203 0.879827 0.224016 0.919004 0.324419 -0.875461 0.336023 -0.347357 -62.653994 37.365184 -15.090485
-0.427068 -0.204999 0.880675 0.224418 0.919457 0.322854 -0.875928 0.335520 -0.346665 -61.888777 37.634763 -15.393598
-0.426211 -0.203529 0.881431 0.224752 0.919986 0.321110 -0.876260 0.334964 -0.346364 -61.088510 37.914257 -15.713046
-0.425565 -0.203140 0.881833 0.225726 0.919845 0.320830 -0.876323 0.335587 -0.345600 -60.291937 38.190547 -16.020384
-0.424509 -0.203352 0.882292 0.226031 0.919799 0.320750 -0.876756 0.335587 -0.344499 -59.439511 38.485845 -16.352483
-0.423081 -0.202794 0.883107 0.226737 0.919930 0.319875 -0.877265 0.335566 -0.343224 -58.617444 38.766775 -16.673053
-0.422071 -0.202618 0.883630 0.226815 0.920103 0.319321 -0.877731 0.335197 -0.342392 -57.729804 39.068545 -17.016036
-0.420155 -0.203134 0.884424 0.227599 0.919881 0.319401 -0.878447 0.335492 -0.340260 -56.896668 39.350335 -17.339221
-0.418094 -0.203259 0.885372 0.228368 0.919826 0.319010 -0.879230 0.335567 -0.338156 -56.079706 39.620971 -17.653403
-0.416622 -0.203491 0.886012 0.228263 0.919985 0.318628 -0.879956 0.334991 -0.336837 -55.267387 39.895984 -17.964043
-0.414629 -0.202675 0.887133 0.228486 0.920464 0.317080 -0.880839 0.334168 -0.335343 -54.533116 40.144149 -18.240193
-0.414292 -0.201533 0.887551 0.227771 0.921187 0.315490 -0.881182 0.332864 -0.335738 -53.746314 40.415618 -18.542594
-0.413115 -0.200974 0.888226 0.227961 0.921472 0.314521 -0.881686 0.332414 -0.334859 -52.875386 40.710992 -18.874053
-0.413285 -0.201358 0.888060 0.225897 0.922089 0.314201 -0.882137 0.330464 -0.335600 -51.947705 41.020729 -19.224630
-0.413961 -0.202054 0.887587 0.224640 0.922223 0.314708 -0.882141 0.329664 -0.336375 -51.015414 41.340622 -19.572017
-0.415100 -0.202515 0.886950 0.224833 0.921836 0.315704 -0.881557 0.330464 -0.337122 -50.096038 41.654500 -19.923784
-0.416178 -0.203323 0.886259 0.224704 0.921451 0.316915 -0.881081 0.331039 -0.337800 -49.201323 41.948964 -20.268513
-0.418101 -0.203493 0.885315 0.224190 0.921325 0.317647 -0.880301 0.331287 -0.339585 -48.339841 42.238147 -20.598820
-0.419224 -0.203036 0.884888 0.223401 0.921634 0.317306 -0.879968 0.330707 -0.341012 -47.553444 42.507825 -20.905842
-0.419996 -0.202765 0.884585 0.222607 0.921926 0.317017 -0.879801 0.330060 -0.342068 -46.719574 42.791241 -21.233531
-0.421065 -0.202811 0.884065 0.220627 0.922506 0.316711 -0.879789 0.328405 -0.343689 -45.877279 43.077301 -21.558571
-0.423346 -0.202544 0.883037 0.219150 0.922848 0.316741 -0.879063 0.327609 -0.346297 -45.029233 43.367872 -21.892708
-0.425133 -0.202797 0.882120 0.217601 0.923095 0.317088 -0.878585 0.326755 -0.348310 -44.240418 43.640843 -22.203231
-0.427468 -0.203035 0.880936 0.216506 0.923104 0.317811 -0.877722 0.326582 -0.350639 -43.517234 43.893487 -22.489318
-0.429171 -0.203817 0.879927 0.215037 0.923139 0.318707 -0.877252 0.325997 -0.352356 -42.806687 44.143595 -22.772095
-0.430839 -0.202908 0.879321 0.215799 0.922959 0.318713 -0.876247 0.327071 -0.353860 -42.009219 44.424413 -23.089680
-0.431051 -0.202327 0.879351 0.215718 0.923171 0.318153 -0.876162 0.326833 -0.354288 -41.200367 44.707984 -23.419327
-0.431748 -0.201743 0.879144 0.215292 0.923447 0.317639 -0.875924 0.326412 -0.355263 -40.378073 44.993119 -23.746263
-0.432089 -0.203098 0.878664 0.214323 0.923271 0.318804 -0.875993 0.326069 -0.355407 -39.547701 45.282002 -24.085682
-0.431403 -0.205415 0.878463 0.212691 0.923128 0.320309 -0.876729 0.325023 -0.354550 -38.741824 45.562197 -24.409146
-0.430082 -0.205775 0.879026 0.213014 0.923055 0.320304 -0.877299 0.325002 -0.353156 -37.969655 45.828492 -24.721448
-0.428164 -0.204191 0.880330 0.214992 0.923155 0.318689 -0.877755 0.325715 -0.351362 -37.181946 46.104890 -25.034732
-0.424600 -0.203500 0.882214 0.216759 0.923226 0.317284 -0.879051 0.325947 -0.347892 -36.439837 46.361393 -25.321831
-0.420788 -0.201841 0.884419 0.219916 0.923155 0.315313 -0.880099 0.327178 -0.344065 -35.709930 46.614772 -25.602303
-0.415071 -0.200964 0.887316 0.222754 0.923165 0.313284 -0.882098 0.327688 -0.338413 -34.905150 46.887947 -25.911008
-0.409947 -0.200633 0.889770 0.225576 0.922903 0.312034 -0.883775 0.328628 -0.333084 -34.077021 47.160761 -26.216085
-0.403603 -0.200912 0.892602 0.228486 0.922548 0.310966 -0.885945 0.329454 -0.326437 -33.328932 47.406242 -26.478982
-0.396785 -0.200495 0.895747 0.230772 0.922721 0.308756 -0.888429 0.329223 -0.319853 -32.542936 47.663142 -26.754030
-0.392214 -0.199436 0.897994 0.232834 0.922901 0.306662 -0.889919 0.329361 -0.315540 -31.723808 47.932327 -27.034503
-0.384872 -0.196832 0.901738 0.236451 0.923364 0.302473 -0.892168 0.329630 -0.308836 -30.968110 48.179692 -27.288916
-0.376144 -0.194021 0.906020 0.241315 0.923571 0.297964 -0.894585 0.330714 -0.300576 -30.226382 48.416301 -27.532284
-0.365276 -0.193415 0.910585 0.245156 0.923660 0.294536 -0.898038 0.330822 -0.289973 -29.495557 48.643995 -27.756897
-0.351935 -0.194250 0.915647 0.250702 0.922927 0.292154 -0.901826 0.332373 -0.276112 -28.715887 48.878311 -27.987455
-0.336513 -0.195110 0.921244 0.256366 0.922366 0.288994 -0.906110 0.333426 -0.260369 -27.948814 49.105700 -28.197847
-0.315886 -0.192805 0.929001 0.264538 0.922410 0.281387 -0.911173 0.334642 -0.240372 -27.206712 49.322248 -28.391888
-0.294300 -0.191248 0.936382 0.271655 0.922620 0.273817 -0.916292 0.334957 -0.219574 -26.458906 49.527485 -28.565905
-0.275030 -0.191874 0.942095 0.277634 0.922289 0.268891 -0.920477 0.335511 -0.200386 -25.671388 49.733145 -28.720400
-0.253665 -0.191692 0.948108 0.284081 0.922180 0.262455 -0.924636 0.335915 -0.179469 -24.889832 49.929451 -28.860571
-0.233694 -0.192311 0.953102 0.289660 0.921966 0.257051 -0.928162 0.336147 -0.159753 -24.059500 50.133116 -28.997100
-0.212563 -0.192752 0.957948 0.296974 0.921235 0.251262 -0.930926 0.337895 -0.138578 -23.252321 50.328154 -29.111772
-0.190959 -0.192257 0.962586 0.303887 0.920877 0.244211 -0.933374 0.339152 -0.117425 -22.396870 50.533825 -29.220367
-0.171660 -0.191359 0.966393 0.309240 0.920906 0.237282 -0.935363 0.339579 -0.098906 -21.585131 50.716798 -29.301869
-0.153111 -0.189630 0.969844 0.314064 0.921196 0.229700 -0.936974 0.339762 -0.081489 -20.737852 50.898956 -29.371826
-0.132597 -0.189159 0.972953 0.319890 0.920924 0.222639 -0.938130 0.340760 -0.061602 -19.792270 51.100136 -29.431812
-0.113090 -0.189238 0.975397 0.324017 0.921004 0.216252 -0.939268 0.340502 -0.042840 -18.891614 51.284127 -29.467151
-0.093657 -0.190259 0.977256 0.327245 0.921150 0.210698 -0.940287 0.339536 -0.024011 -17.960645 51.470624 -29.486197
-0.074805 -0.191538 0.978630 0.330316 0.921217 0.205550 -0.940902 0.338633 -0.005643 -17.148440 51.625973 -29.487909
-0.060978 -0.192801 0.979341 0.332299 0.921276 0.202060 -0.941201 0.337755 0.007889 -16.284602 51.787601 -29.483357
-0.043022 -0.193634 0.980130 0.336672 0.920848 0.196700 -0.940639 0.338444 0.025574 -15.443453 51.940152 -29.458938
-0.022676 -0.193297 0.980878 0.341713 0.920541 0.189307 -0.939531 0.339472 0.045178 -14.582327 52.095294 -29.418052
-0.003114 -0.194922 0.980814 0.346378 0.919890 0.183914 -0.938090 0.340305 0.064652 -13.690204 52.250123 -29.359219
0.016426 -0.196388 0.980389 0.350460 0.919448 0.178308 -0.936434 0.340658 0.083929 -12.810801 52.393201 -29.285503
0.036935 -0.196446 0.979819 0.355031 0.919103 0.170890 -0.934125 0.341554 0.103691 -11.979974 52.523813 -29.198344
0.054623 -0.194234 0.979433 0.357877 0.919539 0.162398 -0.932170 0.341645 0.119740 -11.246233 52.635362 -29.105157
0.072466 -0.191742 0.978766 0.361277 0.919749 0.153432 -0.929638 0.342487 0.135923 -10.497048 52.738947 -28.997164
0.086617 -0.190544 0.977850 0.364186 0.919660 0.146946 -0.927290 0.343391 0.149051 -9.624548 52.859531 -28.859631
0.099082 -0.190109 0.976750 0.365184 0.920038 0.142026 -0.925648 0.342621 0.160584 -8.805731 52.969237 -28.714685
0.115646 -0.190214 0.974907 0.366610 0.920368 0.136085 -0.923159 0.341673 0.176172 -7.879400 53.080594 -28.543078
0.127037 -0.190749 0.973384 0.369122 0.919945 0.132102 -0.920658 0.342515 0.187277 -6.977383 53.182130 -28.372293
0.133800 -0.191798 0.972271 0.370541 0.919614 0.130418 -0.919128 0.342816 0.194113 -5.994157 53.296456 -28.183478
0.139081 -0.192296 0.971431 0.372111 0.919224 0.128686 -0.917709 0.343582 0.199402 -5.040547 53.408941 -27.994157
0.142811 -0.192214 0.970906 0.373640 0.918846 0.126948 -0.916514 0.344640 0.203040 -4.026384 53.522181 -27.788927
0.145698 -0.191791 0.970561 0.374541 0.918703 0.125319 -0.915692 0.345256 0.205687 -3.017480 53.634885 -27.583578
0.148913 -0.191592 0.970112 0.376341 0.918204 0.123571 -0.914436 0.346691 0.208836 -2.186918 53.721128 -27.405877
0.151702 -0.191961 0.969607 0.377226 0.917955 0.122715 -0.913612 0.347145 0.211669 -1.297455 53.811023 -27.209342
0.153561 -0.192635 0.969180 0.377991 0.917668 0.122506 -0.912985 0.347529 0.213733 -0.385765 53.907274 -27.008229
0.154859 -0.194419 0.968617 0.378270 0.917398 0.123662 -0.912650 0.347249 0.215611 0.571800 54.007056 -26.798042
0.155885 -0.195562 0.968223 0.377707 0.917516 0.124509 -0.912709 0.346296 0.216892 1.468379 54.108033 -26.601340
0.156834 -0.196430 0.967894 0.377679 0.917461 0.124997 -0.912558 0.345949 0.218077 2.388545 54.209983 -26.397424
0.158510 -0.197530 0.967397 0.378017 0.917273 0.125357 -0.912128 0.345822 0.220066 3.272230 54.302021 -26.196117
0.159076 -0.199188 0.966964 0.377539 0.917265 0.126841 -0.912227 0.344889 0.221116 4.143240 54.398262 -25.993608
0.158667 -0.200942 0.966668 0.375882 0.917637 0.129053 -0.912982 0.342877 0.221130 5.110782 54.506330 -25.773106
0.157757 -0.203279 0.966328 0.376154 0.917174 0.131530 -0.913028 0.342739 0.221155 6.025509 54.610547 -25.568196
0.154010 -0.204898 0.966591 0.376566 0.916603 0.134302 -0.913498 0.343301 0.218324 6.948135 54.726894 -25.368440
0.151168 -0.206348 0.966731 0.376632 0.916225 0.136674 -0.913946 0.343442 0.216221 7.835856 54.837648 -25.180107
0.149188 -0.208101 0.966663 0.377434 0.915568 0.138851 -0.913940 0.344136 0.215136 8.746262 54.950913 -24.981934
0.144015 -0.209447 0.967157 0.377511 0.915060 0.141951 -0.914738 0.344670 0.210851 9.681753 55.067976 -24.788387
0.137829 -0.211094 0.967700 0.376297 0.914926 0.145986 -0.916190 0.344021 0.205537 10.730348 55.207423 -24.573934
0.134436 -0.212879 0.967786 0.376751 0.914289 0.148776 -0.916507 0.344614 0.203115 11.789168 55.347235 -24.360907
0.129217 -0.214959 0.968037 0.376967 0.913578 0.152547 -0.917169 0.345206 0.199083 12.795312 55.485302 -24.164510
0.123417 -0.215757 0.968616 0.376816 0.913161 0.155392 -0.918030 0.345812 0.194000 13.749657 55.624260 -23.981017
0.117708 -0.216533 0.969153 0.374944 0.913391 0.158536 -0.919544 0.344717 0.188701 14.734779 55.766299 -23.796697
0.112537 -0.217029 0.969657 0.372400 0.913941 0.161338 -0.921224 0.342943 0.183674 15.763502 55.918996 -23.603435
0.108467 -0.216858 0.970159 0.370746 0.914332 0.162928 -0.922379 0.342010 0.179574 16.737482 56.065521 -23.426673
0.104665 -0.217670 0.970394 0.370927 0.913889 0.164988 -0.922745 0.342677 0.176391 17.682543 56.207362 -23.259419
0.100830 -0.218234 0.970674 0.370062 0.913870 0.167022 -0.923519 0.342368 0.172905 18.584368 56.335193 -23.101307
0.096890 -0.217879 0.971155 0.370263 0.913604 0.168027 -0.923860 0.343303 0.169191 19.447605 56.468520 -22.959790
0.091980 -0.217770 0.971656 0.369221 0.913693 0.169827 -0.924779 0.343135 0.164447 20.392170 56.615152 -22.804762
0.087777 -0.217175 0.972178 0.368437 0.913815 0.170871 -0.925500 0.343187 0.160227 21.308549 56.758408 -22.658580
0.083918 -0.215940 0.972794 0.368092 0.913908 0.171115 -0.925995 0.343717 0.156179 22.217312 56.904528 -22.518254
0.080521 -0.214649 0.973366 0.366955 0.914335 0.171275 -0.926747 0.343391 0.152390 23.154370 57.057079 -22.373433
0.078380 -0.214085 0.973665 0.366756 0.914369 0.171524 -0.927010 0.343653 0.150185 24.165208 57.217999 -22.221074
0.075863 -0.213642 0.973962 0.365267 0.914833 0.172221 -0.927806 0.342691 0.147439 25.165742 57.376125 -22.075757
0.072114 -0.214006 0.974167 0.363488 0.915179 0.174139 -0.928804 0.341540 0.143786 26.271587 57.549230 -21.920066
0.068645 -0.214497 0.974310 0.362704 0.915149 0.175918 -0.929373 0.341310 0.140619 27.296446 57.714654 -21.779253
0.066208 -0.215113 0.974342 0.361470 0.915328 0.177522 -0.930030 0.340443 0.138359 28.313336 57.875529 -21.640001
0.064360 -0.215847 0.974304 0.360844 0.915299 0.178939 -0.930403 0.340055 0.136796 29.281802 58.035285 -21.508978
0.063804 -0.217102 0.974061 0.360887 0.915015 0.180302 -0.930424 0.340022 0.136731 30.322016 58.207326 -21.371806
0.064371 -0.218622 0.973684 0.360086 0.915063 0.181654 -0.930696 0.338917 0.137626 31.378378 58.382705 -21.229045
0.067795 -0.220325 0.973068 0.360233 0.914924 0.182062 -0.930395 0.338189 0.141396 32.412706 58.556869 -21.079285
0.070038 -0.221179 0.972715 0.360283 0.914898 0.182092 -0.930210 0.337700 0.143765 33.434997 58.727757 -20.931488
0.073836 -0.222570 0.972117 0.360332 0.914878 0.182097 -0.929898 0.336839 0.147750 34.443092 58.900579 -20.776280
0.080098 -0.222583 0.971618 0.360834 0.915116 0.179893 -0.929184 0.336183 0.153614 35.269975 59.030008 -20.647666
0.087260 -0.221013 0.971359 0.361118 0.915775 0.175925 -0.928428 0.335424 0.159723 36.058886 59.156848 -20.515716
0.094898 -0.220395 0.970783 0.361951 0.916080 0.172594 -0.927354 0.334997 0.166706 36.838025 59.280994 -20.380085
0.100283 -0.221685 0.969948 0.361181 0.916473 0.172121 -0.927088 0.333065 0.171975 37.696143 59.414421 -20.228874
0.103716 -0.224034 0.969047 0.361342 0.916216 0.173146 -0.926647 0.332200 0.175979 38.568460 59.552010 -20.072699
0.110257 -0.224572 0.968200 0.360447 0.916857 0.171616 -0.926241 0.330062 0.182036 39.371794 59.679326 -19.918864
0.117231 -0.223908 0.967534 0.360333 0.917450 0.168658 -0.925428 0.328863 0.188235 40.145111 59.794155 -19.769077
0.123879 -0.223989 0.966687 0.360927 0.917634 0.166371 -0.924330 0.328293 0.194519 40.875449 59.903590 -19.621959
0.129068 -0.224637 0.965857 0.361513 0.917631 0.165112 -0.923390 0.327859 0.199646 41.616214 60.011456 -19.470779
0.136139 -0.225572 0.964668 0.363311 0.917260 0.163214 -0.921668 0.328255 0.206828 42.271326 60.104867 -19.331048
0.143389 -0.226738 0.963343 0.363662 0.917374 0.161789 -0.920429 0.327132 0.213997 42.931427 60.194351 -19.185682
0.150136 -0.227762 0.962073 0.364791 0.917202 0.160212 -0.918905 0.326902 0.220790 43.619040 60.291668 -19.028001
0.160848 -0.228824 0.960087 0.366317 0.917113 0.157211 -0.916482 0.326410 0.231338 44.214326 60.370531 -18.883952
0.173203 -0.228525 0.958007 0.366908 0.917661 0.152566 -0.913991 0.325075 0.242790 44.848307 60.455418 -18.720426
0.185851 -0.228253 0.955699 0.368836 0.917723 0.147457 -0.910725 0.325091 0.254748 45.422707 60.532046 -18.567686
0.201915 -0.227342 0.952652 0.371034 0.917942 0.140418 -0.906402 0.325113 0.269698 45.924269 60.596667 -18.418899
0.217963 -0.225971 0.949436 0.372596 0.918406 0.133049 -0.902033 0.324756 0.284375 46.453318 60.659748 -18.256691
0.234791 -0.225140 0.945614 0.374088 0.918811 0.125875 -0.897180 0.324189 0.299951 47.011672 60.725813 -18.075936
0.251347 -0.224845 0.941419 0.375554 0.919097 0.119245 -0.892067 0.323582 0.315453 47.550193 60.780951 -17.892739
0.267881 -0.224497 0.936932 0.375636 0.919852 0.113005 -0.887208 0.321673 0.330740 48.078372 60.819806 -17.699406
0.286895 -0.222610 0.931738 0.375410 0.920956 0.104440 -0.881339 0.319820 0.347788 48.632123 60.861831 -17.488668
0.304264 -0.222041 0.926348 0.376339 0.921365 0.097236 -0.875096 0.319035 0.363901 49.124023 60.888582 -17.294674
0.321963 -0.222241 0.920298 0.376935 0.921785 0.090731 -0.868482 0.317680 0.380551 49.622778 60.918718 -17.087424
0.341354 -0.222660 0.913181 0.377258 0.922303 0.083863 -0.860903 0.315878 0.398832 50.111499 60.955150 -16.865226
0.361771 -0.223304 0.905128 0.378192 0.922565 0.076446 -0.852111 0.314657 0.418209 50.565543 60.984250 -16.643366
0.384511 -0.223704 0.895605 0.379479 0.922731 0.067557 -0.841515 0.313886 0.439691 50.981719 61.002899 -16.427169
0.407880 -0.224471 0.885012 0.380485 0.922920 0.058730 -0.829979 0.312779 0.461849 51.358334 61.015157 -16.218489
0.429721 -0.224735 0.874548 0.381160 0.923160 0.049939 -0.818570 0.311882 0.482361 51.660520 61.014088 -16.034625
0.449609 -0.224032 0.864674 0.382143 0.923215 0.040495 -0.807353 0.312222 0.500698 51.987269 61.015468 -15.839236
0.468899 -0.221962 0.854907 0.383168 0.923206 0.029535 -0.795812 0.313724 0.517939 52.270677 61.016792 -15.658307
0.486817 -0.219418 0.845497 0.383635 0.923295 0.018720 -0.784750 0.315249 0.533653 52.632140 61.011789 -15.422102
0.506407 -0.218219 0.834226 0.384397 0.923132 0.008131 -0.771875 0.316557 0.551363 52.962862 61.002520 -15.197631
0.528038 -0.218606 0.820602 0.384688 0.923045 -0.001641 -0.757093 0.316543 0.571498 53.319229 60.985413 -14.942566
0.548010 -0.219916 0.807045 0.384273 0.923172 -0.009374 -0.742980 0.315262 0.590415 53.663844 60.963178 -14.678035
0.569216 -0.220677 0.792020 0.382933 0.923603 -0.017871 -0.727568 0.313463 0.610234 54.012871 60.935145 -14.402635
0.590256 -0.221088 0.776350 0.381226 0.924097 -0.026682 -0.711523 0.311713 0.629738 54.351356 60.898854 -14.110198
0.610370 -0.221451 0.760531 0.379892 0.924340 -0.035736 -0.695076 0.310732 0.648317 54.660210 60.865368 -13.839207
0.627971 -0.221601 0.746020 0.379016 0.924321 -0.044478 -0.679705 0.310684 0.664437 54.993778 60.824728 -13.536337
0.644179 -0.220594 0.732374 0.377118 0.924636 -0.053200 -0.665444 0.310461 0.678821 55.290741 60.778646 -13.248129
0.663258 -0.219776 0.715393 0.375111 0.924791 -0.063669 -0.647596 0.310581 0.695816 55.578328 60.735275 -12.954613
0.682096 -0.218164 0.697961 0.372050 0.925227 -0.074392 -0.629542 0.310419 0.712261 55.840689 60.689795 -12.664216
0.702528 -0.216323 0.677981 0.368532 0.925577 -0.086552 -0.608801 0.310663 0.729966 56.021979 60.647010 -12.430653
0.720986 -0.214549 0.658899 0.364861 0.925917 -0.097746 -0.589115 0.310880 0.745853 56.301514 60.585746 -12.095038
0.739456 -0.212989 0.638623 0.361210 0.926045 -0.109393 -0.568095 0.311569 0.761704 56.511707 60.534222 -11.811631
0.760167 -0.211149 0.614461 0.356493 0.926199 -0.122756 -0.543193 0.312366 0.779339 56.706530 60.477971 -11.530836
0.779479 -0.209188 0.590468 0.351128 0.926502 -0.135291 -0.518769 0.312786 0.795641 56.894851 60.419458 -11.250463
0.799068 -0.206901 0.564520 0.344718 0.926931 -0.148215 -0.492605 0.313034 0.812004 57.085529 60.346008 -10.946968
0.818021 -0.205095 0.537380 0.337537 0.927655 -0.159766 -0.465736 0.312078 0.828069 57.312909 60.250198 -10.548309
0.837123 -0.203819 0.507624 0.330244 0.928099 -0.171960 -0.436077 0.311592 0.844244 57.501546 60.159672 -10.191832
0.855482 -0.201890 0.476856 0.322101 0.928505 -0.184743 -0.405465 0.311640 0.859348 57.657299 60.075521 -9.859430
0.873512 -0.200882 0.443423 0.313688 0.928832 -0.197158 -0.372260 0.311316 0.874360 57.819640 59.973750 -9.493049
0.887980 -0.201133 0.413566 0.306795 0.929011 -0.206916 -0.342590 0.310617 0.886650 57.974806 59.873187 -9.117379
0.899179 -0.201631 0.388359 0.300760 0.929423 -0.213814 -0.317838 0.309060 0.896360 58.147063 59.751321 -8.672883
0.908867 -0.202402 0.364684 0.295177 0.929874 -0.219557 -0.294671 0.307195 0.904876 58.299780 59.630412 -8.258336
0.917417 -0.202575 0.342506 0.289538 0.930264 -0.225335 -0.272974 0.305895 0.912093 58.496961 59.480720 -7.717799
0.924115 -0.202922 0.323781 0.284853 0.930629 -0.229759 -0.254697 0.304554 0.917811 58.688813 59.328668 -7.169270
0.929646 -0.202620 0.307740 0.280360 0.930939 -0.233991 -0.239076 0.303806 0.922250 58.869061 59.180849 -6.615293
0.936719 -0.201319 0.286407 0.273725 0.931206 -0.240688 -0.218249 0.303854 0.927384 59.021007 59.035856 -6.105601
0.943984 -0.200241 0.262292 0.266550 0.931276 -0.248346 -0.194537 0.304349 0.932484 59.116633 58.920840 -5.723882
0.950700 -0.198931 0.237898 0.258719 0.931747 -0.254779 -0.170977 0.303767 0.937279 59.205856 58.794253 -5.323608
0.956396 -0.197768 0.214928 0.251234 0.932339 -0.260049 -0.148956 0.302707 0.941372 59.292433 58.662184 -4.909436
0.962343 -0.196106 0.188252 0.242059 0.933334 -0.265132 -0.123708 0.300716 0.945657 59.351803 58.543747 -4.544989
0.967003 -0.195227 0.163679 0.234175 0.934160 -0.269273 -0.100333 0.298718 0.949053 59.401714 58.419724 -4.161403
0.971470 -0.193956 0.136481 0.225214 0.934817 -0.274584 -0.074328 0.297487 0.951828 59.450693 58.264192 -3.737447
0.975199 -0.192338 0.109514 0.216005 0.934952 -0.281437 -0.048260 0.298113 0.953310 59.512727 58.069966 -3.147302
0.977799 -0.191936 0.084087 0.208305 0.933932 -0.290481 -0.022778 0.301547 0.953179 59.565536 57.851406 -2.498471
0.979749 -0.192214 0.056092 0.200157 0.932566 -0.300429 0.005438 0.305572 0.952153 59.594963 57.611597 -1.779007
0.980917 -0.191950 0.030950 0.192038 0.931617 -0.308562 0.030395 0.308617 0.950701 59.603559 57.378808 -1.093185
0.981610 -0.190696 0.008816 0.183920 0.932340 -0.311313 0.051147 0.307209 0.950267 59.601730 57.146454 -0.438688
0.981816 -0.189737 -0.006180 0.178384 0.933229 -0.311869 0.064941 0.305095 0.950105 59.585956 56.908839 0.239117
0.981548 -0.190288 -0.018793 0.175013 0.933629 -0.312582 0.077026 0.303525 0.949705 59.570673 56.659425 0.937608
0.981131 -0.190863 -0.030879 0.171733 0.933648 -0.314340 0.088825 0.303106 0.948808 59.547892 56.407393 1.642598
0.981114 -0.189552 -0.038555 0.167913 0.933535 -0.316729 0.096029 0.304273 0.947732 59.507315 56.106853 2.486910
0.981481 -0.186748 -0.042653 0.163706 0.933347 -0.319474 0.099471 0.306575 0.946635 59.466754 55.807817 3.314240
0.981844 -0.184267 -0.045025 0.160414 0.933273 -0.321356 0.101236 0.308299 0.945887 59.427303 55.538836 4.069470
0.982411 -0.181381 -0.044373 0.157935 0.933895 -0.320775 0.099622 0.308125 0.946115 59.385982 55.273199 4.825356
0.982739 -0.180125 -0.042182 0.157521 0.934303 -0.319789 0.097013 0.307624 0.946549 59.355051 55.025106 5.515799
0.983210 -0.178435 -0.038195 0.157172 0.934448 -0.319537 0.092708 0.308169 0.946804 59.326030 54.763739 6.253395
0.983608 -0.176957 -0.034652 0.156600 0.933578 -0.322350 0.089393 0.311639 0.945986 59.302174 54.502373 6.980042
0.983809 -0.176391 -0.031709 0.156826 0.932944 -0.324070 0.086746 0.313850 0.945501 59.279372 54.218794 7.772470
0.983828 -0.176657 -0.029588 0.157788 0.932944 -0.323602 0.084771 0.313700 0.945730 59.263575 53.945514 8.520438
0.983877 -0.176575 -0.028425 0.158230 0.933471 -0.321861 0.083366 0.312174 0.946360 59.240442 53.646384 9.340141
0.983872 -0.176828 -0.026985 0.159051 0.933845 -0.320368 0.081850 0.310909 0.946909 59.215535 53.330144 10.220845
0.983789 -0.177438 -0.025978 0.160094 0.934272 -0.318599 0.080803 0.309276 0.947533 59.196013 53.018223 11.079819
0.984116 -0.175912 -0.023891 0.159276 0.934346 -0.318793 0.078402 0.309924 0.947523 59.176929 52.712698 11.927239
0.984367 -0.175103 -0.018975 0.159906 0.933661 -0.320480 0.073833 0.312436 0.947065 59.157944 52.386773 12.848356
0.984629 -0.174211 -0.012537 0.160923 0.932746 -0.322626 0.067899 0.315650 0.946443 59.149143 52.075111 13.734979
0.984934 -0.172747 -0.007915 0.160971 0.932595 -0.323041 0.063186 0.316900 0.946352 59.147084 51.741127 14.649725
0.985107 -0.171928 -0.002024 0.162134 0.932776 -0.321935 0.057238 0.316812 0.946760 59.144073 51.368019 15.683188
0.985280 -0.170951 -0.000357 0.161864 0.933574 -0.319749 0.054995 0.314984 0.947502 59.143298 50.967269 16.790384
0.985362 -0.170465 0.002074 0.162245 0.933976 -0.318378 0.052335 0.314054 0.947961 59.144440 50.600245 17.798591
0.985502 -0.169520 0.006972 0.162936 0.934167 -0.317464 0.047304 0.313997 0.948245 59.148462 50.263834 18.721064
0.985634 -0.168281 0.014391 0.164143 0.934347 -0.316312 0.039783 0.314130 0.948546 59.169524 49.921444 19.674059
0.985797 -0.166668 0.020654 0.164608 0.934499 -0.315621 0.033303 0.314538 0.948661 59.193569 49.566962 20.629229
0.985751 -0.165905 0.027751 0.166163 0.934754 -0.314047 0.026162 0.314184 0.949002 59.228410 49.241591 21.540266
0.985554 -0.166366 0.031715 0.167889 0.935061 -0.312208 0.022285 0.313022 0.949484 59.261297 48.899360 22.517120
0.985166 -0.167181 0.038721 0.170879 0.934926 -0.310988 0.015790 0.312991 0.949625 59.308167 48.545780 23.526194
0.984778 -0.167221 0.047434 0.173637 0.933965 -0.312346 0.007929 0.315827 0.948784 59.365672 48.203560 24.488338
0.984737 -0.166028 0.052236 0.174016 0.933066 -0.314813 0.003528 0.319098 0.947715 59.422113 47.825789 25.549120
0.984555 -0.165763 0.056342 0.175076 0.932107 -0.317056 0.000039 0.322023 0.946732 59.485734 47.409284 26.715309
0.984444 -0.165889 0.057895 0.175697 0.931775 -0.317687 -0.001244 0.322917 0.946426 59.554603 47.029936 27.783356
0.984217 -0.166469 0.060039 0.176937 0.931671 -0.317305 -0.003115 0.322921 0.946421 59.620401 46.650563 28.844162
0.983909 -0.167338 0.062613 0.178587 0.931653 -0.316431 -0.005382 0.322521 0.946547 59.683679 46.321450 29.775714
0.983679 -0.167648 0.065342 0.179757 0.931643 -0.315798 -0.007933 0.322390 0.946574 59.753665 45.951642 30.826048
0.983010 -0.170030 0.069150 0.183222 0.931549 -0.314079 -0.011014 0.321412 0.946875 59.832219 45.604332 31.823154
0.982711 -0.169762 0.073897 0.184465 0.931969 -0.312100 -0.015887 0.320335 0.947171 59.910426 45.263960 32.803861
0.982382 -0.170405 0.076733 0.185989 0.931611 -0.312265 -0.018274 0.321035 0.946891 59.988682 44.935224 33.743856
0.981630 -0.172579 0.081357 0.189631 0.929519 -0.316284 -0.021039 0.325901 0.945170 60.087406 44.550770 34.851889
0.980776 -0.174783 0.086777 0.193649 0.926602 -0.322347 -0.024067 0.332955 0.942636 60.193604 44.180396 35.911484
0.980630 -0.174535 0.088896 0.194198 0.925532 -0.325082 -0.025538 0.336049 0.941498 60.302040 43.771715 37.069427
0.980513 -0.174801 0.089661 0.194684 0.925717 -0.324264 -0.026319 0.335400 0.941708 60.406985 43.383613 38.161251
0.980698 -0.173300 0.090546 0.193505 0.926661 -0.322267 -0.028057 0.333567 0.942309 60.516772 42.967545 39.320493
0.980762 -0.172595 0.091201 0.193029 0.927086 -0.321328 -0.029091 0.332751 0.942566 60.621564 42.589960 40.381697
0.980204 -0.173608 0.095184 0.195321 0.926578 -0.321409 -0.032397 0.333637 0.942145 60.718960 42.262028 41.324837
0.979507 -0.174438 0.100686 0.198028 0.925319 -0.323372 -0.036758 0.336684 0.940900 60.813766 41.981534 42.135738
0.979198 -0.173206 0.105689 0.198716 0.923916 -0.326944 -0.041019 0.341145 0.939115 60.919891 41.668913 43.032092
0.979057 -0.171659 0.109457 0.198714 0.922678 -0.330420 -0.044274 0.345250 0.937466 61.011902 41.422665 43.722227
0.979099 -0.170742 0.110507 0.198298 0.922154 -0.332129 -0.045196 0.347101 0.936738 61.109527 41.136864 44.510075
0.979270 -0.170140 0.109925 0.197545 0.922179 -0.332509 -0.044797 0.347331 0.936672 61.216552 40.817799 45.371194
0.979453 -0.170481 0.107738 0.197064 0.922597 -0.331632 -0.042862 0.346049 0.937237 61.316361 40.500027 46.230153
0.979530 -0.171222 0.105852 0.197122 0.922454 -0.331997 -0.040799 0.346067 0.937322 61.410761 40.176568 47.094327
0.979580 -0.171508 0.104916 0.197148 0.921753 -0.333922 -0.039436 0.347788 0.936744 61.523585 39.800082 48.088447
0.979573 -0.170876 0.106013 0.197084 0.920513 -0.337363 -0.039939 0.351365 0.935386 61.632931 39.451099 49.028556
0.979434 -0.169494 0.109457 0.197091 0.919812 -0.339267 -0.043177 0.353862 0.934300 61.740283 39.102871 49.957782
0.979474 -0.169482 0.109121 0.196977 0.919703 -0.339627 -0.042798 0.354150 0.934209 61.846984 38.762314 50.858637
0.979590 -0.169647 0.107815 0.196639 0.920007 -0.338998 -0.041680 0.353280 0.934589 61.953680 38.440573 51.738605
0.979433 -0.171953 0.105560 0.197967 0.920055 -0.338094 -0.038985 0.352038 0.935174 62.067331 38.076147 52.716007
0.979455 -0.172908 0.103781 0.198252 0.919837 -0.338521 -0.036929 0.352141 0.935218 62.168031 37.738742 53.619598
0.979645 -0.174411 0.099376 0.198174 0.919155 -0.340412 -0.031970 0.353177 0.935010 62.262927 37.428604 54.457873
0.979567 -0.176753 0.095956 0.199293 0.917228 -0.344928 -0.027046 0.357003 0.933711 62.358861 37.090924 55.355790
0.979850 -0.177007 0.092531 0.198423 0.915652 -0.349585 -0.022847 0.360901 0.932324 62.455601 36.721934 56.325380
0.979603 -0.179142 0.091025 0.199908 0.914716 -0.351186 -0.020350 0.362220 0.931870 62.555882 36.332654 57.317176
0.979625 -0.181097 0.086827 0.200236 0.914106 -0.352583 -0.015517 0.362785 0.931744 62.648810 35.939583 58.303624
0.979988 -0.182160 0.080252 0.198872 0.913282 -0.355480 -0.008538 0.364327 0.931232 62.724986 35.569364 59.236758
0.980111 -0.182226 0.078588 0.198353 0.911922 -0.359241 -0.006203 0.367684 0.929930 62.803417 35.212493 60.137817
0.980115 -0.182495 0.077905 0.198358 0.911514 -0.360271 -0.005264 0.368561 0.929589 62.876567 34.873499 60.990036
0.980097 -0.182435 0.078282 0.198415 0.913051 -0.356327 -0.006469 0.364768 0.931076 62.958119 34.485612 61.955277
0.979481 -0.184020 0.082177 0.201271 0.914075 -0.352076 -0.010327 0.361392 0.932357 63.047911 34.080131 62.974084
0.978412 -0.186367 0.089315 0.206066 0.912602 -0.353122 -0.015699 0.363903 0.931304 63.138335 33.688692 63.957166
0.976902 -0.188611 0.100443 0.212339 0.909543 -0.357273 -0.023971 0.370349 0.928583 63.241173 33.316759 64.873300
0.975648 -0.188755 0.111726 0.216817 0.906993 -0.361045 -0.033185 0.376477 0.925831 63.362037 32.924331 65.845441
0.975009 -0.188823 0.117062 0.218961 0.905906 -0.362478 -0.037603 0.379051 0.924611 63.494526 32.511660 66.864532
0.974576 -0.187338 0.122903 0.219711 0.906561 -0.360381 -0.043906 0.378222 0.924673 63.637515 32.087236 67.892939
0.973599 -0.187888 0.129630 0.222708 0.906426 -0.358878 -0.050070 0.378273 0.924339 63.779866 31.693228 68.851305
0.971893 -0.189746 0.139355 0.228149 0.905124 -0.358745 -0.058064 0.380456 0.922974 63.924333 31.335041 69.742309
0.970449 -0.190404 0.148238 0.232353 0.903104 -0.361130 -0.065114 0.384902 0.920658 64.062792 31.011481 70.564581
0.969260 -0.191716 0.154207 0.235940 0.901981 -0.361611 -0.069766 0.386879 0.919488 64.210871 30.676095 71.409114
0.968858 -0.193233 0.154839 0.237485 0.902179 -0.360104 -0.070109 0.385662 0.919973 64.367555 30.299116 72.334431
0.969139 -0.192534 0.153947 0.236415 0.902831 -0.359172 -0.069835 0.384483 0.920487 64.512973 29.937757 73.208451
0.968807 -0.193061 0.155369 0.237662 0.901449 -0.361810 -0.070205 0.387450 0.919214 64.644732 29.626574 73.976604
0.968054 -0.194194 0.158618 0.240439 0.898403 -0.367507 -0.071135 0.393904 0.916395 64.812276 29.242157 74.924083
0.967806 -0.193058 0.161492 0.240693 0.897517 -0.369499 -0.073607 0.396474 0.915090 64.985116 28.847572 75.867066
0.967630 -0.192770 0.162887 0.241036 0.897177 -0.370103 -0.074793 0.397384 0.914599 65.164901 28.428139 76.858025
0.967842 -0.192006 0.162530 0.240130 0.897691 -0.369442 -0.074967 0.396590 0.914930 65.332469 28.039069 77.782362
0.967990 -0.192291 0.161303 0.239827 0.898149 -0.368527 -0.074010 0.395416 0.915516 65.502542 27.632573 78.758284
0.968408 -0.191254 0.160022 0.238236 0.899163 -0.367082 -0.073681 0.393609 0.916321 65.664545 27.244599 79.690829
0.969047 -0.188980 0.158854 0.235529 0.900533 -0.365468 -0.073987 0.391571 0.917169 65.832399 26.837566 80.670222
0.969361 -0.187701 0.158455 0.234156 0.901020 -0.365149 -0.074232 0.391064 0.917365 65.999572 26.445578 81.611962
0.969155 -0.186846 0.160706 0.234562 0.899404 -0.368854 -0.075621 0.395173 0.915489 66.135758 26.120575 82.389905
0.968792 -0.186591 0.163172 0.235853 0.896422 -0.375235 -0.076255 0.402009 0.912455 66.268855 25.810387 83.128331
0.967901 -0.188107 0.166683 0.239071 0.893690 -0.379688 -0.077541 0.407349 0.909975 66.416867 25.484237 83.905330
0.967501 -0.188288 0.168788 0.240106 0.893423 -0.379664 -0.079313 0.407852 0.909597 66.572392 25.130678 84.717660
0.967148 -0.187863 0.171268 0.240491 0.894498 -0.376878 -0.082398 0.405685 0.910291 66.753079 24.718580 85.667967
0.966663 -0.189447 0.172260 0.242188 0.894856 -0.374936 -0.083117 0.404156 0.910906 66.925245 24.333587 86.569818
0.966027 -0.190299 0.174864 0.243921 0.894952 -0.373581 -0.085403 0.403542 0.910966 67.107270 23.926960 87.522911
0.965684 -0.190338 0.176709 0.244721 0.894707 -0.373645 -0.086984 0.404067 0.910584 67.280955 23.559860 88.370111
0.964671 -0.191966 0.180442 0.247738 0.893997 -0.373357 -0.089643 0.404869 0.909970 67.459913 23.195740 89.221486
0.963361 -0.193531 0.185691 0.251400 0.892811 -0.373746 -0.093456 0.406735 0.908753 67.652176 22.822476 90.099662
0.962286 -0.193603 0.191111 0.253573 0.892761 -0.372396 -0.098520 0.406812 0.908184 67.869761 22.398601 91.101118
0.960830 -0.193878 0.198034 0.256440 0.892933 -0.370012 -0.105094 0.406302 0.907675 68.086582 21.987056 92.075740
0.959475 -0.194392 0.204007 0.259096 0.893228 -0.367441 -0.110797 0.405408 0.907397 68.311774 21.569859 93.054503
0.958170 -0.194188 0.210241 0.261170 0.893700 -0.364817 -0.117049 0.404465 0.907032 68.546968 21.150114 94.059401
0.957342 -0.194306 0.213870 0.262679 0.893606 -0.363962 -0.120396 0.404615 0.906527 68.767600 20.775591 94.961174
0.956684 -0.195457 0.215758 0.264701 0.892522 -0.365155 -0.121197 0.406450 0.905599 68.994345 20.399060 95.872955
0.956520 -0.193847 0.217928 0.264483 0.891456 -0.367906 -0.122956 0.409548 0.903965 69.202578 20.044446 96.724097
0.955680 -0.193787 0.221634 0.266081 0.890727 -0.368519 -0.126001 0.411159 0.902813 69.413777 19.718482 97.522584
0.954462 -0.194564 0.226159 0.268453 0.890807 -0.366600 -0.130137 0.410619 0.902473 69.628303 19.367804 98.365851
0.954119 -0.192463 0.229379 0.267333 0.892598 -0.363046 -0.134871 0.407709 0.903096 69.858072 18.981534 99.300449
0.953212 -0.191003 0.234318 0.267594 0.893726 -0.360065 -0.140643 0.405920 0.903022 70.079932 18.627071 100.162279
0.952056 -0.190852 0.239091 0.269241 0.893803 -0.358645 -0.145252 0.405823 0.902335 70.300977 18.281470 100.989808
0.950921 -0.191856 0.242778 0.271720 0.893110 -0.358501 -0.148046 0.406874 0.901408 70.530031 17.936249 101.825477
0.950444 -0.191718 0.244746 0.272567 0.892511 -0.359349 -0.149545 0.408251 0.900537 70.773803 17.568681 102.688934
0.949976 -0.192130 0.246237 0.273608 0.892146 -0.359463 -0.150615 0.408854 0.900085 71.025331 17.193891 103.572362
0.949238 -0.192180 0.249026 0.274717 0.892112 -0.358702 -0.153223 0.408906 0.899622 71.280859 16.814828 104.479672
0.948389 -0.190299 0.253664 0.274950 0.892005 -0.358790 -0.157992 0.410017 0.898290 71.554788 16.412649 105.442948
0.947919 -0.188651 0.256633 0.274750 0.891901 -0.359199 -0.161128 0.411002 0.897282 71.817509 16.026173 106.352473
0.947239 -0.188095 0.259535 0.275740 0.891021 -0.360624 -0.163419 0.413161 0.895875 72.063083 15.674308 107.185412
0.946083 -0.186943 0.264535 0.276799 0.890759 -0.360459 -0.168252 0.414247 0.894478 72.329473 15.306358 108.058617
0.944910 -0.186601 0.268932 0.278191 0.890762 -0.359379 -0.172494 0.414395 0.893601 72.584469 14.946291 108.893571
0.943975 -0.186311 0.272394 0.279206 0.890911 -0.358219 -0.175939 0.414204 0.893018 72.831320 14.598063 109.702775
0.943645 -0.184434 0.274807 0.278626 0.890821 -0.358894 -0.178611 0.415237 0.892007 73.114764 14.209802 110.603927
0.943421 -0.183334 0.276308 0.278556 0.890227 -0.360419 -0.179900 0.416994 0.890927 73.389333 13.843450 111.449719
0.943962 -0.182201 0.275208 0.277702 0.889075 -0.363905 -0.178376 0.419938 0.889851 73.666008 13.471363 112.321492
0.944043 -0.181541 0.275366 0.277639 0.888094 -0.366341 -0.178044 0.422294 0.888801 73.963556 13.070541 113.250129
0.943922 -0.180275 0.276609 0.277036 0.888216 -0.366500 -0.179618 0.422578 0.888350 74.249096 12.679906 114.133762
0.943703 -0.177911 0.278877 0.275714 0.888855 -0.365949 -0.182774 0.422238 0.887868 74.529466 12.295256 115.017769
0.943481 -0.176995 0.280209 0.275300 0.889275 -0.365240 -0.184537 0.421739 0.887740 74.804399 11.917632 115.876796
0.942993 -0.174982 0.283101 0.274835 0.889155 -0.365882 -0.187698 0.422830 0.886558 75.050540 11.584084 116.636575
0.942649 -0.173596 0.285091 0.275035 0.887912 -0.368737 -0.189124 0.426000 0.884735 75.307102 11.245985 117.412734
0.942453 -0.171640 0.286917 0.274742 0.886611 -0.372072 -0.190522 0.429489 0.882746 75.586663 10.886463 118.239420
0.941899 -0.171068 0.289070 0.275450 0.885890 -0.373264 -0.192231 0.431202 0.881540 75.863870 10.523867 119.054876
0.940950 -0.170911 0.292236 0.277122 0.884680 -0.374892 -0.194463 0.433740 0.879803 76.125638 10.190963 119.815817
0.940335 -0.170254 0.294592 0.277965 0.883719 -0.376533 -0.196230 0.435953 0.878316 76.400676 9.830162 120.635739
0.939673 -0.169899 0.296900 0.278779 0.883332 -0.376838 -0.198236 0.436874 0.877407 76.678514 9.473599 121.442539
0.939021 -0.170515 0.298605 0.280096 0.883028 -0.376574 -0.199465 0.437249 0.876942 76.986684 9.083914 122.323011
0.938194 -0.171818 0.300450 0.282104 0.882544 -0.376208 -0.200521 0.437715 0.876468 77.298126 8.686213 123.201459
0.936666 -0.172638 0.304719 0.285049 0.881301 -0.376902 -0.203481 0.439891 0.874695 77.640503 8.266011 124.144639
0.935378 -0.172496 0.308727 0.287142 0.880032 -0.378277 -0.206438 0.442481 0.872694 77.956693 7.872372 125.008072
0.933955 -0.173134 0.312654 0.290041 0.878325 -0.380028 -0.208816 0.445612 0.870532 78.269086 7.489562 125.822482
0.932953 -0.173444 0.315461 0.291799 0.877540 -0.380495 -0.210835 0.447035 0.869315 78.599875 7.080407 126.711529
0.932318 -0.174851 0.316561 0.293616 0.877004 -0.380335 -0.211123 0.447540 0.868985 78.912216 6.680827 127.561233
0.931266 -0.176276 0.318858 0.295786 0.876781 -0.379165 -0.212731 0.447417 0.868656 79.216665 6.302644 128.369647
0.929910 -0.178273 0.321692 0.298566 0.876672 -0.377233 -0.214768 0.446839 0.868452 79.527557 5.928539 129.183439
0.928945 -0.178840 0.324156 0.300017 0.876660 -0.376108 -0.216911 0.446636 0.868024 79.842661 5.541235 130.028792
0.928035 -0.179490 0.326395 0.301925 0.875654 -0.376923 -0.218155 0.448345 0.866831 80.145870 5.184369 130.805300
0.927659 -0.179550 0.327431 0.302921 0.874568 -0.378641 -0.218376 0.450435 0.865691 80.468702 4.805639 131.639854
0.926782 -0.177931 0.330781 0.303361 0.873874 -0.379889 -0.221467 0.452420 0.863868 80.800761 4.414593 132.487813
0.926287 -0.176686 0.332828 0.303476 0.873368 -0.380961 -0.223371 0.453885 0.862609 81.159454 3.997051 133.398640
0.926094 -0.175532 0.333974 0.302880 0.873703 -0.380666 -0.224975 0.453686 0.862296 81.500107 3.592036 134.258592
0.925107 -0.175848 0.336532 0.304049 0.873959 -0.379145 -0.227444 0.453072 0.861972 81.861561 3.179531 135.158335
0.924072 -0.176577 0.338987 0.305513 0.874172 -0.377472 -0.229680 0.452376 0.861744 82.175978 2.827039 135.924207
0.922991 -0.176832 0.341786 0.306981 0.873926 -0.376851 -0.232056 0.452752 0.860910 82.467403 2.510444 136.625125
0.922360 -0.175498 0.344169 0.306918 0.873927 -0.376899 -0.234634 0.453269 0.859939 82.791670 2.158407 137.416172
0.921408 -0.175818 0.346546 0.308166 0.873872 -0.376007 -0.236728 0.453249 0.859375 83.103025 1.810094 138.170354
0.920244 -0.177961 0.348540 0.310391 0.874334 -0.373092 -0.238345 0.451520 0.859838 83.418468 1.460133 138.929557
0.919724 -0.180643 0.348534 0.312003 0.875193 -0.369719 -0.238247 0.448783 0.861297 83.727708 1.124128 139.670684
0.919752 -0.182631 0.347422 0.312565 0.876184 -0.366884 -0.237401 0.446035 0.862956 84.054934 0.774887 140.458320
0.920491 -0.182752 0.345395 0.311262 0.877291 -0.365343 -0.236245 0.443804 0.864423 84.387031 0.402026 141.302045
0.921022 -0.181659 0.344554 0.310052 0.877351 -0.366228 -0.235766 0.444134 0.864384 84.687282 0.064915 142.052027
0.920513 -0.178914 0.347339 0.309323 0.876819 -0.368115 -0.238693 0.446295 0.862466 84.973676 -0.250415 142.773330
0.920864 -0.174728 0.348540 0.306817 0.876357 -0.371297 -0.240569 0.448852 0.860615 85.238359 -0.542601 143.424999
0.920742 -0.171916 0.350256 0.305847 0.875407 -0.374326 -0.242265 0.451782 0.858604 85.512588 -0.839472 144.079800
0.920372 -0.168809 0.352731 0.304853 0.874671 -0.376848 -0.244909 0.454372 0.856485 85.788116 -1.144242 144.738690
0.920278 -0.166638 0.354007 0.303855 0.874388 -0.378310 -0.246499 0.455717 0.855313 86.039327 -1.425274 145.329527
0.920017 -0.165183 0.355363 0.302970 0.874975 -0.377660 -0.248551 0.455118 0.855038 86.276913 -1.689456 145.892294
0.920394 -0.163818 0.355019 0.301395 0.875671 -0.377308 -0.249070 0.454273 0.855336 86.500137 -1.934490 146.418282
0.920487 -0.162732 0.355278 0.300252 0.876417 -0.376487 -0.250105 0.453224 0.855591 86.759779 -2.224526 147.030565
0.920383 -0.160688 0.356474 0.298706 0.877241 -0.375796 -0.252328 0.452357 0.855397 87.014883 -2.509021 147.630695
0.920327 -0.158527 0.357586 0.297387 0.877429 -0.376404 -0.254085 0.452756 0.854665 87.238830 -2.749239 148.147418
0.920014 -0.156608 0.359232 0.296948 0.876775 -0.378270 -0.255726 0.454687 0.853150 87.424404 -2.946895 148.562773
0.919522 -0.154237 0.361512 0.296517 0.875965 -0.380478 -0.257988 0.457052 0.851202 87.601502 -3.142764 148.963840
0.919046 -0.152725 0.363360 0.296380 0.875502 -0.381647 -0.259835 0.458443 0.849891 87.779394 -3.345155 149.378908
0.919082 -0.151889 0.363617 0.295980 0.875261 -0.382511 -0.260160 0.459182 0.849393 87.950012 -3.532069 149.762837
0.918853 -0.151366 0.364413 0.295942 0.875203 -0.382672 -0.261012 0.459465 0.848979 88.147261 -3.747326 150.204987
0.918238 -0.151907 0.365736 0.297021 0.875006 -0.382287 -0.261949 0.459662 0.848583 88.327883 -3.941521 150.604947
0.917762 -0.152400 0.366725 0.297959 0.874748 -0.382148 -0.262552 0.459989 0.848219 88.507364 -4.133916 150.998503
0.917378 -0.151229 0.368167 0.297980 0.874189 -0.383407 -0.263865 0.461436 0.847025 88.691661 -4.336963 151.412095
0.916556 -0.149389 0.370956 0.298073 0.873604 -0.384666 -0.266604 0.463140 0.845236 88.882110 -4.542746 151.833248
0.916392 -0.147146 0.372255 0.297135 0.873200 -0.386305 -0.268210 0.464617 0.843916 89.075914 -4.755823 152.256025
0.916061 -0.145078 0.373877 0.297068 0.871762 -0.389592 -0.269411 0.467957 0.841685 89.260509 -4.956064 152.652089
0.915623 -0.142169 0.376061 0.297164 0.869350 -0.394873 -0.270790 0.473307 0.838244 89.445213 -5.158228 153.055494
0.915585 -0.140863 0.376646 0.297447 0.867549 -0.398603 -0.270611 0.476987 0.836214 89.659532 -5.394019 153.525370
0.915577 -0.140487 0.376806 0.297698 0.866722 -0.400211 -0.270361 0.478598 0.835373 89.843786 -5.597572 153.925655
0.915646 -0.140397 0.376670 0.298178 0.865641 -0.402189 -0.269595 0.480578 0.834484 90.006532 -5.774222 154.272066
0.916093 -0.140716 0.375463 0.298765 0.864070 -0.405120 -0.267420 0.483303 0.833610 90.169455 -5.956554 154.614787
0.917194 -0.141295 0.372546 0.298580 0.862855 -0.407838 -0.263827 0.485301 0.833593 90.305544 -6.112565 154.912453
0.919199 -0.141114 0.367641 0.296619 0.862179 -0.410688 -0.259018 0.486553 0.834371 90.432358 -6.268274 155.205893
0.921908 -0.140753 0.360934 0.293459 0.861951 -0.413427 -0.252917 0.487061 0.835945 90.548531 -6.417012 155.479148
0.925089 -0.140621 0.352754 0.289508 0.862299 -0.415483 -0.245754 0.486484 0.838414 90.685338 -6.592178 155.798882
0.928918 -0.140776 0.342482 0.284831 0.862661 -0.417956 -0.236608 0.485797 0.841438 90.802641 -6.753825 156.091278
0.933085 -0.139939 0.331315 0.279076 0.862797 -0.421543 -0.226867 0.485797 0.844116 90.910601 -6.913082 156.377135
0.937696 -0.139160 0.318373 0.272799 0.862350 -0.426536 -0.215193 0.486813 0.846585 91.028339 -7.092816 156.697675
0.942365 -0.139165 0.304273 0.266685 0.861602 -0.431880 -0.202059 0.488134 0.849057 91.124899 -7.256945 156.977186
0.947792 -0.139000 0.287000 0.258705 0.861366 -0.437173 -0.186445 0.488598 0.852356 91.223691 -7.434998 157.275300
0.952826 -0.138697 0.269973 0.250420 0.861834 -0.441058 -0.171499 0.487858 0.855910 91.308387 -7.606935 157.556230
0.957468 -0.138582 0.253080 0.242290 0.862446 -0.444389 -0.156684 0.486807 0.859342 91.402353 -7.799995 157.894302
0.960509 -0.138741 0.241193 0.236531 0.863657 -0.445140 -0.146549 0.484611 0.862367 91.507920 -8.018756 158.271728
0.962367 -0.140512 0.232609 0.233577 0.865178 -0.443744 -0.138896 0.481376 0.865439 91.614627 -8.237655 158.655587
0.963899 -0.141514 0.225549 0.230814 0.866402 -0.442801 -0.132754 0.478876 0.867787 91.700606 -8.417736 158.968399
0.965274 -0.142030 0.219256 0.228293 0.866620 -0.443680 -0.126996 0.478327 0.868951 91.766270 -8.559723 159.208518
0.965743 -0.142365 0.216964 0.227667 0.866053 -0.445106 -0.124534 0.479253 0.868796 91.825104 -8.679722 159.411371
0.965930 -0.142311 0.216164 0.227338 0.865724 -0.445915 -0.123680 0.479864 0.868581 91.891975 -8.823770 159.667022
0.965698 -0.142125 0.217319 0.227719 0.865710 -0.445746 -0.124783 0.479943 0.868380 91.964768 -8.978019 159.942915
0.965112 -0.142341 0.219767 0.229257 0.864849 -0.446629 -0.126492 0.481430 0.867309 92.038518 -9.126926 160.206983
0.964734 -0.140998 0.222280 0.229831 0.862858 -0.450171 -0.128323 0.485382 0.864834 92.110958 -9.275440 160.471726
0.964551 -0.139641 0.223924 0.229953 0.861043 -0.453570 -0.129471 0.488984 0.862631 92.183953 -9.438850 160.761067
0.964503 -0.139909 0.223963 0.230324 0.860554 -0.454310 -0.129170 0.489768 0.862231 92.253865 -9.600267 161.044439
0.964561 -0.140329 0.223450 0.230259 0.861205 -0.453107 -0.128852 0.488501 0.862997 92.332462 -9.776027 161.351729
0.964526 -0.140688 0.223375 0.230377 0.861752 -0.452006 -0.128902 0.487432 0.863594 92.414623 -9.954136 161.665043
0.964470 -0.140925 0.223466 0.230521 0.862112 -0.451246 -0.129061 0.486728 0.863967 92.495095 -10.128075 161.971841
0.964379 -0.141060 0.223776 0.230706 0.862385 -0.450629 -0.129415 0.486203 0.864209 92.574714 -10.300327 162.275109
0.964288 -0.141220 0.224067 0.230945 0.862497 -0.450293 -0.129666 0.485959 0.864309 92.652607 -10.468990 162.570341
0.964248 -0.141355 0.224153 0.231036 0.862726 -0.449807 -0.129800 0.485513 0.864540 92.732014 -10.640782 162.873271
0.964180 -0.141487 0.224364 0.231160 0.863040 -0.449141 -0.130087 0.484916 0.864832 92.813510 -10.815707 163.182927
0.964082 -0.141676 0.224665 0.231411 0.863212 -0.448679 -0.130367 0.484554 0.864993 92.894602 -10.988037 163.486786
0.964014 -0.141799 0.224879 0.231561 0.863405 -0.448231 -0.130603 0.484174 0.865169 92.975239 -11.160227 163.791821
0.963936 -0.141913 0.225139 0.231706 0.863666 -0.447654 -0.130917 0.483676 0.865401 93.057209 -11.334354 164.100804
0.963842 -0.142077 0.225439 0.231930 0.863856 -0.447171 -0.131214 0.483288 0.865573 93.139367 -11.507402 164.407810
0.963774 -0.142303 0.225586 0.232141 0.864022 -0.446740 -0.131339 0.482924 0.865757 93.221723 -11.681479 164.717392
0.963740 -0.142789 0.225425 0.232423 0.864194 -0.446260 -0.131090 0.482473 0.866046 93.308981 -11.865948 165.046213
0.963809 -0.142980 0.225009 0.232322 0.864444 -0.445830 -0.130763 0.481969 0.866376 93.405514 -12.070815 165.414063
0.963905 -0.143099 0.224523 0.232140 0.864649 -0.445526 -0.130379 0.481565 0.866658 93.513077 -12.298763 165.827121
0.963944 -0.143240 0.224263 0.232095 0.864806 -0.445245 -0.130167 0.481242 0.866870 93.636129 -12.560325 166.300452
0.964093 -0.143344 0.223555 0.231806 0.864987 -0.445044 -0.129578 0.480885 0.867156 93.771457 -12.847232 166.826799
0.964286 -0.143524 0.222605 0.231483 0.865113 -0.444966 -0.128715 0.480604 0.867440 93.909413 -13.142474 167.363055
0.964569 -0.143260 0.221549 0.230724 0.865310 -0.444978 -0.127961 0.480328 0.867704 94.060645 -13.467786 167.962537
0.964813 -0.143566 0.220285 0.230317 0.865606 -0.444613 -0.126849 0.479703 0.868213 94.218226 -13.803425 168.578869
0.965086 -0.144056 0.218763 0.229930 0.865967 -0.444109 -0.125465 0.478903 0.868856 94.374700 -14.142122 169.199801
0.965365 -0.143210 0.218085 0.228776 0.866488 -0.443690 -0.125427 0.478215 0.869240 94.528329 -14.476144 169.817615
0.965749 -0.142827 0.216633 0.227678 0.866909 -0.443432 -0.124467 0.477566 0.869735 94.678589 -14.802821 170.419049
0.966005 -0.141723 0.216214 0.226430 0.867418 -0.443075 -0.124754 0.476970 0.870020 94.827142 -15.124248 171.011640
0.966055 -0.141450 0.216168 0.226084 0.867788 -0.442528 -0.124992 0.476379 0.870311 94.973225 -15.442338 171.606634
0.966099 -0.141896 0.215683 0.226145 0.868129 -0.441827 -0.124547 0.475624 0.870787 95.094447 -15.719368 172.112145
0.966119 -0.141955 0.215551 0.225985 0.868698 -0.440788 -0.124677 0.474565 0.871346 95.219712 -15.996982 172.628841
0.966163 -0.142534 0.214974 0.226162 0.868868 -0.440362 -0.124017 0.474080 0.871704 95.324875 -16.227533 173.053584
0.966063 -0.142387 0.215520 0.226230 0.869090 -0.439890 -0.124671 0.473718 0.871807 95.428248 -16.449775 173.464214
0.966024 -0.142262 0.215777 0.226177 0.869334 -0.439434 -0.125067 0.473308 0.871974 95.522018 -16.655696 173.844348
0.965921 -0.142426 0.216130 0.226428 0.869513 -0.438950 -0.125410 0.472929 0.872130 95.602252 -16.832833 174.166544
0.965763 -0.142597 0.216723 0.226798 0.869672 -0.438445 -0.125957 0.472586 0.872237 95.680195 -17.002723 174.474785
0.965614 -0.142807 0.217247 0.227172 0.869824 -0.437949 -0.126424 0.472242 0.872356 95.760222 -17.175130 174.789047
0.965477 -0.143028 0.217709 0.227522 0.869988 -0.437441 -0.126838 0.471873 0.872495 95.839506 -17.345823 175.100170
0.965346 -0.143234 0.218152 0.227850 0.870155 -0.436938 -0.127242 0.471503 0.872637 95.919520 -17.517114 175.413235
0.965226 -0.143449 0.218544 0.228161 0.870327 -0.436433 -0.127599 0.471120 0.872791 95.999478 -17.687338 175.724250
0.965099 -0.143628 0.218987 0.228461 0.870515 -0.435901 -0.128024 0.470717 0.872946 96.079577 -17.857568 176.035955
0.964964 -0.143811 0.219462 0.228778 0.870700 -0.435365 -0.128476 0.470319 0.873094 96.159494 -18.026834 176.345887
0.964835 -0.144015 0.219895 0.229101 0.870857 -0.434880 -0.128868 0.469965 0.873227 96.240070 -18.196951 176.657989
0.964705 -0.144226 0.220324 0.229425 0.871026 -0.434370 -0.129261 0.469587 0.873373 96.320519 -18.366501 176.969183
0.964573 -0.144469 0.220745 0.229775 0.871182 -0.433873 -0.129628 0.469223 0.873514 96.401079 -18.535293 177.279007
0.964451 -0.144699 0.221125 0.230093 0.871342 -0.433382 -0.129966 0.468855 0.873661 96.481692 -18.704123 177.590010
0.964333 -0.144900 0.221508 0.230383 0.871523 -0.432863 -0.130328 0.468456 0.873821 96.562612 -18.873220 177.901354
0.964200 -0.145138 0.221931 0.230726 0.871691 -0.432343 -0.130706 0.468070 0.873972 96.642812 -19.040485 178.209386
0.964083 -0.145340 0.222307 0.231013 0.871871 -0.431827 -0.131062 0.467673 0.874131 96.723559 -19.208295 178.519475
0.963962 -0.145553 0.222694 0.231318 0.872038 -0.431326 -0.131416 0.467295 0.874280 96.804414 -19.375703 178.828855
0.963844 -0.145733 0.223085 0.231594 0.872214 -0.430822 -0.131793 0.466911 0.874428 96.886142 -19.544219 179.141385
0.963736 -0.145925 0.223424 0.231855 0.872395 -0.430315 -0.132120 0.466512 0.874592 96.967873 -19.712019 179.452913
0.963625 -0.146121 0.223777 0.232128 0.872566 -0.429820 -0.132454 0.466130 0.874745 97.050483 -19.881038 179.766809
0.963518 -0.146309 0.224112 0.232382 0.872749 -0.429310 -0.132782 0.465728 0.874909 97.133308 -20.050197 180.081793
0.963403 -0.146487 0.224490 0.232652 0.872917 -0.428822 -0.133145 0.465357 0.875052 97.216158 -20.218978 180.396095
0.963294 -0.146676 0.224834 0.232915 0.873085 -0.428338 -0.133472 0.464983 0.875201 97.298706 -20.387284 180.710586
0.963190 -0.146853 0.225166 0.233158 0.873268 -0.427832 -0.133802 0.464583 0.875362 97.381494 -20.555057 181.024668
0.963062 -0.147026 0.225601 0.233448 0.873432 -0.427339 -0.134217 0.464220 0.875491 97.464003 -20.722874 181.338886
0.962911 -0.147209 0.226124 0.233795 0.873566 -0.426876 -0.134694 0.463910 0.875583 97.549465 -20.895096 181.664414
0.962694 -0.147508 0.226851 0.234335 0.873678 -0.426350 -0.135305 0.463604 0.875651 97.641407 -21.080400 182.015296
0.962490 -0.147630 0.227638 0.234782 0.873688 -0.426082 -0.135982 0.463545 0.875577 97.737597 -21.272883 182.381474
0.962427 -0.147337 0.228090 0.234720 0.873747 -0.425996 -0.136528 0.463527 0.875501 97.830460 -21.461243 182.735542
0.962277 -0.147157 0.228841 0.234908 0.873726 -0.425935 -0.137265 0.463624 0.875335 97.913283 -21.630593 183.051602
0.962025 -0.147457 0.229707 0.235558 0.873672 -0.425688 -0.137918 0.463631 0.875228 98.006516 -21.822342 183.405631
0.961837 -0.147809 0.230263 0.236073 0.873754 -0.425234 -0.138340 0.463365 0.875303 98.098908 -22.017378 183.768390
0.961528 -0.147820 0.231543 0.236587 0.873958 -0.424529 -0.139605 0.462976 0.875308 98.202055 -22.226894 184.155369
0.961073 -0.147622 0.233552 0.237242 0.874174 -0.423716 -0.141615 0.462630 0.875168 98.306708 -22.435854 184.539861
0.960739 -0.147474 0.235014 0.237724 0.874301 -0.423184 -0.143064 0.462438 0.875033 98.427071 -22.671430 184.973514
0.960765 -0.147561 0.234852 0.237764 0.874174 -0.423424 -0.142821 0.462651 0.874961 98.546262 -22.910261 185.408640
0.960905 -0.147189 0.234513 0.237492 0.873566 -0.424829 -0.142332 0.463915 0.874371 98.644437 -23.112712 185.777197
0.961510 -0.146976 0.232155 0.236561 0.872604 -0.427318 -0.139774 0.465790 0.873786 98.730630 -23.294843 186.109734
0.962653 -0.146111 0.227925 0.234387 0.871126 -0.431512 -0.135503 0.468819 0.872839 98.813418 -23.474385 186.431678
0.963995 -0.145889 0.222331 0.232039 0.869869 -0.435299 -0.129894 0.471215 0.872401 98.890195 -23.644488 186.748098
0.966185 -0.145377 0.212962 0.227512 0.869329 -0.438755 -0.121349 0.472370 0.873007 98.971653 -23.840469 187.101019
0.968811 -0.144511 0.201301 0.221492 0.869262 -0.441957 -0.111115 0.472759 0.874158 99.043447 -24.029242 187.434662
0.972173 -0.143481 0.185184 0.213188 0.869551 -0.445457 -0.097113 0.472540 0.875942 99.101897 -24.222325 187.766433
0.975596 -0.142725 0.166861 0.204132 0.869499 -0.449779 -0.080891 0.472864 0.877415 99.161696 -24.429597 188.138017
0.979320 -0.142082 0.144029 0.193031 0.869381 -0.454880 -0.060586 0.473275 0.878829 99.203014 -24.611653 188.467890
0.982694 -0.141648 0.119370 0.181107 0.870025 -0.458538 -0.038904 0.472221 0.880621 99.234447 -24.787606 188.792251
0.985407 -0.141926 0.093974 0.169441 0.870544 -0.462000 -0.016239 0.471180 0.881887 99.257603 -24.980546 189.151997
0.987794 -0.140545 0.067161 0.155617 0.871485 -0.465078 0.006834 0.469853 0.882718 99.260820 -25.151430 189.460356
0.989464 -0.139568 0.038503 0.141253 0.872227 -0.468260 0.031770 0.468765 0.882752 99.251634 -25.314430 189.748336
0.990357 -0.138429 0.005612 0.124776 0.873618 -0.470344 0.060206 0.466508 0.882466 99.233018 -25.515894 190.104344
0.990185 -0.136473 -0.030160 0.106121 0.874541 -0.473198 0.090955 0.465353 0.880440 99.187364 -25.778133 190.579358
0.988294 -0.134831 -0.071390 0.085074 0.875469 -0.475728 0.126642 0.464086 0.876690 99.130138 -26.009435 190.989957
0.984407 -0.132881 -0.115265 0.062479 0.876657 -0.477042 0.164438 0.462401 0.871289 99.055449 -26.258759 191.427314
0.978277 -0.130358 -0.161183 0.038181 0.877538 -0.477984 0.203753 0.461447 0.863453 98.955119 -26.508039 191.855832
0.969674 -0.128913 -0.207639 0.014341 0.878127 -0.478212 0.243982 0.460732 0.853346 98.837111 -26.775926 192.307332
0.956605 -0.127751 -0.261892 -0.013115 0.878983 -0.476673 0.291094 0.459423 0.839163 98.690377 -27.033881 192.737154
0.942515 -0.127223 -0.308998 -0.037439 0.878666 -0.475967 0.332060 0.460175 0.823393 98.520986 -27.269126 193.136046
0.925927 -0.126881 -0.355754 -0.061190 0.879055 -0.472778 0.372714 0.459526 0.806176 98.320933 -27.520832 193.554501
0.907360 -0.123659 -0.401754 -0.086409 0.880470 -0.466162 0.411377 0.457692 0.788218 98.093621 -27.768209 193.960286
0.885640 -0.121618 -0.448163 -0.111675 0.880993 -0.459762 0.450744 0.457232 0.766661 97.816731 -28.037617 194.387535
0.862376 -0.118701 -0.492157 -0.136622 0.881494 -0.451999 0.487486 0.457032 0.743962 97.536770 -28.286115 194.794109
0.837481 -0.117557 -0.533672 -0.160097 0.880956 -0.445292 0.522489 0.458363 0.718963 97.211933 -28.539434 195.191745
0.812879 -0.115348 -0.570896 -0.181564 0.881165 -0.436559 0.553409 0.458524 0.695337 96.836592 -28.803963 195.604028
0.785999 -0.111904 -0.608016 -0.203747 0.881649 -0.425655 0.583689 0.458446 0.670175 96.473571 -29.047962 195.963037
0.762129 -0.108503 -0.638268 -0.221748 0.882479 -0.414799 0.608265 0.457665 0.648503 96.097105 -29.291809 196.326688
0.738786 -0.108733 -0.665110 -0.235917 0.882731 -0.406360 0.631298 0.457124 0.626498 95.703328 -29.532999 196.688419
0.714094 -0.109090 -0.691497 -0.251086 0.882149 -0.398458 0.653472 0.458162 0.602547 95.266954 -29.785069 197.042179
0.691590 -0.110517 -0.713785 -0.264252 0.881000 -0.392442 0.672216 0.460028 0.580086 94.804840 -30.036894 197.404607
0.670036 -0.110995 -0.733983 -0.276756 0.880120 -0.385738 0.688809 0.461593 0.558994 94.309211 -30.285626 197.759220
0.647931 -0.110386 -0.753658 -0.290027 0.879158 -0.378109 0.704322 0.463569 0.537619 93.734112 -30.572277 198.153284
0.627636 -0.108952 -0.770845 -0.302901 0.877962 -0.370720 0.717164 0.466167 0.518039 93.173318 -30.846114 198.515245
0.610802 -0.110410 -0.784048 -0.310462 0.877536 -0.365436 0.728378 0.466626 0.501723 92.557525 -31.146866 198.900869
0.594154 -0.111326 -0.796610 -0.319855 0.876003 -0.360986 0.738021 0.469281 0.484872 91.800358 -31.496995 199.349689
0.584651 -0.111535 -0.803581 -0.326119 0.874645 -0.358669 0.742852 0.471759 0.474988 91.052277 -31.837509 199.774458
0.573532 -0.111684 -0.811534 -0.332047 0.873935 -0.354939 0.748869 0.473036 0.464146 90.295425 -32.177647 200.192438
0.563957 -0.111627 -0.818225 -0.336992 0.873459 -0.351433 0.753915 0.473928 0.454977 89.517506 -32.521170 200.614511
0.556752 -0.111052 -0.823222 -0.341960 0.872515 -0.348972 0.757027 0.475800 0.447799 88.866712 -32.804378 200.952504
0.551939 -0.111149 -0.826444 -0.344844 0.871938 -0.347572 0.759240 0.476833 0.442928 88.155586 -33.116077 201.326189
0.546522 -0.110810 -0.830082 -0.347075 0.872101 -0.344932 0.762137 0.476614 0.438163 87.442086 -33.425495 201.690860
0.539969 -0.109739 -0.834500 -0.349854 0.872494 -0.341111 0.765529 0.476143 0.432727 86.750988 -33.720444 202.032995
0.535776 -0.108050 -0.837418 -0.351801 0.873028 -0.337725 0.767581 0.475549 0.429736 86.044232 -34.011814 202.382098
0.533917 -0.107238 -0.838709 -0.352393 0.873450 -0.336011 0.768604 0.474957 0.428560 85.197433 -34.359148 202.803418
0.532883 -0.106968 -0.839401 -0.352899 0.873501 -0.335347 0.769089 0.474924 0.427725 84.405064 -34.683061 203.195050
0.529991 -0.107259 -0.841193 -0.353380 0.873799 -0.334063 0.770865 0.474311 0.425203 83.636148 -34.989400 203.572918
0.527797 -0.106232 -0.842701 -0.354277 0.874188 -0.332090 0.771957 0.473826 0.423758 82.769690 -35.340064 203.996709
0.525202 -0.104092 -0.844587 -0.354848 0.875298 -0.328537 0.773464 0.472248 0.422771 81.959885 -35.667295 204.389438
0.523502 -0.100822 -0.846038 -0.355610 0.876497 -0.324492 0.774266 0.470732 0.422995 81.064589 -36.024183 204.826474
0.522325 -0.098460 -0.847043 -0.355763 0.877577 -0.321389 0.774990 0.469216 0.423352 80.166325 -36.374459 205.257364
0.520551 -0.097786 -0.848212 -0.354864 0.878779 -0.319092 0.776594 0.467104 0.422748 79.244872 -36.741858 205.706122
0.517973 -0.097416 -0.849831 -0.355198 0.879297 -0.317288 0.778163 0.466205 0.420850 78.396600 -37.082127 206.115451
0.516580 -0.096561 -0.850777 -0.355706 0.879622 -0.315815 0.778857 0.465770 0.420047 77.526665 -37.426190 206.535516
0.515358 -0.096379 -0.851538 -0.355051 0.880350 -0.314520 0.779964 0.464430 0.419476 76.681870 -37.755259 206.943880
0.515427 -0.096264 -0.851510 -0.354686 0.880595 -0.314247 0.780085 0.463990 0.419739 75.871059 -38.069526 207.334199
0.515607 -0.097046 -0.851312 -0.353434 0.881010 -0.314493 0.780534 0.463037 0.419955 75.098167 -38.369902 207.706944
0.515286 -0.099857 -0.851181 -0.352933 0.880336 -0.316935 0.780973 0.463722 0.418382 74.232931 -38.711139 208.123114
0.515954 -0.104553 -0.850212 -0.350236 0.880027 -0.320761 0.781746 0.463273 0.417435 73.412941 -39.030075 208.519716
0.515230 -0.106043 -0.850466 -0.350132 0.879687 -0.321804 0.782269 0.463579 0.416112 72.491050 -39.390949 208.957647
0.514326 -0.106012 -0.851017 -0.349888 0.880046 -0.321089 0.782973 0.462905 0.415539 71.562834 -39.759319 209.402090
0.512599 -0.106367 -0.852014 -0.350033 0.880211 -0.320478 0.784040 0.462510 0.413963 70.644429 -40.118941 209.841347
0.511326 -0.107307 -0.852661 -0.351457 0.879299 -0.321422 0.784235 0.464025 0.411894 69.756650 -40.460112 210.256180
0.510974 -0.107970 -0.852788 -0.352460 0.878532 -0.322417 0.784013 0.465321 0.410852 68.852282 -40.815391 210.679521
0.510966 -0.109491 -0.852599 -0.353169 0.877536 -0.324349 0.783700 0.466843 0.409722 67.986172 -41.155852 211.083958
0.512020 -0.112206 -0.851613 -0.352207 0.876831 -0.327287 0.783445 0.467522 0.409435 67.175123 -41.478440 211.463630
0.512473 -0.116798 -0.850723 -0.351217 0.875540 -0.331778 0.783593 0.468816 0.407669 66.425803 -41.783784 211.813303
0.511757 -0.121281 -0.850527 -0.350101 0.874618 -0.335370 0.784560 0.469398 0.405131 65.684620 -42.090052 212.163343
0.510539 -0.122277 -0.851116 -0.349866 0.874653 -0.335524 0.785458 0.469074 0.403764 64.902719 -42.407798 212.526778
0.509104 -0.119395 -0.852383 -0.350577 0.875694 -0.332049 0.786072 0.467874 0.403963 64.030281 -42.763797 212.931260
0.507344 -0.115371 -0.853986 -0.351912 0.876860 -0.327528 0.786613 0.466697 0.404269 63.183373 -43.100555 213.315564
0.504244 -0.113025 -0.856133 -0.352690 0.877991 -0.323638 0.788256 0.465142 0.402858 62.431518 -43.399946 213.656883
0.501210 -0.115293 -0.857611 -0.352422 0.877968 -0.323994 0.790308 0.464630 0.399415 61.683568 -43.691635 213.991644
0.499165 -0.119520 -0.858224 -0.351962 0.877090 -0.326857 0.791806 0.465218 0.395746 60.904444 -43.997540 214.344745
0.498061 -0.124347 -0.858180 -0.351288 0.875885 -0.330790 0.792800 0.466222 0.392563 60.119856 -44.313434 214.696132
0.497620 -0.129640 -0.857653 -0.350049 0.874661 -0.335313 0.793625 0.467079 0.389868 59.366366 -44.611299 215.029974
0.498190 -0.132173 -0.856935 -0.349404 0.873913 -0.337923 0.793551 0.467766 0.389193 58.640437 -44.904429 215.353511
0.498840 -0.131152 -0.856713 -0.349377 0.874181 -0.337259 0.793155 0.467554 0.390255 57.872884 -45.216848 215.691437
0.498764 -0.128942 -0.857093 -0.349813 0.874809 -0.335172 0.793010 0.466994 0.391218 57.129231 -45.523530 216.019042
0.499070 -0.127455 -0.857137 -0.350584 0.874865 -0.334219 0.792477 0.467298 0.391935 56.300720 -45.860044 216.383464
0.499031 -0.126911 -0.857241 -0.350900 0.874899 -0.333797 0.792362 0.467381 0.392069 55.383978 -46.233003 216.792321
0.498535 -0.126647 -0.857568 -0.350733 0.875214 -0.333147 0.792747 0.466864 0.391906 54.532761 -46.584645 217.168551
0.498191 -0.126160 -0.857840 -0.350597 0.875562 -0.332375 0.793025 0.466343 0.391965 53.725180 -46.909518 217.523555
0.497690 -0.126159 -0.858131 -0.349548 0.876291 -0.331556 0.793801 0.464970 0.392023 52.863276 -47.259292 217.906966
0.497181 -0.128801 -0.858034 -0.346707 0.877043 -0.332551 0.795365 0.462824 0.391393 52.021393 -47.606017 218.288387
0.497080 -0.132226 -0.857571 -0.345259 0.876574 -0.335281 0.796058 0.462746 0.390075 51.232062 -47.926956 218.642852
0.496248 -0.134980 -0.857624 -0.343867 0.876492 -0.336922 0.797179 0.462105 0.388542 50.362692 -48.285660 219.029488
0.494995 -0.135222 -0.858310 -0.343512 0.876887 -0.336256 0.798110 0.461285 0.387604 49.428597 -48.665916 219.440150
0.495144 -0.132046 -0.858718 -0.344444 0.877554 -0.333552 0.797615 0.460937 0.389033 48.454588 -49.063981 219.870149
0.495472 -0.128780 -0.859024 -0.344998 0.878424 -0.330678 0.797172 0.460203 0.390806 47.530064 -49.436928 220.280321
0.494796 -0.126688 -0.859725 -0.345882 0.878866 -0.328573 0.797209 0.459940 0.391040 46.665277 -49.782706 220.657640
0.495171 -0.126422 -0.859548 -0.346726 0.878397 -0.328937 0.796609 0.460908 0.391123 45.898043 -50.084045 220.994536
0.496280 -0.126926 -0.858834 -0.346214 0.878254 -0.329856 0.796142 0.461042 0.391916 45.166396 -50.377487 221.317314
0.495581 -0.126208 -0.859343 -0.347294 0.878059 -0.329241 0.796107 0.461611 0.391318 44.431292 -50.674729 221.639203
0.494991 -0.126499 -0.859640 -0.347331 0.878057 -0.329207 0.796458 0.461534 0.390693 43.582098 -51.014514 222.014328
0.494164 -0.125895 -0.860205 -0.348653 0.877705 -0.328748 0.796394 0.462368 0.389837 42.804847 -51.319471 222.353416
0.493022 -0.125151 -0.860968 -0.349130 0.877964 -0.327546 0.796892 0.462078 0.389162 42.029713 -51.621755 222.689044
0.493229 -0.123408 -0.861101 -0.350137 0.877996 -0.326384 0.796322 0.462486 0.389844 41.247311 -51.929692 223.035830
0.493703 -0.122550 -0.860952 -0.350999 0.877716 -0.326212 0.795648 0.463246 0.390316 40.498447 -52.221856 223.363142
0.495284 -0.123349 -0.859929 -0.350054 0.877613 -0.327503 0.795082 0.463228 0.391489 39.724607 -52.525531 223.705969
0.496567 -0.124386 -0.859040 -0.348419 0.877884 -0.328518 0.795000 0.462437 0.392590 38.917279 -52.846940 224.067147
0.498269 -0.124982 -0.857967 -0.346180 0.878577 -0.329030 0.794913 0.460957 0.394502 38.088746 -53.182283 224.440509
0.499801 -0.124665 -0.857122 -0.344871 0.879117 -0.328964 0.794521 0.460013 0.396390 37.265985 -53.513566 224.812184
0.500429 -0.123722 -0.856892 -0.344097 0.879787 -0.327983 0.794460 0.458986 0.397699 36.353358 -53.879779 225.223604
0.501292 -0.123885 -0.856364 -0.343708 0.879758 -0.328467 0.794085 0.458997 0.398436 35.426256 -54.249274 225.641985
0.501921 -0.124260 -0.855941 -0.343552 0.879565 -0.329147 0.793756 0.459265 0.398783 34.513326 -54.616348 226.056845
0.503180 -0.126422 -0.854884 -0.343307 0.878589 -0.331996 0.793064 0.460541 0.398687 33.678087 -54.958145 226.429418
0.503776 -0.131874 -0.853709 -0.341980 0.877089 -0.337289 0.793258 0.461870 0.396759 32.860530 -55.300971 226.800794
0.506098 -0.138915 -0.851215 -0.338705 0.875642 -0.344282 0.793186 0.462551 0.396110 31.974714 -55.674877 227.217243
0.508161 -0.141629 -0.849537 -0.336831 0.875142 -0.347377 0.792665 0.462674 0.397008 31.174128 -56.022921 227.593324
0.508809 -0.141119 -0.849234 -0.336905 0.875153 -0.347279 0.792218 0.462809 0.397742 30.311708 -56.383909 227.981831
0.510303 -0.137624 -0.848912 -0.337144 0.876082 -0.344694 0.791154 0.462104 0.400668 29.386295 -56.780989 228.412353
0.511291 -0.136100 -0.848563 -0.336617 0.876773 -0.343449 0.790740 0.461243 0.402473 28.389043 -57.201783 228.872487
0.511245 -0.138290 -0.848236 -0.334242 0.877278 -0.344478 0.791777 0.459629 0.402282 27.439027 -57.605629 229.315210
0.511227 -0.144138 -0.847273 -0.332025 0.876176 -0.349392 0.792721 0.459934 0.400067 26.553590 -57.983425 229.730185
0.508362 -0.152532 -0.847527 -0.330496 0.874262 -0.355581 0.795198 0.460868 0.394031 25.762969 -58.323396 230.092395
0.506456 -0.158909 -0.847497 -0.328724 0.873061 -0.360145 0.797147 0.460990 0.389929 24.941076 -58.674992 230.464714
0.505861 -0.163165 -0.847043 -0.327102 0.872329 -0.363383 0.798191 0.460891 0.387905 24.177701 -59.019441 230.811625
0.506799 -0.163524 -0.846413 -0.326728 0.872157 -0.364130 0.797749 0.461087 0.388581 23.304771 -59.415688 231.204204
0.508339 -0.161570 -0.845864 -0.326268 0.872880 -0.362808 0.796957 0.460408 0.391004 22.372756 -59.834087 231.627024
0.509871 -0.158090 -0.845600 -0.326465 0.873875 -0.360226 0.795897 0.459728 0.393953 21.390724 -60.270388 232.076055
0.511874 -0.153288 -0.845274 -0.326407 0.875455 -0.356423 0.794634 0.458347 0.398088 20.535608 -60.649393 232.467682
0.511610 -0.150291 -0.845971 -0.327187 0.876327 -0.353554 0.794483 0.457673 0.399164 19.680184 -61.024860 232.859949
0.511921 -0.146884 -0.846382 -0.327914 0.877251 -0.350575 0.793983 0.457007 0.400918 18.780140 -61.412741 233.273733
0.510958 -0.142909 -0.847643 -0.328810 0.878599 -0.346335 0.794233 0.455676 0.401937 17.907843 -61.789186 233.675527
0.510656 -0.140778 -0.848182 -0.329393 0.879203 -0.344241 0.794186 0.455174 0.402599 17.160568 -62.105888 234.017551
0.510158 -0.142250 -0.848236 -0.328981 0.878957 -0.345263 0.794676 0.455192 0.401609 16.510266 -62.382816 234.313319
0.508974 -0.145761 -0.848351 -0.328258 0.878213 -0.347833 0.795733 0.455516 0.399141 15.828538 -62.674613 234.626673
0.508957 -0.152237 -0.847223 -0.327344 0.876061 -0.354066 0.796121 0.457538 0.396043 15.165593 -62.971966 234.933418
0.508031 -0.161704 -0.846024 -0.325292 0.873462 -0.362284 0.797552 0.459257 0.391145 14.529879 -63.253569 235.225919
0.506523 -0.168756 -0.845551 -0.322659 0.872308 -0.367383 0.799579 0.458912 0.387393 13.853016 -63.552243 235.540998
0.505270 -0.168372 -0.846377 -0.322561 0.872841 -0.366199 0.800411 0.458038 0.386710 13.069061 -63.900924 235.897596
0.504403 -0.165932 -0.847375 -0.322231 0.874294 -0.363012 0.801090 0.456155 0.387528 12.296576 -64.245162 236.247471
0.503762 -0.163732 -0.848184 -0.320849 0.876170 -0.359696 0.802047 0.453340 0.388848 11.534697 -64.582442 236.595129
0.501992 -0.163379 -0.849301 -0.319968 0.877238 -0.357875 0.803508 0.451399 0.388090 10.808526 -64.900979 236.925099
0.500757 -0.163956 -0.849918 -0.320210 0.877151 -0.357872 0.804181 0.451359 0.386739 10.093017 -65.208480 237.240787
0.499207 -0.165092 -0.850610 -0.320459 0.876899 -0.358266 0.805046 0.451434 0.384849 9.291901 -65.546548 237.601849
0.498137 -0.163424 -0.851559 -0.320667 0.877734 -0.356028 0.805626 0.450418 0.384827 8.396778 -65.926052 237.988819
0.497597 -0.160121 -0.852501 -0.322118 0.878423 -0.353006 0.805380 0.450261 0.385523 7.530401 -66.292076 238.362777
0.497303 -0.157873 -0.853092 -0.322837 0.879016 -0.350865 0.805274 0.449896 0.386170 6.748147 -66.627345 238.707799
0.495642 -0.156471 -0.854316 -0.325071 0.878723 -0.349535 0.805399 0.450958 0.384668 5.998852 -66.948950 239.028370
0.493634 -0.155939 -0.855575 -0.325776 0.879004 -0.348170 0.806347 0.450595 0.383104 5.188587 -67.290597 239.376913
0.492655 -0.155864 -0.856153 -0.326220 0.879009 -0.347742 0.806766 0.450611 0.382202 4.443089 -67.608101 239.701468
0.491145 -0.155728 -0.857044 -0.327086 0.878922 -0.347146 0.807336 0.450827 0.380742 3.695885 -67.918392 240.025284
0.490889 -0.155252 -0.857278 -0.326714 0.879381 -0.346335 0.807642 0.450096 0.380955 2.926534 -68.248210 240.362860
0.491363 -0.154976 -0.857056 -0.326475 0.879518 -0.346210 0.807451 0.449923 0.381567 2.142490 -68.582109 240.701666
0.491660 -0.156228 -0.856658 -0.325640 0.879410 -0.347271 0.807607 0.449701 0.381496 1.403861 -68.896430 241.023628
0.491473 -0.158654 -0.856320 -0.323987 0.879385 -0.348875 0.808386 0.448899 0.380792 0.673178 -69.210388 241.349267
0.490972 -0.158431 -0.856648 -0.323651 0.879775 -0.348203 0.808824 0.448213 0.380669 -0.117690 -69.541975 241.698080
0.490172 -0.156273 -0.857502 -0.324014 0.880627 -0.345703 0.809164 0.447297 0.381024 -1.018088 -69.919624 242.090386
0.489950 -0.154467 -0.857956 -0.324411 0.881183 -0.343909 0.809139 0.446829 0.381625 -1.836536 -70.261762 242.449439
0.489739 -0.153500 -0.858250 -0.325391 0.881075 -0.343259 0.808873 0.447375 0.381549 -2.603220 -70.584085 242.784298
0.490486 -0.154846 -0.857582 -0.326548 0.879727 -0.345611 0.807954 0.449558 0.380929 -3.297592 -70.877949 243.087666
0.491328 -0.157679 -0.856583 -0.326642 0.878336 -0.349042 0.807404 0.451290 0.380047 -4.011066 -71.181537 243.399813
0.491566 -0.160009 -0.856014 -0.325799 0.877800 -0.351172 0.807600 0.451512 0.379367 -4.729943 -71.488527 243.717766
0.492512 -0.160932 -0.855297 -0.324782 0.877772 -0.352182 0.807433 0.451239 0.380046 -5.492743 -71.820311 244.051466
0.494052 -0.160816 -0.854430 -0.325278 0.877187 -0.353183 0.806292 0.452418 0.381065 -6.206907 -72.130144 244.362837
0.495620 -0.161079 -0.853472 -0.324809 0.876977 -0.354135 0.805519 0.452731 0.382327 -7.032855 -72.496503 244.728963
0.496958 -0.161486 -0.852616 -0.323868 0.877023 -0.354880 0.805073 0.452496 0.383543 -7.882899 -72.876043 245.110545
0.498436 -0.163285 -0.851410 -0.322767 0.876544 -0.357061 0.804601 0.452779 0.384197 -8.793175 -73.275116 245.516650
0.500858 -0.164786 -0.849698 -0.320564 0.876578 -0.358957 0.803978 0.452169 0.386216 -9.700925 -73.676043 245.925389
0.502148 -0.165345 -0.848827 -0.319170 0.876818 -0.359612 0.803727 0.451499 0.387519 -10.615686 -74.083240 246.337421
0.502914 -0.167077 -0.848035 -0.316756 0.877254 -0.360681 0.804204 0.450011 0.388260 -11.393985 -74.437708 246.694821
0.503126 -0.170259 -0.847276 -0.315193 0.876719 -0.363342 0.804685 0.449862 0.387435 -12.236858 -74.814662 247.076971
0.502479 -0.172493 -0.847208 -0.315137 0.875945 -0.365252 0.805111 0.450518 0.385785 -13.077044 -75.186718 247.453847
0.501659 -0.175876 -0.846998 -0.314677 0.874937 -0.368054 0.805802 0.451169 0.383576 -14.009620 -75.602307 247.858607
0.501637 -0.178380 -0.846487 -0.314332 0.874044 -0.370463 0.805950 0.451916 0.382382 -14.911018 -76.010135 248.248369
0.499684 -0.182645 -0.846733 -0.312930 0.873436 -0.373074 0.807707 0.451388 0.379287 -15.784970 -76.411309 248.638326
0.497319 -0.184221 -0.847783 -0.312462 0.873584 -0.373121 0.809346 0.450460 0.376888 -16.576819 -76.765900 248.984975
0.496238 -0.185094 -0.848226 -0.310757 0.874409 -0.372610 0.810665 0.448495 0.376396 -17.287478 -77.088886 249.301157
0.496542 -0.186347 -0.847774 -0.309281 0.874600 -0.373390 0.811044 0.447604 0.376642 -17.966603 -77.404061 249.607400
0.496948 -0.190384 -0.846638 -0.308516 0.873134 -0.377431 0.811086 0.448765 0.375166 -18.718400 -77.757253 249.944858
0.495634 -0.198573 -0.845527 -0.306691 0.870786 -0.384283 0.812581 0.449779 0.370691 -19.575772 -78.154793 250.324805
0.494875 -0.204671 -0.844516 -0.305792 0.868683 -0.389718 0.813381 0.451109 0.367303 -20.372594 -78.535633 250.671416
0.491890 -0.205693 -0.846011 -0.307482 0.868038 -0.389826 0.814554 0.451884 0.363733 -21.186870 -78.919861 251.007661
0.490403 -0.206178 -0.846756 -0.307867 0.867981 -0.389649 0.815305 0.451774 0.362185 -22.091865 -79.351746 251.386130
0.487714 -0.207620 -0.847956 -0.307872 0.868000 -0.389605 0.816915 0.451077 0.359415 -22.957003 -79.763064 251.742058
0.484893 -0.207919 -0.849499 -0.308173 0.868409 -0.388453 0.818479 0.450151 0.357010 -23.857868 -80.191022 252.106393
0.481652 -0.205729 -0.851873 -0.308595 0.869980 -0.384583 0.820232 0.448119 0.355541 -24.735812 -80.603132 252.457213
0.478304 -0.201039 -0.854874 -0.309183 0.872570 -0.378189 0.821968 0.445202 0.355196 -25.588604 -80.992413 252.809551
0.476201 -0.194587 -0.857536 -0.310754 0.875041 -0.371126 0.822596 0.443214 0.356227 -26.356036 -81.336133 253.122884
0.475297 -0.190562 -0.858941 -0.311353 0.876659 -0.366781 0.822893 0.441764 0.357341 -27.166941 -81.698627 253.458180
0.474575 -0.192206 -0.858973 -0.310571 0.876541 -0.367725 0.823604 0.441286 0.356290 -27.993149 -82.064370 253.800317
0.474907 -0.196831 -0.857742 -0.310235 0.874650 -0.372480 0.823539 0.442995 0.354314 -28.845349 -82.442393 254.151343
0.474538 -0.202982 -0.856511 -0.309384 0.872502 -0.378182 0.824072 0.444453 0.351236 -29.641823 -82.795568 254.477395
0.474412 -0.207895 -0.855402 -0.308050 0.871069 -0.382549 0.824644 0.444992 0.349204 -30.414954 -83.147516 254.793316
0.475091 -0.209598 -0.854609 -0.306715 0.870861 -0.384092 0.824751 0.444600 0.349452 -31.177353 -83.505465 255.101133
0.474814 -0.211263 -0.854353 -0.305223 0.870982 -0.385005 0.825464 0.443574 0.349072 -31.890581 -83.842876 255.395970
0.473724 -0.213208 -0.854475 -0.303686 0.871193 -0.385744 0.826656 0.442228 0.347956 -32.624581 -84.187913 255.694270
0.472739 -0.215352 -0.854483 -0.302997 0.870829 -0.387103 0.827473 0.441905 0.346424 -33.421495 -84.563523 256.010547
0.472468 -0.217176 -0.854171 -0.302174 0.870506 -0.388471 0.827928 0.441649 0.345661 -34.231974 -84.951391 256.330802
0.471788 -0.217955 -0.854348 -0.302194 0.870306 -0.388904 0.828308 0.441659 0.344736 -34.931080 -85.287319 256.603627
0.471096 -0.217537 -0.854837 -0.303062 0.870202 -0.388462 0.828386 0.442071 0.344021 -35.626925 -85.619563 256.874652
0.470381 -0.216674 -0.855449 -0.303430 0.870569 -0.387350 0.828656 0.441771 0.343754 -36.412625 -85.990875 257.185193
0.469650 -0.215377 -0.856178 -0.303563 0.871260 -0.385688 0.829022 0.441043 0.343807 -37.194886 -86.368432 257.497633
0.468901 -0.217173 -0.856136 -0.302292 0.871305 -0.386584 0.829911 0.440072 0.342906 -38.052815 -86.767277 257.838476
0.468828 -0.221416 -0.855088 -0.300841 0.870165 -0.390265 0.830479 0.440213 0.341347 -38.799144 -87.122865 258.133525
0.469813 -0.225887 -0.853376 -0.299200 0.868742 -0.394674 0.830515 0.440753 0.340561 -39.662455 -87.530403 258.478331
0.469493 -0.225739 -0.853592 -0.298527 0.869245 -0.394074 0.830938 0.439835 0.340715 -40.552019 -87.953055 258.829316
0.468238 -0.224750 -0.854541 -0.298688 0.869921 -0.392458 0.831588 0.439005 0.340199 -41.361580 -88.339091 259.147277
0.468175 -0.222691 -0.855115 -0.299469 0.870467 -0.390648 0.831343 0.438972 0.340841 -42.184611 -88.731354 259.465762
0.469832 -0.223509 -0.853991 -0.298954 0.869963 -0.392162 0.830593 0.439554 0.341918 -42.990854 -89.119538 259.782260
0.470248 -0.224796 -0.853425 -0.297987 0.869781 -0.393299 0.830705 0.439258 0.342026 -43.791154 -89.504785 260.093828
0.470004 -0.224800 -0.853558 -0.297190 0.870259 -0.392844 0.831128 0.438308 0.342217 -44.566344 -89.873692 260.397520
0.469426 -0.226318 -0.853475 -0.294440 0.871146 -0.392951 0.832433 0.435759 0.342301 -45.336248 -90.242709 260.702081
0.470186 -0.227364 -0.852778 -0.292483 0.871503 -0.393619 0.832694 0.434498 0.343269 -46.166816 -90.633199 261.031078
0.471406 -0.224958 -0.852743 -0.291895 0.872624 -0.391566 0.832210 0.433498 0.345696 -46.943024 -90.998600 261.337457
0.472852 -0.221197 -0.852926 -0.291943 0.873976 -0.388505 0.831373 0.432711 0.348684 -47.733668 -91.376022 261.651047
0.474806 -0.218981 -0.852412 -0.291635 0.874681 -0.387146 0.830366 0.432413 0.351442 -48.442679 -91.704884 261.936824
0.476622 -0.218201 -0.851598 -0.291253 0.874804 -0.387156 0.829459 0.432558 0.353399 -49.220176 -92.066879 262.251838
0.479535 -0.218186 -0.849965 -0.289281 0.875147 -0.387858 0.828470 0.431870 0.356546 -49.893365 -92.386946 262.529985
0.482028 -0.219975 -0.848092 -0.287631 0.874593 -0.390328 0.827598 0.432087 0.358306 -50.603284 -92.723550 262.824571
0.484890 -0.222847 -0.845708 -0.285583 0.873641 -0.393947 0.826634 0.432541 0.359978 -51.278143 -93.046747 263.104351
0.485738 -0.226168 -0.844338 -0.283251 0.873098 -0.396823 0.826938 0.431912 0.360035 -52.013712 -93.397266 263.417335
0.487531 -0.227086 -0.843057 -0.281329 0.873228 -0.397903 0.826539 0.431166 0.361840 -52.709140 -93.729397 263.711962
0.489137 -0.226222 -0.842359 -0.280138 0.873862 -0.397352 0.825995 0.430336 0.364065 -53.420100 -94.076123 264.009060
0.490686 -0.226835 -0.841292 -0.278825 0.873875 -0.398246 0.825520 0.429987 0.365551 -54.101344 -94.410461 264.296845
0.492863 -0.228702 -0.839513 -0.276552 0.873633 -0.400356 0.824988 0.429489 0.367333 -54.743306 -94.729486 264.578343
0.494618 -0.229743 -0.838195 -0.275993 0.872989 -0.402143 0.824124 0.430243 0.368389 -55.453813 -95.082409 264.886566
0.496072 -0.230364 -0.837165 -0.274702 0.872999 -0.403003 0.823681 0.429890 0.369789 -56.220058 -95.462879 265.221421
0.498069 -0.230592 -0.835915 -0.272912 0.873321 -0.403522 0.823071 0.429113 0.372043 -57.048280 -95.877633 265.591304
0.498417 -0.231973 -0.835325 -0.271489 0.873307 -0.404511 0.823331 0.428397 0.372293 -57.859938 -96.294077 265.946405
0.499058 -0.232938 -0.834674 -0.270028 0.873437 -0.405207 0.823424 0.427607 0.372996 -58.623622 -96.678502 266.276747
0.499268 -0.234240 -0.834184 -0.269203 0.873179 -0.406311 0.823566 0.427423 0.372892 -59.521400 -97.123680 266.673753
0.499821 -0.234227 -0.833856 -0.269274 0.873008 -0.406630 0.823207 0.427778 0.373277 -60.488980 -97.614368 267.100710
0.498376 -0.236670 -0.834032 -0.267972 0.872857 -0.407814 0.824508 0.426742 0.371589 -61.500424 -98.133551 267.549461
0.496507 -0.237412 -0.834935 -0.268236 0.872830 -0.407698 0.825549 0.426385 0.369683 -62.561608 -98.677528 268.013222
0.493496 -0.238751 -0.836337 -0.269754 0.872151 -0.408148 0.826858 0.427025 0.366000 -63.606696 -99.203930 268.460899
0.488272 -0.240700 -0.838841 -0.271119 0.871810 -0.407973 0.829509 0.426628 0.360422 -64.542576 -99.678868 268.860669
0.484508 -0.246422 -0.839362 -0.271098 0.869970 -0.411895 0.831720 0.427116 0.354703 -65.375731 -100.094605 269.213939
0.479830 -0.252001 -0.840392 -0.272598 0.867635 -0.415812 0.833939 0.428608 0.347622 -66.144128 -100.481802 269.533148
0.474469 -0.259604 -0.841121 -0.273003 0.865013 -0.420978 0.836868 0.429370 0.339549 -67.005613 -100.928163 269.875991
0.469963 -0.263198 -0.842533 -0.273066 0.864336 -0.422325 0.839387 0.428544 0.334336 -68.018283 -101.454744 270.265515
0.460265 -0.263729 -0.847705 -0.276486 0.864788 -0.419163 0.843630 0.427304 0.325114 -69.012675 -101.967286 270.637424
0.448825 -0.261308 -0.854561 -0.282106 0.865957 -0.412958 0.847922 0.426423 0.314947 -69.963115 -102.450060 270.975288
0.439255 -0.257967 -0.860528 -0.286412 0.867686 -0.406312 0.851483 0.424940 0.307250 -70.804657 -102.870563 271.275462
0.429069 -0.253519 -0.866965 -0.289348 0.870652 -0.397798 0.855674 0.421537 0.300214 -71.643653 -103.272606 271.563739
0.416989 -0.250240 -0.873785 -0.294013 0.872530 -0.390190 0.860044 0.419609 0.290261 -72.560363 -103.700104 271.861509
0.410126 -0.248302 -0.877578 -0.297052 0.873390 -0.385941 0.862298 0.418970 0.284441 -73.553072 -104.155592 272.169020
0.407077 -0.248320 -0.878991 -0.300022 0.872588 -0.385457 0.862714 0.420628 0.280708 -74.404471 -104.551213 272.431123
0.406113 -0.250552 -0.878803 -0.301095 0.871289 -0.387552 0.862794 0.421994 0.278402 -75.288838 -104.953723 272.708878
0.405173 -0.253619 -0.878358 -0.299680 0.870827 -0.389682 0.863728 0.421115 0.276831 -76.228634 -105.381004 273.006152
0.405906 -0.255388 -0.877507 -0.297496 0.870945 -0.391090 0.864139 0.419800 0.277545 -77.076215 -105.775834 273.268307
0.405487 -0.256975 -0.877236 -0.295554 0.871268 -0.391842 0.865002 0.418157 0.277338 -77.897081 -106.160420 273.526310
0.405057 -0.258510 -0.876984 -0.294314 0.871273 -0.392763 0.865626 0.417201 0.276832 -78.773064 -106.568200 273.790290
0.403885 -0.260749 -0.876862 -0.293307 0.871006 -0.394106 0.866515 0.416363 0.275307 -79.677090 -106.991491 274.066706
0.404379 -0.262547 -0.876097 -0.293689 0.869905 -0.396248 0.866155 0.417535 0.274665 -80.467685 -107.361633 274.306170
0.404816 -0.264346 -0.875354 -0.293101 0.869277 -0.398058 0.866150 0.417707 0.274418 -81.252876 -107.735274 274.547942
0.405556 -0.264020 -0.875110 -0.292011 0.869788 -0.397742 0.866172 0.416848 0.275651 -82.109930 -108.138612 274.811144
0.404699 -0.262365 -0.876004 -0.290276 0.871555 -0.395135 0.867156 0.414194 0.276559 -83.019639 -108.568476 275.095609
0.402997 -0.259836 -0.877541 -0.289079 0.873622 -0.391431 0.868347 0.411424 0.276954 -83.916678 -108.994430 275.373165
0.402499 -0.258560 -0.878147 -0.288564 0.874538 -0.389761 0.868749 0.410280 0.277389 -84.796001 -109.405521 275.636496
0.401934 -0.257981 -0.878575 -0.288504 0.874942 -0.388900 0.869031 0.409784 0.277241 -85.656748 -109.806370 275.900427
0.400783 -0.260033 -0.878496 -0.288099 0.874462 -0.390274 0.869696 0.409510 0.275555 -86.620696 -110.255103 276.188177
0.398872 -0.262918 -0.878507 -0.287789 0.873724 -0.392152 0.870677 0.409244 0.272839 -87.463719 -110.652789 276.432828
0.398000 -0.264309 -0.878486 -0.288646 0.872882 -0.393395 0.870792 0.410143 0.271115 -88.467553 -111.119794 276.730816
0.397443 -0.263505 -0.878979 -0.289078 0.873155 -0.392471 0.870903 0.410079 0.270856 -89.486652 -111.588320 277.036201
0.397905 -0.260470 -0.879675 -0.289633 0.874148 -0.389844 0.870508 0.409903 0.272387 -90.465614 -112.040541 277.331033
0.400224 -0.257740 -0.879427 -0.288273 0.875512 -0.387785 0.869896 0.408716 0.276101 -91.423733 -112.484761 277.623387
0.400220 -0.256818 -0.879698 -0.287873 0.876107 -0.386738 0.870030 0.408022 0.276705 -92.357703 -112.909491 277.912002
0.399568 -0.256126 -0.880196 -0.286758 0.877066 -0.385390 0.870698 0.406393 0.277002 -93.257957 -113.320421 278.194755
0.400261 -0.257146 -0.879584 -0.284595 0.877485 -0.386039 0.871089 0.404842 0.278040 -94.148084 -113.734528 278.477024
0.400495 -0.260277 -0.878555 -0.282474 0.877041 -0.388596 0.871672 0.403800 0.277729 -95.093732 -114.170328 278.778814
0.401518 -0.263889 -0.877009 -0.280805 0.875997 -0.392145 0.871741 0.403722 0.277627 -96.015961 -114.596663 279.065042
0.401350 -0.266144 -0.876405 -0.278779 0.875958 -0.393675 0.872468 0.402325 0.277370 -96.823233 -114.970780 279.318134
0.403251 -0.266067 -0.875555 -0.277674 0.876108 -0.394122 0.871944 0.402049 0.279411 -97.706223 -115.379349 279.591656
0.406692 -0.264803 -0.874346 -0.275791 0.876830 -0.393837 0.870942 0.401307 0.283570 -98.600056 -115.792215 279.877815
0.409002 -0.261913 -0.874139 -0.273184 0.878849 -0.391145 0.870682 0.398780 0.287901 -99.447422 -116.191675 280.152357
0.410391 -0.260487 -0.873914 -0.271108 0.880152 -0.389658 0.870678 0.396837 0.290586 -100.263073 -116.570148 280.414866
0.411917 -0.261589 -0.872866 -0.270952 0.879418 -0.391419 0.870006 0.397737 0.291369 -101.041771 -116.936479 280.662009
0.413980 -0.264725 -0.870942 -0.269286 0.878340 -0.394972 0.869543 0.398044 0.292329 -101.756679 -117.270076 280.897385
0.415493 -0.264809 -0.870197 -0.270181 0.877577 -0.396058 0.868544 0.399669 0.293080 -102.454106 -117.592779 281.121789
0.415991 -0.264683 -0.869997 -0.269447 0.877867 -0.395914 0.868533 0.399115 0.293866 -103.225048 -117.952490 281.372730
0.416101 -0.264272 -0.870069 -0.269294 0.878101 -0.395498 0.868528 0.398872 0.294212 -104.074073 -118.357111 281.655043
0.415511 -0.263784 -0.870499 -0.268787 0.878678 -0.394561 0.868968 0.397923 0.294199 -104.885350 -118.746913 281.927716
0.416229 -0.262129 -0.870656 -0.268762 0.879290 -0.393213 0.868631 0.397666 0.295535 -105.659939 -119.116324 282.186768
0.415459 -0.262712 -0.870848 -0.268415 0.879344 -0.393329 0.869107 0.397161 0.294816 -106.424791 -119.477610 282.435812
0.414782 -0.265485 -0.870330 -0.267553 0.878621 -0.395525 0.869696 0.396916 0.293405 -107.226372 -119.856946 282.699324
0.414399 -0.267995 -0.869742 -0.266938 0.877837 -0.397675 0.870068 0.396963 0.292237 -107.980460 -120.221801 282.948904
0.413445 -0.268538 -0.870029 -0.268301 0.877166 -0.398240 0.870103 0.398079 0.290610 -108.819829 -120.626526 283.216968
0.412510 -0.267654 -0.870745 -0.269428 0.877249 -0.397293 0.870198 0.398491 0.289761 -109.668128 -121.028037 283.488001
0.412177 -0.265066 -0.871694 -0.270873 0.877833 -0.395014 0.869907 0.398934 0.290023 -110.448338 -121.391278 283.732750
0.411424 -0.262708 -0.872763 -0.271646 0.878699 -0.392550 0.870022 0.398587 0.290154 -111.180812 -121.732072 283.968050
0.411053 -0.260948 -0.873465 -0.272526 0.879162 -0.390901 0.869922 0.398723 0.290268 -111.889943 -122.066344 284.197945
0.410445 -0.262532 -0.873277 -0.272904 0.878404 -0.392339 0.870091 0.399354 0.288890 -112.669885 -122.429314 284.451035
0.410265 -0.267183 -0.871949 -0.271780 0.876855 -0.396563 0.870528 0.399674 0.287128 -113.444337 -122.790540 284.706217
0.410137 -0.271551 -0.870659 -0.271506 0.875009 -0.400804 0.870673 0.400774 0.285146 -114.171768 -123.129684 284.939669
0.409588 -0.273199 -0.870402 -0.273288 0.873542 -0.402787 0.870374 0.402848 0.283130 -114.871287 -123.461323 285.160116
0.409762 -0.272963 -0.870394 -0.274403 0.873097 -0.402994 0.869941 0.403971 0.282860 -115.552440 -123.783470 285.380304
0.409333 -0.272263 -0.870815 -0.274855 0.873303 -0.402239 0.870001 0.403997 0.282639 -116.247996 -124.118760 285.600448
0.409822 -0.273150 -0.870308 -0.276363 0.872085 -0.403846 0.869293 0.406025 0.281911 -117.064832 -124.512038 285.853894
0.410023 -0.276814 -0.869054 -0.278617 0.869272 -0.408336 0.868478 0.409561 0.279296 -117.916745 -124.919848 286.108664
0.410577 -0.282186 -0.867062 -0.279060 0.866394 -0.414111 0.868074 0.411987 0.276975 -118.763159 -125.326725 286.372110
0.410672 -0.287859 -0.865151 -0.277817 0.864233 -0.419428 0.868428 0.412601 0.274944 -119.536445 -125.705107 286.621721
0.409509 -0.291738 -0.864402 -0.276269 0.863347 -0.422264 0.869470 0.411729 0.272950 -120.284383 -126.081962 286.861714
0.409679 -0.293039 -0.863882 -0.276459 0.862581 -0.423703 0.869330 0.412410 0.272368 -121.009296 -126.454827 287.088399
0.408629 -0.293430 -0.864246 -0.276909 0.862420 -0.423737 0.869680 0.412469 0.271156 -121.929578 -126.931473 287.375356
0.408992 -0.293455 -0.864066 -0.277271 0.862152 -0.424046 0.869394 0.413012 0.271247 -122.800999 -127.376375 287.646737
0.409880 -0.294661 -0.863234 -0.275461 0.862210 -0.425106 0.869551 0.412030 0.272235 -123.701597 -127.841373 287.931448
0.409743 -0.294660 -0.863299 -0.274819 0.862546 -0.424839 0.869819 0.411326 0.272444 -124.496268 -128.251436 288.183297
0.409338 -0.293704 -0.863817 -0.275239 0.862912 -0.423824 0.869877 0.411243 0.272384 -125.279123 -128.649853 288.424658
0.409669 -0.292758 -0.863981 -0.276680 0.862616 -0.423487 0.869264 0.412536 0.272387 -126.096015 -129.061151 288.677033
0.410459 -0.290945 -0.864219 -0.277398 0.862978 -0.422278 0.868662 0.413060 0.273510 -126.931586 -129.487019 288.936924
0.411849 -0.288922 -0.864236 -0.277315 0.863682 -0.420890 0.868030 0.413010 0.275585 -127.814171 -129.934632 289.212996
0.412756 -0.288899 -0.863811 -0.276463 0.863889 -0.421028 0.867871 0.412593 0.276706 -128.668674 -130.368496 289.481846
0.413044 -0.290565 -0.863114 -0.276531 0.862976 -0.422852 0.867713 0.413334 0.276097 -129.404310 -130.736297 289.716806
0.411832 -0.292283 -0.863114 -0.275768 0.862779 -0.423751 0.868531 0.412533 0.274717 -130.174730 -131.121378 289.964342
0.411379 -0.291862 -0.863472 -0.274579 0.863654 -0.422739 0.869122 0.410997 0.275151 -131.029278 -131.548153 290.239610
0.411189 -0.290744 -0.863940 -0.274014 0.864511 -0.421352 0.869391 0.409986 0.275810 -131.966146 -132.020660 290.537066
0.410624 -0.292754 -0.863530 -0.273398 0.863949 -0.422902 0.869852 0.409741 0.274719 -132.857804 -132.477971 290.810827
0.410313 -0.300433 -0.861036 -0.269584 0.862019 -0.429241 0.871187 0.408245 0.272706 -133.780354 -132.948235 291.105015
0.411077 -0.306197 -0.858638 -0.267677 0.859837 -0.434776 0.871415 0.408564 0.271497 -134.753406 -133.446742 291.413828
0.411848 -0.305176 -0.858632 -0.266466 0.860738 -0.433736 0.871423 0.407429 0.273174 -135.651648 -133.911247 291.697259
0.414041 -0.301466 -0.858888 -0.266015 0.862300 -0.430900 0.870520 0.406888 0.276833 -136.501444 -134.351744 291.963519
0.415719 -0.300022 -0.858583 -0.263949 0.863595 -0.429575 0.870350 0.405204 0.279822 -137.355355 -134.798669 292.234055
0.415592 -0.303347 -0.857476 -0.261505 0.863091 -0.432076 0.871148 0.403801 0.279367 -138.184372 -135.231877 292.504757
0.415314 -0.308327 -0.855832 -0.259149 0.861722 -0.436207 0.871984 0.402951 0.277983 -139.049141 -135.691347 292.785663
0.414617 -0.313107 -0.854434 -0.257398 0.860246 -0.440141 0.872834 0.402419 0.276079 -139.943039 -136.171503 293.073317
0.414827 -0.315937 -0.853289 -0.257738 0.858575 -0.443193 0.872634 0.403774 0.274731 -140.822457 -136.648667 293.355769
0.415535 -0.316939 -0.852573 -0.257156 0.858152 -0.444348 0.872469 0.403887 0.275090 -141.757661 -137.155027 293.658222
0.421363 -0.314129 -0.850751 -0.255738 0.858866 -0.443788 0.870087 0.404565 0.281559 -142.699341 -137.662391 293.963199
0.425499 -0.310387 -0.850065 -0.255766 0.859797 -0.441964 0.868064 0.405473 0.286456 -143.581661 -138.138335 294.249374
0.428306 -0.308450 -0.849360 -0.255194 0.860390 -0.441142 0.866851 0.405695 0.289796 -144.463073 -138.612067 294.544767
0.429375 -0.308967 -0.848632 -0.253970 0.860433 -0.441763 0.866681 0.405209 0.290979 -145.255757 -139.040907 294.815737
0.428940 -0.311355 -0.847979 -0.252869 0.859807 -0.443609 0.867218 0.404710 0.290073 -146.080770 -139.491242 295.095252
0.426961 -0.314577 -0.847789 -0.252165 0.858929 -0.445706 0.868399 0.404082 0.287404 -146.913139 -139.938841 295.382121
0.425918 -0.319454 -0.846489 -0.251025 0.857139 -0.449778 0.869241 0.404058 0.284880 -147.710843 -140.368245 295.654655
0.424634 -0.321922 -0.846199 -0.251807 0.855778 -0.451927 0.869643 0.404982 0.282330 -148.532200 -140.815909 295.926888
0.423516 -0.322479 -0.846547 -0.253174 0.855121 -0.452405 0.869791 0.405925 0.280514 -149.337249 -141.259345 296.187091
0.422445 -0.321617 -0.847409 -0.253552 0.855671 -0.451152 0.870202 0.405449 0.279928 -150.248434 -141.763312 296.483311
0.421247 -0.321064 -0.848215 -0.253571 0.856252 -0.450037 0.870777 0.404660 0.279281 -151.048212 -142.205066 296.739933
0.419051 -0.321928 -0.848975 -0.254088 0.856095 -0.450045 0.871686 0.404306 0.276949 -151.876637 -142.650869 297.003140
0.416930 -0.323125 -0.849564 -0.254632 0.855730 -0.450433 0.872543 0.404125 0.274502 -152.671048 -143.083612 297.256678
0.415346 -0.324280 -0.849900 -0.254812 0.855422 -0.450914 0.873246 0.403850 0.272665 -153.476925 -143.523814 297.510278
0.413945 -0.323992 -0.850693 -0.255112 0.855779 -0.450066 0.873823 0.403325 0.271591 -154.273984 -143.963091 297.758163
0.412192 -0.321959 -0.852315 -0.255619 0.857043 -0.447366 0.874504 0.402268 0.270967 -155.084779 -144.406205 298.010362
0.410881 -0.319893 -0.853724 -0.256142 0.858198 -0.444845 0.874967 0.401454 0.270680 -155.958316 -144.882369 298.282869
0.408535 -0.319418 -0.855027 -0.256722 0.858738 -0.443467 0.875896 0.400676 0.268823 -156.773367 -145.334557 298.533485
0.407782 -0.319890 -0.855210 -0.257578 0.858280 -0.443857 0.875995 0.401280 0.267594 -157.558885 -145.763340 298.770509
0.407159 -0.321495 -0.854905 -0.257716 0.857531 -0.445223 0.876244 0.401599 0.266297 -158.382667 -146.206041 299.017529
0.404877 -0.322521 -0.855602 -0.259414 0.856763 -0.445715 0.876800 0.402415 0.263217 -159.221737 -146.656059 299.263489
0.403461 -0.322441 -0.856301 -0.261727 0.856080 -0.445675 0.876766 0.403930 0.261003 -160.151762 -147.155488 299.533640
0.401270 -0.321959 -0.857511 -0.263274 0.856142 -0.444644 0.877308 0.404183 0.258780 -161.021893 -147.627483 299.779066
0.399044 -0.322347 -0.858403 -0.264697 0.855816 -0.444425 0.877895 0.404562 0.256184 -161.930522 -148.123084 300.035482
0.397287 -0.322942 -0.858995 -0.266140 0.855263 -0.444629 0.878256 0.405258 0.253837 -162.819375 -148.612070 300.280354
0.396518 -0.324339 -0.858823 -0.267012 0.854320 -0.445918 0.878338 0.406131 0.252151 -163.695094 -149.080831 300.521683
0.395943 -0.324995 -0.858841 -0.268099 0.853614 -0.446616 0.878267 0.407089 0.250851 -164.532876 -149.522799 300.754066
0.394907 -0.325036 -0.859302 -0.269212 0.853326 -0.446497 0.878392 0.407660 0.249481 -165.423790 -149.998764 301.003600
0.393414 -0.326456 -0.859449 -0.271614 0.851831 -0.447894 0.878323 0.409646 0.246452 -166.302136 -150.466817 301.243757
0.391143 -0.330934 -0.858772 -0.272844 0.849468 -0.451620 0.878956 0.410959 0.241969 -167.106030 -150.892895 301.469198
0.387941 -0.334431 -0.858870 -0.274093 0.847829 -0.453936 0.879986 0.411511 0.237242 -167.901720 -151.308617 301.682212
0.384829 -0.331443 -0.861425 -0.278307 0.848193 -0.450682 0.880030 0.413175 0.234166 -168.703393 -151.738089 301.882744
0.383477 -0.323249 -0.865133 -0.281282 0.851365 -0.442785 0.879674 0.413144 0.235555 -169.583088 -152.206966 302.111324
0.382912 -0.315370 -0.868286 -0.282525 0.854906 -0.435103 0.879522 0.411918 0.238254 -170.333312 -152.604862 302.305927
0.380893 -0.312188 -0.870321 -0.283760 0.856385 -0.431376 0.880000 0.411271 0.237604 -171.113887 -153.007119 302.517349
0.379566 -0.312903 -0.870644 -0.284391 0.856043 -0.431639 0.880370 0.411438 0.235938 -172.034610 -153.479152 302.759909
0.377979 -0.318424 -0.869332 -0.283169 0.854230 -0.436012 0.881446 0.410971 0.232713 -173.026950 -153.993851 303.020667
0.377454 -0.321843 -0.868300 -0.282938 0.852739 -0.439070 0.881745 0.411404 0.230808 -174.025575 -154.511874 303.280662
0.377357 -0.321255 -0.868560 -0.283742 0.852684 -0.438658 0.881529 0.411977 0.230612 -174.985584 -155.010530 303.523273
0.377640 -0.317531 -0.869806 -0.285433 0.853699 -0.435576 0.880861 0.412762 0.231757 -175.763531 -155.425088 303.725988
0.377650 -0.314044 -0.871066 -0.286461 0.854953 -0.432430 0.880523 0.412834 0.232911 -176.527730 -155.822917 303.926099
