0.9999982111326505 0.001300462928133067 0.0013735092542344392 0.0010081095174565315 -0.001304572949480328 0.9999946619038503 0.0029957057972278653 -0.005202082781672479 -0.0013696061179770897 -0.002997492281326511 0.9999945695948079 0.9043524645155668
0.9999934765606668 0.002515973530021132 0.0025916622672376806 0.0035615744010306103 -0.002532047286110835 0.9999774647984712 0.006217606594457479 -0.006223888591376235 -0.002575960529994454 -0.006224128245688338 0.9999773120700937 1.840907664382139
0.9999905512008812 0.0028739381182624224 0.0032615929621066762 0.008957256292151116 -0.0029021025785710966 0.9999582594132516 0.008663557689758484 0.0025896227422755463 -0.0032365582926183415 -0.008672941306887796 0.9999571514717549 2.721954042711974
0.9999948256472353 0.0022157008042424033 0.002332241132783765 0.015836361057812946 -0.0022395289629954405 0.9999448126880891 0.010264311384889566 0.023736766742450625 -0.0023093697796744256 -0.010269481395287133 0.9999446007470076 3.5289571982234724
0.9999961321734366 0.0021005545125160076 0.0018229944887627912 0.02264829993188959 -0.002124695837952012 0.9999087161681754 0.013343350347904894 0.04983974304568242 -0.0017947996440550893 -0.013347172046942862 0.9999093117341126 4.323231130916807
0.9999837253372744 0.003984035822414316 0.004083689404426578 0.030719656240972042 -0.004065192879925539 0.9997904798302951 0.020061671105791073 0.08090820552199751 -0.004002907372786576 -0.020077945593950822 0.9997904044514985 5.1030277357245435
0.9999353719039022 0.007337978384677904 0.008683667924936304 0.04330219723281721 -0.007597191420138176 0.9995148817336922 0.030204037402455065 0.12452518309389696 -0.008457818745418148 -0.03026805686047794 0.9995060330162897 5.857962878802263
0.9998830486153807 0.009295998573101046 0.012143866852907153 0.06221516892541026 -0.009772689840675466 0.9991597652664189 0.039802738675022896 0.1879561069020128 -0.011763656952248831 -0.03991676193384313 0.9991337590592295 6.60700759836786
0.9998693029017003 0.009660937795166365 0.01296315531751 0.08824697009507995 -0.010302504360117514 0.9986773138122578 0.05037341839346215 0.2880390949459317 -0.012459354669392842 -0.05050038769802621 0.9986463214389624 7.295495448669066
0.999884772891019 0.008990274585340558 0.012231757991217609 0.11656578782941847 -0.009714487249362743 0.9981211036480165 0.060497034554987277 0.4068243594155111 -0.011664890833501388 -0.06060888891363654 0.998093428946658 7.942326718908536
0.9999086764837865 0.007996477770748262 0.010894725132092838 0.13997402229598271 -0.008714130292917724 0.9976811868695218 0.06750046888622059 0.5129306426628653 -0.01032969630143984 -0.06758924256036243 0.9976597574646561 8.644304015547618
0.9999249172223419 0.007494918914230234 0.009694643281810241 0.15850376339856165 -0.008184997911031507 0.9972822884826772 0.07321914290641612 0.6090651586577125 -0.0091195244990539 -0.07329299604479879 0.9972687556540054 9.38764810376353
0.9999447098580218 0.006726883521114442 0.008082466520182088 0.17370479470316066 -0.007328765249206437 0.9970115119873866 0.07690470833796094 0.6988645589695628 -0.007540983150659426 -0.07695969076547912 0.9970056868295203 10.14749132941905
0.9999539830852768 0.006331983249231165 0.00720678152999814 0.1900380190599032 -0.006904509693923706 0.9965747481088005 0.0824081256780343 0.7989196772080066 -0.006660289616539196 -0.08245409280327834 0.9965726080533279 10.892112226041494
0.9999566839463917 0.00632545729372768 0.006827797665486945 0.2083040238040593 -0.00691563742894575 0.9959003881835262 0.09019196624340935 0.9137644448598844 -0.006229300914787003 -0.09023527805645724 0.9959009942781394 11.615965466517913
0.9999674911795203 0.005974029553889406 0.005415492131365863 0.2254517571966025 -0.006459504849595724 0.995496831783463 0.09457448232046915 1.0063337350649735 -0.004826114506896711 -0.09460638921328696 0.9955030586285459 12.355025338434627
0.9999707003935082 0.006425716821811082 0.004160350687367241 0.22911874361009893 -0.0067969655479583335 0.995317617482822 0.09641909348079312 1.0847159042412438 -0.0035213085431200697 -0.09644454619958534 0.9953321304441547 13.115516908172316
0.9999688886124616 0.0076938536953525035 0.0017396615970067886 0.228519632845554 -0.007829200142781977 0.9949629091662742 0.09993754553973969 1.1648833009424056 -0.000961993909467328 -0.09994805650285447 0.9949921912100715 13.89683288445842
0.9999711866887708 0.007454622833400157 0.0014333145719331833 0.22882791315958642 -0.007561644536659418 0.9948013778757845 0.10155313933276733 1.2319885154283878 -0.0006688229598150484 -0.10156105146585966 0.9948290835620943 14.669536030451411
0.9999742023553743 0.007140073012316921 0.0007835694675506473 0.24050622900498378 -0.0071829396570508575 0.9940257830434056 0.10890889781292373 1.3569937457342982 -1.2707714756904262e-06 -0.10891171655208397 0.994051426233101 15.407149834029871
0.999978585679418 0.006484007315778471 -0.0008864714990613746 0.2703746518403529 -0.0063234490732111005 0.992217964376798 0.12435242321635785 1.5520730367941569 0.00168587496814638 -0.12434415473632285 0.9922377179932741 15.940109781385583
0.9999776477889353 0.006541177463940398 -0.0013845287615545543 0.29652334434291994 -0.006287669483777921 0.990420248945456 0.13794272612675912 1.7352452392853368 0.002273573172145875 -0.13793093734258657 0.9904392396249379 16.48806093480994
0.9999780795569028 0.005923180916970185 -0.0029591102567445267 0.3145112735719274 -0.005427205385323622 0.9892501797058643 0.14613222571910311 1.9000612826172196 0.0037928679639877725 -0.14611296273684352 0.9892606412229631 17.090654380241094
0.9999685014417675 0.004954792738085917 -0.006200496208082984 0.3237525271588385 -0.0039633198493707455 0.9885593740783094 0.15078015790438432 2.0520058590905874 0.006876643081869552 -0.15075083399710296 0.9885478733117082 17.7344788159615
0.9999628145358541 0.004341381358861735 -0.0074513054848337895 0.3217512115901744 -0.0031491142297447885 0.9881983263375733 0.15314748089075997 2.1803999499728137 0.008028239227838525 -0.15311832101846792 0.9881752512299551 18.517207387207936
0.9999646361909919 0.004982175309477485 -0.0067752709614665296 0.3120702750645312 -0.003871742286940478 0.9879037080717776 0.15502023477499494 2.3138084543010766 0.0074656532921892164 -0.1549885205659331 0.9878880617325545 19.478715145774146
0.999949479993198 0.005672024211567319 -0.008298530151444819 0.298693808824214 -0.004306393517605955 0.9877170395038648 0.15619380541043001 2.4323602569201506 0.009082534679403441 -0.15615017776186854 0.987691566000608 20.355344801369245
0.9999080674217442 0.00617286561132589 -0.012072797316897478 0.28479745128932543 -0.004207495379501966 0.987666002096283 0.15651889753564935 2.544953550928993 0.012890061580219332 -0.15645371211092476 0.9876011757177939 21.185660180177933
0.9998782011074017 0.007789601954809396 -0.013524239409650399 0.2720483678481602 -0.005596679197380052 0.9878658004283176 0.15520901238677862 2.6651649050664585 0.014569150015890597 -0.15511441727158437 0.9877890753710076 22.040215195408507
0.9998190604529095 0.007449290695692602 -0.017502983265440412 0.25332820240833887 -0.00466399060023394 0.988045314755423 0.15409316396756997 2.7744191701716554 0.018441625382274455 -0.15398364867084596 0.9879012817054508 22.831485911265954
0.9997286511668989 0.006711946668453596 -0.022306362498861473 0.241736595927997 -0.0031897619036012595 0.9880137980930279 0.15433262842570353 2.896654854375729 0.02307486630533563 -0.1542195984617641 0.987767111213611 23.540458431103104
0.9996183141224518 0.005047966125119894 -0.027161445266848286 0.23221002455865947 -0.0007376937356720614 0.9876913640753258 0.15641363476044054 3.0520150823784937 0.027616695655648317 -0.1563338970569715 0.987318100083272 24.238266840269198
0.9995086313735296 0.003314801063979005 -0.031169021539294108 0.2147391180134562 0.001634832327775765 0.9875260220730799 0.15744739772945388 3.1854492381597903 0.03130212665412364 -0.15742098914192798 0.9870353636240723 24.971050374924832
0.9994508762582356 0.00264296343806784 -0.033029694078314464 0.1932031086713118 0.002549227091236142 0.9877264006547077 0.15617316956164698 3.2811432060426076 0.03303706082385833 -0.15617161135737395 0.9871772791237451 25.68292415983082
0.9994158476549887 0.0015935050702942013 -0.03413830982413456 0.167079722880205 0.0037678970277491724 0.9876850094535091 0.1564101181279778 3.3828206350919987 0.03396713717765948 -0.15644738042680875 0.987102046776088 26.431260838860013
0.9993734804144118 0.0012777840802128846 -0.03536967503705385 0.13177085582321146 0.004328359331994607 0.9874342996599187 0.15797078578210919 3.488878284229362 0.03512708285462335 -0.15802490665388236 0.9868101220230542 27.190539134745485
0.9992952843192897 0.0007202101308964338 -0.03752886934873406 0.10696214237591534 0.005252757727222523 0.9872945223229324 0.1588141515337646 3.5864913464835553 0.03716642669784256 -0.15889936276932573 0.9865949773022438 27.920008657260556
0.9992189538339152 0.0012517905102186178 -0.03949576331167152 0.07962188563972042 0.005047722614500435 0.9872664757527889 0.15899505134145675 3.68276287875394 0.03919187154832129 -0.15907023252382552 0.9864890563657333 28.573906572221315
0.9991109739262443 0.001614741733924598 -0.04212664702159112 0.047958165432838075 0.00508353853894923 0.9873600733004742 0.1584116261137517 3.77647122624551 0.04184996315496624 -0.15848494648140166 0.9864740758492917 29.277185235535015
0.9990468678955632 0.0019259335398106106 -0.04360787231753236 0.011013029731073973 0.004992600522915404 0.9874282542509288 0.15798897634638703 3.8860351421379002 0.04336392150256433 -0.1580561086670201 0.9864774892641784 30.059846744875586
0.9989989082783461 0.003299593386347957 -0.04461271054479977 -0.023442585428889468 0.003818781074581268 0.9873455381297003 0.15853770922551688 3.983528306012004 0.044571270677127246 -0.1585493646119557 0.9863445142602912 30.741169167440916
0.9989700017134386 0.005995234182881333 -0.044977692734751745 -0.060990826229833754 0.0012997185884896713 0.987045718209633 0.160433976749372 4.088495381536174 0.04535687829028875 -0.16032718837152884 0.9860212706938116 31.482088833570824
0.9989549151619717 0.007316187401014692 -0.04511707964451124 -0.09673656774944851 5.529401935266957e-05 0.9869116429617139 0.16126191716949334 4.188687307223483 0.045706393604258086 -0.16109587948958326 0.9858798320257747 32.198922347943295
0.9989800058811892 0.009075504547721458 -0.04423328008209859 -0.13842013964115293 -0.0018979901031870507 0.9871676619483991 0.15967593693759183 4.30314863498015 0.045114803370792836 -0.1594291140931727 0.9861779819567461 33.031372216543126
0.9990326678876882 0.010154998530264928 -0.042785564131566506 -0.1732335249522168 -0.003301790173268566 0.987546219989574 0.1572945058352455 4.3990605899198725 0.04385004760382574 -0.1570010808534536 0.9866244644929444 33.74609186264838
0.9991107656863081 0.01027700741681977 -0.04089084259674427 -0.19836043338622186 -0.0037843974364389077 0.9877828150048368 0.1557908492728699 4.474815801991444 0.04199233532158174 -0.15549756750404042 0.9869433369117834 34.31751892035279
0.9991847542911575 0.009007200684229088 -0.03935348939994365 -0.22908706177839114 -0.002745760566974423 0.9876980806620976 0.15634884795007586 4.567822429336435 0.04027763139791496 -0.15611332996333493 0.986917595656665 35.009037837808165
0.9992850303695301 0.008905706609038047 -0.03674393105206342 -0.259341992143178 -0.003001059635856941 0.9874791703873109 0.15772089808344456 4.674571181232658 0.03768848259650535 -0.1574978617028815 0.9867998793263973 35.77217176985798
0.9994021112887426 0.00952980056741421 -0.033235566081335065 -0.28084587673485584 -0.004125956897906241 0.9872674563060005 0.15901555332342227 4.7615961113773215 0.03432777929429894 -0.15878335120604686 0.986716499785272 36.45494258170312
0.9995121453912625 0.011355646251493831 -0.029095025581084268 -0.3036135014602296 -0.006577031829850842 0.9871992973678353 0.15935585941144176 4.852049394803325 0.03053217757812475 -0.15908675801166164 0.9867923740877186 37.15157940724904
0.9996522772400503 0.0125883291266049 -0.02317020885919289 -0.32220937019902063 -0.008739105636175975 0.9871914708835967 0.15930043266531924 4.949693252930455 0.02487875884078842 -0.15904255337637918 0.9869582126787649 37.879319074772894
0.9997526871171057 0.012986055109325554 -0.018053447726702334 -0.33356976199677907 -0.009931371608850473 0.9870619060857667 0.160031751262983 5.056048711156342 0.01989805166568157 -0.15981287785102893 0.9869467622992036 38.615454016455054
0.9998411355129941 0.013701506623054702 -0.011400546142257117 -0.3366559293489894 -0.011693157978901294 0.986944599241318 0.1606350773799787 5.163917390718249 0.013452650020118808 -0.16047624978372865 0.9869480226753511 39.356461288562365
0.999892195539092 0.013646591112456396 -0.005419211291414931 -0.3438296656481736 -0.012605773480335487 0.9870748312184309 0.15976348785021666 5.258402873663405 0.007529394064202213 -0.15967795128355472 0.9871404459847201 40.01877338799301
0.9999113264165901 0.013220481367086761 0.0015994299721295287 -0.34694478636934273 -0.013306352787557688 0.9871135466655595 0.15946719714358623 5.337608041823346 0.0005294141160663447 -0.15947433919524748 0.9872019321592379 40.588367810639426
0.9998588889982084 0.014324966195843555 0.00877481821769649 -0.34558817665557706 -0.015538313616178428 0.987157688109734 0.15899138220610556 5.394618100657059 -0.006384583089831567 -0.15910529265027792 0.9872409751167329 41.067301925261404
0.999769971435134 0.015341842333486153 0.014987731329430034 -0.33812248533016853 -0.0175168068352356 0.9873097036951927 0.157837607900037 5.444922718159399 -0.012376012883225786 -0.15806383793620607 0.9873513343496277 41.511205843567254
0.9996301840770905 0.01558642496116134 0.022283591248467374 -0.32086902753382285 -0.018862174852357465 0.9876869120195938 0.1553022285256567 5.5192947043062 -0.01958860489768937 -0.15566511228315183 0.9876156435456227 42.05851200795638
0.9994810590549029 0.014736270089512638 0.02864358452316988 -0.3059545861314389 -0.018977745234496635 0.9878945429199305 0.1539617395810862 5.585914988430268 -0.026028019062187276 -0.15442543318012283 0.9876615451716388 42.57996064856707
0.9993371169698579 0.014498389797406306 0.03339346252865145 -0.2929024577075951 -0.01948941831467787 0.9878221809098798 0.15436159326789192 5.657587395994887 -0.030748808434238318 -0.15491008874740547 0.9874499355330095 43.13235198992591
0.9991102101449267 0.014977512233166259 0.03942666751657725 -0.27985932693806403 -0.02091861813644527 0.987711218525663 0.1548836989931777 5.733257127770777 -0.03662238931881643 -0.15557063645126937 0.9871456719627184 43.700012860687046
0.9987632167638154 0.014571257544394096 0.047536462775096426 -0.2533234862838771 -0.021806778459270634 0.987604267266683 0.15544219404609613 5.8067890895172525 -0.044682225244737826 -0.15628656285877818 0.9867005670500888 44.27534441544965
0.9982310040979415 0.014475253584720562 0.05766566995423343 -0.2157825246645947 -0.023247642587242642 0.9877201290280917 0.15449431648725193 5.900579604763082 -0.05472119855913589 -0.15556160755914472 0.9863093716891597 44.92060806620152
0.9978124009980591 0.012874330185185445 0.06484338082463381 -0.16792669369515514 -0.02275436424237185 0.9878055082184477 0.1540211571220559 5.994564184278491 -0.062069729517786235 -0.1551596904984486 0.9859375330729696 45.578510657627426
0.9972223450110674 0.011697165847459317 0.07355794261507187 -0.12417154438815042 -0.02294842649888993 0.9877994279171408 0.15403136020886166 6.067116868366101 -0.07085876326785723 -0.1552915532722371 0.9853240934588195 46.11814576817339
0.9953804941599612 0.007519762527245447 0.09571376608097161 -0.09468691030551529 -0.022063045850852225 0.988163316031851 0.1518106809704667 6.084224995829465 -0.0934392522104727 -0.1532211278527457 0.9837643986879576 45.904338061045756
0.9929429749487168 0.002618009317265803 0.11856388373870283 -0.09203012070976731 -0.0203363086344334 0.9887063045521554 0.14847989052374472 6.070151337167998 -0.11683613760782674 -0.14984321594931427 0.9817822200380545 45.466363409664076
0.9909553943837672 0.0027834948591180767 0.13416280594143717 -0.015240569188441508 -0.02253792156983007 0.9890351633983492 0.14595029171916932 6.14003270197323 -0.1322854808095835 -0.1476539796888918 0.9801524645936511 45.99285416291393
0.9888312803039175 0.001027789530500616 0.14903570961750945 0.06888554848574983 -0.022860595140937207 0.9891887441756386 0.1448551745227732 6.208290843636865 -0.14727556580205622 -0.14664437270110944 0.9781642682457693 46.48565941822121
0.9860872423850681 -0.0009921815615798865 0.16622564778384685 0.17174034861606288 -0.023527042023468035 0.989082691817153 0.1454713272138489 6.286312347890033 -0.16455524512769765 -0.14735821769918894 0.9752984809674836 47.05928972452652
0.9838198668357069 -0.0030584998889531785 0.17913434957539426 0.2624211295824232 -0.02331553335796037 0.9891657690879094 0.14493952935261087 6.3782422729384445 -0.17763686420223748 -0.14677100136999732 0.9730896246663219 47.47972148508761
0.9835690016755113 -0.005754413513927566 0.18044086474007887 0.3610351525605882 -0.020882470414478015 0.9891564055233556 0.14537375224400453 6.49800615031788 -0.179320777860306 -0.1467531673839562 0.9727834119115881 47.92172749551992
0.9847226470387694 -0.007540327789866178 0.17396681254129925 0.48334468831180244 -0.01851219665900551 0.9888667879925819 0.14764746587764616 6.645282737223266 -0.17314331342508305 -0.14861231127350696 0.9736199330098626 48.5414065654518
0.9833826970295275 -0.008962539784823047 0.18132331362386048 0.6019415477172312 -0.018409382604617188 0.9887092909223473 0.14871123923881527 6.761670244827515 -0.18060887523886604 -0.14957810977690808 0.9721146142613629 49.11181079085168
0.9794415223186609 -0.009493188811283942 0.20150479826618564 0.7247601344169559 -0.02095802200856774 0.9886980577664517 0.14844834752307692 6.8357236973413364 -0.20063665086815846 -0.1496196174805868 0.9681729723522398 49.682416655314114
0.974082771200565 -0.012713177184647139 0.22583429760799842 0.7018207611885994 -0.020962889643669005 0.9890482567417067 0.1460962117714749 6.8353313962976685 -0.22521836538793558 -0.14704394228277487 0.9631483618477089 49.366428792778414
0.9587960019419768 -0.025570068122808286 0.28294239391839854 0.13643795765800082 -0.014823669102616248 0.9900817727374644 0.13970806035219807 6.579495200782994 -0.2837084515738217 -0.13814577412730442 0.9489074030675234 46.355610824582115
0.9411079738328876 -0.03711989873216845 0.3360623375302094 -0.5705271988433959 -0.008806405288993168 0.990926693896987 0.13411463211846134 6.353271880994861 -0.33799146263484375 -0.1291758508410058 0.9322421202377952 43.537020458375984
0.9373798171911035 -0.04059079687655198 0.34593563784568065 -0.5898847920774041 -0.006345320268808707 0.9910314878384304 0.13347781472376066 6.396701801278577 -0.3482510807355202 -0.1273144819793523 0.928715353294469 43.38720361982122
0.9317942224076151 -0.04142999980819462 0.36061486686446864 -0.3645008669809767 -0.008238715307135182 0.9907953076732983 0.1351176593294122 6.496828392132962 -0.3628934425666487 -0.12887285753200362 0.9228760133049623 43.9348768412706
0.9180873046574413 -0.04409273398690975 0.3939181791138758 -0.15022967074377752 -0.010726699969493794 0.9906659723302519 0.13588917975585027 6.5531391672754555 -0.396233061385085 -0.1289835728940431 0.9090448828242139 44.37441780927915
0.9004451391112311 -0.04730493582652342 0.4323896327358016 0.10247964838029328 -0.013650251558374519 0.9905058428796765 0.13679124918506874 6.614425540026318 -0.43475535888973954 -0.1290752426597253 0.8912504472082945 44.84142430517945
0.8734814909122833 -0.05571972257138602 0.48365834795878376 -0.14718095118415275 -0.011063845524534889 0.9909009458356383 0.13413764148904614 6.6004610624486855 -0.48673162662381175 -0.12251786832377723 0.8649171611117068 44.111028365983046
0.8441911610268493 -0.061424205745006774 0.5325113619376887 -0.47183383668425644 -0.010175776795045725 0.9913977230297285 0.13048757924830875 6.578970633134205 -0.5359456476274015 -0.11557517778511665 0.8363041558363689 43.3294383970743
0.8338687383961801 -0.06329163745237817 0.5483220730138046 -0.19099450540710428 -0.012435192698862587 0.9909977526260495 0.1332997384568234 6.679225807797705 -0.5518227007908444 -0.11797297537449876 0.8255750020277887 43.72162562753595
0.823399758083355 -0.06542921771068219 0.5636770847373852 0.09929300151104598 -0.014359894258319945 0.9906099524367021 0.1359621843390323 6.782375582859003 -0.5672800294608997 -0.12004557302591079 0.8147284385436161 44.10181106772435
0.7958029003898592 -0.0652514914520391 0.6020298884560215 0.36382024976665434 -0.019826297118513997 0.9908369493160645 0.13360036606461895 6.838519471987313 -0.6052310812191108 -0.11825558225012575 0.787217222622211 44.39346083328855
0.765219901785671 -0.06422196601826315 0.640557601618991 0.7019878722385232 -0.026193087178172522 0.9910816993457838 0.13065598878714607 6.8975335346675255 -0.6432359008133813 -0.11675874400925716 0.756713269080288 44.733246608142466
0.7296034142667661 -0.06559273915395439 0.6807175996406704 1.0561530704971487 -0.031208405989573636 0.991159115499979 0.1289559737153972 6.950485732156033 -0.6831580295113754 -0.11533082992668339 0.7211060299169292 45.05906754018362
0.7064027020554703 -0.06731945646255165 0.7046015280357502 1.312429322148336 -0.03203739424998122 0.9914055826497179 0.12684075078870227 7.014704198911331 -0.7070847388385634 -0.11217424603070451 0.6981748424492547 45.27277911969426
0.681002478707966 -0.06945320941963815 0.7289800242084242 1.5515325417086727 -0.03344929146855552 0.9915026209276921 0.1257127582776136 7.073613313715162 -0.7315167591339623 -0.10999456529677269 0.6728925818519003 45.442203080601466
0.6359505285021018 -0.07131723262077544 0.7684274706367595 2.0319785539097874 -0.04102278947250257 0.9911890499944103 0.12594204188859928 7.1406062144328555 -0.770638732508164 -0.11161594645250823 0.627421568369879 45.811132904999994
0.5893189247856105 -0.07222233074271223 0.8046658560120584 2.52699964317888 -0.048267333512720834 0.9910696645062008 0.12430279406004997 7.206866514780197 -0.8064573574623157 -0.11209306418174908 0.5805701297494065 46.13439527153104
0.5685358169626902 -0.07680844652098197 0.8190650080265891 2.8136191425730415 -0.059010619056269566 0.9892594077811879 0.1337294692840964 7.298413991484363 -0.8205393175644662 -0.12436352624239841 0.5578968916129521 46.31539017011672
0.5708423365626745 -0.08915490157599354 0.8162048948105113 2.495673879367267 -0.0910617250280796 0.9810797493176096 0.1708516541149181 7.367400299605361 -0.8159943559992153 -0.1718543831383655 0.5519232573225694 46.10959742609879
0.5712607644118171 -0.10248219833682526 0.8143454660447704 1.8262993010417938 -0.13988065210437448 0.9655028749819861 0.21963060253154804 7.363905795405676 -0.8087611156642476 -0.23937752071898385 0.5372186336715723 45.68168467413134
0.5758881471663506 -0.11343077051006908 0.8096210856041214 1.5804912681470051 -0.1658378204918919 0.9535293845344619 0.2515542289921316 7.410093894872097 -0.8005314854818664 -0.2791328951070061 0.5303151587701169 45.517339577417985
0.5821325515747449 -0.12397091020003448 0.8035875221911104 1.4437732260441178 -0.18467791173938222 0.942319142397064 0.27915712920797703 7.47448439444458 -0.7918432681488521 -0.3109113174141998 0.5256599579491563 45.4149911643845
0.5884784125675951 -0.1350040531187909 0.7971618804128923 1.2589026256980744 -0.20517803731150722 0.9287477825601376 0.30875480465026256 7.522219362303935 -0.7820454788226309 -0.34525564735587283 0.5188481541086527 45.27824517434342
0.593592323625477 -0.14551593589027764 0.7915006416515908 0.9587031632508307 -0.23328008636577652 0.9101767137079598 0.3422846054512982 7.524967457659703 -0.7702133176192684 -0.3878188523341171 0.5063279403076285 45.072337091791596
0.5970421697167152 -0.15602126723108822 0.7868913595608726 0.3255762577631155 -0.27787280174280304 0.8799579632500739 0.3853059679843833 7.390099847570249 -0.7525472434548935 -0.4486996178785794 0.4820179449813615 44.66697031894715
0.6032246227642908 -0.16579078165220723 0.7801496466768575 0.03191549391973375 -0.3031432931109028 0.8570888801250289 0.41653666754308377 7.363045509201184 -0.73771552669898 -0.48776230715910235 0.4667587528714091 44.46476480163596
0.610871012078046 -0.17219496549533986 0.7727777820698515 0.29667312925332967 -0.30439039370994714 0.8499631551333007 0.43001060816326897 7.5850517295208695 -0.7308783037003111 -0.49790714874753494 0.4668033594633321 44.58640707883777
0.6169739997324816 -0.1787520809637547 0.7664142334307392 0.33328393344221724 -0.31723550111978566 0.8347456847549469 0.45006808219676053 7.698960563662016 -0.7202115803591189 -0.5208141082326005 0.4583098779019482 44.580306359266714
0.6221928459050964 -0.18718172181280152 0.7601572636788445 -0.17064178455946316 -0.3524720541213579 0.8000326664396195 0.48550096157781175 7.5327134389821415 -0.6990275485043381 -0.5700094171579136 0.4317982755677794 44.25699107739213
0.6290745062880171 -0.19408444227188093 0.7527260423331297 -0.9127438068085809 -0.3953456336332494 0.7538625736692991 0.5247790487317703 7.210354346290211 -0.6693034405302345 -0.6277120751496742 0.3975052895316962 43.81492294819567
0.6369219288917382 -0.200734161810328 0.7443361154607027 -1.3084835529471643 -0.4202922990775012 0.7189912030378444 0.5535395498881159 7.058260333870559 -0.6462854166952654 -0.6654002150859999 0.3735742415243979 43.56657279640657
0.645416426698153 -0.20655158500431567 0.7353734281848838 -1.7403755592490102 -0.44456496958841 0.6812982809589606 0.5815450456991423 6.862751795577881 -0.6211277034258258 -0.7022599910962937 0.3478955029062457 43.30575068514045
0.6559869620494156 -0.20876494537519857 0.7253263425546218 -2.783077908630841 -0.4893616223514203 0.6139958597811067 0.6193014506209731 6.219008677502518 -0.574635804828381 -0.7612005529124016 0.3006117264098149 42.77316072602041
0.6649614727144045 -0.21204853097299245 0.7161436031395391 -3.2501993863119334 -0.511229223506788 0.5697986502993031 0.6434082523170922 5.945578902052104 -0.5444914332091306 -0.7939552371697565 0.27048874381862703 42.52325384585379
0.6711832071285845 -0.21769349680328082 0.7086061274912481 -3.0289664501647793 -0.5099764173251746 0.5581519385681342 0.6545154446190014 6.198421337081045 -0.5379936395913647 -0.8006721894272272 0.26360365861847096 42.54748904312852
0.6764485933180123 -0.22257427318230452 0.7020526999559553 -2.76547060823017 -0.5079861247821822 0.5491988811141094 0.6635741752146382 6.488678048994572 -0.5332610970498972 -0.8055068478295978 0.2584401680713764 42.589167059897626
0.6818502157799193 -0.22693116003815322 0.6954009863701739 -2.513091563673187 -0.5060168955156167 0.540169942615778 0.6724309143303869 6.7747060424395755 -0.5282302383370447 -0.8103818122947977 0.2534839908321314 42.62674431064989
0.6890338988074004 -0.22987015566405897 0.6873077897341549 -2.62895516364734 -0.5149814086345752 0.511983670552327 0.6875077234828059 6.745716568339881 -0.5099278724045369 -0.8276668608943714 0.2343952480794678 42.52551324521343
0.6978861632550242 -0.23144226793379022 0.677782693605289 -3.0493584035409786 -0.5317507411574133 0.46651878859791324 0.7068248504146365 6.437670472124225 -0.47978750756529714 -0.8536947326174591 0.20250740995203415 42.31416651231143
0.7074750128764637 -0.23146699286002193 0.6677590414002504 -3.5491224063369025 -0.5484618163470651 0.41607516492347185 0.7253075851962254 6.035223818227891 -0.4457227189236847 -0.8793773299046547 0.16741197533340954 42.09142014453979
0.717539873378883 -0.22963416374897638 0.6575748481737425 -4.1258219155147655 -0.5647131459133709 0.3608421019612417 0.7422210184876288 5.5319981949524095 -0.40771999330917924 -0.9039143368104618 0.12924116513116904 41.86887237204477
0.7254243645278243 -0.23025192471880482 0.6486474716767835 -4.206154785336423 -0.5678913498543849 0.33227196421793465 0.753056941110907 5.517098466107479 -0.38892017961268543 -0.9146471412288114 0.11028010215807511 41.781413609882904
0.7284002545447723 -0.2310988073648772 0.6450010933429787 -3.800372444543241 -0.5638191953127148 0.3326963777705165 0.755923961265481 6.011738753505246 -0.38928265332021955 -0.9142792032267305 0.112038182647975 41.82153053757586
0.730983826515812 -0.23080092191541102 0.6421787755876811 -3.3045913152317485 -0.5606122202348062 0.3334421549575114 0.7579777488954988 6.603668789072364 -0.389071438036383 -0.9140827444713543 0.11435100508528152 41.89052038456848
0.737892850276145 -0.233344300480432 0.6332965963469563 -3.055292167700489 -0.5551563991277542 0.3237692570646919 0.7661428330848489 6.93772877820833 -0.38381703195513406 -0.9169099768314612 0.10936443831555435 41.879390660300785
0.7472596133036 -0.2340077015090594 0.6219674155128996 -3.1484047310276333 -0.5546001263924326 0.2960035457132461 0.7776892700369978 6.897016579114859 -0.3660898388795398 -0.9260789904536373 0.09141079427244798 41.790136486091576
0.7583015041017956 -0.2323610740660814 0.6090871531528195 -3.42663387813304 -0.5557334537478885 0.2580173367008292 0.7903084096397107 6.639928189203807 -0.3407919559825219 -0.9377821629891788 0.066524112297266 41.66926815084806
0.7640958352576239 -0.2294154315960562 0.6029312682947732 -3.3533998937046228 -0.5551107192605561 0.24232153653183414 0.795696149478476 6.781014554574834 -0.32864820690820307 -0.942681723954825 0.05780591161444509 41.641992411237744
0.7648122408467743 -0.22599268179585466 0.6033154597933389 -2.909206704520765 -0.5538512172128476 0.24773702416659926 0.7949057780950641 7.361431241135469 -0.3291064652096309 -0.942100671176807 0.06430598669973853 41.692637781650774
0.7670504793444296 -0.22568052879961314 0.6005845994181026 -2.4736814727030936 -0.5513299089082431 0.2468934747052822 0.7969184046633478 7.942470932310771 -0.3281293855793852 -0.9423968967842977 0.06495533273424378 41.72540672890924
0.7742698833425797 -0.22464482869820332 0.5916425007450173 -2.4404743265180473 -0.5494687247890191 0.22521028589590567 0.8045896144031494 8.041108131211681 -0.3139908728409043 -0.948058557297931 0.05093823423292257 41.67011544980521
0.7845791334646998 -0.22153310871545961 0.5791016016854383 -2.6613491532735467 -0.5478842213008829 0.18954986268700802 0.814796741282669 7.822958474192034 -0.29027308414887837 -0.9565531513189405 0.027342372254392212 41.57301894688421
0.7906228260565498 -0.21998501313497162 0.5714211589662709 -2.6110333035449464 -0.5457470282623522 0.16996292520413653 0.8205320135124892 7.939268197488297 -0.2776251574716563 -0.9605827387851891 0.014320401069067156 41.51129484774741
0.793873815019398 -0.22098807944742543 0.5665056350723092 -2.285815359381395 -0.5415364198785491 0.16682277494737727 0.8239590206460367 8.423097418368418 -0.2765911635820394 -0.9609029245980004 0.012763139399801733 41.47523272725643
0.8004042857081651 -0.22145609873946398 0.55705491268913 -2.1172748415472467 -0.5348393550885588 0.1558748722907882 0.8304516171558585 8.705051934257328 -0.2707394387015909 -0.9626319236963954 0.0063194787855166855 41.419303908894896
0.8105867419913035 -0.21781241127515857 0.5436054517776847 -2.266040117919624 -0.5287941779822154 0.12665022087704156 0.8392475432695083 8.555943580021747 -0.2516462815938935 -0.96773832984247 -0.012516945061371661 41.33959306807186
0.820210648683113 -0.21068207306613548 0.5318529457240768 -2.5311907770460835 -0.5254935917031063 0.08993822589190945 0.846030496260259 8.23161919633175 -0.22607736920309343 -0.9734085368497477 -0.036943788682768514 41.25700277397869
0.8273726313609322 -0.20792907386499837 0.5217470930599676 -2.4955326583807014 -0.5192270640300818 0.07102143512841076 0.8516802285664483 8.339924935887064 -0.21414430847814825 -0.9755621230828616 -0.04920121088419427 41.187268008792344
0.8272801762925794 -0.21057716618328448 0.5208308429764233 -2.250613311464444 -0.5180563277633109 0.07266900011176151 0.8522539866067775 8.736158287513762 -0.2173134859545258 -0.9748725421843462 -0.04897321020025338 41.11427278086886
0.8275142994807326 -0.21320232866201186 0.5193889209523085 -2.0005360279969793 -0.5165387484108438 0.0734181975351976 0.8531104791648249 9.143254746414625 -0.2200177391599763 -0.9742456237129185 -0.04937265570287601 41.04138781537392
0.8318534266759383 -0.21494328633040807 0.5116827730039177 -1.6775569809076334 -0.5094716664458702 0.06994359111043129 0.857640084855786 9.691089631585248 -0.22013290898083152 -0.9741187184958804 -0.051324698338871995 40.96449894865058
0.8360984552744727 -0.21621496615097535 0.5041730471772253 -1.3924141781831558 -0.5029506817349728 0.06484307133078958 0.8618793348507153 10.186639857488082 -0.2190433400721481 -0.9741901582918595 -0.05453027285201164 40.89206877329837
0.8408148314060075 -0.21622333721045514 0.49626392951055437 -1.1748461142519084 -0.4966004634436996 0.05677181339673926 0.8661206272287618 10.582403550365733 -0.21544929564792237 -0.974691966545952 -0.05964202675626287 40.81923707320364
0.8453414127253015 -0.21631004734607448 0.48847503451939683 -0.9380211544400988 -0.49014760499660975 0.04965387391630007 0.8702240045650239 11.018852439356477 -0.21249287340443843 -0.9750612576767876 -0.06404937571969274 40.74175926653885
0.8494678442289503 -0.21754097533783054 0.48070812939878715 -0.6365231778026659 -0.48310707289581933 0.04565948046682508 0.8743699262677833 11.573663766354093 -0.21216017001088952 -0.9749826336363951 -0.06630932338959332 40.65990403911557
0.8533702475748083 -0.21847305568883932 0.473316748586068 -0.3547016348486038 -0.47656458302183163 0.04106335040344138 0.8781799356981843 12.103369747139977 -0.21129462549561911 -0.9749786280691599 -0.0690742791858214 40.580350480507065
0.8572859280568589 -0.21959303580868983 0.46566053749486774 -0.05869092032368295 -0.4696002454804634 0.037226485125092725 0.8820939849301292 12.6699440986323 -0.21103660109178823 -0.9748810632223557 -0.07120720167280113 40.496038725274914
0.862464167621534 -0.21881849760307914 0.4563704905837154 0.12887529926569066 -0.46199297419330604 0.02785603477088413 0.8864460125257837 13.056143307240578 -0.20668345692123874 -0.9753678826133093 -0.07706777667425042 40.41408138097872
0.8677229064968962 -0.21683346830928465 0.44725854330749265 0.25258615923458283 -0.45499725362238486 0.01571246028840601 0.8903542091705792 13.330780111437281 -0.20008612329859735 -0.9760821510573008 -0.08502457086446841 40.337333947838374
0.8713186980946845 -0.21634941821884135 0.44045051434519594 0.46864490704407125 -0.44936072924820497 0.008878255126591954 0.8933062809559907 13.780247770692016 -0.19717672621306181 -0.9762756300462853 -0.08948314264498908 40.25362158010287
0.8742048949957935 -0.21744355350595088 0.43414755856055864 0.7408230854499316 -0.4434756810645611 0.006537749401236715 0.8962625609368529 14.345113423479592 -0.19772486406548181 -0.976051002187625 -0.09071559545533311 40.15777887175244
0.8771781536741888 -0.2190122204879795 0.4273080083425307 1.0275732960755428 -0.4369105751339019 0.0050734240670527 0.8994906390309982 14.950408461509946 -0.19916735689590104 -0.9757089256766873 -0.09123845845881279 40.05648163219808
0.8787535092885846 -0.21839498842859514 0.4243770716500433 1.2981890430795728 -0.434584593174848 0.0014374464384200626 0.9006298713249432 15.529534015362035 -0.19730306963664968 -0.9758593970326902 -0.09364793609549084 39.957212521810064
0.876469696001122 -0.2204424582755013 0.4280256938329164 1.4501346325035838 -0.4383963097734059 0.002084792254556808 0.8987793551357923 15.834105067579866 -0.19902147514465907 -0.9753977528325072 -0.09481390299178105 39.863034351324075
0.872833351826327 -0.22396522275371633 0.43359141935293477 1.4903202388970582 -0.443821853204729 0.005174014075293505 0.8961001016606707 15.886625591147169 -0.20293866698471957 -0.9745834025752863 -0.09488460816822947 39.80134187857144
0.8724085631172729 -0.22437188492648003 0.434235599938776 1.604587834921335 -0.44504129207998677 0.0026864310094757747 0.8955060197632413 16.11719751053834 -0.20209291759838305 -0.9744998924284011 -0.0975110881572125 39.73118672398283
0.8739327231344569 -0.22258386596587834 0.4320856605425268 1.8570521215521785 -0.44378128917151405 -0.0028294138788672895 0.8961306611194412 16.65037704183728 -0.19824167779772614 -0.9749094404244846 -0.10125127236315007 39.63181903350644
0.8729209318587421 -0.2244328916945953 0.43317308763179513 1.9575255790104018 -0.4451001504020667 -0.0028562206682353677 0.8954762409553633 16.847434936370906 -0.1997370842756021 -0.9744853611671611 -0.10238836865574551 39.552460344610914
0.8690906847212472 -0.22787854945291666 0.4390361584539287 1.906541300462016 -0.45079882930106463 0.00048175958636914004 0.8926254440741009 16.707435511944897 -0.20362170127847062 -0.9736894446418382 -0.10230869054741124 39.50918364229638
0.8676843966196547 -0.23053114547265624 0.44043067426082594 1.997648258978963 -0.45210207213666564 0.0024546669206453116 0.8919628304924132 16.874672294774047 -0.2067063236393953 -0.9730618508488397 -0.10209373237428487 39.44721697083129
0.8701268257805606 -0.23189606742700733 0.43486034651245264 2.210962162790651 -0.44602625767605913 0.00475962325894685 0.8950072197753036 17.312526695282227 -0.20961842600432753 -0.9727289241604354 -0.0992902592460446 39.3825455431246
0.8695052250915262 -0.23269080514682083 0.4356783822255284 2.4660028101277405 -0.4460663786467361 0.008835972480737473 0.894956262300735 17.819375389793464 -0.21209773544174546 -0.9725106245128841 -0.09611262055546968 39.31416409185625
0.8700339682187622 -0.23425833023241008 0.4337786634474224 2.680414637492168 -0.4441244003455037 0.009499752920926521 0.8959147681069802 18.255976733427858 -0.21399628773241938 -0.972127969668171 -0.0957747327095168 39.2603833093106
0.8722462623358134 -0.2343465643163817 0.4292646568660251 3.0333930719319646 -0.43952893146535477 0.009300678847801006 0.8981802802210085 18.99676749004763 -0.2144779155207418 -0.9721086282746768 -0.09488961264437627 39.203911699077864
0.8723552885381689 -0.23613511341971255 0.4280612792226627 3.3422987317290307 -0.43819523385394166 0.010533367745051224 0.8988181046194121 19.63576238783088 -0.21675144194946638 -0.971663139351392 -0.09428444218756535 39.12817795920113
0.8701211113355448 -0.23964111885669015 0.4306522794103208 3.438245558954423 -0.44065678732959185 0.013022051343103858 0.8975812063313137 19.816301630818813 -0.22070534064348063 -0.9707742066680218 -0.09426872376092806 39.05687479924362
0.8670849711667364 -0.2434420254465106 0.43462585406677656 3.471669433304138 -0.4444327394537795 0.016099605619538722 0.8956675403298368 19.860099135424743 -0.22504042498712112 -0.9697818223422171 -0.09423388019295602 38.99165715898072
0.864115847007695 -0.24669696418386472 0.43868486503711723 3.502545514313327 -0.4482779393453723 0.01899204409047996 0.8936924478574985 19.89820233072985 -0.228802736099104 -0.9689065538656069 -0.09417748048144957 38.934972296709894
0.8612272782739607 -0.24938368741228994 0.4428265479953411 3.499082224732679 -0.4521706144886222 0.021779660871292215 0.8916655100234107 19.863906688119936 -0.232011444868143 -0.9681598126471562 -0.09400673712674092 38.892721802112604
0.8610284150127557 -0.24996395210021752 0.4428860927948142 3.618602919348749 -0.45133749018480535 0.025732217985874162 0.8919822436075754 20.106459190059514 -0.23435984829807793 -0.9679131549927211 -0.09066193191044727 38.85020499439934
0.8612938330801727 -0.2506930429700246 0.44195693376672784 3.81086613472495 -0.449556041048512 0.029380628597944856 0.8927688080460551 20.494599411916433 -0.23679590168507528 -0.9676206781945159 -0.08739521769258003 38.79293394812095
0.8608083070106066 -0.2514934822925629 0.4424478352821812 3.996011172096844 -0.44960206502508926 0.03156798358296367 0.8926709615181153 20.876950055995252 -0.23846811465414822 -0.9673440395106913 -0.08589800647529756 38.73990677324342
0.8625402180509557 -0.25051055166678243 0.4396235159181191 4.336051323281901 -0.4466422471700242 0.03133035338795801 0.8941639178581811 21.582053167120336 -0.237771056454557 -0.9676067757411507 -0.08486490589339152 38.68220707826205
0.8636750335481012 -0.2509858229042865 0.437117321924834 4.713807924370794 -0.4446991963102632 0.028840750399548847 0.8952155248415835 22.356126751372507 -0.2372931967560123 -0.9675610202036067 -0.08670415766192369 38.61812225954428
0.8632878616553554 -0.25265803922792934 0.436918737446697 4.964475291821496 -0.4445825788332749 0.02911118636312173 0.8952646923823594 22.86374398571285 -0.23891504455867438 -0.9671176009369409 -0.0871960288172419 38.55268280461046
0.8610667907279318 -0.2554390875564012 0.4396758515700483 5.019725674871688 -0.447098104575357 0.031543623240160544 0.8939285680176019 22.956166553079438 -0.24221326716474037 -0.96631044306746 -0.08704516544958983 38.500368521264676
0.8583820115440373 -0.25820451349979057 0.44329533210484184 5.047584881856611 -0.45045009358860666 0.03418347206126651 0.8921469629068105 22.989061169395292 -0.24550974612756593 -0.9654853284468735 -0.0869657697614722 38.45241361677924
0.8553801505685855 -0.26073665686697894 0.44759489918796924 5.036161920965783 -0.4544864129569757 0.03680946245991494 0.8899927886847775 22.93914034285145 -0.24852947199629902 -0.9647079657799231 -0.08701518436455659 38.413113770743756
0.8520099938214292 -0.2628965983569765 0.45272988525248886 4.942297431198752 -0.4593256135335256 0.0395466939761387 0.8873871983230327 22.720830319648726 -0.25119504609058707 -0.9640131936689882 -0.08706096284592747 38.38926285262918
0.8483859459369039 -0.2643985828791987 0.458622585693519 4.787455746398855 -0.46494766523444203 0.042066817717309544 0.8843381996952147 22.38407932904984 -0.25311055949876854 -0.9634956005185515 -0.08724260685932385 38.37551732889251
0.8447314438485128 -0.26575210758214113 0.4645477425294953 4.625467630660432 -0.47060761943294754 0.04451941519376998 0.8812187527523758 22.038575378037816 -0.2548671346118502 -0.9630128965836593 -0.08745801683259552 38.363394774937966
0.8431816868863948 -0.2665768071491354 0.4668848346108274 4.736545183318405 -0.47234393025003935 0.0474548571671659 0.8801359259155281 22.23325616070077 -0.25677977812778363 -0.9626447124569955 -0.08590287028516577 38.33225931598083
0.8431245049011279 -0.26661070661913255 0.46696873594628147 5.06020080386954 -0.4715872402948294 0.05062165789744302 0.8803652211115652 22.837616160027252 -0.2583535252833389 -0.962473988670736 -0.08304984711551543 38.26263155334051
0.8409905802538398 -0.2692102038398044 0.46931941156618934 5.136551501219812 -0.47365302172113277 0.05293288018325135 0.879119403272354 22.964603334644917 -0.2615103419345863 -0.9616256945111397 -0.08299617290706612 38.21053988544936
0.8371744654721014 -0.271682939428562 0.4746865226493699 5.025871562544931 -0.4786372990758376 0.05604983479104499 0.8762218622890426 22.728470311428648 -0.2646606323102901 -0.9607532443053981 -0.08311409785207881 38.181046569341696
0.8327967489640289 -0.2735648445987359 0.481260688935433 4.781989403834337 -0.4848311747966638 0.05916123837176953 0.872604538046646 22.244499453089468 -0.267185903183955 -0.9600324076165263 -0.08336347800917648 38.170593474856844
0.8283567295053212 -0.27501073900265965 0.48805145437387354 4.5212766168242515 -0.4912846078191162 0.06201442432306422 0.8687886079455066 21.738366539541587 -0.26919242709121716 -0.9594390572668418 -0.08373847734255845 38.163796169965714
0.8239498288573321 -0.276172383113161 0.4948085431068911 4.24722167719314 -0.4977081675650524 0.06476022829014928 0.8649235184516838 21.218022642324858 -0.27091190351294153 -0.9589238382882139 -0.08409407171489497 38.15912198967693
0.8188411844630203 -0.27691971051278097 0.5028067109304621 3.892353699831641 -0.5053598799435747 0.06764297452504114 0.8602533462537737 20.561661132087078 -0.27223244915073663 -0.9585092080553622 -0.08455525827806212 38.16314883245523
0.8135524137301976 -0.277928820838664 0.5107720045783569 3.5203139913805237 -0.5129432419216816 0.07073998533772088 0.8555028258523105 19.88928350566924 -0.2739008957280704 -0.9579934368364139 -0.08501102456571322 38.16721618438964
0.8109161477259874 -0.277761681722731 0.5150373282819396 3.536447332408544 -0.5166084622222356 0.07355197664767402 0.8530567410738816 19.894389749845416 -0.2748284885480689 -0.9578301284141021 -0.08384954969827879 38.142691401954245
0.8098102221795832 -0.27792817358535576 0.5166849469269992 3.9685863859247412 -0.5177055322476521 0.0758180454982346 0.8521928219933547 20.595207214917437 -0.276022437373529 -0.95760511397148 -0.08248672476247762 38.08440650167675
0.8082484007534062 -0.27986949515742027 0.518080677462387 4.261287459894288 -0.5186619158143893 0.07819445418908616 0.8513961735982922 21.061353329808966 -0.27879085308399826 -0.9568483124374507 -0.08195710599023938 38.02574067324586
0.8053700484215696 -0.28232141408039374 0.5212232767798067 4.278578795736021 -0.5213837881533203 0.0809644769787539 0.84947260045186 21.072387501798065 -0.28202487577574936 -0.9558971558798568 -0.08199144360523196 37.980779917416164
0.8013630049733027 -0.28485603703560747 0.5259984528727445 4.205618153788737 -0.5256497104306855 0.0843457823169088 0.8465094039226501 20.93056748792532 -0.28549906511981726 -0.9548522541051643 -0.08214290380789785 37.94303864333176
0.7967669138352353 -0.2875729968652094 0.5314736649086486 4.097744747597304 -0.5305929286049634 0.08797556588685135 0.8430488977048077 20.732790630714224 -0.2891947944411816 -0.953709636776753 -0.08248817846984272 37.90647866444861
0.7917023642012949 -0.2902556293412914 0.5375491011561307 3.9339275782108136 -0.5360802860903278 0.09188188609345739 0.8391517418638988 20.44712061739753 -0.2929595422296165 -0.9525278938926643 -0.0828572143691436 37.875365617476334
0.7874666003859764 -0.2920874035603554 0.54275344490654 4.052388870239254 -0.5407562519013769 0.09515897844154277 0.8357795432119234 20.605683527475996 -0.2957685400885666 -0.9516457941394622 -0.0830135723273388 37.83318623084709
0.7850318551228702 -0.2938629659520642 0.5453160035100693 4.367015551041705 -0.5426774983122992 0.09824403291172058 0.8341757865238834 21.06694369051554 -0.29870741414943713 -0.9507852897679326 -0.08234812379805845 37.77427397684946
0.7826716562677806 -0.2960228052446408 0.5475359141190063 4.627341561162654 -0.5445816938411928 0.10032015686973558 0.8326864024701516 21.45189877241064 -0.30142305354451665 -0.9498980813227913 -0.08269085736146875 37.718756383624
0.7767580115566447 -0.2957561910873186 0.5560353108536197 4.396992037847659 -0.552621141116647 0.10340963898070654 0.8269923342793501 21.07899818944975 -0.3020875136007706 -0.949649789132497 -0.0831168582605433 37.70815283048012
0.769495537285528 -0.2971667856788215 0.5653039178945836 3.903944478491727 -0.5614021192153933 0.1072511290493735 0.8205637427147833 20.31492630497138 -0.3044737733173657 -0.9487829555841242 -0.08430079806819019 37.707345707633785
0.7658103919695834 -0.2996974135791475 0.5689603710675766 3.9599748755075783 -0.5646342341675039 0.1100734829472443 0.817968220628364 20.380904555299313 -0.3077704098146245 -0.9476630670474746 -0.0849240024769576 37.65649655838501
0.7639935150065055 -0.3015071295364645 0.5704448789030172 4.223658683067953 -0.5659258155893584 0.11151130206411591 0.8168801630358504 20.752864488521322 -0.30990624433450253 -0.946920630438814 -0.08543675656201434 37.60752591298125
0.760053849716625 -0.30335116600819145 0.5747140294201978 4.237567263034702 -0.5697642535389502 0.11427304352632661 0.8138245307880717 20.758706899777632 -0.31254894163975755 -0.9460019775902662 -0.08598498400980785 37.57290766458875
0.7538255851980755 -0.3060051086648386 0.5814704296624125 4.026704958587845 -0.5759052020306293 0.1183660104819052 0.8089021484930358 20.43648133988863 -0.31635452482117377 -0.9446429807253168 -0.08700260680894532 37.54385825779036
0.7466801564100957 -0.30896420536758373 0.5890754313540536 3.91469803492709 -0.5829923109292101 0.12245592108231944 0.8031964347463777 20.25846542942726 -0.320294722748918 -0.9431572865611823 -0.08868834977456658 37.5000575297712
0.7427364608776807 -0.31089058388003876 0.5930342271215193 3.9339314913129373 -0.5867420129498626 0.12453318198032218 0.8001407981257995 20.2814440724165 -0.32260867924225567 -0.9422518407732502 -0.08991723214703191 37.463965357669345
0.7404608993412483 -0.3126428389679749 0.5949555544650261 4.159672241743383 -0.5885335954684365 0.12587393680262624 0.7986137733841032 20.57873800298646 -0.32457027521283677 -0.9414936044795247 -0.09079608566678615 37.40975912690925
0.7398392030753288 -0.31331005983160093 0.5953778296184473 4.359567371484926 -0.5887094059828777 0.12688462969905737 0.7983241985894033 20.838063834305895 -0.3256672978672276 -0.9411360672901904 -0.09057435589286342 37.37179422913022
0.7425762164024302 -0.3136703361113046 0.5917697889190223 4.825229243964789 -0.5848293780512802 0.1269544157257346 0.8011598934643964 21.468767101376827 -0.3264278808582316 -0.9410066400252194 -0.08917029789591369 37.31917841787263
0.7449743251688351 -0.31398976902295567 0.5885776752376372 5.265052798477911 -0.5812498990861509 0.12743807800817258 0.8036840741771081 22.081048153693516 -0.3273557845091026 -0.9408347151452735 -0.08756842539372559 37.26492633918756
0.7466811359700628 -0.3131017377983791 0.5868854939203078 5.650312710516602 -0.5792060386968179 0.1278133858064579 0.8050988157647626 22.620979091287904 -0.32708966037401566 -0.9410797204255965 -0.08591457315314348 37.22008970082177
0.7488543532096341 -0.3119502004515482 0.584725773433334 6.084764974310894 -0.5766934247740365 0.12802278114152582 0.8068673133366936 23.233926680845258 -0.32656063985325057 -0.9414336088896663 -0.08402921248951523 37.17021276769681
0.751269565876943 -0.3122229229577295 0.5814730309883621 6.536633564949608 -0.5729408229800393 0.12881112620422586 0.8094112101576966 23.865220371169276 -0.32761692988918645 -0.9412356453862786 -0.08211337956906666 37.12519588426154
0.7540309417160966 -0.312737523644266 0.577609366474939 7.01868209200577 -0.5689438976830764 0.12847412408698317 0.8122790411732069 24.544209757496006 -0.32823799326695424 -0.94111085465259 -0.08105664088246393 37.07721464183377
0.7576461353227011 -0.31312223034808107 0.5726489347692967 7.503228654659901 -0.5638473060013692 0.12787014462151988 0.8159199970765899 25.237450901289076 -0.3287073913765326 -0.9410651916718142 -0.07967280513525683 37.02606917079542
0.7600288665140384 -0.3136948704308499 0.5691675063904736 7.9458587368014255 -0.560247991460947 0.1275902811209168 0.8184393124889914 25.87774208618664 -0.32936045623200155 -0.94091245524164 -0.07877462435194826 36.97845399667821
0.7589551791639872 -0.3155650446484332 0.5695662723653704 8.260461390189759 -0.560405168436955 0.12884689017057255 0.8181347847894702 26.327333434868155 -0.3315615828308506 -0.9401155149711113 -0.07905526738489146 36.91905190249618
0.7544629173671 -0.31823764404563903 0.5740300586469289 8.244390019944698 -0.5643265962150669 0.13205754235024034 0.8149210380845029 26.288379549440947 -0.3351435500233183 -0.938768132938421 -0.0799574477898863 36.872144849187556
0.7502572129648551 -0.3207962761322155 0.5781036789485968 8.282223432442548 -0.5679072650817153 0.13501190075876707 0.8119440405107384 26.328102146972377 -0.33851950115407753 -0.9374761521623906 -0.0808888834462855 36.821630229525766
0.7473749446667827 -0.32334210157192667 0.5804141430352681 8.400653365078178 -0.569782427483645 0.1373985974778121 0.8102281226555689 26.484796736630354 -0.3417289531414623 -0.9362539777016564 -0.08154637835404278 36.76676228471488
0.7476535242944923 -0.32501279844873376 0.5791207891748826 8.672607862733624 -0.5681923384102956 0.13834059892912726 0.811183915804402 26.872863170667234 -0.34376107135895473 -0.935536508925465 -0.08123894562148777 36.71205099731317
0.7506412674670471 -0.326276470824859 0.5745270682583463 9.152927642528772 -0.5640910524096739 0.1362643861522069 0.8143913688503218 27.55415773104725 -0.3440043199827617 -0.9354013478997292 -0.08176396627219779 36.658478869149256
0.7493209201692324 -0.3286418253083181 0.5749023475815191 9.447828620311148 -0.5643432429922145 0.13729601045877096 0.8140433094136498 27.960534383710808 -0.34646047781205225 -0.9344219369054402 -0.08258802058484684 36.59969351034753
0.7439609159389535 -0.331146589385102 0.5803999413282867 9.305851000083322 -0.5692064432339159 0.14093795188848984 0.8100250111561154 27.74182329987496 -0.3500373987679873 -0.9329943354898169 -0.08363844455541544 36.564564818780624
0.7377694265636704 -0.33358075885978156 0.586873198013366 9.156622157648387 -0.5750143329665955 0.14488198680397288 0.805212845639404 27.514306461891522 -0.3536308670222166 -0.9315219198807176 -0.08492421722247633 36.528389973312784
0.7339250347976461 -0.33611744087133216 0.5902364858591604 9.207383666555593 -0.577861332888783 0.1477157532786777 0.8026558018137689 27.573037708114207 -0.3569738411274188 -0.9301640297148736 -0.08581698302386129 36.47664856583804
0.7340198861084839 -0.33619501066711494 0.5900743356559558 9.439675893039125 -0.5767037577238794 0.15028339414323424 0.8030116295994343 27.88959256892881 -0.35864687733819234 -0.9297245916115809 -0.08357392612673228 36.42775794435832
0.7356405334714722 -0.3367715131444524 0.5877226841361449 9.89204543910876 -0.574065637012462 0.15059842711954083 0.8048408278352865 28.512414488646844 -0.35955757524390336 -0.9294649330036662 -0.08254264595473777 36.37404361364746
0.7372151208005717 -0.3375082654072206 0.5853221646621615 10.319809964061907 -0.5719096833583912 0.14956813450920003 0.8065659844180979 29.104617445699915 -0.3597682305928279 -0.9293640534910097 -0.08276035484976792 36.319943571859305
0.7387199775069525 -0.33813037935855966 0.5830614387754987 10.687847620091524 -0.5699652416784184 0.14835885150442576 0.8081641383151953 29.60894988409304 -0.3597671720857537 -0.9293317479431752 -0.08312691594361066 36.273624385023055
0.7374611430104976 -0.33875772537964816 0.5842895395651436 10.901522660189594 -0.5708961186149771 0.1495823718907596 0.8072810760632758 29.89397871993283 -0.3608721162683463 -0.9289070553694455 -0.08308428362129917 36.22901592290577
0.7361014075131951 -0.3395263685096589 0.5855566265902274 11.046400947326976 -0.5719622467672995 0.15060199478273298 0.806336299220342 30.09163719333235 -0.3619584314945387 -0.9284615685391067 -0.08333792423566252 36.18732112937285
0.7343697565965669 -0.3397255971156377 0.5876117589537443 11.212267553016245 -0.5734345404943614 0.15264798049270353 0.8049046041733843 30.310637255579998 -0.36314444559198544 -0.9280544772349929 -0.08271033139679464 36.14665028299987
0.7332600199137712 -0.3413270599706725 0.5880693677856579 11.392019435838721 -0.5739725429283553 0.15295740936354324 0.8044622743703665 30.555156467152454 -0.36453430999071085 -0.9274156937709018 -0.08375480754575618 36.1077726590454
0.732705125060667 -0.3429988453293539 0.5877882202056732 11.674666256863611 -0.5737851000519427 0.15307293757085033 0.804574008243993 30.936123265430446 -0.3659424253461261 -0.9267796220710474 -0.08465030091875118 36.055615270504276
0.7284993137652177 -0.3456239164620038 0.5914667008488841 11.622832269985496 -0.576782080908359 0.15637622686579367 0.8017910618198691 30.853637019614713 -0.36960949796592163 -0.9252516328224859 -0.08542970778772732 36.01195086383121
0.7238251058476531 -0.3482676556616274 0.595639871201197 11.542107488880857 -0.5802448545206835 0.15987639880948604 0.7985959215435383 30.73199298941856 -0.3733538870119007 -0.9236607478526176 -0.08635796390282324 35.96983933544665
0.7203028536252695 -0.35093586319698605 0.5983375460235385 11.603630156981128 -0.5823939555875949 0.16260208586573957 0.7964784003142438 30.805955769730108 -0.3768037679672514 -0.9221738348024676 -0.08726017907032708 35.91712237476111
0.7192485830940383 -0.3510289121023783 0.5995499800562331 11.770762970527475 -0.5833385761275183 0.16359485304091992 0.7955833266604015 31.0281712375098 -0.37735604052238003 -0.9219628121170249 -0.08710333951423468 35.87373948590533
0.7203332375865253 -0.3499816673917163 0.5988596323996295 12.107868367755197 -0.5828530887722008 0.162647368914528 0.7961332239605874 31.475607027956173 -0.37603497674659253 -0.9225284092508413 -0.0868275900177755 35.83151712223483
0.7185287231272571 -0.3509253721191237 0.6004730279072984 12.323282491303758 -0.5839466540408403 0.16457696534364655 0.7949344172400489 31.757942589437356 -0.37778668488395906 -0.9218274272776459 -0.08666842010247044 35.78212821242525
0.7172647101280731 -0.3519582740665613 0.60137900605273 12.521652085365583 -0.5845968177973392 0.16569758331371007 0.7942234392821791 32.00848068110857 -0.3791805588715047 -0.9212326981822107 -0.08690465795232558 35.73298517536106
0.7173902659017984 -0.3514393190831468 0.6015327184714987 12.90554830282916 -0.584620115782462 0.1659232356641539 0.7941591780551492 32.506800001706864 -0.37890701578598107 -0.9213901914330886 -0.08642678126050536 35.69476866894471
0.7153394638763365 -0.3520494639963423 0.6036146339519889 13.171437099016277 -0.5862283711531338 0.16776942072669124 0.7925842026713413 32.850047661483416 -0.3802969212026953 -0.9208227822816453 -0.0863692963664353 35.645182519553956
0.7139514697331136 -0.3524806443035639 0.6050047059794342 13.415358376395652 -0.5871829688827195 0.1692942418359791 0.7915526645367623 33.16576659758222 -0.38143080620211073 -0.9203786476622096 -0.08610275841971061 35.59566119286859
0.7147041657201283 -0.3505479994123535 0.6052388417891589 13.834527637619487 -0.5869058443158942 0.17011246874859354 0.7915827675512513 33.70898040689178 -0.3804464290936806 -0.9209657149341923 -0.08415857951280054 35.55074072648522
0.7142922602147224 -0.350147730503013 0.6059563794704397 14.179032821547137 -0.5874823809347389 0.17054274096396577 0.7910623398922114 34.14592326956241 -0.38033014485915273 -0.9210384032862473 -0.08388826248844093 35.51330575385394
0.7070368381783425 -0.35163251854666516 0.6135580505211321 13.893480806380078 -0.5943990481480167 0.17455500859222384 0.7849970194440823 33.751691597863086 -0.38313010977929457 -0.9197201318204851 -0.08559321295878884 35.501475991573066
0.6973155354876329 -0.3548199584223256 0.6227791270368376 13.487688326050215 -0.6027934536917677 0.1797982041137968 0.7773754935575192 33.21254484452292 -0.3878029089033975 -0.9174831894387085 -0.08850706719483675 35.477587538034
0.6963601398031662 -0.3557317826032888 0.623327726432245 13.653877654007792 -0.6031121961392382 0.18072226830367988 0.7769138566194261 33.413456805442515 -0.3890221517618376 -0.9169483958135548 -0.0886983926209003 35.438610167743356
0.6922546987137456 -0.3553958393154686 0.6280742229275018 13.412775022179467 -0.6073956703609963 0.18302530666010144 0.7730279663431874 33.100962812197636 -0.3896844001694801 -0.9166218056097191 -0.08916576554554916 35.43268573257908
0.6826276216666575 -0.3568699297786357 0.6377016413319828 12.678863233137836 -0.6162481838880932 0.1878914881441538 0.7648104108454555 32.17523208944186 -0.3927565479942251 -0.9150631901146278 -0.09166052642710354 35.45120668177377
0.6733402189186741 -0.35843447925686533 0.6466356575896529 11.940053652950208 -0.6243620738345166 0.19273896030980084 0.7569832851098839 31.26993441704699 -0.3959607939475886 -0.9134420711016927 -0.09401400107345315 35.47063998737201
0.67109560030083 -0.3581585411404134 0.6491172118077216 11.729438584149046 -0.6257974613029952 0.19578581863676728 0.7550135433536608 31.01336957575298 -0.39750249393379417 -0.9129021703495368 -0.09274370430122494 35.46812131516254
0.6760843717148921 -0.3538339138572704 0.646306029468484 12.075242628566743 -0.6211181463046466 0.19819503365820482 0.7582420305972863 31.416682963806082 -0.39638639060133096 -0.9140679898331755 -0.08577609986692712 35.433175839313954
0.675502346071615 -0.35248488782857446 0.6476503565228797 12.287333101644807 -0.6205588861200495 0.2026297912003875 0.7575274493874954 31.657203727063383 -0.398250234537507 -0.9136167531139947 -0.0818607300251881 35.39155553161079
0.6759392288671171 -0.3522975873897821 0.6472963531473496 12.467076438472986 -0.6185473874567006 0.20627878830499072 0.7581874378845309 31.865080753498656 -0.40063111255743705 -0.9128721002499516 -0.07848082718873022 35.35440860075805
0.6786195997707419 -0.3507113850683882 0.6453502639578006 12.86892530076892 -0.6144813390418834 0.21022725197234293 0.7604059353381225 32.32459995677384 -0.4023532313481328 -0.9125820658502792 -0.07284126791968307 35.32287302855726
0.6767305024468422 -0.35123362271886915 0.647047733424526 13.070296801790272 -0.6149298649835677 0.21361898332996443 0.7590969576492572 32.55400751557938 -0.4048420534101276 -0.9115930409085218 -0.07142156227513366 35.280151627361846
0.6761030866104806 -0.35278822502814994 0.6468578549861332 13.346367551368786 -0.6147470047070801 0.2138601828123621 0.759177148240864 32.87249688048704 -0.4061658977307759 -0.9109359420337662 -0.07228397492946342 35.23718944957862
0.6793633448699616 -0.3532261435149591 0.643192612818773 13.862133052144186 -0.612189654722726 0.21044954392550788 0.7621908003328365 33.47390342261351 -0.4045853090481165 -0.9115603551049649 -0.07326968474987251 35.20697373430125
0.6782166557900782 -0.3553051850644242 0.6432576414433413 14.200909043266506 -0.6125888203829309 0.21014356111708204 0.7619544742718387 33.86980733696991 -0.4059028269805025 -0.9108226551790203 -0.07513312093790996 35.156324958028215
0.6794049632153646 -0.35786036014170525 0.6405816564635384 14.472168628172637 -0.6093171390528671 0.2112596750803594 0.7642656434390884 34.18841209909563 -0.40882945101197177 -0.9095632536136145 -0.0745195790451117 35.11464321586004
0.6766322348558501 -0.3593136268902103 0.6426994136335998 14.538771647624548 -0.6104881591633714 0.21424488681006912 0.7624980891760009 34.25715774112341 -0.41167101704551434 -0.9082911680770311 -0.07439171807378385 35.07635752902749
0.668685728919004 -0.3619719807462401 0.649488784425641 14.18997648032509 -0.6161024250272125 0.21928746583975126 0.7565254848325746 33.831392089788885 -0.416265777857898 -0.9060294103836906 -0.07637741619180732 35.04186545517022
0.6676510384490325 -0.3636564811449129 0.6496122340128926 14.28988401506941 -0.6148435458749681 0.22266164404813352 0.7565640794841325 33.94939927153452 -0.41977315892493333 -0.9045306827250674 -0.07493156247604711 35.00017069004655
0.6729190968508544 -0.3623204336637694 0.6449060338088966 14.719480812650621 -0.6085654559591434 0.22444747342065957 0.7610988224194786 34.455286080999464 -0.420509185282157 -0.9046254667124816 -0.06946070881122055 34.967102050416166
0.677598876091804 -0.3630574228690771 0.6395694417487288 15.226933185907278 -0.6021381626225377 0.2254253859545827 0.7659066708684393 35.050460154411915 -0.42224329033469643 -0.9040866678957751 -0.06586274136747397 34.93140700574342
0.6764500639175357 -0.36446819324183066 0.6399830053532591 15.517904146952775 -0.6018052783755423 0.22738159141768846 0.7655899808668405 35.39138934628633 -0.4245535513280864 -0.9030285421842372 -0.06552659044476508 34.88360465347545
0.6772159358054416 -0.36697705599495756 0.637735381380417 15.81001670041997 -0.5991557760368685 0.22803901129185578 0.76747023744943 35.74430627869556 -0.42707251413876995 -0.9018459123942961 -0.06544477034022292 34.83854417446345
0.6811570872034337 -0.3694440024591339 0.6320887213038222 16.315546849169056 -0.5929843682512523 0.2279786191658789 0.7722663324351747 36.35066724028938 -0.4294118786924607 -0.9008534166279152 -0.06378526622675317 34.7995202744172
0.6851448730095 -0.37174587617696786 0.6264036290876727 16.853300841196774 -0.5863545113641803 0.2287401118228373 0.7770883786585301 37.00393272859036 -0.4321630363551022 -0.8997127123636123 -0.061254756710358856 34.76326584746298
0.6892752717148508 -0.3722643858169467 0.6215455147088929 17.37390851838524 -0.5807097324769168 0.2291055440039902 0.7812085869428329 37.650980083015064 -0.4332156580838215 -0.8994052905998282 -0.05826076580371426 34.73052711981785
0.6932780886308393 -0.3721465777565494 0.6171486178291672 17.851932525084706 -0.5752936873492377 0.22999081201946395 0.7849467495841611 38.25153190067006 -0.4340537583300948 -0.8992280862221278 -0.0546459863924569 34.69725194490246
0.6922958318344618 -0.37323765870318526 0.6175922047357689 18.126304535979436 -0.575035005411815 0.23171813968234906 0.7846282217032342 38.5996519657776 -0.43596011718465383 -0.8983319842173663 -0.05420721682975388 34.651852042172756
0.6914659789914972 -0.3748778068850125 0.6175284850129635 18.38465825996995 -0.5740910268465109 0.23373723247746905 0.7847205866090722 38.929978053066414 -0.43851373158846596 -0.8971251507224903 -0.053592640814788955 34.60458520465175
0.6889412260775887 -0.37625821736600457 0.6195076600618088 18.58228194653354 -0.5751554038871235 0.2363409135724435 0.7831597754935943 39.17535121139383 -0.44108530738411694 -0.8958642343772262 -0.05358194820609724 34.558769216718375
0.6828326860854904 -0.3792765134796154 0.6244108015849931 18.43378189065301 -0.5790381448676972 0.24019802678826682 0.7791147121670808 38.9823703081942 -0.445482154077402 -0.8935626638629014 -0.05560050493285827 34.507310524387236
0.6768228647501517 -0.3822463608038114 0.6291252096392518 18.287470798752345 -0.582716707732466 0.24403733642352718 0.7751690247686246 38.79533526916352 -0.44983557916290456 -0.8912538909219679 -0.057571291766145526 34.45645938992023
0.6748179943922813 -0.38443427928976626 0.6299452034513232 18.469419996597242 -0.583373479313936 0.2449211111431054 0.774395914858526 39.02692455457014 -0.45199121460214664 -0.890069623244934 -0.05899159007089739 34.41255769993887
0.6737065782547234 -0.3857007397192458 0.6303605204930992 18.791995876852578 -0.5830610472362173 0.24665996755450983 0.7740792437482147 39.41579502606423 -0.45404764244747486 -0.8890409438186909 -0.058710634486917664 34.356827263068304
0.6725754988708539 -0.3882614402377445 0.6299962320070862 19.039466528975854 -0.5822363410354071 0.24783319828461295 0.7743252217290323 39.71856373409471 -0.45677460688649846 -0.8875988732825915 -0.0593733833561294 34.314623825325484
0.670070286337518 -0.39021593576696345 0.6314565185672422 19.337550340666084 -0.5832407022393427 0.24944207425088533 0.7730517025689605 40.081596060594734 -0.45916891730484904 -0.8862901190168616 -0.06044609428379127 34.26803715858911
0.6692389349789847 -0.39146873007236316 0.6315627294922631 19.559552560572158 -0.5824086017946003 0.25146790526093815 0.7730227119427531 40.358484142606336 -0.46143197598762603 -0.8851644626843086 -0.059702642629526806 34.22437081327366
0.6691173824570481 -0.390977425875354 0.631995712762122 20.144985646210355 -0.582807051938572 0.2515895906082515 0.7726827409152073 41.067218244780015 -0.4611050517013355 -0.8853470112636336 -0.05952143262771347 34.181929887329474
0.6688514402893507 -0.39115646913217517 0.6321664080595415 20.74021643213266 -0.5836691957263185 0.25033855137845096 0.7724382691541929 41.79970262157592 -0.4603998488086696 -0.8856225078157071 -0.06086668109209706 34.13204229136899
0.6680412603218093 -0.39152581757246 0.6327941281979922 21.31557354811618 -0.5851268221646173 0.24898551316547124 0.771772515847291 42.49931787930243 -0.45972543598454146 -0.8858407014852825 -0.06275966141464379 34.0811824501268
0.66642627083181 -0.3934251592208501 0.6333187741076742 21.947692455768532 -0.5875820237233529 0.245731246647981 0.7709497518113564 43.25759921242935 -0.45893724074471 -0.885907895050536 -0.06740779290820416 34.03010913120563
0.6666249326923102 -0.3961130945806194 0.6314314019865738 22.582806617135518 -0.5878253433238405 0.24151369863400726 0.7720961721950996 44.01969760530482 -0.4583367374094881 -0.8858699394797642 -0.07184626272075595 33.97636523256994
0.6668183752589139 -0.3984785744805784 0.6297365164074415 23.174855351613054 -0.5869183752414215 0.23990828374630171 0.7732857403275114 44.725033422544236 -0.459216806335552 -0.8852450740161302 -0.07389914552379587 33.92349692032115
0.6673955007119537 -0.3992213293614109 0.6286537805599675 23.763583661492657 -0.584847613688582 0.2416121293865107 0.7743234774279291 45.43186278151771 -0.46101682658250476 -0.8844466683278407 -0.07223279374061337 33.87467907835025
0.6660694609955387 -0.3994146922068093 0.6299360100664542 24.339600769370833 -0.583435587033995 0.24718348064554818 0.7736299132519651 46.11448587950758 -0.46470892923571194 -0.8828183451567402 -0.06839137769710119 33.82204485186736
0.6647557403610328 -0.3974958596039989 0.6325320918773404 24.95090108297472 -0.5835478885762023 0.25236812372015555 0.7718692841849697 46.847777814633936 -0.4664457818388999 -0.8822173041420347 -0.0641947106625798 33.76652677963918
0.6640286873902425 -0.39558467303488815 0.6344908736795695 25.55131755269901 -0.5839056562968032 0.25569126534535624 0.7705038360518935 47.568167451032345 -0.46703328239792763 -0.8821194608928908 -0.061197792824965985 33.70740993414184
0.6640984946142755 -0.3943819257115929 0.6351661877989568 26.19106276859436 -0.5841350186793919 0.25655708940703303 0.7700420377014564 48.33893199063104 -0.4666470501390433 -0.8824065710017126 -0.059993116684525546 33.65915414554938
0.6655203767506909 -0.3941584387025987 0.633815235955353 26.8019734192242 -0.5829735897516836 0.25575832447701013 0.7711870545546922 49.08598836428931 -0.46607340814687764 -0.882738242436701 -0.05957158347830807 33.61850768482472
0.6666928231000885 -0.3923222925888221 0.6337222564851864 27.38041186046808 -0.5822256829261363 0.2567055420474508 0.7714373071243782 49.800918329902544 -0.4653320682781492 -0.8832810896990657 -0.05727637219662138 33.58539189820434
0.6683739339599597 -0.3894901925850524 0.6336984095632068 27.947048499942063 -0.580507178220555 0.25953018502304825 0.7717872110214736 50.50071130838224 -0.46506741493818715 -0.8837089299888029 -0.05263864189691865 33.54985991950516
0.6684048741991276 -0.3892034892656306 0.6338419109606889 28.538219383412134 -0.5796085337542934 0.26151299862418403 0.7717933007935343 51.21271016981613 -0.4661425444496972 -0.8832505847685804 -0.050789100798473014 33.51763488892747
0.6679378173042962 -0.3904764377317941 0.6335512795275943 29.155886023761198 -0.5796221115762802 0.26101372904137765 0.7719520976224894 51.953859135865805 -0.46679468718765194 -0.8828363295810814 -0.051987836896533975 33.481011672370606
0.6682736429383217 -0.3922881033929146 0.632076247054361 29.83370000614342 -0.5787520961241656 0.25967148532693773 0.773056744967651 52.76450307496509 -0.4673931422109447 -0.8824289000505849 -0.053505952656585434 33.44018047425943
0.667037222652542 -0.39389940751092384 0.6323801074974748 30.583446734939162 -0.5804874210327347 0.25727885772146664 0.772555462987801 53.670507415615674 -0.46700717084295323 -0.8824119480900483 -0.05703907651059309 33.39615413650395
0.6651138135386934 -0.3957810113518884 0.633230610515067 31.257338814243464 -0.5830793590495681 0.254519465663677 0.7715168842278277 54.471414709399255 -0.4665212493449286 -0.8823702355879569 -0.061487325995650516 33.3517555588975
0.6642957483572105 -0.39623524182900277 0.6338050109041714 31.97149970487058 -0.5852971329336719 0.2516504967711898 0.7707783686990903 55.32740937789564 -0.46490689916815475 -0.8829890489737224 -0.06474499593271449 33.299825098075424
0.6627016563562682 -0.3949415933566196 0.6362763963086985 32.65208215907259 -0.5886603092037408 0.25049319332315356 0.7685910489115253 56.138764474959196 -0.46293147984427013 -0.8838972213643942 -0.06648418634150137 33.24637850167266
0.6630334071063512 -0.39309792550371536 0.6370719912424416 33.21529463887504 -0.5897462004050716 0.249872929162457 0.7679602453119222 56.812061294601236 -0.46107062384055153 -0.8848940841911207 -0.0661539083867046 33.20210759885617
0.6637280786486702 -0.3917051868373281 0.6372064690648309 33.77569653083673 -0.5897185041941695 0.2499956769953501 0.7679415650260252 57.485878551755384 -0.46010555682835086 -0.8854768252689416 -0.06506664650420989 33.160171224103415
0.6606927486456811 -0.39190632717524254 0.640230054439041 34.01417645485993 -0.5921427067234573 0.25209641036953717 0.7653851414503712 57.77138838719209 -0.46135897819509664 -0.8847919702386537 -0.06550620306483818 33.11270952771629
0.6540739813176295 -0.3951672535890024 0.645003929177351 33.774184873061834 -0.5957104881982377 0.25640250907860734 0.7611745973091886 57.48353107018096 -0.46617190092702254 -0.8821001048798901 -0.06769906762258739 33.063557263480035
0.6457678602338299 -0.3983080034450036 0.6514097060074152 33.357014502147294 -0.6006961273560867 0.26161694417485803 0.7554606125404573 56.989246323619916 -0.471325824953834 -0.8791514709720152 -0.07031826092363745 33.02148907792527
0.6412394342958391 -0.40056010735578174 0.6544949108274778 33.40634750934566 -0.6035570040671184 0.2634182447870928 0.7525488496800756 57.04868449532401 -0.4738469486505827 -0.8775889862050488 -0.07284669207398109 32.975954165736674
0.6402289919824687 -0.40264074251147186 0.6542073603185111 33.97961006110583 -0.6045514557869847 0.26133574512542124 0.7524766877622006 57.69208008398955 -0.47394554025852087 -0.877259403363421 -0.07610232637382734 32.9319629079948
0.6321180531110221 -0.40457383497071675 0.660868200920736 33.748360951959256 -0.6107285328850068 0.2647848909882739 0.7462570740867044 57.413807682598474 -0.47690400087570045 -0.8753336355706944 -0.07970947489060526 32.90607112171561
0.625463573811496 -0.4050933428270672 0.6668543329934472 33.54383168773419 -0.6147899051537363 0.270399113010502 0.7408897976110802 57.184231816456496 -0.4804463449293823 -0.8733748927467058 -0.07992250223605606 32.87731920350424
0.624087775551591 -0.40078501933472876 0.6707352806315766 34.0932703831256 -0.6158554818387768 0.27599013224890895 0.7379373092548928 57.80045399724678 -0.4808705375630603 -0.8736136532690435 -0.07458358348674247 32.81988208937674
0.6226258896029776 -0.39806652242448165 0.6737062010409077 34.716079587561744 -0.6164980356674599 0.2807110752324348 0.7356163838985691 58.48131264270303 -0.48194104786193054 -0.8733523549900828 -0.07062924620166729 32.76735697645146
0.6207595801903885 -0.3995285691570669 0.6745624255983659 35.43041339447986 -0.6180894976833986 0.27992022815808026 0.7345815398724673 59.24775066411333 -0.482309979634807 -0.8729384791010352 -0.07318124930225146 32.71361135339878
0.617214327576895 -0.40146684410511846 0.6766615453223783 36.17054051061002 -0.6222823453994648 0.27719189566520536 0.7320719469981511 60.041555604424204 -0.48146771069089733 -0.8729198279692125 -0.07873891985709051 32.64712013395736
0.6163558401266418 -0.40303906814249457 0.6765094144892608 36.91211854848916 -0.6236624306468208 0.27467208760919215 0.731847263360396 60.838323447154615 -0.4807812922124489 -0.872991840648715 -0.08206457956567617 32.578482157736325
0.6150064042109696 -0.4029673829090455 0.6777790282171025 37.545183869819354 -0.6254104618492211 0.27422093320649343 0.7305235341868852 61.518406122356986 -0.4802383543502424 -0.8731667470207443 -0.08337238696461659 32.519896685618676
0.6130893121563487 -0.4030513901875769 0.6794638122722276 38.10879265202258 -0.6270420777913911 0.27491160081879895 0.7288633921485522 62.11754731631083 -0.48056188779251147 -0.8729107563795403 -0.08418481691012929 32.46839962960523
0.6099470030818565 -0.4014960421926108 0.6832024454984945 38.66924619721153 -0.6302387509312581 0.2768562896132975 0.7253617798906692 62.69831446390216 -0.4803787778993381 -0.8730128996785911 -0.08417070000132201 32.4167085238619
0.6080322069017299 -0.40037122163164873 0.6855652560182622 39.20720937885402 -0.6317695248619553 0.2789470665445508 0.7232259685063053 63.25536260828742 -0.4807952816177624 -0.8728639177760561 -0.08333353597878095 32.36582284152154
0.6069388855594136 -0.3986703569898857 0.687522461926479 39.79463456635289 -0.6328831604308784 0.28080344691720704 0.721531932378902 63.86026416408113 -0.4807120702030609 -0.8730471755048332 -0.08188122436869442 32.30714231777021
0.6064056204298676 -0.39834026976533377 0.6881840255297565 40.400982505893325 -0.6335272666049236 0.2809951704589358 0.7208917509909801 64.49200139847868 -0.4805366021222039 -0.8731361541375029 -0.0819623716031531 32.24689731860393
0.6051271724968349 -0.3976868512439233 0.6896856337880841 41.0534341412567 -0.6355706156561328 0.280391625793253 0.7193264409845466 65.16073932910082 -0.4794487434757356 -0.8736278982110773 -0.08308548517538804 32.187484860410585
0.6024021227920501 -0.3970848513871064 0.6924126683232356 41.67612832983544 -0.6391211934578414 0.27970345747595315 0.7164426536360156 65.78783312651764 -0.4781587419766032 -0.8741221863531846 -0.08529138758676756 32.13197732666474
0.6003645283597505 -0.3957360913131176 0.6949499112307175 42.242964327696534 -0.6422788213343327 0.2791573508325258 0.7138270722952025 66.36324627157104 -0.476487511644058 -0.8749080634605997 -0.0865767390173189 32.074602868828265
0.5953694098507136 -0.3927177943405042 0.7009336629256254 42.804219245428705 -0.6479400660023604 0.28117619128439825 0.7078937916973492 66.92117666411112 -0.47508834618717116 -0.8756213128191453 -0.08705389051622467 32.01503483307267
0.5913738757146327 -0.3902524311048803 0.7056769651469265 43.33953871486445 -0.6528291151715809 0.2820213316477707 0.7030491553795528 67.45322846055242 -0.4733825994969992 -0.8764513725885442 -0.08798810136101384 31.953349449510803
0.5853395415936239 -0.38990510108144344 0.710880885379279 43.4510338003351 -0.6571338566798279 0.2854352120626794 0.6976401895818664 67.55301229186708 -0.47492390490693703 -0.8755002866163992 -0.08914332662933996 31.904818704785296
0.5801093064783993 -0.3938482134210032 0.7129914286456929 43.67273181178706 -0.6608827869996687 0.28409122755039884 0.6946409981252557 67.7800829939249 -0.4761377262774842 -0.8741714701441506 -0.0954835399496545 31.829219475976107
0.5766086418536177 -0.3982039669070757 0.7134115746742453 44.343684081722735 -0.6663911238259355 0.2759773148884969 0.692646657216315 68.43266447716984 -0.4727000573574372 -0.8747971892995529 -0.10622868429888807 31.748264350937536
0.5656341808389969 -0.4011321391242625 0.7205213254499702 44.0478316735257 -0.6745060408313804 0.2776343964520816 0.6840765620810713 68.13501541471472 -0.47444659799451017 -0.8729330723877263 -0.113526546601027 31.72503683148083
0.5531517546519092 -0.40339689080494356 0.7288992281614854 43.053781148073696 -0.681208719498985 0.2846392479275015 0.674488827941436 67.18981713373837 -0.47956002419307 -0.8696271885286037 -0.11734878000121092 31.766145871883115
0.5425932627564365 -0.40580402637447993 0.7354696753704912 42.451805296634646 -0.6861259643877763 0.29099329875983276 0.6667488740671462 66.63327429159763 -0.48458612465098416 -0.8663982873108209 -0.12054167553427723 31.765798895377543
0.5303885448819319 -0.4079041487579952 0.7431703686800438 41.55993234560251 -0.6918482798159101 0.29835424445701203 0.6575185948170924 65.82501302115331 -0.48993259656179555 -0.8629014719192991 -0.12396411007109008 31.801029421960504
0.5210537073261257 -0.4073982513398099 0.7500197989966366 41.2796685457173 -0.6964096006739188 0.3051244052802321 0.6495481239997309 65.57139286243896 -0.4934741149957952 -0.8607704468135751 -0.12472985096386634 31.793873686461417
0.5166571744872634 -0.40634304398519533 0.7536250358471862 41.50435948090656 -0.6983014238616242 0.30932999683988555 0.6455153557335849 65.76617928118026 -0.49541950454504274 -0.8597675753713172 -0.12393236403967982 31.723877181395977
0.5088333807294556 -0.4091008105490155 0.7574464452775264 41.18261837292318 -0.7006167139543422 0.3144700751882851 0.6405035456099252 65.49526465978154 -0.5002247602660647 -0.8565892239686443 -0.12660999406660867 31.6963106149903
0.4965783508586842 -0.4111524960486442 0.764436764194023 40.27047336172981 -0.7059013640901697 0.3211848275673014 0.6313030735836728 64.72753868799488 -0.5050873247608741 -0.85310839377744 -0.1307396758156155 31.739113439571167
0.48238557794656084 -0.4126139632174439 0.772692611293227 39.035925783309004 -0.7120522112318043 0.3290582757596166 0.620243742115951 63.71219345189587 -0.5101821269596287 -0.8493941184821647 -0.13506971836369863 31.82441898555893
0.47274970111361025 -0.4146739882827945 0.7775301946153748 38.421734855232216 -0.714961014267476 0.33528949471423675 0.6135240034520947 63.225511434425584 -0.5151101514963613 -0.8459470658238044 -0.13796772684031822 31.836813672377247
0.4651954545518408 -0.41706474370107294 0.7808009916911313 38.0815417450596 -0.7165846481745274 0.34043380564296505 0.6087785032144523 62.96450439510467 -0.5197111034650744 -0.8427109964495524 -0.1404939336701414 31.816821168862315
0.4589170888468129 -0.4191290991999763 0.7834066018155402 38.15123427710448 -0.7191625388613527 0.3425377951681752 0.6045437135392366 63.01543018516132 -0.5217282321887996 -0.8408321218204814 -0.1442254993127427 31.764419423871583
0.4528871595059983 -0.42082464964588495 0.7860024395668218 38.382107329561386 -0.7225025909003736 0.3433100042501538 0.600106863086899 63.187481994423905 -0.5223822612769554 -0.8396694916645286 -0.14856620702905038 31.690880082788798
0.4485623939510602 -0.422835390136671 0.7874020647552635 38.53340944220032 -0.7239358932746334 0.3447591635246994 0.5975432549986652 63.30140817022973 -0.5241265125535458 -0.8380640500664073 -0.15145972013951567 31.633495377989746
0.4368177597051002 -0.4234652995313489 0.793641849261385 37.978600630811854 -0.7292717689345329 0.34981559048026417 0.588040593574995 62.87156479598241 -0.5266430782240508 -0.8356471700124158 -0.15601562552811377 31.670519903147635
0.42756473085429575 -0.4229422501813929 0.7989419590564648 37.368429298601974 -0.7328633603251171 0.35525237386277025 0.580264634419361 62.426168404796385 -0.5292444577153924 -0.8336159810586384 -0.15806549307541792 31.721047693256057
0.4265797835949433 -0.4193183587958154 0.8013749448322326 37.935463923175135 -0.7340119701836493 0.35718675410973916 0.5776192953110704 62.83191128296446 -0.528446890288133 -0.8346195161061852 -0.155416046402779 31.61839117733745
0.4205642130416466 -0.4190240536602293 0.8047015503668417 38.057893673760915 -0.7366093438915012 0.36009392163664644 0.5724849710621792 62.916411532822565 -0.5296531102527219 -0.8335173723771331 -0.1572144164672231 31.558042202844724
0.416290759584506 -0.4226656723580023 0.8050190885281552 38.24607473458272 -0.7380890607919536 0.3599494194037557 0.5706671129565313 63.04852515895209 -0.5309675525150255 -0.8317392288939168 -0.16212129192412708 31.487968850418888
0.415228371171823 -0.42633277493949245 0.8036328544717267 39.01413125304124 -0.7397243515275538 0.355964507157218 0.5710491689876187 63.59023586883526 -0.5295217498187623 -0.8315826084380918 -0.16756217297518727 31.34145751154317
0.40676502661389713 -0.42846204950104627 0.8068224620454905 38.93176237990249 -0.7431556994603236 0.35843785410842777 0.5650149653785937 63.525729321359705 -0.5312831820069422 -0.8294230385511956 -0.17261403082331214 31.302553260373465
0.3988270778835915 -0.4290796580310045 0.8104490169102684 38.82166742206321 -0.745548311715567 0.3628674001717155 0.5590035463131507 63.44452238022905 -0.5339425782281205 -0.8271746471916354 -0.17517826976680825 31.274681557501157
0.3959033546173303 -0.4273115252875812 0.8128132590940762 39.38407283152487 -0.7463534976428249 0.3659430753087666 0.5559155710985932 63.816270507871764 -0.5349925143018873 -0.8267348583372743 -0.1740473603677548 31.161751936970727
0.38879626002750944 -0.4259569854142388 0.8169443767879329 39.44095723506993 -0.7483512970562681 0.37121118556504124 0.549702275696207 63.84862958018874 -0.5374084148790484 -0.8250835729113751 -0.17443994189685882 31.105358663885553
0.38419286041173023 -0.4249834094446922 0.8196248823122723 39.55433704851679 -0.7492739496654778 0.3751682427473987 0.5457447553449457 63.92361606999235 -0.5394296936221963 -0.8237948114248981 -0.1742920374201612 31.047540788587828
0.37609260215298695 -0.42360333179248993 0.824084080601055 39.53514403109654 -0.7520820274612148 0.3799404609367748 0.538533072441212 63.90784597248495 -0.5412272892007698 -0.8223171306968153 -0.17569165599690562 31.003896526871586
0.3664868062422406 -0.42513228657434954 0.8276170368971494 38.983709617282464 -0.7536673129384865 0.38595641767844074 0.5319992716732785 63.55834166518783 -0.5455941735928219 -0.818718622339129 -0.17896037320221767 31.02889687392584
0.3545931951476233 -0.4261849761989189 0.8322439738546122 38.13815308905306 -0.7561579841060674 0.39284871798410465 0.5233497758200399 63.02621446481455 -0.5499897899303571 -0.8148841947421507 -0.1829616903392366 31.10620604718763
0.33673034318152 -0.4261458369504441 0.8396501662184389 36.547312035847305 -0.7612236979861873 0.40165411330012113 0.5091291141678314 62.03849431106937 -0.5542121954676575 -0.8106008258809577 -0.18914318247301787 31.314909558513563
0.316574758448202 -0.425571711272873 0.8477435584407184 34.8687959719765 -0.7672457280396808 0.4106378462624046 0.49265662689324197 61.03273316266436 -0.5577763127978044 -0.8063902763434364 -0.19652050045843855 31.547406462897932
0.30459585158482205 -0.42395494669975514 0.8529264741852699 34.38565040902324 -0.7708539010621185 0.41626204154617985 0.48219308993920046 60.751262214656606 -0.5594690611773119 -0.8043557148032244 -0.20001563351089435 31.58864309661427
0.30032655390118385 -0.42158309670471894 0.8556118591947457 35.04728527442835 -0.7729584539288458 0.41801555765279647 0.47728211998789905 61.11184178776257 -0.5588731426019319 -0.8046929141809765 -0.20032504672446952 31.435110881265096
0.28899079973012654 -0.4209456715716537 0.8598192014932101 34.64456630450356 -0.7759225315252262 0.423077475204129 0.46792058626050725 60.88285033826889 -0.5607392823254116 -0.8023778359102276 -0.20435573321342085 31.461784467169387
0.27358428671551455 -0.42082083853813124 0.8649054629925848 33.42142270328195 -0.7784266733746278 0.4313184076913113 0.4560880894800204 60.23173327547809 -0.5649810193637173 -0.798044016980697 -0.20957622651446095 31.626738568414353
0.26112207567273604 -0.4213193209588343 0.8685075079601435 32.61348151343018 -0.7797904480091868 0.4382597364450622 0.4470517426481289 59.819829445692754 -0.5689834081851464 -0.79398893770498 -0.21410148998109593 31.715898626905748
0.24863892042494048 -0.4220483191953055 0.8718107039457178 31.932776150380953 -0.7810470549410984 0.44495327953073105 0.43815759379779873 59.48353808767653 -0.5728387078556656 -0.7898682138808069 -0.21900689368827736 31.781296665855205
0.2358196811621597 -0.42256990283004364 0.8751135670293172 31.190622122249902 -0.7822289666790404 0.4517957806512283 0.4289503657464123 59.125456437643585 -0.5766341315468673 -0.7856941197488665 -0.22400408149682696 31.86258793761348
0.22180042635903172 -0.4223281029158867 0.8788876744808807 30.266927605122497 -0.7837090781504055 0.45908262052756743 0.4183816778423455 58.68801607157558 -0.5801763970479885 -0.7815894836914078 -0.22915764724618426 31.98775651830315
0.2076788190798057 -0.42195825122383274 0.8825082109134922 29.218343819951425 -0.7848008891793856 0.4666639822126855 0.4078140410145746 58.206012044175274 -0.5839152956113198 -0.7772875670750916 -0.2342369860240337 32.144166893591795
0.19786921795859033 -0.4225131273592853 0.884494448707013 28.678945001895357 -0.784568994783489 0.47266210224470273 0.4013004230324668 57.972878704559406 -0.5876217022956806 -0.773351921385527 -0.23796541908528132 32.1954099026274
0.18764526552005248 -0.42211001222922345 0.8869117159581015 28.734354480696783 -0.7863795049794822 0.47648671273528764 0.39315097193690973 57.99551798156002 -0.5885546095955116 -0.7712221146742071 -0.2425281867357111 32.145588280515625
0.17805221315749004 -0.41909722727259424 0.8903117001826572 29.333647636957178 -0.7902579483739642 0.4782122904395573 0.38315190238901087 58.24273840114802 -0.5863358972649416 -0.7717969417955526 -0.246048158321783 31.985228102074586
0.1659351511126579 -0.4171006394728925 0.8935841214885781 28.949492219197964 -0.7921244777265499 0.4833496602465835 0.3727088913964163 58.07670181026935 -0.5873706984619267 -0.7696753617537774 -0.25019092728860753 32.03057455201129
0.1437247230916451 -0.41436008416521103 0.8986928978370863 26.843185624738936 -0.7963061927460487 0.490760348697645 0.35362512289209813 57.22107526420408 -0.587570975599131 -0.7664593927904836 -0.2594231058266046 32.461022713769204
0.11831904663805733 -0.41083074478556003 0.9040014946567254 24.632580049999984 -0.8006116261705509 0.49906691781483264 0.3315919715302859 56.3670722485296 -0.587385416267036 -0.7629877526420308 -0.2698667487391824 32.937079368210426
0.09899115397928543 -0.40834431531024273 0.9074445832047534 22.95592341184292 -0.8011798071257393 0.5081488628193068 0.31606273090859865 55.77288756037848 -0.5901793524749952 -0.7583136906117718 -0.2768549774574089 33.291947210163336
0.08178455766338436 -0.4061331453740154 0.9101467762709505 21.504616316114202 -0.8009903650497915 0.516626245685158 0.3025091029484127 55.28833215672657 -0.593064685532024 -0.7537593717479467 -0.2830566873912984 33.598921043289735
0.06895986016475714 -0.40497582120547915 0.9117231607922412 20.598058061322273 -0.7999559647254793 0.523612302100992 0.29308806114992136 55.00597598986971 -0.5960830413509322 -0.749549692366983 -0.2878545926094927 33.77064075347408
0.05829812622675397 -0.4044605438652801 0.9126954568390498 20.000638613742016 -0.7985557160238582 0.5297587855329428 0.28576983318096727 54.831772935873424 -0.5990910589251565 -0.7454980198544162 -0.2921003346610078 33.863497559394354
0.046587864011676194 -0.4036308828317549 0.9137350170324425 19.274685450348795 -0.7971601595122634 0.5362128448545037 0.2775093964164377 54.623659534843725 -0.6019678155958212 -0.7413217219517381 -0.2967774478448433 33.993377101917346
0.0360724774210662 -0.4029851537556216 0.914495348389075 18.717888176001203 -0.7955949352278314 0.5421849771483491 0.27030380980382057 54.47284135065186 -0.6047540619231276 -0.7373183955437398 -0.3010549919537578 34.0804664605964
0.025393002060892088 -0.40207321277769265 0.9152553343264116 18.0324591547646 -0.793796785713803 0.5484064883536393 0.26293913083080345 54.2902131640177 -0.607652744943001 -0.7332035563867971 -0.30523873683558517 34.20697574482383
0.012644997603573732 -0.4005568556484395 0.9161846481079194 17.1424918483305 -0.7921462881196217 0.5551326246505863 0.25363759040577943 54.05609101890416 -0.6102002640559114 -0.7289595149537313 -0.3102799756744077 34.39368026082354
-3.2432424005844457e-05 -0.3990447280474041 0.9169314608877277 16.283343204926197 -0.7903436125235872 0.5617809732514811 0.24445676966649557 53.84000297517795 -0.6126638336733262 -0.724682994908936 -0.31540067184220216 34.57563746722859
-0.013347046508536454 -0.3995702923279053 0.9166053882879387 16.25927269784566 -0.7911893972953017 0.5647560333876894 0.23466989657749907 53.83580195037187 -0.6114255424473122 -0.7220763146933906 -0.32367360380762644 34.531426453012216
-0.029511852182933646 -0.39846577347511175 0.9167082839974806 15.599402293445085 -0.7922918155169745 0.5684799220097118 0.22159480439902635 53.67429990853062 -0.6094281989254708 -0.7197607975158876 -0.33247806651528944 34.68959508744233
-0.05244939621070132 -0.3943672265637622 0.9174549315631423 13.967805779774968 -0.7911001196042325 0.5770790038852539 0.20283102335926154 53.30345036218928 -0.6094338861593561 -0.7151603413831069 -0.34225140542223786 35.132073715434565
-0.07278907205635808 -0.3904625001286469 0.9177367743435215 12.43493993874928 -0.7889765970629576 0.5854335441095514 0.18650333701646898 52.98922353490199 -0.610096451617384 -0.710497432384248 -0.3506789390585953 35.5600060821385
-0.09150753977687566 -0.38630540975735483 0.9178205165260672 10.780246872410698 -0.7862760871225173 0.5936102984981795 0.17145474136400887 52.679871851276395 -0.6110616049002594 -0.7059709228495868 -0.35806252402006045 36.046620697963284
-0.11716251916424382 -0.38091836109878985 0.9171554646192166 8.22477042615734 -0.7855608381473522 0.6005585998943426 0.14907561055440763 52.2349532236188 -0.6075912389693512 -0.703015341419198 -0.36959750547985515 36.86317451268901
-0.14561620406204834 -0.37488579197775196 0.9155635226939549 5.191288958594328 -0.7842917811455818 0.6078432770004891 0.12414891313575852 51.77259909597431 -0.6030607955604842 -0.6999908524963112 -0.38253167617785233 37.88811296421147
-0.16554743922070245 -0.3699317394957641 0.9141906548861107 3.1904131339529513 -0.7807115405700761 0.6155397060054142 0.10770497087627497 51.53054779875631 -0.6025641341700978 -0.6958889124309988 -0.39071100031536826 38.56395248522442
-0.1793998090949578 -0.3663562216106086 0.9130163346752791 2.0937097800503617 -0.7767265270142574 0.6223101264750937 0.09708763422246672 51.42539761761025 -0.6037479695444583 -0.691746503694629 -0.39620091354916637 38.91077453592632
-0.19223099063821505 -0.3631677850224095 0.9116777973385976 1.1571183051318505 -0.772697679284004 0.6287116128069893 0.08752145080345249 51.349444539357556 -0.6049673897553143 -0.6876269830682495 -0.40147676083316725 39.202042339629386
-0.21244877127737521 -0.35815260855553066 0.9091711767140399 -0.8637694718929287 -0.7687317299198154 0.6356439495262817 0.07076932135544596 51.18613979957101 -0.6032553746111303 -0.6838738761025239 -0.41036505039694593 39.930767200095346
-0.24068363278091343 -0.35128162993305245 0.9048052858946781 -4.207404212154266 -0.7652360231831342 0.6421227652496103 0.0457403888379651 50.96606067520237 -0.5970638305359302 -0.6813806357827932 -0.42336179733886237 41.22504537179888
-0.27003406101418015 -0.34406785769150566 0.8992768846110512 -7.814285196732831 -0.7615251617542101 0.6478508727081163 0.019200904836729014 50.82593200417275 -0.5892037286944203 -0.679637076707048 -0.4369581330719038 42.68645013817389
-0.30254139036231564 -0.33619241065770467 0.8918763199759193 -11.865274881412214 -0.7580751082962058 0.6520683694123216 -0.011356574908167391 50.78367616551019 -0.5777463433889709 -0.6795450718150411 -0.4521367692109959 44.40805401617523
-0.3201796836017966 -0.32927726422052783 0.8882913111564745 -13.80348909625623 -0.756324080237335 0.6534916951091624 -0.030372521734228882 50.829879457000544 -0.5704900138142621 -0.6815607732922947 -0.458275088181112 45.26449039286342
-0.3223271743493028 -0.3253565551794184 0.8889591130517571 -13.763875271627589 -0.7544928031007395 0.6554435343782163 -0.03368060734271491 50.837436119512745 -0.5717042965949942 -0.6815694280435167 -0.45674644170617235 45.2062062231789
-0.33936497310623587 -0.3200810264723293 0.8845222165220129 -15.456780950553595 -0.7483499329652454 0.661585902686242 -0.04771237992111651 50.92685035833016 -0.569915601523165 -0.6781240519692864 -0.46405169677659774 45.9258388645758
-0.36670618698120194 -0.31217106810814355 0.8763993362993374 -18.693331474811608 -0.7409673123015185 0.6676459046685281 -0.07222456701151003 51.136692735576766 -0.5625780075068397 -0.6758684562957175 -0.4761384412689984 47.40304630987598
-0.39598521085883126 -0.30396932682139377 0.8664862152006957 -22.317699801011877 -0.7332639758937649 0.6726803480382947 -0.09912159713977706 51.47334589338692 -0.5527383236555514 -0.6746138137592649 -0.48926122659334464 49.133370683864605
-0.4232520922103779 -0.29561413693288796 0.8564286009265176 -25.581895722379173 -0.7243391995731134 0.6782249825691207 -0.12386927375620978 51.880371460210476 -0.5442337644811402 -0.6727727365645345 -0.5011850501901944 50.74879370596
-0.45258389807045174 -0.28695730520006607 0.8442886474421303 -29.171589420481542 -0.7151648214455748 0.6823507309777823 -0.15144886298945398 52.434376659678065 -0.5326416181393151 -0.6723488565665855 -0.5140427236130578 52.60456713188024
-0.47920377134570613 -0.2783045102754061 0.8324123648098993 -32.3187471592086 -0.7052552122217076 0.6866492367475449 -0.1764310383921182 53.03039659926112 -0.5224737612188385 -0.671609577979925 -0.5253206102976167 54.29018812069
-0.5024499228523489 -0.2693419362002383 0.8215832255040058 -34.88021310288463 -0.6937784014196438 0.6926606896900025 -0.19721231878806877 53.59885828215922 -0.5159608558304264 -0.6690860111839656 -0.5348909280298721 55.69710408615427
-0.5279544006753983 -0.25993345241198346 0.8085163889029449 -37.861703643233646 -0.6812072562348495 0.6981338433776497 -0.22037652049102657 54.341266383935604 -0.5071694242168607 -0.6671159847042571 -0.5456513887928814 57.40645049033362
-0.5471800200785693 -0.2513041102778535 0.7983985657453693 -39.93270973862302 -0.6696675947061653 0.7036724783941589 -0.23746653606576548 54.92720483738912 -0.502134780937617 -0.6645985911120116 -0.5533257399259984 58.61505174498141
-0.5651424899285957 -0.24266446990820195 0.7884972549866414 -41.8302811583353 -0.6579910009468026 0.7091208096496044 -0.25336834844728934 55.51219798062132 -0.4976563158951417 -0.6620133173630676 -0.5604253374746851 59.74739631236993
-0.5854444761112952 -0.23289444531579115 0.7765403677413115 -44.05564409728972 -0.6444878112024879 0.7147829942537228 -0.2715156207975919 56.24994475227147 -0.4918233693127959 -0.6594281222898561 -0.5685633869069283 61.12359707939664
-0.6061307111562528 -0.22285052884083784 0.7635071727158586 -46.34297523582167 -0.6302204468312644 0.7201778867362004 -0.2901137705314492 57.072131707656396 -0.48520897496749743 -0.6570246975963171 -0.5769668945090799 62.58629680165732
-0.6241156491035895 -0.2134882011718122 0.7515999231668528 -48.30404558627541 -0.6168267541140333 0.7250772868155454 -0.3062477486502492 57.83714540817405 -0.47958775208833704 -0.6547409534347338 -0.5842173156816093 63.87389188548992
-0.6394683580298195 -0.20478929612654606 0.7410408647778002 -49.540167555983636 -0.6042438362089542 0.7298377163135689 -0.3197284695639003 58.35602298192907 -0.475362604210855 -0.6522256143683575 -0.5904507959853098 64.6745779362241
-0.6519105224671683 -0.1970959349358152 0.7322334758315481 -50.55040648395222 -0.5929892411719558 0.7343594181729564 -0.33027262192767065 58.80655585215736 -0.4726271580758819 -0.6495147707115269 -0.5956124008754868 65.33500744022226
-0.6645439039429704 -0.18888410867949795 0.7229828443473453 -51.73777256163435 -0.5810965244579119 0.7389119334586097 -0.34108061196055656 59.35922330370623 -0.4697959439960765 -0.6467858595244678 -0.6007993200096224 66.14461097827919
-0.6817876047145291 -0.17830004794955595 0.7094890802252005 -53.526257613108356 -0.5655336631490511 0.7436620072375191 -0.3565648536194685 60.222460520286724 -0.4640445430158982 -0.644341455978617 -0.6078542178882337 67.43162330101224
-0.7002503083384206 -0.16738549716883652 0.693996830691234 -55.62225161528918 -0.5487808240728811 0.7479782224873963 -0.3733204867328834 61.29649436674105 -0.45660608055722207 -0.6422699385944586 -0.6156299320013894 69.00778145127224
-0.7188701614474227 -0.15615284500519092 0.6773787566622756 -57.79184246831878 -0.5311498929830072 0.7520141387544836 -0.39032617936475245 62.48399002854028 -0.4484478589141536 -0.6403834976872299 -0.6235410922506827 70.70342694629956
-0.7273799704385122 -0.1490688200306079 0.6698483899357682 -58.57537543462795 -0.5227624339466959 0.7527290457183439 -0.40014799935282847 62.94445936379087 -0.4445647492311872 -0.641231214638392 -0.625447610207584 71.3200623359364
-0.7273110525518831 -0.14675762501830147 0.6704333168442997 -58.006677245009925 -0.5225490276395003 0.7517129182374471 -0.4023309611103119 62.598753005188534 -0.4449282487647614 -0.6429540326134698 -0.6234171680321241 70.80247329492002
-0.7271280639485079 -0.14636954492876977 0.6707165831674574 -57.414334952363035 -0.5227999752778034 0.7512759550194397 -0.4028208351850116 62.233507806215165 -0.4449325392326517 -0.6435529471045623 -0.6227958251345387 70.2602805882484
-0.7356041101076899 -0.14157139889065562 0.6624531169892747 -58.02625725318504 -0.5143661738520298 0.7530896493190024 -0.4102236210719691 62.60551532366214 -0.4408106536705859 -0.6425056568659286 -0.6267953800928863 70.72205782177376
-0.7559010869660032 -0.13041055641633148 0.6415657670876671 -60.49376456659376 -0.49464356984380586 0.7557340701838025 -0.4291779980096747 64.15296785948932 -0.42888376692966906 -0.6417624965192341 -0.6357669482802725 72.79993874943209
-0.780047622671053 -0.1203384465535752 0.6140393836280368 -63.66209795814861 -0.47287009936740226 0.7560402359436798 -0.4525450593681036 66.29268094781891 -0.4097799110370015 -0.6433675620633126 -0.6466518418710407 75.63341544873413
-0.8031610856958893 -0.10990135171230395 0.5855373287123524 -66.67441184921458 -0.44980911455614975 0.7563177791044131 -0.4750317646987127 68.52613658961879 -0.39064565898778925 -0.6449070552431333 -0.6568796382988431 78.49273356277797
-0.8221042093749654 -0.09801628264546959 0.5608364086472232 -69.06097142970414 -0.42681936000187964 0.758025382921323 -0.4931761883693899 70.46723656964609 -0.37678893674780317 -0.6448180574265413 -0.6650111051411958 80.88221624844223
-0.8371591598776992 -0.08568141343700397 0.5402066608477636 -70.86427530886588 -0.4053793600764676 0.760245828012373 -0.5076355537329589 72.05436707121225 -0.36719492841929274 -0.6439603841706507 -0.6711802352289072 82.76472660553235
-0.8527966561971362 -0.07335321056615896 0.5170659239193861 -72.74888226798599 -0.38246731464211675 0.7618958624867402 -0.5227173690973226 73.82254943868293 -0.355607390825081 -0.6435324399167582 -0.6777974493647453 84.83385349396704
-0.8699696009931538 -0.060939760849779194 0.4893252894500474 -74.91735435568799 -0.3568123540400874 0.7627230978752041 -0.5393870780543558 76.0052569400361 -0.340349581095929 -0.6438476694958342 -0.6852899686502067 87.36635045803445
-0.8861512166832265 -0.04844036764411555 0.4608574095675677 -76.97836224523022 -0.33048895655804855 0.7631960288536564 -0.5552556808670887 78.2609123481184 -0.32482775553206666 -0.6443487815806791 -0.69231609609447 89.93418870208755
-0.9112007303102361 -0.03078619566025751 0.41081070974215045 -79.54482635552108 -0.2862787641691973 0.7644016219223796 -0.5776976974059926 81.30512466480285 -0.29623925848516375 -0.6440049460673404 -0.7053367501930944 93.33659201010303
-0.9313828455606754 -0.012930636515525019 0.3638114808999174 -81.56219785971288 -0.24341432944349148 0.7652329703244867 -0.5959597011123589 84.07694446973234 -0.27069440189421023 -0.6436235699286198 -0.7158723636343759 96.355236919079
-0.9418800293182099 -0.001271707549578705 0.3359470094098537 -82.98313741952232 -0.21763041844712808 0.7641086451580177 -0.6072684574068536 86.35445188587539 -0.25592774632314685 -0.6450863207003237 -0.7199754353498924 98.80748882736137
-0.9546045383644693 0.007667269688889431 0.2977774140351542 -84.82261468129276 -0.18773269332685896 0.7606593938064717 -0.6214126829009905 89.60300383440888 -0.23127172587713826 -0.6491059232432578 -0.7246895122880694 102.31110278040825
-0.9637480502338431 0.01769275348598235 0.2662267119290196 -86.07375264121953 -0.16071978482220287 0.7579671886517725 -0.6321826410888117 92.11866347736665 -0.21297616401174674 -0.6520526875961832 -0.727645824671198 104.95886733892446
-0.9677274088768656 0.02806856475994096 0.2504312635849838 -86.56405071849764 -0.1428520717983667 0.7575750440448282 -0.6369249078371664 93.21245767002178 -0.20759804356344388 -0.6521443155566001 -0.7291164817749188 106.03557251923498
-0.9704492188499063 0.036911982719090325 0.2384655513178762 -86.89391271097013 -0.12845317731079994 0.757554094709109 -0.6400090427706582 93.9889364608816 -0.20427455757473525 -0.6517279333596194 -0.7304263179858984 106.76980075609856
-0.9746271412636497 0.04765887516253228 0.2187020053188233 -87.51713755824923 -0.10780643102756929 0.7563291280323344 -0.6452472576609204 95.56227661583787 -0.19616245548353758 -0.6524529727942722 -0.7320009626705262 108.34852470958393
-0.980050500879415 0.05980218771367269 0.1895381599326463 -88.38952666773446 -0.08016138121171261 0.7537101699305288 -0.6522998794308611 97.98082972311298 -0.18186579856648577 -0.6544804642523296 -0.7338802035917177 110.81258893296375
-0.9855073594473062 0.0701745944122367 0.15443694756846313 -89.32989171468222 -0.0499592720605855 0.7499693352997365 -0.65958325270222 101.0016798269593 -0.16210896215312326 -0.6577397071860137 -0.7355944276437163 113.89380779995071
-0.990109412500043 0.07923941853169951 0.11577765686679749 -90.19880102942062 -0.01825463031081016 0.7454542286089283 -0.6663068073502446 104.4045685618318 -0.13910470786793472 -0.6618301198946898 -0.7366347620423228 117.34815476960505
-0.9924946940352469 0.0903519946075175 0.08240630669016259 -90.76427094681254 0.011764906765398733 0.7412952179554723 -0.6710759918259208 107.23894933290552 -0.12172045547348001 -0.6650698586665809 -0.7367945533271371 120.1776398395496
-0.9929682073432494 0.10086042071741223 0.061978340879925445 -90.99865845421378 0.03299138216637568 0.7385771743838984 -0.6733612152343209 108.71920541495781 -0.11369128334341932 -0.6665815276556925 -0.7367111775179755 121.59464528104405
-0.9927313460841304 0.10946727050165109 0.05001390997409543 -91.10837750765845 0.047318105236014624 0.7371089606317887 -0.6741152550366966 109.50288824640765 -0.11065925817052927 -0.6668487810930123 -0.7369309545241701 122.29897851695407
-0.9924899850885096 0.11922313277496362 0.02737652480358135 -91.29696952522337 0.06953770478043318 0.7340049153071387 -0.6755747863255569 111.24826489045161 -0.10063864621936638 -0.668597508906724 -0.7367830304579827 123.98310666005798
-0.9917947903452137 0.12717790193732698 -0.01299519537757603 -91.53326385136268 0.10224842222860765 0.7281269544245972 -0.6777731171949164 114.7490869664574 -0.07673561100194465 -0.6735405848938681 -0.7351562599236824 127.45393850694941
-0.9893211282121148 0.1354877564541724 -0.053728699259439884 -91.57347603584441 0.13571827221045052 0.7219294265866801 -0.6785266786327789 118.09897085260002 -0.053143728334640886 -0.6785727454586106 -0.7326081990118938 130.7584766983865
-0.9857908316738574 0.14677825541542225 -0.08168586123043639 -91.47559918257868 0.16289035607088218 0.7165241964022454 -0.6782770878256252 120.4423651617818 -0.04102643156373465 -0.681945173534732 -0.7302517457738964 133.01550743825115
-0.982801661524447 0.15547917597517866 -0.09963493334596234 -91.41666886638446 0.1814580340459088 0.7130033086219258 -0.6772734040063688 121.4102891945502 -0.03426187363481827 -0.6837049858910352 -0.7289537819935942 133.8871897487855
-0.981523932290138 0.15843672333041967 -0.10727802683687689 -91.46902544730293 0.18880992069197408 0.7111321199183381 -0.6772310697751063 121.21350843655459 -0.031009420987558 -0.6849736584137855 -0.7279076198867853 133.62130263669056
-0.9783085014604638 0.16354976045190756 -0.1271375311475501 -91.32646527594243 0.20613319980925698 0.7077500993663495 -0.6757210228957757 122.47156600569912 -0.020532411124051048 -0.687270887425796 -0.7261109745695802 134.81647798173353
-0.9705748313029413 0.16988585117023322 -0.1706554845688275 -90.74662885779621 0.24073890157516406 0.7004993572415197 -0.6718224704284573 126.25586323857368 0.005410925026176637 -0.6931373948045063 -0.7207851786863938 138.5120304602731
-0.9603227881762261 0.17406328805019688 -0.21790391061792 -89.84847012676043 0.27667970743940506 0.6928041071064013 -0.6659360394720661 130.389004830628 0.03504970756900794 -0.6998031444125203 -0.7134753514100327 142.554301193932
-0.950881574197566 0.18161624819609887 -0.25067861943676073 -89.05585075515003 0.3051734357961804 0.6857536841799395 -0.660765509631055 133.20273872245608 0.05189803402732466 -0.7048102035475983 -0.7074949971832202 145.2603677718927
-0.94093092525776 0.1905377765822219 -0.2799006066243293 -88.24361278968628 0.3322820619898196 0.6785335546171088 -0.6551189560213153 135.67799519036907 0.06509704427512389 -0.7094276361643718 -0.7017654906540127 147.62155741901833
-0.9276887586998603 0.1986377088566741 -0.3161275495778125 -87.07612139815241 0.363892678035596 0.6704692611598531 -0.64657025040736 138.77550589015337 0.08352057144190732 -0.7148524536293668 -0.6942696044665101 150.60577999996335
-0.9135259846595646 0.2070082212482177 -0.3501683476378334 -85.80337073800156 0.39432067141691257 0.6620727052711337 -0.6373154172215442 141.70707738105287 0.09990737432780623 -0.720282812005538 -0.6864482407904555 153.42543186652895
-0.8967197301518436 0.21266436008152945 -0.3881592398842352 -84.13858661366054 0.42584025059297026 0.6535945903070791 -0.6256789851802848 145.0705731097363 0.12063915836621868 -0.726352518734828 -0.6766522090381841 156.68570693246025
-0.8824214582760256 0.2181095102465001 -0.41684602854535263 -82.75797689841353 0.45068645747348557 0.6460804275098497 -0.6160047063445887 147.5509106364455 0.13495957551800794 -0.7314426311944874 -0.668414235521115 159.06973095479677
-0.8701345819806015 0.2261718020272133 -0.4378494321215866 -81.68785266593991 0.4719781652141298 0.6380678610437418 -0.608363391620634 149.33935167469167 0.14178300604281258 -0.7360133970729206 -0.6619530636885335 160.7565579783009
-0.8518680351255683 0.23307170540375852 -0.46903990328273354 -79.92610410359259 0.49996032483485187 0.6287249908142766 -0.5956043649240746 152.05242690348194 0.1560785838041901 -0.7418776624658305 -0.6521173281027779 163.37613291225972
-0.82586554087204 0.23410174641896525 -0.512974152100973 -77.33591881091485 0.5332561648826035 0.6199327313799227 -0.5756051347742819 155.65598763225697 0.18325929994087384 -0.7489190749923602 -0.6368172799930611 166.91929355354517
-0.7931496720023081 0.22988802170737294 -0.5639726015313955 -73.80861468453831 0.5683558731390782 0.6121206530982426 -0.5497998795188026 159.96107170541538 0.21882687054138442 -0.7566107344771449 -0.6161615025324222 171.20946778794587
-0.7544492136967944 0.22378259125647582 -0.6170313896414138 -69.72272380929824 0.6039129601046319 0.6048960922516626 -0.5190277971326025 164.2947984559516 0.2570904910142314 -0.7642133664292965 -0.5915085882731168 175.5704777518073
-0.7263383457212353 0.22298880165697949 -0.6501604431757685 -66.87903847810146 0.62891050117956 0.5972526183954034 -0.4977558551397478 166.93214981556406 0.2773160454084878 -0.7704318945600653 -0.5740474778305171 178.21307540575785
-0.714635140177312 0.2283817062176096 -0.6611644369511075 -65.95664910059884 0.6418640921533624 0.5898049410053643 -0.49004144597145133 167.76276430567665 0.27804155018248994 -0.7745785485222171 -0.5680853532184448 178.97647000285517
-0.7025165188018166 0.23364809705480377 -0.6722195382114633 -64.99755268329942 0.654811982526604 0.5821688106788995 -0.4819758743052246 168.59785195810434 0.2787325032179474 -0.7787734218727399 -0.5619787798791621 179.74716585290489
-0.6739896202922712 0.2329864071352456 -0.7010387477368685 -61.990718403708456 0.6771737415259476 0.5741215399565063 -0.46023926510643376 170.98269485312497 0.2952519526201598 -0.7849215192923246 -0.544724235761365 182.16369249970705
-0.617053142698516 0.22283515454521144 -0.7547118079006605 -56.38449350070955 0.7111514634117982 0.5685223064091344 -0.4135770583609386 175.0152465068318 0.33691098998567964 -0.7919134302523486 -0.5092780221183895 186.37466487941109
-0.5520415438992955 0.21093711496113607 -0.8066942836918715 -50.07604771126955 0.7427684678259995 0.5640093122554894 -0.3608164337893969 178.831769993113 0.37887351057138846 -0.7983727382751453 -0.46803400919842275 190.4782500237688
-0.5006122736472948 0.20314144662215555 -0.8414992003192462 -44.33303226650241 0.765544996980458 0.5577018258535454 -0.3207951543240691 181.70718256962968 0.40413884875357564 -0.8047994943486674 -0.43470629719875753 193.66420287237705
-0.45745292386298 0.19875573116016998 -0.8667369738162689 -39.217753222238755 0.7843706400506321 0.5493803456573957 -0.2879998868609383 183.9260707126162 0.4189266301821377 -0.8115894252245638 -0.40721380549766645 196.17028902324543
-0.42967846391868336 0.19820528837288942 -0.8809603176678771 -36.17691165428261 0.7975333276052097 0.5408196647101005 -0.2673100851479543 185.11950529259548 0.4234583911123159 -0.8174526004141557 -0.3904538859746362 197.5024674490502
-0.40461382980123045 0.19882662448670518 -0.8926116860812375 -33.61622121730944 0.809986904067283 0.5310188974360224 -0.24887777282296536 186.06258448712464 0.4245101459012116 -0.8237031649575255 -0.37590455180255256 198.54939127424132
-0.3691702816020239 0.19774110166942338 -0.908081361934288 -29.706891999928963 0.8251093137397717 0.5193840723187618 -0.2223393932740054 187.36868402376786 0.42767735918768807 -0.8313474857916711 -0.3548991889341296 200.08013463266033
-0.3341483507086582 0.1962872566925796 -0.9218547567696175 -25.819195148129143 0.8390014340590962 0.507588434556996 -0.1960371769607706 188.53155352784682 0.42944321320222617 -0.8389429622829373 -0.33429512809861195 201.48214820748552
-0.30159230556122896 0.19476427519869519 -0.9333321800584047 -22.251320893868076 0.851430579933468 0.4955600744433461 -0.17171540458518358 189.48733094304754 0.42907813831563285 -0.8464556041069266 -0.3152853651782114 202.66087867819095
-0.26840956262921145 0.1927362434400182 -0.9438268099359177 -18.607001145848066 0.8629846043470223 0.48346560186126886 -0.14669214183767518 190.35457070298426 0.42803490435850916 -0.853881579776459 -0.29609520153026864 203.77350948559854
-0.22953584544520417 0.18936745187656964 -0.9547006147612539 -14.241045680534215 0.8739111604575968 0.4719170145430831 -0.11650585827498265 191.24986190166766 0.4284770463903539 -0.8610657928140618 -0.2738122005354757 205.011098878397
-0.1849047304174218 0.183785968460798 -0.9654185405647505 -9.023013848501593 0.882918045265807 0.4624766324708337 -0.08106225855744559 192.12350546091233 0.43158540987069605 -0.8673742457643957 -0.24778206507206876 206.35750064239127
-0.13839216568321042 0.17725173582881218 -0.974386694604955 -3.494743613998458 0.8900211773683698 0.4538048196842009 -0.043857604439837605 192.8302120063603 0.4344075417316345 -0.8732943420044892 -0.22056083040652297 207.61898933009994
-0.09477041265301527 0.17129736765866468 -0.9806506925092011 1.5738082793068626 0.8961544031743842 0.4436488547488448 -0.00910930025811618 193.28789476756265 0.43350415748494375 -0.8796777282125778 -0.1955536753170801 208.61717368931457
-0.06583423423086218 0.16757844155480703 -0.9836581314304703 4.705619737657335 0.9007717860432289 0.434077748333081 0.013663742919309392 193.48200537122008 0.42927385556509057 -0.885151949852756 -0.1795271082598303 209.13111672365574
-0.040719922709440956 0.16402048664128369 -0.9856161361587377 7.4068111452370236 0.9052884243626518 0.4235077541365985 0.03307644027328659 193.5970676006746 0.42284129009536753 -0.8909200088381232 -0.16573105092997487 209.5180767775023
-0.0030275447609834118 0.1578452528709886 -0.9874592194712648 11.725139227103913 0.9090805365154486 0.41182302600325243 0.06304263146712161 193.65743129198356 0.41660942392304917 -0.897489092635453 -0.14474085981120385 210.10311684196512
0.03712156025954859 0.15097193455140706 -0.9878408094129785 16.27372649364329 0.9111704911918529 0.40081016691656873 0.09549631447077463 193.57744331759642 0.4103539030459992 -0.9036363677243789 -0.12268247299755691 210.62524734262544
0.06947814525891167 0.14464930985880545 -0.9870407106541953 19.81076014195186 0.9129003350702786 0.38972009441252825 0.12137226305731627 193.41406235512358 0.4022260130324067 -0.909502515207326 -0.1049733741078777 210.9373351743325
0.10080855274513077 0.13801372101716824 -0.985286683409663 23.203148034494692 0.9138815196347312 0.3786126234587436 0.14653685347991174 193.17091278799606 0.39326607247960976 -0.9152074596334285 -0.08796079847170041 211.17208432248853
0.13825840085599408 0.13000752160561307 -0.9818261856961726 27.528734954742905 0.9130480662763066 0.3673395973210118 0.1772141329271592 192.73031075787662 0.38370280590820705 -0.9209558428969294 -0.06791533090669208 211.40985632992957
0.1723041926175316 0.12181855181733604 -0.9774822277870495 30.84673868351296 0.9115381715838102 0.3564166410192031 0.20509836603499107 192.30733696285552 0.37337571821431464 -0.9263516710395173 -0.04963017842229545 211.5106019378844
0.18374313919081028 0.11760539509034046 -0.975913638518254 32.06099981057509 0.9117159098059254 0.350729993002938 0.21392188250598268 192.12500918440972 0.3674405511195668 -0.9290626690669443 -0.04277847986014397 211.51281453741038
0.20504063922482965 0.11194718123100883 -0.9723302756166192 34.292447703936894 0.9091868042896162 0.3460573724699661 0.23156780835169877 191.743403308028 0.3624054237617026 -0.9315106674502475 -0.030825075092944184 211.52537996221622
0.2507589910849602 0.10159946475847563 -0.9627032134312371 39.73913867690392 0.9017860957514038 0.3370899292508332 0.27046666542681197 190.68174343243987 0.35199682654746134 -0.9359743203520331 -0.0070926540911379655 211.518395780401
0.29092095485599123 0.09124499328890502 -0.9523861345196978 44.56671892379332 0.8942844195698566 0.32784842072813675 0.3045829771025658 189.54360379253603 0.34002996182729806 -0.9403136520468928 0.013778999744235118 211.38497741133688
0.32012077062457994 0.08171961715037385 -0.9438456422463937 47.91451232564472 0.8892779996617428 0.3176006679045328 0.3291116149032039 188.64746263900392 0.32666088154587025 -0.9446966285106461 0.02899911288787322 211.1984841447925
0.3451274009128529 0.07242069844596168 -0.9357576179629655 50.63129012403308 0.8848273165986033 0.3073884207657581 0.35013280134834346 187.85556824326605 0.31299791842765357 -0.9488243257925685 0.042008354457456515 210.98892512895597
0.36742191046812184 0.06360401143654713 -0.9278769689118924 53.016648024494906 0.8804314500257883 0.29773692139128505 0.36904361184813694 187.10632438040574 0.2997358862622791 -0.9525267740959358 0.05339609645794793 210.7636830712107
0.392648665416023 0.05401425465161386 -0.918101021588274 55.90800666754878 0.874141762694714 0.2883433064669274 0.39081237995832285 186.1154453570646 0.2858377236475005 -0.9560024047616934 0.0660014986940805 210.46537298450264
0.42191503092145516 0.042907352377621215 -0.9056194928304468 59.149629092092574 0.8653612558705733 0.27889658006802576 0.4163731433035203 184.91035311477827 0.270439648573655 -0.9593621092884024 0.08054029886371077 210.08808846658255
0.44760910288601846 0.03189175278536103 -0.8936604540415992 62.11937949941567 0.8571870919413678 0.2693522393910464 0.43895291381208607 183.7104142938217 0.25470842236303426 -0.9625135257435591 0.09322731540717086 209.68261885404686
0.4717934166825926 0.0209032174732052 -0.88146130231237 64.7607407604794 0.8487050612699086 0.26019739561179744 0.4604313567641428 182.56899035156948 0.23897843197618687 -0.9653291515416368 0.10501875182126849 209.27312407734715
0.49879190599140233 0.008987613388459928 -0.8666751740548647 67.99089984520904 0.8377916601916511 0.25119627379951853 0.4847737267453195 181.057409287181 0.222062533154002 -0.9678944440561729 0.1177649206445227 208.73542860421733
0.5278058559180206 -0.0038795310483065964 -0.8493561842345513 71.5896509406613 0.8245183991292362 0.24244325683673507 0.5112638034437305 179.23457660154452 0.20393721572091217 -0.9701578306921163 0.13116171541558871 208.07960978110128
0.5544208832955525 -0.016964555713548872 -0.8320635120080724 74.85076208779012 0.8113097733048134 0.23381154757466566 0.5358251692117714 177.45309558559325 0.18545602148720464 -0.9721339229088617 0.14339351458122382 207.41402062326756
0.5862130217063228 -0.03069774796188044 -0.8095751610888251 78.79816704454693 0.7929717689360939 0.22647047388030714 0.5656031277590162 175.11863274570584 0.16598212811111526 -0.9735341661854957 0.1571023883243259 206.55044167829817
0.6187352147427512 -0.04453676696645164 -0.7843361590704612 82.8097900094758 0.771900575614033 0.22009979610371996 0.5964273477313196 172.53013720510896 0.14606928288985518 -0.9744601357383829 0.17056145066446451 205.58718883768094
0.6485319880674999 -0.05845103318732763 -0.75893987717904 86.57197615278575 0.7507069740316448 0.21399707245188818 0.6250154335072565 169.8788535024834 0.12587811403678578 -0.9750839603343632 0.18266354509093138 204.58629124578133
0.6736937268374825 -0.07212646920132824 -0.735482518392082 89.56822718196409 0.7313679292362097 0.2078327467181442 0.649543302233439 167.59885804456647 0.10600808697713537 -0.9755015744898271 0.19276660411831348 203.7019638822177
0.682645453577765 -0.07935158633575856 -0.7264285996955188 90.45537496811762 0.7244222840031631 0.20402123522225368 0.6584737580329355 166.8920840108508 0.09595592295026997 -0.9757451825781025 0.1967582260704173 203.40735138323336
0.6956910724579047 -0.08731360261045189 -0.7130149132392261 91.9462932493989 0.7132718390556881 0.20167617479504196 0.6712451147905265 165.64149413107614 0.08518929106687859 -0.9755526922310318 0.20258264824090674 202.91976487033102
0.7297728154284503 -0.10066781819308088 -0.6762378488681804 96.41864687233088 0.6805604888322933 0.2014865370376888 0.7044434657464718 161.67969351227214 0.06533803564519583 -0.9743044523006117 0.2155499369640881 201.42486947149868
0.7629801817162968 -0.11382437688211565 -0.6363216588609497 100.73393666612203 0.6448699752164483 0.20219516374633584 0.7370616194199234 157.44234904731488 0.04476558245453361 -0.9727081407004778 0.22767282587633503 199.8262727044998
0.7898322150429968 -0.12785878641886966 -0.5998476496709422 104.32271519348221 0.612904550594051 0.20066389259860776 0.764252585254554 153.52915900116628 0.02265135628096576 -0.9712806664104143 0.2368560387998682 198.33892961102026
0.8158068398129843 -0.14194089264252394 -0.5606353387989219 107.84340842136297 0.578324460299046 0.1999978666858309 0.7909119242626985 149.29968545652233 -0.00013687278299196604 -0.9694604872386241 0.24524751772216047 196.73996122885998
0.8268981705917808 -0.15183143036042498 -0.541467110937184 109.21214288974149 0.5622117934452023 0.2017264073244657 0.802012690609746 147.49081772814895 -0.012542519008775444 -0.9676020221881835 0.2521686179409397 196.04831310263037
0.8270318412986954 -0.1565382870956662 -0.5399204553924878 108.90638271628572 0.5619693944465232 0.20553620613601814 0.8012148698524083 147.9509722262275 -0.014447601305670745 -0.9660489804561452 0.2579547134210686 196.20399085897355
0.8305795914168829 -0.16228044482792417 -0.5327312639109909 109.07607576320564 0.5565024158985579 0.2057200736628976 0.8049747277965883 147.7553453450865 -0.021038142047770762 -0.9650618159053715 0.2611763543290148 196.07894461609035
0.8386109143272503 -0.17362137941098718 -0.516320976702115 110.12520036262444 0.5434568296151344 0.20187521232545666 0.8148012475402877 146.30499303759996 -0.03723450974391229 -0.963899380257072 0.2636504807963624 195.45349528271143
0.8566201995943263 -0.18681839608712136 -0.480937335346715 112.61590248968399 0.512583657418804 0.20188110433957124 0.8345669618777083 142.60385986356604 -0.05882030086737076 -0.961427535799792 0.2686954886331399 193.99785441972904
0.8777936178349801 -0.20081844468061838 -0.43491414872848283 115.59830231498032 0.47165282835464534 0.20349203580199632 0.8579828674689334 137.71680808729226 -0.08379721948387839 -0.9582603736152331 0.27334059772663616 192.11922484795696
0.8913904383209238 -0.2161459876072869 -0.398376704277859 117.55735630774628 0.44017069205112663 0.2033213164518952 0.874591449841291 134.1019265811132 -0.10804095672129453 -0.9549562054447986 0.2763798063412177 190.7169994664757
0.9010991948228322 -0.2333255887750085 -0.3654851716724302 119.2732064212476 0.412634459831654 0.20241833608397242 0.8881213992334752 130.57966686263873 -0.13324054806653823 -0.95109725414375 0.27867717795172514 189.34713077223373
0.9067984123183681 -0.24734169428866654 -0.34137768773498633 120.38136389120237 0.3926867093721961 0.20103786057082546 0.8974301794009009 128.08127129855006 -0.15334206108994547 -0.9478427426970716 0.279428608802268 188.35924187751996
0.9113816606132641 -0.25994284186867 -0.31908178835376283 121.34075514557502 0.3740985344876145 0.20004363529143035 0.9055566412288077 125.7436980884536 -0.17156268589648818 -0.9446757448673161 0.279560336720635 187.44261087158307
0.9178790704280427 -0.2753145361502722 -0.2858319755634413 122.7259919863794 0.34564326036166776 0.20067525208755432 0.9166570677009721 122.06704767257953 -0.1950096116520864 -0.9401762331520336 0.27935622774397967 186.0575853573822
0.9235345174553483 -0.2904658488424249 -0.2504268071208703 124.04677727932126 0.3150032939529331 0.2020434166399275 0.9273356364290432 118.1083991367168 -0.21876224506826555 -0.93531173864584 0.27809176845778577 184.59244733213782
0.9268802504328514 -0.3052101302081392 -0.21849434266326484 125.05955487231245 0.2876139797021552 0.2034596592255385 0.9358858721808486 114.62379271227978 -0.24118706440730098 -0.9302961590193459 0.2763654400905275 183.30890954627546
0.9274054833452686 -0.31730336203001885 -0.19808494618612998 125.5895481733231 0.2706119581973508 0.20353973547400808 0.9409254721622524 112.54969014240268 -0.25824065818865993 -0.9262235974793598 0.27462995089878883 182.52085457390615
0.9274356719878438 -0.322370012262088 -0.18958019284351305 125.66040986056585 0.2636876978578748 0.2041976463476781 0.9427471130820151 112.29774721863738 -0.2652015692315154 -0.9243272669461821 0.27438518775060183 182.38982754302862
0.9275838949415386 -0.32764653073783206 -0.1795435009699142 125.74363074592884 0.2558919157783056 0.20699485834061693 0.9442840971126475 111.97725576069206 -0.27222682690062167 -0.9218464511598445 0.2758471953810828 182.2323181968693
0.9271778729357302 -0.3402096612577743 -0.15683933921447002 126.24230424348585 0.23681617361067028 0.20787636205781218 0.9490550658491853 109.58088860768015 -0.2902745112040734 -0.9170849494373292 0.27330551341083037 181.34238745727703
0.926174986983036 -0.35421912851279796 -0.1293394853963513 126.77131873167671 0.21351101272677514 0.2098751125550663 0.9541307481547675 106.6561523586732 -0.31082622304327473 -0.9113074377648966 0.27001076449471684 180.2851627824002
0.924227240340326 -0.36812630587531064 -0.10142500251657804 127.2186730249849 0.18975030609841945 0.21227880394049256 0.9586096863338804 103.66141548348872 -0.33135906438250395 -0.9052186102374273 0.266045932371389 179.22020706944974
0.9228442332587145 -0.37596316039663313 -0.08372707546365375 127.3927536577343 0.17562097987112157 0.217247576794329 0.9601878783894794 102.22892695513099 -0.34280576507729504 -0.9008080774513268 0.2665126920583784 178.7099413983781
0.9221663766469972 -0.37828514811968783 -0.08068159947472364 127.33340554268224 0.17557789784599645 0.2235307047300425 0.9587525362839264 103.04077052346041 -0.3446470304089626 -0.8982952581166975 0.27255101114347113 178.94559898169433
0.9220551074110279 -0.3792859523702834 -0.07717865787761674 127.27130635087315 0.17378703761182085 0.22751475880550792 0.9581414822894212 103.77168614158701 -0.34585032088366247 -0.8968718976867468 0.27569612743821836 179.1602244404573
0.9206384439845328 -0.38423022896722975 -0.06922417645240762 127.29552455498775 0.16745260321417785 0.228441034143774 0.9590486534040431 103.65001770065403 -0.3526818412316129 -0.8945288285276787 0.2746519502904857 179.0657720003758
0.9170941691469419 -0.39551983144493075 -0.05002347299457902 127.46243892859259 0.1515423852070249 0.2297928437795141 0.9613688961233765 101.65416508625668 -0.36874542763596824 -0.889246485447924 0.2706796957957336 178.32269360622584
0.9122621102134212 -0.40896960019443684 -0.022840936621421563 127.6406803313237 0.12859249380263746 0.23300722244258346 0.963935477522848 98.74276359270863 -0.3888982036556117 -0.8822989858355171 0.26515408121891126 177.28734214951396
0.9064224555579014 -0.4223436574573485 0.004916001008919054 127.73369203742267 0.10503959224635387 0.2366759371443989 0.9658939821934548 95.77261557456637 -0.40910269630141904 -0.874991620406937 0.25889118968504893 176.25179329707566
0.9034744986477102 -0.4282050572974339 0.0193457798539096 127.735353787559 0.09300214334445012 0.2398841303145187 0.9663364866114574 94.57641454042164 -0.418430916193575 -0.8712611737751979 0.2565531824890478 175.82484243899415
0.9038555572703942 -0.42744149983719587 0.018409122964972224 127.75165108950702 0.09425105263413233 0.24090279245626228 0.9659619990787024 95.33266771951725 -0.4173270548008727 -0.8713550417617899 0.2580281390227187 176.04527432376284
0.9002811551767418 -0.43349224400500347 0.039728025638382354 127.73041582754752 0.07485801765682012 0.2440754356308821 0.9668626887588933 93.32559944393364 -0.42882411175925056 -0.8674742970884433 0.2521868851958597 175.37315155841054
0.8919435549835095 -0.44591337735344094 0.07481948022148156 127.60139916750458 0.043665632321402886 0.24965368142830327 0.9673501702606234 89.68756852844474 -0.4500333401841896 -0.8595547098623388 0.2421480817105932 174.1817507609002
0.8826117899215961 -0.4586341954831161 0.10320418123766788 127.36691981715423 0.019341884451837328 0.25477780573260966 0.9668061652740526 86.54213199617779 -0.4697045026367492 -0.851318356691325 0.23374074476465248 173.16915078961458
0.8725350028619973 -0.4707384723761441 0.13072092183569956 127.05839319185243 -0.004325268986391376 0.260114697705256 0.9655680380407634 83.60603581534083 -0.48853245626958886 -0.8430573139844434 0.2249231079914346 172.2437450869056
0.8629823000659972 -0.4816375214299889 0.15260028742949613 126.73304574141518 -0.022804660153901618 0.2645978758507777 0.9640891616290022 81.20984832416467 -0.5047192261525754 -0.8354718798655167 0.2173597035007041 171.49700851207032
0.852913801061258 -0.4921925938634328 0.17402441927847068 126.35983505541351 -0.040951918165648936 0.2692404821976929 0.9622019035236307 78.8787026051493 -0.5204430692763414 -0.8278019166998384 0.20948269224516763 170.78579276079606
0.8412381614760072 -0.5031632343922265 0.19785124521318212 125.87580586031316 -0.06133668371339447 0.27476206247729307 0.9595538652177154 76.24435764541758 -0.5371742425949871 -0.8193488686628937 0.20027796811763035 170.01181656599368
0.828775395452368 -0.5138857928779949 0.22147852214359715 125.32246549286324 -0.08160406965487185 0.2805707722861687 0.9563581011077892 73.6162723284613 -0.5535992410657025 -0.810679612187752 0.19059498071718187 169.2628813958009
0.8226092323262024 -0.5189451699532511 0.2324004334631776 125.1044660917217 -0.090661768885598 0.283784333759405 0.9545925285561664 72.69454341677917 -0.5613327841434327 -0.8063264614874722 0.18639512587742893 168.98592802172286
0.8159418007950219 -0.5239344942915242 0.24440053888411775 124.8327467926332 -0.10067991965089904 0.2875085520703782 0.9524717246540567 71.60929385174927 -0.5693000364433963 -0.801767720838065 0.18184056293266962 168.67575556308643
0.8004025012074586 -0.5342859972452462 0.27183507722235234 124.02805565662742 -0.12497351265662919 0.29477851481281475 0.9473580359816474 68.54945656392312 -0.5862912733403888 -0.792239926002464 0.1691698627194092 167.87063272272525
0.7846704687134889 -0.5438138181396422 0.2975882839248264 123.23054326245115 -0.1479497097707798 0.3018942608104217 0.9417912394307248 65.84385783602012 -0.6019992848066206 -0.7830238735122312 0.15643041456892692 167.18230676798836
0.7694979233922338 -0.5529286051381628 0.3195980342789848 122.42214212401703 -0.16714059491456357 0.30863182406377804 0.9363815561546804 63.36974785345079 -0.6163902720084354 -0.7739614685467336 0.14507473170176272 166.57742432030437
0.7541237302078552 -0.5613192787877043 0.3409077100897354 121.6321779057185 -0.18595993704323793 0.31533816276053367 0.9305808642571993 61.135360208396634 -0.6298541905490924 -0.7651682889195346 0.1334210938333487 166.04796958527234
0.7475903631756249 -0.564405845505355 0.35007812049071035 121.566987248413 -0.19424939374207437 0.3182407306868708 0.9278954738345871 60.971199640275024 -0.6351187463126573 -0.7616881769407069 0.1282782101175763 165.9677718495291
0.7492947385206356 -0.5622302828003114 0.34993499957500646 121.89210376415035 -0.19371540963229444 0.31921906054877663 0.9276710254467034 61.81209162540985 -0.6332706648000302 -0.7628868202326108 0.13027649296435595 166.10142068630748
0.7507564932066811 -0.5607973177611261 0.34910035276395635 122.20310899732016 -0.19301841078230314 0.3191808450327842 0.9278294462147779 62.62371280155795 -0.6317504103734862 -0.7639567766281481 0.13138288487032787 166.23167720047482
0.7415164393993303 -0.5650244532805984 0.36180206922499203 121.82097639590759 -0.2046185487014289 0.32311472521366325 0.9239740926440576 61.644042233213554 -0.6389715327210189 -0.7591733935966444 0.1239803969468346 165.99427432001676
0.7252059866378956 -0.5722716219109312 0.38285959267070047 121.0585761553272 -0.2239664800127438 0.32974819291713325 0.9171178468978654 59.77126170795178 -0.6510877765518608 -0.7508470683323625 0.11096570281595801 165.57421432840474
0.7069983876061348 -0.580452890964267 0.4040145062909701 119.90091756921022 -0.24252845489043848 0.33763643205507887 0.9094952382049961 57.10159429282896 -0.6643291567369072 -0.7409966809104659 0.09793207027777738 165.04847464929432
0.6825578190559879 -0.5885523019321138 0.433267828872545 118.11378823826443 -0.26996416921571 0.3478656696960661 0.8978356326113199 53.20596121056113 -0.6791422317785817 -0.7297915207354105 0.07855039960110073 164.37161370595345
0.6631373668953519 -0.5952857609938897 0.4537440857851599 116.7458834496969 -0.2891642093305909 0.35539424627981436 0.8888638758288058 50.47553946710614 -0.6903860461142747 -0.7206453999500126 0.06353986828419703 163.93145810663387
0.6574243122862108 -0.5985723770813248 0.4577164875883329 116.65260742465662 -0.2916199698905077 0.35799227921331933 0.8870170918221937 50.31264293105176 -0.6948028977890419 -0.7166258699062229 0.060797169383844 163.8625052564936
0.6571261182194732 -0.5979507600432262 0.4589555025462932 117.07049544621671 -0.29340307470564175 0.35794993768863675 0.8864459813558673 51.10546450610823 -0.6943341418273123 -0.7171657623397919 0.05977766155097807 163.92472479240416
0.6483097504450264 -0.600983165607377 0.4674544920464761 116.70225687210609 -0.30152873847414785 0.36109749875991365 0.8824335761197626 50.442253596841134 -0.699124371876767 -0.713041254799367 0.05288933353757045 163.79578347098283
0.6290930391175765 -0.6072937339420921 0.48521775405323725 115.5167730118969 -0.31733784775861257 0.3691826270666753 0.873499214797626 48.3032104830005 -0.7096045648907073 -0.7034902334693817 0.03953293436431041 163.48788415480595
0.6190825508796961 -0.6103193105780533 0.49421365251458127 115.00040187302447 -0.32545782625503417 0.3733364788503392 0.8687330296984038 47.41744457481347 -0.7147125285914777 -0.6986631611120951 0.032492903520907085 163.36133284986914
0.6082856052525502 -0.6123592948099672 0.5049799169297365 114.4013782819036 -0.334613962539791 0.37907488542719214 0.8627489364303906 46.42058212271743 -0.7197375344637417 -0.6937710899844316 0.02568182598368509 163.22760053429798
0.5816303197495665 -0.6186270801362773 0.5282108545553246 112.43184046701515 -0.3562519180681936 0.3900425409324007 0.849088562598578 43.1879406987681 -0.7312938821163062 -0.6820317822396885 0.006473483930970177 162.89812271192147
0.5537849292877033 -0.6243023522868865 0.5509708023324459 110.39582757061204 -0.3776644744126783 0.40139795016134056 0.8344155022366609 40.04743784777879 -0.7420861114859897 -0.6701688283823112 -0.01348868430469936 162.64322972438598
0.5401177830637468 -0.6280771197743489 0.5601713238235665 109.6981158501926 -0.3855975139646334 0.40694905998263947 0.8280742839887798 39.035169255722806 -0.7480557049061157 -0.6632583163407677 -0.022384551865357948 162.56157094100695
0.5276569709897033 -0.6304156688419953 0.5693454183924344 109.11496936423492 -0.3930347999746418 0.4130000596021446 0.8215562042718123 38.21240725012512 -0.7530615957375947 -0.6572724208782152 -0.0298529358359599 162.4950747386419
0.496613108861062 -0.6344637285678123 0.5923100516107805 106.61182201432665 -0.41632301534713045 0.4246664340090736 0.8039487338868565 34.74090699573564 -0.7616105087245133 -0.6458437868074846 -0.05324693458354881 162.37968380387116
0.46810518639882553 -0.6379365369244763 0.6114854939598423 104.31415747377373 -0.43610468711016 0.4350687218569762 0.7877359387144122 31.751507480803614 -0.76856374904562 -0.6354149684407258 -0.07454918869043022 162.35994313991839
0.4581228487742119 -0.6395085126475096 0.6173753458653458 104.02451361496254 -0.4408368413821044 0.43965436701991506 0.7825387637942011 31.40768497563355 -0.7718719678231865 -0.6306606851641163 -0.08050320165731048 162.33147362537215
0.44965200141165024 -0.64031224385219 0.6227465840929646 103.817824861549 -0.4451988914230808 0.4437636093060347 0.7777350487996091 31.18598895318313 -0.7743455460594745 -0.6269562101364333 -0.08552710604950542 162.3003545439992
0.42497482320500396 -0.6435605472957088 0.6365738147350297 101.93169000277986 -0.4582218691717499 0.4535350901539865 0.7644204606182072 28.94945110682154 -0.7806594124550166 -0.6165514933591904 -0.10215252215157941 162.36149638630224
0.3861738502487213 -0.6451805109795212 0.6592509883468258 98.57276953342138 -0.48359211433645094 0.46699628903420104 0.7403061076202703 25.07745846726894 -0.7854988378958099 -0.6046954392754038 -0.13166245244505795 162.61422415456167
0.3456776754770154 -0.6457765562298278 0.6807933490426709 95.1490963570277 -0.5084578478016332 0.48086858364015433 0.7143080723867206 21.388466935276586 -0.7886555405788559 -0.5930750750890148 -0.16212462373871717 163.01097407883208
0.3278635512975614 -0.6437349481154941 0.6914555721847053 94.00100226765487 -0.5184716753742018 0.48923440666628176 0.7013107850080084 20.242724588125245 -0.7897421183938519 -0.5884343734934407 -0.17335620705980462 163.16523878417402
0.33046392760207394 -0.640824976358891 0.6929191455201846 94.64493541327798 -0.5162968988940843 0.4918397105417588 0.7010928692595154 20.89509884073801 -0.790082973330113 -0.5894379092057198 -0.16832066553167546 163.0227760687234
0.31408672618892214 -0.6396526031461715 0.7015654464982124 93.43390207695408 -0.5238250966978044 0.49954421653968717 0.6899730746857264 19.739113560717882 -0.7918060346457647 -0.584208972038312 -0.1781658791364873 163.19387959260524
0.2692262645287638 -0.6383181428578445 0.7211568255146624 89.27976274296006 -0.5486284983377745 0.5137762169859762 0.6595762045974726 15.824529177125122 -0.7915326836584299 -0.5732224239839858 -0.21187747247500457 163.93156364074022
0.2328190223685352 -0.637290637504862 0.7346127865562855 86.05980547103903 -0.5666600554726141 0.5249992950292524 0.6350371026566489 13.01303139159503 -0.7903743950528272 -0.5641244397891473 -0.2388973253878046 164.6192773118593
0.22437817712171998 -0.6380749659650122 0.7365560205715973 86.08557616583126 -0.5685683317940018 0.5281302877210393 0.6307205809807285 13.059277248278013 -0.7914445563098589 -0.5603023621228321 -0.24428830771662782 164.56165232870006
0.20613711389289366 -0.6370001570156785 0.7427908792102218 84.82387913296574 -0.5758005122457966 0.5347959789598821 0.6184230194501249 12.04209064465755 -0.7911771359015478 -0.5551793051351313 -0.2565437170859686 164.84886370284778
0.15863520357868519 -0.633488126408896 0.7573160937709439 80.35302978401162 -0.5970338638475896 0.5493610533211962 0.5845964407290157 8.48927401954934 -0.786374870913839 -0.5448809290044546 -0.29106586127966766 166.0624403937574
0.11332517410833233 -0.6295033774530184 0.7686890806356914 76.16793066606094 -0.6148190807714553 0.5633235618250769 0.5519638236443052 5.413938494884844 -0.7804837620557196 -0.5351561103714848 -0.32319194714504185 167.3569373703718
0.07529148809777242 -0.6257240513029035 0.776402346365008 73.05871478625265 -0.6250254514383109 0.5770625806192574 0.5256823785360973 3.3107708550419934 -0.7769648491883971 -0.5248506355813144 -0.34764555722104507 168.3998859930731
0.03836242928891518 -0.6215206357115053 0.7824579371466588 69.8291719505818 -0.6328917623056995 0.5908458194448666 0.500349112970234 1.2565639479689241 -0.7732892998255109 -0.5144057902369253 -0.37068900947571226 169.57699284846385
0.0023482585778445628 -0.6168071097379842 0.7871108403892751 66.7051772588847 -0.639125420821991 0.6044437237526432 0.4755696387230172 -0.6117456567595723 -0.7690989417108531 -0.5041793075808423 -0.3927977134181628 170.7924075232016
-0.01336513490132905 -0.6134913605630524 0.7895883254478561 65.13528500973631 -0.6404989370830296 0.6116406282199994 0.464388687961005 -1.4841629053825005 -0.7678427474193974 -0.49952386572127294 -0.4011152238575548 171.43412191296576
-0.03391120687612578 -0.6098442522305477 0.7917954395357136 63.2641992563983 -0.645491501623134 0.6182112530042817 0.4485036989715664 -2.5111933225261396 -0.7630142537204047 -0.4958879255237267 -0.4146135718223149 172.22677063277396
-0.07230317910880454 -0.6036890915158927 0.7939343367530222 59.79651119435197 -0.6511311754400083 0.6315505802450748 0.4209181119436557 -4.343673013423005 -0.7555133636547158 -0.48652168027417864 -0.43874390247878753 173.76017393065976
-0.10268073303910065 -0.5981364319464688 0.7947889505025123 57.25635843311772 -0.6524075016218567 0.6436464568346019 0.40010459936344045 -5.579985964383846 -0.7508802293908592 -0.47744323995904975 -0.4563187852010088 174.92958916798446
-0.127145753578289 -0.5936526226312259 0.7946134412342024 55.26884673476741 -0.6518823353445422 0.6538150620740893 0.3841552882244235 -6.484314122281214 -0.7475850307575349 -0.46915075215553764 -0.4701214667925063 175.86889812766978
-0.1466445035713017 -0.5903471088334521 0.7937163729344981 53.91026371768699 -0.650575460478803 0.6619939157178959 0.37217687431551943 -7.0621055884730985 -0.7451489514151578 -0.4617947018367102 -0.481143111309331 176.50765262369495
-0.15178064787094322 -0.5887138626520054 0.7939638674733358 53.368113971047876 -0.6474006336187185 0.666194654666855 0.37021223870015496 -7.277682335191067 -0.7468835615555799 -0.45782165743294595 -0.4822491839945311 176.76080386573173
-0.1429170317687762 -0.5887288215544818 0.7955960637795146 53.81510120425904 -0.6452177296723476 0.6649752001426518 0.3761676016241829 -7.0771622471097775 -0.7505123605556758 -0.459571928936369 -0.4748945554403001 176.5155797146938
-0.13521474246002 -0.5891893481183857 0.7966008319637171 54.29116434252998 -0.6432017275138073 0.6637461829401281 0.3817493187363308 -6.863234997982667 -0.7536633937937502 -0.4607568954407799 -0.4687158757275553 176.2576781506208
-0.1276300398915546 -0.5893655277914854 0.797721033675513 54.73592633507064 -0.6407057703928569 0.6629513662162643 0.3872874924617031 -6.656866450351718 -0.7571041465363703 -0.46167495132727016 -0.46222240384298346 176.01870812793666
-0.1210769095541182 -0.5895619095540333 0.7985969801945227 55.258178103106225 -0.6376487141899501 0.6627674907337207 0.3926109658662384 -6.410681197765032 -0.7607525874190094 -0.4616882151728746 -0.45617923309348196 175.73044622165042
-0.11540951629937543 -0.5899201856078558 0.7991713321684673 55.78910472997018 -0.6346782318672903 0.6626919045147375 0.3975210455868093 -6.158623194156515 -0.7641100611439067 -0.46133893646971574 -0.4508904524999798 175.44280653552863
-0.1100911262231497 -0.5899057688837092 0.799931951958805 56.365151080554945 -0.6316268059722125 0.6629354871721637 0.40195039224403917 -5.881784914283668 -0.7674161334662244 -0.46100729244287586 -0.44558361102067967 175.13207689471898
-0.11603782117179752 -0.5887486629946369 0.7999438954574969 56.09912723154385 -0.629295619749443 0.6666889253554897 0.39939066059748646 -5.980904375419319 -0.7684544534465636 -0.4570567674046134 -0.4478580850534885 175.21208460059142
-0.12083119432100528 -0.5874422804181348 0.8001945948680771 55.806308936298024 -0.6267256003105511 0.6702735955514939 0.3974271367456449 -6.0881045931251645 -0.7698148117530145 -0.4534808422454015 -0.44915507491518053 175.31233475148784
-0.12673012768278386 -0.5860806613974453 0.8002805339838174 55.44099015230356 -0.6251377056973608 0.6735916872943588 0.3943058301919571 -6.2299201783317 -0.7701573369467668 -0.45031510872261094 -0.45174548055647107 175.44626000442898
-0.13352135271460988 -0.5851536742983054 0.7998545029093973 55.07563224405246 -0.6230226529426711 0.6772171914839578 0.39143281604746233 -6.370334347483114 -0.7707235706072102 -0.44606283527520935 -0.45498695002901346 175.58280987495533
-0.12899156196245237 -0.5857198351711956 0.8001833862493645 55.66836312244028 -0.6208909770332454 0.6768834301075315 0.395377309268696 -6.08828313598105 -0.773211207614827 -0.44582630780705945 -0.45098041164327257 175.2622446392664
-0.12326325468698525 -0.5868124336668501 0.8002857850405349 56.178490853614285 -0.6180231816634388 0.6763504921092993 0.4007460027874242 -5.8496684649986905 -0.7764364217181995 -0.4451979105043982 -0.44603285026099326 174.99817468230245
-0.1460265044549606 -0.5825801716451243 0.7995477494200005 53.93350117764051 -0.6208135816613665 0.6832250090683321 0.38443996125318824 -6.88844594222457 -0.7702381169621778 -0.44023167831211324 -0.4614426427943653 176.07952371039875
-0.16813502234577118 -0.5782744436969404 0.7983290562341858 51.671087349473204 -0.6234492795044118 0.6896955176620954 0.36828126317019333 -7.890705203889205 -0.7635716142878851 -0.4357966965039925 -0.47648675655257156 177.21735714338487
-0.18261817529679675 -0.5743437368013157 0.7979848833457652 50.57927231561472 -0.6231833852527833 0.6953859258102637 0.35788389532063775 -8.339205568507928 -0.7604558306674621 -0.4319348170523981 -0.48491158309712623 177.75466030916272
-0.1962563072677973 -0.5686506435400986 0.7988240779164237 49.42285914677637 -0.6217005338528708 0.7021505316839626 0.3470923177815574 -8.7949931613901 -0.758269020905281 -0.4285102991263401 -0.4913318791590777 178.33993238322896
-0.19218063870778293 -0.5664769018184704 0.8013554278920185 49.99104296602838 -0.6201503935212346 0.702970245501854 0.34820442753432934 -8.555284722368231 -0.7605787871886226 -0.4300427346731888 -0.4863981443565324 178.00583924842883
-0.20797200637429478 -0.5618402933323609 0.8006766696693749 48.70887294972984 -0.6197342827504457 0.708995352473123 0.3365338154707363 -9.049049789475461 -0.7567542952295877 -0.42621716877632154 -0.4956428771725215 178.65715562093519
-0.22325713669150804 -0.5594070843600637 0.7982605870792233 47.446414146977204 -0.6180826586935474 0.7144903864242569 0.3278373296768092 -9.513677289733245 -0.7537440400683869 -0.4201990024679655 -0.5052748958599675 179.31190505228753
-0.22025859602698766 -0.5613984253701757 0.7976954048182127 47.97549615403497 -0.6175236890108217 0.7132893655546576 0.3314857078323128 -9.307551437570512 -0.7550832036184327 -0.4195832324801674 -0.503784940857512 178.9947602979577
-0.23206211290546264 -0.5580642502849631 0.7966878110701322 47.087987159328996 -0.6159196815702095 0.7182340846679814 0.3237016303258105 -9.627566093193224 -0.7528546483938935 -0.4155768186208339 -0.5103976745800101 179.45531029294062
-0.24390175836417005 -0.5527892043404782 0.796828731805945 46.142841721648416 -0.6136188908412813 0.7242238647012489 0.3145976010714186 -9.96101761209838 -0.7509885412371949 -0.4122182545227617 -0.5158413724863733 179.95689052381334
-0.24183600486874363 -0.5496526255824631 0.7996232474981038 46.7937697849627 -0.6131817072479481 0.7252507772600659 0.3130806668897824 -9.715105180980325 -0.752012992338301 -0.4146001703737704 -0.5124286858485024 179.55248249240105
-0.24269395321373763 -0.5495607506357344 0.7994264359114975 47.44649323507021 -0.6127651643543143 0.7257011915998965 0.3128524154682344 -9.467727163911174 -0.7520761254203635 -0.4139332819080417 -0.5128749747272905 179.13943290815013
-0.24152601454175868 -0.5520607122364083 0.798056485660374 48.10841274027747 -0.611486170048264 0.7251651134398959 0.31657577622015926 -9.22012719960502 -0.7534917704522508 -0.41153921836772245 -0.5127237302934241 178.73160977091953
-0.2572507498180399 -0.5489079954888348 0.7953125575561275 46.936690375283106 -0.6099996814615346 0.7305548489709854 0.30690389580745797 -9.618258511609175 -0.7494814476255368 -0.4061891494530516 -0.5227694850808753 179.36002565330625
-0.2731358269462766 -0.5453686795147917 0.7924454703275481 45.71216985952493 -0.608172693028424 0.7361488470945783 0.2970031150945477 -10.028307465547337 -0.7453340160578447 -0.40082150432031316 -0.5327469626205981 180.03938665810142
-0.27354931510946084 -0.5457346880315814 0.7920507701417885 46.32089394782393 -0.6080716076243152 0.7361492595320283 0.29720899665322204 -9.816229918522074 -0.7452648470203818 -0.40032226764133694 -0.5332188948510469 179.64968579208335
-0.27324661374777065 -0.5453917315772526 0.792391410353826 46.8794469348153 -0.60813148083813 0.7361846949113899 0.29699864813132454 -9.621987882040921 -0.7453270356621896 -0.40072428689233797 -0.5328298563384255 179.28932565203326
-0.27298041361512443 -0.5455408538861611 0.7923805086722263 47.44880867272534 -0.608277443753086 0.7359966240638725 0.2971658136256275 -9.425009982945907 -0.7453054710678794 -0.40086674357911467 -0.5327528589210472 178.9215780258236
-0.27283217755414113 -0.5459968899765675 0.7921174149246839 48.14796796284576 -0.6080254748268253 0.7359308723810957 0.2978435378483142 -9.176726483715933 -0.7455653055585848 -0.4003662663265952 -0.5327656407230316 178.46455200500895
-0.2938870989998267 -0.5402424974415999 0.7885229337181711 46.42497165426607 -0.606538119455804 0.7429879858271299 0.28298473910009486 -9.748455759338272 -0.7387434484910643 -0.39510365332984493 -0.5460322521948008 179.46599930705685
-0.31327252502485714 -0.5329598994219854 0.7860114952547704 44.52889573284958 -0.6054855951535327 0.7497211088606084 0.2670308090658828 -10.350043855780514 -0.7316061229419216 -0.3922652221863547 -0.5575665667316925 180.6181030982328
-0.3117688865212521 -0.5276463947858707 0.7901831708324051 45.01787409454269 -0.6053115797202211 0.7513288986316178 0.2628740716343058 -10.192451220980232 -0.7323920076392808 -0.3963510667961626 -0.5536314468991391 180.28541763450608
-0.312282836030866 -0.5233721507032448 0.7928184042949316 45.54972325310116 -0.6045528424747152 0.7532418000404122 0.2591189906734156 -10.023037887128554 -0.7327996253930872 -0.3983822066058206 -0.5516306069133721 179.9194957395646
-0.3111652358314536 -0.5232238582493463 0.7933555257062286 46.10546413647588 -0.6040557975717351 0.753361676936828 0.25992840772584525 -9.845169391523655 -0.7336843936120753 -0.3983503205491137 -0.5504763688738027 179.5422992477367
-0.3112909583723243 -0.5245070082778993 0.7924584137372696 46.67654136845574 -0.6046089712985705 0.7526625379456621 0.2606666372945849 -9.66648801373611 -0.7331752389851361 -0.3979842989874666 -0.5514186854818486 179.15477534427185
-0.31047855290431875 -0.5254670354224878 0.7921410624823866 47.17286490519833 -0.6048365190982614 0.752077142224495 0.2618258148245182 -9.519179957848497 -0.7333320212233514 -0.397824542766936 -0.551325475396103 178.824101210045
-0.31100404343175364 -0.5247849987533086 0.7923870203710884 47.676184536809075 -0.604709043899813 0.7524654496064477 0.26100329379976783 -9.370488303774486 -0.7332144687571713 -0.3979905177664902 -0.5513620322193815 178.49216533196608
-0.31153689415907665 -0.5234547877242255 0.7930572796376592 48.28546592761229 -0.6058104707962984 0.7523967983315117 0.2586362916027932 -9.185253925628079 -0.7320781632116002 -0.3998676569429679 -0.5515137531192278 178.08855674086314
-0.3211505534331999 -0.5198798882588657 0.7915726269986101 47.838505113769614 -0.6038210255903921 0.756321280435692 0.25175045146944525 -9.287922581232486 -0.7295632193884934 -0.3971183986471128 -0.5568074050975217 178.31462679465167
-0.3306296814714758 -0.5177330863137756 0.7890731683855844 47.3548772722866 -0.6006365543826576 0.7603439050531001 0.24721018504082304 -9.403633084414308 -0.7279558662923087 -0.39221116427837355 -0.5623616801898959 178.56987332853186
-0.3309501740654627 -0.5189677926819986 0.788127154997717 47.98910473053801 -0.6012096222650591 0.7597018468865732 0.24779042340861562 -9.215640682581489 -0.7273369043173395 -0.39182334539417873 -0.563431889071047 178.13024825017555
-0.3305751281465042 -0.5187677223558638 0.7884162193236597 48.61979777409553 -0.6009730075744522 0.7598286793013679 0.24797544692578477 -9.029584826867675 -0.7277029124703472 -0.3918423514027423 -0.5629458613661968 177.700918405071
-0.34115603276350237 -0.5148551382900007 0.786471072503899 48.03382577947754 -0.5987535363432731 0.7639988671335498 0.24041616779048622 -9.170743922602853 -0.7246425077412162 -0.38888290987779117 -0.5689141573027413 178.0275237288663
-0.35171213291041764 -0.5109639062924759 0.7843560811454954 47.44168228601346 -0.595495481690548 0.7686192674033225 0.23368686968357333 -9.306243385873373 -0.7222767522561778 -0.38488999498908066 -0.5746094194385939 178.36471316842764
-0.35128111314662575 -0.5103203021737179 0.7849680049121579 48.06640291157751 -0.5954883306826453 0.768746205137642 0.233287205194063 -9.131307728861414 -0.7224923719785903 -0.3854898977609933 -0.5739358075228922 177.91874053727474
-0.3507171926152066 -0.509424341241119 0.7858016870401472 48.693755814452025 -0.5957389948471065 0.7687886177559939 0.23250615309572753 -8.956250460049546 -0.7225596866852271 -0.38658880190696443 -0.5731113307355474 177.4724835237175
-0.3590839367220341 -0.5056048171403513 0.7844886839672447 48.30589287032798 -0.5927781619801121 0.7727910628031499 0.22673337630583706 -9.033967149654323 -0.720883331106825 -0.3836114468261236 -0.5772083512877144 177.67416500165794
-0.3665257677105019 -0.5047876230680436 0.7815678583472604 48.04102499662292 -0.5898154043247694 0.775729022271877 0.224415402382084 -9.073038203455479 -0.7195669881431623 -0.37872673473418056 -0.5820561914215407 177.79091119276924
-0.3653042192400788 -0.5075610120978086 0.7803426467928216 48.85636259394012 -0.5906909430436131 0.774281215831009 0.22709647425155677 -8.854468880460116 -0.7194699696385037 -0.37798203371256295 -0.5826598879096375 177.2029439156443
-0.3638787923731876 -0.5093384615750116 0.7798503420666126 49.55323730321195 -0.591788654628165 0.7729660427918568 0.22871310619216917 -8.666950461418569 -0.7192902145270731 -0.3782827358617895 -0.5826866731224445 176.70705870802885
-0.3609634298565278 -0.5084019811812843 0.781813806374087 50.19086832282364 -0.5923439187963024 0.7724975340159153 0.2288585628818721 -8.495596341814885 -0.7203013842630297 -0.38049308202680554 -0.579992181290827 176.25119188058673
-0.35813497129376054 -0.5065281700031506 0.7843268166585017 50.83725534548701 -0.5929282283939029 0.7722972947630754 0.22801974580130144 -8.322696957366658 -0.7212319032808181 -0.3833876647661968 -0.5769215199618031 175.7867370325188
-0.3697187598598312 -0.5009108027141695 0.7825576057594335 50.07614665021239 -0.5899835620665139 0.777216659306231 0.21875479649177304 -8.496938409691799 -0.717793448771304 -0.38081837169586663 -0.5828807190840096 176.24065239332506
-0.3814306306505693 -0.49696296772159737 0.7794475496881326 49.19938947267114 -0.5868011736003436 0.7816925449692386 0.21123718375504252 -8.690510895683653 -0.7142653965178175 -0.3768084047003736 -0.5897799330974146 176.78499683314493
-0.3806844809110938 -0.4976743522362263 0.7793584317370831 49.74899085644241 -0.5869403260050817 0.7813190212719642 0.21223015975034093 -8.548890902535978 -0.7145490743836184 -0.3766441638003371 -0.5895411725847866 176.3802953877379
-0.3786305632881429 -0.49795640357989657 0.7801783877279995 50.329418043683766 -0.5863588120155385 0.7812524850124152 0.21407451560996069 -8.40056968405837 -0.7161160800567296 -0.3764093181573536 -0.5877871937091568 175.9621631758261
-0.39083712190242687 -0.49271195311183347 0.7774839390004993 49.29930255800825 -0.582377182499535 0.7864756586551817 0.2056522687615888 -8.625295722847778 -0.7127995240226506 -0.3724123649982687 -0.5943280819122256 176.61962387573863
-0.4282999835549304 -0.4798110368628574 0.7657287332935979 45.53155013638338 -0.5753063573527848 0.7982462795948606 0.17839695149419005 -9.464899371695589 -0.6968369388001056 -0.36412119688029193 -0.6179272082585031 179.17502203200542
-0.4666304121735052 -0.46581914344043535 0.751843457136647 41.679913253432666 -0.5668842952366169 0.8100208164319367 0.1500282398783956 -10.202379168807425 -0.6788948771708726 -0.35620050891504984 -0.6420459042777166 181.9436883408001
-0.49457134279645 -0.4537226473069006 0.7413062431986637 39.03698742809962 -0.557293005593635 0.8200571832581235 0.13011810828302214 -10.602489725288379 -0.6669510422819014 -0.3487720968018425 -0.658433240117415 183.92977589895872
-0.5148751330561184 -0.44411109282258177 0.7332591183151826 37.13333073352512 -0.5481212374213639 0.828211254117801 0.11674428311604654 -10.83027190158931 -0.6591408851285917 -0.3418061669785017 -0.6698521014129522 185.39807180759033
-0.5215752260778688 -0.4399248987968552 0.7310440253229479 36.66178769033573 -0.5432877396932715 0.8319065473214888 0.11300410798994247 -10.868915240683526 -0.657873631817526 -0.3382271129613941 -0.6729076493970065 185.74037143751488
-0.5208479338396765 -0.438306203237494 0.7325333453286986 37.12226117185446 -0.543392154897464 0.8320435449735648 0.11148320619582469 -10.812743109695402 -0.6583634222910747 -0.3399870754474929 -0.6715403135462761 185.32290174351513
-0.5216867779205073 -0.4349836812982474 0.7339155964735492 37.58397418885279 -0.543532046010427 0.8325310117870348 0.10707487741091004 -10.758130250221468 -0.6575833184491706 -0.34304709795750155 -0.6707479913352694 184.9066956176229
-0.5221816411327861 -0.43137174464779604 0.735693381500315 38.10294249501645 -0.5446589949508307 0.8324881866490026 0.10153816183579661 -10.695738693118463 -0.6562567431143135 -0.34768065377491847 -0.6696605484180957 184.44724346530023
-0.5233356987657504 -0.42810960189808905 0.7367780637071148 38.66654602916025 -0.5450088832235673 0.83282399445131 0.09679623687701402 -10.633461898005137 -0.655045848475318 -0.3508936634207112 -0.6691700631128306 183.94591798664894
-0.5245285066649308 -0.4273579872682982 0.7363660750019851 39.29646676456897 -0.5450926030336125 0.8329603855678485 0.09513700748230934 -10.56352576763025 -0.6540213297851105 -0.35148562814521167 -0.6698611448602377 183.3890638240204
-0.5241204052827771 -0.4297086924109343 0.7352878622911472 39.94058664519163 -0.5461925085114236 0.8320341902720128 0.09691671612462703 -10.484578737027597 -0.6534305964769341 -0.3508126934488899 -0.6707897656515938 182.82276493981806
-0.5227928476148569 -0.43252223972251386 0.734582977360728 40.589234269491236 -0.5472194120109583 0.8310118692291457 0.09985083033530368 -10.407000213025377 -0.6536348778952331 -0.34977676501689664 -0.671131627218674 182.2532469559549
-0.5213350355633977 -0.4338675787773358 0.734825628826313 41.1558997062077 -0.5480644551869532 0.8302686983885338 0.10138659396994182 -10.344095221136692 -0.6540910744343831 -0.3498754243471334 -0.6706355595874521 181.76715157104695
-0.5205483924990609 -0.4339635251135178 0.7353264784690374 41.67605439085769 -0.5484999363887818 0.8299642472291454 0.10152422421692373 -10.288074454466434 -0.6543524973958095 -0.35047825494942125 -0.6700655206466478 181.3231945694204
-0.5203039355137007 -0.4329297279305754 0.7361084603255799 42.22668387553389 -0.5482644317094354 0.8302145715638671 0.10074660334394632 -10.227832090443734 -0.6547441695893684 -0.35116323246741965 -0.6693238801594853 180.84667086346087
-0.5200327306649423 -0.43206121689930677 0.7368100595734541 42.777035232461515 -0.5480192116122937 0.8304447752844774 0.10018192904183044 -10.168458119286916 -0.6551647905229577 -0.351688185832548 -0.6686363116110341 180.36398146889485
-0.5193731143770092 -0.4317669692008187 0.7374475251632816 43.35434309992795 -0.5484926698186912 0.8301821197337438 0.09976692452682288 -10.099477492509813 -0.6552918122618945 -0.3526683036246839 -0.6679952907027098 179.86160626431166
-0.5194227986918246 -0.43075375890006273 0.7380048478110444 43.93141572681089 -0.5482278138120844 0.8304647632955396 0.09886627881787904 -10.032907728163186 -0.6554740424776276 -0.353241385058341 -0.6675135230990384 179.3588649018379
-0.5198724447874812 -0.42931005518471466 0.7385292937101199 44.47451557272455 -0.5470616793557835 0.8313176364398088 0.09815552111087945 -9.96986603881559 -0.6560915790734592 -0.3529927249411979 -0.6670382118045944 178.8847481898785
-0.5273248669400206 -0.42469588090325167 0.7359088893677562 44.12635520309462 -0.542433412079939 0.8349188932405566 0.09314738412466357 -9.978092179382752 -0.6539835457914767 -0.3500626379003622 -0.6706427300584386 179.1136434212164
-0.5342850558711776 -0.4211357414566186 0.7329284865118152 43.79511347551415 -0.538124282347549 0.838121478212589 0.0893008650947355 -9.980165804922104 -0.651890892573792 -0.3466944981197617 -0.6744191494558996 179.33390933957162
-0.5433926077261609 -0.41667511403356083 0.7287704187284669 43.26718471899203 -0.5328478662858905 0.842019731921117 0.08411850242397381 -9.99976208768454 -0.6486891591996303 -0.3426143902415572 -0.6795717433327185 179.72598442326606
-0.5518943385807321 -0.4129240270022949 0.7245042352993716 42.76748687963835 -0.5281798838789874 0.8454040115337609 0.07948627270284982 -10.008527771145175 -0.6453205787111568 -0.33880053897067086 -0.6846718524118455 180.10211541171938
-0.5529928708334368 -0.41337916481681186 0.7234062143102807 43.38779061928083 -0.5276925493319554 0.8456728058189714 0.07986287546662613 -9.944814448029877 -0.6447786117629233 -0.3375724686546693 -0.6857881379985056 179.53475904664555
-0.5594889447178222 -0.4099632736970432 0.7203486898427206 43.07822581429844 -0.5229985963462201 0.8488581486850201 0.07689155760492723 -9.93723649761633 -0.6429965699429572 -0.33372137724549233 -0.6893369665199679 179.74510503853014
-0.582593450276433 -0.3982030345356462 0.7085331431779234 40.91392713858146 -0.5116722792615388 0.857017594652569 0.060928819873805565 -10.05182089276814 -0.6314874110623981 -0.3270400369106397 -0.703042291705972 181.56524263899885
-0.5990413100954118 -0.39174344197334393 0.698345605320198 39.999928807678685 -0.5064908050760175 0.8608829508588945 0.04845213404916152 -10.072113003544986 -0.6201746311907699 -0.3246807980021987 -0.7141189020296522 182.33679183971307
-0.5997645573292544 -0.3913314474772147 0.6979557106199612 40.59040459887607 -0.5062537926596039 0.8610615740012797 0.04775000728998281 -10.038647342794244 -0.6196689222394466 -0.32470396362504017 -0.714547243236428 181.75486977869713
-0.608887404494626 -0.38567842899142785 0.693187044064216 40.0408297217139 -0.5010006358405162 0.8644794707773913 0.04090974812716089 -10.02920976872745 -0.6150239763905007 -0.3223777194769053 -0.7195957993552174 182.21502913293196
-0.6240171846956312 -0.3761306517915051 0.6849294021922404 38.57821318175042 -0.49022792978115304 0.8710179538057088 0.0316907085845203 -10.018288261731243 -0.6085056532744872 -0.3159959761310237 -0.72791992210818 183.52606397765751
-0.6302204467417863 -0.37235793712520293 0.6813015156070261 38.25679012643447 -0.4845292754559654 0.8742733240619334 0.02962323513398206 -9.992250491953541 -0.6066741874636566 -0.31144136124404925 -0.7314032463502975 183.77948995850278
-0.6385991330054077 -0.3668567049818669 0.6764667806585725 37.646694571332084 -0.4785073100149264 0.8777474693531326 0.02429268009995179 -9.967304405979696 -0.6026789374011738 -0.30818101507718476 -0.7360723879884207 184.32343641964601
-0.6576951092259592 -0.35474492561128906 0.6645247783591514 35.724427997235416 -0.4658768748558859 0.8847782332519183 0.011234564438192575 -9.921613584413892 -0.5919424640746384 -0.3021978089209793 -0.7471817740741494 186.16619788498184
-0.6835407878696175 -0.3389311433667382 0.6464500532714669 33.03710094410274 -0.4502837587840929 0.892849655797841 -0.008001794607070985 -9.825192503336824 -0.5744706501587686 -0.29655551284334214 -0.7629143463773453 188.86921742237016
-0.710219852862154 -0.32183794346571737 0.6261055012904798 30.248992582270635 -0.4332157411990109 0.9008441443793813 -0.028353996451307387 -9.644082983502976 -0.5548980826943263 -0.29137632999803575 -0.7792226588973303 191.82034976066805
-0.728551785804006 -0.30831690974684384 0.6116804546214756 28.376160936001938 -0.41866317199233344 0.9071982058138877 -0.04138313406895979 -9.443220380873809 -0.5421562909522479 -0.28623783560564753 -0.7900218083373929 193.8822725358765
-0.7354508314411135 -0.30315156376880226 0.6059795408403568 27.8127383449041 -0.4124432826351942 0.9098515108634909 -0.045395669270500566 -9.360007149696552 -0.5375896326582827 -0.28331847374278063 -0.7941838762493121 194.50163011392752
-0.7436697613748044 -0.29694184310285293 0.5989831615591596 27.1031304376823 -0.4054811204925089 0.9126812216886114 -0.05097105552282666 -9.25106190306915 -0.531545244490878 -0.2807819962028367 -0.7991377376068978 195.3142645926835
-0.7620949076655882 -0.2822951115798 0.5826841525975381 25.167570226792574 -0.3896552546077028 0.9186960239002715 -0.0645476430741342 -8.965384614789816 -0.5170881300772346 -0.2762373719248817 -0.8101313350841648 197.60918838366595
-0.7715133997621623 -0.27526291645003453 0.5735829502476827 24.296390128565275 -0.381712323526088 0.9215357489842457 -0.07118683454367304 -8.807366654980298 -0.5089820979717571 -0.273865277411088 -0.8160484261199236 198.67206559901635
-0.7818027595880728 -0.2666617425769907 0.5636275012330945 23.310655845809862 -0.3724173540956077 0.9246891223900969 -0.07909071564885363 -8.623448721767456 -0.5000897514135714 -0.2717380024568179 -0.8222339682547052 199.91323777221123
-0.8028622087692874 -0.24904209119547763 0.5416551583277587 21.072811999390613 -0.3532516683338545 0.9306181836349587 -0.09572384816390915 -8.174561391786455 -0.4802348722754689 -0.2681936485096916 -0.8351327046341872 202.83491332475447
-0.8196183351951762 -0.2335269354505135 0.5231548098134665 19.2820245268019 -0.3358236338135515 0.9356586536764065 -0.10846829385910368 -7.738563488763548 -0.4641640567559445 -0.26459035171285616 -0.8453068520935579 205.28792178238282
-0.8344785458378835 -0.21860365665569803 0.505824077949077 17.662162542072856 -0.31885428620804523 0.9402159826875204 -0.11969064318352995 -7.288617677199261 -0.44941907024851036 -0.26116344919548934 -0.8542927789120475 207.60659825559628
-0.8471806776581059 -0.20446403104272518 0.49038694865636145 16.250280746925657 -0.3026208585567036 0.9443317086977198 -0.12906680407617374 -6.8475280991686995 -0.4366984261125085 -0.2577442219678098 -0.861894657526693 209.7087323772177
-0.8580975864184672 -0.19121556608869505 0.4765554946364236 15.024691113160628 -0.28722923557293506 0.9480436279256959 -0.13679417305448868 -6.424101130678495 -0.42563822480479213 -0.2542634201666694 -0.8684366498197565 211.5960932031371
-0.8682176296454028 -0.1780714290747942 0.4631292624313042 13.866400501325554 -0.27192200692656227 0.9514965726253155 -0.14391905513620243 -5.992498043974387 -0.41503803406668016 -0.2508880994178992 -0.874527639270783 213.442361026844
-0.8723496380740094 -0.17195927186314008 0.4576419099824979 13.538922687226734 -0.26523761832766374 0.9528236090062797 -0.1475675301145406 -5.851111967616329 -0.4106764112729137 -0.25011433173757647 -0.8768053981833458 213.95146081080358
-0.8732886906985632 -0.17029964220130478 0.45647003687436316 13.810883154396153 -0.2642914258423424 0.9526749356345471 -0.15020156204221913 -5.948211622674601 -0.40928829072451767 -0.25181044235656125 -0.8769689824594626 213.43515397562626
-0.873406606960139 -0.16990316568355499 0.4563921704072814 14.07988952954309 -0.26447513823996976 0.9524064471221696 -0.15157460451231186 -6.04251028981394 -0.4089178403681016 -0.25309064338852955 -0.8767732466595095 212.93653023339073
-0.8732381363243964 -0.17090254340988772 0.45634140500803927 14.350298694437278 -0.26573952606162454 0.9519891909868999 -0.1519838298393602 -6.13764701600616 -0.40845766189070787 -0.2539860250095 -0.8767288278268479 212.43648379536413
-0.8734154801272014 -0.17120874037492442 0.4558870104459951 14.608078960219585 -0.2659234481510266 0.9519400201066146 -0.15197012154655537 -6.23600094295802 -0.40795847680569675 -0.2539641024606366 -0.8769675683078182 211.95567971127844
-0.8818550187169658 -0.16176270937863435 0.44290467576914105 13.760341878209726 -0.2546119144378486 0.9539599586631023 -0.15853444513345938 -5.89478979066778 -0.3968683648137992 -0.25257320349150697 -0.8824410903216414 213.39816426191808
-0.890511017682114 -0.1527328381526704 0.428558989564541 12.932708890434169 -0.24350415433158795 0.9556953776720749 -0.16538461814653888 -5.538746656971825 -0.38431218327033173 -0.2516327189497563 -0.888248343957889 214.84826081246393
-0.8913531117389719 -0.1522318335769078 0.4269837222178965 13.168303543070676 -0.24241391536417212 0.9560025319002959 -0.1652109337726293 -5.644183922232222 -0.38304715614536256 -0.25076807581114335 -0.8890389464601176 214.37120801791727
-0.8924732127701347 -0.15126248916022697 0.42498379246836177 13.41728299203611 -0.24075787512157443 0.9564263959900018 -0.1651792802397123 -5.752130119259999 -0.38148028789792576 -0.24973627775438606 -0.8900025738831822 213.86535654459325
-0.8966389081161733 -0.14489098324653496 0.418384119471658 13.111872623561371 -0.2329544506114053 0.9579550442454233 -0.16749434959148993 -5.596619129253929 -0.3765247566795059 -0.2476463934293994 -0.8926927642973473 214.38627774121406
-0.9049312188531923 -0.13163655912698854 0.4046866756468124 12.128585756834251 -0.2172506879068912 0.9606023998038904 -0.17333542077422617 -5.1087160022617155 -0.36592571342943986 -0.244775092262675 -0.8978772335118782 216.20639400013718
-0.9142478956738427 -0.11713869823059908 0.3878521762640718 11.013542536032132 -0.19994102284825513 0.9630492210705542 -0.18044330183684001 -4.529815550857216 -0.3523838427600362 -0.24251746982893188 -0.9038865549334344 218.36919184879744
-0.9247412524761277 -0.10075081726584097 0.36701892156826565 9.724294438429308 -0.18027893238502934 0.9652352015547346 -0.1892630767415902 -3.8197027431009043 -0.33519117307438434 -0.24118515397893606 -0.910756058993386 221.0156103585848
-0.9332610858697316 -0.08541355916937525 0.3488957860325267 8.64452101253851 -0.16188477931204595 0.9670942970608868 -0.1962700660299171 -3.1618075243420294 -0.3206510000426092 -0.23965213227158338 -0.9163786289898664 223.35661843346642
-0.9400931169485557 -0.07133811124513027 0.33337037263367003 7.754561556694054 -0.14498462364714734 0.968685800448115 -0.20156209692320184 -2.5685043542348107 -0.3085520869672246 -0.23782071796662232 -0.9209977826976565 225.3783144418397
-0.9483247945083549 -0.055091767318997266 0.31248196955079 6.662957800869597 -0.12515860640573506 0.9699090086194598 -0.20883447570116162 -1.8052248087456868 -0.2915740169549502 -0.23715271909146113 -0.9266839701129344 228.01435489424583
-0.9561342183339517 -0.03832281495874615 0.2904112917648797 5.5849537334481045 -0.10455603321117593 0.9707492600896027 -0.21613400925032794 -0.9820645986287575 -0.27363368295963064 -0.23701737465661543 -0.9321734665076147 230.80553565701365
-0.9615990926422401 -0.023597815948255784 0.2734416356593817 4.785570622168573 -0.08666141673806893 0.9714331443722549 -0.22092407035896472 -0.2990704875948087 -0.2604169423800154 -0.23613722514142857 -0.9361742503529666 233.01028749589227
-0.9637870641705075 -0.0168306404740779 0.2661413618339158 4.534389887423771 -0.07848075903261269 0.9717104129338491 -0.22275467190966297 -0.06316100575779884 -0.2548632288095786 -0.23557504735677845 -0.9378428075448448 233.70760324524923
-0.9642943190404739 -0.016450462546586126 0.2643214871104071 4.648765664238878 -0.07789700949449312 0.9715361008622071 -0.22371781474272984 -0.1672832820909354 -0.2531176054289157 -0.23631967121560227 -0.9381281846413476 233.29889410773768
-0.9647984075374759 -0.016835773872299342 0.2624511183654129 4.773215918049543 -0.07788868681384252 0.971469648278494 -0.2240090956636852 -0.2814281587995039 -0.25119192916881306 -0.2365655917325408 -0.9385836859484996 232.85567843413847
-0.9650875602722693 -0.016926470749758653 0.26137998315797023 4.890427851207306 -0.07757289231157183 0.9716119471130716 -0.22350094095003353 -0.386290612649939 -0.25017683223296316 -0.23597397910593895 -0.9390036388634382 232.43061323316033
-0.9678800953825561 -0.009603129970047777 0.2512287819040983 4.563912207979015 -0.06812964321147916 0.9718987193308373 -0.22532472363001532 -0.06822953181534303 -0.24200510878515522 -0.2352034422746489 -0.9413356829866963 233.40812888559512
-0.9703355542115101 -0.0024868534950411043 0.24174930773989853 4.253945306364818 -0.059088329997904726 0.972060937130466 -0.22716976859407692 0.24382275538426346 -0.23443012069929126 -0.23471546618133515 -0.9433722321778308 234.36234902910405
-0.9696879259278967 -0.003764485451732562 0.2443177336153108 4.348177391793186 -0.060707618956658806 0.9722417583237531 -0.22596581239678198 0.1471876454144994 -0.2366852579064674 -0.23394826783032138 -0.942999627077832 234.00402965303687
-0.9689500820979101 -0.004521514608696951 0.24721507702420004 4.438809758089511 -0.06187594079766986 0.9724535009918105 -0.22473441293927826 0.05667170515668017 -0.23938902721896146 -0.23305309333798097 -0.942538672592667 233.66015345383633
-0.9682836626279125 -0.004996019651886177 0.24980349972627972 4.519694753035676 -0.06273750847138637 0.9726299866963228 -0.22372955551268003 -0.027914551297772303 -0.2418486173594172 -0.23230572263019297 -0.9420951637252953 233.35586168627606
-0.9671246851224571 -0.005794446637231856 0.2542366374363476 4.598141141665279 -0.0644437040104967 0.9726912794887944 -0.2229768683515107 -0.11017054569676996 -0.2460017325958899 -0.23203038420561917 -0.9410871630009634 233.0713895093132
-0.9657216512990299 -0.006955936919651927 0.25948662230224834 4.68021813890623 -0.06672562705930377 0.9727025185396244 -0.22225548614196727 -0.1871428211552564 -0.25085729589908723 -0.2319513426739083 -0.9398240216795686 232.78363416738017
-0.9638290112472394 -0.007998065724848041 0.2664013288683355 4.76526773739475 -0.06927422628089032 0.9727130966768899 -0.22142789599873725 -0.26370200138987254 -0.25736106669684455 -0.23187337600057517 -0.9380831620121681 232.49428495390586
-0.9612542237019319 -0.00796209977262511 0.2755484029755799 4.853572935896621 -0.0713416293229644 0.9727133856668192 -0.22076920362706115 -0.33966535689476646 -0.2662718335474599 -0.23187340147544375 -0.9355928795942555 232.20999036226297
-0.9577920898685077 -0.007182063504165459 0.2873721116412019 4.9557550734821 -0.07335015563609366 0.9727018016096384 -0.22016121323591992 -0.4268675859426434 -0.27794615891114915 -0.23194745764757374 -0.9321728968583856 231.90004324434915
-0.9533617617441419 -0.006102617985824964 0.30176830399796756 5.081600121906428 -0.07563143534432129 0.9727290125515791 -0.21926731203755676 -0.521380091120479 -0.2922006797251644 -0.2318642408698162 -0.9278241948634475 231.5479236940084
-0.9478113236298998 -0.006570872211479211 0.3187640482195289 5.2046105442366555 -0.07995667972751319 0.9727371117340285 -0.21769115926532104 -0.6098856250910968 -0.30864319880061075 -0.23181746071792653 -0.9224966345415077 231.23430423095587
-0.9417063462386477 -0.006562104981742263 0.33637196112644235 5.342090119141282 -0.08394986851458804 0.972766867176203 -0.21604870214969102 -0.699252680302159 -0.32579376456621045 -0.2316928158195472 -0.916611620080923 230.90128555758363
-0.9341927132482889 -0.005560031581624166 0.3567254694615959 5.478511853424008 -0.08773278040300354 0.9727552729690573 -0.21459295923594668 -0.7861960527270694 -0.34581343779058493 -0.23176769610904185 -0.9092286848113366 230.5841316933973
-0.9260599528374367 -0.00451518514727645 0.3773494095050304 5.618496467544006 -0.09184450974105797 0.9725591069642552 -0.21376007459603638 -0.8645587216279593 -0.366029438407806 -0.23261211611600044 -0.9010627356931877 230.28753472538514
-0.9151393951718597 -0.004008675599818439 0.40311762293951303 5.775912830611792 -0.09814739335002083 0.9720787245153527 -0.2131432441415619 -0.9437598562300927 -0.3910076426146479 -0.2346207234336475 -0.8899809770733288 229.98540093090796
-0.9041453290600657 -0.002938947183777631 0.4272149184290058 5.941580924702096 -0.10360751363646462 0.9716336348758937 -0.21258777644990948 -1.021637718218369 -0.414471599819482 -0.23647292057928618 -0.8788025095411206 229.6971664131412
-0.8935266468884971 -0.002608223061798078 0.4490025929464602 6.097247958815145 -0.108511763129488 0.9715967598126446 -0.21029725053858497 -1.091564343133358 -0.435700962315571 -0.23662826013394495 -0.8684306178061993 229.44317542932114
-0.8849987419142838 -0.0031464624032936967 0.4655827816666608 6.258686979059482 -0.11335718497346732 0.9713428662956416 -0.20890951321432605 -1.1666379170362486 -0.45158318771297495 -0.2376618098704538 -0.8599938887597272 229.18886325358406
-0.8808931904822195 -0.0021812066710056224 0.473310077327222 6.443698689333292 -0.11501439564655892 0.9710030515909638 -0.2095823527758991 -1.251075436944484 -0.45912838700748987 -0.23905713990274896 -0.8556008462509886 228.8657705120243
-0.8816066001157947 -0.0017813996596085715 0.4719815984204344 6.634641883317626 -0.11469250897789993 0.9708278573300554 -0.2105680408235697 -1.3442713922049372 -0.4578377780574795 -0.23977092827775104 -0.8560925597949123 228.520354635435
-0.8853224871392344 -0.00131488760909421 0.4649756604771497 6.811979195448194 -0.11300600248627851 0.9706219923781566 -0.21242078832806666 -1.4364320751318558 -0.4510362925171958 -0.2406059412866213 -0.8594620665566988 228.19152496584942
-0.892039013997225 -0.0005716281860480646 0.45195804091537284 6.999613854142239 -0.10954279576608816 0.9704556641745616 -0.21497948685222967 -1.5412766119326744 -0.43848235244145684 -0.24127883685212703 -0.865746931547944 227.81192801924087
-0.9006350099164541 -0.0003948290436703865 0.4345761418011825 7.227148839651614 -0.10543479336274468 0.9703207410005331 -0.21762620231194685 -1.6683797023326215 -0.4215923187883414 -0.24182122258848762 -0.8739464589117967 227.33831707159408
-0.9077992414169281 0.006208254531553174 0.4193590285882816 6.892458594164303 -0.09515950246142785 0.970764384413463 -0.22036601154813323 -1.4599994624919526 -0.4084668975255267 -0.2399540946306387 -0.8806683973527442 227.8848515865682
-0.9159209300844643 0.022019233202645417 0.40075429280590763 5.649145212764625 -0.07547328781718146 0.9712323006128728 -0.22585747955797092 -0.6823846861997174 -0.39419872229531666 -0.23711383682818166 -0.8879101281804075 230.22735466940728
-0.936577727953871 0.04127857834586822 0.3480204569712741 2.6737922122890243 -0.04608634511827609 0.9699089793668155 -0.23906614259917483 1.2006782224593455 -0.3474164767169068 -0.23994301555443043 -0.9064927694097987 236.30386794538836
-0.9516642489976596 0.05733845598456959 0.3017407142647667 0.42826177118120556 -0.020370090690459475 0.9684740183755883 -0.24828035592187042 2.9130725879797716 -0.30646405431137885 -0.24242602417383669 -0.9204941098227015 241.65442681528526
-0.9562955354307618 0.06477666199172341 0.2851365163853759 0.18645103524440318 -0.008611825858711413 0.9684904081135827 -0.24890192013593007 3.14599529927853 -0.2922750166718945 -0.2404793410112054 -0.9256052080537627 242.23474956026922
-0.9626073787949893 0.06553705593057872 0.2628534355670037 0.31880566849363784 -0.0021329069710550094 0.9684318292353242 -0.24926941816388928 2.9974802550248834 -0.2708920172269327 -0.24050922315758122 -0.9320798402384041 241.7191066443778
-0.9683728525190167 0.06681225028377004 0.24039580220167445 0.4332993352613526 0.0047966657222507465 0.9682880710836723 -0.2497903188576322 2.8486389526302807 -0.24946144091245023 -0.24073706529960728 -0.9379843574862035 241.21064381267425
-0.9729031981754972 0.06820745110394347 0.2209233138303366 0.5415827415711703 0.011127812626512816 0.9682034216753383 -0.24991659817287804 2.694790983235218 -0.2309448825283268 -0.24068626439840235 -0.9427272051680216 240.68638255170225
-0.9768678203820924 0.06990076636142983 0.20209686876349653 0.6337654419560135 0.017443595492095475 0.9679644272580306 -0.2504807149050174 2.554736051375851 -0.21313137375391847 -0.24116125398808402 -0.9467926209559576 240.1921321336183
-0.9800967388218628 0.07157978372000608 0.18516672787877245 0.710630238095958 0.023273257244396574 0.9677309627754571 -0.2509086271591923 2.4218374821366813 -0.19715156110964363 -0.24160529432997022 -0.9501358553931897 239.73295521901088
-0.9827387204558871 0.07329205281139257 0.16986136203210772 0.7899248958310207 0.028945184581069414 0.9677828257080878 -0.2501171296693301 2.272408938758988 -0.18272050680281549 -0.24088311949812646 -0.9531991078125089 239.22722721531386
-0.9846159635517565 0.07535843541130263 0.15764679042527768 0.8680534511893487 0.03428401500496824 0.9680002696933846 -0.24859622722129487 2.1170693720353144 -0.17133595838051396 -0.2393670488724024 -0.9556921079929127 238.71152840537115
-0.9860179250445306 0.07755167324459022 0.14749369297644008 0.9410526934221696 0.039116275795377034 0.9680924950467209 -0.2475213889790198 1.968664107374581 -0.16198323511636403 -0.23829112239268907 -0.9575900858561869 238.19332653090257
-0.9867899778407913 0.07918233224023401 0.1413354092007858 0.9949491602376098 0.04225125344284474 0.9680101944096413 -0.24732791007386415 1.8433186955021186 -0.15639811768516934 -0.23808910470660796 -0.9585683110788359 237.7606155239528
-0.9868770986564851 0.08043211135583697 0.1400152406353883 1.0449075959993666 0.043665475426227195 0.9677371759816371 -0.24814931891680758 1.7390861389439274 -0.1554571272188709 -0.23877904783694104 -0.9585497628766746 237.41551887304533
-0.9864417492067452 0.08304811272570771 0.14154747046351548 1.111234685990509 0.04585913099177404 0.9676387759818009 -0.2481373396349473 1.620380554036422 -0.15757415881609566 -0.23828178736346606 -0.958327801059878 236.9960194584057
-0.9870841698428359 0.0915741150284484 0.13144969799288528 0.9020671809839091 0.05638615410208518 0.9666101535505695 -0.24997082365449755 2.005942210932142 -0.1499514697201708 -0.23933030002423133 -0.9592890931408848 238.12068374613355
-0.9868624360785179 0.1000968761624754 0.12681935041495918 0.7112627178531314 0.06566321855476336 0.9656943146191083 -0.25124257688805024 2.3935507669551246 -0.14761732278491788 -0.23961449475111612 -0.9595801268883022 239.23178677061455
-0.9866294207160728 0.10847972187793083 0.12163279211930376 0.5328044576288238 0.07488787108953415 0.9646056197890538 -0.2528394847230948 2.76148299252 -0.14475563181143378 -0.24035005349000807 -0.9598320992997745 240.30262914570454
-0.9878411523963072 0.12763690257508692 0.08876192164074401 -0.0873470245375273 0.10118346190135624 0.9613023931545243 -0.2562413236639014 4.076130802774747 -0.11803289655844097 -0.24414448594307744 -0.9625288075240158 244.29220871981238
-0.9874660351046324 0.13982002395444412 0.07322015034196457 -0.37774915239932383 0.11665273409023831 0.9590361283130808 -0.25815081680969953 4.8948972219090665 -0.10631542288864948 -0.24637383280620917 -0.963325991222273 246.77234887839364
-0.9861594815010127 0.14125238707041687 0.08681728049499798 -0.33540423104337885 0.11447456705479132 0.9588640690788773 -0.25976002488278094 4.774672529177865 -0.11993769442195838 -0.24622644085555545 -0.9617626990481278 246.3764812765662
-0.9844013251958398 0.14357167128389417 0.10169172118421435 -0.2959049971520307 0.11268706013611055 0.9583962746646039 -0.2622559955213158 4.671959377518193 -0.13511349832839822 -0.24670580843130868 -0.9596252323984115 246.0321404834197
-0.9838632843674917 0.15292227064474423 0.09288604208626364 -0.5309932635730665 0.12355146795957345 0.9561627399795065 -0.2654954791327022 5.2999944005813 -0.12941434402193955 -0.24973504723151016 -0.9596271847679362 247.8657307659751
-0.9829994584645553 0.16340693660912203 0.0837271624169641 -0.7478014242016322 0.13549857306312268 0.9533418240445392 -0.2697767655400934 5.926636696175552 -0.1239040005658847 -0.25384550339810974 -0.9592759035065551 249.66216177798987
-0.9814192886127117 0.1640428489718216 0.099529511402949 -0.6915556669430137 0.13137600023813734 0.9525574048977928 -0.27454459917433616 5.830210568956403 -0.13984465131112223 -0.2563675761003652 -0.9564095040431592 249.3283328597619
-0.9797356733862564 0.16358019530754533 0.11558343305814608 -0.6265285393871185 0.12659420465579638 0.9529144041346163 -0.27555044137203194 5.709713928247766 -0.15521571325715297 -0.255334404450127 -0.9543125401366997 248.931617799156
-0.9777319069036833 0.16384557078013665 0.13112950529229356 -0.567500892292548 0.12294819756006836 0.9536086978558553 -0.27479845721978924 5.595071286167366 -0.1700707468649431 -0.2525570832690654 -0.9525181682001719 248.57578358966236
-0.9757808101684657 0.1641946413345633 0.14454041048776067 -0.5121891929861824 0.11979409624068084 0.9539633804061615 -0.27496043960888933 5.491846379230661 -0.1830332893569732 -0.2509860326812027 -0.9505287088700188 248.2560394272455
-0.9738668276100538 0.16375634445712609 0.1573761790448369 -0.45853124822415475 0.11575823992496834 0.9540468501319512 -0.27639579888768495 5.401680586353734 -0.19540581355268238 -0.2509551103351506 -0.9480707255402812 247.96193493133495
-0.9718498424591717 0.16330603733490726 0.16982055788990139 -0.40683732179368187 0.11170779746436131 0.9540220142713118 -0.2781427048681248 5.3224018942978235 -0.20743493364842724 -0.2513426634212064 -0.9454087020154807 247.7145656093235
-0.9699192082064249 0.16220399133568955 0.18151196860531701 -0.3581030160373959 0.10716532319268976 0.9540285838751925 -0.2799018661139784 5.25011110589864 -0.21856880623092373 -0.2520304075778419 -0.9427132918331664 247.50965150704818
-0.9676955270342339 0.16148819345314916 0.19361541863487733 -0.2864013056578226 0.10288794374593221 0.9540322915922343 -0.2814897114123187 5.1501050265719535 -0.23017262649944523 -0.25247564233900915 -0.9398279693836743 247.22146202417275
-0.9656780937488386 0.16023414804298175 0.20442807305879793 -0.23467097559658107 0.09869533307875111 0.9543729089751829 -0.2818360903835922 5.067682487264689 -0.24026038059169572 -0.25198684175006875 -0.9374313740763899 247.0122816704915
-0.9658631982504527 0.16907893989761338 0.19626664094667168 -0.6033519427744791 0.10921020778038693 0.9527774884077247 -0.2833517038946817 5.633037626787835 -0.23490724293208554 -0.2522446623152893 -0.938717858332034 248.51297223413837
-0.9657127547222322 0.17879178482555286 0.18823488796095986 -0.9609950863681698 0.12035954697471941 0.950766328672116 -0.28558180564485036 6.196501088340315 -0.23002707409959552 -0.2531341263880208 -0.9396864685835067 250.0035256272053
-0.9634941536969355 0.17816205573764332 0.19984318273873403 -0.8866931383232701 0.11593264242117715 0.9504636438275285 -0.28840680328890894 6.0882035948839155 -0.24132682862262173 -0.25470992061052766 -0.9364209620301733 249.68948433661546
-0.9615458472842875 0.17777452016825063 0.2093461333516183 -0.8175454555574343 0.11242330304543253 0.9502307774627782 -0.2905554516694284 5.982673725453691 -0.2505804950563366 -0.2558470041673724 -0.9336764567856952 249.4085188475712
-0.9600671453241206 0.1772499983126633 0.21645672677775135 -0.7618503464285968 0.10969370815481423 0.9502342160038822 -0.2915857080289089 5.892063812274286 -0.25736815432454396 -0.2561979173093236 -0.9317318607335111 249.18538340517816
-0.9584904168757575 0.1774455406371666 0.22317975012375854 -0.695457938014312 0.10804911921543749 0.950413577124164 -0.29161519208505754 5.802304238205336 -0.2638588800743428 -0.255395991601319 -0.9301351401166825 248.92767712809956
-0.9567828446130745 0.17804516048637833 0.2299271821283359 -0.6312313204490217 0.10681826379645512 0.950564380760475 -0.2915771193851673 5.713125910869824 -0.27047448451491074 -0.25441556331486775 -0.9285021671323984 248.67964350520526
-0.955204972917242 0.17809183473341822 0.2363614988009672 -0.5693511566764379 0.10511167711988378 0.9507537297948556 -0.2915799729305884 5.6285246707277095 -0.2766495889156509 -0.2536742866008353 -0.926884222149858 248.44057645963184
-0.953427433148026 0.17731775940648034 0.2439970121124761 -0.5046917549446088 0.10222064848328963 0.9510310877246759 -0.29170328967096393 5.546649710528402 -0.28377291756685413 -0.25317638590570135 -0.9248646651674565 248.21575206977138
