0.999997 0.000181 0.002330 -0.000187 0.999997 0.002427 -0.002330 -0.002428 0.999994 -0.008439 -0.135895 0.670442
0.999996 -0.000154 0.002653 0.000147 0.999996 0.002732 -0.002654 -0.002731 0.999993 -0.010899 -0.178934 1.428960
0.999996 -0.000238 0.002810 0.000228 0.999993 0.003809 -0.002811 -0.003809 0.999989 -0.011074 -0.220460 2.217275
0.999990 -0.000955 0.004430 0.000933 0.999987 0.004957 -0.004435 -0.004953 0.999978 0.000189 -0.253652 2.887856
0.999983 -0.000098 0.005910 0.000056 0.999975 0.007135 -0.005910 -0.007135 0.999957 0.008738 -0.272587 3.651271
0.999964 0.001053 0.008426 -0.001144 0.999941 0.010845 -0.008415 -0.010854 0.999906 0.017982 -0.283207 4.368527
0.999965 0.001143 0.008303 -0.001276 0.999871 0.016015 -0.008283 -0.016025 0.999837 0.024354 -0.301401 5.037544
0.999981 -0.000665 0.006154 0.000536 0.999777 0.021094 -0.006167 -0.021090 0.999759 0.031946 -0.323368 5.692511
0.999985 -0.002309 0.004946 0.002189 0.999707 0.024105 -0.005000 -0.024094 0.999697 0.045538 -0.337532 6.356140
0.999986 -0.002366 0.004819 0.002247 0.999695 0.024595 -0.004876 -0.024584 0.999686 0.053472 -0.351447 6.978198
0.999979 -0.003160 0.005727 0.003027 0.999731 0.023015 -0.005798 -0.022997 0.999719 0.063255 -0.363045 7.580523
0.999961 -0.003192 0.008241 0.003009 0.999750 0.022149 -0.008309 -0.022124 0.999721 0.070159 -0.398952 8.157098
0.999913 -0.003949 0.012594 0.003676 0.999759 0.021652 -0.012677 -0.021604 0.999686 0.083797 -0.415613 8.763096
0.999849 -0.003784 0.016978 0.003400 0.999739 0.022609 -0.017059 -0.022548 0.999600 0.100306 -0.438358 9.336624
0.999771 -0.003524 0.021127 0.003007 0.999697 0.024422 -0.021206 -0.024353 0.999478 0.105905 -0.463955 9.837437
0.999702 -0.000367 0.024405 -0.000250 0.999680 0.025286 -0.024406 -0.025284 0.999382 0.111554 -0.490872 10.214211
0.999611 0.002003 0.027827 -0.002749 0.999638 0.026772 -0.027763 -0.026838 0.999254 0.115527 -0.518748 10.613294
0.999440 0.003765 0.033241 -0.004735 0.999563 0.029170 -0.033117 -0.029311 0.999022 0.127447 -0.576176 10.976660
0.999277 0.003650 0.037842 -0.004848 0.999488 0.031617 -0.037707 -0.031778 0.998783 0.146178 -0.600644 11.359167
0.999102 0.004167 0.042157 -0.005612 0.999399 0.034195 -0.041989 -0.034401 0.998526 0.167698 -0.610254 11.831396
0.998924 0.003570 0.046237 -0.005267 0.999315 0.036623 -0.046075 -0.036827 0.998259 0.186681 -0.644521 12.184770
0.998762 0.003283 0.049637 -0.005209 0.999236 0.038721 -0.049472 -0.038932 0.998016 0.199065 -0.690949 12.443092
0.998528 0.003187 0.054143 -0.005358 0.999186 0.039992 -0.053971 -0.040224 0.997732 0.216680 -0.729512 12.684965
0.998244 0.004165 0.059090 -0.006558 0.999164 0.040362 -0.058873 -0.040679 0.997436 0.235043 -0.816360 12.880640
0.997998 0.005493 0.063009 -0.008149 0.999085 0.041982 -0.062720 -0.042411 0.997130 0.261195 -0.864784 13.187417
0.997796 0.006766 0.066013 -0.009650 0.999008 0.043475 -0.065654 -0.044016 0.996871 0.287663 -0.911058 13.521314
0.997603 0.008166 0.068710 -0.011233 0.998952 0.044371 -0.068276 -0.045037 0.996649 0.306878 -0.941110 13.806425
0.997315 0.008003 0.072793 -0.011292 0.998928 0.044889 -0.072356 -0.045591 0.996336 0.330936 -0.976827 14.065544
0.997119 0.007256 0.075509 -0.010725 0.998900 0.045642 -0.075094 -0.046321 0.996100 0.361566 -1.006247 14.355833
0.996963 0.005749 0.077660 -0.009340 0.998900 0.045959 -0.077310 -0.046545 0.995920 0.389147 -1.051373 14.547138
0.996767 0.005796 0.080139 -0.009482 0.998910 0.045694 -0.079786 -0.046306 0.995736 0.414654 -1.085637 14.732642
0.996542 0.006341 0.082851 -0.010160 0.998901 0.045760 -0.082470 -0.046444 0.995511 0.439196 -1.120384 14.971464
0.996313 0.006933 0.085516 -0.010755 0.998960 0.044310 -0.085120 -0.045066 0.995351 0.457373 -1.156636 15.152370
0.996088 0.008034 0.088005 -0.011808 0.999029 0.042444 -0.087578 -0.043317 0.995215 0.477225 -1.192967 15.357814
0.995817 0.008214 0.091004 -0.012096 0.999036 0.042188 -0.090570 -0.043112 0.994956 0.508569 -1.218331 15.632067
0.995716 0.009203 0.092005 -0.013210 0.998986 0.043036 -0.091516 -0.044067 0.994828 0.546229 -1.235882 15.983199
0.995825 0.011021 0.090617 -0.014944 0.998975 0.042733 -0.090053 -0.043908 0.994969 0.573647 -1.278027 16.276914
0.996184 0.012397 0.086398 -0.016002 0.999025 0.041150 -0.085804 -0.042375 0.995411 0.588035 -1.301586 16.493124
0.996734 0.013563 0.079606 -0.016799 0.999054 0.040117 -0.078986 -0.041323 0.996019 0.598542 -1.310916 16.779152
0.997308 0.014130 0.071946 -0.016979 0.999089 0.039143 -0.071327 -0.040260 0.996640 0.605232 -1.321165 17.008117
0.997875 0.015420 0.063301 -0.017844 0.999122 0.037910 -0.062661 -0.038959 0.997274 0.613752 -1.329941 17.267619
0.998419 0.016690 0.053670 -0.018658 0.999164 0.036385 -0.053018 -0.037329 0.997896 0.615273 -1.349253 17.478633
0.998878 0.018086 0.043769 -0.019611 0.999207 0.034654 -0.043107 -0.035474 0.998440 0.611854 -1.358113 17.718669
0.999374 0.017928 0.030514 -0.018925 0.999285 0.032725 -0.029906 -0.033282 0.998998 0.606692 -1.376664 17.891145
0.999755 0.017480 0.013584 -0.017891 0.999369 0.030684 -0.013039 -0.030920 0.999437 0.599369 -1.385080 18.064663
0.999834 0.017061 -0.006438 -0.016865 0.999425 0.029404 0.006936 -0.029291 0.999547 0.584404 -1.414614 18.238242
0.999380 0.016842 -0.030928 -0.015924 0.999433 0.029680 0.031411 -0.029169 0.999081 0.561155 -1.445721 18.373767
0.998240 0.018095 -0.056484 -0.016385 0.999397 0.030603 0.057003 -0.029624 0.997934 0.528093 -1.464935 18.510655
0.996220 0.018808 -0.084801 -0.016105 0.999344 0.032446 0.085356 -0.030958 0.995869 0.484072 -1.475915 18.759172
0.992950 0.020225 -0.116794 -0.016304 0.999274 0.034434 0.117405 -0.032287 0.992559 0.435846 -1.504768 18.953885
0.988629 0.021794 -0.148788 -0.016502 0.999190 0.036710 0.149468 -0.033837 0.988187 0.367319 -1.555744 19.188685
0.982748 0.023594 -0.183437 -0.016595 0.999078 0.039599 0.184202 -0.035872 0.982234 0.284000 -1.598992 19.492870
0.974816 0.024774 -0.221632 -0.015020 0.998847 0.045586 0.222506 -0.041109 0.974064 0.170834 -1.652768 19.864783
0.965010 0.027552 -0.260761 -0.013951 0.998451 0.053867 0.261841 -0.048344 0.963899 0.030520 -1.682234 20.288668
0.953281 0.032428 -0.300340 -0.014805 0.998042 0.060770 0.301723 -0.053484 0.951894 -0.117051 -1.718875 20.650349
0.937488 0.036921 -0.346055 -0.014898 0.997703 0.066084 0.347699 -0.056797 0.935884 -0.276561 -1.730411 20.965693
0.919488 0.041686 -0.390901 -0.013796 0.997171 0.073887 0.392875 -0.062545 0.917462 -0.433611 -1.759624 21.245358
0.899135 0.047132 -0.435127 -0.012014 0.996468 0.083109 0.437507 -0.069499 0.896525 -0.686352 -1.765165 21.672086
0.875321 0.050025 -0.480948 -0.008321 0.996045 0.088458 0.483471 -0.073427 0.872275 -0.947050 -1.751046 22.068557
0.847589 0.052551 -0.528044 -0.003802 0.995660 0.092985 0.530639 -0.076805 0.844111 -1.236585 -1.765497 22.457853
0.816516 0.054554 -0.574739 0.001349 0.995342 0.096393 0.577321 -0.079482 0.812640 -1.560954 -1.766706 22.862682
0.780864 0.058274 -0.621977 0.006389 0.994843 0.101229 0.624668 -0.083020 0.776464 -1.966047 -1.795148 23.301411
0.742130 0.061085 -0.667467 0.012560 0.994396 0.104970 0.670138 -0.086285 0.737204 -2.324173 -1.808378 23.670633
0.702807 0.063794 -0.708514 0.018217 0.994030 0.107572 0.711147 -0.088510 0.697450 -2.636235 -1.841982 23.924747
0.662057 0.067198 -0.746435 0.024475 0.993502 0.111149 0.749054 -0.091856 0.656110 -3.107528 -1.854579 24.287445
0.618036 0.071285 -0.782912 0.030342 0.992975 0.114364 0.785564 -0.094436 0.611531 -3.579727 -1.883724 24.628954
0.571436 0.075547 -0.817162 0.037560 0.992303 0.118004 0.819787 -0.098125 0.564200 -4.070425 -1.884552 24.926074
0.524943 0.080156 -0.847355 0.043020 0.991785 0.120469 0.850050 -0.099692 0.517182 -4.509121 -1.906403 25.148186
0.474362 0.082717 -0.876435 0.052129 0.991189 0.121762 0.878785 -0.103447 0.465871 -5.124048 -1.937509 25.433404
0.419568 0.084856 -0.903749 0.061470 0.990679 0.121556 0.905640 -0.106555 0.410442 -5.679444 -1.934547 25.649646
0.364643 0.087748 -0.927003 0.069699 0.990185 0.121145 0.928535 -0.108786 0.354948 -6.293168 -1.930748 25.836027
0.307425 0.089406 -0.947363 0.077504 0.989916 0.118573 0.948411 -0.109876 0.297395 -6.916559 -1.916276 25.996178
0.250012 0.095153 -0.963556 0.084214 0.989251 0.119541 0.964573 -0.111031 0.239312 -7.538070 -1.923223 26.105840
0.190486 0.101221 -0.976458 0.089778 0.988706 0.120004 0.977576 -0.110523 0.179247 -8.157677 -1.939666 26.162249
0.130370 0.105314 -0.985856 0.096083 0.988320 0.118283 0.986799 -0.110144 0.118728 -8.783450 -1.961288 26.200188
0.077590 0.106817 -0.991247 0.099765 0.988422 0.114322 0.991981 -0.107762 0.066035 -9.434408 -1.947946 26.216718
0.034105 0.107816 -0.993586 0.099958 0.988811 0.110729 0.994407 -0.103093 0.022947 -10.034343 -1.938646 26.204822
-0.005857 0.107571 -0.994180 0.100507 0.989226 0.106442 0.994919 -0.099299 -0.016606 -10.676761 -1.907961 26.177168
-0.038880 0.109950 -0.993176 0.100614 0.989307 0.105583 0.994166 -0.095822 -0.049527 -11.526511 -1.846898 26.129045
-0.065851 0.115448 -0.991128 0.099494 0.989094 0.108601 0.992857 -0.091460 -0.076619 -12.353760 -1.801692 26.061267
-0.079659 0.122009 -0.989327 0.098887 0.988553 0.113951 0.991905 -0.088755 -0.090812 -13.297805 -1.733284 25.971610
-0.087097 0.126583 -0.988125 0.098043 0.988168 0.117947 0.991364 -0.086606 -0.098478 -14.184805 -1.678633 25.874900
-0.091271 0.127768 -0.987596 0.099070 0.987980 0.118661 0.990886 -0.087011 -0.102832 -15.103596 -1.602525 25.779551
-0.092059 0.124944 -0.987884 0.100955 0.988156 0.115571 0.990623 -0.089092 -0.103582 -15.982956 -1.528305 25.687907
-0.090093 0.124257 -0.988152 0.102098 0.988111 0.114943 0.990686 -0.090533 -0.101708 -16.791462 -1.470746 25.603543
-0.088348 0.125960 -0.988093 0.103273 0.987785 0.116687 0.990722 -0.091735 -0.100277 -17.689217 -1.392383 25.516478
-0.085778 0.127061 -0.988179 0.105028 0.987461 0.117852 0.990763 -0.093677 -0.098047 -18.701031 -1.302050 25.422142
-0.082447 0.124290 -0.988815 0.106895 0.987571 0.115221 0.990846 -0.096200 -0.094708 -19.604279 -1.223868 25.342325
-0.082703 0.118632 -0.989488 0.106452 0.988260 0.109587 0.990872 -0.096269 -0.094361 -20.577664 -1.140821 25.249050
-0.083478 0.114345 -0.989928 0.106106 0.988767 0.105263 0.990845 -0.096251 -0.094673 -21.626820 -1.048739 25.157286
-0.086204 0.114155 -0.989716 0.106760 0.988752 0.104745 0.990541 -0.096633 -0.097422 -22.623761 -0.965050 25.063480
-0.090028 0.119550 -0.988738 0.104458 0.988427 0.110001 0.990446 -0.093379 -0.101474 -23.717823 -0.868684 24.943680
-0.092927 0.128130 -0.987394 0.104085 0.987502 0.118348 0.990218 -0.091775 -0.105102 -24.835381 -0.777230 24.824429
-0.095004 0.138421 -0.985806 0.103388 0.986302 0.128527 0.990094 -0.089710 -0.108014 -25.874011 -0.695579 24.713845
-0.098789 0.147460 -0.984122 0.103534 0.985115 0.137216 0.989708 -0.088335 -0.112585 -26.890364 -0.594368 24.595675
-0.098301 0.154516 -0.983088 0.102703 0.984173 0.144417 0.989843 -0.086770 -0.112614 -27.892401 -0.495564 24.480426
-0.100432 0.157637 -0.982377 0.102897 0.983720 0.147333 0.989609 -0.086286 -0.115017 -28.942410 -0.382693 24.354453
-0.103420 0.157179 -0.982140 0.102947 0.983823 0.146608 0.989296 -0.085946 -0.117928 -29.921584 -0.268749 24.239207
-0.106282 0.155051 -0.982173 0.103788 0.984102 0.144124 0.988904 -0.086620 -0.120685 -30.807946 -0.123634 24.129245
-0.112305 0.151636 -0.982036 0.105656 0.984508 0.139935 0.988041 -0.088042 -0.126586 -31.722777 0.029627 24.016529
-0.118164 0.148971 -0.981756 0.105363 0.984982 0.136779 0.987388 -0.087279 -0.132086 -32.475212 0.134802 23.917354
-0.122738 0.146761 -0.981528 0.105193 0.985358 0.134180 0.986848 -0.086781 -0.136379 -33.336408 0.271588 23.787436
-0.128287 0.148274 -0.980590 0.105892 0.985156 0.135111 0.986068 -0.086503 -0.142084 -34.257073 0.403685 23.639820
-0.134562 0.152364 -0.979121 0.104073 0.984816 0.138947 0.985425 -0.083203 -0.148376 -35.252889 0.541416 23.477465
-0.141630 0.156941 -0.977400 0.102351 0.984383 0.143231 0.984614 -0.079752 -0.155482 -36.288536 0.691107 23.296943
-0.150722 0.161205 -0.975344 0.100585 0.983995 0.147091 0.983446 -0.075935 -0.164524 -37.243514 0.829579 23.124743
-0.159537 0.164104 -0.973457 0.099574 0.983732 0.149517 0.982157 -0.073078 -0.173282 -38.185458 0.976799 22.944668
-0.165696 0.165626 -0.972169 0.098914 0.983616 0.150717 0.981204 -0.071187 -0.179364 -39.250653 1.143972 22.746742
-0.171159 0.167250 -0.970944 0.099040 0.983415 0.151940 0.980253 -0.070156 -0.184885 -40.255666 1.293125 22.553342
-0.178715 0.168412 -0.969381 0.099879 0.983258 0.152409 0.978818 -0.069583 -0.192543 -41.213880 1.433903 22.366228
-0.183813 0.169942 -0.968159 0.100222 0.983049 0.153527 0.977839 -0.068810 -0.197729 -42.158928 1.578888 22.168027
-0.186806 0.171354 -0.967337 0.100141 0.982863 0.154766 0.977280 -0.067959 -0.200764 -43.108880 1.728531 21.969514
-0.189533 0.172037 -0.966685 0.100125 0.982785 0.155271 0.976756 -0.067361 -0.203495 -44.083199 1.881156 21.760049
-0.193330 0.169939 -0.966304 0.099645 0.983194 0.152973 0.976061 -0.066713 -0.207015 -44.988614 2.017342 21.556844
-0.197104 0.170447 -0.965452 0.099615 0.983156 0.153235 0.975309 -0.065971 -0.210763 -45.879892 2.157202 21.361200
-0.201850 0.174986 -0.963658 0.098611 0.982541 0.157760 0.974439 -0.063184 -0.215582 -46.755696 2.293700 21.152117
-0.206967 0.178740 -0.961882 0.098508 0.981980 0.161279 0.973376 -0.061374 -0.220845 -47.603210 2.423763 20.947635
-0.212032 0.180337 -0.960480 0.099570 0.981698 0.162341 0.972177 -0.061213 -0.226107 -48.397059 2.546523 20.756200
-0.215405 0.181691 -0.959473 0.100196 0.981465 0.163361 0.971371 -0.060947 -0.229617 -49.280708 2.690398 20.536072
-0.217334 0.183682 -0.958659 0.097544 0.981305 0.165907 0.971211 -0.057454 -0.231188 -50.257369 2.849578 20.279735
-0.218582 0.185750 -0.957976 0.095397 0.981081 0.168463 0.971144 -0.054565 -0.232167 -51.096010 2.983561 20.056877
-0.220302 0.187038 -0.957332 0.093634 0.980967 0.170108 0.970927 -0.052164 -0.233622 -51.982007 3.124906 19.822238
-0.222550 0.188248 -0.956574 0.092016 0.980857 0.171618 0.970569 -0.049827 -0.235611 -52.908255 3.281196 19.577042
-0.224039 0.187603 -0.956353 0.090448 0.981065 0.171262 0.970374 -0.048131 -0.236765 -53.901319 3.448018 19.310279
-0.225517 0.188891 -0.955752 0.089456 0.980895 0.172753 0.970123 -0.046539 -0.238106 -54.920305 3.623165 19.041480
-0.227719 0.190246 -0.954961 0.089303 0.980675 0.174074 0.969623 -0.045641 -0.240308 -55.963318 3.803752 18.759081
-0.229845 0.192162 -0.954068 0.088563 0.980376 0.176125 0.969189 -0.044014 -0.242353 -56.952810 3.968738 18.487204
-0.232516 0.194281 -0.952991 0.087151 0.980066 0.178537 0.968680 -0.041542 -0.244813 -57.964445 4.139635 18.210111
-0.234623 0.195308 -0.952264 0.085873 0.979943 0.179827 0.968286 -0.039582 -0.246689 -59.014751 4.323753 17.927470
-0.235863 0.194723 -0.952078 0.085919 0.980061 0.179161 0.967981 -0.039544 -0.247891 -60.003448 4.507227 17.651294
-0.238096 0.192592 -0.951955 0.085620 0.980489 0.176950 0.967460 -0.039376 -0.249940 -60.975459 4.689274 17.374503
-0.240060 0.191871 -0.951607 0.083399 0.980725 0.176703 0.967169 -0.036943 -0.251434 -61.991976 4.875788 17.093406
-0.242453 0.193232 -0.950725 0.082637 0.980516 0.178213 0.966637 -0.035357 -0.253697 -63.071584 5.072039 16.793476
-0.245593 0.194367 -0.949687 0.082497 0.980329 0.179304 0.965856 -0.034310 -0.256796 -64.139501 5.253965 16.496511
-0.249490 0.194606 -0.948622 0.081566 0.980341 0.179661 0.964936 -0.032552 -0.260458 -65.163849 5.430509 16.202943
-0.251622 0.194390 -0.948103 0.079132 0.980474 0.180025 0.964585 -0.029727 -0.262091 -66.124707 5.597932 15.925030
-0.254725 0.192975 -0.947563 0.076996 0.980822 0.179051 0.963943 -0.027350 -0.264698 -67.110164 5.768915 15.635626
-0.258220 0.191914 -0.946832 0.075186 0.981090 0.178353 0.963156 -0.025134 -0.267766 -68.050085 5.923180 15.359331
-0.261021 0.190437 -0.946362 0.074313 0.981403 0.176992 0.962468 -0.024128 -0.270319 -68.926166 6.070968 15.097814
-0.263552 0.189726 -0.945804 0.073798 0.981560 0.176334 0.961818 -0.023325 -0.272694 -69.914578 6.253092 14.803352
-0.267263 0.189376 -0.944832 0.073411 0.981651 0.175990 0.960823 -0.022325 -0.276261 -70.973357 6.429165 14.479575
-0.270427 0.189849 -0.943836 0.073061 0.981584 0.176508 0.959964 -0.021225 -0.279317 -72.066786 6.610738 14.142731
-0.274841 0.192530 -0.942016 0.073601 0.981085 0.179041 0.958668 -0.020126 -0.283813 -73.165461 6.801518 13.801264
-0.279003 0.193957 -0.940499 0.073133 0.980838 0.180580 0.957501 -0.018399 -0.287841 -74.193524 6.979087 13.479484
-0.281510 0.192438 -0.940064 0.072741 0.981144 0.179065 0.956797 -0.017972 -0.290200 -75.190085 7.152040 13.160133
-0.285107 0.190674 -0.939339 0.073613 0.981475 0.176884 0.955665 -0.018717 -0.293861 -76.163137 7.320678 12.854221
-0.289523 0.188430 -0.938440 0.075157 0.981880 0.173965 0.954216 -0.020163 -0.298439 -77.056377 7.475477 12.568184
-0.293201 0.187856 -0.937413 0.074896 0.982005 0.173367 0.953113 -0.019377 -0.301995 -78.138345 7.655749 12.220469
-0.294745 0.188520 -0.936796 0.073953 0.981906 0.174330 0.952710 -0.017896 -0.303353 -79.179397 7.827464 11.868107
-0.297475 0.188604 -0.935915 0.073449 0.981909 0.174528 0.951900 -0.016824 -0.305946 -80.224919 7.999954 11.515763
-0.301016 0.188359 -0.934832 0.072762 0.981978 0.174429 0.950839 -0.015515 -0.309296 -81.251028 8.179374 11.166404
-0.307226 0.185307 -0.933420 0.070420 0.982596 0.171891 0.949027 -0.012922 -0.314929 -82.227333 8.332072 10.821547
-0.313158 0.182278 -0.932045 0.068461 0.983188 0.169278 0.947230 -0.010798 -0.320371 -83.169301 8.478626 10.485991
-0.316716 0.182495 -0.930799 0.068183 0.983158 0.169561 0.946067 -0.009762 -0.323825 -84.118871 8.622407 10.145169
-0.319771 0.183323 -0.929591 0.067401 0.983020 0.170674 0.945095 -0.008079 -0.326697 -85.013601 8.760703 9.823227
-0.322768 0.183470 -0.928525 0.066944 0.983001 0.170963 0.944108 -0.006978 -0.329563 -85.944516 8.892717 9.483868
-0.327700 0.184527 -0.926586 0.065687 0.982818 0.172494 0.942495 -0.004339 -0.334191 -86.830169 9.018101 9.149357
-0.333414 0.186002 -0.924250 0.066211 0.982544 0.173849 0.940452 -0.003232 -0.339910 -87.707176 9.150497 8.818462
-0.336405 0.185723 -0.923222 0.066061 0.982599 0.173596 0.939397 -0.002591 -0.342821 -88.602332 9.280090 8.470224
-0.340989 0.183836 -0.921917 0.066790 0.982952 0.171303 0.937692 -0.003163 -0.347454 -89.495954 9.424232 8.118519
-0.346204 0.181521 -0.920431 0.066779 0.983383 0.168818 0.935780 -0.003020 -0.352572 -90.333564 9.549705 7.789891
-0.351052 0.179131 -0.919062 0.065758 0.983823 0.166635 0.934044 -0.001938 -0.357153 -91.237846 9.678330 7.429052
-0.354794 0.178632 -0.917721 0.064954 0.983916 0.166405 0.932685 -0.000570 -0.360690 -92.189535 9.813127 7.048669
-0.357906 0.179468 -0.916348 0.064629 0.983764 0.167429 0.931518 0.000701 -0.363694 -93.101536 9.931140 6.679529
-0.362347 0.181165 -0.914267 0.066326 0.983453 0.168587 0.929680 0.000447 -0.368367 -94.122622 10.074372 6.264133
-0.366403 0.181739 -0.912535 0.066501 0.983346 0.169140 0.928077 0.001289 -0.372386 -95.171161 10.235741 5.836010
-0.370239 0.180448 -0.911242 0.064175 0.983577 0.168697 0.926717 0.003979 -0.375738 -96.125386 10.389034 5.433666
-0.376384 0.179496 -0.908909 0.062855 0.983739 0.168245 0.924329 0.006195 -0.381546 -97.133419 10.544751 5.001824
-0.381336 0.176597 -0.907412 0.061699 0.984257 0.165623 0.922375 0.007171 -0.386229 -98.146881 10.672300 4.560698
-0.386364 0.172732 -0.906028 0.061459 0.984946 0.161569 0.920297 0.006741 -0.391163 -99.240700 10.803020 4.079560
-0.392121 0.172459 -0.903604 0.062982 0.984998 0.160662 0.917755 0.006088 -0.397100 -100.220287 10.928808 3.640822
-0.396154 0.173431 -0.901656 0.063663 0.984824 0.161457 0.915974 0.006559 -0.401183 -101.230693 11.072413 3.186584
-0.397798 0.173938 -0.900834 0.064653 0.984738 0.161589 0.915192 0.006038 -0.402972 -102.257200 11.211956 2.726821
-0.400428 0.175881 -0.899291 0.064428 0.984382 0.163835 0.914061 0.007665 -0.405505 -103.243260 11.333921 2.276049
-0.403275 0.175537 -0.898085 0.063656 0.984433 0.163830 0.912862 0.008900 -0.408171 -104.242821 11.472986 1.816123
-0.404602 0.173575 -0.897869 0.064215 0.984791 0.161442 0.912235 0.007663 -0.409595 -105.178226 11.603206 1.387371
-0.405082 0.171087 -0.898130 0.063917 0.985231 0.158851 0.912043 0.006941 -0.410035 -106.052541 11.740477 0.984069
-0.406906 0.169966 -0.897518 0.062785 0.985417 0.158148 0.911310 0.008001 -0.411643 -107.051598 11.889724 0.510671
-0.412527 0.170715 -0.894806 0.062843 0.985276 0.159003 0.908775 0.009360 -0.417181 -107.983517 12.018851 0.070958
-0.416202 0.173417 -0.892582 0.062452 0.984778 0.162208 0.907125 0.011767 -0.420697 -108.970431 12.163108 -0.392592
-0.421701 0.174429 -0.889799 0.060846 0.984554 0.164167 0.904691 0.015088 -0.425801 -109.990329 12.292631 -0.886226
-0.426290 0.172580 -0.887971 0.057508 0.984817 0.163794 0.902757 0.018758 -0.429742 -111.012581 12.421479 -1.390840
-0.428519 0.170822 -0.887238 0.056447 0.985109 0.162403 0.901768 0.019510 -0.431780 -111.977348 12.532765 -1.870459
-0.433250 0.168660 -0.885352 0.055610 0.985465 0.160519 0.899556 0.020310 -0.436332 -113.044844 12.688879 -2.405351
-0.440341 0.167213 -0.882122 0.055302 0.985690 0.159239 0.896126 0.021336 -0.443287 -114.044512 12.826340 -2.921910
-0.446591 0.165647 -0.879271 0.055290 0.985944 0.157661 0.893028 0.021795 -0.449472 -115.092540 12.979503 -3.460608
-0.450690 0.165761 -0.877155 0.055129 0.985901 0.157986 0.890977 0.022846 -0.453474 -116.184618 13.163287 -4.034285
-0.453862 0.167790 -0.875132 0.054955 0.985513 0.160452 0.889376 0.024731 -0.456508 -117.260069 13.330094 -4.616493
-0.457574 0.169778 -0.872812 0.055856 0.985151 0.162347 0.887415 0.025534 -0.460263 -118.341770 13.496253 -5.199984
-0.459645 0.168815 -0.871911 0.055368 0.985305 0.161581 0.886375 0.025994 -0.462237 -119.385518 13.642964 -5.765518
-0.462866 0.166791 -0.870595 0.055419 0.985662 0.159372 0.884694 0.025521 -0.465473 -120.444200 13.789718 -6.346721
-0.465944 0.165796 -0.869142 0.055504 0.985830 0.158300 0.883071 0.025518 -0.468544 -121.441199 13.917004 -6.892337
-0.469407 0.165301 -0.867371 0.054697 0.985877 0.158285 0.881286 0.026857 -0.471819 -122.475591 14.048440 -7.462096
-0.473225 0.165137 -0.865325 0.054157 0.985869 0.158524 0.879275 0.028154 -0.475481 -123.560693 14.190345 -8.060620
-0.478554 0.166754 -0.862079 0.054262 0.985541 0.160514 0.876380 0.030036 -0.480683 -124.442046 14.320538 -8.554208
-0.483185 0.166448 -0.859550 0.052239 0.985494 0.161471 0.873958 0.033118 -0.484871 -125.294249 14.441105 -9.038818
-0.487066 0.164804 -0.857675 0.051595 0.985749 0.160113 0.871840 0.033734 -0.488629 -126.218150 14.550053 -9.575680
-0.490623 0.161451 -0.856284 0.051204 0.986329 0.156633 0.869866 0.033003 -0.492182 -126.986219 14.638212 -10.023580
-0.494394 0.159048 -0.854563 0.050903 0.986728 0.154197 0.867746 0.032734 -0.495929 -127.740266 14.730421 -10.472366
-0.498952 0.157953 -0.852113 0.050187 0.986866 0.153545 0.865175 0.033847 -0.500326 -128.599392 14.828182 -10.984618
-0.502947 0.157226 -0.849897 0.048507 0.986900 0.153866 0.862955 0.036161 -0.503985 -129.426916 14.926787 -11.480804
-0.507435 0.156462 -0.847366 0.048211 0.986992 0.153372 0.860340 0.036974 -0.508377 -130.229645 15.021360 -11.964583
-0.510532 0.155006 -0.845772 0.046858 0.987171 0.152636 0.858581 0.038294 -0.511246 -130.983879 15.111824 -12.428465
-0.512335 0.156122 -0.844476 0.046041 0.986916 0.154523 0.857551 0.040287 -0.512819 -131.847083 15.211430 -12.959160
-0.513531 0.157393 -0.843513 0.045025 0.986622 0.156684 0.856889 0.042483 -0.513747 -132.669528 15.291476 -13.466131
-0.516163 0.157453 -0.841893 0.045366 0.986603 0.156703 0.855288 0.042691 -0.516391 -133.523172 15.392351 -13.997433
-0.518393 0.157758 -0.840465 0.046183 0.986566 0.156696 0.853895 0.042415 -0.518715 -134.346986 15.482473 -14.513451
-0.522482 0.159891 -0.837525 0.044972 0.986061 0.160192 0.851463 0.046032 -0.522390 -135.227565 15.611958 -15.069103
-0.527596 0.161278 -0.834046 0.042559 0.985598 0.163662 0.848429 0.050851 -0.526861 -136.147764 15.771154 -15.660517
-0.531486 0.160221 -0.831776 0.041838 0.985715 0.163140 0.846033 0.051907 -0.530597 -137.051519 15.926687 -16.235756
-0.534097 0.156605 -0.830792 0.041072 0.986340 0.159521 0.844425 0.051077 -0.533233 -137.951768 16.067288 -16.809696
-0.536138 0.152020 -0.830328 0.040797 0.987167 0.154392 0.843144 0.048901 -0.535460 -138.851233 16.200661 -17.398456
-0.540800 0.148461 -0.827946 0.040487 0.987754 0.150672 0.840176 0.047962 -0.540189 -139.659267 16.308804 -17.939811
-0.543939 0.144973 -0.826507 0.041263 0.988392 0.146213 0.838110 0.045427 -0.543607 -140.526406 16.423240 -18.514853
-0.547215 0.142946 -0.824695 0.044414 0.988879 0.141934 0.835813 0.041040 -0.547478 -141.352259 16.542117 -19.071497
-0.549242 0.141453 -0.823604 0.045768 0.989182 0.139369 0.834409 0.038853 -0.549775 -142.185541 16.670229 -19.632102
-0.550278 0.142581 -0.822718 0.045960 0.988991 0.140656 0.833715 0.039588 -0.550774 -143.015469 16.798283 -20.190358
-0.551651 0.146746 -0.821064 0.045688 0.988240 0.145928 0.832823 0.042989 -0.551868 -143.791705 16.918761 -20.715396
-0.552228 0.148125 -0.820429 0.043052 0.987843 0.149372 0.832581 0.047166 -0.551892 -144.579209 17.024200 -21.261940
-0.553653 0.146257 -0.819804 0.041809 0.988096 0.148046 0.831698 0.047691 -0.553177 -145.347961 17.104574 -21.792031
-0.555169 0.144688 -0.819056 0.040946 0.988313 0.146834 0.830729 0.047980 -0.554605 -146.169217 17.196128 -22.356195
-0.555346 0.144015 -0.819054 0.040394 0.988400 0.146403 0.830638 0.048220 -0.554722 -147.157088 17.311899 -23.034996
-0.554969 0.141923 -0.819675 0.039118 0.988701 0.144704 0.830951 0.048243 -0.554251 -148.053470 17.435677 -23.646816
-0.556083 0.140111 -0.819231 0.038626 0.988980 0.142924 0.830228 0.047834 -0.555367 -148.971806 17.556545 -24.277948
-0.558387 0.139187 -0.817820 0.037502 0.989052 0.142724 0.828732 0.049025 -0.557494 -149.879642 17.660304 -24.908271
-0.559459 0.138515 -0.817202 0.034819 0.988995 0.143796 0.828127 0.051993 -0.558125 -150.768007 17.758187 -25.533084
-0.559748 0.138771 -0.816961 0.032949 0.988826 0.145388 0.828008 0.054462 -0.558066 -151.611199 17.873208 -26.123035
-0.560880 0.138369 -0.816252 0.030604 0.988726 0.146577 0.827331 0.057232 -0.558791 -152.397254 17.984894 -26.676049
-0.561394 0.138174 -0.815932 0.029145 0.988652 0.147371 0.827035 0.058953 -0.559050 -153.260360 18.086253 -27.275785
-0.561041 0.137862 -0.816227 0.027794 0.988616 0.147874 0.827321 0.060277 -0.558486 -154.063958 18.176476 -27.834038
-0.561528 0.137070 -0.816026 0.026816 0.988681 0.147618 0.827023 0.061009 -0.558847 -154.746756 18.251971 -28.311404
-0.562399 0.135448 -0.815697 0.025132 0.988836 0.146871 0.826484 0.062100 -0.559524 -155.512115 18.338913 -28.853215
-0.563058 0.134623 -0.815378 0.025306 0.988989 0.145812 0.826030 0.061467 -0.560265 -156.161035 18.419896 -29.299488
-0.566151 0.133359 -0.813442 0.026634 0.989270 0.143648 0.823871 0.059661 -0.563629 -156.696593 18.505042 -29.672839
-0.569873 0.130513 -0.811302 0.027339 0.989771 0.140020 0.821278 0.057614 -0.567612 -157.292357 18.579157 -30.092037
-0.574512 0.128264 -0.808384 0.028628 0.990190 0.136764 0.817995 0.055430 -0.572548 -157.950844 18.659747 -30.564230
-0.578536 0.125620 -0.805926 0.028011 0.990546 0.134289 0.815176 0.055116 -0.576585 -158.663281 18.745495 -31.085519
-0.584129 0.124854 -0.802000 0.028416 0.990638 0.133525 0.811163 0.055206 -0.582209 -159.424515 18.839625 -31.644321
-0.586770 0.124427 -0.800137 0.027881 0.990642 0.133606 0.809274 0.056088 -0.584748 -160.207103 18.928187 -32.221775
-0.590251 0.123893 -0.797655 0.026513 0.990594 0.134242 0.806784 0.058088 -0.587984 -160.988782 19.013449 -32.810945
-0.592616 0.124083 -0.795870 0.027230 0.990585 0.134165 0.805024 0.057837 -0.590416 -161.776194 19.116154 -33.403710
-0.594165 0.123594 -0.794791 0.025808 0.990545 0.134741 0.803929 0.059547 -0.591737 -162.456753 19.215569 -33.917894
-0.594765 0.124141 -0.794256 0.024926 0.990377 0.136130 0.803513 0.061168 -0.592137 -163.078228 19.304453 -34.387461
-0.595182 0.123314 -0.794073 0.023257 0.990385 0.136367 0.803254 0.062695 -0.592328 -163.724140 19.401795 -34.885621
-0.594525 0.122816 -0.794642 0.023119 0.990468 0.135785 0.803745 0.062356 -0.591698 -164.285655 19.486515 -35.299829
-0.593587 0.121850 -0.795491 0.023599 0.990682 0.134138 0.804423 0.060850 -0.590932 -164.957638 19.580712 -35.805458
-0.593269 0.120166 -0.795985 0.022987 0.990922 0.132462 0.804676 0.060288 -0.590645 -165.691718 19.687540 -36.356221
-0.595196 0.118706 -0.794765 0.020981 0.990987 0.132301 0.803307 0.062070 -0.592322 -166.394648 19.796830 -36.895299
-0.595891 0.118981 -0.794203 0.019632 0.990826 0.133707 0.802826 0.064083 -0.592760 -167.120429 19.893183 -37.451979
-0.596033 0.118961 -0.794099 0.018079 0.990702 0.134844 0.802757 0.066015 -0.592641 -167.917405 19.998514 -38.052430
-0.596272 0.119480 -0.793842 0.018814 0.990671 0.134973 0.802562 0.065545 -0.592957 -168.754813 20.125037 -38.676517
-0.595362 0.118716 -0.794639 0.020465 0.990944 0.132710 0.803197 0.062748 -0.592400 -169.626142 20.268570 -39.325434
-0.594397 0.118266 -0.795428 0.020060 0.991000 0.132354 0.803922 0.062714 -0.591419 -170.521796 20.405111 -39.995083
-0.593575 0.119168 -0.795907 0.019880 0.990845 0.133529 0.804533 0.063437 -0.590510 -171.332485 20.526844 -40.595168
-0.593258 0.119908 -0.796032 0.021018 0.990814 0.133585 0.804738 0.062519 -0.590329 -172.230036 20.642701 -41.261249
-0.593920 0.119509 -0.795598 0.020727 0.990850 0.133366 0.804257 0.062719 -0.590963 -173.171157 20.760907 -41.955398
-0.593643 0.120144 -0.795710 0.019950 0.990686 0.134699 0.804481 0.064089 -0.590510 -174.080467 20.903684 -42.634899
-0.594963 0.122983 -0.794288 0.020884 0.990256 0.137682 0.803482 0.065327 -0.591734 -174.951367 21.037570 -43.286866
-0.595728 0.123864 -0.793578 0.021238 0.990121 0.138597 0.802906 0.065712 -0.592473 -175.781391 21.166819 -43.904142
-0.596021 0.123265 -0.793452 0.019919 0.990113 0.138854 0.802722 0.066955 -0.592583 -176.711572 21.315760 -44.599369
-0.596857 0.123209 -0.792831 0.018362 0.989978 0.140022 0.802137 0.069015 -0.593138 -177.520702 21.444740 -45.210137
-0.596084 0.123984 -0.793291 0.018415 0.989857 0.140869 0.802711 0.069362 -0.592321 -178.317671 21.570005 -45.802305
-0.595527 0.123365 -0.793807 0.019079 0.990032 0.139547 0.803109 0.067959 -0.591944 -179.175028 21.710315 -46.437282
-0.595554 0.120551 -0.794218 0.019184 0.990528 0.135964 0.803086 0.065738 -0.592226 -180.064227 21.830063 -47.100463
-0.596348 0.120563 -0.793621 0.019675 0.990555 0.135696 0.802485 0.065307 -0.593088 -180.878280 21.941009 -47.713019
-0.597817 0.122211 -0.792262 0.020935 0.990354 0.136971 0.801359 0.065297 -0.594609 -181.657637 22.066336 -48.294531
-0.600237 0.121171 -0.790590 0.020125 0.990433 0.136521 0.799569 0.066034 -0.596933 -182.456627 22.192688 -48.915472
-0.601168 0.121230 -0.789874 0.019682 0.990372 0.137023 0.798881 0.066827 -0.597766 -183.307462 22.327492 -49.570866
-0.602955 0.120734 -0.788586 0.020916 0.990534 0.135661 0.797501 0.065304 -0.599773 -184.117569 22.424818 -50.199408
-0.602957 0.119097 -0.788834 0.021042 0.990824 0.133509 0.797496 0.063902 -0.599931 -184.944476 22.502763 -50.848192
-0.602525 0.119096 -0.789164 0.022448 0.990941 0.132407 0.797784 0.062063 -0.599741 -185.717343 22.596049 -51.444831
-0.603328 0.119387 -0.788506 0.022406 0.990878 0.132884 0.797178 0.062505 -0.600500 -186.559776 22.722889 -52.094452
-0.603233 0.120194 -0.788456 0.023082 0.990796 0.133380 0.797231 0.062260 -0.600455 -187.382751 22.848041 -52.724070
-0.603785 0.120102 -0.788048 0.023170 0.990811 0.133252 0.796810 0.062196 -0.601020 -188.175163 22.961417 -53.324557
-0.604786 0.119553 -0.787363 0.021699 0.990775 0.133772 0.796093 0.063818 -0.601801 -189.100691 23.069107 -54.037583
-0.606173 0.119705 -0.786273 0.021560 0.990718 0.134210 0.795040 0.064402 -0.603128 -190.080068 23.156416 -54.799845
-0.607422 0.120030 -0.785258 0.022061 0.990686 0.134365 0.794073 0.064293 -0.604413 -190.953195 23.259972 -55.477694
-0.609637 0.119438 -0.783631 0.021247 0.990690 0.134468 0.792396 0.065326 -0.606499 -191.747830 23.370971 -56.096886
-0.609803 0.117417 -0.783807 0.018655 0.990817 0.133915 0.792334 0.067040 -0.606393 -192.577129 23.485578 -56.747944
-0.609859 0.114583 -0.784183 0.018164 0.991254 0.130714 0.792302 0.065474 -0.606607 -193.329017 23.588170 -57.335209
-0.609773 0.111119 -0.784748 0.019382 0.991918 0.125393 0.792339 0.061251 -0.606998 -194.053642 23.693640 -57.900156
-0.610911 0.108735 -0.784197 0.020672 0.992376 0.121497 0.791429 0.058013 -0.608502 -194.745331 23.793921 -58.438567
-0.613402 0.109738 -0.782110 0.023114 0.992370 0.121112 0.789433 0.056212 -0.611258 -195.443076 23.887310 -58.985707
-0.614705 0.112499 -0.780693 0.023637 0.991959 0.124332 0.788403 0.057974 -0.612422 -196.195613 23.970719 -59.575529
-0.616328 0.113567 -0.779258 0.023747 0.991777 0.125756 0.787131 0.059002 -0.613957 -196.991366 24.040585 -60.223438
-0.617875 0.113500 -0.778042 0.022998 0.991712 0.126406 0.785940 0.060210 -0.615364 -197.771617 24.137876 -60.850535
-0.619066 0.114121 -0.777003 0.022369 0.991546 0.127810 0.785020 0.061742 -0.616386 -198.557562 24.254518 -61.472210
-0.620651 0.115034 -0.775603 0.022829 0.991411 0.128773 0.783755 0.062217 -0.617947 -199.340239 24.367497 -62.091155
-0.620984 0.114410 -0.775428 0.022520 0.991486 0.128254 0.783499 0.062181 -0.618273 -200.181380 24.486063 -62.764780
-0.621801 0.112311 -0.775080 0.021790 0.991762 0.126227 0.782872 0.061599 -0.619126 -200.949974 24.602548 -63.379306
-0.624188 0.112714 -0.773101 0.023354 0.991788 0.125742 0.780925 0.060432 -0.621694 -201.728797 24.721603 -64.011326
-0.627129 0.112585 -0.770736 0.023895 0.991814 0.125437 0.778549 0.060249 -0.624686 -202.558275 24.850750 -64.689390
-0.630866 0.112489 -0.767694 0.024561 0.991834 0.125149 0.775503 0.060097 -0.628478 -203.319657 24.965306 -65.307653
-0.634459 0.111952 -0.764806 0.024023 0.991834 0.125254 0.772583 0.061096 -0.631968 -204.114504 25.085421 -65.971987
-0.638010 0.111890 -0.761856 0.022858 0.991703 0.126504 0.769689 0.063296 -0.635274 -204.978279 25.216319 -66.711748
-0.641646 0.112203 -0.758750 0.022617 0.991580 0.127507 0.766668 0.064654 -0.638781 -205.813847 25.341133 -67.425476
-0.643989 0.111716 -0.756834 0.021101 0.991498 0.128400 0.764744 0.066718 -0.640871 -206.640971 25.465730 -68.134346
-0.647150 0.111588 -0.754152 0.021303 0.991490 0.128425 0.762065 0.067045 -0.644020 -207.411111 25.593204 -68.790156
-0.649717 0.111874 -0.751899 0.022172 0.991479 0.128362 0.759853 0.066728 -0.646662 -208.114837 25.700630 -69.399122
-0.650759 0.112096 -0.750964 0.022446 0.991450 0.128543 0.758953 0.066795 -0.647711 -208.846277 25.817885 -70.037403
-0.651149 0.112271 -0.750600 0.023146 0.991476 0.128220 0.758597 0.066117 -0.648197 -209.551283 25.920275 -70.649737
-0.650838 0.112129 -0.750890 0.022717 0.991467 0.128363 0.758876 0.066486 -0.647832 -210.258365 26.022277 -71.263446
-0.651391 0.110955 -0.750585 0.021305 0.991534 0.128085 0.758443 0.067442 -0.648241 -210.995624 26.130429 -71.905469
-0.651484 0.111499 -0.750424 0.021571 0.991464 0.128586 0.758356 0.067584 -0.648328 -211.712464 26.236341 -72.524323
-0.652032 0.112296 -0.749830 0.022668 0.991416 0.128765 0.757853 0.066962 -0.648980 -212.493585 26.352640 -73.196457
-0.653488 0.113250 -0.748417 0.023498 0.991303 0.129486 0.756572 0.067031 -0.650466 -213.292800 26.470668 -73.894697
-0.655430 0.115884 -0.746312 0.025284 0.990971 0.131668 0.754832 0.067429 -0.652443 -214.122484 26.595565 -74.618686
-0.656293 0.116506 -0.745457 0.024549 0.990780 0.133234 0.754106 0.069140 -0.653103 -214.960375 26.721628 -75.360684
-0.657813 0.116171 -0.744168 0.025303 0.990884 0.132319 0.752756 0.068211 -0.654756 -215.804250 26.856296 -76.107403
-0.660620 0.115439 -0.741792 0.025189 0.990959 0.131782 0.750297 0.068373 -0.657555 -216.570194 26.979943 -76.799242
-0.663200 0.115527 -0.739473 0.023523 0.990745 0.133685 0.748073 0.071265 -0.659779 -217.429416 27.110794 -77.568539
-0.664420 0.116761 -0.738182 0.021679 0.990316 0.137129 0.747045 0.075108 -0.660517 -218.223332 27.236586 -78.293353
-0.665301 0.115761 -0.737546 0.019922 0.990307 0.137462 0.746309 0.076760 -0.661159 -218.954894 27.354552 -78.966854
-0.665802 0.112624 -0.737579 0.020377 0.990918 0.132914 0.745850 0.073465 -0.662050 -219.651622 27.466208 -79.603858
-0.665861 0.110173 -0.737897 0.022255 0.991530 0.127960 0.745744 0.068782 -0.662673 -220.330786 27.573821 -80.215049
-0.665877 0.109263 -0.738017 0.023255 0.991777 0.125850 0.745699 0.066638 -0.662942 -220.997147 27.680583 -80.818808
-0.665509 0.110225 -0.738206 0.024330 0.991714 0.126143 0.745993 0.065988 -0.662676 -221.718540 27.794189 -81.468831
-0.666222 0.110676 -0.737495 0.022995 0.991505 0.128023 0.745399 0.068333 -0.663107 -222.509011 27.915420 -82.182828
-0.667025 0.111325 -0.736671 0.021339 0.991222 0.130472 0.744730 0.071309 -0.663546 -223.295860 28.042313 -82.898474
-0.666639 0.111669 -0.736968 0.019663 0.991005 0.132375 0.745121 0.073755 -0.662838 -224.095771 28.174811 -83.625809
-0.666072 0.111625 -0.737488 0.017840 0.990840 0.133859 0.745674 0.076003 -0.661962 -224.884152 28.306597 -84.338985
-0.664778 0.110985 -0.738751 0.016015 0.990792 0.134439 0.746869 0.077541 -0.660434 -225.672964 28.448946 -85.059939
-0.665317 0.109575 -0.738476 0.014217 0.990850 0.134214 0.746426 0.078796 -0.660787 -226.458056 28.587224 -85.775070
-0.665809 0.108990 -0.738119 0.013085 0.990827 0.134501 0.746008 0.079894 -0.661127 -227.217286 28.722466 -86.470016
-0.667686 0.107958 -0.736574 0.012938 0.990962 0.133514 0.744331 0.079616 -0.663048 -227.940945 28.846997 -87.136499
-0.667913 0.107136 -0.736488 0.011794 0.990984 0.133462 0.744146 0.080455 -0.663154 -228.619278 28.965029 -87.758677
-0.668082 0.107731 -0.736247 0.011318 0.990820 0.134712 0.744001 0.081666 -0.663169 -229.290536 29.075474 -88.368044
-0.669945 0.108127 -0.734495 0.011079 0.990683 0.135736 0.742328 0.082799 -0.664901 -229.939803 29.184500 -88.965500
-0.672015 0.107591 -0.732680 0.011596 0.990797 0.134858 0.740446 0.082130 -0.667078 -230.575299 29.278957 -89.550543
-0.673779 0.105850 -0.731312 0.011429 0.991061 0.132915 0.738844 0.081197 -0.668966 -231.274067 29.388063 -90.199072
-0.676166 0.104427 -0.729311 0.010790 0.991201 0.131922 0.736670 0.081332 -0.671343 -231.964720 29.497374 -90.843376
-0.677684 0.103086 -0.728092 0.010289 0.991358 0.130784 0.735281 0.081138 -0.672888 -232.649850 29.605033 -91.480372
-0.679931 0.102202 -0.726119 0.009533 0.991388 0.130612 0.733215 0.081885 -0.675049 -233.327318 29.714386 -92.119308
-0.681754 0.101891 -0.724451 0.008169 0.991252 0.131728 0.731536 0.083889 -0.676622 -234.004828 29.825932 -92.757361
-0.683317 0.100996 -0.723103 0.007555 0.991312 0.131318 0.730083 0.084269 -0.678143 -234.650476 29.931896 -93.366203
-0.684885 0.101065 -0.721608 0.007903 0.991306 0.131337 0.728608 0.084248 -0.679730 -235.296030 30.038762 -93.979663
-0.686953 0.101292 -0.719608 0.008859 0.991332 0.131083 0.726648 0.083673 -0.681896 -235.910938 30.137297 -94.559933
-0.689312 0.101986 -0.717250 0.010598 0.991355 0.130776 0.724387 0.082544 -0.684434 -236.559748 30.240256 -95.177206
-0.691531 0.103492 -0.714895 0.012642 0.991266 0.131272 0.722237 0.081741 -0.686799 -237.255475 30.351235 -95.840941
-0.693750 0.105035 -0.712516 0.012638 0.990932 0.133772 0.720105 0.083799 -0.688786 -237.970629 30.461738 -96.531287
-0.694985 0.105498 -0.711243 0.011404 0.990670 0.135802 0.718934 0.086269 -0.689704 -238.693249 30.577047 -97.233269
-0.695113 0.104777 -0.711224 0.009986 0.990634 0.136180 0.718831 0.087558 -0.689648 -239.402346 30.689692 -97.930206
-0.695843 0.104337 -0.710575 0.009436 0.990634 0.136220 0.718132 0.088083 -0.690310 -240.060245 30.794643 -98.574273
-0.695042 0.105034 -0.711256 0.008914 0.990454 0.137554 0.718914 0.089266 -0.689343 -240.749982 30.908747 -99.249822
-0.694271 0.105047 -0.712006 0.008486 0.990417 0.137849 0.719664 0.089662 -0.688509 -241.447930 31.017534 -99.931423
-0.695783 0.105818 -0.710414 0.009441 0.990350 0.138269 0.718190 0.089498 -0.690067 -242.173503 31.133577 -100.637757
-0.697652 0.107396 -0.708342 0.010199 0.990089 0.140068 0.716364 0.090494 -0.691833 -242.945445 31.263118 -101.401261
-0.696532 0.108409 -0.709289 0.009930 0.989882 0.141545 0.717457 0.091547 -0.690561 -243.736720 31.405198 -102.186245
-0.697029 0.107999 -0.708863 0.010025 0.989963 0.140968 0.716973 0.091152 -0.691116 -244.549825 31.542591 -102.988506
-0.700890 0.107197 -0.705168 0.011228 0.990178 0.139364 0.713181 0.089762 -0.695209 -245.317125 31.677355 -103.750907
-0.703301 0.106247 -0.702908 0.010885 0.990262 0.138790 0.710809 0.089960 -0.697608 -246.158385 31.826975 -104.590855
-0.706385 0.107723 -0.699583 0.012682 0.990119 0.139654 0.707714 0.089777 -0.700771 -246.986930 31.976734 -105.421994
-0.707890 0.106970 -0.698175 0.011926 0.990135 0.139610 0.706222 0.090502 -0.702182 -247.820888 32.124541 -106.279185
-0.711850 0.106210 -0.694255 0.010419 0.989988 0.140768 0.702255 0.092972 -0.705829 -248.616430 32.266346 -107.089406
-0.720896 0.106820 -0.684762 0.011003 0.989690 0.142804 0.692956 0.095413 -0.714639 -249.454537 32.413237 -107.967361
-0.725896 0.107976 -0.679276 0.011582 0.989380 0.144891 0.687707 0.097308 -0.719438 -250.283165 32.569709 -108.848842
-0.729988 0.109275 -0.674667 0.012722 0.989137 0.146444 0.683341 0.098319 -0.723449 -251.155752 32.735991 -109.791557
-0.734153 0.110131 -0.669993 0.012965 0.988852 0.148338 0.678860 0.100216 -0.727396 -252.036272 32.899974 -110.754258
-0.738388 0.109216 -0.665473 0.011723 0.988729 0.149260 0.674274 0.102410 -0.731346 -252.850491 33.054779 -111.657545
-0.743015 0.107003 -0.660665 0.010438 0.988869 0.148422 0.669193 0.103384 -0.735862 -253.601690 33.203354 -112.508355
-0.744260 0.104534 -0.659659 0.010136 0.989330 0.145340 0.667813 0.101484 -0.737378 -254.390454 33.364916 -113.403056
-0.744843 0.101127 -0.659532 0.008758 0.989845 0.141883 0.667182 0.099905 -0.738164 -255.151320 33.523180 -114.276255
-0.746508 0.099581 -0.657882 0.008510 0.990085 0.140208 0.665322 0.099068 -0.739954 -255.915326 33.671540 -115.152841
-0.748708 0.100639 -0.655216 0.008212 0.989741 0.142638 0.662849 0.101413 -0.741854 -256.675053 33.813733 -116.031498
-0.750004 0.101231 -0.653641 0.007284 0.989423 0.144878 0.661394 0.103898 -0.742808 -257.469951 33.969161 -116.930426
-0.750874 0.102918 -0.652377 0.007652 0.989073 0.147227 0.660401 0.105557 -0.743457 -258.182001 34.106477 -117.743617
-0.752415 0.104867 -0.650288 0.008019 0.988631 0.150151 0.658640 0.107761 -0.744702 -258.903250 34.253369 -118.579255
-0.753576 0.106373 -0.648698 0.008512 0.988317 0.152176 0.657306 0.109154 -0.745677 -259.638690 34.408209 -119.429740
-0.754963 0.105936 -0.647154 0.007586 0.988210 0.152915 0.655723 0.110536 -0.746866 -260.338476 34.552154 -120.242844
-0.755161 0.105349 -0.647019 0.006838 0.988215 0.152921 0.655504 0.111056 -0.746982 -261.065766 34.710126 -121.093788
-0.754553 0.104024 -0.647942 0.005915 0.988395 0.151793 0.656213 0.110703 -0.746411 -261.744733 34.859381 -121.900882
-0.754941 0.103957 -0.647501 0.005112 0.988258 0.152706 0.655773 0.111974 -0.746608 -262.446929 35.014723 -122.726613
-0.756582 0.105078 -0.645401 0.004818 0.987873 0.155189 0.653882 0.114304 -0.747913 -263.181789 35.178165 -123.585523
-0.758269 0.107193 -0.643069 0.005575 0.987420 0.158019 0.651918 0.116236 -0.749328 -263.853652 35.333982 -124.372279
-0.761841 0.110392 -0.638289 0.007798 0.986863 0.161371 0.647718 0.117961 -0.752693 -264.478076 35.470428 -125.123704
-0.765696 0.111470 -0.633469 0.008122 0.986466 0.163768 0.643151 0.120251 -0.756238 -265.081706 35.612082 -125.865226
-0.768230 0.111998 -0.630301 0.008492 0.986274 0.164900 0.640118 0.121329 -0.758636 -265.695777 35.757859 -126.621917
-0.769145 0.110441 -0.629459 0.008544 0.986643 0.162671 0.639017 0.119740 -0.759816 -266.304712 35.910585 -127.359751
-0.769286 0.106606 -0.629948 0.009533 0.987787 0.155521 0.638833 0.113635 -0.760907 -266.897367 36.050370 -128.075362
-0.768687 0.103079 -0.631265 0.011806 0.989048 0.147124 0.639517 0.105639 -0.761485 -267.418533 36.165726 -128.707792
-0.769252 0.103108 -0.630571 0.015091 0.989550 0.143396 0.638767 0.100792 -0.762769 -267.996077 36.293616 -129.410141
-0.770460 0.103403 -0.629046 0.015984 0.989580 0.143091 0.637288 0.100191 -0.764085 -268.622597 36.425924 -130.171834
-0.773090 0.106171 -0.625347 0.016199 0.988875 0.147864 0.634089 0.104182 -0.766210 -269.212025 36.552382 -130.902280
-0.775121 0.108884 -0.622360 0.016505 0.988192 0.152332 0.631597 0.107804 -0.767765 -269.802484 36.674033 -131.637575
-0.776920 0.109497 -0.620004 0.015557 0.987799 0.154958 0.629407 0.110745 -0.769144 -270.372263 36.799137 -132.352189
-0.778421 0.108861 -0.618231 0.014198 0.987650 0.156034 0.627582 0.112683 -0.770353 -270.992452 36.929533 -133.140274
-0.778851 0.108211 -0.617803 0.013094 0.987595 0.156474 0.627072 0.113780 -0.770607 -271.581937 37.058248 -133.884627
-0.778364 0.106717 -0.618677 0.012409 0.987870 0.154788 0.627691 0.112804 -0.770246 -272.204506 37.199419 -134.661660
-0.777925 0.105048 -0.619514 0.012840 0.988378 0.151471 0.628226 0.109879 -0.770233 -272.726154 37.315169 -135.307897
-0.777716 0.102355 -0.620227 0.012544 0.988985 0.147481 0.628491 0.106918 -0.770433 -273.278307 37.439637 -136.000729
-0.777173 0.099710 -0.621338 0.012276 0.989582 0.143449 0.629168 0.103857 -0.770300 -273.765203 37.548020 -136.630903
-0.774864 0.097808 -0.624515 0.012909 0.990199 0.139063 0.631996 0.099693 -0.768533 -274.218090 37.637493 -137.188927
-0.770151 0.097165 -0.630417 0.013736 0.990627 0.135903 0.637713 0.096007 -0.764267 -274.646551 37.717940 -137.698739
-0.761675 0.098369 -0.640449 0.014952 0.990814 0.134400 0.647787 0.092793 -0.756149 -275.085928 37.795738 -138.197367
-0.751076 0.100366 -0.652542 0.016165 0.990877 0.133799 0.660018 0.089944 -0.745846 -275.549839 37.880196 -138.715710
-0.735931 0.103192 -0.669147 0.015230 0.990590 0.136014 0.676885 0.089905 -0.730577 -276.093949 37.973841 -139.287891
-0.719557 0.105823 -0.686323 0.014076 0.990340 0.137941 0.694291 0.089596 -0.714096 -276.658998 38.072946 -139.857714
-0.700685 0.108686 -0.705143 0.011352 0.989902 0.141297 0.713380 0.091000 -0.694844 -277.276623 38.181846 -140.461840
-0.680080 0.114350 -0.724166 0.010609 0.989193 0.146237 0.733062 0.091770 -0.673943 -277.893425 38.291549 -141.008177
-0.655415 0.120994 -0.745514 0.009680 0.988349 0.151895 0.755207 0.092338 -0.648950 -278.477325 38.396304 -141.498741
-0.629346 0.124774 -0.767043 0.006938 0.987889 0.155006 0.777094 0.092231 -0.622590 -279.082987 38.509735 -141.975711
-0.598318 0.127814 -0.790999 0.003231 0.987572 0.157133 0.801252 0.091459 -0.591295 -279.659025 38.613410 -142.388123
-0.564461 0.128886 -0.815336 -0.000403 0.987692 0.156411 0.825460 0.088616 -0.557462 -280.285445 38.714380 -142.804621
-0.522034 0.129576 -0.843025 -0.005774 0.987833 0.155410 0.852905 0.085996 -0.514934 -280.979799 38.824257 -143.218657
-0.484215 0.131476 -0.865014 -0.008046 0.987934 0.154663 0.874912 0.081851 -0.477315 -281.717056 38.937273 -143.604672
-0.439321 0.133547 -0.888348 -0.013482 0.987797 0.155165 0.898229 0.080144 -0.432159 -282.430219 39.040187 -143.943003
-0.396486 0.135678 -0.907960 -0.015562 0.987883 0.154417 0.917909 0.075354 -0.389570 -283.050208 39.128665 -144.174385
-0.353628 0.135604 -0.925504 -0.019301 0.988167 0.152160 0.935187 0.071671 -0.346827 -283.720559 39.230348 -144.409712
-0.307704 0.136157 -0.941690 -0.024001 0.988283 0.150736 0.951179 0.068983 -0.300831 -284.389728 39.328461 -144.604844
-0.262548 0.139768 -0.954743 -0.028727 0.987883 0.152519 0.964491 0.067470 -0.255351 -285.077683 39.425312 -144.768642
-0.220827 0.145119 -0.964456 -0.032533 0.987222 0.155993 0.974770 0.065824 -0.213284 -285.801568 39.522772 -144.911830
-0.175582 0.149976 -0.972974 -0.036837 0.986635 0.158729 0.983775 0.063712 -0.167711 -286.595372 39.623909 -145.028208
-0.128326 0.152406 -0.979951 -0.041892 0.986406 0.158896 0.990847 0.061442 -0.120198 -287.387601 39.729639 -145.109022
-0.086548 0.151482 -0.984664 -0.045328 0.986750 0.155787 0.995216 0.058116 -0.078535 -288.224495 39.845711 -145.162385
-0.040604 0.150374 -0.987795 -0.051008 0.987009 0.152351 0.997872 0.056572 -0.032406 -289.011337 39.955503 -145.176061
0.004397 0.148424 -0.988914 -0.053824 0.987525 0.147977 0.998541 0.052577 0.012331 -289.781625 40.058597 -145.153638
0.048300 0.144912 -0.988265 -0.057515 0.988181 0.142089 0.997176 0.049977 0.056064 -290.511079 40.150520 -145.098853
0.090743 0.140936 -0.985851 -0.061298 0.988849 0.135723 0.993986 0.048115 0.098370 -291.254565 40.239688 -145.012120
0.127104 0.137180 -0.982357 -0.064496 0.989437 0.129823 0.989790 0.046857 0.134609 -292.107627 40.335197 -144.891079
0.166284 0.132489 -0.977137 -0.067160 0.990153 0.122825 0.983788 0.045201 0.173544 -292.954246 40.426254 -144.743673
0.198638 0.130724 -0.971316 -0.068914 0.990475 0.119209 0.977647 0.043258 0.205755 -293.748614 40.508304 -144.556309
0.232974 0.130981 -0.963622 -0.070729 0.990546 0.117541 0.969908 0.040772 0.240035 -294.559561 40.591978 -144.344069
0.267140 0.131664 -0.954621 -0.072344 0.990567 0.116378 0.960938 0.037972 0.274145 -295.452479 40.673603 -144.082354
0.302352 0.131198 -0.944124 -0.076347 0.990633 0.113212 0.950134 0.037851 0.309537 -296.257359 40.755865 -143.818506
0.330721 0.129785 -0.934762 -0.078958 0.990831 0.109634 0.940420 0.037549 0.337936 -297.087805 40.836183 -143.521645
0.354457 0.128774 -0.926163 -0.080485 0.990998 0.106985 0.931602 0.036621 0.361630 -297.937430 40.911707 -143.187382
0.371241 0.126804 -0.919837 -0.081172 0.991271 0.103891 0.924982 0.036096 0.378293 -298.782371 40.985353 -142.849591
0.385190 0.126943 -0.914065 -0.082683 0.991258 0.102820 0.919126 0.035972 0.392318 -299.593308 41.064183 -142.508130
0.395380 0.126811 -0.909722 -0.083715 0.991277 0.101795 0.914695 0.035910 0.402547 -300.459729 41.151765 -142.125984
0.404679 0.124731 -0.905912 -0.082944 0.991577 0.099474 0.910689 0.034885 0.411617 -301.305032 41.232437 -141.746541
0.414918 0.123708 -0.901409 -0.083047 0.991727 0.097877 0.906061 0.034249 0.421760 -302.195357 41.307083 -141.336104
0.424477 0.123504 -0.896976 -0.083519 0.991771 0.097032 0.901579 0.033727 0.431299 -303.013831 41.380719 -140.950504
0.431362 0.123838 -0.893639 -0.085188 0.991700 0.096307 0.898148 0.034585 0.438331 -303.841163 41.467373 -140.551327
0.434564 0.124177 -0.892040 -0.084821 0.991690 0.096727 0.896638 0.033630 0.441485 -304.686616 41.544138 -140.142085
0.434765 0.123050 -0.892097 -0.083990 0.991844 0.095875 0.896618 0.033244 0.441554 -305.630687 41.628651 -139.682187
0.435687 0.121946 -0.891799 -0.084477 0.991947 0.094369 0.896125 0.034221 0.442480 -306.415105 41.706028 -139.298082
0.435835 0.119990 -0.891992 -0.082979 0.992209 0.092927 0.896193 0.033516 0.442396 -307.269718 41.786771 -138.867639
0.438405 0.115995 -0.891261 -0.082800 0.992632 0.088459 0.894955 0.035016 0.444780 -308.093223 41.854038 -138.459651
0.440560 0.113463 -0.890524 -0.081612 0.992935 0.086136 0.894006 0.034729 0.446707 -308.948319 41.928606 -138.031285
0.441554 0.110678 -0.890382 -0.078233 0.993332 0.084678 0.893817 0.032267 0.447269 -309.930737 42.005246 -137.546532
0.440156 0.108881 -0.891295 -0.075209 0.993603 0.084238 0.894766 0.029956 0.445530 -310.929045 42.074624 -137.056961
0.441008 0.108298 -0.890945 -0.074011 0.993700 0.084153 0.894446 0.028828 0.446246 -311.966665 42.159267 -136.549726
0.439783 0.107843 -0.891606 -0.071621 0.993814 0.084879 0.895244 0.026529 0.444787 -312.989182 42.242275 -136.057945
0.437384 0.107453 -0.892832 -0.071101 0.993860 0.084781 0.896460 0.026400 0.442338 -313.950870 42.306558 -135.594120
0.435931 0.106853 -0.893614 -0.072294 0.993876 0.083575 0.897072 0.028170 0.440986 -314.972169 42.382774 -135.109373
0.435180 0.104836 -0.894219 -0.070854 0.994105 0.082065 0.897551 0.027646 0.440043 -316.023792 42.460117 -134.615845
0.432227 0.101375 -0.896049 -0.069326 0.994456 0.079067 0.899096 0.027944 0.436858 -317.073317 42.530476 -134.120014
0.431106 0.098065 -0.896957 -0.068223 0.994773 0.075970 0.899719 0.028442 0.435543 -318.139796 42.602991 -133.620614
0.429469 0.096006 -0.897964 -0.066967 0.994981 0.074350 0.900595 0.028203 0.433743 -319.310859 42.677647 -133.069030
0.428265 0.093480 -0.898805 -0.063123 0.995300 0.073439 0.901446 0.025284 0.432153 -320.471731 42.754796 -132.528133
0.428752 0.093304 -0.898591 -0.060690 0.995380 0.074396 0.901382 0.022638 0.432434 -321.528815 42.798503 -132.027676
0.430905 0.092919 -0.897601 -0.058990 0.995457 0.074731 0.900467 0.020748 0.434428 -322.415904 42.836728 -131.604998
0.432014 0.091755 -0.897187 -0.058347 0.995571 0.073721 0.899978 0.020500 0.435454 -323.276735 42.875742 -131.190926
0.432741 0.088797 -0.897135 -0.056853 0.995844 0.071144 0.899724 0.020218 0.435991 -324.135129 42.907590 -130.774034
0.433131 0.086504 -0.897171 -0.057833 0.996000 0.068113 0.899474 0.022384 0.436401 -325.036791 42.953468 -130.336342
0.431692 0.085917 -0.897920 -0.058157 0.996033 0.067345 0.900144 0.023148 0.434977 -325.970497 42.995835 -129.888747
0.430202 0.085758 -0.898650 -0.057185 0.996067 0.067678 0.900920 0.022274 0.433414 -326.836722 43.040049 -129.475816
0.429067 0.085844 -0.899184 -0.056528 0.996074 0.068120 0.901502 0.021601 0.432235 -327.618908 43.089362 -129.104781
0.428111 0.084828 -0.899736 -0.056689 0.996145 0.066944 0.901946 0.022346 0.431269 -328.456960 43.137386 -128.711125
0.427972 0.083161 -0.899958 -0.056412 0.996274 0.065234 0.902030 0.022850 0.431069 -329.356971 43.160750 -128.295518
0.427868 0.081781 -0.900134 -0.055254 0.996402 0.064263 0.902151 0.022239 0.430848 -330.225653 43.160471 -127.892245
0.428032 0.079527 -0.900258 -0.054836 0.996571 0.061963 0.902099 0.022844 0.430925 -331.073817 43.162573 -127.499501
0.427196 0.076980 -0.900876 -0.053860 0.996766 0.059633 0.902553 0.023046 0.429961 -331.921142 43.177122 -127.103509
0.426116 0.074598 -0.901587 -0.052636 0.996951 0.057611 0.903136 0.022907 0.428744 -332.766948 43.194870 -126.711442
0.424399 0.072512 -0.902567 -0.052231 0.997089 0.055546 0.903968 0.023568 0.426951 -333.526861 43.212165 -126.364007
0.423296 0.071226 -0.903187 -0.052752 0.997151 0.053913 0.904454 0.024824 0.425847 -334.388952 43.232068 -125.968635
0.423523 0.070244 -0.903158 -0.052170 0.997226 0.053096 0.904382 0.024630 0.426012 -335.241476 43.243237 -125.583853
0.425006 0.071061 -0.902397 -0.052930 0.997159 0.053594 0.903642 0.024987 0.427559 -335.983211 43.256253 -125.249125
0.426184 0.071121 -0.901837 -0.053070 0.997153 0.053559 0.903079 0.025035 0.428745 -336.727909 43.262985 -124.917614
0.428393 0.070562 -0.900833 -0.053431 0.997180 0.052699 0.902012 0.025557 0.430955 -337.483599 43.261367 -124.574508
0.432082 0.070370 -0.899085 -0.054268 0.997173 0.051967 0.900200 0.026338 0.434679 -338.209211 43.267813 -124.235041
0.438216 0.070627 -0.896091 -0.054596 0.997159 0.051893 0.897210 0.026183 0.440827 -338.919560 43.257492 -123.903077
0.446890 0.069818 -0.891860 -0.054363 0.997227 0.050827 0.892936 0.025770 0.449446 -339.645346 43.238755 -123.553296
0.456487 0.068793 -0.887067 -0.055501 0.997266 0.048778 0.887998 0.026967 0.459057 -340.307204 43.234877 -123.222779
0.467032 0.067955 -0.881626 -0.057083 0.997280 0.046630 0.882396 0.028548 0.469640 -340.991045 43.238352 -122.863794
0.481373 0.068302 -0.873851 -0.059175 0.997217 0.045348 0.874516 0.029881 0.484075 -341.686700 43.242141 -122.481746
0.498836 0.069995 -0.863866 -0.059642 0.997143 0.046354 0.864642 0.028400 0.501585 -342.378662 43.248377 -122.083583
0.519420 0.071410 -0.851530 -0.057914 0.997153 0.048295 0.852554 0.024230 0.522077 -343.113767 43.239737 -121.619665
0.539861 0.071923 -0.838676 -0.055946 0.997206 0.049506 0.839893 0.020195 0.542376 -343.769622 43.215094 -121.182926
0.560828 0.071060 -0.824877 -0.054276 0.997322 0.049014 0.826151 0.017283 0.563183 -344.428173 43.197521 -120.727167
0.584263 0.068387 -0.808678 -0.052734 0.997537 0.046259 0.809849 0.015617 0.586430 -345.104106 43.190527 -120.219647
0.610934 0.065935 -0.788931 -0.050075 0.997749 0.044609 0.790096 0.012253 0.612861 -345.648287 43.178805 -119.760110
0.636758 0.064865 -0.768331 -0.048131 0.997856 0.044353 0.769560 0.008739 0.638514 -346.281807 43.162191 -119.189434
0.664044 0.063945 -0.744954 -0.047009 0.997936 0.043757 0.746214 0.005963 0.665679 -346.929530 43.147058 -118.584891
0.689483 0.064224 -0.721449 -0.047333 0.997927 0.043602 0.722753 0.004086 0.691094 -347.543896 43.138182 -117.972322
0.716888 0.062678 -0.694365 -0.046361 0.998032 0.042225 0.695645 0.001921 0.718383 -348.061312 43.107030 -117.405749
0.745975 0.060030 -0.663263 -0.045488 0.998196 0.039183 0.664419 0.000941 0.747360 -348.570112 43.075279 -116.816434
0.770948 0.055889 -0.634441 -0.043324 0.998437 0.035308 0.635422 0.000266 0.772165 -348.996599 43.049605 -116.264050
0.798338 0.050498 -0.600088 -0.042436 0.998718 0.027588 0.600712 0.003441 0.799458 -349.384285 43.015234 -115.718554
0.822803 0.047343 -0.566352 -0.043384 0.998849 0.020468 0.566669 0.007730 0.823909 -349.747545 42.962016 -115.158119
0.847483 0.046127 -0.528815 -0.044670 0.998881 0.015541 0.528940 0.010451 0.848595 -350.168692 42.911443 -114.475879
0.872367 0.042941 -0.486962 -0.044430 0.998976 0.008498 0.486828 0.014223 0.873382 -350.578029 42.863943 -113.764567
0.894028 0.038398 -0.446362 -0.041358 0.999140 0.003112 0.446097 0.015678 0.894847 -350.881849 42.813027 -113.132862
0.912809 0.036205 -0.406778 -0.040808 0.999163 -0.002645 0.406342 0.019014 0.913523 -351.197211 42.770052 -112.420166
0.930275 0.035188 -0.365172 -0.040585 0.999151 -0.007113 0.364611 0.021437 0.930913 -351.433410 42.734918 -111.775358
0.946014 0.033459 -0.322395 -0.039436 0.999150 -0.012025 0.321719 0.024089 0.946529 -351.599219 42.710495 -111.244886
0.960389 0.033494 -0.276643 -0.039912 0.999048 -0.017600 0.275791 0.027944 0.960811 -351.742099 42.676174 -110.718536
0.971736 0.033030 -0.233746 -0.039560 0.998945 -0.023303 0.232730 0.031892 0.972018 -351.892163 42.628638 -110.074744
0.981546 0.031611 -0.188596 -0.037530 0.998906 -0.027897 0.187508 0.034460 0.981659 -351.997330 42.572074 -109.481983
0.988903 0.029635 -0.145574 -0.034530 0.998916 -0.031214 0.144491 0.035894 0.988855 -352.080052 42.512954 -108.880233
0.994151 0.027670 -0.104392 -0.031337 0.998942 -0.033655 0.103350 0.036729 0.993967 -352.146389 42.460991 -108.211181
0.997255 0.026792 -0.069026 -0.029288 0.998944 -0.035413 0.068004 0.037337 0.996986 -352.194880 42.400507 -107.457216
0.998986 0.026783 -0.036184 -0.028091 0.998952 -0.036149 0.035178 0.037129 0.998691 -352.220213 42.339616 -106.638416
0.999598 0.027570 -0.006599 -0.027792 0.998952 -0.036359 0.005590 0.036528 0.999317 -352.226364 42.280076 -105.805940
0.999354 0.029179 0.020976 -0.028326 0.998804 -0.039861 -0.022114 0.039241 0.998985 -352.214423 42.226501 -105.072930
0.998488 0.029621 0.046314 -0.027588 0.998654 -0.043931 -0.047553 0.042586 0.997960 -352.178868 42.174405 -104.403909
0.997094 0.030464 0.069831 -0.027061 0.998424 -0.049169 -0.071219 0.047137 0.996346 -352.134020 42.108964 -103.696415
0.995063 0.030423 0.094470 -0.025628 0.998341 -0.051561 -0.095882 0.048885 0.994192 -352.065258 42.043730 -103.021983
0.993163 0.030639 0.112646 -0.024881 0.998328 -0.052176 -0.114057 0.049016 0.992264 -351.984073 41.978405 -102.280841
0.991490 0.031628 0.126279 -0.025018 0.998249 -0.053595 -0.127753 0.049980 0.990546 -351.890768 41.916370 -101.492395
0.989964 0.032887 0.137443 -0.025385 0.998109 -0.055981 -0.139024 0.051930 0.988927 -351.790498 41.851281 -100.704485
0.989129 0.033913 0.143088 -0.025643 0.997914 -0.059247 -0.144799 0.054934 0.987935 -351.685871 41.776902 -99.939958
0.988640 0.035075 0.146155 -0.026404 0.997798 -0.060851 -0.147967 0.056301 0.987388 -351.589676 41.704511 -99.231777
0.988407 0.036210 0.147445 -0.027391 0.997737 -0.061407 -0.149335 0.056657 0.987162 -351.483473 41.633015 -98.492653
0.988106 0.039153 0.148706 -0.030216 0.997625 -0.061893 -0.150776 0.056664 0.986943 -351.378793 41.553319 -97.719053
0.987875 0.041289 0.149657 -0.032355 0.997573 -0.061648 -0.151839 0.056059 0.986814 -351.275416 41.479246 -96.994610
0.987897 0.042044 0.149304 -0.033169 0.997559 -0.061447 -0.151523 0.055751 0.986880 -351.147491 41.394742 -96.108386
0.988026 0.041626 0.148565 -0.032731 0.997550 -0.061827 -0.150775 0.056224 0.986968 -351.013440 41.314189 -95.196569
0.988109 0.042315 0.147820 -0.033164 0.997409 -0.063833 -0.150138 0.058172 0.986952 -350.877391 41.226257 -94.239529
0.988118 0.043834 0.147311 -0.034325 0.997197 -0.066489 -0.149812 0.060642 0.986853 -350.750013 41.134863 -93.351622
0.988256 0.044293 0.146249 -0.034508 0.997035 -0.068784 -0.148862 0.062929 0.986854 -350.619196 41.040515 -92.413430
0.988051 0.044589 0.147535 -0.034524 0.996943 -0.070094 -0.150209 0.064163 0.986570 -350.495297 40.949226 -91.542447
0.987881 0.045066 0.148527 -0.034888 0.996906 -0.070431 -0.151242 0.064395 0.986397 -350.374615 40.854187 -90.700617
0.987944 0.043896 0.148457 -0.033697 0.996940 -0.070528 -0.151098 0.064676 0.986401 -350.261428 40.763174 -89.924468
0.987572 0.044761 0.150658 -0.034237 0.996836 -0.071738 -0.153392 0.065689 0.985980 -350.133177 40.659667 -89.030476
0.987081 0.046376 0.153365 -0.035822 0.996842 -0.070874 -0.156167 0.064464 0.985625 -350.005829 40.563935 -88.112229
0.987058 0.046963 0.153332 -0.036419 0.996821 -0.070860 -0.156173 0.064359 0.985631 -349.867308 40.461946 -87.147534
0.987363 0.046893 0.151379 -0.036325 0.996754 -0.071840 -0.154256 0.065433 0.985862 -349.733274 40.365726 -86.236235
0.987285 0.048001 0.151541 -0.037271 0.996645 -0.072873 -0.154530 0.066299 0.985761 -349.605937 40.272507 -85.329982
0.987584 0.048690 0.149355 -0.038011 0.996568 -0.073536 -0.152423 0.066946 0.986045 -349.472785 40.172225 -84.397167
0.987589 0.049262 0.149133 -0.038518 0.996507 -0.074094 -0.152263 0.067430 0.986037 -349.332131 40.056433 -83.405230
0.987814 0.048520 0.147883 -0.037636 0.996433 -0.075527 -0.151021 0.069041 0.986117 -349.196211 39.929254 -82.434755
0.988108 0.049694 0.145508 -0.038505 0.996152 -0.078727 -0.148860 0.072188 0.986220 -349.070750 39.824190 -81.454652
0.988518 0.049027 0.142932 -0.037529 0.995921 -0.082059 -0.146372 0.075752 0.986325 -348.944126 39.722343 -80.486843
0.988935 0.049124 0.139978 -0.037561 0.995751 -0.084079 -0.143513 0.077891 0.986578 -348.806163 39.606160 -79.448901
0.989397 0.048780 0.136797 -0.037502 0.995773 -0.083838 -0.140308 0.077819 0.987045 -348.675580 39.473246 -78.429853
0.989852 0.047427 0.133956 -0.036433 0.995853 -0.083366 -0.137355 0.077639 0.987474 -348.538754 39.336241 -77.373348
0.990573 0.046407 0.128883 -0.035612 0.995758 -0.084838 -0.132274 0.079449 0.988024 -348.415120 39.211432 -76.350889
0.991263 0.045582 0.123772 -0.035018 0.995660 -0.086221 -0.127165 0.081134 0.988558 -348.291844 39.076741 -75.311635
0.992040 0.045231 0.117523 -0.035079 0.995586 -0.087057 -0.120942 0.082241 0.989247 -348.179526 38.951909 -74.328345
0.992709 0.046010 0.111408 -0.036200 0.995415 -0.088530 -0.114971 0.083852 0.989824 -348.093107 38.839471 -73.419248
0.993290 0.047090 0.105626 -0.037701 0.995301 -0.089186 -0.109329 0.084605 0.990398 -348.008293 38.703532 -72.454302
0.994008 0.049446 0.097480 -0.040681 0.995117 -0.089931 -0.101451 0.085426 0.991166 -347.936320 38.583527 -71.531395
0.994791 0.051867 0.087755 -0.043994 0.995024 -0.089391 -0.091955 0.085065 0.992123 -347.868670 38.462760 -70.607366
0.995502 0.052864 0.078620 -0.045840 0.995011 -0.088613 -0.082912 0.084610 0.992959 -347.803619 38.333957 -69.669729
0.996079 0.053182 0.070695 -0.046800 0.994926 -0.089059 -0.075072 0.085401 0.993514 -347.741665 38.196809 -68.674932
0.996675 0.053479 0.061476 -0.047809 0.994770 -0.090264 -0.065982 0.087025 0.994019 -347.695971 38.058090 -67.694832
0.997114 0.054825 0.052515 -0.049916 0.994633 -0.090629 -0.057202 0.087746 0.994499 -347.659119 37.942873 -66.819329
0.997369 0.056326 0.045629 -0.051978 0.994454 -0.091428 -0.050526 0.088815 0.994766 -347.634783 37.822168 -65.954894
0.997575 0.056795 0.040237 -0.052855 0.994263 -0.092988 -0.045287 0.090636 0.994854 -347.611105 37.692562 -65.038264
0.997792 0.055781 0.036040 -0.052123 0.994062 -0.095517 -0.041154 0.093428 0.994775 -347.581585 37.564097 -64.091658
0.997990 0.055419 0.030732 -0.052157 0.993786 -0.098330 -0.035991 0.096530 0.994679 -347.562421 37.446040 -63.191334
0.998060 0.056397 0.026364 -0.053499 0.993543 -0.100055 -0.031836 0.098450 0.994633 -347.551076 37.309924 -62.222797
0.998142 0.056511 0.022786 -0.053926 0.993381 -0.101425 -0.028367 0.100007 0.994582 -347.540630 37.185114 -61.396588
0.998180 0.057345 0.018643 -0.055129 0.993135 -0.103165 -0.024431 0.101950 0.994490 -347.532517 37.048811 -60.467290
0.998152 0.058764 0.015489 -0.056829 0.992880 -0.104684 -0.021530 0.103610 0.994385 -347.527401 36.902840 -59.492863
0.998142 0.059480 0.013221 -0.057749 0.992675 -0.106122 -0.019436 0.105162 0.994265 -347.521745 36.765407 -58.591443
0.998088 0.059777 0.015708 -0.057737 0.992453 -0.108187 -0.022056 0.107073 0.994006 -347.511178 36.623433 -57.671511
0.998045 0.059846 0.018022 -0.057507 0.992240 -0.110238 -0.024480 0.108986 0.993742 -347.501085 36.475832 -56.707815
0.998095 0.059200 0.017369 -0.056883 0.992022 -0.112498 -0.023890 0.111295 0.993500 -347.490228 36.319170 -55.599429
0.998083 0.059685 0.016355 -0.057440 0.991809 -0.114084 -0.023030 0.112925 0.993337 -347.486591 36.152348 -54.543802
0.998064 0.060409 0.014795 -0.058310 0.991620 -0.115285 -0.021635 0.114199 0.993222 -347.483701 36.001192 -53.579932
0.998018 0.061350 0.014002 -0.059298 0.991350 -0.117087 -0.021064 0.116025 0.993023 -347.480567 35.867527 -52.626062
0.997917 0.062837 0.014625 -0.060688 0.991189 -0.117738 -0.021895 0.116606 0.992937 -347.476858 35.728769 -51.752770
0.997794 0.064596 0.015301 -0.062308 0.990833 -0.119866 -0.022903 0.118648 0.992672 -347.478839 35.570336 -50.914377
0.997814 0.064104 0.016031 -0.061689 0.990652 -0.121671 -0.023681 0.120416 0.992441 -347.465609 35.409560 -49.964957
0.997823 0.064381 0.014270 -0.062133 0.990388 -0.123577 -0.022089 0.122421 0.992232 -347.456568 35.263848 -49.109261
0.997889 0.063759 0.012367 -0.061679 0.989980 -0.127027 -0.020342 0.125996 0.991822 -347.451408 35.109330 -48.172904
0.997968 0.062948 0.009892 -0.061132 0.989620 -0.130055 -0.017976 0.129186 0.991457 -347.448495 34.944569 -47.210890
0.998056 0.062161 0.004425 -0.061019 0.989205 -0.133233 -0.012659 0.132704 0.991075 -347.453214 34.785675 -46.265623
0.998049 0.062433 -0.001034 -0.062009 0.989049 -0.133929 -0.007339 0.133732 0.990990 -347.467601 34.603890 -45.221850
0.997918 0.064363 -0.004057 -0.064327 0.988934 -0.133684 -0.004593 0.133666 0.991016 -347.481127 34.439077 -44.286488
0.997826 0.065362 -0.008461 -0.065906 0.988877 -0.133337 -0.000348 0.133605 0.991035 -347.500056 34.260939 -43.190895
0.997841 0.064280 -0.013474 -0.065499 0.989066 -0.132131 0.004833 0.132728 0.991141 -347.522531 34.077516 -42.065314
0.997721 0.064923 -0.018381 -0.066786 0.989025 -0.131791 0.009623 0.132718 0.991107 -347.550195 33.897345 -40.949953
0.997549 0.066335 -0.022279 -0.068701 0.988915 -0.131632 0.013300 0.132840 0.991048 -347.590930 33.731297 -39.923466
0.997451 0.066440 -0.026025 -0.069325 0.988699 -0.132921 0.016900 0.134386 0.990785 -347.632753 33.555942 -38.867540
0.997334 0.067166 -0.028534 -0.070418 0.988374 -0.134752 0.019152 0.136402 0.990468 -347.675965 33.373976 -37.815345
0.997322 0.066125 -0.031246 -0.069814 0.988063 -0.137325 0.021792 0.139139 0.990033 -347.721236 33.178059 -36.704861
0.997193 0.065774 -0.035768 -0.070141 0.987802 -0.139026 0.026187 0.141145 0.989643 -347.771710 32.994114 -35.633712
0.997035 0.065790 -0.039920 -0.070812 0.987440 -0.141235 0.030127 0.143643 0.989171 -347.820509 32.814387 -34.598882
0.996831 0.064991 -0.045867 -0.070941 0.987179 -0.142985 0.035986 0.145786 0.988661 -347.877186 32.628458 -33.528743
0.996568 0.063637 -0.052948 -0.070714 0.986933 -0.144783 0.043043 0.148030 0.988046 -347.942237 32.443543 -32.479178
0.996363 0.063552 -0.056760 -0.071239 0.986762 -0.145691 0.046750 0.149205 0.987701 -348.013843 32.270938 -31.492532
0.996069 0.063529 -0.061735 -0.072051 0.986449 -0.147401 0.051534 0.151270 0.987148 -348.081019 32.105044 -30.590229
0.995724 0.063938 -0.066669 -0.073273 0.986183 -0.148573 0.056249 0.152823 0.986651 -348.151997 31.937158 -29.675244
0.995514 0.063800 -0.069870 -0.073692 0.985990 -0.149640 0.059344 0.154118 0.986269 -348.233904 31.763975 -28.752419
0.995198 0.064231 -0.073859 -0.074774 0.985823 -0.150206 0.063164 0.155007 0.985892 -348.320167 31.590626 -27.792580
0.994920 0.062576 -0.078855 -0.073959 0.985783 -0.150870 0.068293 0.155935 0.985404 -348.410646 31.418337 -26.862420
0.994522 0.061398 -0.084593 -0.073747 0.985687 -0.151601 0.074075 0.157009 0.984815 -348.511474 31.232700 -25.860092
0.993617 0.060133 -0.095440 -0.074265 0.985555 -0.152203 0.084909 0.158319 0.983730 -348.625735 31.032330 -24.808378
0.992482 0.058769 -0.107355 -0.074996 0.985222 -0.153989 0.096719 0.160882 0.982223 -348.736273 30.856802 -23.893870
0.991550 0.058359 -0.115858 -0.076240 0.984737 -0.156464 0.104959 0.163975 0.980865 -348.847262 30.694300 -23.058190
0.990475 0.058892 -0.124462 -0.078429 0.984253 -0.158416 0.113173 0.166669 0.979496 -348.966434 30.531635 -22.230811
0.989462 0.058539 -0.132429 -0.079632 0.983890 -0.160061 0.120926 0.168920 0.978184 -349.091783 30.367712 -21.402027
0.988291 0.059803 -0.140370 -0.082415 0.983465 -0.161261 0.128405 0.170942 0.976878 -349.228383 30.198993 -20.543049
0.986850 0.061274 -0.149571 -0.085626 0.983030 -0.162234 0.137092 0.172908 0.975350 -349.366475 30.033394 -19.742311
0.985558 0.061997 -0.157578 -0.087978 0.982585 -0.163669 0.144687 0.175169 0.973849 -349.496712 29.875849 -19.040909
0.984483 0.060679 -0.164655 -0.088468 0.981966 -0.167079 0.151548 0.179053 0.972097 -349.646899 29.691780 -18.204956
0.983424 0.060306 -0.170998 -0.089766 0.981317 -0.170173 0.157541 0.182702 0.970464 -349.804157 29.508500 -17.360681
0.982461 0.059887 -0.176588 -0.090580 0.981057 -0.171240 0.162988 0.184232 0.969275 -349.976634 29.315177 -16.480609
0.981538 0.059922 -0.181638 -0.091592 0.980946 -0.171336 0.167910 0.184810 0.968324 -350.154239 29.123257 -15.593006
0.980759 0.060273 -0.185686 -0.092708 0.980850 -0.171284 0.171806 0.185203 0.967565 -350.331871 28.930154 -14.722234
0.980198 0.059274 -0.188939 -0.092514 0.980691 -0.172294 0.175078 0.186362 0.966756 -350.499074 28.749531 -13.908925
0.979523 0.058366 -0.192686 -0.092935 0.980071 -0.175569 0.178599 0.189881 0.965426 -350.667504 28.573486 -13.105211
0.978548 0.057409 -0.197858 -0.093625 0.979409 -0.178865 0.183516 0.193552 0.963774 -350.852156 28.388339 -12.221368
0.977802 0.058560 -0.201183 -0.095852 0.978810 -0.180952 0.186324 0.196219 0.962695 -351.046969 28.199944 -11.336045
0.977506 0.059282 -0.202403 -0.096993 0.978536 -0.181822 0.187280 0.197364 0.962275 -351.211220 28.034058 -10.585933
0.977047 0.059572 -0.204525 -0.097895 0.978281 -0.182712 0.189198 0.198540 0.961658 -351.406875 27.844963 -9.726619
0.976868 0.059052 -0.205526 -0.097783 0.978101 -0.183732 0.190176 0.199579 0.961250 -351.582518 27.666893 -8.960747
0.976891 0.059014 -0.205429 -0.097845 0.977980 -0.184343 0.190027 0.200183 0.961154 -351.757610 27.482303 -8.191950
0.977017 0.057862 -0.205160 -0.096979 0.977737 -0.186079 0.189825 0.201698 0.960877 -351.925947 27.299391 -7.452750
0.976809 0.058058 -0.206091 -0.097644 0.977408 -0.187455 0.190551 0.203232 0.960410 -352.138599 27.088833 -6.534552
0.976305 0.058988 -0.208206 -0.099032 0.977260 -0.187500 0.192411 0.203677 0.959945 -352.327611 26.891719 -5.705641
0.975889 0.059758 -0.209929 -0.100109 0.977207 -0.187204 0.193957 0.203706 0.959627 -352.513320 26.702180 -4.907209
0.975682 0.058778 -0.211163 -0.099675 0.976982 -0.188603 0.195217 0.205064 0.959082 -352.697550 26.515821 -4.117111
0.975338 0.058042 -0.212946 -0.099626 0.976697 -0.190097 0.196951 0.206624 0.958393 -352.888865 26.328583 -3.280464
0.975141 0.058006 -0.213856 -0.100119 0.976333 -0.191705 0.197675 0.208350 0.957870 -353.073208 26.158651 -2.474868
0.974628 0.056842 -0.216495 -0.099629 0.976288 -0.192185 0.200437 0.208878 0.957181 -353.301149 25.946355 -1.518260
0.973888 0.057519 -0.219620 -0.101298 0.975832 -0.193625 0.203175 0.210817 0.956178 -353.512419 25.757135 -0.684754
0.973480 0.057525 -0.221420 -0.102093 0.975385 -0.195453 0.204726 0.212876 0.955391 -353.727035 25.559465 0.193397
0.973347 0.058973 -0.221625 -0.104005 0.974792 -0.197389 0.204398 0.215179 0.954945 -353.949328 25.348294 1.100963
0.973375 0.059415 -0.221385 -0.104846 0.974271 -0.199510 0.203835 0.217409 0.954560 -354.181380 25.121892 2.067259
0.974005 0.060575 -0.218278 -0.105468 0.974038 -0.200315 0.200477 0.218129 0.955107 -354.415267 24.881137 3.054568
0.974542 0.060393 -0.215919 -0.105134 0.973690 -0.202173 0.198028 0.219727 0.955251 -354.640060 24.646026 4.022097
0.974519 0.060308 -0.216044 -0.105462 0.973267 -0.204030 0.197964 0.221616 0.954828 -354.860030 24.401928 4.974303
0.974421 0.058078 -0.217094 -0.103978 0.972923 -0.206422 0.199227 0.223715 0.954076 -355.082942 24.168714 5.934379
0.974409 0.058002 -0.217171 -0.104368 0.972424 -0.208566 0.199085 0.225894 0.953592 -355.302273 23.945883 6.889607
0.974247 0.057899 -0.217923 -0.104514 0.972335 -0.208905 0.199799 0.226302 0.953346 -355.539159 23.708699 7.902688
0.973617 0.058425 -0.220583 -0.105449 0.972458 -0.207862 0.202364 0.225638 0.952962 -355.765492 23.475006 8.857958
0.972163 0.058904 -0.226780 -0.107299 0.972351 -0.207413 0.208293 0.225973 0.951604 -355.974907 23.261877 9.690827
0.970888 0.057617 -0.232502 -0.107955 0.971724 -0.209994 0.213828 0.228980 0.949656 -356.175808 23.064009 10.480502
0.969589 0.058234 -0.237712 -0.110380 0.970937 -0.212364 0.218436 0.232144 0.947837 -356.400708 22.850339 11.339487
0.968240 0.059493 -0.242839 -0.113149 0.970389 -0.213408 0.222952 0.234107 0.946301 -356.634876 22.630310 12.190791
0.966631 0.059500 -0.249166 -0.114607 0.970328 -0.212904 0.229105 0.234356 0.944769 -356.872880 22.409674 13.046391
0.964085 0.060156 -0.258691 -0.117076 0.970530 -0.210630 0.238397 0.233351 0.942716 -357.123333 22.194230 13.887388
0.961638 0.061224 -0.267401 -0.119813 0.970625 -0.208644 0.246772 0.232679 0.940725 -357.375733 21.984663 14.719719
0.959094 0.061644 -0.276296 -0.121876 0.970834 -0.206464 0.255510 0.231692 0.938634 -357.626454 21.786488 15.510163
0.955766 0.062943 -0.287313 -0.125405 0.970802 -0.204490 0.266052 0.231475 0.935754 -357.888468 21.587134 16.308743
0.951831 0.061841 -0.300321 -0.127471 0.970607 -0.204140 0.278870 0.232589 0.931737 -358.156281 21.397338 17.095241
0.948027 0.060992 -0.312291 -0.129884 0.970144 -0.204817 0.290475 0.234733 0.927645 -358.422719 21.216326 17.841517
0.943369 0.060808 -0.326123 -0.133285 0.969698 -0.204746 0.303791 0.236618 0.922888 -358.730044 21.017960 18.661458
0.938349 0.059783 -0.340481 -0.135650 0.969612 -0.203598 0.317963 0.237233 0.917943 -359.016525 20.834583 19.395612
0.933866 0.059955 -0.352563 -0.138660 0.969431 -0.202427 0.329649 0.237926 0.913632 -359.287453 20.661628 20.058153
0.929481 0.059273 -0.364077 -0.141081 0.969087 -0.202404 0.340825 0.239495 0.909110 -359.581895 20.483987 20.757450
0.924623 0.059968 -0.376133 -0.144929 0.968637 -0.201838 0.352233 0.241136 0.904315 -359.885583 20.307665 21.436907
0.919393 0.061456 -0.388509 -0.149489 0.968199 -0.200607 0.363825 0.242514 0.899343 -360.210154 20.114637 22.152233
0.915418 0.061630 -0.397759 -0.152074 0.967919 -0.200016 0.372672 0.243587 0.895422 -360.562806 19.923272 22.922173
0.912355 0.063314 -0.404474 -0.155600 0.967456 -0.199542 0.378677 0.244990 0.892515 -360.935609 19.730961 23.708216
0.908898 0.064345 -0.412024 -0.158448 0.967213 -0.198477 0.385744 0.245680 0.889294 -361.347316 19.516723 24.558276
0.905708 0.065268 -0.418848 -0.160727 0.967172 -0.196840 0.392250 0.245599 0.886465 -361.732761 19.316673 25.335912
0.901964 0.065405 -0.426828 -0.162456 0.967238 -0.195085 0.400085 0.245300 0.883040 -362.123477 19.115107 26.122876
0.897993 0.065881 -0.435049 -0.164743 0.967152 -0.193590 0.408005 0.245514 0.879349 -362.515620 18.926768 26.888548
0.895342 0.068277 -0.440114 -0.168280 0.966789 -0.192355 0.412364 0.246286 0.877097 -362.931803 18.732518 27.677108
0.894289 0.070400 -0.441918 -0.170944 0.966396 -0.191980 0.413552 0.247229 0.876272 -363.315472 18.550708 28.407283
0.893516 0.071577 -0.443289 -0.172252 0.966325 -0.191170 0.414678 0.247171 0.875756 -363.744678 18.350748 29.219015
0.892880 0.073885 -0.444192 -0.174435 0.966179 -0.189925 0.415136 0.247063 0.875570 -364.190983 18.146196 30.064872
0.892233 0.077571 -0.444862 -0.177921 0.965835 -0.188431 0.415047 0.247274 0.875552 -364.622107 17.942982 30.880393
0.892425 0.078731 -0.444273 -0.178520 0.965921 -0.187424 0.414376 0.246574 0.876067 -365.043738 17.744175 31.683067
0.892497 0.080053 -0.443893 -0.179487 0.965884 -0.186689 0.413804 0.246292 0.876417 -365.462199 17.546368 32.472245
0.893988 0.080835 -0.440740 -0.179233 0.965990 -0.186383 0.410684 0.245620 0.878071 -365.849814 17.354100 33.226596
0.895544 0.080339 -0.437661 -0.178069 0.966081 -0.187028 0.407790 0.245426 0.879473 -366.264470 17.153891 34.040386
0.898476 0.080829 -0.431518 -0.177407 0.965925 -0.188454 0.401582 0.245876 0.882200 -366.633966 16.980043 34.777280
0.902326 0.080739 -0.423426 -0.175362 0.966097 -0.189484 0.393772 0.245229 0.885893 -367.017026 16.796422 35.574992
0.904839 0.081491 -0.417882 -0.174269 0.966412 -0.188886 0.388454 0.243736 0.888649 -367.420518 16.594392 36.412412
0.906793 0.081483 -0.413626 -0.172218 0.967141 -0.187030 0.384794 0.240831 0.891029 -367.818113 16.389294 37.257558
0.908668 0.082220 -0.409344 -0.171669 0.967285 -0.186786 0.380595 0.239998 0.893056 -368.183840 16.195478 38.052060
0.911382 0.082903 -0.403125 -0.170849 0.967326 -0.187324 0.374424 0.239598 0.895768 -368.523266 16.013802 38.787919
0.914146 0.083385 -0.396717 -0.169522 0.967573 -0.187254 0.368239 0.238430 0.898639 -368.866801 15.834026 39.535203
0.916463 0.083506 -0.391309 -0.167896 0.967973 -0.186650 0.363190 0.236757 0.901132 -369.168630 15.668831 40.222543
0.918319 0.083500 -0.386934 -0.166396 0.968369 -0.185939 0.359169 0.235135 0.903166 -369.484471 15.500050 40.942349
0.919918 0.082196 -0.383398 -0.163735 0.968978 -0.185126 0.356288 0.233077 0.904839 -369.807053 15.328947 41.696964
0.920334 0.080765 -0.382703 -0.161264 0.969768 -0.183153 0.356341 0.230278 0.905535 -370.159158 15.142411 42.513987
0.920645 0.079616 -0.382195 -0.159159 0.970477 -0.181227 0.356483 0.227676 0.906136 -370.475178 14.967116 43.264218
0.920903 0.079813 -0.381533 -0.158493 0.970917 -0.179446 0.356114 0.225723 0.906770 -370.803213 14.791219 44.034731
0.921646 0.079767 -0.379744 -0.157844 0.971085 -0.179107 0.354477 0.225014 0.907587 -371.112405 14.628518 44.767692
0.921942 0.080954 -0.378772 -0.158227 0.971312 -0.177532 0.353534 0.223607 0.908303 -371.447453 14.456804 45.549075
0.921590 0.081590 -0.379493 -0.158308 0.971660 -0.175544 0.354415 0.221856 0.908388 -371.783717 14.283488 46.341237
0.921594 0.081506 -0.379501 -0.157847 0.971908 -0.174582 0.354610 0.220797 0.908570 -372.114310 14.111389 47.128321
0.921552 0.081900 -0.379519 -0.157660 0.972216 -0.173028 0.354804 0.219289 0.908860 -372.419957 13.952405 47.860786
0.921558 0.082368 -0.379403 -0.157721 0.972390 -0.171995 0.354761 0.218343 0.909104 -372.688325 13.812545 48.501394
0.921725 0.083740 -0.378695 -0.158570 0.972441 -0.170918 0.353946 0.217590 0.909602 -372.950007 13.676138 49.108198
0.921978 0.084620 -0.377883 -0.158752 0.972656 -0.169524 0.353205 0.216287 0.910201 -373.233758 13.529309 49.769554
0.922453 0.085808 -0.376454 -0.158904 0.972965 -0.167598 0.351895 0.214422 0.911149 -373.506657 13.392427 50.411836
0.921591 0.086018 -0.378512 -0.159026 0.973214 -0.166026 0.354092 0.213201 0.910585 -373.763164 13.266772 51.010896
0.920513 0.085674 -0.381204 -0.159042 0.973336 -0.165294 0.356878 0.212782 0.909594 -373.990361 13.148848 51.548600
0.919127 0.085617 -0.384545 -0.159645 0.973309 -0.164876 0.360165 0.212933 0.908263 -374.224306 13.030311 52.091659
0.918038 0.085933 -0.387067 -0.160795 0.973040 -0.165345 0.362423 0.214031 0.907105 -374.469758 12.911857 52.655694
0.916555 0.086783 -0.390378 -0.162418 0.972816 -0.165074 0.365441 0.214704 0.905735 -374.713874 12.796037 53.219838
0.913599 0.088662 -0.396831 -0.164490 0.973105 -0.161277 0.371859 0.212617 0.903612 -375.021101 12.656915 53.899068
0.909778 0.089864 -0.405251 -0.165911 0.973633 -0.156564 0.380497 0.209675 0.900699 -375.326202 12.523694 54.554818
0.903980 0.090924 -0.417795 -0.168112 0.974015 -0.151769 0.393139 0.207433 0.895775 -375.596331 12.410414 55.110747
0.895275 0.090763 -0.436171 -0.170712 0.974191 -0.147679 0.411511 0.206673 0.887663 -375.870980 12.305563 55.648191
0.884452 0.090645 -0.457742 -0.174991 0.973792 -0.145281 0.432576 0.208595 0.877135 -376.155386 12.208971 56.173985
0.870290 0.089468 -0.484345 -0.179317 0.973432 -0.142390 0.458738 0.210772 0.863212 -376.392181 12.136453 56.583284
0.854383 0.088263 -0.512092 -0.183811 0.973090 -0.138955 0.486048 0.212849 0.847616 -376.629970 12.072251 56.956379
0.836308 0.087870 -0.541173 -0.188958 0.972792 -0.134057 0.514669 0.214372 0.830157 -376.875501 12.017455 57.298851
0.814548 0.088794 -0.573260 -0.194540 0.972801 -0.125743 0.546503 0.213946 0.809668 -377.136172 11.968930 57.622644
0.790965 0.090720 -0.605099 -0.200222 0.972875 -0.115865 0.578174 0.212799 0.787674 -377.424926 11.911526 57.969319
0.767039 0.093167 -0.634800 -0.205112 0.973087 -0.105024 0.607931 0.210762 0.765506 -377.706301 11.867216 58.267651
0.742923 0.095794 -0.662487 -0.209638 0.973215 -0.094367 0.635702 0.208990 0.743105 -378.019994 11.826917 58.577606
0.717195 0.097006 -0.690088 -0.214220 0.973005 -0.085859 0.663129 0.209408 0.718615 -378.291224 11.801172 58.813855
0.688843 0.098608 -0.718173 -0.219291 0.972633 -0.076788 0.690947 0.210384 0.691615 -378.567016 11.790613 59.022069
0.658546 0.099199 -0.745974 -0.223169 0.972426 -0.067701 0.718688 0.211062 0.662525 -378.906271 11.765900 59.285571
0.625094 0.100938 -0.773996 -0.227041 0.972241 -0.056571 0.746800 0.211091 0.630659 -379.214602 11.754103 59.488254
0.587397 0.103190 -0.802693 -0.230219 0.972166 -0.043494 0.775863 0.210344 0.594804 -379.577823 11.735615 59.718662
0.549925 0.104636 -0.828634 -0.233231 0.971893 -0.032059 0.801988 0.210893 0.558873 -380.010086 11.729941 59.970716
0.509884 0.105777 -0.853715 -0.235994 0.971537 -0.020572 0.827239 0.211961 0.520334 -380.426108 11.727287 60.181096
0.468582 0.104832 -0.877178 -0.236881 0.971483 -0.010438 0.851069 0.212678 0.480052 -380.834520 11.726331 60.369588
0.430587 0.101629 -0.896809 -0.234901 0.972016 -0.002632 0.871445 0.211794 0.442410 -381.249052 11.728475 60.561512
0.388071 0.099179 -0.916278 -0.233130 0.972424 0.006519 0.891657 0.211082 0.400491 -381.689938 11.737753 60.736737
0.342077 0.097128 -0.934639 -0.232925 0.972366 0.015798 0.910346 0.212296 0.355248 -382.119877 11.749423 60.866570
0.294787 0.096280 -0.950700 -0.230927 0.972599 0.026893 0.927239 0.211615 0.308944 -382.632573 11.759987 61.013685
0.249267 0.095847 -0.963680 -0.231351 0.972172 0.036850 0.940395 0.213763 0.264505 -383.104361 11.790296 61.110097
0.201378 0.096374 -0.974761 -0.232801 0.971342 0.047941 0.951447 0.217271 0.218043 -383.661038 11.818457 61.197164
0.151423 0.099043 -0.983495 -0.233161 0.970470 0.061833 0.960576 0.219949 0.170045 -384.171714 11.857075 61.257756
0.106362 0.100521 -0.989233 -0.230915 0.970174 0.073756 0.967143 0.220584 0.126401 -384.701742 11.905545 61.307012
0.063741 0.103144 -0.992622 -0.228645 0.969697 0.086080 0.971421 0.221471 0.085392 -385.278595 11.962970 61.337498
0.020217 0.105811 -0.994181 -0.226211 0.969081 0.098540 0.973869 0.222902 0.043527 -385.769030 12.016470 61.341055
-0.020837 0.107897 -0.993944 -0.224678 0.968225 0.109815 0.974210 0.225606 0.004067 -386.234441 12.076828 61.311933
-0.062602 0.108615 -0.992111 -0.221994 0.967643 0.119943 0.973036 0.227751 -0.036464 -386.665032 12.136115 61.257617
-0.103376 0.110302 -0.988507 -0.217952 0.967166 0.130713 0.970469 0.228960 -0.075941 -387.168489 12.210525 61.193481
-0.144963 0.112174 -0.983058 -0.212257 0.966896 0.141629 0.966402 0.229191 -0.116354 -387.650068 12.285303 61.109650
-0.187780 0.112999 -0.975689 -0.206916 0.966517 0.151760 0.960169 0.230383 -0.158111 -388.123845 12.364870 61.002167
-0.226444 0.112220 -0.967538 -0.200850 0.966613 0.159120 0.953091 0.230361 -0.196344 -388.576700 12.443850 60.883117
-0.262541 0.111310 -0.958479 -0.194972 0.966715 0.165672 0.945017 0.230372 -0.232100 -389.011499 12.528789 60.749291
-0.298075 0.107529 -0.948467 -0.189741 0.967132 0.169275 0.935495 0.230419 -0.267875 -389.452133 12.608035 60.596709
-0.331256 0.105193 -0.937659 -0.184067 0.967468 0.173564 0.925413 0.230086 -0.301117 -390.039699 12.724040 60.394272
-0.361803 0.109634 -0.925786 -0.177215 0.966865 0.183756 0.915256 0.230546 -0.330386 -390.732435 12.848329 60.141571
-0.388065 0.115694 -0.914342 -0.170617 0.965923 0.194634 0.905702 0.231532 -0.355102 -391.476590 12.982483 59.843449
-0.410499 0.122515 -0.903593 -0.164000 0.964855 0.205326 0.896992 0.232476 -0.375980 -392.160550 13.126346 59.541542
-0.429552 0.127200 -0.894039 -0.158832 0.963954 0.213460 0.888964 0.233695 -0.393865 -392.905064 13.290333 59.202220
-0.446479 0.127552 -0.885656 -0.154876 0.963833 0.216887 0.881289 0.234002 -0.410576 -393.622702 13.451253 58.858490
-0.460561 0.123728 -0.878963 -0.152521 0.964478 0.215684 0.874426 0.233396 -0.425330 -394.383421 13.630250 58.479660
-0.470506 0.122127 -0.873905 -0.150814 0.964674 0.216009 0.869413 0.233430 -0.435466 -395.147533 13.811431 58.087508
-0.478333 0.125400 -0.869179 -0.147465 0.964228 0.220267 0.865708 0.233535 -0.442731 -396.019064 14.025581 57.640767
-0.483608 0.129405 -0.865666 -0.147418 0.962841 0.226286 0.862781 0.237048 -0.446561 -396.739495 14.212499 57.259852
-0.487541 0.133793 -0.862788 -0.148762 0.961010 0.233086 0.860334 0.241989 -0.448628 -397.475170 14.398842 56.865114
-0.488886 0.135724 -0.861725 -0.148405 0.960483 0.235474 0.859631 0.243004 -0.449425 -398.153489 14.565736 56.505860
-0.488956 0.135177 -0.861771 -0.147006 0.961021 0.234154 0.859832 0.241177 -0.450025 -398.924295 14.763852 56.096576
-0.486770 0.133114 -0.863328 -0.146714 0.961823 0.231022 0.861121 0.239117 -0.448657 -399.729256 14.970562 55.671833
-0.484116 0.133300 -0.864791 -0.146832 0.961937 0.230472 0.862596 0.238554 -0.446116 -400.596032 15.187930 55.219992
-0.481188 0.135015 -0.866158 -0.147416 0.961534 0.231778 0.864134 0.239214 -0.442775 -401.373414 15.380957 54.810100
-0.477368 0.135779 -0.868150 -0.149029 0.961166 0.232273 0.865974 0.240259 -0.438594 -402.140746 15.564822 54.412397
-0.471597 0.135934 -0.871274 -0.150748 0.961075 0.231540 0.868833 0.240536 -0.432748 -403.016240 15.784962 53.965569
-0.467319 0.137405 -0.873346 -0.153788 0.960154 0.233354 0.870610 0.243361 -0.427567 -403.869048 15.998801 53.536119
-0.463750 0.141758 -0.874552 -0.156074 0.958607 0.238144 0.872111 0.246934 -0.422429 -404.901331 16.264376 53.025185
-0.461274 0.148039 -0.874820 -0.157360 0.956702 0.244867 0.873192 0.250613 -0.418006 -405.900003 16.524041 52.535959
-0.459608 0.151029 -0.875186 -0.156446 0.956257 0.247178 0.874234 0.250525 -0.415875 -406.859815 16.775094 52.079287
-0.457389 0.147932 -0.876876 -0.155116 0.957677 0.242474 0.875634 0.246923 -0.415084 -407.804363 17.018789 51.625313
-0.454370 0.143310 -0.879210 -0.156404 0.958809 0.237113 0.876975 0.245249 -0.413240 -408.758543 17.261194 51.171883
-0.453200 0.142103 -0.880009 -0.158091 0.958750 0.236234 0.877278 0.246183 -0.412040 -409.683801 17.497574 50.725008
-0.450463 0.142899 -0.881285 -0.163218 0.957291 0.238652 0.877749 0.251345 -0.407901 -410.627338 17.745803 50.282272
-0.448887 0.144502 -0.881827 -0.165417 0.956345 0.240918 0.878144 0.254014 -0.405388 -411.434638 17.967208 49.918177
-0.448435 0.144001 -0.882139 -0.166241 0.956279 0.240613 0.878220 0.254547 -0.404890 -412.195828 18.176245 49.572763
-0.448648 0.141421 -0.882448 -0.166810 0.956797 0.238145 0.878003 0.254045 -0.405675 -412.903661 18.379784 49.242306
-0.450803 0.140478 -0.881500 -0.164231 0.957627 0.236599 0.877385 0.251429 -0.408630 -413.595473 18.568606 48.918469
-0.452908 0.141361 -0.880279 -0.163234 0.957513 0.237748 0.876487 0.251369 -0.410590 -414.361051 18.771288 48.558055
-0.454541 0.143865 -0.879031 -0.162813 0.956825 0.240787 0.875720 0.252565 -0.411493 -415.140763 18.979313 48.187046
-0.454884 0.146171 -0.878473 -0.162892 0.956139 0.243442 0.875526 0.253835 -0.411122 -415.907589 19.183630 47.826251
-0.456565 0.147384 -0.877398 -0.162511 0.955777 0.245114 0.874722 0.254497 -0.412423 -416.732414 19.405356 47.438366
-0.458657 0.147552 -0.876277 -0.162454 0.955575 0.245936 0.873637 0.255155 -0.414311 -417.533336 19.626351 47.058000
-0.460776 0.149809 -0.874782 -0.162410 0.954775 0.249054 0.872530 0.256832 -0.415607 -418.239453 19.821568 46.720167
-0.463510 0.152520 -0.872867 -0.161637 0.953993 0.252529 0.871225 0.258137 -0.417532 -419.008830 20.028910 46.344274
-0.466670 0.153508 -0.871008 -0.160737 0.953701 0.254201 0.869703 0.258632 -0.420389 -419.698153 20.215898 45.999041
-0.467773 0.152258 -0.870636 -0.160668 0.953990 0.253158 0.869123 0.258303 -0.421787 -420.463656 20.432467 45.625029
-0.467932 0.151877 -0.870616 -0.160415 0.954162 0.252670 0.869083 0.257893 -0.422120 -421.188720 20.641581 45.273822
-0.468784 0.154140 -0.869760 -0.160027 0.953543 0.255239 0.868696 0.258837 -0.422339 -421.968014 20.858460 44.897573
-0.469934 0.158048 -0.868437 -0.158166 0.952840 0.258997 0.868415 0.259069 -0.422774 -422.766623 21.070282 44.500273
-0.471321 0.159686 -0.867385 -0.156138 0.952831 0.260259 0.868031 0.258097 -0.424156 -423.485144 21.266664 44.139447
-0.474582 0.161893 -0.865195 -0.153737 0.952586 0.262574 0.866682 0.257626 -0.427191 -424.166530 21.457754 43.799896
-0.478050 0.164230 -0.862843 -0.151927 0.952095 0.265391 0.865094 0.257959 -0.430198 -424.882812 21.656656 43.436318
-0.479709 0.165755 -0.861629 -0.152210 0.951386 0.267764 0.864125 0.259597 -0.431159 -425.506207 21.827163 43.115538
-0.481986 0.167609 -0.859998 -0.151249 0.950881 0.270089 0.863025 0.260253 -0.432961 -426.094869 21.991746 42.814334
-0.485326 0.169011 -0.857843 -0.149517 0.950644 0.271885 0.861454 0.260215 -0.436102 -426.649817 22.145140 42.521010
-0.490850 0.169005 -0.854695 -0.148235 0.950501 0.273081 0.858541 0.260738 -0.441502 -427.199661 22.302239 42.224408
-0.498116 0.169526 -0.850377 -0.146066 0.950283 0.275002 0.854719 0.261194 -0.448589 -427.686010 22.444623 41.953629
-0.507337 0.169728 -0.844868 -0.142564 0.950371 0.276531 0.849873 0.260743 -0.457962 -428.102672 22.570441 41.712323
-0.518596 0.168302 -0.838292 -0.139102 0.950767 0.276936 0.843629 0.260226 -0.469652 -428.517037 22.698538 41.466461
-0.534056 0.167099 -0.828771 -0.133931 0.951174 0.278083 0.834773 0.259510 -0.485601 -428.907992 22.819030 41.227348
-0.550773 0.166494 -0.817881 -0.127438 0.951639 0.279541 0.824869 0.258193 -0.502919 -429.407377 22.984018 40.907596
-0.569898 0.166766 -0.804615 -0.119581 0.951934 0.281997 0.812968 0.256926 -0.522563 -429.873227 23.139166 40.595296
-0.589809 0.165990 -0.790299 -0.113257 0.951971 0.284471 0.799561 0.257290 -0.542682 -430.355460 23.302813 40.254943
-0.609395 0.166434 -0.775201 -0.106528 0.951668 0.288063 0.785678 0.258125 -0.562212 -430.798507 23.455794 39.921458
-0.630209 0.167217 -0.758205 -0.099153 0.951204 0.292196 0.770068 0.259323 -0.582878 -431.277383 23.615497 39.537174
-0.653514 0.168609 -0.737896 -0.090616 0.950434 0.297428 0.751471 0.261238 -0.605844 -431.750808 23.788242 39.134799
-0.677520 0.169739 -0.715650 -0.082020 0.949501 0.302854 0.730917 0.263887 -0.629384 -432.158484 23.941821 38.764588
-0.704673 0.169355 -0.689025 -0.072086 0.948984 0.306974 0.705861 0.265985 -0.656515 -432.555291 24.102666 38.360266
-0.732590 0.168777 -0.659413 -0.062941 0.947823 0.312522 0.677754 0.270455 -0.683743 -432.915266 24.269864 37.957897
-0.755966 0.169374 -0.632319 -0.054098 0.946478 0.318201 0.652371 0.274756 -0.706343 -433.226391 24.422887 37.568915
-0.779699 0.169872 -0.602672 -0.042034 0.946126 0.321060 0.624743 0.275662 -0.730553 -433.489100 24.564597 37.201647
-0.804546 0.169237 -0.569266 -0.029405 0.946011 0.322799 0.593162 0.276446 -0.756133 -433.727042 24.703034 36.846437
-0.825777 0.168553 -0.538221 -0.017519 0.946172 0.323190 0.563724 0.276312 -0.778374 -433.966272 24.849166 36.460723
-0.848853 0.167498 -0.501390 -0.004204 0.946306 0.323246 0.528612 0.276497 -0.802571 -434.186293 25.004596 36.059350
-0.871348 0.168106 -0.460970 0.010791 0.945816 0.324522 0.490547 0.277798 -0.825949 -434.366872 25.142633 35.675809
-0.892118 0.169250 -0.418903 0.025889 0.944809 0.326597 0.451060 0.280519 -0.847263 -434.593770 25.322205 35.166978
-0.910646 0.169511 -0.376816 0.040201 0.943995 0.327503 0.411228 0.283091 -0.866459 -434.796861 25.509453 34.637223
-0.926722 0.170875 -0.334646 0.056282 0.943692 0.326004 0.371509 0.283280 -0.884157 -434.997481 25.703377 34.055739
-0.940761 0.172658 -0.291817 0.073298 0.943849 0.322144 0.331052 0.281671 -0.900592 -435.136095 25.874673 33.541914
-0.953639 0.172469 -0.246630 0.089407 0.944860 0.315034 0.287364 0.278378 -0.916475 -435.285160 26.079637 32.902847
-0.963905 0.171268 -0.203851 0.102996 0.945895 0.307692 0.245519 0.275590 -0.929393 -435.414665 26.305162 32.194073
-0.972381 0.169220 -0.160749 0.115232 0.946999 0.299858 0.202972 0.273053 -0.940343 -435.504422 26.506166 31.511408
-0.979183 0.168565 -0.113081 0.129060 0.947013 0.294127 0.156669 0.273410 -0.949053 -435.554357 26.698549 30.842307
-0.984041 0.167259 -0.060722 0.142954 0.946307 0.289942 0.105957 0.276634 -0.955116 -435.563877 26.864319 30.237721
-0.986035 0.166210 -0.010430 0.156351 0.945476 0.285708 0.057348 0.280087 -0.958260 -435.540517 27.051061 29.533120
-0.985760 0.164991 0.032492 0.167430 0.944993 0.280989 0.015656 0.282428 -0.959161 -435.486221 27.221798 28.884015
-0.983712 0.163955 0.073687 0.178099 0.944480 0.276113 -0.024326 0.284739 -0.958296 -435.414670 27.385931 28.267326
-0.980373 0.162658 0.111402 0.187381 0.944441 0.270035 -0.061289 0.285610 -0.956384 -435.320330 27.556698 27.620152
-0.976573 0.162737 0.140793 0.195362 0.944806 0.263014 -0.090220 0.284358 -0.954464 -435.213828 27.727523 26.980232
-0.972241 0.164015 0.166870 0.203261 0.945297 0.255146 -0.115893 0.281981 -0.952394 -435.090058 27.895287 26.301680
-0.967289 0.164903 0.192767 0.210561 0.945715 0.247561 -0.141479 0.280053 -0.949502 -434.949698 28.057551 25.650651
-0.963124 0.164223 0.213125 0.215307 0.945450 0.244474 -0.161351 0.281346 -0.945944 -434.753401 28.260571 24.813620
-0.959113 0.164571 0.230256 0.220291 0.944866 0.242280 -0.177689 0.283097 -0.942488 -434.518983 28.493789 23.845472
-0.955140 0.164098 0.246537 0.224407 0.944250 0.240902 -0.193261 0.285420 -0.938715 -434.268200 28.714665 22.911715
-0.952147 0.163848 0.258013 0.227457 0.943729 0.240081 -0.204157 0.287279 -0.935837 -434.025936 28.917129 22.055328
-0.949250 0.164298 0.268200 0.230773 0.943204 0.238979 -0.213703 0.288744 -0.933251 -433.766308 29.133192 21.163973
-0.947313 0.164518 0.274831 0.232779 0.942989 0.237877 -0.220028 0.289318 -0.931602 -433.517121 29.330540 20.330886
-0.946589 0.164586 0.277274 0.233157 0.943365 0.236009 -0.222727 0.288052 -0.931353 -433.296226 29.508343 19.575946
-0.946253 0.164418 0.278517 0.233086 0.943680 0.234818 -0.224222 0.287115 -0.931284 -433.003907 29.738815 18.602498
-0.945754 0.164463 0.280179 0.233599 0.943597 0.234638 -0.225787 0.287360 -0.930830 -432.729204 29.950346 17.669773
-0.945267 0.165381 0.281284 0.234742 0.943429 0.234173 -0.226643 0.287386 -0.930614 -432.475533 30.150022 16.793802
-0.944857 0.166425 0.282042 0.235878 0.943289 0.233597 -0.227170 0.287243 -0.930529 -432.218224 30.359895 15.921260
-0.945196 0.167522 0.280250 0.236191 0.943446 0.232645 -0.225428 0.286088 -0.931309 -431.963443 30.570781 15.047663
-0.945357 0.166448 0.280349 0.235174 0.943674 0.232749 -0.225818 0.285962 -0.931253 -431.694650 30.786253 14.142332
-0.944708 0.166654 0.282405 0.236320 0.943075 0.234012 -0.227331 0.287811 -0.930315 -431.442138 30.975251 13.293879
-0.943986 0.167102 0.284547 0.237588 0.942598 0.234652 -0.229003 0.289113 -0.929501 -431.188290 31.163646 12.455414
-0.943998 0.166563 0.284822 0.237354 0.942435 0.235540 -0.229194 0.289953 -0.929192 -430.932686 31.354337 11.632563
-0.943932 0.166792 0.284910 0.237721 0.942230 0.235992 -0.229089 0.290489 -0.929050 -430.657996 31.577828 10.729174
-0.943977 0.166278 0.285059 0.237355 0.942220 0.236397 -0.229281 0.290814 -0.928901 -430.389547 31.787908 9.840526
-0.943637 0.166605 0.285992 0.237987 0.942047 0.236453 -0.230023 0.291188 -0.928601 -430.119292 31.995650 8.941345
-0.943172 0.167640 0.286920 0.238945 0.942173 0.234981 -0.230935 0.290186 -0.928688 -429.867563 32.183398 8.110623
-0.942095 0.170463 0.288790 0.241989 0.941756 0.233532 -0.232161 0.289894 -0.928473 -429.628771 32.362177 7.307913
-0.941907 0.170971 0.289101 0.241971 0.942373 0.231047 -0.232938 0.287579 -0.928998 -429.391319 32.542367 6.527378
-0.941503 0.171740 0.289963 0.242631 0.942569 0.229551 -0.233887 0.286477 -0.929101 -429.131349 32.743390 5.673454
-0.940568 0.171730 0.292986 0.243823 0.942006 0.230597 -0.236394 0.288329 -0.927892 -428.857407 32.946422 4.788976
-0.938846 0.171205 0.298760 0.245481 0.941218 0.232051 -0.241470 0.291200 -0.925686 -428.569649 33.146625 3.890071
-0.936448 0.171095 0.306255 0.247504 0.940911 0.231147 -0.248611 0.292256 -0.923460 -428.264963 33.343291 2.963625
-0.934220 0.170593 0.313260 0.248551 0.941241 0.228666 -0.255844 0.291485 -0.921727 -427.990548 33.526805 2.143637
-0.932718 0.170389 0.317813 0.249425 0.941331 0.227337 -0.260432 0.291312 -0.920496 -427.687650 33.734441 1.259361
-0.931360 0.168438 0.322795 0.249275 0.941183 0.228114 -0.265386 0.292921 -0.918568 -427.373246 33.936848 0.361036
-0.929414 0.166563 0.329313 0.249366 0.941259 0.227702 -0.272042 0.293749 -0.916354 -427.048193 34.128487 -0.531797
-0.927154 0.166752 0.335529 0.250801 0.941499 0.225120 -0.278361 0.292872 -0.914736 -426.716489 34.322266 -1.451175
-0.924876 0.168100 0.341097 0.251865 0.942823 0.218284 -0.284901 0.287796 -0.914333 -426.351516 34.534460 -2.430052
-0.922078 0.170738 0.347304 0.254468 0.943623 0.211709 -0.291578 0.283590 -0.913542 -425.990361 34.740747 -3.389913
-0.920061 0.171078 0.352449 0.255389 0.944107 0.208419 -0.297094 0.281770 -0.912327 -425.619783 34.946704 -4.355415
-0.917366 0.170108 0.359864 0.256240 0.944216 0.206876 -0.304598 0.281992 -0.909780 -425.244678 35.137564 -5.304983
-0.914623 0.169177 0.367211 0.257140 0.944288 0.205424 -0.312000 0.282310 -0.907170 -424.884777 35.306920 -6.204349
-0.912488 0.168254 0.372903 0.257460 0.944548 0.203820 -0.317932 0.281991 -0.905207 -424.478744 35.500963 -7.182897
-0.910695 0.166464 0.378052 0.256326 0.945423 0.201179 -0.323930 0.280117 -0.903661 -424.071180 35.682209 -8.153605
-0.908534 0.165610 0.383588 0.256782 0.945558 0.199959 -0.329590 0.280168 -0.901597 -423.649572 35.870772 -9.139509
-0.906017 0.163916 0.390212 0.256875 0.945699 0.199169 -0.336377 0.280686 -0.898925 -423.186809 36.085740 -10.208525
-0.904022 0.161601 0.395764 0.256241 0.945889 0.199086 -0.342176 0.281390 -0.896513 -422.753266 36.273777 -11.197134
-0.902417 0.159723 0.400164 0.255421 0.946275 0.198304 -0.346992 0.281163 -0.894731 -422.327445 36.448990 -12.153080
-0.901348 0.159431 0.402684 0.254784 0.947064 0.195334 -0.350225 0.278661 -0.894254 -421.906025 36.630655 -13.082049
-0.900317 0.157910 0.405579 0.253527 0.947716 0.193799 -0.353771 0.277305 -0.893279 -421.496109 36.808867 -13.980045
-0.899162 0.156148 0.408810 0.253041 0.947686 0.194578 -0.357040 0.278403 -0.891636 -421.041630 36.992970 -14.962544
-0.897828 0.154040 0.412525 0.253177 0.947071 0.197377 -0.360287 0.281653 -0.889306 -420.599991 37.166239 -15.909655
-0.896634 0.152447 0.415701 0.252852 0.947008 0.198092 -0.363474 0.282728 -0.887666 -420.175758 37.330585 -16.826720
-0.895914 0.153848 0.416736 0.253880 0.947140 0.196141 -0.364532 0.281526 -0.887615 -419.732267 37.519479 -17.795062
-0.895342 0.154445 0.417744 0.253832 0.947661 0.193672 -0.365968 0.279439 -0.887683 -419.305618 37.702763 -18.701258
-0.894582 0.154634 0.419299 0.254099 0.947812 0.192579 -0.367637 0.278821 -0.887188 -418.855826 37.888119 -19.662301
-0.893621 0.153463 0.421770 0.253674 0.947929 0.192561 -0.370257 0.279069 -0.886019 -418.432877 38.056379 -20.564361
-0.893081 0.154149 0.422663 0.254258 0.947987 0.191504 -0.371159 0.278494 -0.885823 -418.046125 38.204826 -21.372179
-0.892151 0.157336 0.423453 0.256920 0.947741 0.189156 -0.371562 0.277549 -0.885950 -417.682778 38.347997 -22.155360
-0.891559 0.158151 0.424394 0.256971 0.948259 0.186470 -0.372945 0.275306 -0.886069 -417.293481 38.501150 -22.972541
-0.890517 0.158075 0.426605 0.256882 0.948625 0.184724 -0.375488 0.274087 -0.885373 -416.887503 38.638124 -23.826112
-0.889587 0.158768 0.428284 0.258186 0.948265 0.184750 -0.376794 0.274928 -0.884557 -416.464727 38.783126 -24.702983
-0.888721 0.158384 0.430221 0.258240 0.948332 0.184332 -0.378797 0.274920 -0.883704 -416.077668 38.920508 -25.506887
-0.887370 0.158666 0.432897 0.258177 0.948910 0.181424 -0.381995 0.272754 -0.882998 -415.674113 39.060656 -26.335544
-0.886232 0.160568 0.434524 0.259312 0.949227 0.178115 -0.383862 0.270529 -0.882873 -415.279484 39.200618 -27.146286
-0.886674 0.161257 0.433366 0.258212 0.950152 0.174752 -0.383584 0.266848 -0.884113 -414.841203 39.351820 -28.045024
-0.887920 0.161372 0.430764 0.257327 0.950464 0.174360 -0.381289 0.265665 -0.885461 -414.405662 39.520617 -28.943390
-0.888969 0.161008 0.428730 0.257429 0.949942 0.177031 -0.378766 0.267743 -0.885918 -414.020730 39.667697 -29.746454
-0.889435 0.160216 0.428061 0.257488 0.949433 0.179657 -0.377631 0.270014 -0.885713 -413.605510 39.811368 -30.601903
-0.888815 0.159606 0.429575 0.257687 0.949221 0.180492 -0.378954 0.271120 -0.884810 -413.183637 39.955894 -31.480906
-0.888669 0.158930 0.430125 0.256594 0.949760 0.179206 -0.380035 0.269622 -0.884804 -412.806670 40.081464 -32.255735
-0.888651 0.159495 0.429953 0.256330 0.950187 0.177315 -0.380255 0.267781 -0.885268 -412.450688 40.195479 -33.005799
-0.889215 0.159358 0.428838 0.254809 0.951033 0.174951 -0.379959 0.264841 -0.886279 -412.093006 40.302607 -33.757935
-0.889169 0.158771 0.429151 0.253489 0.951723 0.173107 -0.380949 0.262707 -0.886489 -411.725883 40.409100 -34.522989
-0.888135 0.158870 0.431250 0.253671 0.951923 0.171739 -0.383232 0.261923 -0.885737 -411.340618 40.535646 -35.339440
-0.886821 0.159503 0.433712 0.254775 0.951776 0.170916 -0.385535 0.262071 -0.884693 -410.915863 40.671731 -36.219094
-0.885827 0.159402 0.435776 0.254795 0.951986 0.169710 -0.387801 0.261367 -0.883910 -410.491259 40.809660 -37.078968
-0.884025 0.158708 0.439673 0.255367 0.951803 0.169881 -0.391520 0.262457 -0.881946 -410.089537 40.928587 -37.887227
-0.881673 0.158167 0.444562 0.255947 0.951809 0.168968 -0.396414 0.262759 -0.879667 -409.684678 41.052609 -38.680251
-0.879951 0.157028 0.448362 0.255355 0.952197 0.167673 -0.400599 0.262036 -0.877985 -409.306929 41.159522 -39.419298
-0.878381 0.155430 0.451983 0.254571 0.952493 0.167185 -0.404525 0.261913 -0.876220 -408.912565 41.274839 -40.171477
-0.876006 0.154548 0.456868 0.255094 0.952395 0.166946 -0.409318 0.262790 -0.873728 -408.510876 41.386275 -40.928759
-0.873630 0.154482 0.461418 0.255826 0.952453 0.165490 -0.413913 0.262620 -0.871612 -408.091005 41.499791 -41.716047
-0.870416 0.154208 0.467541 0.256082 0.952907 0.162449 -0.420473 0.261128 -0.868916 -407.674630 41.607166 -42.486334
-0.867406 0.153906 0.473203 0.255700 0.953668 0.158539 -0.426878 0.258515 -0.866571 -407.246014 41.711584 -43.273311
-0.864986 0.154317 0.477477 0.255689 0.954288 0.154780 -0.431766 0.255969 -0.864904 -406.793180 41.816497 -44.085533
-0.861659 0.154826 0.483294 0.255653 0.955087 0.149834 -0.438390 0.252661 -0.862541 -406.379233 41.904604 -44.820860
-0.858015 0.155159 0.489629 0.255992 0.955626 0.145765 -0.445285 0.250410 -0.859660 -405.941303 41.995023 -45.584096
-0.856351 0.154306 0.492801 0.254673 0.956383 0.143088 -0.449227 0.248037 -0.858297 -405.525119 42.095586 -46.302486
-0.854979 0.152963 0.495594 0.253267 0.956983 0.141559 -0.452622 0.246547 -0.856941 -405.094292 42.185024 -47.032949
-0.853361 0.151288 0.498886 0.252487 0.957180 0.141622 -0.456098 0.246817 -0.855018 -404.649532 42.262781 -47.799779
-0.851294 0.149381 0.502975 0.251773 0.957341 0.141806 -0.460335 0.247354 -0.852589 -404.183502 42.342769 -48.573387
-0.848882 0.148275 0.507359 0.251424 0.957578 0.140817 -0.464956 0.247100 -0.850151 -403.737578 42.419220 -49.316384
-0.846337 0.148287 0.511591 0.250963 0.958190 0.137439 -0.469821 0.244710 -0.848166 -403.281591 42.490680 -50.068457
-0.842936 0.150050 0.516667 0.251716 0.958724 0.132240 -0.475499 0.241523 -0.845912 -402.845150 42.549142 -50.780110
-0.840673 0.151434 0.519939 0.252040 0.959195 0.128146 -0.479317 0.238774 -0.844536 -402.424937 42.620837 -51.469373
-0.838574 0.152379 0.523044 0.252451 0.959473 0.125220 -0.482766 0.237049 -0.843057 -401.965517 42.715975 -52.206971
-0.836692 0.151833 0.526207 0.251678 0.959938 0.123197 -0.486421 0.235513 -0.841385 -401.487708 42.797145 -52.968281
-0.834152 0.150766 0.530529 0.250804 0.960394 0.121414 -0.491211 0.234336 -0.838927 -401.052172 42.848331 -53.655936
-0.831255 0.150516 0.535126 0.250372 0.960850 0.118663 -0.496315 0.232620 -0.836397 -400.626696 42.899257 -54.331668
-0.830121 0.151511 0.536604 0.250343 0.961197 0.115882 -0.498225 0.230531 -0.835839 -400.198015 42.954455 -54.989553
-0.828905 0.153559 0.537900 0.251282 0.961320 0.112790 -0.499774 0.228657 -0.835429 -399.746259 43.029890 -55.690816
-0.828440 0.155323 0.538110 0.252107 0.961354 0.110638 -0.500129 0.227318 -0.835582 -399.239561 43.109311 -56.476168
-0.827929 0.156686 0.538500 0.252163 0.961652 0.107885 -0.500945 0.225112 -0.835690 -398.745918 43.181798 -57.251884
-0.827464 0.158264 0.538754 0.252759 0.961739 0.105688 -0.501415 0.223628 -0.835807 -398.269325 43.261729 -58.000467
-0.826938 0.160211 0.538986 0.254132 0.961552 0.104086 -0.501587 0.223046 -0.835859 -397.768808 43.347162 -58.781263
-0.826239 0.161390 0.539705 0.255312 0.961314 0.103394 -0.502140 0.223221 -0.835481 -397.219412 43.437048 -59.634637
-0.826303 0.162079 0.539401 0.255712 0.961263 0.102882 -0.501831 0.222943 -0.835740 -396.701692 43.515421 -60.441682
-0.826387 0.163108 0.538962 0.256291 0.961194 0.102079 -0.501397 0.222488 -0.836122 -396.211818 43.583909 -61.200606
-0.826419 0.163222 0.538878 0.255362 0.961623 0.100353 -0.501818 0.220543 -0.836385 -395.780992 43.650904 -61.864923
-0.826497 0.163783 0.538588 0.255070 0.961849 0.098925 -0.501838 0.219138 -0.836742 -395.324905 43.720418 -62.561521
-0.826203 0.163788 0.539038 0.254818 0.961983 0.098269 -0.502450 0.218546 -0.836530 -394.825547 43.792471 -63.331435
-0.826018 0.164672 0.539052 0.255287 0.961954 0.097328 -0.502516 0.218008 -0.836630 -394.302340 43.872848 -64.134988
-0.826814 0.165300 0.537638 0.255372 0.961968 0.096965 -0.501162 0.217470 -0.837582 -393.803909 43.945838 -64.921727
-0.827399 0.165688 0.536617 0.254728 0.962271 0.095645 -0.500524 0.215828 -0.838388 -393.297913 44.021789 -65.715885
-0.828145 0.166857 0.535102 0.254188 0.962653 0.093213 -0.499564 0.213210 -0.839629 -392.802515 44.090872 -66.482479
-0.828572 0.169127 0.533728 0.254205 0.963002 0.089480 -0.498847 0.209817 -0.840909 -392.338575 44.152249 -67.212943
-0.829045 0.170439 0.532574 0.253962 0.963288 0.087057 -0.498185 0.207428 -0.841894 -391.862935 44.216476 -67.954485
-0.828626 0.172101 0.532692 0.255317 0.963023 0.086026 -0.498189 0.207289 -0.841926 -391.378198 44.279430 -68.717994
-0.828254 0.172104 0.533269 0.255391 0.963017 0.085866 -0.498769 0.207311 -0.841577 -390.821212 44.347983 -69.600057
-0.827584 0.172302 0.534245 0.255284 0.963138 0.084827 -0.499935 0.206586 -0.841063 -390.306481 44.410655 -70.414787
-0.826295 0.174742 0.535446 0.257236 0.962799 0.082755 -0.501066 0.206116 -0.840505 -389.745216 44.480915 -71.306229
-0.825480 0.175146 0.536569 0.257243 0.962909 0.081443 -0.502402 0.205258 -0.839917 -389.214447 44.543025 -72.144102
-0.825114 0.174962 0.537192 0.257585 0.962763 0.082076 -0.502829 0.206095 -0.839457 -388.691903 44.607101 -72.962659
-0.824443 0.175068 0.538187 0.257572 0.962827 0.081372 -0.503935 0.205708 -0.838888 -388.163921 44.670852 -73.779492
-0.822909 0.177076 0.539874 0.258836 0.962704 0.078771 -0.505791 0.204560 -0.838052 -387.653354 44.733479 -74.561263
-0.821557 0.177741 0.541712 0.258799 0.962892 0.076558 -0.508002 0.203092 -0.837071 -387.107338 44.796126 -75.387730
-0.820428 0.177842 0.543387 0.258423 0.963119 0.074963 -0.510014 0.201926 -0.836129 -386.570949 44.856778 -76.192616
-0.819217 0.178057 0.545142 0.258923 0.963016 0.074555 -0.511706 0.202226 -0.835022 -386.045210 44.914576 -76.980081
-0.818014 0.178782 0.546709 0.259883 0.962801 0.074000 -0.513141 0.202613 -0.834047 -385.544604 44.972074 -77.737459
-0.817360 0.181392 0.546826 0.262008 0.962346 0.072405 -0.513102 0.202454 -0.834109 -385.060712 45.030831 -78.476019
-0.815766 0.185783 0.547733 0.265424 0.961650 0.069131 -0.513884 0.201776 -0.833792 -384.590977 45.082157 -79.190928
-0.816157 0.187295 0.546634 0.265529 0.961778 0.066912 -0.513208 0.199758 -0.834694 -384.087528 45.133519 -79.962081
-0.816668 0.187929 0.545652 0.265171 0.961970 0.065563 -0.512580 0.198234 -0.835443 -383.584664 45.184104 -80.719132
-0.817246 0.186399 0.545312 0.263754 0.962306 0.066346 -0.512390 0.198049 -0.835603 -383.016110 45.237192 -81.587461
-0.817121 0.185075 0.545950 0.263244 0.962346 0.067764 -0.512851 0.199090 -0.835073 -382.440825 45.289342 -82.465322
-0.817235 0.184383 0.546013 0.263139 0.962295 0.068892 -0.512723 0.199979 -0.834939 -381.899096 45.338310 -83.299423
-0.816930 0.184809 0.546326 0.263667 0.962158 0.068791 -0.512938 0.200246 -0.834743 -381.338824 45.389982 -84.159161
-0.817213 0.185949 0.545514 0.264323 0.962031 0.068045 -0.512149 0.199799 -0.835335 -380.822009 45.441379 -84.955226
-0.817467 0.186063 0.545095 0.264054 0.962138 0.067580 -0.511882 0.199178 -0.835646 -380.273500 45.491128 -85.800060
-0.816991 0.188242 0.545060 0.265824 0.961739 0.066296 -0.511726 0.199054 -0.835771 -379.767995 45.536322 -86.581899
-0.816364 0.189716 0.545489 0.266095 0.961839 0.063711 -0.512586 0.197163 -0.835693 -379.301124 45.576624 -87.304494
-0.815266 0.191786 0.546406 0.266750 0.961872 0.060393 -0.513990 0.194990 -0.835340 -378.855822 45.610883 -87.979782
-0.814264 0.192072 0.547798 0.266611 0.961997 0.058998 -0.515647 0.194089 -0.834528 -378.377154 45.646575 -88.714319
-0.814287 0.190257 0.548397 0.265045 0.962388 0.059667 -0.516418 0.193936 -0.834087 -377.866370 45.687442 -89.495945
-0.814507 0.188632 0.548632 0.263999 0.962594 0.060976 -0.516607 0.194504 -0.833838 -377.407966 45.720934 -90.193260
-0.813881 0.188820 0.549496 0.264339 0.962513 0.060781 -0.517420 0.194722 -0.833283 -376.944433 45.753105 -90.891919
-0.813938 0.189443 0.549195 0.264352 0.962574 0.059748 -0.517322 0.193812 -0.833555 -376.437261 45.790345 -91.661156
-0.813374 0.190468 0.549677 0.264709 0.962573 0.058157 -0.518027 0.192808 -0.833350 -375.884937 45.835220 -92.492993
-0.812568 0.191905 0.550368 0.266114 0.962233 0.057376 -0.518572 0.193082 -0.832948 -375.327314 45.879257 -93.335338
-0.812018 0.192183 0.551082 0.267257 0.961856 0.058367 -0.518845 0.194676 -0.832407 -374.778672 45.922496 -94.166660
-0.811407 0.192440 0.551893 0.267484 0.961822 0.057882 -0.519684 0.194588 -0.831904 -374.226714 45.969802 -94.994824
-0.810873 0.192684 0.552593 0.267486 0.961868 0.057114 -0.520516 0.194122 -0.831492 -373.689673 46.010578 -95.805058
-0.810482 0.191692 0.553510 0.266012 0.962328 0.056236 -0.521878 0.192818 -0.830942 -373.182129 46.045026 -96.561964
-0.809995 0.190832 0.554520 0.264856 0.962685 0.055582 -0.523221 0.191889 -0.830312 -372.709588 46.077414 -97.273108
-0.809774 0.190463 0.554969 0.263586 0.963119 0.054069 -0.524203 0.190065 -0.830112 -372.230972 46.107755 -97.993574
-0.809658 0.190123 0.555254 0.262581 0.963454 0.052994 -0.524886 0.188706 -0.829990 -371.755117 46.139711 -98.709594
-0.809770 0.189111 0.555437 0.261811 0.963630 0.053603 -0.525099 0.188825 -0.829829 -371.233040 46.169945 -99.495930
-0.809545 0.187896 0.556176 0.261464 0.963644 0.055023 -0.525616 0.189963 -0.829241 -370.730793 46.201457 -100.249574
-0.809282 0.188143 0.556475 0.262930 0.963145 0.056743 -0.525290 0.192235 -0.828925 -370.200654 46.238128 -101.047616
-0.809012 0.187229 0.557175 0.263632 0.962802 0.059258 -0.525355 0.194830 -0.828278 -369.695062 46.272023 -101.807115
-0.808577 0.186049 0.558201 0.263518 0.962734 0.060836 -0.526081 0.196287 -0.827472 -369.186386 46.307562 -102.558641
-0.807652 0.185983 0.559561 0.263258 0.962861 0.059949 -0.527630 0.195727 -0.826618 -368.728469 46.337826 -103.235129
-0.806575 0.186778 0.560848 0.263016 0.963075 0.057520 -0.529396 0.193906 -0.825918 -368.268600 46.367629 -103.918804
-0.806358 0.186953 0.561102 0.262629 0.963242 0.056483 -0.529918 0.192907 -0.825817 -367.786967 46.397700 -104.634724
-0.807092 0.186761 0.560110 0.262610 0.963202 0.057244 -0.528808 0.193292 -0.826438 -367.310188 46.430546 -105.348283
-0.809125 0.185227 0.557681 0.260851 0.963610 0.058410 -0.526568 0.192733 -0.827998 -366.858130 46.460576 -106.029109
-0.811023 0.185111 0.554955 0.259390 0.964059 0.057507 -0.524365 0.190589 -0.829890 -366.462866 46.486674 -106.627882
-0.812329 0.185210 0.553009 0.258009 0.964520 0.055966 -0.523023 0.188144 -0.831294 -366.012877 46.520233 -107.302503
-0.813828 0.185853 0.550584 0.258163 0.964475 0.056030 -0.520611 0.187739 -0.832898 -365.521446 46.552284 -108.041736
-0.815331 0.186928 0.547990 0.259050 0.964209 0.056523 -0.517811 0.188041 -0.834573 -365.062055 46.582531 -108.740851
-0.816812 0.188210 0.545339 0.260026 0.963930 0.056792 -0.514980 0.188191 -0.836289 -364.589278 46.614913 -109.464646
-0.818758 0.189285 0.542040 0.261205 0.963534 0.058080 -0.511281 0.189137 -0.838343 -364.152536 46.649866 -110.148235
-0.821377 0.189387 0.538027 0.261509 0.963326 0.060139 -0.506905 0.190096 -0.840780 -363.784252 46.680205 -110.740273
-0.825250 0.187310 0.532802 0.260677 0.963227 0.065129 -0.501010 0.192637 -0.843730 -363.376131 46.714242 -111.398526
-0.829797 0.185913 0.526187 0.259717 0.963198 0.069256 -0.493947 0.194128 -0.847544 -362.976295 46.751375 -112.050432
-0.837180 0.184863 0.514738 0.257483 0.963542 0.072729 -0.482527 0.193424 -0.854257 -362.659453 46.782874 -112.591662
-0.846215 0.184622 0.499835 0.255430 0.963801 0.076444 -0.467628 0.192360 -0.862741 -362.308340 46.819242 -113.205824
-0.855957 0.186193 0.482359 0.254403 0.963833 0.079400 -0.450130 0.190676 -0.872368 -361.970412 46.862137 -113.831251
-0.865028 0.186405 0.465811 0.252800 0.963888 0.083737 -0.433380 0.190192 -0.880914 -361.653434 46.905990 -114.450272
-0.874585 0.184823 0.448266 0.249842 0.964100 0.089949 -0.415548 0.190664 -0.889363 -361.307849 46.954549 -115.158182
-0.882558 0.184633 0.432438 0.248400 0.963950 0.095389 -0.399236 0.191603 -0.896604 -361.000733 47.004950 -115.823463
-0.889285 0.183839 0.418779 0.246844 0.963767 0.101096 -0.385020 0.193277 -0.902443 -360.677925 47.067272 -116.555969
-0.895714 0.183501 0.404998 0.246246 0.963147 0.108215 -0.370215 0.196659 -0.907891 -360.390353 47.131053 -117.234268
-0.905034 0.184642 0.383171 0.245997 0.962134 0.117405 -0.346984 0.200515 -0.916186 -360.164607 47.191448 -117.825805
-0.914331 0.185043 0.360219 0.243824 0.961750 0.124845 -0.323339 0.201979 -0.924476 -359.949781 47.256837 -118.429920
-0.924329 0.186275 0.333042 0.240729 0.961825 0.130161 -0.296082 0.200485 -0.933885 -359.759758 47.325916 -119.037817
-0.933890 0.187418 0.304506 0.236841 0.962246 0.134121 -0.267873 0.197373 -0.943020 -359.600507 47.393559 -119.590427
-0.942699 0.189731 0.274446 0.233801 0.962485 0.137696 -0.238025 0.193972 -0.951693 -359.468330 47.466917 -120.128891
-0.950491 0.192748 0.243751 0.231481 0.962486 0.141553 -0.207323 0.190969 -0.959452 -359.327292 47.545245 -120.736882
-0.958812 0.195022 0.206511 0.227797 0.962252 0.148925 -0.169672 0.189834 -0.967044 -359.217055 47.630042 -121.320747
-0.965125 0.198073 0.171174 0.225266 0.961476 0.157540 -0.133376 0.190606 -0.972564 -359.129872 47.723839 -121.960829
-0.970804 0.199926 0.132550 0.220599 0.961136 0.165991 -0.094212 0.190385 -0.977178 -359.046759 47.842551 -122.686053
-0.975380 0.200918 0.090918 0.214164 0.961330 0.173145 -0.052614 0.188354 -0.980691 -359.002849 47.943205 -123.289803
-0.978385 0.201700 0.045602 0.206657 0.961615 0.180525 -0.007440 0.186047 -0.982513 -358.985933 48.043899 -123.860811
-0.979134 0.203213 0.000859 0.199718 0.961497 0.188777 0.037536 0.185009 -0.982020 -359.003442 48.154152 -124.471222
-0.977717 0.205532 -0.042743 0.193500 0.961282 0.196199 0.081413 0.183556 -0.979632 -359.049539 48.265001 -125.063687
-0.975506 0.205059 -0.079620 0.185558 0.961479 0.202797 0.118139 0.183056 -0.975978 -359.096873 48.380949 -125.680110
-0.971225 0.204837 -0.121510 0.176562 0.961655 0.209869 0.159840 0.182376 -0.970150 -359.178741 48.497582 -126.237949
-0.965046 0.204448 -0.163976 0.167394 0.962253 0.214588 0.201659 0.179639 -0.962841 -359.284989 48.592963 -126.787442
-0.956910 0.203949 -0.206709 0.158121 0.963015 0.218172 0.243560 0.176086 -0.953767 -359.419621 48.690342 -127.401638
-0.947949 0.202903 -0.245404 0.149239 0.963905 0.220488 0.281283 0.172388 -0.944014 -359.583115 48.796988 -127.944740
-0.936843 0.203953 -0.284126 0.141389 0.963882 0.225699 0.319896 0.171272 -0.931843 -359.774777 48.919314 -128.517231
-0.924295 0.204039 -0.322564 0.132897 0.964277 0.229145 0.357795 0.168930 -0.918393 -359.972581 49.044128 -129.056402
-0.910431 0.201055 -0.361514 0.121423 0.965329 0.231075 0.395439 0.166482 -0.903278 -360.195440 49.171092 -129.618230
-0.892011 0.200591 -0.405066 0.110618 0.965764 0.234656 0.438269 0.164509 -0.883661 -360.465825 49.297277 -130.177771
-0.869325 0.201407 -0.451342 0.099705 0.965892 0.238979 0.484079 0.162749 -0.859756 -360.804933 49.430282 -130.784043
-0.846844 0.201698 -0.492111 0.088132 0.965723 0.244154 0.524488 0.163390 -0.835593 -361.152901 49.551212 -131.354661
-0.823780 0.202060 -0.529678 0.077702 0.965750 0.247566 0.561560 0.162783 -0.811266 -361.541738 49.672972 -131.920275
-0.798118 0.202432 -0.567477 0.067186 0.965895 0.250064 0.598744 0.161454 -0.784499 -361.941868 49.786253 -132.463151
-0.772749 0.202836 -0.601429 0.056881 0.965880 0.252665 0.632158 0.161037 -0.757921 -362.378145 49.933035 -133.015245
-0.749174 0.202691 -0.630599 0.047210 0.965948 0.254394 0.660689 0.160814 -0.733232 -362.777821 50.081547 -133.465126
-0.728045 0.203902 -0.654503 0.041121 0.966012 0.255207 0.684295 0.158888 -0.711685 -363.166795 50.218386 -133.860784
-0.707113 0.203329 -0.677236 0.033428 0.966306 0.255215 0.706310 0.157827 -0.690084 -363.559248 50.358125 -134.247401
-0.687586 0.202677 -0.697243 0.025939 0.966497 0.255365 0.725639 0.157500 -0.669807 -364.056631 50.503494 -134.728483
-0.671031 0.201117 -0.713631 0.017721 0.966583 0.255741 0.741217 0.158964 -0.652171 -364.545070 50.638755 -135.176546
-0.655369 0.200148 -0.728308 0.010224 0.966514 0.256410 0.755240 0.160597 -0.635469 -365.062495 50.783357 -135.630868
-0.640402 0.200120 -0.741510 0.004711 0.966463 0.256762 0.768026 0.160937 -0.619867 -365.647299 50.925568 -136.129824
-0.628998 0.199490 -0.751376 0.000398 0.966598 0.256299 0.777407 0.160912 -0.608067 -366.251576 51.073363 -136.624902
-0.616390 0.199387 -0.761780 -0.004499 0.966504 0.256611 0.787428 0.161600 -0.594846 -366.918699 51.232587 -137.163336
-0.605959 0.199205 -0.770150 -0.007419 0.966681 0.255876 0.795461 0.160764 -0.584291 -367.590432 51.391610 -137.680965
-0.596641 0.199210 -0.777390 -0.009077 0.966963 0.254755 0.802457 0.159054 -0.575121 -368.227517 51.568019 -138.158799
-0.587716 0.199281 -0.784141 -0.010964 0.967141 0.254006 0.808993 0.157880 -0.566220 -368.919555 51.773173 -138.659631
-0.582957 0.199711 -0.787576 -0.011954 0.967108 0.254084 0.812415 0.157534 -0.561396 -369.599352 51.951789 -139.154632
-0.579683 0.199413 -0.790065 -0.013138 0.967179 0.253756 0.814736 0.157478 -0.558037 -370.245285 52.092667 -139.630586
-0.577026 0.198280 -0.792292 -0.013088 0.967713 0.251713 0.816621 0.155615 -0.555801 -370.883836 52.255643 -140.095256
-0.576620 0.195820 -0.793198 -0.011205 0.968866 0.247333 0.816935 0.151506 -0.556473 -371.548974 52.441410 -140.567846
-0.576446 0.192708 -0.794087 -0.010076 0.970043 0.242723 0.817073 0.147918 -0.557236 -372.297612 52.640482 -141.099322
-0.575344 0.190636 -0.795385 -0.008827 0.970954 0.239102 0.817864 0.144587 -0.556950 -372.967775 52.812771 -141.574370
-0.575259 0.188876 -0.795866 -0.008234 0.971589 0.236530 0.817930 0.142619 -0.557360 -373.627496 52.977343 -142.043082
-0.575338 0.187551 -0.796122 -0.010229 0.971629 0.236290 0.817852 0.144090 -0.557096 -374.357425 53.151033 -142.560914
-0.574702 0.187429 -0.796610 -0.010653 0.971624 0.236293 0.818294 0.144284 -0.556397 -375.137768 53.334555 -143.108056
-0.571575 0.187268 -0.798894 -0.011868 0.971621 0.236247 0.820464 0.144514 -0.553132 -375.955112 53.531072 -143.675934
-0.569264 0.187700 -0.800442 -0.012293 0.971538 0.236564 0.822063 0.144507 -0.550754 -376.800854 53.728739 -144.264714
-0.567433 0.187859 -0.801704 -0.013509 0.971372 0.237178 0.823309 0.145413 -0.548651 -377.639104 53.919499 -144.843761
-0.564580 0.186834 -0.803954 -0.014525 0.971643 0.236005 0.825250 0.144921 -0.545857 -378.411547 54.083193 -145.377375
-0.563164 0.184719 -0.805435 -0.014535 0.972330 0.233158 0.826217 0.143013 -0.544897 -379.078350 54.229821 -145.833509
-0.561508 0.182580 -0.807077 -0.013651 0.973177 0.229653 0.827359 0.139969 -0.543954 -379.718654 54.379859 -146.261712
-0.559967 0.180809 -0.808545 -0.015229 0.973486 0.228241 0.828375 0.140121 -0.542366 -380.346425 54.514895 -146.691446
-0.555553 0.179711 -0.811828 -0.018066 0.973524 0.227868 0.831285 0.141259 -0.537598 -381.015837 54.642086 -147.144671
-0.554093 0.177374 -0.813339 -0.018802 0.974120 0.225247 0.832243 0.140101 -0.536418 -381.688684 54.789236 -147.600486
-0.552610 0.176327 -0.814574 -0.018948 0.974453 0.223790 0.833225 0.139103 -0.535152 -382.485580 54.971347 -148.132543
-0.551254 0.176192 -0.815522 -0.019266 0.974499 0.223562 0.834115 0.138951 -0.533802 -383.300407 55.156252 -148.674165
-0.548991 0.176307 -0.817022 -0.019641 0.974509 0.223489 0.835598 0.138741 -0.531533 -384.200638 55.365263 -149.263468
-0.546983 0.177054 -0.818206 -0.020142 0.974312 0.224300 0.836901 0.139168 -0.529366 -385.091784 55.556972 -149.847731
-0.544283 0.177868 -0.819828 -0.021617 0.973966 0.225661 0.838623 0.140546 -0.526269 -386.003707 55.734834 -150.451418
-0.540690 0.177717 -0.822235 -0.023203 0.973907 0.225758 0.840902 0.141143 -0.522459 -386.857779 55.923823 -151.010102
-0.539468 0.176532 -0.823293 -0.024316 0.974101 0.224802 0.841655 0.141292 -0.521204 -387.705779 56.125916 -151.560782
-0.540145 0.174339 -0.823316 -0.025399 0.974485 0.223013 0.841189 0.141371 -0.521935 -388.568891 56.324955 -152.125173
-0.539440 0.173002 -0.824060 -0.027438 0.974534 0.222554 0.841577 0.142665 -0.520956 -389.421719 56.522473 -152.675950
-0.537375 0.173003 -0.825408 -0.028398 0.974466 0.222733 0.842865 0.143131 -0.518741 -390.281739 56.713118 -153.228933
-0.534387 0.173340 -0.827275 -0.029268 0.974364 0.223066 0.844733 0.143417 -0.515614 -391.143638 56.917460 -153.777679
-0.527345 0.171997 -0.832060 -0.031621 0.974645 0.221512 0.849063 0.143124 -0.508535 -391.940487 57.105554 -154.267059
-0.522123 0.168546 -0.836050 -0.032401 0.975651 0.216924 0.852255 0.140350 -0.503948 -392.711402 57.268414 -154.731728
-0.518373 0.162601 -0.839554 -0.032502 0.977301 0.209348 0.854537 0.135808 -0.501321 -393.503987 57.423715 -155.210528
-0.516120 0.157555 -0.841901 -0.032653 0.978602 0.203155 0.855894 0.132343 -0.499931 -394.222105 57.569328 -155.650394
-0.513053 0.156926 -0.843890 -0.032050 0.978958 0.201528 0.857758 0.130442 -0.497228 -394.930134 57.707205 -156.073057
-0.509390 0.159214 -0.845679 -0.033625 0.978302 0.204437 0.859878 0.132574 -0.492984 -395.701616 57.841368 -156.542579
-0.500994 0.161120 -0.850321 -0.037303 0.977585 0.207212 0.864646 0.135531 -0.483754 -396.443753 57.952604 -156.984143
-0.489812 0.160661 -0.856897 -0.040291 0.977652 0.206332 0.870897 0.135589 -0.472392 -397.206821 58.091272 -157.422334
-0.479656 0.159675 -0.862806 -0.042408 0.977936 0.204557 0.876431 0.134706 -0.462301 -397.933659 58.244008 -157.825953
-0.466481 0.160446 -0.869858 -0.045719 0.977723 0.204860 0.883349 0.135332 -0.448754 -398.618880 58.373903 -158.185688
-0.450167 0.161211 -0.878272 -0.050530 0.977393 0.205305 0.891514 0.136800 -0.431844 -399.369105 58.503228 -158.567405
-0.428576 0.161757 -0.888908 -0.055368 0.977292 0.204536 0.901807 0.136876 -0.409888 -400.129352 58.629479 -158.933834
-0.405304 0.159611 -0.900140 -0.061054 0.977716 0.200857 0.912141 0.136365 -0.386528 -400.859701 58.743985 -159.261222
-0.377080 0.157324 -0.912721 -0.065860 0.978418 0.195858 0.923836 0.133966 -0.358581 -401.569870 58.844108 -159.543990
-0.347043 0.153955 -0.925127 -0.070615 0.979345 0.189467 0.935187 0.131081 -0.329003 -402.200596 58.939044 -159.761388
-0.314311 0.151136 -0.937212 -0.078214 0.979767 0.184229 0.946092 0.131208 -0.296131 -402.868616 59.047133 -159.974622
-0.277557 0.150128 -0.948907 -0.084059 0.980132 0.179655 0.957025 0.129629 -0.259423 -403.536595 59.137791 -160.158603
-0.239963 0.147956 -0.959441 -0.090077 0.980660 0.173757 0.966594 0.128119 -0.221995 -404.244606 59.233610 -160.323005
-0.205877 0.147024 -0.967470 -0.096072 0.980837 0.169499 0.973851 0.127842 -0.187807 -404.881935 59.335843 -160.434760
-0.171556 0.147052 -0.974138 -0.103269 0.980666 0.166224 0.979747 0.129115 -0.153053 -405.509032 59.405205 -160.530920
-0.131827 0.147043 -0.980306 -0.111688 0.980436 0.162082 0.984961 0.130855 -0.112825 -406.208032 59.463991 -160.622653
-0.089110 0.147398 -0.985055 -0.118535 0.980392 0.157423 0.988943 0.130791 -0.069891 -406.914830 59.523407 -160.687067
-0.047998 0.146177 -0.988093 -0.125165 0.980556 0.151142 0.990974 0.130929 -0.028768 -407.651656 59.585055 -160.725660
-0.010259 0.140222 -0.990067 -0.129586 0.981583 0.140363 0.991515 0.129739 0.008101 -408.331854 59.632591 -160.731177
0.026980 0.136103 -0.990327 -0.134647 0.982155 0.131311 0.990526 0.129802 0.044825 -409.070094 59.681243 -160.719343
0.069542 0.133484 -0.988608 -0.140931 0.982383 0.122730 0.987574 0.130791 0.087129 -409.719075 59.704486 -160.676329
0.118488 0.132489 -0.984077 -0.146635 0.982527 0.114625 0.982069 0.130718 0.135845 -410.360077 59.722490 -160.591019
0.166202 0.132840 -0.977103 -0.153332 0.982314 0.107467 0.974098 0.131960 0.183631 -410.992864 59.752805 -160.494799
0.209414 0.133983 -0.968604 -0.157980 0.982190 0.101707 0.964981 0.131722 0.226851 -411.634100 59.785617 -160.349478
0.253329 0.133753 -0.958089 -0.163280 0.982098 0.093931 0.953501 0.132641 0.270633 -412.299230 59.820285 -160.172092
0.291529 0.131886 -0.947427 -0.165828 0.982421 0.085732 0.942079 0.132116 0.308274 -412.975509 59.847670 -159.964341
0.327821 0.129650 -0.935801 -0.168261 0.982714 0.077205 0.929635 0.132150 0.343970 -413.694575 59.860893 -159.711413
0.361340 0.126792 -0.923773 -0.168569 0.983270 0.069021 0.917070 0.130780 0.376668 -414.442698 59.869634 -159.412866
0.388375 0.124926 -0.912994 -0.169161 0.983597 0.062627 0.905842 0.130120 0.403137 -415.078698 59.877009 -159.131264
0.412850 0.122377 -0.902540 -0.169022 0.984014 0.056108 0.894978 0.129384 0.426935 -415.719552 59.880019 -158.830418
0.434845 0.119662 -0.892519 -0.170466 0.984150 0.048894 0.884223 0.130883 0.448351 -416.344996 59.882255 -158.526698
0.456750 0.117071 -0.881858 -0.171083 0.984358 0.042068 0.872989 0.131656 0.469635 -416.994220 59.880106 -158.188298
0.472227 0.114499 -0.874009 -0.170867 0.984612 0.036670 0.864758 0.132023 0.484525 -417.677155 59.873836 -157.827982
0.485029 0.113920 -0.867046 -0.170402 0.984786 0.034066 0.857736 0.131223 0.497062 -418.482976 59.869322 -157.379533
0.494376 0.114119 -0.861725 -0.170429 0.984829 0.032646 0.852377 0.130723 0.506325 -419.286392 59.865750 -156.925593
0.500954 0.113480 -0.858002 -0.169560 0.985023 0.031281 0.848702 0.129813 0.512693 -420.074263 59.861623 -156.463723
0.506373 0.111627 -0.855059 -0.169515 0.985123 0.028219 0.845489 0.130656 0.517762 -420.834259 59.858199 -156.014162
0.511638 0.106744 -0.852545 -0.168125 0.985509 0.022496 0.842592 0.131824 0.522170 -421.572544 59.852298 -155.565110
0.513000 0.103399 -0.852138 -0.168081 0.985601 0.018407 0.841772 0.133785 0.522993 -422.401597 59.845252 -155.073450
0.513595 0.102758 -0.851857 -0.168846 0.985494 0.017079 0.841256 0.135061 0.523495 -423.214031 59.835549 -154.594683
0.512798 0.102778 -0.852335 -0.170053 0.985297 0.016500 0.841499 0.136481 0.522736 -424.038681 59.822805 -154.108520
0.511408 0.103487 -0.853084 -0.172009 0.984959 0.016368 0.841947 0.138367 0.521517 -424.849177 59.807059 -153.630247
0.508948 0.103323 -0.854574 -0.173000 0.984791 0.016036 0.843234 0.139679 0.519083 -425.679413 59.793976 -153.139660
0.506298 0.104010 -0.856063 -0.174033 0.984598 0.016700 0.844615 0.140528 0.516601 -426.465481 59.781832 -152.677696
0.503095 0.103047 -0.858066 -0.174179 0.984582 0.016117 0.846497 0.141348 0.513287 -427.207889 59.770572 -152.244634
0.499185 0.101435 -0.860538 -0.174644 0.984521 0.014741 0.848713 0.142929 0.509174 -427.978048 59.754888 -151.804613
0.495244 0.100392 -0.862934 -0.175371 0.984405 0.013876 0.850869 0.144462 0.505126 -428.776568 59.736536 -151.348558
0.490377 0.100907 -0.865649 -0.176881 0.984125 0.014517 0.853372 0.145998 0.500441 -429.583545 59.722248 -150.897973
0.486543 0.100882 -0.867812 -0.178515 0.983833 0.014284 0.855224 0.147968 0.496687 -430.380148 59.708378 -150.458284
0.483638 0.099865 -0.869553 -0.179758 0.983625 0.012987 0.856611 0.150028 0.493670 -431.188004 59.692233 -150.014299
0.481299 0.098262 -0.871032 -0.181182 0.983390 0.010823 0.857627 0.152606 0.491108 -431.950135 59.677123 -149.599529
0.479133 0.095842 -0.872494 -0.181738 0.983313 0.008213 0.858722 0.154630 0.488555 -432.772614 59.661266 -149.153743
0.477561 0.093810 -0.873576 -0.182191 0.983245 0.005988 0.859501 0.156298 0.486650 -433.564246 59.643728 -148.725160
0.475405 0.092403 -0.874901 -0.183205 0.983065 0.004276 0.860480 0.158254 0.484283 -434.401704 59.625644 -148.277505
0.473156 0.090088 -0.876361 -0.183672 0.982986 0.001883 0.861620 0.160072 0.481652 -435.310996 59.597609 -147.798737
0.471101 0.087616 -0.877717 -0.183831 0.982958 -0.000546 0.862711 0.161609 0.479179 -436.205774 59.569103 -147.328610
0.469051 0.086094 -0.878965 -0.183899 0.982943 -0.001858 0.863812 0.162512 0.476883 -437.142611 59.532056 -146.841442
0.467906 0.084170 -0.879761 -0.184013 0.982916 -0.003829 0.864409 0.163679 0.475401 -438.090520 59.494440 -146.350291
0.466875 0.082860 -0.880433 -0.184001 0.982913 -0.005067 0.864969 0.164366 0.474144 -439.004872 59.455890 -145.874106
0.464846 0.082239 -0.881564 -0.184243 0.982865 -0.005462 0.866010 0.164961 0.472033 -439.967100 59.416509 -145.375747
0.462911 0.081322 -0.882667 -0.184221 0.982866 -0.006061 0.867050 0.165412 0.469961 -440.900058 59.380802 -144.894228
0.460920 0.078810 -0.883936 -0.183832 0.982923 -0.008222 0.868193 0.166285 0.467536 -441.796252 59.343537 -144.432409
0.458876 0.073005 -0.885496 -0.183210 0.982976 -0.013900 0.869406 0.168610 0.464439 -442.604582 59.309291 -144.026104
0.455728 0.066111 -0.887660 -0.182936 0.982907 -0.020715 0.871118 0.171826 0.460033 -443.413244 59.272057 -143.619873
0.454308 0.062682 -0.888637 -0.183999 0.982615 -0.024757 0.871635 0.174756 0.457943 -444.257702 59.216880 -143.205733
0.454658 0.062090 -0.888499 -0.186154 0.982160 -0.026623 0.870995 0.177502 0.458105 -445.185676 59.147692 -142.755564
0.455975 0.063359 -0.887735 -0.188602 0.981688 -0.026809 0.869779 0.179653 0.459574 -446.047100 59.072872 -142.336966
0.458093 0.064687 -0.886548 -0.190793 0.981259 -0.026988 0.868187 0.181510 0.461849 -446.904595 59.003519 -141.912120
0.457621 0.064229 -0.886824 -0.192127 0.980968 -0.028094 0.868142 0.183239 0.461252 -447.746495 58.950774 -141.490395
0.458141 0.061659 -0.886738 -0.192858 0.980723 -0.031448 0.867705 0.185422 0.461201 -448.569968 58.891843 -141.087031
0.460929 0.059916 -0.885412 -0.193983 0.980393 -0.034641 0.865976 0.187722 0.463515 -449.426043 58.835196 -140.652255
0.463568 0.059702 -0.884048 -0.194286 0.980296 -0.035676 0.864498 0.188296 0.466033 -450.296042 58.783714 -140.208558
0.465297 0.058257 -0.883235 -0.193302 0.980435 -0.037165 0.863790 0.188024 0.467455 -451.159170 58.717348 -139.768951
0.469910 0.056598 -0.880898 -0.192834 0.980421 -0.039874 0.861394 0.188604 0.471623 -451.965836 58.646908 -139.352726
0.472891 0.056215 -0.879326 -0.191751 0.980610 -0.040431 0.860003 0.187731 0.474502 -452.813819 58.578016 -138.908451
0.476128 0.054494 -0.877686 -0.189434 0.981001 -0.041856 0.858730 0.186192 0.477405 -453.767199 58.498526 -138.394835
0.477220 0.052997 -0.877184 -0.188101 0.981206 -0.043052 0.858417 0.185545 0.478220 -454.656419 58.424083 -137.918936
0.479547 0.048771 -0.876160 -0.185675 0.981487 -0.046991 0.857648 0.185215 0.479725 -455.426129 58.351341 -137.507751
0.481191 0.042964 -0.875562 -0.183807 0.981540 -0.052852 0.857129 0.186367 0.480206 -456.170990 58.273385 -137.109633
0.483058 0.040160 -0.874667 -0.183403 0.981428 -0.056227 0.856165 0.187578 0.481452 -456.985952 58.201217 -136.669405
0.483167 0.040982 -0.874569 -0.181509 0.981891 -0.054266 0.856507 0.184961 0.481856 -457.866322 58.112768 -136.192125
0.480970 0.044506 -0.875607 -0.181984 0.982027 -0.050049 0.857642 0.183419 0.480424 -458.785909 58.018907 -135.706967
0.475212 0.045170 -0.878711 -0.181664 0.982200 -0.047755 0.860913 0.182324 0.474960 -459.686231 57.933832 -135.231632
0.469827 0.040659 -0.881822 -0.180703 0.982215 -0.050989 0.864066 0.183304 0.468818 -460.459747 57.858386 -134.829629
0.467003 0.034968 -0.883564 -0.179294 0.982206 -0.055894 0.865888 0.184521 0.464963 -461.208193 57.773100 -134.443435
0.462823 0.030666 -0.885920 -0.179265 0.981990 -0.059661 0.868135 0.186426 0.459985 -462.021216 57.682021 -134.038199
0.457684 0.028090 -0.888671 -0.178150 0.982129 -0.060707 0.871084 0.186101 0.454509 -462.863990 57.580159 -133.627714
0.454154 0.028408 -0.890470 -0.178636 0.982098 -0.059776 0.872830 0.186218 0.451099 -463.737859 57.475120 -133.212182
0.448329 0.028642 -0.893410 -0.178940 0.982131 -0.058309 0.875775 0.186008 0.445442 -464.605396 57.387804 -132.800854
0.439483 0.026651 -0.897856 -0.179518 0.982001 -0.058722 0.880130 0.186989 0.436356 -465.439739 57.312700 -132.413981
0.433127 0.022888 -0.901042 -0.179421 0.981860 -0.061306 0.883294 0.188220 0.429377 -466.239018 57.247491 -132.038462
0.427745 0.020254 -0.903673 -0.178944 0.981860 -0.062695 0.886010 0.188525 0.423609 -466.994541 57.191039 -131.697135
0.420137 0.020739 -0.907224 -0.179221 0.981944 -0.060551 0.889587 0.188033 0.416268 -467.797348 57.121580 -131.342197
0.407475 0.021203 -0.912970 -0.179107 0.982169 -0.057129 0.895480 0.186798 0.404007 -468.619779 57.044422 -130.992366
0.395969 0.020200 -0.918042 -0.179321 0.982211 -0.055733 0.900584 0.186693 0.392548 -469.459550 56.959651 -130.650643
0.385245 0.018487 -0.922629 -0.179093 0.982288 -0.055098 0.905269 0.186463 0.381732 -470.263113 56.875315 -130.332153
0.373997 0.017340 -0.927268 -0.178315 0.982515 -0.053547 0.910127 0.185372 0.370550 -471.026001 56.802486 -130.037382
0.367485 0.018754 -0.929840 -0.178019 0.982729 -0.050535 0.912833 0.184100 0.364476 -471.881153 56.733584 -129.707136
0.363036 0.019387 -0.931574 -0.178122 0.982790 -0.048962 0.914592 0.183708 0.360241 -472.661999 56.674950 -129.408618
0.358494 0.020825 -0.933300 -0.179362 0.982661 -0.046969 0.916140 0.184237 0.356013 -473.406140 56.618933 -129.129142
0.355481 0.020023 -0.934469 -0.180302 0.982462 -0.047537 0.917128 0.185385 0.352857 -474.104362 56.568175 -128.869672
0.352890 0.017850 -0.935494 -0.179700 0.982498 -0.049040 0.918246 0.185414 0.349922 -474.856798 56.517445 -128.594601
0.350040 0.016411 -0.936591 -0.179919 0.982408 -0.050029 0.919294 0.186023 0.346835 -475.695306 56.458573 -128.293971
0.347038 0.016979 -0.937697 -0.179740 0.982506 -0.048731 0.920466 0.185453 0.344019 -476.572549 56.395846 -127.976815
0.344383 0.020375 -0.938608 -0.180831 0.982483 -0.045021 0.921250 0.185234 0.342035 -477.444550 56.334492 -127.667003
0.342995 0.022297 -0.939072 -0.181347 0.982483 -0.042910 0.921666 0.185016 0.341030 -478.300453 56.276038 -127.362270
0.341825 0.023550 -0.939468 -0.181525 0.982514 -0.041418 0.922065 0.184694 0.340123 -479.145411 56.220376 -127.059628
0.341925 0.022523 -0.939457 -0.180245 0.982723 -0.042042 0.922279 0.183708 0.340078 -479.981124 56.166688 -126.755912
0.340881 0.019818 -0.939898 -0.178394 0.982976 -0.043974 0.923025 0.182662 0.338613 -480.782307 56.115337 -126.464184
0.339826 0.017857 -0.940319 -0.177773 0.983016 -0.045578 0.923534 0.182652 0.337229 -481.669090 56.056129 -126.147926
0.339631 0.016244 -0.940418 -0.176853 0.983120 -0.046888 0.923782 0.182241 0.336771 -482.572472 56.001245 -125.825925
0.339731 0.015146 -0.940401 -0.177504 0.982934 -0.048295 0.923621 0.183332 0.336622 -483.445082 55.943139 -125.518477
0.340030 0.014200 -0.940307 -0.178055 0.982772 -0.049546 0.923404 0.184274 0.336701 -484.384089 55.876121 -125.187396
0.341673 0.013973 -0.939715 -0.178996 0.982554 -0.050472 0.922616 0.185450 0.338213 -485.261438 55.813569 -124.874161
0.342435 0.013224 -0.939448 -0.177532 0.982799 -0.050878 0.922616 0.184205 0.338893 -486.132346 55.756294 -124.562181
0.342633 0.011989 -0.939393 -0.176149 0.983005 -0.051703 0.922808 0.183188 0.338921 -487.059888 55.696887 -124.233696
0.341753 0.009666 -0.939740 -0.174318 0.983247 -0.053280 0.923481 0.182022 0.337713 -487.989315 55.633567 -123.905811
0.340977 0.007195 -0.940044 -0.172653 0.983441 -0.055099 0.924081 0.181088 0.336573 -488.924444 55.568298 -123.574847
0.340272 0.003498 -0.940321 -0.170984 0.983553 -0.058215 0.924651 0.180588 0.335273 -489.884626 55.498809 -123.236672
0.339188 0.000352 -0.940718 -0.169250 0.983705 -0.060657 0.925368 0.179791 0.333721 -490.856879 55.429261 -122.902135
0.337610 -0.001308 -0.941285 -0.168381 0.983785 -0.061760 0.926103 0.179345 0.331916 -491.775232 55.353790 -122.585227
0.337056 -0.002967 -0.941480 -0.167736 0.983807 -0.063151 0.926422 0.179206 0.331100 -492.715710 55.272499 -122.259079
0.337971 -0.006631 -0.941133 -0.166320 0.983816 -0.066659 0.926344 0.179058 0.331399 -493.590938 55.200683 -121.953956
0.341501 -0.009859 -0.939830 -0.166151 0.983563 -0.070691 0.925079 0.180295 0.334250 -494.456598 55.127621 -121.649328
0.344773 -0.012878 -0.938598 -0.165229 0.983461 -0.074187 0.924030 0.180661 0.336943 -495.355806 55.047010 -121.325575
0.347771 -0.013879 -0.937477 -0.164877 0.983403 -0.075723 0.922968 0.180903 0.339711 -496.339742 54.957134 -120.975463
0.350620 -0.013951 -0.936414 -0.163427 0.983636 -0.075846 0.922148 0.179629 0.342602 -497.327756 54.856901 -120.617801
0.353099 -0.013593 -0.935487 -0.163151 0.983679 -0.075874 0.921250 0.179417 0.345119 -498.284232 54.757893 -120.270441
0.355677 -0.013423 -0.934513 -0.161720 0.983930 -0.075684 0.920511 0.178048 0.347790 -499.202245 54.659817 -119.927404
0.356611 -0.013764 -0.934152 -0.160209 0.984179 -0.075661 0.920414 0.176641 0.348764 -499.991309 54.582444 -119.633832
0.358101 -0.013706 -0.933582 -0.159385 0.984318 -0.075587 0.919978 0.175867 0.350301 -500.848451 54.501221 -119.312796
0.360875 -0.015034 -0.932493 -0.157920 0.984446 -0.076987 0.919147 0.175041 0.352888 -501.627881 54.419515 -119.023700
0.363105 -0.018094 -0.931573 -0.155338 0.984643 -0.079672 0.918708 0.173638 0.354718 -502.431997 54.336568 -118.719926
0.365540 -0.021550 -0.930546 -0.152091 0.984913 -0.082553 0.918286 0.171705 0.356747 -503.273764 54.246259 -118.393531
0.366167 -0.025200 -0.930208 -0.149218 0.985107 -0.085426 0.918507 0.170084 0.356954 -504.141860 54.146663 -118.060228
0.366343 -0.027014 -0.930088 -0.147090 0.985329 -0.086554 0.918780 0.168515 0.356995 -504.983508 54.051914 -117.736770
0.366490 -0.026807 -0.930036 -0.146041 0.985537 -0.085955 0.918889 0.167325 0.357275 -505.793034 53.963659 -117.432521
0.366458 -0.026592 -0.930055 -0.145776 0.985606 -0.085618 0.918944 0.166955 0.357307 -506.603494 53.875389 -117.126975
0.367621 -0.026613 -0.929595 -0.146681 0.985419 -0.086218 0.918335 0.168049 0.358357 -507.402858 53.783886 -116.826496
0.368696 -0.027700 -0.929137 -0.148142 0.985030 -0.088151 0.917670 0.170145 0.359073 -508.126743 53.700595 -116.556310
0.369133 -0.028664 -0.928934 -0.149214 0.984730 -0.089679 0.917320 0.171714 0.359219 -508.855367 53.619325 -116.287703
0.368911 -0.029534 -0.928995 -0.148124 0.984853 -0.090131 0.917586 0.170857 0.358948 -509.741769 53.520773 -115.959753
0.368631 -0.030708 -0.929068 -0.146279 0.985086 -0.090600 0.917994 0.169301 0.358641 -510.584438 53.428917 -115.642595
0.368479 -0.031387 -0.929106 -0.144951 0.985266 -0.090770 0.918266 0.168121 0.358500 -511.504659 53.321639 -115.294853
0.368795 -0.030541 -0.929009 -0.144048 0.985508 -0.089582 0.918281 0.166859 0.359051 -512.424526 53.219497 -114.949275
0.368641 -0.029438 -0.929106 -0.143892 0.985644 -0.088321 0.918368 0.166250 0.359113 -513.361680 53.112254 -114.594214
0.369005 -0.026854 -0.929039 -0.145311 0.985623 -0.086205 0.917998 0.166810 0.359798 -514.215883 53.023527 -114.274908
0.369518 -0.025738 -0.928867 -0.145555 0.985673 -0.085217 0.917753 0.166691 0.360478 -515.028009 52.936052 -113.971620
0.371128 -0.026355 -0.928208 -0.144335 0.985811 -0.085701 0.917296 0.165779 0.362058 -515.745377 52.858734 -113.695893
0.371587 -0.027277 -0.927997 -0.143556 0.985858 -0.086460 0.917232 0.165348 0.362417 -516.448858 52.778218 -113.429075
0.372261 -0.028124 -0.927702 -0.143668 0.985747 -0.087534 0.916941 0.165867 0.362915 -517.149666 52.698271 -113.163387
0.373143 -0.028269 -0.927343 -0.144245 0.985614 -0.088086 0.916492 0.166633 0.363697 -517.866700 52.615271 -112.893078
0.373660 -0.027826 -0.927148 -0.145075 0.985495 -0.088046 0.916150 0.167405 0.364203 -518.586117 52.532130 -112.625523
0.374639 -0.028302 -0.926739 -0.144680 0.985505 -0.088585 0.915813 0.167268 0.365114 -519.369264 52.444175 -112.319801
0.375403 -0.029688 -0.926386 -0.144276 0.985432 -0.090046 0.915564 0.167458 0.365651 -520.100308 52.359089 -112.035718
0.376246 -0.031604 -0.925981 -0.143694 0.985335 -0.092015 0.915309 0.167678 0.366187 -520.854063 52.275102 -111.744992
0.376814 -0.032675 -0.925712 -0.143498 0.985253 -0.093188 0.915106 0.167953 0.366568 -521.488887 52.195692 -111.498392
0.376921 -0.033769 -0.925630 -0.143132 0.985208 -0.094226 0.915119 0.168003 0.366512 -522.185634 52.112030 -111.230821
0.376942 -0.034470 -0.925595 -0.143486 0.985071 -0.095118 0.915056 0.168664 0.366368 -522.869813 52.026641 -110.967153
0.376361 -0.035337 -0.925799 -0.144499 0.984805 -0.096332 0.915135 0.170033 0.365536 -523.517582 51.947342 -110.716013
0.375166 -0.035678 -0.926271 -0.144790 0.984738 -0.096574 0.915580 0.170346 0.364274 -524.137187 51.865781 -110.473150
0.374313 -0.036706 -0.926575 -0.144429 0.984714 -0.097355 0.915986 0.170266 0.363290 -524.773299 51.783015 -110.225469
0.373488 -0.037841 -0.926863 -0.144560 0.984586 -0.098450 0.916302 0.170758 0.362261 -525.428148 51.697648 -109.971151
0.372972 -0.038520 -0.927043 -0.144708 0.984497 -0.099127 0.916489 0.171122 0.361615 -526.077537 51.617698 -109.719848
0.373090 -0.039583 -0.926951 -0.143904 0.984530 -0.099962 0.916567 0.170686 0.361622 -526.655500 51.546534 -109.491697
0.372268 -0.040522 -0.927240 -0.143359 0.984546 -0.100582 0.916987 0.170372 0.360706 -527.295311 51.471402 -109.247783
0.371391 -0.040964 -0.927573 -0.143930 0.984410 -0.101102 0.917253 0.171054 0.359705 -527.904805 51.403731 -109.014890
0.370615 -0.041327 -0.927867 -0.144185 0.984338 -0.101433 0.917527 0.171377 0.358851 -528.513812 51.328225 -108.781738
0.369380 -0.042150 -0.928322 -0.144038 0.984301 -0.102005 0.918048 0.171392 0.357510 -529.146751 51.246825 -108.540206
0.368800 -0.043196 -0.928505 -0.144332 0.984142 -0.103112 0.918235 0.172041 0.356717 -529.766718 51.168641 -108.305480
0.369004 -0.044167 -0.928378 -0.144590 0.983981 -0.104283 0.918112 0.172715 0.356707 -530.369131 51.090056 -108.078792
0.368890 -0.045166 -0.928375 -0.144707 0.983849 -0.105364 0.918140 0.173210 0.356396 -530.932713 51.016617 -107.861728
0.368348 -0.046292 -0.928535 -0.144504 0.983770 -0.106371 0.918389 0.173359 0.355680 -531.548815 50.935677 -107.626699
0.367824 -0.048139 -0.928649 -0.144739 0.983524 -0.108313 0.918562 0.174252 0.354796 -532.161529 50.855155 -107.395761
0.368897 -0.048987 -0.928178 -0.145194 0.983314 -0.109604 0.918060 0.175198 0.355629 -532.740110 50.777629 -107.174897
0.369093 -0.050052 -0.928044 -0.144558 0.983304 -0.110525 0.918081 0.174950 0.355696 -533.398040 50.686220 -106.924171
0.368348 -0.050865 -0.928295 -0.143974 0.983335 -0.111009 0.918472 0.174540 0.354887 -534.076015 50.587806 -106.671323
0.368132 -0.050230 -0.928416 -0.143860 0.983437 -0.110250 0.918577 0.174149 0.354808 -534.768568 50.491761 -106.408305
0.367959 -0.049892 -0.928503 -0.143037 0.983637 -0.109539 0.918775 0.173116 0.354801 -535.436523 50.399513 -106.154684
0.368437 -0.049610 -0.928328 -0.142235 0.983810 -0.109025 0.918707 0.172210 0.355416 -536.135982 50.300599 -105.892179
0.368530 -0.049377 -0.928304 -0.141931 0.983893 -0.108679 0.918717 0.171806 0.355585 -536.807168 50.212150 -105.638380
0.368830 -0.049829 -0.928160 -0.140733 0.984056 -0.108753 0.918781 0.170734 0.355937 -537.460649 50.124884 -105.382321
0.369929 -0.050203 -0.927703 -0.140405 0.984049 -0.109240 0.918389 0.170665 0.356980 -538.117330 50.040128 -105.128753
0.370719 -0.050435 -0.927374 -0.139882 0.984102 -0.109438 0.918150 0.170294 0.357771 -538.738146 49.958006 -104.892988
0.371120 -0.050225 -0.927226 -0.140140 0.984070 -0.109395 0.917949 0.170540 0.358169 -539.431263 49.866831 -104.633001
0.371453 -0.050491 -0.927078 -0.140214 0.984017 -0.109771 0.917803 0.170764 0.358437 -540.094551 49.780136 -104.382530
0.371887 -0.051576 -0.926844 -0.139559 0.984001 -0.110754 0.917727 0.170537 0.358739 -540.607281 49.710823 -104.185953
0.372763 -0.054734 -0.926311 -0.139150 0.983674 -0.114120 0.917434 0.171436 0.359061 -541.138211 49.644464 -103.978412
0.373477 -0.058707 -0.925780 -0.138550 0.983271 -0.118246 0.917234 0.172429 0.359095 -541.774313 49.558173 -103.732168
0.374618 -0.061779 -0.925119 -0.138109 0.982928 -0.121566 0.916835 0.173308 0.359690 -542.357002 49.474309 -103.502324
0.374864 -0.064705 -0.924819 -0.136785 0.982783 -0.124205 0.916933 0.173061 0.359560 -542.984561 49.382477 -103.254705
0.375826 -0.065921 -0.924342 -0.135774 0.982785 -0.125293 0.916690 0.172590 0.360406 -543.637067 49.287024 -103.004819
0.377316 -0.065550 -0.923762 -0.136811 0.982601 -0.125607 0.915923 0.173775 0.361784 -544.345356 49.184054 -102.730522
0.377636 -0.064965 -0.923672 -0.137232 0.982593 -0.125215 0.915728 0.174044 0.362147 -545.062719 49.082332 -102.451033
0.378298 -0.064280 -0.923449 -0.137442 0.982629 -0.124703 0.915424 0.174096 0.362892 -545.726682 48.986175 -102.189001
0.377412 -0.064867 -0.923771 -0.136769 0.982700 -0.124882 0.915890 0.173475 0.362011 -546.470792 48.874238 -101.900352
0.376647 -0.066227 -0.923986 -0.137060 0.982479 -0.126289 0.916161 0.174209 0.360971 -547.180059 48.768791 -101.629693
0.376372 -0.068584 -0.923927 -0.137590 0.982060 -0.128948 0.916195 0.175656 0.360183 -547.885343 48.663056 -101.361730
0.376552 -0.070435 -0.923714 -0.138124 0.981692 -0.131162 0.916041 0.176976 0.359929 -548.511582 48.569682 -101.126144
0.376872 -0.071846 -0.923475 -0.139379 0.981237 -0.133220 0.915719 0.178920 0.359787 -549.090107 48.479299 -100.913271
0.377883 -0.073184 -0.922956 -0.140202 0.980852 -0.135178 0.915176 0.180482 0.360387 -549.786487 48.364820 -100.651605
0.379595 -0.074461 -0.922151 -0.139791 0.980695 -0.136732 0.914531 0.180812 0.361858 -550.445427 48.254688 -100.408398
0.380313 -0.074235 -0.921874 -0.139839 0.980698 -0.136662 0.914225 0.180888 0.362591 -551.159893 48.135760 -100.142024
0.381075 -0.074230 -0.921560 -0.139198 0.980803 -0.136562 0.914006 0.180319 0.363427 -551.879264 48.010341 -99.870903
0.383680 -0.074480 -0.920458 -0.138290 0.980869 -0.137013 0.913053 0.179859 0.366039 -552.505086 47.900229 -99.634375
0.384008 -0.074202 -0.920343 -0.137424 0.981071 -0.136437 0.913046 0.178870 0.366542 -553.107914 47.796900 -99.409512
0.384291 -0.073253 -0.920301 -0.136622 0.981359 -0.135163 0.913047 0.177675 0.367119 -553.678817 47.695809 -99.197177
0.385231 -0.071548 -0.920042 -0.136060 0.981690 -0.133312 0.912735 0.176537 0.368443 -554.170539 47.606420 -99.007776
0.386071 -0.069597 -0.919840 -0.136385 0.981885 -0.131535 0.912331 0.176234 0.369585 -554.638825 47.523290 -98.826956
0.385689 -0.066643 -0.920219 -0.136836 0.982226 -0.128486 0.912425 0.175475 0.369715 -555.239146 47.424123 -98.596989
0.385033 -0.064178 -0.920669 -0.136323 0.982681 -0.125512 0.912779 0.173834 0.369616 -555.884290 47.322323 -98.346975
0.383716 -0.062087 -0.921361 -0.136468 0.982970 -0.123073 0.913312 0.172962 0.368709 -556.511950 47.218330 -98.103830
0.382375 -0.060431 -0.922029 -0.136334 0.983248 -0.120982 0.913894 0.171964 0.367730 -557.081681 47.125752 -97.883802
0.381952 -0.058566 -0.922325 -0.135554 0.983646 -0.118595 0.914187 0.170323 0.367767 -557.659403 47.037330 -97.660722
0.381418 -0.056914 -0.922649 -0.134762 0.984016 -0.116409 0.914527 0.168738 0.367652 -558.286261 46.942276 -97.417192
0.380898 -0.056460 -0.922891 -0.133827 0.984257 -0.115448 0.914881 0.167482 0.367346 -558.920727 46.849095 -97.167976
0.380587 -0.056408 -0.923023 -0.132854 0.984448 -0.114942 0.915152 0.166373 0.367174 -559.482628 46.768265 -96.946529
0.380457 -0.055908 -0.923107 -0.133623 0.984373 -0.114691 0.915094 0.166984 0.367041 -560.005007 46.691628 -96.746346
0.380632 -0.055160 -0.923080 -0.134462 0.984309 -0.114264 0.914899 0.167612 0.367242 -560.585556 46.608052 -96.528267
0.381986 -0.054834 -0.922540 -0.133779 0.984443 -0.113906 0.914434 0.166927 0.368708 -561.121466 46.528091 -96.321251
0.383271 -0.054566 -0.922023 -0.132947 0.984599 -0.113533 0.914018 0.166095 0.370114 -561.624545 46.452919 -96.123428
0.385169 -0.054631 -0.921227 -0.131255 0.984855 -0.113283 0.913464 0.164549 0.372165 -562.145691 46.373617 -95.913005
0.387563 -0.055029 -0.920199 -0.129786 0.985017 -0.113568 0.912661 0.163444 0.374614 -562.651251 46.293483 -95.707733
0.390544 -0.055784 -0.918893 -0.128677 0.985055 -0.114490 0.911547 0.162954 0.377529 -563.115829 46.222463 -95.524404
0.395374 -0.055918 -0.916817 -0.128094 0.985035 -0.115319 0.909545 0.163032 0.382294 -563.559111 46.151101 -95.343022
0.401241 -0.056793 -0.914210 -0.126662 0.985047 -0.116785 0.907173 0.162655 0.388047 -563.974953 46.084504 -95.166577
0.407337 -0.059692 -0.911325 -0.124158 0.984978 -0.120012 0.904799 0.162034 0.393807 -564.421379 46.008567 -94.970675
0.416261 -0.063080 -0.907054 -0.122441 0.984615 -0.124664 0.900963 0.162954 0.402134 -564.835119 45.938980 -94.786844
0.428453 -0.067379 -0.901049 -0.119478 0.984235 -0.130411 0.895630 0.163530 0.413648 -565.255494 45.868082 -94.595087
0.444074 -0.072194 -0.893077 -0.116555 0.983624 -0.137470 0.888377 0.165139 0.428387 -565.675026 45.796259 -94.391115
0.460060 -0.076949 -0.884547 -0.112262 0.983201 -0.143919 0.880762 0.165512 0.443693 -566.092559 45.714995 -94.177557
0.477089 -0.080161 -0.875192 -0.107292 0.983070 -0.148530 0.872281 0.164763 0.460411 -566.535619 45.627752 -93.934352
0.493339 -0.080980 -0.866059 -0.102337 0.983338 -0.150242 0.863796 0.162750 0.476832 -567.030700 45.524873 -93.651934
0.507586 -0.080781 -0.857806 -0.096399 0.984020 -0.149709 0.856191 0.158682 0.491688 -567.559060 45.412441 -93.352594
0.521092 -0.079907 -0.849752 -0.091983 0.984551 -0.148990 0.848529 0.155800 0.505692 -568.119754 45.300578 -93.027322
0.532339 -0.078294 -0.842903 -0.088771 0.985061 -0.147563 0.841864 0.153379 0.517436 -568.657052 45.183671 -92.697074
0.543134 -0.077640 -0.836049 -0.085371 0.985449 -0.146976 0.835295 0.151202 0.528603 -569.176398 45.068739 -92.364731
0.558964 -0.076911 -0.825617 -0.081896 0.985700 -0.147269 0.825138 0.149933 0.544672 -569.684448 44.957770 -92.028910
0.577297 -0.076765 -0.812918 -0.078124 0.985811 -0.148572 0.812788 0.149279 0.563108 -570.112293 44.863713 -91.730979
0.595342 -0.077679 -0.799709 -0.073751 0.985830 -0.150662 0.800081 0.148675 0.581177 -570.496758 44.781233 -91.444024
0.614272 -0.077977 -0.785232 -0.069452 0.985901 -0.152235 0.786032 0.148049 0.600196 -570.933988 44.684382 -91.101292
0.633359 -0.078196 -0.769898 -0.064713 0.986045 -0.153386 0.771148 0.146971 0.619460 -571.366665 44.582446 -90.742908
0.653143 -0.078336 -0.753172 -0.059157 0.986316 -0.153885 0.754920 0.145064 0.639572 -571.792918 44.470920 -90.368578
0.671779 -0.078457 -0.736585 -0.053956 0.986551 -0.154291 0.738784 0.143393 0.658511 -572.167258 44.367735 -90.022061
0.691822 -0.079220 -0.717709 -0.048715 0.986578 -0.155855 0.720423 0.142787 0.678677 -572.606889 44.247165 -89.598725
0.712263 -0.081512 -0.697163 -0.042698 0.986363 -0.158948 0.700612 0.142980 0.699070 -572.909149 44.156291 -89.270001
0.733931 -0.084483 -0.673950 -0.036545 0.985885 -0.163384 0.678241 0.144542 0.720484 -573.194881 44.067750 -88.936252
0.755009 -0.087536 -0.649845 -0.031152 0.985142 -0.168895 0.654974 0.147762 0.741064 -573.527141 43.965030 -88.527635
0.778107 -0.089688 -0.621695 -0.025830 0.984348 -0.174334 0.627600 0.151709 0.763612 -573.825707 43.871231 -88.136239
0.800539 -0.094629 -0.591763 -0.017687 0.983293 -0.181166 0.599020 0.155497 0.785491 -574.081163 43.784746 -87.764583
0.823145 -0.098820 -0.559166 -0.009578 0.982184 -0.187678 0.567750 0.159841 0.807534 -574.333189 43.688931 -87.362802
0.844426 -0.100098 -0.526236 -0.003033 0.981477 -0.191558 0.535663 0.163353 0.828481 -574.605930 43.577477 -86.910063
0.866524 -0.100424 -0.488929 0.004830 0.981192 -0.192972 0.499112 0.164853 0.850712 -574.835508 43.473258 -86.471696
0.889303 -0.101942 -0.445812 0.014945 0.980796 -0.194462 0.457074 0.166273 0.873749 -575.015937 43.375535 -86.046032
0.909686 -0.104412 -0.401957 0.027230 0.980792 -0.193144 0.414403 0.164756 0.895056 -575.214925 43.267204 -85.543666
0.927502 -0.105524 -0.358615 0.038451 0.981172 -0.189268 0.371836 0.161757 0.914097 -575.421016 43.145744 -84.968748
0.944901 -0.105925 -0.309746 0.050186 0.981890 -0.182684 0.323487 0.157074 0.933104 -575.614593 43.011830 -84.337736
0.958329 -0.104678 -0.265796 0.058386 0.982576 -0.176453 0.279636 0.153581 0.947743 -575.788093 42.872517 -83.668121
0.969853 -0.105231 -0.219798 0.067707 0.982807 -0.171773 0.234095 0.151713 0.960303 -575.903059 42.759568 -83.074716
0.978793 -0.105515 -0.175585 0.075793 0.982849 -0.168117 0.190313 0.151244 0.970003 -576.008267 42.630687 -82.409224
0.985810 -0.106459 -0.129788 0.084648 0.982937 -0.163308 0.144959 0.150004 0.978001 -576.084274 42.510653 -81.744382
0.990358 -0.106592 -0.088485 0.091610 0.983041 -0.158865 0.103919 0.149227 0.983327 -576.112409 42.413811 -81.231568
0.993285 -0.106643 -0.044867 0.098441 0.982753 -0.156546 0.060787 0.151078 0.986651 -576.107026 42.323391 -80.715003
0.994095 -0.108427 -0.004329 0.106422 0.981958 -0.156307 0.021199 0.154923 0.987699 -576.081002 42.230875 -80.177314
0.993308 -0.111584 0.029797 0.114880 0.981149 -0.155403 -0.011895 0.157786 0.987402 -576.036811 42.124358 -79.558158
0.991579 -0.114419 0.060652 0.122585 0.980322 -0.154732 -0.041755 0.160864 0.986093 -575.991704 42.026514 -78.979725
0.989576 -0.114678 0.087113 0.127232 0.979561 -0.155793 -0.067467 0.165253 0.983941 -575.930788 41.933803 -78.421474
0.986734 -0.116224 0.113352 0.132812 0.979434 -0.151885 -0.093368 0.164924 0.981877 -575.842628 41.820921 -77.737939
0.983776 -0.116750 0.136212 0.136465 0.979866 -0.145740 -0.116455 0.161964 0.979901 -575.733768 41.713190 -77.071415
0.979859 -0.118132 0.161001 0.141248 0.979935 -0.140629 -0.141157 0.160538 0.976884 -575.619862 41.615754 -76.481106
0.975405 -0.121152 0.184139 0.147476 0.979573 -0.136703 -0.163815 0.160497 0.973347 -575.488251 41.525011 -75.879107
0.970786 -0.124625 0.205045 0.153996 0.978927 -0.134113 -0.184010 0.161771 0.969521 -575.345710 41.437259 -75.304570
0.967222 -0.127333 0.219700 0.158741 0.978492 -0.131738 -0.198200 0.162296 0.966632 -575.188604 41.345220 -74.684697
0.963853 -0.130129 0.232496 0.162947 0.978301 -0.127964 -0.210799 0.161223 0.964143 -574.995719 41.236178 -73.955264
0.961411 -0.131816 0.241480 0.165494 0.978272 -0.124880 -0.219772 0.160024 0.962337 -574.787873 41.114816 -73.164605
0.959616 -0.133727 0.247497 0.167638 0.978350 -0.121360 -0.225909 0.157948 0.961258 -574.583123 41.003179 -72.376377
0.958364 -0.135593 0.251303 0.169537 0.978354 -0.118664 -0.229774 0.156328 0.960607 -574.363142 40.884812 -71.551485
0.957850 -0.137011 0.252491 0.170590 0.978466 -0.116201 -0.231133 0.154376 0.960596 -574.131110 40.767821 -70.690071
0.957797 -0.138653 0.251796 0.171840 0.978402 -0.114892 -0.230427 0.153312 0.960936 -573.901133 40.647072 -69.825090
0.957982 -0.138544 0.251150 0.171279 0.978669 -0.113452 -0.230074 0.151702 0.961276 -573.690100 40.533435 -69.009971
0.957971 -0.140543 0.250079 0.172789 0.978577 -0.111942 -0.228989 0.150448 0.961733 -573.476468 40.418730 -68.183431
0.958629 -0.141268 0.247132 0.172844 0.978671 -0.111028 -0.226176 0.149150 0.962600 -573.258079 40.307158 -67.324125
0.959013 -0.141248 0.245650 0.172099 0.979039 -0.108928 -0.225115 0.146740 0.963219 -573.039300 40.191986 -66.445188
0.959912 -0.141137 0.242177 0.170930 0.979491 -0.106676 -0.222155 0.143795 0.964350 -572.785057 40.060603 -65.443698
0.960681 -0.141474 0.238909 0.170386 0.979772 -0.104954 -0.219229 0.141535 0.965353 -572.548119 39.939597 -64.477446
0.961258 -0.142544 0.235934 0.170800 0.979811 -0.103909 -0.216359 0.140181 0.966198 -572.318916 39.816402 -63.527918
0.962273 -0.142954 0.231505 0.170412 0.979953 -0.103212 -0.212109 0.138770 0.967343 -572.076735 39.686143 -62.509985
0.962882 -0.142972 0.228947 0.170197 0.979922 -0.103859 -0.209501 0.138970 0.967883 -571.836378 39.555835 -61.488955
0.963198 -0.142836 0.227702 0.170425 0.979608 -0.106410 -0.207860 0.141300 0.967899 -571.595330 39.417894 -60.423630
0.963493 -0.143700 0.225903 0.171200 0.979389 -0.107179 -0.205845 0.141941 0.968236 -571.355249 39.283370 -59.360138
0.963876 -0.146253 0.222607 0.172971 0.979251 -0.105590 -0.202545 0.140280 0.969173 -571.146164 39.157638 -58.406222
0.964551 -0.147196 0.219029 0.172582 0.979743 -0.101583 -0.199640 0.135783 0.970416 -570.910020 39.019876 -57.321548
0.965355 -0.149018 0.214203 0.173233 0.979890 -0.099019 -0.195140 0.132696 0.971757 -570.662564 38.872263 -56.199003
0.966181 -0.149294 0.210252 0.172415 0.980314 -0.096214 -0.191749 0.129210 0.972901 -570.429531 38.731475 -55.096789
0.966476 -0.150832 0.207783 0.173181 0.980410 -0.093837 -0.189558 0.126675 0.973664 -570.202980 38.604606 -54.037235
0.966968 -0.150001 0.206087 0.171832 0.980786 -0.092376 -0.188271 0.124737 0.974164 -569.959265 38.468037 -52.884524
0.967448 -0.149975 0.203841 0.171544 0.980822 -0.092528 -0.186054 0.124483 0.974622 -569.728266 38.340599 -51.764763
0.967771 -0.149485 0.202667 0.171042 0.980836 -0.093305 -0.184836 0.124962 0.974792 -569.491116 38.206314 -50.586574
0.968194 -0.149101 0.200920 0.170448 0.980929 -0.093417 -0.183159 0.124692 0.975143 -569.269165 38.084336 -49.468459
0.968789 -0.149701 0.197577 0.170321 0.981106 -0.091775 -0.180105 0.122562 0.975982 -569.049857 37.954258 -48.319435
0.969605 -0.147787 0.194998 0.168103 0.981464 -0.092028 -0.177783 0.122011 0.976477 -568.834599 37.821471 -47.214642
0.970547 -0.145625 0.191919 0.166599 0.981140 -0.098029 -0.174024 0.127115 0.976503 -568.629731 37.689131 -46.133231
0.972345 -0.143033 0.184627 0.164213 0.980823 -0.104974 -0.166071 0.132389 0.977186 -568.441248 37.560534 -45.111936
0.973321 -0.141732 0.180441 0.162795 0.980756 -0.107774 -0.161694 0.134273 0.977663 -568.237797 37.414845 -44.006438
0.974184 -0.141961 0.175535 0.162434 0.980757 -0.108305 -0.156782 0.134022 0.978498 -568.066929 37.290115 -43.063363
0.975366 -0.141356 0.169350 0.160787 0.981164 -0.107076 -0.151024 0.131668 0.979722 -567.906498 37.167436 -42.132964
0.976493 -0.140946 0.163082 0.159208 0.981657 -0.104889 -0.145307 0.128387 0.981021 -567.757043 37.049181 -41.228080
0.977380 -0.142033 0.156700 0.159130 0.981920 -0.102522 -0.139305 0.125139 0.982311 -567.594448 36.913682 -40.221000
0.978337 -0.142682 0.149992 0.158637 0.982222 -0.100374 -0.133004 0.121994 0.983579 -567.433251 36.775094 -39.162478
0.979207 -0.143185 0.143708 0.158310 0.982317 -0.099960 -0.126854 0.120632 0.984559 -567.296530 36.652814 -38.231005
0.979949 -0.142550 0.139212 0.157498 0.982134 -0.102988 -0.122043 0.122849 0.984893 -567.171546 36.545611 -37.361115
0.980814 -0.141896 0.133679 0.156674 0.981795 -0.107386 -0.116007 0.126270 0.985189 -567.053900 36.442085 -36.518646
0.981805 -0.141004 0.127189 0.155404 0.981544 -0.111449 -0.109126 0.129187 0.985597 -566.960429 36.346388 -35.786289
0.982560 -0.140085 0.122276 0.154053 0.981531 -0.113419 -0.104130 0.130278 0.985994 -566.861316 36.233340 -34.955065
0.983116 -0.139365 0.118578 0.152632 0.981994 -0.111316 -0.100930 0.127536 0.986685 -566.747321 36.095172 -33.901249
0.983829 -0.138818 0.113178 0.151162 0.982486 -0.108952 -0.096072 0.124298 0.987583 -566.633209 35.958119 -32.863942
0.984231 -0.139942 0.108192 0.151653 0.982419 -0.108879 -0.091053 0.123569 0.988150 -566.535142 35.837680 -31.994304
0.984402 -0.141460 0.104599 0.152821 0.982111 -0.110014 -0.087165 0.124283 0.988411 -566.442519 35.722745 -31.147185
0.984776 -0.141306 0.101242 0.152271 0.982164 -0.110308 -0.083849 0.124044 0.988728 -566.357807 35.613676 -30.321699
0.985296 -0.140312 0.097491 0.150740 0.982499 -0.109421 -0.080432 0.122508 0.989203 -566.279501 35.499870 -29.505569
0.985840 -0.139118 0.093626 0.149091 0.982727 -0.109632 -0.076757 0.122038 0.989553 -566.207646 35.388027 -28.695938
0.986524 -0.137363 0.088887 0.146832 0.982959 -0.110598 -0.072180 0.122159 0.989882 -566.140294 35.275064 -27.870677
0.986955 -0.135935 0.086264 0.145168 0.983076 -0.111749 -0.069613 0.122814 0.989985 -566.075595 35.166556 -27.063895
0.987286 -0.134409 0.084856 0.143528 0.983228 -0.112530 -0.068307 0.123278 0.990018 -566.006426 35.052153 -26.195243
0.987626 -0.133406 0.082448 0.142225 0.983428 -0.112434 -0.066082 0.122769 0.990233 -565.938016 34.928602 -25.338300
0.987795 -0.131613 0.083298 0.140659 0.983459 -0.114124 -0.066900 0.124448 0.989968 -565.873985 34.818227 -24.569264
0.987951 -0.128932 0.085608 0.138394 0.983588 -0.115769 -0.069276 0.126222 0.989580 -565.808741 34.715065 -23.851104
0.987937 -0.126755 0.088957 0.136608 0.983907 -0.115175 -0.072927 0.125938 0.989354 -565.748499 34.622166 -23.208502
0.987665 -0.127111 0.091438 0.137106 0.984100 -0.112915 -0.075631 0.124059 0.989388 -565.678513 34.519245 -22.479673
0.987304 -0.129541 0.091923 0.139434 0.984001 -0.110909 -0.076085 0.122318 0.989570 -565.597865 34.403460 -21.651413
0.987098 -0.130950 0.092144 0.140808 0.983888 -0.110170 -0.076233 0.121723 0.989632 -565.526628 34.302107 -20.900885
0.987004 -0.132036 0.091591 0.141858 0.983685 -0.110639 -0.075488 0.122194 0.989631 -565.460059 34.204572 -20.222259
0.987002 -0.132205 0.091369 0.142198 0.983338 -0.113250 -0.074874 0.124770 0.989357 -565.406156 34.126233 -19.663850
0.987164 -0.132451 0.089245 0.142315 0.983102 -0.115142 -0.072486 0.126364 0.989332 -565.359083 34.053435 -19.122108
0.987363 -0.133271 0.085747 0.142693 0.983039 -0.115210 -0.068938 0.125990 0.989633 -565.312238 33.972552 -18.560277
0.987536 -0.134226 0.082194 0.143101 0.983144 -0.113799 -0.065534 0.124142 0.990098 -565.261281 33.881819 -17.928160
0.987908 -0.134414 0.077274 0.142648 0.983262 -0.113347 -0.060745 0.123000 0.990546 -565.216998 33.797463 -17.336331
0.988279 -0.134090 0.072969 0.141863 0.983239 -0.114526 -0.056390 0.123535 0.990737 -565.181607 33.718978 -16.819500
0.988653 -0.133882 0.068126 0.141184 0.983048 -0.116981 -0.051309 0.125272 0.990795 -565.143019 33.637816 -16.228396
0.989125 -0.132918 0.062970 0.139744 0.982828 -0.120503 -0.045871 0.127992 0.990714 -565.109134 33.552798 -15.585216
0.989421 -0.133143 0.057612 0.139563 0.981973 -0.127479 -0.039600 0.134171 0.990167 -565.072276 33.470118 -14.985148
0.989576 -0.133913 0.052971 0.139907 0.981157 -0.133254 -0.034128 0.139276 0.989665 -565.044966 33.404598 -14.493176
0.989843 -0.133872 0.047851 0.139262 0.980736 -0.136977 -0.028591 0.142250 0.989418 -565.022488 33.334114 -14.011494
0.990304 -0.132625 0.041340 0.137133 0.980846 -0.138328 -0.022202 0.142656 0.989523 -565.011105 33.267666 -13.594907
0.990735 -0.131570 0.033654 0.134975 0.981327 -0.137039 -0.014995 0.140312 0.989994 -565.005494 33.188895 -13.112660
0.991181 -0.130368 0.023740 0.132379 0.982186 -0.133364 -0.005930 0.135331 0.990783 -564.999398 33.094208 -12.527156
0.991307 -0.130798 0.014218 0.131537 0.982918 -0.128723 0.002861 0.129474 0.991579 -565.001559 33.002840 -11.933615
0.991503 -0.129982 0.005175 0.129601 0.983607 -0.125387 0.011208 0.124992 0.992094 -565.001572 32.904928 -11.295331
0.991388 -0.130852 -0.005238 0.129185 0.983752 -0.124672 0.021467 0.122922 0.992184 -565.005513 32.807308 -10.675492
0.991305 -0.130944 -0.012986 0.128302 0.983756 -0.125551 0.029215 0.122793 0.992002 -565.017455 32.701572 -9.960469
0.991216 -0.130709 -0.020127 0.127136 0.983702 -0.127145 0.036418 0.123469 0.991680 -565.034233 32.601772 -9.291083
0.991183 -0.130089 -0.025165 0.125836 0.983671 -0.128670 0.041493 0.124369 0.991368 -565.057351 32.502594 -8.620104
0.991007 -0.130224 -0.030772 0.125298 0.983805 -0.128171 0.046965 0.123163 0.991275 -565.079546 32.401941 -7.938846
0.990696 -0.131219 -0.036109 0.125743 0.984028 -0.126004 0.052066 0.120291 0.991372 -565.106640 32.295848 -7.198142
0.990436 -0.132246 -0.039351 0.126442 0.984096 -0.124772 0.055226 0.118603 0.991405 -565.137177 32.189727 -6.446896
0.990300 -0.132486 -0.041862 0.126360 0.984057 -0.125159 0.057776 0.118656 0.991253 -565.169411 32.084279 -5.716434
0.990388 -0.131528 -0.042805 0.125210 0.984020 -0.126599 0.058772 0.120022 0.991030 -565.201602 31.980771 -5.018370
0.990493 -0.130878 -0.042365 0.124461 0.983770 -0.129251 0.058594 0.122750 0.990706 -565.228410 31.879984 -4.332610
0.990503 -0.130905 -0.042035 0.124400 0.983490 -0.131427 0.058545 0.124950 0.990434 -565.259903 31.774567 -3.586805
0.990513 -0.130775 -0.042210 0.124340 0.983699 -0.129908 0.058511 0.123428 0.990627 -565.294706 31.664627 -2.809874
0.990403 -0.131319 -0.043101 0.124964 0.984043 -0.126661 0.059046 0.120059 0.991009 -565.332740 31.545712 -1.957954
0.990353 -0.131893 -0.042494 0.125722 0.984196 -0.124706 0.058270 0.118161 0.991283 -565.366888 31.425220 -1.131947
0.990466 -0.131766 -0.040185 0.125944 0.984333 -0.123398 0.055815 0.117160 0.991543 -565.395624 31.312694 -0.364089
0.990608 -0.131997 -0.035679 0.126562 0.983910 -0.126111 0.051751 0.120411 0.991374 -565.427118 31.192771 0.465935
0.990746 -0.132581 -0.029073 0.127915 0.983660 -0.126694 0.045395 0.121803 0.991516 -565.449641 31.078880 1.314496
0.990717 -0.134744 -0.017984 0.131536 0.983601 -0.123396 0.034316 0.119885 0.992195 -565.455047 30.960957 2.155731
0.990601 -0.136641 -0.006299 0.134913 0.983591 -0.119784 0.022563 0.117808 0.992780 -565.452446 30.842846 3.045777
0.990328 -0.138667 0.004774 0.138270 0.983468 -0.116931 0.011519 0.116460 0.993129 -565.442737 30.728797 3.901661
0.990004 -0.140357 0.013893 0.141019 0.983213 -0.115782 0.002591 0.116584 0.993177 -565.423519 30.625359 4.702796
0.989720 -0.140870 0.024708 0.142785 0.983144 -0.114191 -0.008206 0.116545 0.993151 -565.403909 30.525150 5.470942
0.989345 -0.142094 0.031717 0.144795 0.983056 -0.112407 -0.015208 0.115801 0.993156 -565.372069 30.420067 6.303485
0.989013 -0.143621 0.035016 0.146623 0.983219 -0.108544 -0.018839 0.112486 0.993475 -565.337555 30.301069 7.237130
0.988850 -0.144030 0.037815 0.147256 0.983566 -0.104473 -0.022146 0.108876 0.993809 -565.303303 30.180159 8.168683
0.988580 -0.145128 0.040586 0.148601 0.983567 -0.102534 -0.025039 0.107394 0.993901 -565.270929 30.078308 9.004973
0.988563 -0.145029 0.041342 0.148563 0.983660 -0.101694 -0.025918 0.106673 0.993956 -565.237244 29.978713 9.833134
0.988622 -0.144302 0.042466 0.147934 0.983853 -0.100745 -0.027242 0.105881 0.994006 -565.203536 29.886975 10.630164
0.988749 -0.143330 0.042808 0.146905 0.984355 -0.097282 -0.028195 0.102476 0.994336 -565.161699 29.768505 11.602177
0.988573 -0.144907 0.041530 0.148263 0.984440 -0.094319 -0.027217 0.099399 0.994675 -565.115928 29.638869 12.680889
0.988406 -0.146522 0.039820 0.149705 0.984207 -0.094467 -0.025349 0.099333 0.994731 -565.077369 29.523775 13.684201
0.988170 -0.148754 0.037324 0.151776 0.983472 -0.098722 -0.022022 0.103219 0.994415 -565.041213 29.421661 14.591933
0.987679 -0.152422 0.035475 0.155274 0.982730 -0.100654 -0.019521 0.104923 0.994289 -565.001231 29.309811 15.586092
0.987607 -0.152921 0.035322 0.155682 0.983032 -0.097013 -0.019887 0.101310 0.994656 -564.958451 29.193813 16.610766
0.987392 -0.154487 0.034509 0.157074 0.983232 -0.092644 -0.019618 0.096896 0.995101 -564.916904 29.087872 17.572286
0.987089 -0.156520 0.034009 0.158972 0.983296 -0.088635 -0.019567 0.092897 0.995483 -564.882329 28.987727 18.524912
0.986753 -0.158941 0.032511 0.161188 0.983210 -0.085534 -0.018370 0.089641 0.995805 -564.849858 28.876354 19.555659
0.986774 -0.159157 0.030743 0.161195 0.983467 -0.082511 -0.017102 0.086375 0.996116 -564.820710 28.773106 20.513178
0.986685 -0.160254 0.027767 0.161995 0.983544 -0.079995 -0.014490 0.083428 0.996408 -564.802213 28.676741 21.455654
0.986156 -0.163926 0.025007 0.165427 0.982958 -0.080169 -0.011439 0.083196 0.996468 -564.775056 28.592095 22.336885
0.986006 -0.164984 0.023908 0.166407 0.982659 -0.081795 -0.009998 0.084629 0.996362 -564.754074 28.493978 23.286474
0.985613 -0.167613 0.021756 0.168863 0.982052 -0.084023 -0.007282 0.086488 0.996226 -564.730215 28.392924 24.273386
0.985303 -0.169956 0.017114 0.170798 0.981661 -0.084674 -0.002410 0.086353 0.996262 -564.706448 28.281093 25.306768
0.985093 -0.171670 0.010985 0.171987 0.981622 -0.082701 0.003414 0.083358 0.996514 -564.690126 28.170640 26.333671
0.985181 -0.171439 0.005217 0.171295 0.981884 -0.081010 0.008766 0.080703 0.996700 -564.687988 28.061338 27.398286
0.985200 -0.171406 0.000762 0.170924 0.982077 -0.079440 0.012868 0.078394 0.996839 -564.687602 27.955246 28.471435
0.985213 -0.171296 -0.003619 0.170439 0.982003 -0.081367 0.017492 0.079547 0.996678 -564.687108 27.857164 29.533833
0.985362 -0.170328 -0.007146 0.169162 0.982095 -0.082903 0.021139 0.080481 0.996532 -564.692166 27.756445 30.523368
0.985540 -0.169004 -0.012160 0.167450 0.982418 -0.082554 0.025898 0.079324 0.996512 -564.702032 27.666647 31.431461
0.985693 -0.167535 -0.018473 0.165597 0.983014 -0.079124 0.031416 0.074933 0.996694 -564.725982 27.560127 32.466739
0.985573 -0.167391 -0.025009 0.165189 0.983543 -0.073183 0.036848 0.067996 0.997005 -564.745045 27.455689 33.513322
0.985951 -0.164511 -0.028938 0.162147 0.984227 -0.070748 0.040120 0.065062 0.997074 -564.780104 27.352367 34.552332
0.986077 -0.163308 -0.031336 0.160800 0.984465 -0.070508 0.042364 0.064488 0.997019 -564.812474 27.267065 35.430698
0.986422 -0.161164 -0.031589 0.158645 0.984818 -0.070471 0.042467 0.064502 0.997014 -564.849133 27.180476 36.376483
0.986014 -0.162990 -0.034803 0.160286 0.984590 -0.069936 0.045666 0.063379 0.996944 -564.874145 27.101649 37.197393
0.985736 -0.164076 -0.037453 0.161263 0.984518 -0.068697 0.048144 0.061677 0.996934 -564.906600 27.018022 38.099051
0.985613 -0.164338 -0.039504 0.161451 0.984559 -0.067661 0.050013 0.060310 0.996926 -564.942859 26.934298 39.056940
0.985307 -0.165462 -0.042328 0.162541 0.984555 -0.065047 0.052437 0.057211 0.996984 -564.971778 26.858469 39.903314
0.985142 -0.165399 -0.046247 0.162376 0.984722 -0.062895 0.055943 0.054451 0.996948 -565.013521 26.779549 40.810438
0.985108 -0.164692 -0.049389 0.161578 0.984939 -0.061552 0.058783 0.052655 0.996881 -565.048799 26.702203 41.643401
0.985225 -0.163290 -0.051655 0.160053 0.985184 -0.061607 0.060949 0.052430 0.996763 -565.093713 26.626847 42.444121
0.985490 -0.161336 -0.052723 0.158087 0.985545 -0.060899 0.061786 0.051680 0.996751 -565.134318 26.557545 43.206986
0.985580 -0.160053 -0.054914 0.156654 0.985740 -0.061455 0.063967 0.051966 0.996598 -565.174446 26.489538 43.938967
0.985733 -0.158530 -0.056563 0.154986 0.985946 -0.062362 0.065654 0.052705 0.996450 -565.216673 26.424515 44.661331
0.985794 -0.157644 -0.057949 0.154017 0.986090 -0.062496 0.066995 0.052683 0.996361 -565.253477 26.363861 45.352285
0.985591 -0.157623 -0.061363 0.153849 0.986145 -0.062042 0.070292 0.051707 0.996185 -565.297028 26.297030 46.082814
0.985507 -0.157290 -0.063533 0.153467 0.986260 -0.061153 0.072279 0.050517 0.996104 -565.341344 26.232904 46.778862
0.985236 -0.157541 -0.067008 0.153644 0.986313 -0.059829 0.075516 0.048651 0.995957 -565.383847 26.177024 47.411455
0.985085 -0.157179 -0.070014 0.153315 0.986500 -0.057547 0.078114 0.045954 0.995885 -565.429798 26.119148 48.076064
0.984903 -0.156699 -0.073563 0.152719 0.986626 -0.056966 0.081506 0.044871 0.995662 -565.473145 26.061405 48.681688
0.984734 -0.156844 -0.075497 0.152798 0.986629 -0.056710 0.083382 0.044308 0.995532 -565.514380 26.008758 49.265081
0.984446 -0.157594 -0.077649 0.153335 0.986465 -0.058102 0.085754 0.045292 0.995286 -565.551385 25.956314 49.835225
0.984058 -0.159463 -0.078746 0.154997 0.986095 -0.059937 0.087209 0.046776 0.995091 -565.588251 25.905966 50.443476
0.983450 -0.162099 -0.080930 0.157312 0.985574 -0.062422 0.089881 0.048658 0.994763 -565.628715 25.855559 51.038175
0.982560 -0.164924 -0.085888 0.159571 0.984985 -0.065896 0.095467 0.051041 0.994123 -565.678429 25.800811 51.644445
0.982068 -0.165976 -0.089416 0.160246 0.984739 -0.067893 0.099320 0.052347 0.993678 -565.732501 25.744566 52.268008
0.981748 -0.166189 -0.092478 0.160180 0.984670 -0.069040 0.102534 0.052967 0.993318 -565.779008 25.694740 52.803982
0.981257 -0.166829 -0.096454 0.160604 0.984596 -0.069111 0.106498 0.052325 0.992935 -565.829950 25.641657 53.377003
0.980411 -0.168204 -0.102480 0.161843 0.984500 -0.067571 0.112258 0.049661 0.992437 -565.875469 25.591526 53.915035
0.979639 -0.168534 -0.109101 0.161849 0.984502 -0.067539 0.118793 0.048505 0.991734 -565.930687 25.533042 54.468713
0.979060 -0.169039 -0.113438 0.161979 0.984388 -0.068877 0.123310 0.049060 0.991155 -565.987941 25.474274 55.032346
0.978533 -0.168865 -0.118144 0.161277 0.984341 -0.071147 0.128308 0.050565 0.990444 -566.038757 25.432408 55.481346
0.977857 -0.169495 -0.122748 0.161448 0.984189 -0.072853 0.133156 0.051423 0.989760 -566.095943 25.394149 55.951464
0.976791 -0.170232 -0.130002 0.161826 0.984132 -0.072773 0.140327 0.050046 0.988840 -566.157656 25.345513 56.434437
0.975366 -0.171982 -0.138143 0.163249 0.983930 -0.072326 0.148362 0.047993 0.987768 -566.227163 25.295789 56.940571
0.974090 -0.172494 -0.146267 0.163284 0.983883 -0.072883 0.156482 0.047112 0.986557 -566.308880 25.243959 57.438586
0.972736 -0.172654 -0.154839 0.162950 0.983899 -0.073412 0.165021 0.046179 0.985208 -566.403288 25.182607 58.019131
0.971380 -0.173004 -0.162759 0.162773 0.983860 -0.074327 0.172991 0.045707 0.983862 -566.497683 25.128288 58.565704
0.969755 -0.174455 -0.170708 0.163707 0.983636 -0.075240 0.181040 0.045018 0.982445 -566.574323 25.076590 59.021552
0.968410 -0.176346 -0.176309 0.165120 0.983298 -0.076556 0.186865 0.045025 0.981353 -566.648442 25.030903 59.456031
0.967364 -0.178556 -0.179789 0.166672 0.982819 -0.079292 0.190858 0.046738 0.980504 -566.745329 24.977093 60.007546
0.966778 -0.179489 -0.181998 0.166767 0.982490 -0.083077 0.193723 0.049966 0.979783 -566.852537 24.925323 60.586266
0.965864 -0.180147 -0.186156 0.166693 0.982278 -0.085688 0.198293 0.051732 0.978777 -566.973252 24.864854 61.201159
0.964756 -0.180510 -0.191473 0.166977 0.982313 -0.084738 0.203382 0.049779 0.977833 -567.108870 24.790704 61.896192
0.963178 -0.182331 -0.197595 0.168769 0.982106 -0.083574 0.209297 0.047149 0.976715 -567.222522 24.726967 62.493787
0.962145 -0.183139 -0.201835 0.169628 0.982052 -0.082465 0.213315 0.045107 0.975942 -567.338733 24.660895 63.083105
0.961520 -0.181979 -0.205820 0.168647 0.982366 -0.080713 0.216879 0.042897 0.975256 -567.485155 24.592086 63.762526
0.960504 -0.182312 -0.210224 0.168767 0.982337 -0.080818 0.221245 0.042147 0.974307 -567.639313 24.516860 64.494327
0.959959 -0.183196 -0.211940 0.169193 0.982117 -0.082581 0.223279 0.043416 0.973787 -567.789233 24.440962 65.206406
0.960158 -0.183280 -0.210963 0.168838 0.981997 -0.084704 0.222690 0.045710 0.973817 -567.975087 24.354189 66.055047
0.960699 -0.183654 -0.208154 0.168829 0.981795 -0.087037 0.220349 0.048474 0.974216 -568.131264 24.275678 66.804187
0.961164 -0.183589 -0.206056 0.168515 0.981708 -0.088616 0.218556 0.050451 0.974519 -568.289146 24.204057 67.541392
0.961486 -0.182296 -0.205703 0.167518 0.982000 -0.087253 0.217906 0.049433 0.974717 -568.478305 24.112339 68.434139
0.961554 -0.180998 -0.206529 0.167470 0.982515 -0.081354 0.217643 0.043638 0.975052 -568.683610 24.010069 69.426183
0.961645 -0.179708 -0.207227 0.167838 0.983059 -0.073656 0.216953 0.036051 0.975516 -568.901963 23.903026 70.496010
0.962368 -0.177666 -0.205628 0.167032 0.983596 -0.068111 0.214356 0.031201 0.976257 -569.110414 23.808509 71.504580
0.963595 -0.177451 -0.199991 0.167236 0.983638 -0.067001 0.208608 0.031116 0.977504 -569.306886 23.722662 72.495906
0.965082 -0.177318 -0.192810 0.167422 0.983634 -0.066593 0.201462 0.031987 0.978974 -569.488600 23.640810 73.451116
0.966157 -0.179478 -0.185281 0.169054 0.983065 -0.070736 0.194839 0.037019 0.980136 -569.634922 23.570715 74.275111
0.967806 -0.182766 -0.173052 0.172387 0.982295 -0.073350 0.183394 0.041157 0.982177 -569.758353 23.508197 75.039881
0.969846 -0.182727 -0.161276 0.172902 0.982222 -0.073106 0.171767 0.043017 0.984198 -569.882685 23.437937 75.853665
0.971514 -0.183410 -0.150069 0.174679 0.982166 -0.069547 0.160148 0.041352 0.986226 -570.008697 23.357992 76.759054
0.973409 -0.183583 -0.137014 0.176016 0.982203 -0.065543 0.146608 0.039683 0.988398 -570.144306 23.266019 77.806786
0.975267 -0.184343 -0.121953 0.178088 0.982157 -0.060441 0.130919 0.037228 0.990694 -570.254620 23.184007 78.773023
0.976386 -0.185569 -0.110612 0.180201 0.981989 -0.056784 0.119158 0.035511 0.992240 -570.347747 23.114759 79.686425
0.977316 -0.187349 -0.098764 0.182973 0.981756 -0.051721 0.106652 0.032477 0.993766 -570.426995 23.050046 80.624867
0.978180 -0.188352 -0.087678 0.184851 0.981664 -0.046538 0.094835 0.029315 0.995061 -570.497754 22.987814 81.571488
0.978841 -0.190475 -0.074765 0.187583 0.981261 -0.044033 0.081751 0.029076 0.996229 -570.569178 22.919464 82.581178
0.979422 -0.192927 -0.059260 0.190219 0.980547 -0.048419 0.067449 0.036150 0.997068 -570.617715 22.871681 83.422740
0.979973 -0.194389 -0.043202 0.192104 0.979999 -0.051945 0.052435 0.042606 0.997715 -570.645289 22.826229 84.235607
0.979976 -0.196662 -0.031152 0.195001 0.979550 -0.049559 0.040261 0.042492 0.998285 -570.659910 22.765897 85.182272
0.979662 -0.198521 -0.029196 0.197082 0.979312 -0.045891 0.037702 0.039203 0.998520 -570.683264 22.697900 86.248929
0.979348 -0.199935 -0.030058 0.198582 0.979151 -0.042760 0.037981 0.035907 0.998633 -570.704581 22.635521 87.232069
0.978990 -0.201635 -0.030351 0.200381 0.978906 -0.039868 0.037750 0.032949 0.998744 -570.727143 22.577727 88.143818
0.979196 -0.200362 -0.032111 0.199187 0.979285 -0.036406 0.038740 0.029253 0.998821 -570.755942 22.516542 89.181371
0.979160 -0.200056 -0.034978 0.199012 0.979501 -0.031162 0.040495 0.023552 0.998902 -570.791170 22.455010 90.301711
0.979066 -0.199743 -0.039158 0.198688 0.979627 -0.029229 0.044198 0.020837 0.998805 -570.826322 22.391387 91.367851
0.978580 -0.200976 -0.044613 0.199742 0.979370 -0.030623 0.049847 0.021055 0.998535 -570.861024 22.334401 92.364736
0.978016 -0.202524 -0.049681 0.201062 0.979026 -0.032895 0.055301 0.022183 0.998223 -570.897484 22.285826 93.290096
0.977543 -0.203348 -0.055301 0.201626 0.978831 -0.035173 0.061283 0.023233 0.997850 -570.946576 22.230495 94.268750
0.977170 -0.203862 -0.059828 0.202042 0.978748 -0.035103 0.065712 0.022214 0.997591 -570.996841 22.170048 95.168684
0.976868 -0.203734 -0.064971 0.201850 0.978811 -0.034420 0.070607 0.020509 0.997293 -571.061637 22.114607 96.090411
0.976616 -0.203392 -0.069666 0.201606 0.978949 -0.031845 0.074676 0.017055 0.997062 -571.130234 22.060336 97.056615
0.976238 -0.203435 -0.074651 0.201777 0.978996 -0.029205 0.079024 0.013448 0.996782 -571.210327 22.000849 98.119460
0.976136 -0.202945 -0.077277 0.201286 0.979110 -0.028776 0.081503 0.012535 0.996594 -571.293806 21.941972 99.165142
0.975904 -0.203026 -0.079952 0.201364 0.979104 -0.028411 0.084049 0.011627 0.996394 -571.374581 21.889107 100.176369
0.975514 -0.203722 -0.082885 0.202231 0.978990 -0.026096 0.086460 0.008695 0.996217 -571.467576 21.830334 101.308349
0.975348 -0.203357 -0.085681 0.202109 0.979091 -0.023095 0.088586 0.005209 0.996055 -571.559023 21.775927 102.398377
0.975022 -0.203648 -0.088655 0.202571 0.979041 -0.021078 0.091089 0.002593 0.995839 -571.647964 21.728916 103.410550
0.974637 -0.205236 -0.089225 0.204222 0.978711 -0.020454 0.091524 0.001714 0.995801 -571.731637 21.689359 104.387945
0.974627 -0.205536 -0.088646 0.204422 0.978645 -0.021562 0.091184 0.002894 0.995830 -571.815918 21.652600 105.354997
0.974375 -0.206312 -0.089608 0.205207 0.978483 -0.021470 0.092110 0.002531 0.995746 -571.900008 21.618588 106.353853
0.973889 -0.207479 -0.092159 0.206580 0.978240 -0.019289 0.094156 -0.000253 0.995557 -571.989330 21.582516 107.436924
0.973589 -0.208111 -0.093881 0.207549 0.978097 -0.015818 0.095117 -0.004085 0.995458 -572.093184 21.544923 108.552230
0.972882 -0.210347 -0.096200 0.209968 0.977606 -0.014162 0.097024 -0.006421 0.995261 -572.188959 21.512729 109.576445
0.972321 -0.211840 -0.098573 0.211501 0.977278 -0.013998 0.099298 -0.007238 0.995031 -572.278825 21.480911 110.530630
0.971631 -0.213546 -0.101646 0.213191 0.976903 -0.014473 0.102389 -0.007607 0.994715 -572.378238 21.445001 111.559140
0.971056 -0.215011 -0.104025 0.214736 0.976572 -0.013974 0.104592 -0.008769 0.994477 -572.474230 21.407630 112.521848
0.970605 -0.214563 -0.109038 0.214672 0.976626 -0.010872 0.108822 -0.012855 0.993978 -572.578842 21.379313 113.442244
0.970007 -0.213894 -0.115476 0.214702 0.976664 -0.005544 0.113967 -0.019415 0.993295 -572.698854 21.347655 114.500692
0.969677 -0.212374 -0.120928 0.213951 0.976845 0.000052 0.118117 -0.025923 0.992661 -572.841735 21.322256 115.647803
0.969366 -0.212688 -0.122856 0.214495 0.976724 0.001517 0.119674 -0.027823 0.992423 -572.973458 21.293865 116.707611
0.968942 -0.214161 -0.123639 0.215734 0.976452 -0.000686 0.120875 -0.026009 0.992327 -573.090666 21.279679 117.672732
0.968479 -0.215289 -0.125297 0.216327 0.976306 -0.005420 0.123495 -0.021856 0.992104 -573.217839 21.266424 118.607525
0.968774 -0.215340 -0.122907 0.216130 0.976339 -0.007028 0.121513 -0.019756 0.992393 -573.327031 21.253676 119.496584
0.968487 -0.215339 -0.125152 0.216317 0.976305 -0.005887 0.123454 -0.021371 0.992120 -573.430271 21.231598 120.326036
0.968433 -0.214599 -0.126829 0.215863 0.976416 -0.003858 0.124666 -0.023641 0.991917 -573.555261 21.205859 121.286900
0.968399 -0.214703 -0.126910 0.215993 0.976388 -0.003668 0.124700 -0.023860 0.991908 -573.674555 21.179920 122.218891
0.968324 -0.215292 -0.126483 0.216686 0.976237 -0.002795 0.124080 -0.024700 0.991965 -573.800731 21.157022 123.220694
0.968322 -0.214293 -0.128184 0.216077 0.976376 0.000011 0.125153 -0.027708 0.991750 -573.937380 21.131707 124.290225
0.969141 -0.210738 -0.127886 0.213320 0.976959 0.006685 0.123531 -0.033759 0.991766 -574.069550 21.109304 125.344461
0.969595 -0.208626 -0.127910 0.211742 0.977263 0.011109 0.122684 -0.037855 0.991724 -574.181095 21.087403 126.266148
0.969788 -0.208394 -0.126816 0.211588 0.977284 0.012103 0.121413 -0.038570 0.991852 -574.284266 21.075474 127.140793
0.970013 -0.209402 -0.123395 0.212368 0.977125 0.011248 0.118217 -0.037116 0.992294 -574.385374 21.066233 127.997664
0.970239 -0.208647 -0.122896 0.211514 0.977317 0.010623 0.117892 -0.036301 0.992363 -574.492310 21.056038 128.833226
0.970250 -0.207655 -0.124474 0.210605 0.977511 0.010884 0.119415 -0.036775 0.992163 -574.594715 21.041580 129.645601
0.969857 -0.207472 -0.127801 0.210876 0.977419 0.013556 0.122103 -0.040097 0.991707 -574.694865 21.025369 130.424025
0.969752 -0.205526 -0.131682 0.209493 0.977665 0.016859 0.125275 -0.043935 0.991149 -574.795209 21.010833 131.203999
0.969383 -0.204243 -0.136316 0.208727 0.977784 0.019295 0.129347 -0.047157 0.990477 -574.884952 21.001811 131.872857
0.968631 -0.203173 -0.143088 0.208218 0.977856 0.021058 0.135641 -0.050191 0.989486 -574.980166 20.988638 132.497235
0.968019 -0.201740 -0.149134 0.207312 0.978013 0.022652 0.141285 -0.052845 0.988557 -575.077319 20.976084 133.127569
0.967303 -0.200465 -0.155367 0.206505 0.978161 0.023594 0.147244 -0.054906 0.987575 -575.172458 20.957676 133.685658
0.966299 -0.199417 -0.162784 0.205976 0.978255 0.024289 0.154400 -0.057000 0.986363 -575.266910 20.946011 134.231420
0.965461 -0.198380 -0.168912 0.205334 0.978384 0.024568 0.160387 -0.058403 0.985325 -575.373984 20.941292 134.826874
0.964472 -0.197152 -0.175855 0.204470 0.978570 0.024328 0.167290 -0.059421 0.984115 -575.473137 20.939667 135.358517
0.963157 -0.195304 -0.184890 0.203020 0.978891 0.023574 0.176383 -0.060242 0.982476 -575.581175 20.931408 135.883106
0.961751 -0.193569 -0.193819 0.201749 0.979163 0.023198 0.185290 -0.061414 0.980763 -575.697001 20.923490 136.430794
0.959629 -0.192861 -0.204735 0.201388 0.979277 0.021458 0.196354 -0.061823 0.978582 -575.818436 20.914271 136.968294
0.957359 -0.191962 -0.215902 0.200947 0.979393 0.020254 0.207565 -0.062775 0.976205 -575.956645 20.909789 137.555873
0.955434 -0.190675 -0.225362 0.199842 0.979656 0.018371 0.217274 -0.062589 0.974102 -576.081717 20.904543 138.058141
0.952799 -0.190555 -0.236354 0.199557 0.979778 0.014536 0.228805 -0.061017 0.971558 -576.175481 20.892473 138.400412
0.949503 -0.190862 -0.249030 0.199371 0.979881 0.009157 0.242272 -0.058344 0.968452 -576.279196 20.879376 138.736717
0.945950 -0.190531 -0.262443 0.198439 0.980106 0.003710 0.256515 -0.055589 0.964940 -576.376872 20.864030 139.016546
0.941770 -0.190107 -0.277359 0.197617 0.980279 -0.000896 0.272059 -0.053967 0.960766 -576.473253 20.849774 139.299093
0.937171 -0.190123 -0.292514 0.197435 0.980305 -0.004608 0.287629 -0.053434 0.956250 -576.577649 20.837744 139.595483
0.932668 -0.188721 -0.307432 0.195862 0.980601 -0.007758 0.302933 -0.052979 0.951538 -576.702543 20.827390 139.925201
0.926762 -0.187250 -0.325651 0.194355 0.980871 -0.010893 0.321462 -0.053197 0.945427 -576.843293 20.816356 140.265281
0.919412 -0.186059 -0.346501 0.193512 0.981008 -0.013299 0.342394 -0.054824 0.937955 -577.020067 20.800219 140.708007
0.910254 -0.183441 -0.371196 0.192066 0.981283 -0.013951 0.366808 -0.058596 0.928450 -577.221938 20.775971 141.163674
0.899127 -0.181059 -0.398483 0.190870 0.981496 -0.015290 0.393878 -0.062310 0.917048 -577.400528 20.755242 141.520908
0.887836 -0.178510 -0.424124 0.189526 0.981738 -0.016460 0.419317 -0.065769 0.905454 -577.561127 20.734909 141.819377
0.875721 -0.176113 -0.449551 0.188281 0.981952 -0.017913 0.444592 -0.068955 0.893075 -577.744465 20.705237 142.145359
0.862964 -0.174190 -0.474290 0.187661 0.982046 -0.019225 0.469123 -0.072415 0.880159 -577.963562 20.677211 142.525586
0.848377 -0.171870 -0.500716 0.186268 0.982262 -0.021562 0.495541 -0.074974 0.865343 -578.163705 20.652991 142.836925
0.831949 -0.171033 -0.527833 0.185693 0.982274 -0.025604 0.522856 -0.076714 0.848962 -578.354568 20.628967 143.106106
0.814324 -0.170818 -0.554705 0.185127 0.982235 -0.030700 0.550095 -0.077691 0.831480 -578.564271 20.605517 143.391458
0.796388 -0.171020 -0.580102 0.184324 0.982187 -0.036511 0.576013 -0.077850 0.813725 -578.848308 20.576131 143.762240
0.777973 -0.170562 -0.604704 0.183254 0.982199 -0.041274 0.600979 -0.078704 0.795380 -579.108868 20.542988 144.084330
0.757806 -0.170537 -0.629800 0.182755 0.982081 -0.046028 0.626364 -0.080219 0.775393 -579.428428 20.511707 144.446540
0.734138 -0.171096 -0.657090 0.182186 0.981882 -0.052118 0.654102 -0.081451 0.752008 -579.692919 20.481834 144.723186
0.708862 -0.170181 -0.684509 0.179302 0.982055 -0.058474 0.682177 -0.081284 0.726655 -580.009933 20.443141 145.036587
0.681951 -0.169153 -0.711569 0.177653 0.982062 -0.063196 0.709494 -0.083315 0.699769 -580.361848 20.400246 145.366858
0.652292 -0.168012 -0.739112 0.175637 0.982087 -0.068238 0.737338 -0.085304 0.670117 -580.727052 20.356388 145.672570
0.621005 -0.166020 -0.766022 0.172336 0.982316 -0.073186 0.764626 -0.086564 0.638635 -581.121346 20.305101 145.984475
0.590047 -0.164805 -0.790370 0.170094 0.982348 -0.077852 0.789249 -0.088500 0.607663 -581.518853 20.256331 146.270315
0.557424 -0.162931 -0.814084 0.167705 0.982438 -0.081793 0.813114 -0.090933 0.574959 -581.962204 20.197882 146.565073
0.519267 -0.159217 -0.839650 0.162300 0.982984 -0.086025 0.839059 -0.091606 0.536272 -582.500938 20.129596 146.889478
0.485475 -0.154509 -0.860489 0.158200 0.983536 -0.087349 0.859818 -0.093723 0.501926 -583.030999 20.056920 147.174543
0.449890 -0.150346 -0.880338 0.154423 0.983976 -0.089129 0.879632 -0.095846 0.465898 -583.476590 19.996336 147.382825
0.410569 -0.147368 -0.899842 0.149233 0.984407 -0.093127 0.899535 -0.096051 0.426159 -583.882313 19.943062 147.552465
0.374035 -0.144062 -0.916157 0.144791 0.984819 -0.095746 0.916042 -0.096839 0.389216 -584.330932 19.883821 147.723167
0.339844 -0.141957 -0.929707 0.140155 0.985149 -0.099191 0.929980 -0.096594 0.354693 -584.736456 19.829341 147.852034
0.308179 -0.139590 -0.941031 0.134990 0.985584 -0.101991 0.941702 -0.095598 0.322580 -585.164664 19.768004 147.977622
0.278353 -0.137601 -0.950571 0.129329 0.986041 -0.104864 0.951732 -0.093747 0.292264 -585.581256 19.708514 148.086430
0.252870 -0.136332 -0.957847 0.124972 0.986331 -0.107393 0.959395 -0.092547 0.266452 -586.138958 19.634893 148.221346
0.231585 -0.136785 -0.963150 0.122018 0.986331 -0.110738 0.965132 -0.091876 0.245110 -586.677747 19.565965 148.343547
0.213223 -0.136699 -0.967393 0.119600 0.986368 -0.113019 0.969656 -0.091602 0.226665 -587.273963 19.484256 148.471400
0.195143 -0.137097 -0.971146 0.118372 0.986236 -0.115441 0.973605 -0.092429 0.208686 -587.918708 19.393602 148.599045
0.178244 -0.137410 -0.974345 0.117919 0.986048 -0.117489 0.976895 -0.093952 0.191960 -588.508222 19.321019 148.702295
0.158492 -0.136655 -0.977858 0.115543 0.986138 -0.119084 0.980576 -0.094110 0.172085 -589.170247 19.230706 148.810867
0.136894 -0.133983 -0.981483 0.114411 0.986318 -0.118686 0.983956 -0.096045 0.150350 -589.893815 19.128236 148.927701
0.114925 -0.130584 -0.984754 0.112424 0.986663 -0.117717 0.986992 -0.097182 0.128073 -590.603185 19.015340 149.019070
0.092598 -0.127291 -0.987534 0.110366 0.986995 -0.116873 0.989568 -0.098168 0.105442 -591.304935 18.920455 149.092834
0.070129 -0.125290 -0.989639 0.107148 0.987288 -0.117399 0.991767 -0.097805 0.082662 -591.934372 18.837261 149.144507
0.039940 -0.123077 -0.991593 0.099895 0.987905 -0.118595 0.994196 -0.094319 0.051752 -592.466866 18.759170 149.146537
0.012383 -0.121230 -0.992547 0.095286 0.988249 -0.119517 0.995373 -0.093096 0.023789 -593.181176 18.658806 149.154470
-0.012775 -0.119721 -0.992725 0.091312 0.988518 -0.120389 0.995740 -0.092186 -0.001696 -593.839747 18.557709 149.137018
-0.039391 -0.119902 -0.992004 0.087237 0.988571 -0.122951 0.995409 -0.091382 -0.028481 -594.452880 18.467642 149.104645
-0.064933 -0.121060 -0.990519 0.083147 0.988506 -0.126265 0.994420 -0.090558 -0.054121 -595.009217 18.383254 149.064182
-0.089659 -0.122658 -0.988391 0.079496 0.988340 -0.129863 0.992795 -0.090217 -0.078863 -595.598702 18.294540 149.011729
-0.107603 -0.124262 -0.986398 0.076273 0.988202 -0.132809 0.991264 -0.089526 -0.096856 -596.183071 18.211970 148.943472
-0.120728 -0.125437 -0.984729 0.073954 0.988091 -0.134932 0.989927 -0.089115 -0.110013 -596.840685 18.111542 148.864655
-0.130319 -0.125109 -0.983547 0.072168 0.988178 -0.135260 0.988842 -0.088607 -0.119750 -597.507322 18.017726 148.774609
-0.135450 -0.124803 -0.982892 0.071104 0.988252 -0.135283 0.988230 -0.088212 -0.124984 -598.178677 17.919171 148.687931
-0.141567 -0.123088 -0.982246 0.070573 0.988460 -0.134038 0.987410 -0.088296 -0.131247 -598.897473 17.809146 148.594347
-0.147621 -0.121623 -0.981538 0.069649 0.988668 -0.132981 0.986589 -0.087994 -0.137477 -599.623380 17.701424 148.492191
-0.153013 -0.121407 -0.980738 0.067993 0.988780 -0.133011 0.985882 -0.087035 -0.143042 -600.288620 17.601820 148.391857
-0.156570 -0.122045 -0.980097 0.066730 0.988761 -0.133784 0.985410 -0.086348 -0.146666 -600.989243 17.497081 148.288130
-0.157824 -0.122837 -0.979797 0.066475 0.988660 -0.134656 0.985227 -0.086384 -0.147869 -601.637862 17.403113 148.195888
-0.156551 -0.123738 -0.979888 0.067304 0.988478 -0.135576 0.985374 -0.087175 -0.146419 -602.256886 17.310614 148.111041
-0.153780 -0.124510 -0.980229 0.068356 0.988312 -0.136261 0.985738 -0.087958 -0.143472 -602.851185 17.225190 148.026851
-0.151830 -0.125165 -0.980450 0.069173 0.988172 -0.136862 0.985983 -0.088600 -0.141376 -603.446986 17.137494 147.944774
-0.150983 -0.125301 -0.980563 0.070191 0.988072 -0.137068 0.986041 -0.089521 -0.140387 -604.073885 17.044289 147.856806
-0.150493 -0.124395 -0.980754 0.070908 0.988139 -0.136212 0.986065 -0.090043 -0.139887 -604.739796 16.944323 147.763897
-0.149807 -0.123379 -0.980987 0.069950 0.988375 -0.134990 0.986238 -0.088842 -0.139435 -605.377584 16.851309 147.673140
-0.149596 -0.122614 -0.981115 0.069637 0.988510 -0.134156 0.986292 -0.088391 -0.139339 -606.060001 16.752048 147.578216
-0.149291 -0.122316 -0.981199 0.070301 0.988495 -0.133922 0.986291 -0.088972 -0.138975 -606.802594 16.645706 147.478531
-0.147909 -0.121954 -0.981453 0.071573 0.988446 -0.133610 0.986408 -0.090008 -0.137472 -607.570094 16.535788 147.371948
-0.146600 -0.122646 -0.981563 0.072579 0.988276 -0.134325 0.986530 -0.090933 -0.135980 -608.364813 16.431126 147.271467
-0.146057 -0.123497 -0.981537 0.072929 0.988134 -0.135179 0.986584 -0.091326 -0.135317 -609.100799 16.331144 147.173931
-0.145043 -0.125453 -0.981440 0.072297 0.987934 -0.136967 0.986780 -0.090821 -0.134223 -609.824587 16.224548 147.078204
-0.142934 -0.128546 -0.981349 0.071181 0.987627 -0.139736 0.987169 -0.089827 -0.132016 -610.541213 16.121216 146.985006
-0.140252 -0.130688 -0.981453 0.070263 0.987438 -0.141525 0.987620 -0.088809 -0.129308 -611.268660 16.009916 146.888338
-0.136098 -0.131263 -0.981961 0.071778 0.987272 -0.141922 0.988092 -0.089798 -0.124944 -611.992732 15.899211 146.800881
-0.132213 -0.129129 -0.982774 0.073591 0.987463 -0.139645 0.988486 -0.090786 -0.121053 -612.701543 15.788287 146.713996
-0.129133 -0.127343 -0.983417 0.075035 0.987622 -0.137740 0.988784 -0.091578 -0.117980 -613.409738 15.674518 146.632233
-0.128315 -0.127842 -0.983459 0.076023 0.987471 -0.138283 0.988815 -0.092509 -0.116989 -614.137051 15.561868 146.544722
-0.127486 -0.129323 -0.983373 0.077212 0.987160 -0.139831 0.988830 -0.093755 -0.115864 -614.814556 15.456387 146.466305
-0.127607 -0.128621 -0.983450 0.078293 0.987155 -0.139265 0.988730 -0.094768 -0.115898 -615.617970 15.332570 146.364826
-0.127357 -0.126324 -0.983780 0.080252 0.987292 -0.137164 0.988605 -0.096419 -0.115600 -616.443126 15.200690 146.267426
-0.127875 -0.124509 -0.983944 0.081692 0.987395 -0.135563 0.988420 -0.097715 -0.116092 -617.205665 15.077530 146.178044
-0.129056 -0.124506 -0.983790 0.083618 0.987187 -0.135905 0.988106 -0.099802 -0.116991 -617.887214 14.973773 146.101767
-0.129304 -0.126939 -0.983447 0.084346 0.986770 -0.138457 0.988011 -0.100853 -0.116886 -618.674532 14.848503 146.014074
-0.129000 -0.129457 -0.983158 0.084492 0.986402 -0.140970 0.988039 -0.101254 -0.116308 -619.413059 14.737222 145.934247
-0.127101 -0.132507 -0.982999 0.083269 0.986113 -0.143694 0.988388 -0.100117 -0.114302 -620.211192 14.611172 145.838747
-0.124398 -0.134319 -0.983099 0.080555 0.986157 -0.144930 0.988957 -0.097222 -0.111856 -621.114134 14.469152 145.728082
-0.120768 -0.133433 -0.983672 0.078132 0.986573 -0.143419 0.989601 -0.094176 -0.108721 -621.959148 14.329322 145.633063
-0.118413 -0.132430 -0.984094 0.077460 0.986815 -0.142116 0.989939 -0.093057 -0.106594 -622.842710 14.184484 145.536733
-0.114161 -0.132883 -0.984535 0.076647 0.986882 -0.142087 0.990501 -0.091682 -0.102479 -623.672702 14.053234 145.448829
-0.109176 -0.133194 -0.985058 0.076400 0.986926 -0.141914 0.991082 -0.090753 -0.097573 -624.456500 13.927426 145.368584
-0.103073 -0.130900 -0.986023 0.074898 0.987467 -0.138922 0.991850 -0.088170 -0.091977 -625.205676 13.803164 145.299801
-0.096226 -0.126171 -0.987331 0.074300 0.988256 -0.133530 0.992582 -0.086208 -0.085722 -626.112513 13.660246 145.221964
-0.088846 -0.122172 -0.988524 0.075820 0.988740 -0.129013 0.993155 -0.086412 -0.078582 -627.019418 13.520282 145.151036
-0.080651 -0.122203 -0.989223 0.076930 0.988732 -0.128415 0.993769 -0.086458 -0.070342 -627.884854 13.391790 145.098375
-0.068377 -0.124434 -0.989869 0.079185 0.988384 -0.129717 0.994512 -0.087252 -0.057729 -628.664553 13.282364 145.061609
-0.052567 -0.125676 -0.990678 0.082810 0.988084 -0.129741 0.995178 -0.088858 -0.041533 -629.543713 13.162510 145.033734
-0.036807 -0.125269 -0.991440 0.086191 0.988017 -0.128036 0.995598 -0.090166 -0.025569 -630.453786 13.035993 145.015679
-0.020515 -0.123480 -0.992135 0.089422 0.988140 -0.124832 0.995783 -0.091279 -0.009230 -631.471500 12.892478 145.015556
-0.004382 -0.120180 -0.992742 0.093444 0.988359 -0.120062 0.995615 -0.093292 0.006899 -632.536692 12.741226 145.028455
0.012045 -0.119779 -0.992727 0.095419 0.988407 -0.118100 0.995364 -0.093302 0.023335 -633.476514 12.611102 145.054502
0.029154 -0.121382 -0.992178 0.097303 0.988230 -0.118040 0.994828 -0.093101 0.040622 -634.318443 12.501444 145.098814
0.041647 -0.123504 -0.991470 0.098732 0.987982 -0.118923 0.994242 -0.092937 0.053340 -635.224259 12.375535 145.155631
0.053860 -0.124380 -0.990772 0.102257 0.987683 -0.118433 0.993299 -0.094935 0.065915 -636.120057 12.251911 145.219692
0.066407 -0.123744 -0.990090 0.105573 0.987582 -0.116349 0.992192 -0.096800 0.078646 -637.044215 12.135862 145.296379
0.073290 -0.123259 -0.989665 0.109101 0.987369 -0.114893 0.991325 -0.099553 0.085812 -637.965595 12.012464 145.383673
0.077455 -0.123691 -0.989293 0.111541 0.987120 -0.114686 0.990737 -0.101464 0.090253 -638.926629 11.886334 145.482698
0.080725 -0.123697 -0.989031 0.113631 0.986942 -0.114161 0.990238 -0.103169 0.093727 -639.850323 11.764818 145.572978
0.083329 -0.122453 -0.988970 0.116607 0.986802 -0.112359 0.989676 -0.105958 0.096508 -640.863964 11.633768 145.669310
0.087510 -0.121062 -0.988780 0.117769 0.986884 -0.110407 0.989178 -0.106786 0.100619 -641.918609 11.499279 145.774023
0.088620 -0.121797 -0.988591 0.118989 0.986683 -0.110895 0.988933 -0.107804 0.101932 -642.907939 11.373638 145.867987
0.089356 -0.121865 -0.988516 0.119993 0.986575 -0.110779 0.988745 -0.108717 0.102779 -643.918025 11.244086 145.968459
0.090377 -0.121075 -0.988520 0.120461 0.986624 -0.109830 0.988596 -0.109152 0.103753 -644.850310 11.124088 146.063197
0.091041 -0.121500 -0.988407 0.121733 0.986444 -0.110046 0.988379 -0.110303 0.104598 -645.884534 10.993890 146.169029
0.093069 -0.123156 -0.988014 0.121805 0.986275 -0.111466 0.988181 -0.109971 0.106792 -646.933646 10.867279 146.275745
0.096029 -0.121970 -0.987877 0.123555 0.986249 -0.109759 0.987680 -0.111517 0.109779 -647.921977 10.751911 146.388947
0.096755 -0.118894 -0.988181 0.123716 0.986577 -0.106587 0.987589 -0.111941 0.110166 -648.943050 10.627973 146.503000
0.099556 -0.117403 -0.988082 0.125682 0.986545 -0.104557 0.987063 -0.113775 0.112972 -649.976865 10.507347 146.621112
0.104456 -0.116312 -0.987705 0.127305 0.986531 -0.102711 0.986348 -0.115011 0.117856 -651.095058 10.379131 146.753704
0.114090 -0.116999 -0.986557 0.126839 0.986630 -0.102340 0.985340 -0.113458 0.127404 -652.315856 10.236488 146.901786
0.119327 -0.118240 -0.985789 0.127687 0.986466 -0.102865 0.984610 -0.113597 0.132810 -653.552752 10.090519 147.062813
0.122346 -0.117665 -0.985488 0.126629 0.986683 -0.102087 0.984376 -0.112301 0.135616 -654.746988 9.941532 147.226177
0.123419 -0.117991 -0.985315 0.126107 0.986721 -0.102363 0.984309 -0.111622 0.136660 -655.985962 9.803211 147.395249
0.124531 -0.117083 -0.985283 0.126006 0.986840 -0.101342 0.984182 -0.111531 0.137646 -657.231228 9.659592 147.566567
0.124892 -0.115974 -0.985369 0.126344 0.986919 -0.100143 0.984093 -0.111989 0.137911 -658.412810 9.521874 147.730157
0.125215 -0.114656 -0.985482 0.126305 0.987060 -0.098791 0.984057 -0.112101 0.138076 -659.540231 9.387153 147.892052
0.124185 -0.115445 -0.985520 0.127742 0.986804 -0.099498 0.984002 -0.113536 0.137294 -660.710770 9.243496 148.058212
0.124923 -0.117487 -0.985186 0.128471 0.986520 -0.101356 0.983814 -0.113906 0.138333 -661.786359 9.109473 148.207242
0.126056 -0.120361 -0.984694 0.129534 0.986111 -0.103952 0.983530 -0.114447 0.139896 -662.815824 8.984263 148.352571
0.125029 -0.122782 -0.984526 0.130501 0.985727 -0.106359 0.983533 -0.115184 0.139268 -663.825232 8.861364 148.490141
0.124925 -0.122723 -0.984547 0.132461 0.985500 -0.106034 0.983284 -0.117168 0.139370 -664.755378 8.753463 148.625404
0.126814 -0.121458 -0.984462 0.133734 0.985507 -0.104360 0.982870 -0.118422 0.141219 -665.667343 8.635655 148.749550
0.123682 -0.119345 -0.985119 0.135409 0.985485 -0.102389 0.983040 -0.120730 0.138048 -666.630004 8.515995 148.881538
0.121449 -0.120159 -0.985298 0.135530 0.985357 -0.103460 0.983301 -0.120972 0.135955 -667.505354 8.401788 149.003993
0.120023 -0.121209 -0.985344 0.136589 0.985096 -0.104541 0.983330 -0.122040 0.134790 -668.405224 8.283103 149.129471
0.120523 -0.122753 -0.985092 0.138383 0.984714 -0.105775 0.983018 -0.123572 0.135667 -669.486423 8.142615 149.285073
0.122890 -0.124806 -0.984541 0.138894 0.984460 -0.107459 0.982653 -0.123541 0.138315 -670.488994 8.019399 149.429594
0.122867 -0.124475 -0.984586 0.138080 0.984598 -0.107245 0.982770 -0.122774 0.138162 -671.446036 7.896358 149.556171
0.123089 -0.122351 -0.984825 0.137097 0.984952 -0.105231 0.982880 -0.122064 0.138011 -672.585642 7.748492 149.712586
0.121181 -0.122474 -0.985046 0.139277 0.984640 -0.105289 0.982811 -0.124435 0.136378 -673.694491 7.613134 149.870721
0.120320 -0.122550 -0.985142 0.140174 0.984506 -0.105351 0.982789 -0.125415 0.135634 -674.743054 7.485034 150.010761
0.119613 -0.122768 -0.985201 0.140289 0.984458 -0.105643 0.982859 -0.125577 0.134977 -675.800131 7.354651 150.150378
0.120383 -0.123283 -0.985043 0.141303 0.984284 -0.105919 0.982620 -0.126438 0.135911 -676.836761 7.228493 150.294812
0.118673 -0.123472 -0.985227 0.139844 0.984426 -0.106528 0.983036 -0.125136 0.134091 -677.773498 7.105015 150.403059
0.117443 -0.125058 -0.985174 0.139995 0.984217 -0.108247 0.983162 -0.125207 0.133097 -678.824575 6.976685 150.539022
0.116706 -0.126137 -0.985124 0.141023 0.983956 -0.109281 0.983103 -0.126171 0.132621 -679.835754 6.853051 150.674929
0.116126 -0.125172 -0.985315 0.141120 0.984042 -0.108378 0.983158 -0.126462 0.131938 -680.917809 6.718191 150.808250
0.113723 -0.123903 -0.985756 0.142849 0.983923 -0.107193 0.983189 -0.128624 0.129594 -682.049495 6.569514 150.954466
0.110866 -0.122499 -0.986257 0.144954 0.983756 -0.105894 0.983208 -0.131222 0.126821 -683.170104 6.422549 151.106679
0.109121 -0.120416 -0.986708 0.144967 0.983951 -0.104047 0.983401 -0.131687 0.124826 -684.235092 6.287035 151.243026
0.107710 -0.119630 -0.986959 0.144854 0.984028 -0.103466 0.983573 -0.131820 0.123318 -685.222074 6.155175 151.363616
0.105809 -0.120477 -0.987061 0.145201 0.983866 -0.104522 0.983728 -0.132263 0.121595 -686.038237 6.051128 151.465744
0.105455 -0.121020 -0.987033 0.146629 0.983610 -0.104934 0.983554 -0.133662 0.121472 -686.938122 5.936304 151.573871
0.105839 -0.119599 -0.987165 0.147127 0.983698 -0.103405 0.983439 -0.134294 0.121710 -687.859195 5.821719 151.691323
0.104345 -0.118287 -0.987482 0.148807 0.983582 -0.102096 0.983346 -0.136291 0.120234 -688.867949 5.693804 151.818135
0.103122 -0.116735 -0.987795 0.149346 0.983649 -0.100654 0.983393 -0.137143 0.118870 -689.909950 5.568729 151.941871
0.102237 -0.116485 -0.987916 0.149251 0.983675 -0.100540 0.983500 -0.137169 0.117953 -690.851507 5.456454 152.053509
0.100073 -0.117746 -0.987988 0.149339 0.983502 -0.102085 0.983709 -0.137329 0.116006 -691.779733 5.350307 152.158309
0.099687 -0.118411 -0.987948 0.148965 0.983480 -0.102845 0.983805 -0.136917 0.115679 -692.632337 5.251866 152.250440
0.099414 -0.118456 -0.987970 0.149228 0.983434 -0.102896 0.983793 -0.137203 0.115444 -693.547119 5.145752 152.354291
0.098861 -0.116034 -0.988313 0.150484 0.983499 -0.100416 0.983657 -0.138798 0.114691 -694.522805 5.036140 152.467328
0.099386 -0.114561 -0.988432 0.151992 0.983441 -0.098700 0.983372 -0.140425 0.115153 -695.537830 4.914964 152.588335
0.097782 -0.115096 -0.988530 0.153725 0.983116 -0.099260 0.983264 -0.142256 0.113824 -696.542931 4.800930 152.710893
0.096844 -0.116345 -0.988476 0.153931 0.982946 -0.100613 0.983324 -0.142414 0.113102 -697.412853 4.696874 152.812722
0.095804 -0.119650 -0.988183 0.153415 0.982662 -0.104108 0.983507 -0.141628 0.112499 -698.353067 4.589830 152.916400
0.094669 -0.121549 -0.988061 0.153882 0.982376 -0.106105 0.983544 -0.142000 0.111705 -699.359459 4.477414 153.030793
0.094844 -0.121388 -0.988063 0.153059 0.982514 -0.106014 0.983655 -0.141177 0.111766 -700.435829 4.344453 153.156049
0.094251 -0.120531 -0.988225 0.152538 0.982671 -0.105305 0.983793 -0.140817 0.111003 -701.507166 4.215863 153.276557
0.093420 -0.120023 -0.988366 0.152428 0.982728 -0.104931 0.983889 -0.140852 0.110101 -702.472900 4.099540 153.383740
0.092575 -0.119292 -0.988534 0.152774 0.982743 -0.104286 0.983916 -0.141368 0.109203 -703.409317 3.982835 153.491878
0.090429 -0.119428 -0.988716 0.152579 0.982724 -0.104750 0.984145 -0.141385 0.107089 -704.248198 3.878033 153.581887
0.088958 -0.122664 -0.988453 0.151863 0.982456 -0.108253 0.984390 -0.140480 0.106025 -705.153288 3.762899 153.680057
0.087798 -0.125922 -0.988147 0.152307 0.982011 -0.111607 0.984426 -0.140703 0.105397 -706.063564 3.646063 153.775392
0.086482 -0.126213 -0.988226 0.152857 0.981878 -0.112026 0.984457 -0.141369 0.104207 -707.055227 3.512015 153.870288
0.084627 -0.125102 -0.988528 0.153186 0.981926 -0.111152 0.984567 -0.142022 0.102262 -708.067905 3.372940 153.966883
0.082728 -0.123635 -0.988873 0.153128 0.982068 -0.109973 0.984737 -0.142327 0.100176 -709.009071 3.242071 154.058991
0.079195 -0.123201 -0.989217 0.153488 0.982007 -0.110015 0.984972 -0.143120 0.096680 -709.922091 3.116308 154.145545
0.076995 -0.124140 -0.989273 0.154012 0.981790 -0.111214 0.985065 -0.143797 0.094712 -710.793132 2.996188 154.227736
0.075165 -0.125892 -0.989192 0.154758 0.981452 -0.113147 0.985089 -0.144580 0.093254 -711.708386 2.872165 154.308821
0.073392 -0.127626 -0.989103 0.154959 0.981192 -0.115107 0.985191 -0.144822 0.091789 -712.611586 2.753637 154.388605
0.071017 -0.128566 -0.989155 0.154471 0.981113 -0.116431 0.985442 -0.144528 0.089535 -713.544780 2.629638 154.466731
0.069479 -0.126831 -0.989488 0.153645 0.981411 -0.115007 0.985680 -0.144039 0.087674 -714.395822 2.507415 154.536981
0.068435 -0.125605 -0.989717 0.154556 0.981401 -0.113863 0.985611 -0.145175 0.086575 -715.223997 2.390355 154.613332
0.067857 -0.125491 -0.989771 0.154882 0.981356 -0.113805 0.985600 -0.145576 0.086029 -716.094769 2.269322 154.693001
0.068008 -0.126281 -0.989661 0.154685 0.981296 -0.114584 0.985620 -0.145293 0.086270 -717.089776 2.135025 154.779037
0.068168 -0.126915 -0.989568 0.153984 0.981329 -0.115251 0.985719 -0.144521 0.086438 -718.042100 2.005785 154.862069
0.068876 -0.127245 -0.989477 0.152213 0.981560 -0.115632 0.985945 -0.142647 0.086974 -719.020566 1.873385 154.950525
0.071093 -0.127836 -0.989244 0.150566 0.981765 -0.116049 0.986040 -0.140696 0.089045 -719.973359 1.745189 155.036139
0.072622 -0.128929 -0.988991 0.149316 0.981839 -0.117033 0.986119 -0.139173 0.090554 -720.890444 1.622045 155.119450
0.073704 -0.129442 -0.988844 0.148717 0.981881 -0.117446 0.986129 -0.138402 0.091618 -721.819267 1.495652 155.199882
0.073833 -0.128966 -0.988897 0.148787 0.981929 -0.116949 0.986109 -0.138500 0.091687 -722.725648 1.365159 155.282998
0.074425 -0.128307 -0.988938 0.148919 0.981998 -0.116199 0.986045 -0.138624 0.092192 -723.675503 1.230462 155.367952
0.076098 -0.127435 -0.988923 0.148397 0.982201 -0.115150 0.985996 -0.137991 0.093654 -724.581808 1.106992 155.444893
0.077787 -0.127108 -0.988834 0.148091 0.982309 -0.114620 0.985910 -0.137521 0.095234 -725.507275 0.978411 155.527187
0.080543 -0.127057 -0.988620 0.147836 0.982395 -0.114213 0.985727 -0.136954 0.097908 -726.421226 0.857019 155.616359
0.082636 -0.128235 -0.988295 0.148889 0.982146 -0.114987 0.985395 -0.137645 0.100253 -727.279045 0.739403 155.699290
0.084769 -0.128216 -0.988117 0.149504 0.982096 -0.114609 0.985121 -0.138012 0.102420 -728.139116 0.621019 155.784947
0.085190 -0.125823 -0.988388 0.149396 0.982393 -0.112183 0.985101 -0.138104 0.102488 -729.027402 0.500600 155.868327
0.086080 -0.123508 -0.988603 0.149037 0.982717 -0.109795 0.985078 -0.137887 0.103000 -729.861225 0.386130 155.948716
0.086682 -0.124848 -0.988382 0.150104 0.982427 -0.110931 0.984863 -0.138744 0.103899 -730.558111 0.291698 156.024368
0.088826 -0.129888 -0.987542 0.150463 0.981833 -0.115604 0.984617 -0.138320 0.106756 -731.304297 0.195168 156.098948
0.092003 -0.135552 -0.986489 0.152230 0.980960 -0.120595 0.984054 -0.139078 0.110887 -732.135970 0.085300 156.192020
0.095842 -0.138124 -0.985767 0.153131 0.980583 -0.122510 0.983547 -0.139210 0.115132 -732.968176 -0.028743 156.293850
0.101927 -0.136188 -0.985426 0.153622 0.980857 -0.119667 0.982859 -0.139186 0.120897 -733.862035 -0.160568 156.412089
0.109692 -0.134541 -0.984818 0.154900 0.981005 -0.116767 0.981822 -0.139740 0.128449 -734.754362 -0.286766 156.540428
0.116167 -0.134720 -0.984051 0.155370 0.981026 -0.115965 0.981002 -0.139421 0.134894 -735.611579 -0.410532 156.665411
0.122485 -0.134117 -0.983367 0.154777 0.981286 -0.114554 0.980327 -0.138171 0.140951 -736.503995 -0.536605 156.794003
0.125909 -0.131970 -0.983225 0.154554 0.981620 -0.111963 0.979929 -0.137864 0.143991 -737.287769 -0.646833 156.904522
0.130213 -0.130214 -0.982898 0.154306 0.981921 -0.109642 0.979405 -0.137390 0.147952 -738.128720 -0.766668 157.029205
0.133409 -0.129248 -0.982597 0.154929 0.981990 -0.108133 0.978876 -0.137807 0.151030 -738.809127 -0.864332 157.132190
0.135550 -0.129065 -0.982328 0.154972 0.982037 -0.107642 0.978575 -0.137642 0.153117 -739.560891 -0.966887 157.247674
0.139400 -0.130212 -0.981638 0.155054 0.981959 -0.108236 0.978021 -0.137119 0.157075 -740.278518 -1.060483 157.357476
0.144256 -0.132112 -0.980682 0.156447 0.981628 -0.109227 0.977095 -0.137668 0.162274 -741.023913 -1.155462 157.483302
0.147683 -0.134678 -0.979822 0.157824 0.981200 -0.111080 0.976361 -0.138234 0.166162 -741.707724 -1.245616 157.602507
0.148007 -0.136074 -0.979580 0.158751 0.980914 -0.112273 0.976162 -0.138893 0.166784 -742.370832 -1.331807 157.716470
0.150643 -0.137701 -0.978951 0.159075 0.980724 -0.113471 0.975706 -0.138633 0.169644 -742.993294 -1.414344 157.829344
0.153667 -0.138832 -0.978321 0.160706 0.980410 -0.113886 0.974967 -0.139721 0.172968 -743.591982 -1.493626 157.941929
0.156415 -0.140066 -0.977710 0.161802 0.980154 -0.114531 0.974348 -0.140281 0.175974 -744.181551 -1.569143 158.055270
0.160145 -0.141406 -0.976912 0.163007 0.979886 -0.115115 0.973541 -0.140808 0.179974 -744.759662 -1.646195 158.167578
0.165344 -0.142046 -0.975953 0.163022 0.979897 -0.115002 0.972669 -0.140087 0.185176 -745.336735 -1.724680 158.280297
0.169287 -0.141991 -0.975285 0.162994 0.979974 -0.114381 0.971995 -0.139602 0.189040 -745.880368 -1.802576 158.387555
0.173249 -0.142344 -0.974537 0.163539 0.979921 -0.114057 0.971205 -0.139615 0.193049 -746.385489 -1.874355 158.491248
0.175154 -0.142631 -0.974155 0.163969 0.979858 -0.113984 0.970791 -0.139766 0.195013 -746.915200 -1.950549 158.600429
0.175885 -0.142680 -0.974016 0.163088 0.979991 -0.114105 0.970807 -0.138781 0.195635 -747.471603 -2.028466 158.712198
0.174920 -0.142820 -0.974169 0.162504 0.980042 -0.114502 0.971080 -0.138278 0.194637 -747.990119 -2.099012 158.809000
0.172100 -0.142707 -0.974688 0.161180 0.980196 -0.115054 0.971804 -0.137299 0.191693 -748.479811 -2.161009 158.892053
0.167373 -0.142402 -0.975555 0.159529 0.980385 -0.115737 0.972901 -0.136258 0.186807 -748.927183 -2.218984 158.968001
0.160561 -0.141992 -0.976759 0.158067 0.980525 -0.116556 0.974287 -0.135679 0.179878 -749.350110 -2.274277 159.034559
0.151680 -0.141826 -0.978202 0.157493 0.980477 -0.117735 0.975802 -0.136202 0.171055 -749.829369 -2.335712 159.113383
0.139497 -0.141938 -0.979997 0.157111 0.980310 -0.119620 0.977679 -0.137282 0.159051 -750.277926 -2.397999 159.181801
0.122333 -0.142639 -0.982186 0.157413 0.979881 -0.122698 0.979926 -0.139598 0.142325 -750.716628 -2.463523 159.240059
0.099637 -0.142943 -0.984703 0.155651 0.979683 -0.126465 0.982774 -0.140669 0.119862 -751.089062 -2.527476 159.273181
0.073063 -0.143434 -0.986959 0.153659 0.979407 -0.130962 0.985419 -0.142087 0.093599 -751.409980 -2.583881 159.287062
0.044032 -0.143070 -0.988733 0.150478 0.979351 -0.135011 0.987632 -0.142837 0.064652 -751.782598 -2.648165 159.295132
0.011767 -0.141753 -0.989832 0.145960 0.979541 -0.138544 0.989221 -0.142846 0.032216 -752.263040 -2.728368 159.293280
-0.022137 -0.140614 -0.989817 0.139805 0.979896 -0.142331 0.989932 -0.141532 -0.002034 -752.705612 -2.808203 159.272003
-0.059336 -0.138957 -0.988519 0.131896 0.980491 -0.145745 0.989486 -0.139030 -0.039850 -753.259655 -2.906703 159.236498
-0.096895 -0.138476 -0.985614 0.125635 0.980651 -0.150130 0.987333 -0.138374 -0.077622 -753.649000 -2.979040 159.184913
-0.134759 -0.138642 -0.981131 0.118159 0.980849 -0.154832 0.983808 -0.136794 -0.115796 -754.028667 -3.047760 159.109979
-0.174181 -0.139197 -0.974826 0.110522 0.980940 -0.159818 0.978492 -0.135577 -0.155476 -754.413331 -3.122665 159.023544
-0.213337 -0.140671 -0.966798 0.103005 0.980826 -0.165442 0.971533 -0.134880 -0.194757 -754.807239 -3.196696 158.921517
-0.251366 -0.142786 -0.957302 0.095397 0.980588 -0.171308 0.963180 -0.134385 -0.232865 -755.194066 -3.275534 158.804624
-0.286865 -0.144079 -0.947074 0.085834 0.980783 -0.175205 0.954118 -0.131552 -0.268985 -755.529517 -3.348408 158.678517
-0.327141 -0.144532 -0.933857 0.075837 0.981031 -0.178400 0.941928 -0.129183 -0.309975 -755.912871 -3.424855 158.529548
-0.371056 -0.144115 -0.917360 0.066265 0.981256 -0.180956 0.926243 -0.127933 -0.354551 -756.277474 -3.505876 158.360922
-0.413574 -0.145351 -0.898793 0.056603 0.981160 -0.184717 0.908709 -0.127269 -0.397555 -756.697186 -3.599388 158.135677
-0.458324 -0.147032 -0.876539 0.046010 0.980974 -0.188608 0.887594 -0.126773 -0.442839 -757.050175 -3.687737 157.919197
-0.502031 -0.148047 -0.852084 0.035138 0.980934 -0.191137 0.864135 -0.125898 -0.487258 -757.359736 -3.761111 157.695752
-0.542886 -0.149598 -0.826375 0.023838 0.980865 -0.193225 0.839468 -0.124598 -0.528932 -757.777362 -3.860963 157.383863
-0.581975 -0.152408 -0.798797 0.011506 0.980639 -0.195485 0.813125 -0.122958 -0.568954 -758.118898 -3.947386 157.103792
-0.618225 -0.152484 -0.771068 0.002959 0.980543 -0.196281 0.785995 -0.123627 -0.605745 -758.441911 -4.042577 156.803229
-0.651911 -0.152594 -0.742783 -0.006354 0.980608 -0.195875 0.758268 -0.122974 -0.640239 -758.784870 -4.146506 156.479745
-0.680936 -0.153587 -0.716057 -0.016002 0.980648 -0.195122 0.732168 -0.121408 -0.670216 -759.072565 -4.232757 156.177698
-0.707828 -0.156159 -0.688908 -0.025504 0.980272 -0.196000 0.705925 -0.121164 -0.697846 -759.323714 -4.311669 155.879126
-0.732337 -0.157855 -0.662393 -0.032776 0.979803 -0.197260 0.680153 -0.122750 -0.722720 -759.619715 -4.403047 155.525859
-0.755710 -0.158895 -0.635338 -0.039471 0.979408 -0.197996 0.653716 -0.124550 -0.746420 -759.917124 -4.499490 155.157719
-0.780522 -0.160022 -0.604300 -0.047878 0.979144 -0.197444 0.623293 -0.125177 -0.771905 -760.242114 -4.614726 154.715484
-0.804222 -0.161682 -0.571914 -0.056841 0.978799 -0.196780 0.591605 -0.125747 -0.796361 -760.600922 -4.741319 154.200223
-0.825568 -0.159585 -0.541266 -0.063068 0.979263 -0.192527 0.560767 -0.124808 -0.818513 -760.890884 -4.842622 153.732550
-0.846399 -0.156483 -0.509040 -0.069453 0.980127 -0.185816 0.528001 -0.121921 -0.840446 -761.263258 -4.990858 153.117845
-0.865055 -0.154378 -0.477334 -0.075938 0.980806 -0.179590 0.495897 -0.119107 -0.860174 -761.634572 -5.138716 152.443507
-0.881922 -0.152950 -0.445893 -0.081597 0.981152 -0.175165 0.464280 -0.118099 -0.877779 -761.999600 -5.300674 151.716861
-0.897403 -0.153214 -0.413755 -0.086825 0.980758 -0.174859 0.432584 -0.120994 -0.893438 -762.324662 -5.437905 151.023614
-0.910329 -0.153290 -0.384452 -0.091394 0.980406 -0.174504 0.403668 -0.123719 -0.906502 -762.608606 -5.570331 150.345171
-0.922518 -0.154542 -0.353664 -0.097410 0.979898 -0.174102 0.373461 -0.126162 -0.919027 -762.827896 -5.683219 149.742348
-0.931000 -0.153141 -0.331340 -0.100659 0.980250 -0.170228 0.350865 -0.125130 -0.928028 -763.090277 -5.822322 149.005122
-0.939486 -0.152129 -0.306956 -0.105625 0.980973 -0.162895 0.325897 -0.120616 -0.937680 -763.359821 -5.980602 148.190759
-0.946652 -0.150430 -0.284994 -0.108797 0.981627 -0.156753 0.303338 -0.117384 -0.945625 -763.605795 -6.139231 147.342901
-0.952779 -0.148852 -0.264680 -0.111797 0.982343 -0.150014 0.282336 -0.113340 -0.952597 -763.807524 -6.270443 146.573590
-0.957455 -0.148164 -0.247645 -0.114979 0.982941 -0.143549 0.264689 -0.108967 -0.958157 -764.014394 -6.405740 145.730089
-0.960747 -0.146508 -0.235584 -0.116453 0.983722 -0.136856 0.251800 -0.104050 -0.962170 -764.216593 -6.543506 144.886010
-0.963595 -0.147084 -0.223272 -0.119307 0.983876 -0.133242 0.239269 -0.101753 -0.965607 -764.405764 -6.674786 144.051353
-0.965504 -0.148057 -0.214197 -0.121384 0.983682 -0.132797 0.230364 -0.102216 -0.967721 -764.542005 -6.771569 143.404687
-0.966370 -0.150831 -0.208275 -0.124775 0.983218 -0.133093 0.224854 -0.102630 -0.968973 -764.688731 -6.878857 142.700785
-0.967008 -0.152728 -0.203887 -0.127247 0.982942 -0.132792 0.220690 -0.102467 -0.969947 -764.844970 -7.001326 141.930770
-0.967661 -0.152839 -0.200679 -0.128534 0.983269 -0.129081 0.217050 -0.099113 -0.971116 -765.031819 -7.137935 141.010348
-0.968591 -0.150878 -0.197655 -0.128294 0.984137 -0.122538 0.213008 -0.093331 -0.972583 -765.255620 -7.294409 139.911984
-0.969217 -0.150610 -0.194769 -0.129159 0.984509 -0.118571 0.209610 -0.089765 -0.973656 -765.451425 -7.428369 138.942504
-0.969656 -0.151076 -0.192205 -0.130391 0.984638 -0.116133 0.206797 -0.087547 -0.974459 -765.622684 -7.548989 138.056243
-0.969824 -0.150300 -0.191964 -0.130393 0.985059 -0.112502 0.206005 -0.084076 -0.974932 -765.784775 -7.661604 137.233253
-0.970236 -0.149271 -0.190683 -0.130002 0.985402 -0.109916 0.204306 -0.081855 -0.975479 -765.960022 -7.785890 136.299649
-0.970606 -0.149215 -0.188837 -0.130167 0.985415 -0.109607 0.202437 -0.081805 -0.975872 -766.127167 -7.903521 135.398071
-0.970946 -0.150349 -0.186167 -0.131377 0.985163 -0.110429 0.200008 -0.082762 -0.976293 -766.294566 -8.012862 134.473003
-0.970484 -0.152193 -0.187081 -0.133436 0.985030 -0.109135 0.200890 -0.080951 -0.976263 -766.469879 -8.128618 133.497501
-0.970516 -0.152098 -0.186987 -0.134005 0.985302 -0.105936 0.200351 -0.077756 -0.976634 -766.641701 -8.233500 132.612601
-0.970788 -0.151727 -0.185875 -0.134290 0.985561 -0.103130 0.198838 -0.075156 -0.977146 -766.819212 -8.352205 131.669198
-0.970628 -0.152733 -0.185884 -0.135620 0.985537 -0.101607 0.198715 -0.073413 -0.977304 -767.002066 -8.471619 130.680017
-0.970288 -0.152479 -0.187859 -0.135470 0.985687 -0.100349 0.200471 -0.071918 -0.977056 -767.176221 -8.579638 129.763737
-0.970512 -0.151036 -0.187867 -0.134328 0.986002 -0.098768 0.200155 -0.070620 -0.977216 -767.351189 -8.692073 128.836065
-0.971039 -0.150805 -0.185313 -0.134037 0.985921 -0.099973 0.197780 -0.072239 -0.977581 -767.512413 -8.795570 127.958034
-0.970923 -0.151948 -0.184987 -0.134592 0.985524 -0.103087 0.197974 -0.075192 -0.977319 -767.641259 -8.877548 127.227600
-0.971118 -0.153211 -0.182913 -0.135604 0.985158 -0.105237 0.196322 -0.077394 -0.977480 -767.786348 -8.964001 126.412680
-0.970843 -0.155014 -0.182852 -0.137764 0.985030 -0.103618 0.196177 -0.075407 -0.977665 -767.956154 -9.072531 125.454111
-0.970646 -0.154360 -0.184442 -0.137508 0.985340 -0.100982 0.197326 -0.072655 -0.977642 -768.122222 -9.182920 124.554701
-0.970777 -0.152873 -0.184990 -0.136162 0.985630 -0.099968 0.197614 -0.071858 -0.977643 -768.297046 -9.294567 123.638348
-0.970849 -0.152350 -0.185044 -0.135425 0.985630 -0.100967 0.197767 -0.072964 -0.977530 -768.465745 -9.393210 122.739580
-0.970551 -0.153092 -0.185994 -0.135660 0.985370 -0.103159 0.199066 -0.074889 -0.977120 -768.630669 -9.488760 121.883748
-0.970639 -0.152309 -0.186177 -0.134569 0.985374 -0.104545 0.199377 -0.076422 -0.976938 -768.791718 -9.585044 121.045385
-0.970619 -0.151690 -0.186786 -0.134426 0.985667 -0.101927 0.199570 -0.073823 -0.977099 -768.947953 -9.679692 120.223956
-0.970626 -0.150875 -0.187411 -0.134399 0.986091 -0.097779 0.199557 -0.069719 -0.977403 -769.124430 -9.791988 119.291984
-0.970647 -0.149677 -0.188259 -0.133741 0.986477 -0.094748 0.199895 -0.066789 -0.977538 -769.282285 -9.885681 118.478736
-0.970630 -0.149480 -0.188501 -0.133564 0.986519 -0.094553 0.200093 -0.066599 -0.977511 -769.457738 -9.982728 117.590848
-0.970361 -0.149716 -0.189699 -0.133776 0.986516 -0.094288 0.201257 -0.066116 -0.977305 -769.624188 -10.076175 116.729426
-0.970346 -0.148096 -0.191041 -0.132343 0.986850 -0.092806 0.202273 -0.064771 -0.977185 -769.820441 -10.180294 115.773309
-0.970654 -0.147499 -0.189932 -0.131857 0.986936 -0.092585 0.201107 -0.064824 -0.977422 -769.986990 -10.272310 114.946653
-0.970887 -0.145955 -0.189937 -0.130210 0.987119 -0.092955 0.201058 -0.065517 -0.977386 -770.158205 -10.376670 114.066114
-0.970877 -0.145994 -0.189956 -0.129921 0.987006 -0.094549 0.201291 -0.067116 -0.977229 -770.313211 -10.472746 113.250176
-0.970860 -0.146549 -0.189616 -0.130288 0.986854 -0.095621 0.201137 -0.068130 -0.977191 -770.465091 -10.559104 112.445916
-0.970847 -0.145131 -0.190772 -0.129570 0.987319 -0.091720 0.201664 -0.064328 -0.977340 -770.662573 -10.674430 111.406070
-0.970414 -0.142439 -0.194956 -0.128048 0.988154 -0.084591 0.204696 -0.057124 -0.977157 -770.874101 -10.789606 110.354498
-0.969870 -0.141192 -0.198539 -0.127365 0.988556 -0.080839 0.207680 -0.053117 -0.976754 -771.062901 -10.881947 109.406639
-0.969601 -0.139142 -0.201279 -0.125303 0.988888 -0.079998 0.210174 -0.052345 -0.976262 -771.227273 -10.968246 108.601999
-0.969153 -0.137130 -0.204786 -0.122767 0.989098 -0.081327 0.213705 -0.053677 -0.975422 -771.395514 -11.052817 107.843385
-0.968431 -0.136280 -0.208734 -0.121276 0.989132 -0.083126 0.217794 -0.055187 -0.974433 -771.562498 -11.138068 107.102301
-0.967767 -0.135422 -0.212340 -0.120140 0.989252 -0.083351 0.221345 -0.055154 -0.973635 -771.731777 -11.215424 106.369105
-0.966395 -0.135149 -0.218668 -0.119493 0.989329 -0.083365 0.227602 -0.054435 -0.972232 -771.926413 -11.312446 105.515552
-0.964184 -0.135750 -0.227861 -0.119650 0.989332 -0.083108 0.236712 -0.052868 -0.970140 -772.115835 -11.407874 104.720503
-0.961713 -0.134350 -0.238870 -0.117658 0.989589 -0.082881 0.247518 -0.051603 -0.967508 -772.321683 -11.496716 103.930830
-0.957602 -0.134475 -0.254782 -0.116927 0.989676 -0.082885 0.263298 -0.049580 -0.963440 -772.563580 -11.607137 103.017446
-0.951400 -0.133580 -0.277479 -0.114445 0.989861 -0.084122 0.285903 -0.048278 -0.957042 -772.838543 -11.724377 102.064170
-0.942631 -0.133735 -0.305880 -0.112659 0.989937 -0.085634 0.314254 -0.046261 -0.948211 -773.107568 -11.824536 101.253606
-0.931443 -0.131686 -0.339224 -0.107579 0.990205 -0.089003 0.347622 -0.046408 -0.936486 -773.388092 -11.915259 100.528923
-0.917962 -0.130660 -0.374532 -0.103158 0.990340 -0.092658 0.383021 -0.046421 -0.922573 -773.677291 -12.007222 99.864576
-0.904015 -0.129144 -0.407527 -0.098484 0.990552 -0.095437 0.416001 -0.046142 -0.908193 -773.995319 -12.109121 99.213585
-0.886289 -0.127062 -0.445362 -0.092181 0.990786 -0.099229 0.453866 -0.046891 -0.889835 -774.360354 -12.206592 98.517478
-0.866986 -0.127060 -0.481861 -0.088181 0.990806 -0.102603 0.490468 -0.046464 -0.870220 -774.712902 -12.297644 97.905550
-0.846049 -0.126677 -0.517836 -0.082736 0.990789 -0.107199 0.526646 -0.047852 -0.848737 -775.021813 -12.374854 97.447873
-0.821081 -0.126582 -0.556599 -0.076671 0.990723 -0.112207 0.565639 -0.049456 -0.823169 -775.349132 -12.457158 97.003590
-0.794720 -0.125827 -0.593790 -0.070324 0.990777 -0.115829 0.602888 -0.050294 -0.796239 -775.718706 -12.541918 96.550440
-0.765771 -0.125044 -0.630840 -0.064161 0.990876 -0.118524 0.639905 -0.050287 -0.766807 -776.068067 -12.615691 96.160357
-0.737279 -0.123789 -0.664150 -0.057340 0.990988 -0.121054 0.673150 -0.051168 -0.737734 -776.445609 -12.691041 95.772722
-0.709554 -0.122165 -0.693980 -0.049809 0.991089 -0.123540 0.702888 -0.053092 -0.709316 -776.872125 -12.773572 95.365023
-0.679110 -0.121428 -0.723923 -0.043020 0.991111 -0.125888 0.732775 -0.054348 -0.678297 -777.238460 -12.842792 95.066228
-0.649300 -0.121183 -0.750816 -0.037007 0.991089 -0.127960 0.759632 -0.055299 -0.647998 -777.675352 -12.921631 94.709459
-0.619521 -0.119819 -0.775781 -0.029365 0.991128 -0.129628 0.784430 -0.057527 -0.617543 -778.070977 -12.996098 94.413396
-0.589525 -0.117953 -0.799091 -0.019189 0.991047 -0.132131 0.807522 -0.062561 -0.586510 -778.423193 -13.059067 94.200725
-0.560706 -0.116796 -0.819736 -0.011402 0.990997 -0.133398 0.827936 -0.065450 -0.556990 -778.798262 -13.129417 93.981041
-0.534440 -0.114993 -0.837347 -0.004844 0.991102 -0.133017 0.845192 -0.067034 -0.530242 -779.187640 -13.195246 93.768366
-0.508239 -0.114661 -0.853549 0.002046 0.990934 -0.134336 0.861214 -0.070021 -0.503397 -779.576864 -13.263871 93.563028
-0.482947 -0.115921 -0.867943 0.006685 0.990682 -0.136033 0.875624 -0.071499 -0.477672 -779.968313 -13.333381 93.360252
-0.458909 -0.117641 -0.880661 0.010956 0.990371 -0.138005 0.888416 -0.072980 -0.453201 -780.316407 -13.393105 93.197717
-0.434950 -0.119320 -0.892514 0.014614 0.990116 -0.139490 0.900336 -0.073714 -0.428907 -780.607564 -13.438569 93.073456
-0.408177 -0.119216 -0.905085 0.019033 0.990110 -0.138999 0.912705 -0.073962 -0.401871 -780.861720 -13.475029 92.984892
-0.381775 -0.118448 -0.916634 0.023501 0.990189 -0.137741 0.923956 -0.074128 -0.375246 -781.110711 -13.512337 92.916568
-0.355758 -0.117362 -0.927180 0.028649 0.990248 -0.136338 0.934139 -0.075067 -0.348926 -781.420818 -13.558989 92.827863
-0.330815 -0.116367 -0.936493 0.033857 0.990266 -0.135009 0.943088 -0.076370 -0.323655 -781.653298 -13.593361 92.778172
-0.302052 -0.114163 -0.946431 0.040306 0.990386 -0.132329 0.952439 -0.078117 -0.294547 -781.951073 -13.635649 92.716330
-0.275337 -0.113746 -0.954595 0.046463 0.990241 -0.131395 0.960224 -0.080531 -0.267365 -782.243779 -13.678026 92.666112
-0.247980 -0.113102 -0.962140 0.051880 0.990186 -0.129770 0.967375 -0.082096 -0.239679 -782.518254 -13.716697 92.630668
-0.219424 -0.111681 -0.969216 0.055357 0.990401 -0.126655 0.974058 -0.081444 -0.211136 -782.826636 -13.762988 92.597832
-0.190247 -0.108837 -0.975685 0.060258 0.990668 -0.122257 0.979885 -0.082052 -0.181914 -783.179467 -13.812100 92.562619
-0.163261 -0.106301 -0.980839 0.065163 0.990846 -0.118231 0.984429 -0.083217 -0.154840 -783.432048 -13.840971 92.550314
-0.138361 -0.106040 -0.984689 0.068445 0.990851 -0.116321 0.988014 -0.083491 -0.129837 -783.696763 -13.874281 92.540934
-0.114668 -0.107327 -0.987589 0.072133 0.990623 -0.116032 0.990782 -0.084543 -0.105851 -783.946891 -13.902726 92.534729
-0.092966 -0.107759 -0.989821 0.076423 0.990421 -0.115003 0.992732 -0.086337 -0.083841 -784.167920 -13.930679 92.536810
-0.069862 -0.108444 -0.991645 0.079069 0.990344 -0.113872 0.994418 -0.086364 -0.060612 -784.412004 -13.957297 92.548126
-0.046335 -0.108450 -0.993021 0.082300 0.990295 -0.111993 0.995530 -0.086915 -0.036960 -784.686365 -13.985312 92.558441
-0.024532 -0.107428 -0.993910 0.083854 0.990485 -0.109128 0.996176 -0.086021 -0.015290 -785.006102 -14.020857 92.567278
-0.004209 -0.106363 -0.994318 0.087549 0.990470 -0.106322 0.996151 -0.087499 0.005143 -785.285011 -14.046545 92.588691
0.017010 -0.105587 -0.994265 0.091395 0.990410 -0.103614 0.995669 -0.089108 0.026497 -785.564482 -14.075989 92.607799
0.036973 -0.105479 -0.993734 0.094403 0.990335 -0.101605 0.994847 -0.090055 0.046573 -785.872405 -14.115231 92.642092
0.054942 -0.105060 -0.992947 0.096808 0.990325 -0.099426 0.993786 -0.090662 0.064581 -786.131234 -14.137433 92.673934
0.072509 -0.104794 -0.991847 0.097982 0.990403 -0.097479 0.992543 -0.090115 0.082081 -786.475869 -14.172106 92.709785
0.087393 -0.105839 -0.990535 0.099860 0.990262 -0.097000 0.991156 -0.090438 0.097111 -786.910653 -14.219653 92.763347
0.101650 -0.108448 -0.988892 0.101395 0.989993 -0.098146 0.989640 -0.090292 0.111629 -787.121074 -14.241809 92.797965
0.115411 -0.113331 -0.986831 0.105337 0.989265 -0.101291 0.987717 -0.092259 0.126110 -787.346856 -14.261385 92.840544
0.129364 -0.117978 -0.984554 0.109724 0.988503 -0.104034 0.985508 -0.094571 0.140821 -787.559709 -14.278227 92.882108
0.142883 -0.120929 -0.982324 0.112361 0.988073 -0.105293 0.983341 -0.095331 0.154767 -787.787462 -14.303970 92.926060
0.155226 -0.121628 -0.980363 0.112618 0.988101 -0.104757 0.981439 -0.094145 0.167076 -787.993481 -14.327829 92.963010
0.167053 -0.121336 -0.978453 0.112159 0.988295 -0.103407 0.979548 -0.092468 0.178707 -788.225620 -14.354285 93.015088
0.178102 -0.122586 -0.976346 0.112640 0.988227 -0.103531 0.977544 -0.091537 0.189813 -788.479571 -14.380018 93.069414
0.186386 -0.125647 -0.974409 0.114103 0.987846 -0.105553 0.975828 -0.091510 0.198457 -788.741896 -14.401658 93.129782
0.191604 -0.130219 -0.972795 0.116205 0.987197 -0.109259 0.974569 -0.092109 0.204283 -788.926404 -14.417343 93.179990
0.194237 -0.136591 -0.971398 0.118998 0.986226 -0.114882 0.973710 -0.093280 0.207816 -789.245971 -14.454013 93.257244
0.195791 -0.143344 -0.970113 0.120098 0.985317 -0.121352 0.973264 -0.092749 0.210131 -789.625283 -14.497339 93.347725
0.198022 -0.147521 -0.969033 0.118484 0.984963 -0.125734 0.973010 -0.089917 0.212523 -789.991441 -14.546396 93.435073
0.200253 -0.148729 -0.968390 0.118638 0.984818 -0.126719 0.972535 -0.089512 0.214858 -790.380584 -14.594614 93.529337
0.202123 -0.148843 -0.967984 0.119187 0.984775 -0.126537 0.972081 -0.089795 0.216786 -790.801591 -14.644133 93.633636
0.202818 -0.148943 -0.967823 0.120129 0.984683 -0.126364 0.971820 -0.090635 0.217604 -791.276048 -14.711734 93.749762
0.202774 -0.149652 -0.967722 0.122405 0.984375 -0.126579 0.971545 -0.092787 0.217924 -791.731569 -14.773066 93.863432
0.202231 -0.149524 -0.967856 0.123132 0.984316 -0.126339 0.971566 -0.093624 0.217470 -792.271293 -14.851905 93.991600
0.201858 -0.148653 -0.968068 0.123520 0.984387 -0.125403 0.971595 -0.094262 0.217068 -792.835838 -14.930693 94.122067
0.200753 -0.148506 -0.968320 0.123780 0.984366 -0.125305 0.971791 -0.094704 0.215996 -793.434703 -15.007516 94.262714
0.202281 -0.148070 -0.968069 0.123091 0.984509 -0.124864 0.971561 -0.093903 0.217374 -794.024856 -15.082371 94.390412
0.205195 -0.148303 -0.967420 0.123297 0.984495 -0.124769 0.970924 -0.093678 0.220299 -794.624539 -15.159705 94.528325
0.207673 -0.149072 -0.966773 0.123451 0.984412 -0.125273 0.970377 -0.093334 0.222839 -795.231090 -15.238794 94.668764
0.209842 -0.150018 -0.966158 0.122787 0.984379 -0.126179 0.969995 -0.092154 0.224984 -795.829251 -15.318713 94.811116
0.211966 -0.150857 -0.965563 0.123709 0.984208 -0.126612 0.969415 -0.092612 0.227281 -796.439712 -15.403292 94.965277
0.215602 -0.151928 -0.964590 0.124788 0.984010 -0.127094 0.968475 -0.092967 0.231114 -796.992953 -15.482636 95.103171
0.218460 -0.153215 -0.963743 0.126938 0.983668 -0.127609 0.967555 -0.094458 0.234341 -797.552392 -15.558844 95.248055
0.221011 -0.153560 -0.963106 0.127689 0.983582 -0.127523 0.966876 -0.094793 0.236991 -798.200925 -15.652187 95.410504
0.225733 -0.154098 -0.961924 0.127827 0.983558 -0.127566 0.965766 -0.094164 0.241720 -798.791122 -15.738063 95.564610
0.230668 -0.155160 -0.960582 0.127857 0.983478 -0.128156 0.964596 -0.093256 0.246696 -799.408681 -15.823789 95.728233
0.237623 -0.156070 -0.958737 0.126214 0.983601 -0.128836 0.963123 -0.090392 0.253425 -799.957733 -15.907291 95.872750
0.244868 -0.158329 -0.956542 0.126790 0.983333 -0.130307 0.961231 -0.089372 0.260861 -800.530560 -15.999070 96.038068
0.250052 -0.159981 -0.954924 0.128351 0.983028 -0.131080 0.959688 -0.089789 0.266341 -801.018524 -16.080440 96.185114
0.254942 -0.162867 -0.953142 0.129370 0.982596 -0.133297 0.958263 -0.089325 0.271575 -801.536323 -16.170329 96.343328
0.261761 -0.165808 -0.950783 0.131354 0.982086 -0.135104 0.956152 -0.089524 0.278852 -802.127011 -16.270750 96.526558
0.269110 -0.167196 -0.948486 0.132525 0.981877 -0.135481 0.953948 -0.089239 0.286390 -802.793322 -16.380918 96.737740
0.276882 -0.167651 -0.946166 0.132900 0.981880 -0.135088 0.951669 -0.088342 0.294146 -803.431392 -16.486011 96.942464
0.284642 -0.166482 -0.944067 0.132515 0.982183 -0.133250 0.949431 -0.087175 0.301632 -804.061262 -16.589507 97.149196
0.290373 -0.165927 -0.942418 0.132204 0.982364 -0.132226 0.947737 -0.086197 0.307188 -804.808328 -16.704546 97.401985
0.295511 -0.165117 -0.940962 0.132940 0.982475 -0.130651 0.946044 -0.086482 0.312283 -805.449576 -16.805375 97.622935
0.299321 -0.164794 -0.939814 0.134407 0.982433 -0.129461 0.944639 -0.087567 0.316212 -806.082153 -16.904271 97.840514
0.300752 -0.166658 -0.939028 0.136340 0.982013 -0.130620 0.943907 -0.088743 0.318065 -806.583265 -16.978742 98.023389
0.297143 -0.169683 -0.939635 0.137777 0.981404 -0.133656 0.944841 -0.089746 0.314995 -807.062936 -17.050781 98.196441
0.290547 -0.171727 -0.941325 0.136306 0.981159 -0.136922 0.947103 -0.088526 0.308480 -807.564001 -17.128934 98.357112
0.280676 -0.171977 -0.944269 0.134366 0.981169 -0.138759 0.950351 -0.087931 0.298499 -807.994832 -17.200308 98.491130
0.267859 -0.172515 -0.947887 0.133726 0.980973 -0.140747 0.954133 -0.089057 0.285832 -808.498110 -17.279928 98.642190
0.255412 -0.171125 -0.951568 0.132129 0.981156 -0.140981 0.957761 -0.089722 0.273209 -809.039205 -17.367060 98.801272
0.243463 -0.167728 -0.955298 0.129711 0.981717 -0.139309 0.961198 -0.089996 0.260767 -809.597203 -17.461518 98.958674
0.232633 -0.165177 -0.958436 0.127386 0.982157 -0.138345 0.964186 -0.089908 0.249523 -810.169230 -17.555264 99.106906
0.223187 -0.164402 -0.960812 0.123863 0.982468 -0.139335 0.966874 -0.087911 0.239638 -810.702833 -17.641203 99.235957
0.218501 -0.166316 -0.961559 0.118475 0.982601 -0.143033 0.968618 -0.082668 0.234404 -811.311508 -17.739926 99.381394
0.217584 -0.172166 -0.960737 0.117901 0.981748 -0.149229 0.968894 -0.080802 0.233911 -811.997348 -17.850506 99.552512
0.218762 -0.178253 -0.959359 0.119516 0.980665 -0.154959 0.968431 -0.080759 0.235836 -812.691465 -17.959095 99.734032
0.221596 -0.181005 -0.958192 0.119630 0.980245 -0.157505 0.967773 -0.079726 0.238872 -813.548282 -18.101604 99.952878
0.232173 -0.179174 -0.956029 0.120582 0.980607 -0.154496 0.965171 -0.079410 0.249276 -814.334774 -18.234462 100.176750
0.247934 -0.176632 -0.952539 0.121768 0.981122 -0.150238 0.961094 -0.078739 0.264762 -815.214192 -18.386415 100.430939
0.257990 -0.174601 -0.950240 0.124175 0.981370 -0.146608 0.958135 -0.080173 0.274865 -816.074256 -18.531055 100.683948
0.267281 -0.174615 -0.947666 0.125849 0.981347 -0.145326 0.955365 -0.080420 0.284271 -816.849121 -18.655910 100.923805
0.275012 -0.177401 -0.944932 0.125836 0.981017 -0.147552 0.953170 -0.078328 0.292115 -817.631152 -18.784896 101.169803
0.281340 -0.181716 -0.942246 0.126752 0.980341 -0.151216 0.951200 -0.076888 0.298842 -818.483347 -18.928072 101.448698
0.287226 -0.187188 -0.939394 0.129390 0.979312 -0.155581 0.949083 -0.076861 0.305505 -819.270672 -19.065044 101.709793
0.291923 -0.189854 -0.937409 0.131350 0.978772 -0.157327 0.947380 -0.077202 0.310664 -820.066686 -19.203580 101.987056
0.295641 -0.190391 -0.936134 0.133245 0.978578 -0.156943 0.945961 -0.078337 0.314676 -820.943382 -19.362499 102.296266
0.297816 -0.190419 -0.935439 0.133642 0.978571 -0.156651 0.945222 -0.078361 0.316882 -821.812779 -19.521001 102.599428
0.299468 -0.190922 -0.934809 0.135233 0.978376 -0.156498 0.944474 -0.079551 0.318812 -822.638403 -19.668048 102.893835
0.300008 -0.190624 -0.934697 0.136483 0.978328 -0.155716 0.944123 -0.080854 0.319523 -823.434354 -19.805883 103.168712
0.300549 -0.190185 -0.934612 0.136774 0.978383 -0.155108 0.943908 -0.081213 0.320065 -824.230290 -19.945263 103.445828
0.301971 -0.188958 -0.934403 0.135498 0.978716 -0.154130 0.943639 -0.080067 0.321147 -825.002213 -20.082923 103.713229
0.302337 -0.189796 -0.934114 0.135505 0.978581 -0.154974 0.943520 -0.079723 0.321580 -825.824549 -20.231483 104.005685
0.302669 -0.193830 -0.933178 0.136546 0.977821 -0.158815 0.943264 -0.079353 0.322423 -826.544840 -20.365872 104.269779
0.303890 -0.199557 -0.931573 0.137853 0.976737 -0.164262 0.942681 -0.078503 0.324330 -827.265958 -20.494994 104.528014
0.305212 -0.203553 -0.930275 0.138395 0.975998 -0.168152 0.942174 -0.077424 0.326057 -828.034105 -20.629660 104.793650
0.306455 -0.203841 -0.929803 0.138324 0.975970 -0.168371 0.941781 -0.077016 0.327287 -828.835290 -20.783553 105.078512
0.308180 -0.203207 -0.929372 0.137971 0.976139 -0.167681 0.941270 -0.076550 0.328863 -829.668071 -20.944880 105.375876
0.309381 -0.203430 -0.928924 0.137175 0.976180 -0.168093 0.940992 -0.075420 0.329918 -830.434554 -21.091976 105.646242
0.310321 -0.203485 -0.928598 0.136101 0.976269 -0.168448 0.940838 -0.074110 0.330652 -831.198989 -21.237527 105.923799
0.310431 -0.203600 -0.928536 0.134480 0.976376 -0.169130 0.941036 -0.072366 0.330477 -832.000325 -21.386922 106.209945
0.312377 -0.201430 -0.928357 0.132309 0.976961 -0.167456 0.940699 -0.070520 0.331832 -832.776683 -21.533774 106.488655
0.314472 -0.198287 -0.928326 0.131240 0.977631 -0.164360 0.940151 -0.070147 0.333461 -833.522263 -21.680678 106.764914
0.317486 -0.194825 -0.928033 0.128366 0.978488 -0.161502 0.939534 -0.067853 0.335665 -834.197700 -21.812584 107.014787
0.320594 -0.195009 -0.926926 0.125678 0.978684 -0.162430 0.938842 -0.064420 0.338268 -834.839296 -21.939123 107.253418
0.321155 -0.198723 -0.925942 0.124700 0.978096 -0.166665 0.938781 -0.061940 0.338901 -835.491341 -22.062401 107.498973
0.320397 -0.202758 -0.925330 0.124398 0.977371 -0.171088 0.939080 -0.060293 0.338370 -836.121435 -22.183732 107.735079
0.320697 -0.206492 -0.924399 0.121843 0.976832 -0.175934 0.939312 -0.056210 0.338427 -836.740791 -22.306765 107.966557
0.320555 -0.207896 -0.924134 0.119949 0.976673 -0.178108 0.939605 -0.053755 0.338014 -837.339939 -22.429438 108.189562
0.320117 -0.206109 -0.924686 0.118129 0.977114 -0.176900 0.939984 -0.052603 0.337139 -837.927850 -22.550800 108.408877
0.318933 -0.206701 -0.924963 0.117172 0.977041 -0.177937 0.940507 -0.051629 0.335830 -838.556322 -22.685871 108.645082
0.319373 -0.209480 -0.924186 0.115842 0.976577 -0.181323 0.940522 -0.049149 0.336159 -839.152013 -22.812752 108.865762
0.321047 -0.214148 -0.922534 0.114842 0.975714 -0.186528 0.940075 -0.046062 0.337843 -839.807498 -22.946676 109.111640
0.321698 -0.217155 -0.921604 0.114912 0.975104 -0.189650 0.939843 -0.044893 0.338643 -840.497007 -23.097091 109.371781
0.323473 -0.218100 -0.920759 0.115343 0.974906 -0.190405 0.939181 -0.044613 0.340512 -841.249937 -23.264584 109.657071
0.325515 -0.217053 -0.920287 0.116114 0.975105 -0.188912 0.938380 -0.045365 0.342614 -842.084658 -23.449170 109.976959
0.326521 -0.214767 -0.920467 0.116624 0.975556 -0.186251 0.937968 -0.046534 0.343586 -842.883165 -23.622140 110.281689
0.327213 -0.213531 -0.920509 0.117018 0.975792 -0.184759 0.937677 -0.047261 0.344279 -843.595161 -23.780643 110.549566
0.327734 -0.214483 -0.920102 0.119098 0.975500 -0.184975 0.937233 -0.048959 0.345249 -844.231924 -23.921263 110.797881
0.329324 -0.217193 -0.918898 0.120941 0.974872 -0.187079 0.936440 -0.049523 0.347316 -844.961445 -24.081492 111.083604
0.330130 -0.219264 -0.918116 0.122457 0.974376 -0.188668 0.935959 -0.050145 0.348521 -845.615430 -24.222115 111.344596
0.330153 -0.220319 -0.917855 0.122833 0.974139 -0.189646 0.935901 -0.050131 0.348677 -846.225879 -24.355765 111.581068
0.330635 -0.220045 -0.917748 0.124895 0.974088 -0.188558 0.935458 -0.052278 0.349550 -846.938458 -24.512945 111.857272
0.331660 -0.218639 -0.917714 0.124282 0.974422 -0.187234 0.935177 -0.051957 0.350349 -847.680290 -24.676471 112.142998
0.332232 -0.219565 -0.917286 0.125454 0.974173 -0.187744 0.934817 -0.052702 0.351197 -848.385127 -24.832277 112.419809
0.333157 -0.219364 -0.916998 0.125038 0.974248 -0.187631 0.934544 -0.052149 0.352006 -849.040175 -24.976476 112.674327
0.334539 -0.218936 -0.916597 0.124695 0.974371 -0.187225 0.934096 -0.051661 0.353265 -849.829796 -25.153847 112.977983
0.336213 -0.220071 -0.915713 0.125147 0.974132 -0.188162 0.933434 -0.051336 0.355057 -850.598932 -25.323118 113.280306
0.337748 -0.220873 -0.914954 0.125293 0.973976 -0.188870 0.932860 -0.050847 0.356633 -851.364993 -25.495180 113.583015
0.341487 -0.222369 -0.913203 0.125439 0.973700 -0.190193 0.931478 -0.049602 0.360399 -852.164301 -25.665987 113.899038
0.343803 -0.221365 -0.912577 0.124775 0.973969 -0.189250 0.930715 -0.048803 0.362474 -852.893462 -25.824781 114.187849
0.346583 -0.220532 -0.911727 0.126051 0.974104 -0.187703 0.929511 -0.049869 0.365406 -853.553896 -25.966125 114.458127
0.348908 -0.221678 -0.910561 0.127508 0.973815 -0.188218 0.928442 -0.050433 0.368038 -854.182699 -26.104800 114.717650
0.351312 -0.221994 -0.909559 0.127448 0.973780 -0.188442 0.927543 -0.049720 0.370393 -854.795692 -26.241133 114.971277
0.353216 -0.220880 -0.909093 0.125535 0.974131 -0.187907 0.927081 -0.047751 0.371807 -855.457091 -26.387143 115.245363
0.355817 -0.220369 -0.908202 0.124683 0.974308 -0.187561 0.926201 -0.046500 0.374152 -856.092241 -26.521911 115.504204
0.356605 -0.220976 -0.907746 0.125202 0.974164 -0.187959 0.925828 -0.046624 0.375058 -856.765475 -26.666529 115.782474
0.355155 -0.223460 -0.907706 0.126703 0.973555 -0.190096 0.926181 -0.047495 0.374076 -857.438748 -26.814478 116.069144
0.353722 -0.228492 -0.907013 0.129022 0.972353 -0.194636 0.926409 -0.048178 0.373423 -858.167160 -26.976689 116.381627
0.353078 -0.232450 -0.906257 0.128547 0.971511 -0.199106 0.926721 -0.046197 0.372900 -858.890388 -27.138077 116.687789
0.354265 -0.232158 -0.905869 0.128001 0.971615 -0.198949 0.926343 -0.045472 0.373926 -859.707134 -27.329139 117.024368
0.355583 -0.228601 -0.906257 0.128009 0.972402 -0.195060 0.925837 -0.046649 0.375032 -860.638158 -27.546079 117.415993
0.355751 -0.224680 -0.907171 0.127051 0.973287 -0.191232 0.925905 -0.047226 0.374794 -861.532371 -27.751544 117.788339
0.354955 -0.221723 -0.908210 0.127162 0.973891 -0.188059 0.926195 -0.048738 0.373882 -862.309280 -27.929358 118.119255
0.353409 -0.221033 -0.908981 0.126546 0.974049 -0.187655 0.926870 -0.048708 0.372208 -863.096177 -28.107043 118.449560
0.352224 -0.224487 -0.908595 0.126954 0.973295 -0.191258 0.927266 -0.047984 0.371317 -863.885934 -28.288720 118.781718
0.350002 -0.228710 -0.908400 0.127604 0.972338 -0.195642 0.928017 -0.047440 0.369505 -864.709641 -28.475209 119.121220
0.350947 -0.232426 -0.907091 0.128362 0.971502 -0.199268 0.927556 -0.046503 0.370780 -865.515049 -28.646766 119.450105
0.350929 -0.231770 -0.907266 0.129224 0.971601 -0.198222 0.927443 -0.047679 0.370913 -866.332826 -28.825268 119.789824
0.351587 -0.229313 -0.907636 0.127490 0.972231 -0.196248 0.927434 -0.046717 0.371059 -867.272385 -29.036131 120.170822
0.352437 -0.228802 -0.907435 0.126245 0.972412 -0.196154 0.927281 -0.045427 0.371599 -868.102690 -29.227754 120.513091
0.351146 -0.229976 -0.907638 0.126387 0.972137 -0.197422 0.927751 -0.045390 0.370429 -868.858288 -29.410072 120.827727
0.350590 -0.233917 -0.906846 0.127569 0.971208 -0.201200 0.927800 -0.045147 0.370336 -869.537454 -29.568453 121.114574
0.350697 -0.238347 -0.905650 0.127349 0.970224 -0.206028 0.927790 -0.043081 0.370608 -870.282799 -29.739531 121.423850
0.351705 -0.236741 -0.905680 0.125545 0.970681 -0.204979 0.927654 -0.041612 0.371116 -871.072832 -29.924916 121.746812
0.351827 -0.234925 -0.906106 0.125436 0.971096 -0.203070 0.927623 -0.042213 0.371126 -871.878476 -30.124628 122.078273
0.352467 -0.234275 -0.906026 0.125184 0.971260 -0.202443 0.927414 -0.042065 0.371664 -872.653601 -30.318836 122.394266
0.354055 -0.236048 -0.904946 0.125145 0.970879 -0.204284 0.926814 -0.040922 0.373285 -873.305239 -30.480009 122.662251
0.354912 -0.239045 -0.903822 0.127157 0.970118 -0.206647 0.926212 -0.041586 0.374703 -873.992915 -30.639795 122.954035
0.355060 -0.240792 -0.903300 0.128573 0.969654 -0.207941 0.925960 -0.042308 0.375245 -874.782956 -30.831657 123.289203
0.355041 -0.241491 -0.903121 0.128648 0.969489 -0.208663 0.925956 -0.042101 0.375276 -875.576332 -31.027352 123.622466
0.354673 -0.244862 -0.902358 0.128655 0.968699 -0.212296 0.926097 -0.040797 0.375074 -876.273345 -31.201715 123.910550
0.354310 -0.247691 -0.901728 0.127804 0.968061 -0.215694 0.926353 -0.038822 0.374649 -876.969341 -31.373390 124.193956
0.353783 -0.247276 -0.902049 0.127708 0.968159 -0.215312 0.926568 -0.039025 0.374097 -877.742917 -31.562170 124.514019
0.355496 -0.242666 -0.902627 0.126238 0.969327 -0.210879 0.926114 -0.038980 0.375225 -878.483599 -31.746884 124.824204
0.356910 -0.237984 -0.903315 0.124413 0.970499 -0.206527 0.925817 -0.038672 0.375989 -879.292897 -31.948121 125.164218
0.357107 -0.236401 -0.903653 0.124222 0.970869 -0.204895 0.925766 -0.039085 0.376071 -879.984935 -32.120032 125.454409
0.356533 -0.239045 -0.903184 0.124615 0.970244 -0.207602 0.925935 -0.038533 0.375712 -880.717795 -32.303547 125.760100
0.355995 -0.243008 -0.902339 0.123995 0.969342 -0.212133 0.926225 -0.036367 0.375212 -881.511096 -32.500346 126.093292
0.355682 -0.243038 -0.902454 0.124093 0.969329 -0.212140 0.926332 -0.036534 0.374932 -882.288040 -32.702777 126.420104
0.357321 -0.239647 -0.902713 0.124005 0.970137 -0.208461 0.925713 -0.037453 0.376368 -883.063996 -32.895110 126.744810
0.358837 -0.236902 -0.902836 0.125438 0.970720 -0.204859 0.924933 -0.039739 0.378047 -883.811348 -33.084450 127.066606
0.357542 -0.239433 -0.902683 0.127886 0.970023 -0.206640 0.925100 -0.041558 0.377444 -884.641940 -33.290268 127.421656
0.356877 -0.247139 -0.900867 0.127613 0.968226 -0.215064 0.925394 -0.038211 0.377076 -885.397652 -33.481318 127.739931
0.356091 -0.255059 -0.898968 0.128992 0.966235 -0.223050 0.925506 -0.036533 0.376968 -886.120291 -33.667713 128.044455
0.355029 -0.258674 -0.898355 0.129968 0.965282 -0.226582 0.925777 -0.036314 0.376322 -887.003714 -33.903690 128.419078
0.354780 -0.256911 -0.898959 0.130693 0.965693 -0.224403 0.925770 -0.037874 0.376185 -887.881417 -34.140199 128.786899
0.355756 -0.253557 -0.899526 0.130398 0.966545 -0.220876 0.925437 -0.038719 0.376918 -888.801391 -34.386647 129.175603
0.355064 -0.252499 -0.900097 0.129407 0.966839 -0.220174 0.925842 -0.038303 0.375965 -889.686963 -34.620915 129.542841
0.350771 -0.255834 -0.900838 0.128806 0.965997 -0.224184 0.927561 -0.037396 0.371797 -890.487778 -34.827942 129.872531
0.346135 -0.261357 -0.901046 0.129413 0.964534 -0.230059 0.929216 -0.036976 0.367682 -891.283105 -35.036579 130.194215
0.344468 -0.264040 -0.900902 0.128103 0.963878 -0.233515 0.930017 -0.034970 0.365849 -892.085288 -35.249312 130.526683
0.342917 -0.262284 -0.902006 0.127758 0.964329 -0.231836 0.930637 -0.035738 0.364194 -893.007858 -35.500720 130.901104
0.343842 -0.258613 -0.902714 0.125146 0.965373 -0.228896 0.930651 -0.034267 0.364300 -893.844877 -35.724185 131.234151
0.344664 -0.255620 -0.903253 0.122303 0.966237 -0.226776 0.930725 -0.032309 0.364290 -894.685206 -35.945105 131.579521
0.344945 -0.255635 -0.903141 0.120542 0.966295 -0.227471 0.930850 -0.030401 0.364133 -895.403643 -36.136268 131.872143
0.345167 -0.257592 -0.902500 0.121694 0.965764 -0.229106 0.930618 -0.030749 0.364697 -896.132708 -36.334396 132.171705
0.345611 -0.258820 -0.901978 0.122740 0.965421 -0.229995 0.930316 -0.031220 0.365428 -896.879539 -36.535243 132.477022
0.344120 -0.258719 -0.902578 0.123997 0.965390 -0.229448 0.930702 -0.032959 0.364290 -897.690713 -36.751207 132.813838
0.342767 -0.256423 -0.903747 0.122440 0.966014 -0.227652 0.931407 -0.032624 0.362514 -898.426313 -36.942465 133.108973
0.341690 -0.256718 -0.904071 0.121843 0.965951 -0.228239 0.931881 -0.032167 0.361335 -899.184086 -37.140819 133.410728
0.340153 -0.258489 -0.904146 0.122326 0.965472 -0.230001 0.932380 -0.032365 0.360028 -899.920854 -37.334166 133.702077
0.338341 -0.259923 -0.904415 0.123167 0.965060 -0.231276 0.932929 -0.033144 0.358533 -900.538568 -37.494007 133.951642
0.337177 -0.261025 -0.904532 0.124913 0.964704 -0.231826 0.933118 -0.034821 0.357881 -901.154439 -37.649918 134.196226
0.337870 -0.260710 -0.904364 0.124429 0.964809 -0.231648 0.932932 -0.034262 0.358420 -901.765397 -37.808821 134.440064
0.337142 -0.258315 -0.905322 0.122640 0.965478 -0.229808 0.933432 -0.033551 0.357183 -902.406245 -37.980065 134.693193
0.336973 -0.256960 -0.905771 0.122811 0.965813 -0.228305 0.933470 -0.034306 0.357010 -902.983623 -38.135046 134.923106
0.336275 -0.257211 -0.905959 0.123832 0.965705 -0.228210 0.933587 -0.035446 0.356593 -903.611557 -38.304409 135.173842
0.335235 -0.258420 -0.906000 0.124809 0.965352 -0.229167 0.933831 -0.036252 0.355873 -904.142977 -38.450713 135.388198
0.334391 -0.259566 -0.905985 0.125942 0.965009 -0.229992 0.933982 -0.037195 0.355380 -904.600984 -38.579600 135.569670
0.334521 -0.260743 -0.905599 0.126738 0.964679 -0.230938 0.933827 -0.037520 0.355751 -905.083470 -38.712055 135.763683
0.335266 -0.261283 -0.905167 0.126315 0.964565 -0.231643 0.933617 -0.036675 0.356390 -905.623258 -38.852283 135.976532
0.336293 -0.261049 -0.904854 0.126324 0.964635 -0.231347 0.933247 -0.036505 0.357377 -906.088728 -38.979452 136.164941
0.337039 -0.259855 -0.904920 0.127028 0.964919 -0.229772 0.932882 -0.037508 0.358225 -906.465431 -39.083962 136.318790
0.336597 -0.259828 -0.905092 0.127948 0.964884 -0.229410 0.932916 -0.038586 0.358021 -906.821185 -39.181354 136.462404
0.336964 -0.260866 -0.904657 0.127943 0.964624 -0.230502 0.932784 -0.038073 0.358419 -907.161575 -39.274476 136.598138
0.337373 -0.261548 -0.904307 0.127338 0.964478 -0.231445 0.932719 -0.037070 0.358694 -907.511078 -39.363259 136.733473
0.337860 -0.261726 -0.904074 0.126486 0.964471 -0.231942 0.932658 -0.035989 0.358961 -907.832820 -39.449523 136.860889
0.338408 -0.261446 -0.903950 0.124501 0.964622 -0.232385 0.932727 -0.033902 0.358987 -908.140715 -39.532546 136.983451
0.339198 -0.261813 -0.903548 0.123786 0.964561 -0.233023 0.932535 -0.032805 0.359586 -908.382856 -39.595867 137.080316
0.338868 -0.263407 -0.903208 0.123902 0.964141 -0.234691 0.932640 -0.032380 0.359353 -908.616483 -39.658901 137.174213
0.337118 -0.266255 -0.903028 0.123809 0.963384 -0.237831 0.933286 -0.031626 0.357739 -908.852939 -39.723251 137.267929
0.332675 -0.269429 -0.903734 0.123344 0.962518 -0.241550 0.934941 -0.031112 0.353438 -909.121390 -39.798241 137.371240
0.325987 -0.272208 -0.905337 0.121231 0.961779 -0.245526 0.937569 -0.029717 0.346527 -909.344354 -39.858835 137.450942
0.315332 -0.274519 -0.908408 0.117753 0.961166 -0.249588 0.941647 -0.028265 0.335412 -909.548015 -39.911273 137.509091
0.300401 -0.275676 -0.913106 0.113418 0.960853 -0.252778 0.947046 -0.027628 0.319908 -909.763608 -39.974139 137.568533
0.282636 -0.275168 -0.918912 0.107432 0.961025 -0.254735 0.953192 -0.026723 0.301182 -909.969987 -40.032069 137.614628
0.262812 -0.273085 -0.925394 0.100300 0.961646 -0.255298 0.959620 -0.025722 0.280123 -910.202020 -40.098850 137.659416
0.239024 -0.270952 -0.932444 0.092512 0.962266 -0.255903 0.966597 -0.025095 0.255071 -910.412135 -40.160433 137.693156
0.211638 -0.268233 -0.939819 0.081242 0.963102 -0.256583 0.973966 -0.022050 0.225621 -910.608572 -40.216390 137.710428
0.182186 -0.265550 -0.946727 0.068655 0.963926 -0.257162 0.980864 -0.018146 0.193846 -910.858798 -40.291567 137.731444
0.147562 -0.263170 -0.953398 0.054929 0.964643 -0.257772 0.987526 -0.014332 0.156801 -911.087535 -40.360498 137.725174
0.110202 -0.261022 -0.959022 0.039516 0.965287 -0.258186 0.993123 -0.009444 0.116691 -911.255644 -40.407143 137.696239
0.073743 -0.259555 -0.962909 0.023451 0.965722 -0.258517 0.997002 -0.003517 0.077302 -911.437221 -40.453681 137.662387
0.036528 -0.258400 -0.965347 0.007687 0.966036 -0.258293 0.999303 0.002014 0.037273 -911.559917 -40.487204 137.614870
-0.003092 -0.258101 -0.966113 -0.006338 0.966103 -0.258078 0.999975 0.005325 -0.004623 -911.742559 -40.543013 137.557603
-0.045575 -0.257678 -0.965155 -0.021125 0.966192 -0.256957 0.998738 0.008678 -0.049477 -911.870280 -40.578700 137.496819
-0.089098 -0.256964 -0.962305 -0.036139 0.966345 -0.254697 0.995367 0.012084 -0.095386 -912.001390 -40.619104 137.421351
-0.135900 -0.256532 -0.956934 -0.051560 0.966417 -0.251752 0.989380 0.015127 -0.144563 -912.109715 -40.653970 137.336479
-0.181373 -0.254578 -0.949892 -0.066040 0.966884 -0.246522 0.981194 0.018018 -0.192179 -912.260533 -40.703173 137.249946
-0.228468 -0.254132 -0.939797 -0.080551 0.966954 -0.241893 0.970213 0.020437 -0.241389 -912.474397 -40.774229 137.145718
-0.275702 -0.255151 -0.926761 -0.094345 0.966656 -0.238067 0.956602 0.021800 -0.290581 -912.674425 -40.829780 137.031474
-0.323807 -0.256135 -0.910793 -0.108416 0.966362 -0.233218 0.939891 0.023227 -0.340684 -912.893458 -40.888127 136.898991
-0.369801 -0.257089 -0.892834 -0.120455 0.966111 -0.228298 0.921270 0.023122 -0.388236 -913.196296 -40.959869 136.718230
-0.415512 -0.258844 -0.871981 -0.134844 0.965591 -0.222376 0.899537 0.025182 -0.436118 -913.549112 -41.055810 136.501663
-0.455192 -0.260339 -0.851483 -0.147574 0.965133 -0.216196 0.878079 0.027246 -0.477740 -913.860983 -41.133507 136.284668
-0.492636 -0.263800 -0.829289 -0.160000 0.964159 -0.211655 0.855401 0.028418 -0.517187 -914.140049 -41.200002 136.075619
-0.531006 -0.265507 -0.804698 -0.170784 0.963690 -0.205268 0.829979 0.028431 -0.557069 -914.402079 -41.268909 135.839023
-0.567096 -0.266084 -0.779488 -0.180030 0.963541 -0.197936 0.803736 0.028083 -0.594323 -914.668316 -41.338579 135.587905
-0.598190 -0.267420 -0.755417 -0.189292 0.963153 -0.191065 0.778677 0.028701 -0.626769 -914.959340 -41.413798 135.308707
-0.626657 -0.268953 -0.731413 -0.198103 0.962704 -0.184273 0.753695 0.029419 -0.656566 -915.169600 -41.463502 135.062528
-0.654762 -0.271528 -0.705379 -0.208089 0.961937 -0.177130 0.726626 0.030804 -0.686342 -915.353227 -41.509344 134.823188
-0.678915 -0.274762 -0.680867 -0.217460 0.960980 -0.170964 0.701274 0.031991 -0.712174 -915.571372 -41.570861 134.534642
-0.702185 -0.276763 -0.656002 -0.224601 0.960418 -0.164781 0.675641 0.031632 -0.736552 -915.771123 -41.628064 134.261544
-0.726671 -0.278401 -0.628046 -0.232124 0.959940 -0.156949 0.646581 0.031734 -0.762185 -916.001137 -41.691279 133.931968
-0.750472 -0.279739 -0.598781 -0.239653 0.959526 -0.147906 0.615921 0.032500 -0.787137 -916.268278 -41.770942 133.520182
-0.773857 -0.281188 -0.567520 -0.246880 0.959089 -0.138559 0.583263 0.032885 -0.811617 -916.507313 -41.840557 133.128908
-0.797161 -0.282404 -0.533650 -0.253688 0.958727 -0.128395 0.547883 0.033029 -0.835902 -916.677093 -41.885424 132.795373
-0.816988 -0.285092 -0.501252 -0.260448 0.957958 -0.120346 0.514488 0.032229 -0.856892 -916.871261 -41.942691 132.401457
-0.835585 -0.287197 -0.468312 -0.266685 0.957340 -0.111266 0.480289 0.031920 -0.876530 -917.061129 -41.999918 131.974453
-0.851219 -0.289599 -0.437674 -0.271280 0.956709 -0.105427 0.449258 0.028990 -0.892932 -917.262269 -42.055351 131.501083
-0.865702 -0.292163 -0.406448 -0.276164 0.956000 -0.098985 0.417484 0.026555 -0.908296 -917.420397 -42.091754 131.090317
-0.877117 -0.295334 -0.378739 -0.281675 0.955050 -0.092405 0.389005 0.025632 -0.920879 -917.520551 -42.116966 130.750966
-0.885147 -0.296845 -0.358326 -0.284460 0.954626 -0.088153 0.368235 0.023901 -0.929426 -917.705503 -42.169976 130.223133
-0.889924 -0.297430 -0.345789 -0.286593 0.954418 -0.083366 0.354823 0.024911 -0.934602 -917.939707 -42.237525 129.543621
-0.891501 -0.298294 -0.340950 -0.288713 0.954084 -0.079807 0.349100 0.027288 -0.936688 -918.226394 -42.319715 128.723041
-0.892821 -0.296839 -0.338759 -0.287972 0.954504 -0.077421 0.346328 0.028430 -0.937682 -918.515667 -42.396659 127.914777
-0.893983 -0.296509 -0.335972 -0.288421 0.954563 -0.074985 0.342940 0.029866 -0.938882 -918.755385 -42.457824 127.171722
-0.895324 -0.295839 -0.332979 -0.288193 0.954758 -0.073366 0.339618 0.030276 -0.940076 -919.040346 -42.530534 126.325979
-0.896374 -0.296303 -0.329725 -0.288865 0.954616 -0.072561 0.336261 0.030205 -0.941284 -919.298555 -42.593563 125.532620
-0.897342 -0.295755 -0.327575 -0.288653 0.954775 -0.071309 0.333851 0.030567 -0.942130 -919.546323 -42.650870 124.783083
-0.897045 -0.295768 -0.328377 -0.289591 0.954676 -0.068783 0.333837 0.033393 -0.942039 -919.822137 -42.724096 123.961138
-0.897091 -0.294113 -0.329735 -0.288825 0.955096 -0.066124 0.334376 0.035916 -0.941755 -920.111057 -42.800448 123.105526
-0.897052 -0.291598 -0.332066 -0.287006 0.955789 -0.063987 0.336044 0.037905 -0.941083 -920.411420 -42.871897 122.228749
-0.896074 -0.290760 -0.335426 -0.286875 0.955942 -0.062274 0.338754 0.040424 -0.940006 -920.700014 -42.941889 121.392677
-0.895373 -0.291070 -0.337024 -0.287671 0.955772 -0.061193 0.339929 0.042162 -0.939505 -920.994120 -43.011574 120.547515
-0.895235 -0.291504 -0.337014 -0.288498 0.955587 -0.060188 0.339592 0.043346 -0.939574 -921.222318 -43.059499 119.881741
-0.895989 -0.289674 -0.336590 -0.287504 0.956054 -0.057468 0.338445 0.045280 -0.939896 -921.492683 -43.113521 119.115019
-0.897131 -0.286939 -0.335889 -0.286116 0.956722 -0.053106 0.336591 0.048460 -0.940403 -921.774003 -43.177322 118.312206
-0.897469 -0.286109 -0.335696 -0.286169 0.956850 -0.050450 0.335645 0.050788 -0.940618 -922.056023 -43.236989 117.494315
-0.897780 -0.285287 -0.335564 -0.285934 0.957015 -0.048630 0.335013 0.052290 -0.940761 -922.367804 -43.298057 116.582901
-0.897994 -0.285530 -0.334782 -0.286942 0.956824 -0.046388 0.333572 0.054407 -0.941153 -922.702274 -43.366801 115.596170
-0.898245 -0.285907 -0.333788 -0.289040 0.956421 -0.041400 0.331078 0.059291 -0.941739 -923.024998 -43.426919 114.629779
-0.899744 -0.284017 -0.331353 -0.288981 0.956683 -0.035326 0.327033 0.063971 -0.942845 -923.337084 -43.475760 113.704211
-0.900861 -0.283470 -0.328777 -0.289854 0.956583 -0.030553 0.323164 0.067773 -0.943913 -923.628891 -43.519949 112.821717
-0.902198 -0.282715 -0.325748 -0.290141 0.956613 -0.026658 0.319152 0.070462 -0.945081 -923.940855 -43.561954 111.881571
-0.904285 -0.281062 -0.321360 -0.289362 0.956950 -0.022704 0.313907 0.072458 -0.946685 -924.207522 -43.593394 111.064951
-0.907011 -0.279627 -0.314866 -0.288893 0.957195 -0.017876 0.306386 0.074749 -0.948968 -924.480954 -43.625361 110.230216
-0.909399 -0.279195 -0.308290 -0.289021 0.957216 -0.014319 0.299098 0.076080 -0.951185 -924.768753 -43.651748 109.321515
-0.910965 -0.280023 -0.302868 -0.290645 0.956774 -0.010405 0.292690 0.078549 -0.952976 -925.093035 -43.676607 108.271931
-0.912899 -0.279328 -0.297644 -0.290743 0.956781 -0.006172 0.286504 0.080904 -0.954657 -925.412879 -43.699656 107.206159
-0.914410 -0.278822 -0.293449 -0.291386 0.956605 -0.000942 0.280977 0.084645 -0.955974 -925.715276 -43.713791 106.188323
-0.915901 -0.276840 -0.290662 -0.290316 0.956925 0.003391 0.277203 0.087490 -0.956820 -925.993181 -43.725258 105.250500
-0.917029 -0.275407 -0.288459 -0.289693 0.957093 0.007167 0.274108 0.090137 -0.957465 -926.304040 -43.732223 104.197606
-0.918368 -0.274035 -0.285492 -0.289158 0.957214 0.011362 0.270163 0.092987 -0.958314 -926.628037 -43.730506 103.085971
-0.919800 -0.272249 -0.282576 -0.288148 0.957461 0.015468 0.266344 0.095651 -0.959120 -926.937896 -43.726385 102.009150
-0.922129 -0.269123 -0.277939 -0.285788 0.958074 0.020489 0.260772 0.098325 -0.960380 -927.227452 -43.717617 100.963429
-0.924328 -0.266418 -0.273202 -0.283330 0.958730 0.023668 0.255621 0.099283 -0.961665 -927.504301 -43.704821 99.981964
-0.925847 -0.265080 -0.269333 -0.282243 0.958980 0.026392 0.251288 0.100452 -0.962686 -927.772330 -43.689852 99.022597
-0.926989 -0.263768 -0.266680 -0.281196 0.959221 0.028697 0.248236 0.101591 -0.963358 -928.019039 -43.673356 98.111791
-0.928057 -0.261684 -0.265014 -0.279610 0.959592 0.031635 0.246027 0.103459 -0.963726 -928.277984 -43.654368 97.136944
-0.929190 -0.259446 -0.263236 -0.277997 0.959938 0.035179 0.243563 0.105866 -0.964090 -928.555428 -43.629871 96.075324
-0.929287 -0.257541 -0.264760 -0.277001 0.960105 0.038324 0.244327 0.108953 -0.963553 -928.832257 -43.602507 95.019116
-0.928629 -0.257321 -0.267271 -0.277818 0.959747 0.041256 0.245897 0.112564 -0.962738 -929.081220 -43.579826 94.098163
-0.928589 -0.255405 -0.269242 -0.276916 0.959862 0.044524 0.247063 0.115902 -0.962043 -929.329031 -43.550216 93.192901
-0.928569 -0.253110 -0.271467 -0.275585 0.960104 0.047474 0.248620 0.118895 -0.961276 -929.581395 -43.515583 92.289426
-0.928866 -0.251693 -0.271769 -0.274647 0.960277 0.049361 0.248549 0.120490 -0.961096 -929.816042 -43.488755 91.440877
-0.928618 -0.250457 -0.273753 -0.273886 0.960443 0.050360 0.250311 0.121742 -0.960481 -930.066245 -43.462673 90.556204
-0.927942 -0.250642 -0.275867 -0.274598 0.960190 0.051284 0.252031 0.123341 -0.959827 -930.340259 -43.426000 89.560052
-0.927420 -0.250898 -0.277385 -0.275989 0.959598 0.054784 0.252433 0.127363 -0.959196 -930.594809 -43.387156 88.660802
-0.927180 -0.249961 -0.279028 -0.276113 0.959369 0.058067 0.253177 0.130882 -0.958526 -930.843919 -43.345846 87.774862
-0.926409 -0.249816 -0.281708 -0.277401 0.958749 0.062037 0.254589 0.135618 -0.957493 -931.127178 -43.300433 86.791103
-0.926765 -0.248571 -0.281637 -0.276993 0.958644 0.065389 0.253735 0.138612 -0.957290 -931.409925 -43.245141 85.795700
-0.926047 -0.249831 -0.282879 -0.278295 0.958315 0.064683 0.254927 0.138623 -0.956972 -931.672193 -43.192128 84.877556
-0.926055 -0.249902 -0.282790 -0.278367 0.958291 0.064729 0.254819 0.138662 -0.956995 -931.920147 -43.146120 84.025400
-0.926162 -0.249618 -0.282693 -0.278278 0.958261 0.065553 0.254531 0.139380 -0.956968 -932.184847 -43.094397 83.112662
-0.926864 -0.249024 -0.280911 -0.277362 0.958535 0.065426 0.252971 0.138555 -0.957501 -932.432570 -43.048729 82.249865
-0.926893 -0.249505 -0.280385 -0.277455 0.958592 0.064192 0.252759 0.137294 -0.957739 -932.687661 -43.005359 81.369404
-0.927353 -0.248553 -0.279711 -0.276433 0.958871 0.064426 0.252193 0.137067 -0.957920 -932.948859 -42.961782 80.458230
-0.927409 -0.249213 -0.278937 -0.276981 0.958718 0.064349 0.251386 0.136938 -0.958151 -933.179342 -42.923248 79.643887
-0.927588 -0.250516 -0.277169 -0.278255 0.958301 0.065071 0.249310 0.137483 -0.958615 -933.396000 -42.880615 78.865943
-0.927999 -0.249562 -0.276654 -0.277676 0.958340 0.066934 0.248424 0.138934 -0.958636 -933.630875 -42.838243 78.062004
-0.927814 -0.248625 -0.278113 -0.277343 0.958324 0.068530 0.249484 0.140716 -0.958101 -933.858823 -42.800155 77.274719
-0.928302 -0.246324 -0.278532 -0.275293 0.958842 0.069543 0.249938 0.141235 -0.957906 -934.083790 -42.757890 76.509429
-0.928568 -0.245580 -0.278302 -0.274740 0.958930 0.070501 0.249559 0.141925 -0.957903 -934.304962 -42.712788 75.730569
-0.928884 -0.244896 -0.277851 -0.273855 0.959214 0.070081 0.249356 0.141188 -0.958064 -934.506738 -42.671693 75.016260
-0.929001 -0.244641 -0.277685 -0.273788 0.959171 0.070934 0.248994 0.141924 -0.958050 -934.710008 -42.631923 74.305777
-0.928948 -0.243470 -0.278888 -0.273285 0.959164 0.072932 0.249743 0.143966 -0.957550 -934.911604 -42.592931 73.630809
-0.928578 -0.242904 -0.280607 -0.273314 0.959055 0.074252 0.251082 0.145642 -0.956946 -935.103333 -42.559522 72.975020
-0.928122 -0.242400 -0.282544 -0.273687 0.958773 0.076479 0.252357 0.148310 -0.956201 -935.300339 -42.519646 72.304591
-0.927754 -0.241557 -0.284470 -0.273745 0.958568 0.078813 0.253646 0.150991 -0.955440 -935.508781 -42.479814 71.629732
-0.926927 -0.241776 -0.286967 -0.274584 0.958266 0.079568 0.255753 0.152550 -0.954630 -935.696091 -42.441479 71.012691
-0.925423 -0.243112 -0.290669 -0.276528 0.957722 0.079375 0.259083 0.153834 -0.953526 -935.874187 -42.408219 70.440008
-0.923489 -0.243314 -0.296593 -0.277511 0.957504 0.078574 0.264870 0.154870 -0.951766 -936.046221 -42.375863 69.919155
-0.921951 -0.242016 -0.302383 -0.276909 0.957746 0.077738 0.270792 0.155404 -0.950011 -936.201987 -42.350962 69.455890
-0.920382 -0.242110 -0.307051 -0.277106 0.957882 0.075330 0.275881 0.154418 -0.948707 -936.323497 -42.333397 69.106263
-0.918810 -0.242726 -0.311242 -0.277638 0.957943 0.072545 0.280543 0.153067 -0.947558 -936.434611 -42.315219 68.791557
-0.916943 -0.243383 -0.316197 -0.278596 0.957805 0.070663 0.285657 0.152885 -0.946058 -936.540666 -42.301500 68.486017
-0.915320 -0.243170 -0.321026 -0.279089 0.957687 0.070320 0.290343 0.153960 -0.944456 -936.646742 -42.292117 68.188272
-0.914014 -0.242466 -0.325251 -0.278812 0.957829 0.069475 0.294689 0.154185 -0.943072 -936.755911 -42.283864 67.894333
-0.912766 -0.241049 -0.329778 -0.277591 0.958299 0.067861 0.299668 0.153485 -0.941616 -936.888545 -42.269435 67.540941
-0.910933 -0.240862 -0.334943 -0.277501 0.958494 0.065443 0.305279 0.152561 -0.939963 -937.019672 -42.257897 67.188580
-0.909090 -0.241135 -0.339720 -0.278096 0.958426 0.063888 0.310191 0.152555 -0.938354 -937.163034 -42.240179 66.798549
-0.907367 -0.240302 -0.344877 -0.278066 0.958443 0.063769 0.315221 0.153761 -0.936479 -937.320249 -42.224857 66.384987
-0.905734 -0.240956 -0.348693 -0.279087 0.958211 0.062783 0.318993 0.154180 -0.935132 -937.443939 -42.214262 66.056711
-0.904445 -0.241566 -0.351603 -0.280089 0.957948 0.062336 0.321759 0.154860 -0.934071 -937.605980 -42.197348 65.644046
-0.902990 -0.242090 -0.354967 -0.281508 0.957481 0.063111 0.324596 0.156915 -0.932746 -937.790733 -42.171334 65.185146
-0.901893 -0.243380 -0.356869 -0.283059 0.957054 0.062659 0.326293 0.157527 -0.932050 -937.962222 -42.141655 64.756962
-0.901165 -0.245346 -0.357362 -0.284876 0.956581 0.061638 0.326723 0.157350 -0.931930 -938.076244 -42.119130 64.480094
-0.900657 -0.246891 -0.357578 -0.286639 0.956038 0.061877 0.326581 0.158226 -0.931831 -938.234057 -42.082849 64.089620
-0.900674 -0.247044 -0.357428 -0.287296 0.955744 0.063366 0.325956 0.159760 -0.931788 -938.403480 -42.045248 63.689839
-0.901231 -0.247081 -0.355997 -0.286986 0.955854 0.063111 0.324688 0.159043 -0.932354 -938.556969 -42.016475 63.317530
-0.901734 -0.246315 -0.355252 -0.285722 0.956292 0.062201 0.324404 0.157592 -0.932699 -938.756618 -41.979304 62.836976
-0.902358 -0.245328 -0.354351 -0.284341 0.956736 0.061698 0.323884 0.156431 -0.933075 -938.950078 -41.943171 62.355185
-0.903356 -0.243802 -0.352857 -0.282809 0.957124 0.062713 0.322438 0.156443 -0.933573 -939.128675 -41.911433 61.900256
-0.903927 -0.243971 -0.351275 -0.283107 0.956959 0.063875 0.320572 0.157186 -0.934091 -939.335628 -41.874506 61.352684
-0.905362 -0.242348 -0.348693 -0.281514 0.957313 0.065587 0.317913 0.157542 -0.934939 -939.550635 -41.838199 60.804769
-0.906239 -0.241994 -0.346656 -0.280996 0.957421 0.066231 0.315868 0.157430 -0.935651 -939.750434 -41.795011 60.283432
-0.907197 -0.241507 -0.344483 -0.280232 0.957617 0.066634 0.313790 0.156986 -0.936425 -939.963400 -41.753859 59.721346
-0.908466 -0.240724 -0.341674 -0.279638 0.957636 0.068824 0.310632 0.158069 -0.937295 -940.185834 -41.706015 59.125886
-0.909591 -0.239404 -0.339601 -0.278660 0.957747 0.071197 0.308207 0.159394 -0.937871 -940.420254 -41.659761 58.496752
-0.910639 -0.237782 -0.337929 -0.277481 0.957898 0.073726 0.306171 0.160907 -0.938279 -940.681432 -41.615565 57.794189
-0.911548 -0.237348 -0.335777 -0.277098 0.957898 0.075150 0.303804 0.161546 -0.938939 -940.924218 -41.575977 57.132962
-0.912034 -0.238718 -0.333478 -0.278823 0.957224 0.077334 0.300752 0.163513 -0.939581 -941.158261 -41.530466 56.460460
-0.912412 -0.240032 -0.331495 -0.280861 0.956362 0.080554 0.297694 0.166602 -0.940012 -941.381556 -41.481802 55.822045
-0.912903 -0.241720 -0.328906 -0.282640 0.955704 0.082123 0.294486 0.167932 -0.940785 -941.601390 -41.433996 55.189841
-0.913002 -0.243055 -0.327644 -0.283925 0.955290 0.082515 0.292939 0.168363 -0.941191 -941.846272 -41.381593 54.468713
-0.913386 -0.242626 -0.326892 -0.284045 0.955053 0.084807 0.291623 0.170313 -0.941249 -942.098204 -41.327349 53.734447
-0.913854 -0.241291 -0.326573 -0.283774 0.954786 0.088637 0.290420 0.173674 -0.941007 -942.364955 -41.271661 52.971254
-0.914428 -0.240480 -0.325564 -0.284111 0.954258 0.093129 0.288276 0.177656 -0.940923 -942.622334 -41.213110 52.218191
-0.914864 -0.240899 -0.324024 -0.285324 0.953543 0.096676 0.285682 0.180897 -0.941096 -942.864348 -41.151357 51.515676
-0.916136 -0.240701 -0.320558 -0.285384 0.953195 0.099876 0.281515 0.182982 -0.941949 -943.108165 -41.087955 50.798066
-0.916525 -0.240591 -0.319527 -0.285834 0.952784 0.102472 0.279786 0.185250 -0.942020 -943.338327 -41.025514 50.093620
-0.917332 -0.240033 -0.317626 -0.285920 0.952367 0.106051 0.277041 0.188099 -0.942267 -943.585646 -40.956200 49.328025
-0.918601 -0.240609 -0.313497 -0.286359 0.951965 0.108450 0.272344 0.189395 -0.943376 -943.811306 -40.881338 48.607582
-0.919746 -0.240407 -0.310277 -0.286170 0.951744 0.110860 0.268653 0.190755 -0.944160 -944.062280 -40.805268 47.823768
-0.920359 -0.240107 -0.308686 -0.286315 0.951371 0.113649 0.266387 0.192979 -0.944350 -944.345953 -40.724919 46.931807
-0.920776 -0.240678 -0.306994 -0.286888 0.951053 0.114863 0.264323 0.193836 -0.944755 -944.627192 -40.634449 46.056401
-0.921726 -0.241472 -0.303500 -0.287253 0.950818 0.115892 0.260588 0.194002 -0.945757 -944.880953 -40.541531 45.239751
-0.921917 -0.242413 -0.302167 -0.288700 0.950038 0.118661 0.258305 0.196631 -0.945841 -945.176155 -40.442403 44.318343
-0.922219 -0.242104 -0.301492 -0.289240 0.949405 0.122351 0.256617 0.200038 -0.945586 -945.465465 -40.337279 43.390798
-0.922832 -0.241897 -0.299778 -0.289581 0.948851 0.125793 0.254015 0.202896 -0.945679 -945.742935 -40.234907 42.506826
-0.923710 -0.241605 -0.297299 -0.289477 0.948508 0.128589 0.250922 0.204840 -0.946086 -945.984470 -40.140199 41.727165
-0.924303 -0.241510 -0.295529 -0.289655 0.948107 0.131125 0.248525 0.206801 -0.946292 -946.229416 -40.041471 40.945423
-0.924825 -0.240982 -0.294323 -0.289437 0.947856 0.133400 0.246829 0.208560 -0.946350 -946.498712 -39.926241 40.082175
-0.925502 -0.240886 -0.292267 -0.289600 0.947407 0.136203 0.244087 0.210696 -0.946588 -946.727196 -39.826281 39.333691
-0.925700 -0.240892 -0.291634 -0.290259 0.946753 0.139313 0.242546 0.213611 -0.946331 -946.967169 -39.716875 38.548250
-0.925679 -0.241341 -0.291330 -0.291631 0.945757 0.143161 0.240977 0.217482 -0.945850 -947.205821 -39.606403 37.789413
-0.926058 -0.241265 -0.290186 -0.292060 0.945156 0.146220 0.238994 0.220160 -0.945734 -947.419169 -39.508856 37.113938
-0.926412 -0.240678 -0.289541 -0.292297 0.944466 0.150153 0.237324 0.223735 -0.945315 -947.640258 -39.399020 36.389273
-0.926489 -0.239644 -0.290154 -0.292332 0.943852 0.153898 0.236982 0.227406 -0.944524 -947.875137 -39.286362 35.625029
-0.926606 -0.238294 -0.290889 -0.291727 0.943655 0.156240 0.237268 0.229633 -0.943914 -948.134619 -39.159630 34.802967
-0.926856 -0.236154 -0.291838 -0.290174 0.943876 0.157791 0.238195 0.230933 -0.943362 -948.418770 -39.019376 33.902861
-0.926434 -0.235083 -0.294035 -0.289920 0.943764 0.158923 0.240140 0.232478 -0.942490 -948.712944 -38.871943 32.963922
-0.926026 -0.234220 -0.296002 -0.289926 0.943505 0.160442 0.241701 0.234392 -0.941616 -948.960865 -38.751817 32.186063
-0.925691 -0.233264 -0.297800 -0.289970 0.943119 0.162616 0.242928 0.236885 -0.940676 -949.253195 -38.604721 31.258584
-0.925755 -0.232769 -0.297989 -0.289238 0.943527 0.161549 0.243557 0.235745 -0.940800 -949.528358 -38.464990 30.416546
-0.925592 -0.232913 -0.298379 -0.289032 0.943887 0.159804 0.244416 0.234155 -0.940974 -949.800660 -38.335075 29.581549
-0.925822 -0.231768 -0.298558 -0.288084 0.944063 0.160477 0.244664 0.234583 -0.940803 -950.072730 -38.201357 28.742560
-0.926559 -0.228985 -0.298418 -0.285658 0.944507 0.162192 0.244719 0.235526 -0.940553 -950.336788 -38.075115 27.949719
-0.927620 -0.225529 -0.297754 -0.282946 0.944668 0.165963 0.243849 0.238199 -0.940106 -950.650254 -37.927097 26.988887
-0.928720 -0.221859 -0.297083 -0.279884 0.944999 0.169237 0.243197 0.240322 -0.939734 -950.964262 -37.778095 25.999244
-0.929882 -0.218911 -0.295630 -0.276972 0.945533 0.171040 0.242085 0.240928 -0.939866 -951.280519 -37.623033 25.022269
-0.930910 -0.216672 -0.294041 -0.274557 0.946043 0.172107 0.240885 0.240947 -0.940170 -951.566864 -37.480656 24.139578
-0.931318 -0.215608 -0.293530 -0.273562 0.946174 0.172967 0.240438 0.241386 -0.940171 -951.870038 -37.333411 23.224271
-0.931831 -0.214373 -0.292805 -0.272571 0.946135 0.174739 0.239574 0.242637 -0.940070 -952.176510 -37.172593 22.272064
-0.932791 -0.212992 -0.290750 -0.271373 0.945933 0.177673 0.237187 0.244634 -0.940158 -952.465910 -37.016190 21.338968
-0.933602 -0.211159 -0.289482 -0.270066 0.945638 0.181199 0.235483 0.247347 -0.939876 -952.769366 -36.847416 20.355817
-0.934611 -0.210205 -0.286907 -0.269323 0.945140 0.184865 0.232308 0.250048 -0.939952 -953.053935 -36.678058 19.410596
-0.934838 -0.211155 -0.285468 -0.270724 0.944073 0.188242 0.229754 0.253258 -0.939720 -953.335731 -36.509364 18.468438
-0.935247 -0.209818 -0.285112 -0.270224 0.943434 0.192125 0.228673 0.256728 -0.939042 -953.615670 -36.334030 17.525748
-0.935728 -0.209179 -0.284004 -0.270366 0.942463 0.196637 0.226531 0.260784 -0.938443 -953.879288 -36.165199 16.619957
-0.936152 -0.208271 -0.283271 -0.270121 0.941767 0.200272 0.225064 0.264003 -0.937896 -954.129136 -36.003641 15.778991
-0.935945 -0.208752 -0.283602 -0.271190 0.941023 0.202317 0.224641 0.266268 -0.937357 -954.431954 -35.804474 14.757352
-0.935558 -0.208939 -0.284739 -0.272490 0.939936 0.205595 0.224679 0.269934 -0.936298 -954.748158 -35.595667 13.712264
-0.935563 -0.208461 -0.285072 -0.272663 0.939376 0.207911 0.224448 0.272243 -0.935685 -955.049055 -35.389859 12.736618
-0.935698 -0.208005 -0.284961 -0.272641 0.938948 0.209867 0.223910 0.274064 -0.935282 -955.338424 -35.187912 11.769567
-0.935741 -0.207095 -0.285483 -0.272289 0.938669 0.211563 0.224160 0.275702 -0.934741 -955.627344 -34.981680 10.789352
-0.935494 -0.207031 -0.286336 -0.273010 0.937957 0.213781 0.224311 0.278163 -0.933975 -955.927516 -34.762563 9.772070
-0.935044 -0.209013 -0.286366 -0.275266 0.937050 0.214865 0.223430 0.279735 -0.933717 -956.198497 -34.561726 8.854295
-0.934339 -0.210132 -0.287846 -0.277216 0.936106 0.216463 0.223969 0.282045 -0.932892 -956.444152 -34.385990 8.026676
-0.933974 -0.209892 -0.289204 -0.278082 0.935178 0.219345 0.224419 0.285285 -0.931799 -956.704564 -34.205888 7.178535
-0.933698 -0.208983 -0.290749 -0.278024 0.934829 0.220901 0.225636 0.287090 -0.930950 -956.964908 -34.029939 6.365168
-0.933412 -0.208759 -0.291826 -0.278175 0.934743 0.221075 0.226631 0.287532 -0.930572 -957.231786 -33.844581 5.517246
-0.932963 -0.210611 -0.291930 -0.279911 0.934371 0.220455 0.226340 0.287391 -0.930686 -957.489876 -33.661324 4.684666
-0.932095 -0.212395 -0.293405 -0.281744 0.934215 0.218775 0.227637 0.286585 -0.930619 -957.725844 -33.490354 3.943285
-0.931724 -0.211384 -0.295309 -0.281523 0.934088 0.219602 0.229424 0.287745 -0.929821 -957.966862 -33.317992 3.196559
-0.931177 -0.210063 -0.297963 -0.281310 0.933880 0.220753 0.231890 0.289380 -0.928701 -958.206847 -33.157408 2.468712
-0.931364 -0.207982 -0.298838 -0.279411 0.934530 0.220415 0.233431 0.288785 -0.928500 -958.427797 -33.014903 1.827118
-0.931063 -0.207317 -0.300236 -0.279251 0.934513 0.220692 0.234821 0.289319 -0.927983 -958.661331 -32.857639 1.111161
-0.930706 -0.206144 -0.302144 -0.279095 0.934165 0.222355 0.236416 0.291275 -0.926966 -958.926177 -32.684625 0.308347
-0.930773 -0.203191 -0.303934 -0.276781 0.934773 0.222691 0.238860 0.291398 -0.926301 -959.197994 -32.510641 -0.503534
-0.930315 -0.201925 -0.306171 -0.276189 0.934974 0.222582 0.241317 0.291632 -0.925590 -959.468936 -32.333001 -1.300947
-0.929731 -0.200262 -0.309023 -0.275659 0.934916 0.223482 0.244155 0.292963 -0.924425 -959.730712 -32.161075 -2.071336
-0.929815 -0.199098 -0.309521 -0.274927 0.934878 0.224539 0.244660 0.293875 -0.924002 -960.001163 -31.973450 -2.878205
-0.929884 -0.198533 -0.309679 -0.274557 0.934854 0.225091 0.244816 0.294333 -0.923814 -960.254469 -31.796418 -3.651100
-0.930567 -0.196699 -0.308797 -0.272812 0.935016 0.226535 0.244171 0.295050 -0.923757 -960.480262 -31.642990 -4.334588
-0.931928 -0.194124 -0.306310 -0.269927 0.935392 0.228430 0.242176 0.295562 -0.924118 -960.722759 -31.477570 -5.074642
-0.933405 -0.190997 -0.303770 -0.266324 0.936098 0.229767 0.240474 0.295366 -0.924625 -960.936123 -31.336628 -5.724979
-0.934772 -0.188572 -0.301068 -0.263196 0.936823 0.230414 0.238598 0.294625 -0.925347 -961.152315 -31.191555 -6.372764
-0.935593 -0.187688 -0.299063 -0.261693 0.937225 0.230492 0.237029 0.293910 -0.925978 -961.355042 -31.053583 -6.991304
-0.936588 -0.186743 -0.296530 -0.260103 0.937512 0.231124 0.234839 0.293596 -0.926635 -961.559449 -30.906568 -7.636766
-0.937780 -0.186151 -0.293116 -0.258422 0.937984 0.231091 0.231920 0.292460 -0.927728 -961.718458 -30.794129 -8.127913
-0.939084 -0.184822 -0.289763 -0.255858 0.938869 0.230354 0.229475 0.290459 -0.928964 -961.870822 -30.680689 -8.607924
-0.940321 -0.184447 -0.285966 -0.254047 0.939614 0.229317 0.226400 0.288280 -0.930396 -961.987501 -30.589774 -9.007546
-0.941664 -0.183314 -0.282250 -0.251940 0.940006 0.230034 0.223148 0.287725 -0.931353 -962.131877 -30.476154 -9.492549
-0.943266 -0.180596 -0.278630 -0.248465 0.940567 0.231513 0.220260 0.287609 -0.932077 -962.302431 -30.349878 -10.046822
-0.944586 -0.178633 -0.275403 -0.245770 0.941010 0.232587 0.217609 0.287384 -0.932768 -962.480509 -30.204687 -10.656681
-0.945890 -0.176837 -0.272069 -0.243449 0.941086 0.234711 0.214534 0.288246 -0.933214 -962.658099 -30.066313 -11.274958
-0.946673 -0.175775 -0.270026 -0.241968 0.941247 0.235595 0.212750 0.288369 -0.933585 -962.822373 -29.938391 -11.838859
-0.946876 -0.176136 -0.269076 -0.241906 0.941406 0.235025 0.211913 0.287630 -0.934003 -962.995825 -29.796044 -12.441218
-0.946945 -0.175874 -0.269003 -0.241535 0.941599 0.234632 0.212027 0.287157 -0.934123 -963.150988 -29.675367 -12.970545
-0.947176 -0.174214 -0.269270 -0.240071 0.941857 0.235098 0.212657 0.287324 -0.933928 -963.319128 -29.543600 -13.531372
-0.947033 -0.173231 -0.270407 -0.239449 0.942007 0.235131 0.213993 0.287425 -0.933592 -963.506891 -29.394449 -14.178994
-0.946550 -0.172272 -0.272699 -0.239143 0.942143 0.234896 0.216455 0.287555 -0.932984 -963.695139 -29.252581 -14.815001
-0.946113 -0.171753 -0.274539 -0.238942 0.942459 0.233832 0.218580 0.286830 -0.932712 -963.872761 -29.117714 -15.415752
-0.945329 -0.171983 -0.277082 -0.239157 0.943230 0.230481 0.221713 0.284146 -0.932794 -964.036235 -28.994569 -15.958358
-0.944969 -0.171933 -0.278338 -0.238829 0.943982 0.227725 0.223592 0.281668 -0.933097 -964.218355 -28.854889 -16.557766
-0.944585 -0.171941 -0.279634 -0.239058 0.944094 0.227020 0.224967 0.281288 -0.932881 -964.426491 -28.693690 -17.250438
-0.944315 -0.172666 -0.280099 -0.239823 0.943999 0.226607 0.225286 0.281162 -0.932842 -964.638586 -28.534749 -17.953580
-0.944053 -0.173540 -0.280441 -0.240210 0.944484 0.224165 0.225970 0.278989 -0.933329 -964.818566 -28.406193 -18.547801
-0.943570 -0.174151 -0.281685 -0.240410 0.945191 0.220947 0.227768 0.276199 -0.933722 -965.026898 -28.260742 -19.220043
-0.942966 -0.174175 -0.283687 -0.240717 0.945407 0.219685 0.229936 0.275444 -0.933413 -965.260330 -28.098515 -19.972199
-0.942585 -0.175109 -0.284375 -0.241735 0.945263 0.219187 0.230428 0.275346 -0.933321 -965.486360 -27.939592 -20.706426
-0.942475 -0.175053 -0.284774 -0.241913 0.945107 0.219659 0.230690 0.275913 -0.933088 -965.729775 -27.767893 -21.498555
-0.941845 -0.175426 -0.286624 -0.243044 0.944623 0.220493 0.232071 0.277332 -0.932325 -965.940533 -27.613604 -22.188371
-0.941122 -0.176479 -0.288346 -0.245127 0.943605 0.222537 0.232812 0.280116 -0.931307 -966.137083 -27.467859 -22.851840
-0.941327 -0.176340 -0.287764 -0.245441 0.942924 0.225063 0.231652 0.282487 -0.930880 -966.380491 -27.289586 -23.660842
-0.941164 -0.175682 -0.288697 -0.245497 0.942496 0.226786 0.232254 0.284317 -0.930173 -966.618976 -27.117706 -24.432608
-0.941619 -0.174461 -0.287953 -0.244455 0.942370 0.228430 0.231506 0.285486 -0.930002 -966.862130 -26.941158 -25.225886
-0.942625 -0.173532 -0.285208 -0.243178 0.942213 0.230433 0.228739 0.286568 -0.930353 -967.069309 -26.790374 -25.899314
-0.944293 -0.173397 -0.279721 -0.241720 0.942220 0.231932 0.223342 0.286626 -0.931646 -967.275282 -26.637216 -26.581965
-0.946770 -0.173427 -0.271200 -0.239615 0.942259 0.233950 0.214967 0.286481 -0.933658 -967.468528 -26.483679 -27.258925
-0.949673 -0.173498 -0.260807 -0.236888 0.942546 0.235563 0.204953 0.285490 -0.936210 -967.653111 -26.329997 -27.919021
-0.953226 -0.173305 -0.247640 -0.233033 0.943159 0.236951 0.192499 0.283576 -0.939430 -967.833001 -26.166609 -28.617491
-0.956529 -0.173575 -0.234357 -0.229670 0.943584 0.238541 0.179731 0.281996 -0.942430 -968.001444 -26.001259 -29.324033
-0.959090 -0.174236 -0.223131 -0.227231 0.943891 0.239657 0.168854 0.280555 -0.944869 -968.154364 -25.838249 -30.019459
-0.961951 -0.175854 -0.209107 -0.225101 0.943864 0.241765 0.154853 0.279636 -0.947536 -968.279498 -25.681860 -30.672209
-0.964699 -0.177841 -0.194237 -0.223575 0.942827 0.247168 0.139175 0.281870 -0.949305 -968.432537 -25.483966 -31.482498
-0.967130 -0.180539 -0.179066 -0.222391 0.941993 0.251380 0.123295 0.282940 -0.951180 -968.573760 -25.280726 -32.307314
-0.969391 -0.179895 -0.167089 -0.218845 0.941610 0.255885 0.111300 0.284619 -0.952158 -968.721980 -25.057769 -33.203654
-0.970337 -0.180516 -0.160808 -0.217888 0.941193 0.258227 0.104737 0.285606 -0.952607 -968.857096 -24.820157 -34.127854
-0.970727 -0.181309 -0.157530 -0.217946 0.940556 0.260489 0.100937 0.287197 -0.952539 -968.995773 -24.590736 -35.033368
-0.970848 -0.180575 -0.157629 -0.217585 0.939792 0.263527 0.100552 0.290143 -0.951686 -969.139362 -24.352582 -35.936863
-0.970922 -0.180501 -0.157260 -0.217741 0.938852 0.266733 0.099498 0.293219 -0.950854 -969.299221 -24.086758 -36.934393
-0.970960 -0.180580 -0.156934 -0.218010 0.937993 0.269519 0.098533 0.295905 -0.950122 -969.446541 -23.835941 -37.870617
-0.970556 -0.181262 -0.158636 -0.219614 0.936425 0.273639 0.098951 0.300420 -0.948660 -969.594179 -23.578458 -38.813669
-0.970202 -0.180516 -0.161624 -0.220034 0.935708 0.275744 0.101457 0.303091 -0.947546 -969.742010 -23.326871 -39.720053
-0.969501 -0.179280 -0.167110 -0.220632 0.935323 0.276571 0.106718 0.305006 -0.946352 -969.893962 -23.089437 -40.586975
-0.969044 -0.177616 -0.171481 -0.220403 0.935338 0.276704 0.111246 0.305933 -0.945531 -970.065170 -22.831013 -41.540915
-0.968356 -0.175591 -0.177355 -0.220446 0.934950 0.277979 0.117008 0.308280 -0.944072 -970.245080 -22.568353 -42.507129
-0.967582 -0.174430 -0.182643 -0.221432 0.933706 0.281354 0.121459 0.312676 -0.942062 -970.414567 -22.317033 -43.415067
-0.967042 -0.172620 -0.187167 -0.221394 0.933133 0.283280 0.125752 0.315381 -0.940596 -970.601253 -22.040934 -44.368550
-0.966657 -0.169854 -0.191637 -0.220503 0.932621 0.285652 0.130206 0.318384 -0.938977 -970.804626 -21.754850 -45.382982
-0.965942 -0.167417 -0.197302 -0.220305 0.932038 0.287698 0.135727 0.321366 -0.937178 -971.016556 -21.459912 -46.409524
-0.965123 -0.166698 -0.201864 -0.221499 0.930978 0.290203 0.139555 0.324794 -0.935432 -971.236372 -21.146014 -47.462912
-0.964376 -0.166233 -0.205782 -0.222714 0.929976 0.292478 0.142753 0.327889 -0.933869 -971.447163 -20.850754 -48.443849
-0.963814 -0.164742 -0.209580 -0.222583 0.929967 0.292607 0.146698 0.328667 -0.932983 -971.626707 -20.596583 -49.267772
-0.963553 -0.163693 -0.211588 -0.222329 0.929881 0.293072 0.148778 0.329433 -0.932384 -971.815602 -20.328867 -50.136663
-0.962820 -0.162177 -0.216046 -0.222481 0.929667 0.293634 0.153230 0.330783 -0.931184 -972.042325 -20.024008 -51.113757
-0.961837 -0.161753 -0.220693 -0.223627 0.929472 0.293383 0.157672 0.331539 -0.930173 -972.265228 -19.722476 -52.099751
-0.961669 -0.162824 -0.220636 -0.224885 0.928712 0.294822 0.156903 0.333139 -0.929731 -972.463080 -19.444958 -52.989354
-0.961547 -0.163677 -0.220539 -0.225965 0.927902 0.296544 0.156101 0.334975 -0.929206 -972.655678 -19.178137 -53.841284
-0.961654 -0.163042 -0.220543 -0.226261 0.926082 0.301957 0.155009 0.340278 -0.927460 -972.877172 -18.875885 -54.812005
-0.961942 -0.162031 -0.220030 -0.226044 0.924278 0.307594 0.153530 0.345624 -0.925728 -973.098337 -18.559733 -55.819353
-0.962599 -0.160983 -0.217916 -0.224977 0.923111 0.311853 0.150957 0.349215 -0.924803 -973.298090 -18.277068 -56.727520
-0.963274 -0.160227 -0.215477 -0.223596 0.922971 0.313257 0.148687 0.349932 -0.924900 -973.514973 -17.977514 -57.682752
-0.964175 -0.159256 -0.212141 -0.221483 0.923428 0.313410 0.145984 0.349168 -0.925619 -973.720807 -17.682714 -58.594282
-0.965049 -0.158609 -0.208622 -0.219326 0.924531 0.311672 0.143443 0.346535 -0.927005 -973.923988 -17.387753 -59.510763
-0.965697 -0.158272 -0.205863 -0.218025 0.924820 0.311726 0.141048 0.345916 -0.927603 -974.097676 -17.123279 -60.350674
-0.966299 -0.157482 -0.203633 -0.216811 0.924342 0.313981 0.138780 0.347549 -0.927335 -974.308010 -16.800740 -61.335605
-0.966379 -0.157599 -0.203159 -0.216901 0.923982 0.314977 0.138075 0.348453 -0.927101 -974.513934 -16.475989 -62.344673
-0.967052 -0.157693 -0.199858 -0.215933 0.923912 0.315847 0.134844 0.348597 -0.927522 -974.708584 -16.174751 -63.261658
-0.967505 -0.157909 -0.197482 -0.215424 0.923704 0.316803 0.132389 0.349051 -0.927705 -974.905747 -15.874012 -64.211358
-0.967262 -0.158585 -0.198127 -0.216392 0.923258 0.317441 0.132581 0.349922 -0.927349 -975.115522 -15.550139 -65.216030
-0.967245 -0.158059 -0.198630 -0.216441 0.922357 0.320018 0.132626 0.352527 -0.926356 -975.362539 -15.176161 -66.369573
-0.967197 -0.157012 -0.199692 -0.216319 0.921198 0.323418 0.133176 0.356007 -0.924945 -975.579580 -14.841660 -67.388250
-0.967321 -0.155661 -0.200151 -0.215603 0.920384 0.326202 0.133439 0.358695 -0.923868 -975.789087 -14.520575 -68.375455
-0.967511 -0.154526 -0.200108 -0.214663 0.920222 0.327277 0.133571 0.359600 -0.923497 -976.009118 -14.178177 -69.400341
-0.966852 -0.154857 -0.203016 -0.216106 0.919766 0.327611 0.135995 0.360624 -0.922744 -976.228980 -13.839993 -70.402652
-0.966191 -0.156118 -0.205188 -0.218171 0.919141 0.327996 0.137391 0.361672 -0.922126 -976.462842 -13.482788 -71.451284
-0.965662 -0.156781 -0.207164 -0.219888 0.917904 0.330305 0.138371 0.364516 -0.920859 -976.685040 -13.155074 -72.423320
-0.965602 -0.155625 -0.208310 -0.219651 0.916933 0.333147 0.139161 0.367443 -0.919576 -976.888845 -12.854945 -73.300505
-0.965556 -0.155726 -0.208448 -0.220009 0.916343 0.334531 0.138915 0.368869 -0.919042 -977.087069 -12.556933 -74.166611
-0.965822 -0.154500 -0.208128 -0.218991 0.915939 0.336301 0.138674 0.370385 -0.918469 -977.299180 -12.239520 -75.074197
-0.965593 -0.154326 -0.209318 -0.219602 0.915016 0.338410 0.139304 0.372733 -0.917423 -977.509626 -11.920029 -76.002479
-0.965477 -0.152984 -0.210832 -0.219252 0.914282 0.340611 0.140652 0.375078 -0.916261 -977.719221 -11.599687 -76.913955
-0.965840 -0.150795 -0.210746 -0.217389 0.914135 0.342197 0.141049 0.376322 -0.915689 -977.907920 -11.313933 -77.720287
-0.966308 -0.148606 -0.210153 -0.215264 0.914210 0.343339 0.141102 0.377010 -0.915398 -978.086415 -11.041092 -78.480247
-0.966269 -0.148414 -0.210472 -0.215176 0.914304 0.343145 0.141508 0.376859 -0.915398 -978.255322 -10.775805 -79.237270
-0.965601 -0.149625 -0.212665 -0.217047 0.914175 0.342309 0.143195 0.376692 -0.915204 -978.415333 -10.514231 -79.958881
-0.965315 -0.149458 -0.214078 -0.217529 0.913847 0.342878 0.144389 0.377553 -0.914661 -978.580517 -10.263830 -80.675441
-0.965442 -0.148569 -0.214122 -0.216635 0.914224 0.342437 0.144880 0.376990 -0.914816 -978.718850 -10.059499 -81.270236
-0.965230 -0.148527 -0.215106 -0.216629 0.915046 0.340239 0.146297 0.375007 -0.915405 -978.868155 -9.825553 -81.928628
-0.964917 -0.147681 -0.217082 -0.216327 0.915728 0.338591 0.148784 0.373673 -0.915550 -979.028522 -9.576699 -82.618917
-0.964410 -0.146187 -0.220324 -0.216003 0.916167 0.337611 0.152499 0.373186 -0.915137 -979.173334 -9.361874 -83.228462
-0.964260 -0.144754 -0.221923 -0.215190 0.916514 0.337188 0.154586 0.372892 -0.914907 -979.340613 -9.111017 -83.947638
-0.964265 -0.142664 -0.223248 -0.213896 0.916430 0.338237 0.156337 0.373902 -0.914197 -979.519794 -8.847928 -84.702021
-0.963761 -0.141143 -0.226369 -0.214032 0.915619 0.340341 0.159232 0.376457 -0.912647 -979.692291 -8.607797 -85.408835
-0.963315 -0.139370 -0.229349 -0.214031 0.914539 0.343233 0.161912 0.379729 -0.910819 -979.851667 -8.385119 -86.063724
-0.962575 -0.138325 -0.233059 -0.214907 0.913510 0.345419 0.165121 0.382577 -0.909049 -980.018933 -8.147832 -86.743862
-0.961830 -0.137717 -0.236470 -0.215973 0.912688 0.346924 0.168046 0.384753 -0.907594 -980.199216 -7.891567 -87.458182
-0.960354 -0.137038 -0.242777 -0.217902 0.912176 0.347065 0.173894 0.386207 -0.905872 -980.346741 -7.694625 -87.999600
-0.958117 -0.134736 -0.252703 -0.219255 0.912776 0.344627 0.184228 0.385599 -0.904087 -980.475538 -7.541530 -88.428788
-0.955121 -0.133411 -0.264470 -0.221954 0.913591 0.340717 0.196162 0.384127 -0.902201 -980.594686 -7.407367 -88.811945
-0.952163 -0.131357 -0.275919 -0.224175 0.913857 0.338541 0.207681 0.384201 -0.899588 -980.736590 -7.255034 -89.254758
-0.949031 -0.130019 -0.287116 -0.227151 0.913665 0.337074 0.218502 0.385112 -0.896630 -980.896563 -7.080767 -89.762096
-0.944692 -0.128712 -0.301647 -0.231179 0.913744 0.334109 0.232625 0.385364 -0.892962 -981.065330 -6.910541 -90.258502
-0.939610 -0.127465 -0.317626 -0.235553 0.914129 0.329974 0.248291 0.384865 -0.888949 -981.235892 -6.749613 -90.736351
-0.933186 -0.126487 -0.336400 -0.240998 0.914620 0.324638 0.266616 0.384019 -0.883994 -981.408234 -6.604061 -91.154666
-0.926452 -0.125517 -0.354871 -0.246129 0.915299 0.318823 0.284795 0.382718 -0.878874 -981.600087 -6.446842 -91.613124
-0.919058 -0.123989 -0.374112 -0.251060 0.915896 0.313215 0.303812 0.381788 -0.872890 -981.820679 -6.287016 -92.105740
-0.912138 -0.121450 -0.391476 -0.254417 0.916594 0.308428 0.321366 0.380927 -0.866959 -982.034016 -6.148165 -92.553821
-0.902156 -0.119921 -0.414408 -0.260657 0.916948 0.302100 0.343762 0.380560 -0.858488 -982.301080 -5.976933 -93.089017
-0.891357 -0.119776 -0.437192 -0.267776 0.917327 0.294630 0.365758 0.379689 -0.849739 -982.555276 -5.830458 -93.546937
-0.879074 -0.119531 -0.461456 -0.274651 0.918224 0.285362 0.389610 0.377593 -0.840016 -982.777216 -5.717211 -93.906187
-0.867353 -0.118926 -0.483275 -0.280624 0.918814 0.277544 0.411033 0.376347 -0.830310 -983.005598 -5.610764 -94.253627
-0.854187 -0.119217 -0.506114 -0.288160 0.918752 0.269923 0.432814 0.376407 -0.819140 -983.298488 -5.479917 -94.693523
-0.839037 -0.118416 -0.531032 -0.295631 0.918598 0.262260 0.456749 0.377035 -0.805745 -983.678778 -5.312314 -95.259806
-0.823608 -0.116142 -0.555140 -0.301818 0.918455 0.255627 0.480183 0.378088 -0.791501 -984.008146 -5.184992 -95.712390
-0.807017 -0.113741 -0.579471 -0.309924 0.916850 0.251661 0.502664 0.382686 -0.775165 -984.382395 -5.044355 -96.199644
-0.788092 -0.109956 -0.605657 -0.317457 0.915578 0.246858 0.527382 0.386817 -0.756466 -984.730156 -4.930696 -96.609320
-0.768678 -0.104859 -0.630983 -0.324191 0.914248 0.243004 0.551394 0.391350 -0.736756 -985.125457 -4.802545 -97.063235
-0.749993 -0.100299 -0.653797 -0.329962 0.913398 0.238386 0.573267 0.394516 -0.718138 -985.570113 -4.665146 -97.535664
-0.731367 -0.097408 -0.674992 -0.335919 0.912808 0.232248 0.593516 0.396602 -0.700319 -985.975655 -4.549179 -97.930326
-0.710309 -0.093754 -0.697619 -0.341370 0.912618 0.224932 0.615571 0.397918 -0.680245 -986.348251 -4.448449 -98.269356
-0.689279 -0.091568 -0.718686 -0.347001 0.912525 0.216538 0.635991 0.398639 -0.660759 -986.718469 -4.356313 -98.592657
-0.667837 -0.088984 -0.738970 -0.352347 0.912332 0.208570 0.655626 0.399665 -0.640642 -987.138010 -4.250769 -98.945104
-0.645301 -0.086939 -0.758965 -0.358143 0.911986 0.200039 0.674774 0.400903 -0.619642 -987.585339 -4.146343 -99.300318
-0.621601 -0.085358 -0.778669 -0.365101 0.911041 0.191586 0.693046 0.403383 -0.597469 -988.000969 -4.059572 -99.611712
-0.602920 -0.083565 -0.793413 -0.369909 0.910420 0.185208 0.706863 0.405156 -0.579822 -988.426763 -3.971071 -99.920411
-0.588356 -0.081379 -0.804496 -0.372243 0.910487 0.180133 0.717824 0.405451 -0.565984 -988.837130 -3.882459 -100.205871
-0.579108 -0.078880 -0.811426 -0.371906 0.911270 0.176840 0.725479 0.404184 -0.557059 -989.282134 -3.791531 -100.506780
-0.576542 -0.076802 -0.813450 -0.371383 0.911419 0.177171 0.727787 0.404248 -0.553994 -989.654532 -3.714169 -100.768068
-0.578746 -0.074921 -0.812059 -0.370503 0.911227 0.179983 0.726485 0.405034 -0.555127 -990.004262 -3.638912 -101.020618
-0.585185 -0.073674 -0.807546 -0.369200 0.910864 0.184440 0.721976 0.406078 -0.560225 -990.311624 -3.565457 -101.254560
-0.595884 -0.074310 -0.799625 -0.367367 0.910642 0.189136 0.714118 0.406459 -0.569936 -990.603083 -3.490954 -101.487736
-0.608496 -0.075528 -0.789954 -0.365122 0.910479 0.194199 0.704569 0.406599 -0.581600 -990.831751 -3.427421 -101.687332
-0.624774 -0.077225 -0.776977 -0.361515 0.910621 0.200190 0.692072 0.405962 -0.596850 -991.068189 -3.356993 -101.896094
-0.646335 -0.077815 -0.759076 -0.355355 0.911024 0.209185 0.675259 0.404945 -0.616478 -991.309885 -3.281025 -102.124364
-0.670871 -0.078549 -0.737402 -0.348540 0.911099 0.220041 0.654563 0.404633 -0.638607 -991.513904 -3.204800 -102.344006
-0.699474 -0.078771 -0.710303 -0.339464 0.911244 0.233234 0.628888 0.404263 -0.664132 -991.646178 -3.140788 -102.525399
-0.729516 -0.078426 -0.679453 -0.329107 0.911093 0.248192 0.599580 0.404672 -0.690467 -991.822622 -3.060043 -102.761240
-0.762083 -0.077370 -0.642840 -0.316571 0.910598 0.265697 0.564812 0.405988 -0.718444 -992.071873 -2.945471 -103.098004
-0.793751 -0.078153 -0.603200 -0.304497 0.909550 0.282843 0.526536 0.408180 -0.745754 -992.274490 -2.815175 -103.442119
-0.822532 -0.078859 -0.563225 -0.292447 0.908021 0.299954 0.487767 0.411435 -0.769938 -992.482283 -2.676734 -103.814869
-0.851963 -0.079915 -0.517468 -0.277714 0.906788 0.317191 0.443886 0.413943 -0.794743 -992.648121 -2.536472 -104.162782
-0.877204 -0.079961 -0.473412 -0.262483 0.905501 0.333423 0.402014 0.416742 -0.815298 -992.820975 -2.388921 -104.539689
-0.901117 -0.081351 -0.425876 -0.245805 0.904992 0.347230 0.357167 0.417578 -0.835500 -992.904245 -2.272644 -104.809726
-0.920374 -0.081796 -0.382388 -0.229677 0.904505 0.359331 0.316480 0.418544 -0.851270 -992.973324 -2.151099 -105.078282
-0.936845 -0.082866 -0.339787 -0.214475 0.903529 0.370993 0.276265 0.420439 -0.864239 -992.994032 -2.057490 -105.274522
-0.952931 -0.085927 -0.290756 -0.198130 0.902388 0.382675 0.229492 0.422271 -0.876938 -992.997570 -1.971651 -105.458135
-0.965640 -0.086095 -0.245208 -0.180771 0.900392 0.395748 0.186711 0.426477 -0.885018 -993.041346 -1.829421 -105.776655
-0.976120 -0.087694 -0.198746 -0.164010 0.897428 0.409542 0.142446 0.432358 -0.890379 -993.093113 -1.650120 -106.178120
-0.984841 -0.089528 -0.148573 -0.144988 0.895053 0.421732 0.095224 0.436880 -0.894465 -993.086502 -1.524798 -106.456652
-0.990704 -0.091962 -0.100242 -0.126612 0.892823 0.432246 0.049748 0.440919 -0.896167 -993.077586 -1.362086 -106.806694
-0.994118 -0.094979 -0.052050 -0.108227 0.889510 0.443913 0.004136 0.446935 -0.894557 -993.051104 -1.143478 -107.264794
-0.995194 -0.097893 -0.002241 -0.088215 0.886403 0.454432 -0.042499 0.452445 -0.890779 -993.011571 -0.959869 -107.640212
-0.994018 -0.100086 0.043714 -0.068798 0.884668 0.461117 -0.084824 0.455351 -0.886262 -992.957371 -0.803460 -107.945258
-0.991435 -0.102172 0.081352 -0.052764 0.883144 0.466125 -0.119470 0.457840 -0.880971 -992.889251 -0.619408 -108.299384
-0.987978 -0.103328 0.114994 -0.037467 0.881687 0.470344 -0.149989 0.460381 -0.874959 -992.804890 -0.389490 -108.749970
-0.984734 -0.104362 0.139309 -0.026032 0.879626 0.474953 -0.172107 0.464076 -0.868914 -992.713996 -0.146425 -109.222076
-0.981628 -0.104866 0.159404 -0.016090 0.877946 0.478490 -0.190125 0.467134 -0.863503 -992.610347 0.082732 -109.659504
-0.978393 -0.105213 0.177979 -0.007392 0.878083 0.478452 -0.206620 0.466798 -0.859888 -992.513641 0.282465 -110.051155
-0.975432 -0.106380 0.192914 -0.002313 0.880581 0.473890 -0.220289 0.461801 -0.859193 -992.415420 0.483321 -110.430346
-0.973614 -0.107599 0.201241 -0.000112 0.882086 0.471088 -0.228201 0.458636 -0.858824 -992.276564 0.781479 -110.981000
-0.972524 -0.107858 0.206308 0.002066 0.882165 0.470936 -0.232792 0.458423 -0.857704 -992.128335 1.098470 -111.588969
-0.972115 -0.108148 0.208077 0.002497 0.882485 0.470335 -0.234491 0.457739 -0.857607 -991.973337 1.429520 -112.218340
-0.972101 -0.108373 0.208027 0.001057 0.884837 0.465900 -0.234561 0.453122 -0.860036 -991.809266 1.773148 -112.882914
-0.973272 -0.108729 0.202289 -0.004346 0.889389 0.457130 -0.229616 0.444032 -0.866090 -991.660216 2.098052 -113.509019
-0.975844 -0.108789 0.189457 -0.012730 0.894042 0.447803 -0.218099 0.434574 -0.873830 -991.528471 2.406262 -114.121811
-0.979050 -0.108891 0.172058 -0.022721 0.898139 0.439124 -0.202348 0.426015 -0.881797 -991.406762 2.708013 -114.730481
-0.983360 -0.108368 0.145810 -0.035787 0.902430 0.429348 -0.178111 0.416985 -0.891291 -991.330681 2.938356 -115.207441
-0.987006 -0.109730 0.117378 -0.050635 0.905692 0.420901 -0.152494 0.409488 -0.899480 -991.273098 3.159126 -115.688459
-0.989617 -0.111039 0.091262 -0.063391 0.907048 0.416228 -0.128996 0.406121 -0.904669 -991.241154 3.373587 -116.168684
-0.991610 -0.111731 0.065004 -0.074599 0.905325 0.418118 -0.105567 0.409761 -0.906064 -991.213370 3.591084 -116.651815
-0.993049 -0.111425 0.037914 -0.084830 0.900874 0.425711 -0.081590 0.419536 -0.904064 -991.190199 3.935064 -117.426224
-0.993702 -0.110955 0.015644 -0.093096 0.895202 0.435828 -0.062362 0.431627 -0.899894 -991.186269 4.327487 -118.301473
-0.993753 -0.111405 -0.006678 -0.102791 0.890325 0.443571 -0.043470 0.441486 -0.896214 -991.198226 4.689343 -119.091595
-0.993653 -0.109226 -0.026886 -0.109674 0.887626 0.447317 -0.024994 0.447426 -0.893971 -991.228106 5.021211 -119.802454
-0.993434 -0.106852 -0.040888 -0.113799 0.886086 0.449334 -0.011781 0.451037 -0.892428 -991.268332 5.318479 -120.416866
-0.993264 -0.103525 -0.052045 -0.115871 0.886098 0.448780 -0.000343 0.451788 -0.892125 -991.316928 5.612716 -121.035960
-0.992906 -0.101422 -0.062056 -0.118517 0.886135 0.448017 0.009551 0.452193 -0.891869 -991.371700 5.909160 -121.663533
-0.992239 -0.099919 -0.074012 -0.122567 0.886210 0.446776 0.020949 0.452380 -0.891579 -991.432500 6.226521 -122.322577
-0.991517 -0.098738 -0.084532 -0.126301 0.885514 0.447116 0.030707 0.454000 -0.890473 -991.513273 6.591354 -123.083704
-0.990778 -0.097516 -0.094069 -0.129728 0.883105 0.450884 0.039104 0.458929 -0.887612 -991.615809 7.044160 -124.001264
-0.990241 -0.093636 -0.103221 -0.130805 0.880033 0.456544 0.048089 0.465591 -0.883693 -991.723813 7.484381 -124.892776
-0.989688 -0.090823 -0.110764 -0.132132 0.877427 0.461155 0.055304 0.471035 -0.880379 -991.818771 7.852908 -125.628206
-0.989423 -0.086835 -0.116195 -0.131275 0.876804 0.462581 0.061712 0.472942 -0.878930 -991.923371 8.234395 -126.381504
-0.989398 -0.083819 -0.118601 -0.129769 0.876890 0.462843 0.065206 0.473327 -0.878470 -992.020552 8.572961 -127.046769
-0.989189 -0.081160 -0.122140 -0.128996 0.877721 0.461483 0.069750 0.472250 -0.878701 -992.134277 8.957528 -127.812250
-0.988657 -0.079511 -0.127416 -0.129778 0.879276 0.458292 0.075595 0.469629 -0.879621 -992.264202 9.370640 -128.623210
-0.988199 -0.079337 -0.131025 -0.131260 0.879511 0.457418 0.078948 0.469219 -0.879546 -992.376465 9.744279 -129.368752
-0.987359 -0.079272 -0.137250 -0.134281 0.878410 0.458655 0.084204 0.471287 -0.877951 -992.521041 10.207995 -130.298900
-0.986220 -0.080854 -0.144339 -0.139105 0.877533 0.458897 0.089559 0.472651 -0.876687 -992.683910 10.712275 -131.319264
-0.985553 -0.079730 -0.149425 -0.140687 0.876608 0.460180 0.094297 0.474554 -0.875161 -992.871676 11.245617 -132.380174
-0.984947 -0.078306 -0.154099 -0.141829 0.875718 0.461522 0.098807 0.476430 -0.873642 -993.061171 11.780813 -133.434350
-0.984263 -0.077592 -0.158766 -0.143384 0.875800 0.460886 0.103286 0.476397 -0.873142 -993.251576 12.309693 -134.489186
-0.983427 -0.077600 -0.163856 -0.145410 0.877399 0.457194 0.108289 0.473443 -0.874142 -993.455003 12.850611 -135.565855
-0.981146 -0.077553 -0.177024 -0.151319 0.878052 0.454012 0.120226 0.472240 -0.873233 -993.668927 13.376051 -136.614246
-0.978701 -0.076716 -0.190418 -0.157217 0.876548 0.454914 0.132011 0.475161 -0.869939 -993.907004 13.919496 -137.705801
-0.977038 -0.076106 -0.199007 -0.161398 0.874124 0.458102 0.139093 0.479703 -0.866336 -994.136818 14.440530 -138.732926
-0.976175 -0.075806 -0.203312 -0.163588 0.872689 0.460057 0.142553 0.482356 -0.864298 -994.347419 14.905028 -139.653323
-0.975335 -0.075519 -0.207408 -0.165163 0.873060 0.458789 0.146432 0.481729 -0.863999 -994.547804 15.333302 -140.511728
-0.974697 -0.074863 -0.210619 -0.165657 0.874545 0.455773 0.150075 0.479131 -0.864818 -994.757542 15.765096 -141.355588
-0.974002 -0.074322 -0.213999 -0.166569 0.875206 0.454168 0.153538 0.478007 -0.864833 -994.981111 16.219513 -142.258355
-0.973361 -0.072570 -0.217488 -0.166788 0.874996 0.454492 0.157319 0.478660 -0.863791 -995.199772 16.660453 -143.138297
-0.972574 -0.070650 -0.221603 -0.167202 0.874673 0.454961 0.161688 0.479536 -0.862498 -995.411337 17.097815 -143.997488
-0.971548 -0.068248 -0.226798 -0.168150 0.873127 0.457574 0.166796 0.482691 -0.859761 -995.667080 17.609927 -145.001428
-0.970590 -0.065100 -0.231770 -0.168790 0.870488 0.462343 0.171654 0.487866 -0.855875 -995.934424 18.129318 -146.019065
-0.969862 -0.062619 -0.235470 -0.169255 0.868329 0.466215 0.175272 0.492019 -0.852758 -996.173756 18.576264 -146.905671
-0.969638 -0.061637 -0.236649 -0.169277 0.867566 0.467626 0.176486 0.493487 -0.851659 -996.422679 19.034676 -147.788998
-0.969636 -0.062517 -0.236427 -0.169428 0.868893 0.465101 0.176354 0.491036 -0.853102 -996.685677 19.532241 -148.738826
-0.969726 -0.064802 -0.235441 -0.170491 0.869925 0.462778 0.174827 0.488908 -0.854637 -996.910541 19.956224 -149.554348
-0.969908 -0.065527 -0.234487 -0.170542 0.870202 0.462238 0.173762 0.488318 -0.855191 -997.152574 20.420544 -150.453608
-0.970147 -0.064331 -0.233830 -0.169006 0.870834 0.461612 0.173930 0.487350 -0.855709 -997.414360 20.919638 -151.412544
-0.970542 -0.061880 -0.232852 -0.166467 0.870902 0.462405 0.174178 0.487546 -0.855547 -997.673261 21.412816 -152.355208
-0.970841 -0.060601 -0.231937 -0.165051 0.870653 0.463381 0.173855 0.488151 -0.855268 -997.903097 21.870726 -153.232139
-0.971376 -0.059239 -0.230042 -0.163481 0.869304 0.466459 0.172344 0.490715 -0.854106 -998.115716 22.286407 -154.026738
-0.971621 -0.058674 -0.229151 -0.163177 0.867594 0.469738 0.171249 0.493799 -0.852547 -998.354697 22.760141 -154.921347
-0.971666 -0.057584 -0.229236 -0.162539 0.866928 0.471186 0.171598 0.495095 -0.851724 -998.577476 23.215472 -155.787640
-0.972108 -0.055340 -0.227910 -0.159714 0.867821 0.470508 0.171747 0.493785 -0.852455 -998.800990 23.661668 -156.640398
-0.972836 -0.054604 -0.224963 -0.157260 0.869016 0.469127 0.169881 0.491762 -0.853997 -999.040835 24.151618 -157.581245
-0.973739 -0.054664 -0.221005 -0.155338 0.869202 0.469423 0.166438 0.491426 -0.854868 -999.294658 24.688189 -158.610599
-0.974687 -0.054742 -0.216767 -0.153749 0.868022 0.472121 0.162314 0.493498 -0.854467 -999.544390 25.220437 -159.628958
-0.974622 -0.054883 -0.217027 -0.154405 0.866770 0.474203 0.162087 0.495679 -0.853247 -999.810508 25.790058 -160.717011
-0.974315 -0.053086 -0.218844 -0.154137 0.865704 0.476233 0.164173 0.497733 -0.851651 -1000.061092 26.320582 -161.722992
-0.974387 -0.050826 -0.219058 -0.152615 0.864908 0.478167 0.165161 0.499351 -0.850512 -1000.298939 26.838299 -162.700176
-0.974720 -0.049175 -0.217950 -0.150305 0.866073 0.476787 0.165315 0.497493 -0.851570 -1000.531041 27.332499 -163.624655
-0.974657 -0.047163 -0.218676 -0.148516 0.867438 0.474863 0.167292 0.495305 -0.852459 -1000.783752 27.870203 -164.621530
-0.974592 -0.046534 -0.219099 -0.148025 0.867939 0.474099 0.168103 0.494485 -0.852775 -1001.002499 28.354445 -165.520825
-0.974586 -0.043918 -0.219668 -0.146236 0.867562 0.475344 0.169699 0.495387 -0.851936 -1001.235382 28.855243 -166.445560
-0.974575 -0.042591 -0.219977 -0.145667 0.866416 0.477603 0.170250 0.497503 -0.850591 -1001.473657 29.350465 -167.357989
-0.974835 -0.042716 -0.218798 -0.145821 0.864561 0.480906 0.168622 0.500709 -0.849033 -1001.694464 29.813124 -168.216111
-0.975187 -0.043121 -0.217144 -0.146406 0.861353 0.486454 0.166062 0.506174 -0.846293 -1001.897631 30.246162 -169.004549
-0.975260 -0.041454 -0.217140 -0.145759 0.859074 0.490659 0.166199 0.510170 -0.843863 -1002.132338 30.743740 -169.895849
-0.975301 -0.041435 -0.216960 -0.145957 0.858137 0.492237 0.165786 0.511746 -0.842989 -1002.340763 31.184470 -170.682543
-0.975141 -0.042217 -0.217528 -0.147055 0.857640 0.492776 0.165757 0.512514 -0.842528 -1002.516187 31.557136 -171.346929
-0.975148 -0.042479 -0.217445 -0.147395 0.857132 0.493558 0.165414 0.513342 -0.842092 -1002.711878 31.968841 -172.074819
-0.975127 -0.042128 -0.217605 -0.147193 0.857106 0.493664 0.165714 0.513415 -0.841988 -1002.918347 32.412185 -172.855234
-0.975023 -0.042162 -0.218067 -0.147870 0.855820 0.495688 0.165727 0.515552 -0.840679 -1003.120339 32.871394 -173.659893
-0.974891 -0.042259 -0.218637 -0.148995 0.853464 0.499400 0.165494 0.519436 -0.838330 -1003.303523 33.279865 -174.392563
-0.974810 -0.041302 -0.219179 -0.148939 0.852030 0.501858 0.166020 0.521861 -0.836719 -1003.480041 33.678593 -175.092762
-0.974374 -0.039463 -0.221444 -0.148743 0.851550 0.502730 0.168731 0.522786 -0.835598 -1003.668419 34.086151 -175.800710
-0.973790 -0.039137 -0.224056 -0.149505 0.852519 0.500859 0.171410 0.521229 -0.836026 -1003.871422 34.522121 -176.565932
-0.973060 -0.039874 -0.227076 -0.151525 0.852939 0.499536 0.173763 0.520486 -0.836003 -1004.104355 35.023395 -177.451652
-0.972452 -0.040744 -0.229515 -0.153275 0.853585 0.497894 0.175625 0.519357 -0.836316 -1004.316819 35.477559 -178.262262
-0.971414 -0.040331 -0.233939 -0.155068 0.853967 0.496683 0.179744 0.518761 -0.835810 -1004.541724 35.927597 -179.070514
-0.970287 -0.038706 -0.238843 -0.156180 0.854128 0.496058 0.184802 0.518621 -0.834794 -1004.772060 36.381943 -179.874520
-0.968911 -0.037470 -0.244557 -0.158025 0.854291 0.495192 0.190368 0.518443 -0.833653 -1004.978625 36.791209 -180.604287
-0.966625 -0.037473 -0.253440 -0.162173 0.855321 0.492063 0.198334 0.516742 -0.832852 -1005.162336 37.118083 -181.200539
-0.963762 -0.038163 -0.264019 -0.167537 0.856768 0.487728 0.207590 0.514287 -0.832115 -1005.321940 37.402261 -181.723322
-0.960716 -0.037065 -0.275047 -0.171835 0.857678 0.484624 0.217939 0.512849 -0.830354 -1005.506315 37.709223 -182.284939
-0.956878 -0.035417 -0.288323 -0.177044 0.857999 0.482175 0.230304 0.512428 -0.827271 -1005.693918 37.995324 -182.819054
-0.952170 -0.034937 -0.303566 -0.184178 0.858325 0.478913 0.243827 0.511916 -0.823705 -1005.875107 38.253608 -183.304909
-0.945539 -0.035338 -0.323585 -0.194010 0.859405 0.473058 0.261374 0.510073 -0.819456 -1006.044240 38.477092 -183.720885
-0.937880 -0.035544 -0.345135 -0.204330 0.860526 0.466631 0.280412 0.508165 -0.814332 -1006.188151 38.648154 -184.033756
-0.929131 -0.035262 -0.368065 -0.215749 0.860114 0.462230 0.300279 0.508882 -0.806766 -1006.347884 38.822811 -184.363975
-0.920081 -0.033286 -0.390311 -0.225444 0.859831 0.458111 0.320353 0.509493 -0.798618 -1006.523820 39.000185 -184.709738
-0.909263 -0.032313 -0.414967 -0.236796 0.860073 0.451888 0.342300 0.509147 -0.789684 -1006.737626 39.205462 -185.099972
-0.896518 -0.029602 -0.442017 -0.247946 0.860379 0.445276 0.367121 0.508794 -0.778685 -1006.993183 39.435286 -185.533548
-0.881809 -0.027089 -0.470827 -0.260432 0.860291 0.438263 0.393176 0.509083 -0.765667 -1007.242626 39.633863 -185.911822
-0.865068 -0.024171 -0.501072 -0.274627 0.858690 0.432703 0.419806 0.511926 -0.749463 -1007.494164 39.809506 -186.251340
-0.848011 -0.020720 -0.529574 -0.288466 0.856297 0.428419 0.444596 0.516068 -0.732126 -1007.809985 40.019592 -186.659718
-0.828052 -0.018186 -0.560356 -0.303992 0.854363 0.421490 0.471082 0.519359 -0.712985 -1008.116043 40.211300 -187.019231
-0.805922 -0.015608 -0.591816 -0.319864 0.852666 0.413096 0.498173 0.522224 -0.692175 -1008.405362 40.386581 -187.325914
-0.780537 -0.012766 -0.624979 -0.336615 0.851040 0.403016 0.526737 0.524946 -0.668565 -1008.724842 40.554325 -187.625971
-0.753114 -0.008564 -0.657834 -0.354497 0.847620 0.394807 0.554212 0.530535 -0.641390 -1009.067369 40.715867 -187.919623
-0.722203 -0.002259 -0.691678 -0.372485 0.843878 0.386167 0.582819 0.536530 -0.610293 -1009.382259 40.865595 -188.171836
-0.689957 0.003622 -0.723841 -0.390436 0.840185 0.376363 0.609523 0.542288 -0.578278 -1009.706934 41.004968 -188.406242
-0.657868 0.007607 -0.753095 -0.405902 0.838713 0.363049 0.634393 0.544521 -0.548674 -1010.113911 41.174356 -188.681856
-0.624202 0.008976 -0.781211 -0.419801 0.839459 0.345073 0.658893 0.543348 -0.520224 -1010.510513 41.319356 -188.921507
-0.592315 0.009327 -0.805653 -0.430566 0.841513 0.326294 0.681011 0.540156 -0.494425 -1010.989678 41.488706 -189.205895
-0.560121 0.008073 -0.828371 -0.440665 0.843838 0.306189 0.701483 0.536538 -0.469094 -1011.524148 41.659987 -189.496279
-0.525726 0.004508 -0.850642 -0.452516 0.845274 0.284150 0.720306 0.534314 -0.442342 -1012.055561 41.814027 -189.769895
-0.489788 0.001180 -0.871841 -0.463924 0.846316 0.261772 0.738162 0.532680 -0.413968 -1012.548069 41.932797 -189.996772
-0.457245 -0.000804 -0.889340 -0.471477 0.848128 0.241638 0.754080 0.529791 -0.388181 -1013.075159 42.050116 -190.217730
-0.421141 -0.003460 -0.906989 -0.481689 0.848167 0.220427 0.768516 0.529717 -0.358864 -1013.590113 42.146818 -190.415064
-0.383919 -0.003201 -0.923361 -0.489847 0.848385 0.200730 0.782723 0.529370 -0.327279 -1014.080985 42.236046 -190.590373
-0.347710 0.000107 -0.937602 -0.494579 0.849538 0.183511 0.796549 0.527527 -0.295340 -1014.646613 42.320675 -190.752847
-0.306615 0.002469 -0.951831 -0.500379 0.850249 0.163393 0.809696 0.526375 -0.259464 -1015.227923 42.400111 -190.895860
-0.277018 0.002653 -0.960861 -0.502324 0.852062 0.147173 0.819104 0.523433 -0.234704 -1015.775839 42.467724 -191.015805
-0.245693 0.002273 -0.969345 -0.504936 0.853313 0.129983 0.827450 0.521393 -0.208506 -1016.287972 42.521199 -191.112629
-0.214444 0.001765 -0.976735 -0.507804 0.854025 0.113033 0.834355 0.520229 -0.182244 -1016.773535 42.565595 -191.189448
-0.186943 0.003077 -0.982366 -0.512404 0.852881 0.100181 0.838149 0.522096 -0.157864 -1017.294935 42.609856 -191.265840
-0.156116 0.005696 -0.987722 -0.515437 0.852562 0.086384 0.842587 0.522595 -0.130163 -1017.918822 42.651728 -191.341096
-0.128097 0.007384 -0.991734 -0.515885 0.853543 0.072989 0.847026 0.520971 -0.105527 -1018.575415 42.684451 -191.403447
-0.097664 0.008464 -0.995183 -0.516168 0.854526 0.057923 0.850901 0.519339 -0.079087 -1019.117646 42.701780 -191.432460
-0.068232 0.008238 -0.997635 -0.515977 0.855555 0.042354 0.853881 0.517647 -0.054126 -1019.876472 42.719584 -191.468610
-0.042570 0.007537 -0.999065 -0.516337 0.855913 0.028458 0.855327 0.517065 -0.032545 -1020.645385 42.733807 -191.500056
-0.015341 0.006065 -0.999864 -0.516136 0.856407 0.013114 0.856370 0.516266 -0.010008 -1021.319488 42.738901 -191.502804
0.011240 0.004837 -0.999925 -0.516292 0.856411 -0.001661 0.856339 0.516272 0.012123 -1021.924162 42.724498 -191.490831
0.037944 0.002212 -0.999277 -0.515711 0.856580 -0.017686 0.855922 0.516009 0.033643 -1022.454121 42.708237 -191.473739
0.063018 -0.000210 -0.998012 -0.515091 0.856511 -0.032705 0.854816 0.516128 0.053868 -1023.066935 42.674250 -191.440321
0.086497 -0.001985 -0.996250 -0.513520 0.856828 -0.046293 0.853707 0.515598 0.073093 -1023.701604 42.637520 -191.393995
0.110958 -0.002708 -0.993821 -0.511805 0.857040 -0.059477 0.851906 0.515242 0.093709 -1024.338684 42.588093 -191.329294
0.130809 -0.001806 -0.991406 -0.510538 0.857088 -0.068923 0.849847 0.515167 0.111192 -1025.098076 42.520892 -191.242182
0.149422 -0.000023 -0.988774 -0.509061 0.857284 -0.076948 0.847661 0.514844 0.128085 -1025.926687 42.445783 -191.141390
0.164767 0.000542 -0.986332 -0.505787 0.858557 -0.084020 0.846777 0.512718 0.141736 -1026.675304 42.359864 -191.032862
0.174064 -0.000793 -0.984734 -0.502387 0.859999 -0.089496 0.846941 0.510295 0.149296 -1027.470749 42.275032 -190.907546
0.180900 -0.002238 -0.983499 -0.500080 0.860869 -0.093941 0.846874 0.508822 0.154612 -1028.280239 42.188550 -190.769215
0.186259 -0.002840 -0.982496 -0.498784 0.861276 -0.097048 0.846476 0.508129 0.159004 -1029.065862 42.100857 -190.640730
0.189859 -0.002784 -0.981807 -0.497527 0.861821 -0.098654 0.846416 0.507206 0.162239 -1029.907260 42.006632 -190.493981
0.192466 -0.001999 -0.981302 -0.495897 0.862717 -0.099020 0.846784 0.505682 0.165052 -1030.801238 41.906895 -190.345110
0.193033 -0.002429 -0.981189 -0.494043 0.863744 -0.099333 0.847738 0.503924 0.165531 -1031.652810 41.811631 -190.201201
0.191210 -0.002898 -0.981545 -0.492735 0.864582 -0.098540 0.848912 0.502483 0.163889 -1032.487856 41.714374 -190.063076
0.188519 -0.003067 -0.982065 -0.491988 0.865165 -0.097145 0.849946 0.501477 0.161591 -1033.377764 41.615636 -189.921979
0.184211 -0.004918 -0.982875 -0.491689 0.865409 -0.096483 0.851063 0.501042 0.156999 -1034.251308 41.520626 -189.788051
0.181028 -0.007373 -0.983450 -0.490152 0.866254 -0.096718 0.852631 0.499549 0.153202 -1035.185253 41.419971 -189.646993
0.177008 -0.008037 -0.984177 -0.488959 0.867116 -0.095022 0.854159 0.498041 0.149557 -1036.129482 41.313293 -189.505946
0.170266 -0.008877 -0.985358 -0.488455 0.867702 -0.092220 0.855816 0.497005 0.143404 -1037.038058 41.219106 -189.381803
0.163630 -0.010032 -0.986471 -0.487450 0.868533 -0.089688 0.857682 0.495530 0.137228 -1037.895703 41.132061 -189.271814
0.156711 -0.008924 -0.987604 -0.486842 0.869334 -0.085106 0.859317 0.494145 0.131890 -1038.798427 41.046892 -189.155858
0.149424 -0.005365 -0.988759 -0.487267 0.869731 -0.078357 0.860374 0.493498 0.127344 -1039.685425 40.964274 -189.052727
0.140442 -0.002745 -0.990085 -0.486280 0.870882 -0.071393 0.862443 0.491485 0.120974 -1040.556060 40.887902 -188.956171
0.133900 -0.002728 -0.990991 -0.486785 0.870858 -0.068170 0.863198 0.491527 0.115280 -1041.380337 40.824704 -188.869035
0.125337 -0.003953 -0.992106 -0.486932 0.871019 -0.064987 0.864401 0.491233 0.107246 -1042.276444 40.757781 -188.781342
0.119443 -0.005779 -0.992824 -0.487337 0.870888 -0.063699 0.865006 0.491448 0.101206 -1043.297049 40.681453 -188.688428
0.110948 -0.008978 -0.993786 -0.487102 0.871124 -0.062250 0.866269 0.490982 0.092276 -1044.218594 40.611462 -188.605166
0.105154 -0.010403 -0.994402 -0.487919 0.870776 -0.060705 0.866532 0.491570 0.086489 -1045.149183 40.545288 -188.529664
0.098993 -0.011247 -0.995025 -0.487909 0.870940 -0.058386 0.867263 0.491261 0.080729 -1046.179809 40.472523 -188.458776
0.091819 -0.010636 -0.995719 -0.489734 0.870170 -0.054455 0.867024 0.492637 0.074690 -1047.236896 40.395828 -188.398009
0.088128 -0.009347 -0.996065 -0.490753 0.869771 -0.051581 0.866831 0.493367 0.072064 -1048.333388 40.327561 -188.336007
0.085848 -0.010340 -0.996255 -0.491532 0.869343 -0.051378 0.866618 0.494101 0.069549 -1049.452734 40.252574 -188.276414
0.082538 -0.012647 -0.996508 -0.491732 0.869207 -0.051760 0.866826 0.494287 0.065524 -1050.611627 40.179659 -188.212486
0.075792 -0.013288 -0.997035 -0.492934 0.868683 -0.049049 0.866759 0.495190 0.059289 -1051.708797 40.112670 -188.173294
0.073279 -0.012548 -0.997233 -0.492951 0.868778 -0.047155 0.866966 0.495042 0.057478 -1052.772689 40.045234 -188.135109
0.071657 -0.014774 -0.997320 -0.492473 0.868989 -0.048257 0.867373 0.494611 0.054993 -1053.797926 39.983597 -188.094242
0.068340 -0.015778 -0.997537 -0.493001 0.868730 -0.047515 0.867340 0.495034 0.051590 -1054.931014 39.915709 -188.050500
0.067309 -0.015222 -0.997616 -0.492414 0.869119 -0.046484 0.867754 0.494369 0.051004 -1055.968752 39.854533 -188.006831
0.065273 -0.014046 -0.997769 -0.490621 0.870244 -0.044347 0.868925 0.492421 0.049912 -1057.079507 39.789128 -187.966920
0.062755 -0.012884 -0.997946 -0.490045 0.870682 -0.042057 0.869435 0.491678 0.048326 -1058.133833 39.727913 -187.943838
0.060913 -0.012003 -0.998071 -0.489789 0.870906 -0.040365 0.869710 0.491303 0.047170 -1059.091817 39.674436 -187.918400
0.057264 -0.010621 -0.998303 -0.489364 0.871280 -0.037340 0.870197 0.490672 0.044696 -1060.039233 39.630793 -187.895194
0.056070 -0.010454 -0.998372 -0.489667 0.871140 -0.036623 0.870105 0.490923 0.043726 -1061.097997 39.587315 -187.867252
0.055163 -0.010244 -0.998425 -0.488099 0.872049 -0.035915 0.871043 0.489312 0.043105 -1062.197734 39.543759 -187.835571
0.053131 -0.011448 -0.998522 -0.486288 0.873061 -0.035885 0.872182 0.487476 0.040820 -1063.256773 39.495199 -187.806535
0.051312 -0.013687 -0.998589 -0.485241 0.873601 -0.036908 0.872873 0.486450 0.038185 -1064.321463 39.441460 -187.778375
0.051197 -0.016972 -0.998544 -0.483795 0.874282 -0.039665 0.873682 0.485122 0.036550 -1065.408231 39.393908 -187.742900
0.048973 -0.018223 -0.998634 -0.483765 0.874298 -0.039678 0.873827 0.485048 0.034001 -1066.421938 39.342943 -187.716813
0.044809 -0.016731 -0.998855 -0.486153 0.873114 -0.036434 0.872724 0.487229 0.030989 -1067.328763 39.294698 -187.703936
0.041384 -0.014686 -0.999035 -0.485772 0.873464 -0.032962 0.873105 0.486667 0.029013 -1068.316084 39.238999 -187.678086
0.039810 -0.012223 -0.999132 -0.484734 0.874147 -0.030008 0.873755 0.485508 0.028875 -1069.403718 39.181367 -187.656627
0.038308 -0.010955 -0.999206 -0.484609 0.874277 -0.028164 0.873892 0.485303 0.028183 -1070.483510 39.133253 -187.637873
0.034543 -0.011981 -0.999331 -0.483489 0.874928 -0.027202 0.874669 0.484105 0.024430 -1071.554976 39.090069 -187.622043
0.029942 -0.014999 -0.999439 -0.480134 0.876762 -0.027542 0.876684 0.480690 0.019051 -1072.594870 39.043965 -187.612536
0.025939 -0.018030 -0.999501 -0.479501 0.877086 -0.028266 0.877158 0.479995 0.014105 -1073.639952 39.001140 -187.615206
0.023139 -0.019623 -0.999540 -0.478966 0.877377 -0.028313 0.877529 0.479400 0.010903 -1074.719255 38.955303 -187.611934
0.019540 -0.020154 -0.999606 -0.480224 0.876728 -0.027064 0.876928 0.480564 0.007453 -1075.818417 38.913072 -187.614025
0.016316 -0.019398 -0.999679 -0.481990 0.875824 -0.024861 0.876025 0.482240 0.004940 -1076.882261 38.861308 -187.619039
0.014692 -0.020597 -0.999680 -0.483112 0.875198 -0.025132 0.875435 0.483327 0.002908 -1077.942569 38.817631 -187.631660
0.011949 -0.021888 -0.999689 -0.484003 0.874711 -0.024937 0.874985 0.484151 -0.000142 -1079.002124 38.775483 -187.639527
0.008769 -0.022176 -0.999716 -0.484617 0.874407 -0.023647 0.874682 0.484687 -0.003079 -1080.106179 38.736747 -187.654219
0.006553 -0.021717 -0.999743 -0.485082 0.874188 -0.022169 0.874444 0.485102 -0.004806 -1081.118018 38.699587 -187.671764
0.004401 -0.022580 -0.999735 -0.486181 0.873584 -0.021871 0.873847 0.486149 -0.007134 -1082.181653 38.664910 -187.694529
0.003804 -0.022406 -0.999742 -0.487772 0.872708 -0.021415 0.872963 0.487728 -0.007610 -1083.252641 38.628482 -187.718592
0.003734 -0.020082 -0.999791 -0.488048 0.872602 -0.019350 0.872809 0.488018 -0.006543 -1084.321361 38.585761 -187.741573
0.003016 -0.017821 -0.999837 -0.486324 0.873612 -0.017039 0.873773 0.486296 -0.006032 -1085.376903 38.541851 -187.757459
0.001934 -0.017523 -0.999845 -0.486741 0.873395 -0.016248 0.873544 0.486697 -0.006840 -1086.499326 38.504362 -187.777539
0.001642 -0.017734 -0.999841 -0.487040 0.873228 -0.016288 0.873378 0.486989 -0.007203 -1087.500608 38.474946 -187.791338
0.001207 -0.018242 -0.999833 -0.486235 0.873672 -0.016527 0.873827 0.486173 -0.007815 -1088.543922 38.443579 -187.808028
0.000973 -0.017829 -0.999841 -0.487586 0.872928 -0.016041 0.873075 0.487524 -0.007844 -1089.638814 38.411512 -187.831936
0.001746 -0.018823 -0.999821 -0.487753 0.872811 -0.017284 0.872980 0.487696 -0.007657 -1090.756184 38.377736 -187.847917
0.001453 -0.018359 -0.999830 -0.487839 0.872773 -0.016735 0.872932 0.487781 -0.007688 -1091.981360 38.334262 -187.865538
0.001964 -0.019403 -0.999810 -0.487917 0.872706 -0.017895 0.872888 0.487860 -0.007754 -1093.174270 38.297082 -187.880432
-0.001173 -0.020063 -0.999798 -0.488441 0.872433 -0.016934 0.872596 0.488322 -0.010822 -1094.254131 38.264753 -187.903842
-0.003605 -0.019805 -0.999797 -0.489795 0.871700 -0.015502 0.871830 0.489640 -0.012843 -1095.411916 38.229738 -187.934734
-0.006988 -0.019492 -0.999786 -0.490363 0.871413 -0.013562 0.871490 0.490163 -0.015647 -1096.482114 38.195794 -187.965865
-0.010688 -0.019905 -0.999745 -0.491442 0.870826 -0.012084 0.870845 0.491188 -0.019089 -1097.564950 38.167693 -188.002417
-0.014445 -0.020690 -0.999682 -0.491417 0.870856 -0.010923 0.870804 0.491103 -0.022747 -1098.563020 38.144567 -188.032981
-0.019480 -0.021130 -0.999587 -0.491184 0.871011 -0.008840 0.870838 0.490809 -0.027346 -1099.611642 38.124367 -188.074665
-0.024048 -0.021316 -0.999484 -0.490616 0.871349 -0.006779 0.871044 0.490200 -0.031412 -1100.663520 38.111114 -188.116121
-0.027354 -0.020418 -0.999417 -0.490876 0.871218 -0.004363 0.870800 0.490471 -0.033853 -1101.709268 38.095976 -188.161834
-0.030927 -0.020289 -0.999316 -0.491227 0.871028 -0.002481 0.870483 0.490814 -0.036905 -1102.761115 38.085551 -188.212474
-0.033774 -0.020992 -0.999209 -0.492103 0.870535 -0.001655 0.869881 0.491658 -0.039731 -1103.753600 38.077370 -188.266397
-0.036421 -0.022268 -0.999088 -0.493068 0.869990 -0.001416 0.869228 0.492567 -0.042666 -1104.684804 38.068804 -188.313553
-0.040933 -0.024543 -0.998860 -0.493139 0.869950 -0.001167 0.868987 0.492529 -0.047713 -1105.550533 38.060678 -188.363232
-0.048936 -0.025125 -0.998486 -0.493301 0.869856 0.002288 0.868481 0.492666 -0.054961 -1106.532626 38.055835 -188.421036
-0.053251 -0.022725 -0.998323 -0.493316 0.869826 0.006514 0.868218 0.492836 -0.057530 -1107.632361 38.046721 -188.496148
-0.057749 -0.020423 -0.998122 -0.493212 0.869843 0.010738 0.867990 0.492906 -0.060305 -1108.656500 38.039184 -188.570072
-0.061732 -0.019722 -0.997898 -0.493638 0.869565 0.013352 0.867474 0.493425 -0.063415 -1109.624591 38.036843 -188.650038
-0.064499 -0.020233 -0.997713 -0.494147 0.869260 0.014317 0.866982 0.493940 -0.066065 -1110.615799 38.040285 -188.728470
-0.067390 -0.020776 -0.997510 -0.493913 0.869378 0.015261 0.866896 0.493711 -0.068849 -1111.681126 38.041201 -188.817757
-0.072417 -0.023399 -0.997100 -0.493085 0.869845 0.015399 0.866962 0.492770 -0.074529 -1112.661052 38.047791 -188.901349
-0.077872 -0.024885 -0.996653 -0.492652 0.870065 0.016769 0.866735 0.492309 -0.080013 -1113.600009 38.055818 -188.985599
-0.082808 -0.025523 -0.996239 -0.491092 0.870911 0.018508 0.867163 0.490778 -0.084653 -1114.542255 38.060280 -189.075522
-0.086536 -0.025244 -0.995929 -0.491013 0.870909 0.020589 0.866843 0.490796 -0.087760 -1115.481387 38.066230 -189.175918
-0.093831 -0.023478 -0.995311 -0.490120 0.871278 0.025652 0.866590 0.490229 -0.093260 -1116.453516 38.080115 -189.283158
-0.098937 -0.022048 -0.994849 -0.489217 0.871669 0.029335 0.866532 0.489600 -0.097027 -1117.400840 38.098847 -189.393911
-0.104525 -0.021819 -0.994283 -0.488068 0.872212 0.032168 0.866524 0.488640 -0.101817 -1118.329795 38.118604 -189.502932
-0.108574 -0.022942 -0.993824 -0.487372 0.872567 0.033102 0.866418 0.487956 -0.105919 -1119.356343 38.137770 -189.626150
-0.112817 -0.024410 -0.993316 -0.486917 0.872792 0.033854 0.866132 0.487481 -0.110351 -1120.310548 38.157315 -189.741798
-0.117745 -0.025887 -0.992706 -0.486886 0.872765 0.034991 0.865493 0.487454 -0.115368 -1121.199568 38.170362 -189.859056
-0.121965 -0.025725 -0.992201 -0.486201 0.873058 0.037130 0.865293 0.486938 -0.118990 -1122.111173 38.187345 -189.979640
-0.127367 -0.025587 -0.991526 -0.485271 0.873458 0.039796 0.865037 0.486227 -0.123666 -1123.010356 38.202812 -190.104153
-0.133734 -0.027668 -0.990631 -0.484789 0.873668 0.041045 0.864347 0.485736 -0.130252 -1123.996591 38.228070 -190.242613
-0.137948 -0.030246 -0.989978 -0.485098 0.873502 0.040908 0.863510 0.485879 -0.135170 -1124.970388 38.251829 -190.388935
-0.142164 -0.031355 -0.989346 -0.484873 0.873576 0.041988 0.862953 0.485676 -0.139395 -1125.885830 38.272056 -190.532735
-0.145266 -0.030813 -0.988913 -0.485493 0.873127 0.044111 0.862087 0.486518 -0.141795 -1126.745112 38.296219 -190.667022
-0.146792 -0.030052 -0.988711 -0.486582 0.872437 0.045724 0.861214 0.487801 -0.142689 -1127.711154 38.323295 -190.818262
-0.149391 -0.030754 -0.988300 -0.486960 0.872188 0.046467 0.860554 0.488204 -0.145273 -1128.703967 38.354083 -190.978358
-0.154268 -0.031015 -0.987542 -0.487711 0.871639 0.048812 0.859267 0.489166 -0.149593 -1129.642948 38.380694 -191.134332
-0.157165 -0.031918 -0.987056 -0.487470 0.871740 0.049429 0.858879 0.488929 -0.152566 -1130.630920 38.407971 -191.301729
-0.159689 -0.033343 -0.986604 -0.486874 0.872078 0.049332 0.858751 0.488230 -0.155495 -1131.687107 38.440818 -191.477168
-0.163855 -0.034347 -0.985886 -0.486793 0.872055 0.050524 0.858012 0.488201 -0.159611 -1132.739125 38.476712 -191.661233
-0.169455 -0.034577 -0.984931 -0.486293 0.872184 0.053046 0.857207 0.487954 -0.164610 -1133.744170 38.510282 -191.846142
-0.176424 -0.035217 -0.983684 -0.485733 0.872319 0.055887 0.856118 0.487668 -0.171004 -1134.742889 38.548424 -192.034836
-0.180840 -0.035364 -0.982877 -0.485439 0.872349 0.057929 0.855363 0.487603 -0.174922 -1135.698925 38.581412 -192.216697
-0.184425 -0.034740 -0.982232 -0.483838 0.873101 0.059966 0.855505 0.486301 -0.177830 -1136.752110 38.629358 -192.419213
-0.188957 -0.035396 -0.981347 -0.482991 0.873463 0.061494 0.854994 0.485602 -0.182143 -1137.810089 38.679837 -192.627635
-0.194632 -0.035327 -0.980240 -0.482534 0.873512 0.064329 0.853979 0.485519 -0.187060 -1138.849945 38.726340 -192.846078
-0.200965 -0.035881 -0.978941 -0.481862 0.873690 0.066897 0.852891 0.485158 -0.192871 -1140.024897 38.790025 -193.088386
-0.207537 -0.035394 -0.977587 -0.481227 0.873754 0.070528 0.851674 0.485079 -0.198369 -1141.070462 38.846823 -193.310513
-0.213033 -0.037453 -0.976327 -0.482021 0.873223 0.071678 0.849866 0.485880 -0.204079 -1142.120354 38.906421 -193.545380
-0.215824 -0.040983 -0.975572 -0.481031 0.873928 0.069705 0.849723 0.484324 -0.208329 -1143.172329 38.967051 -193.777710
-0.219540 -0.045329 -0.974550 -0.481865 0.873610 0.067917 0.848297 0.484512 -0.213635 -1144.183911 39.024669 -194.011723
-0.225006 -0.048252 -0.973162 -0.482572 0.873191 0.068281 0.846461 0.484984 -0.219759 -1145.153879 39.079104 -194.243441
-0.231303 -0.048918 -0.971651 -0.481750 0.873452 0.070708 0.845231 0.484447 -0.225598 -1146.162067 39.134631 -194.487856
-0.237507 -0.049644 -0.970116 -0.480917 0.873719 0.073028 0.843984 0.483890 -0.231389 -1147.088111 39.189099 -194.728224
-0.244021 -0.051053 -0.968425 -0.479624 0.874283 0.074764 0.842861 0.482724 -0.237829 -1148.094864 39.245945 -194.992428
-0.257975 -0.053683 -0.964659 -0.479567 0.873886 0.079617 0.838728 0.483157 -0.251185 -1149.065696 39.307551 -195.256541
-0.269512 -0.056589 -0.961333 -0.478796 0.874015 0.082783 0.835535 0.482593 -0.262652 -1150.036914 39.367110 -195.533402
-0.275081 -0.057299 -0.959712 -0.479370 0.873462 0.085252 0.833388 0.483509 -0.267740 -1150.981746 39.425215 -195.808200
-0.282146 -0.056216 -0.957723 -0.479532 0.872893 0.090034 0.830929 0.484662 -0.273240 -1151.850551 39.480010 -196.076398
-0.285430 -0.056754 -0.956718 -0.480180 0.872384 0.091507 0.829432 0.485516 -0.276257 -1152.830806 39.546622 -196.378225
-0.288735 -0.055831 -0.955780 -0.479723 0.872374 0.093962 0.828552 0.485640 -0.278668 -1153.757151 39.613390 -196.665434
-0.291849 -0.053376 -0.954974 -0.479139 0.872288 0.097675 0.827798 0.486071 -0.280151 -1154.686192 39.687529 -196.953508
-0.295650 -0.051922 -0.953884 -0.478126 0.872499 0.100700 0.827035 0.485849 -0.282779 -1155.600918 39.762462 -197.237614
-0.297277 -0.049672 -0.953498 -0.477671 0.872424 0.103477 0.826714 0.486220 -0.283079 -1156.533531 39.844511 -197.525026
-0.300650 -0.047665 -0.952543 -0.477427 0.872126 0.107049 0.825635 0.486954 -0.284961 -1157.409414 39.923221 -197.797532
-0.303092 -0.049065 -0.951697 -0.478244 0.871639 0.107371 0.824268 0.487687 -0.287652 -1158.261539 40.004631 -198.068349
-0.307339 -0.049555 -0.950309 -0.477136 0.872064 0.108836 0.823337 0.486876 -0.291664 -1159.027113 40.079053 -198.317793
-0.311732 -0.049016 -0.948905 -0.476332 0.872176 0.111431 0.822150 0.486730 -0.295233 -1159.862286 40.164882 -198.590632
-0.316364 -0.049008 -0.947371 -0.474709 0.872810 0.113373 0.821319 0.485593 -0.299391 -1160.616328 40.241930 -198.838336
-0.319945 -0.049495 -0.946143 -0.473472 0.873345 0.114421 0.820646 0.484581 -0.302857 -1161.373963 40.320746 -199.092665
-0.325005 -0.047426 -0.944522 -0.471382 0.873957 0.118317 0.819860 0.483684 -0.306396 -1162.234603 40.400606 -199.386175
-0.329106 -0.047427 -0.943101 -0.471473 0.873596 0.120594 0.818170 0.484335 -0.309866 -1163.100990 40.490012 -199.686107
-0.331483 -0.047204 -0.942279 -0.471847 0.873164 0.122248 0.816994 0.485135 -0.311713 -1163.954102 40.578837 -199.982716
-0.334845 -0.049192 -0.940988 -0.472955 0.872503 0.122686 0.814980 0.486126 -0.315419 -1164.868445 40.680911 -200.304258
-0.338793 -0.051337 -0.939459 -0.473415 0.872200 0.123064 0.813079 0.486448 -0.319800 -1165.762070 40.786374 -200.624477
-0.342010 -0.051724 -0.938272 -0.473406 0.872003 0.124491 0.811736 0.486761 -0.322720 -1166.730952 40.902921 -200.971102
-0.343400 -0.051328 -0.937786 -0.473660 0.871686 0.125735 0.811001 0.487369 -0.323649 -1167.767053 41.025913 -201.341043
-0.344318 -0.051080 -0.937463 -0.473559 0.871640 0.126439 0.810671 0.487479 -0.324310 -1168.725714 41.137396 -201.691605
-0.343912 -0.053353 -0.937485 -0.473355 0.872098 0.124016 0.810962 0.486414 -0.325180 -1169.650148 41.242143 -202.023213
-0.344515 -0.055228 -0.937155 -0.473663 0.872112 0.122733 0.810526 0.486179 -0.326615 -1170.663699 41.361629 -202.395365
-0.345594 -0.055864 -0.936720 -0.473298 0.872330 0.122595 0.810280 0.485715 -0.327912 -1171.704697 41.490671 -202.776622
-0.346473 -0.055807 -0.936398 -0.473448 0.872163 0.123200 0.809817 0.486021 -0.328603 -1172.827398 41.618476 -203.181143
-0.350014 -0.055572 -0.935095 -0.472907 0.872175 0.125181 0.808609 0.486028 -0.331553 -1174.006473 41.752825 -203.602781
-0.351708 -0.055653 -0.934454 -0.473396 0.871755 0.126257 0.807588 0.486772 -0.332949 -1175.090939 41.880704 -204.002327
-0.351100 -0.056301 -0.934644 -0.472858 0.872214 0.125090 0.808167 0.485873 -0.332857 -1176.050448 41.998785 -204.354360
-0.349417 -0.056606 -0.935256 -0.473278 0.872137 0.124033 0.808650 0.485976 -0.331530 -1176.952798 42.104525 -204.680728
-0.347012 -0.055985 -0.936188 -0.473216 0.872283 0.123242 0.809722 0.485786 -0.329185 -1177.886082 42.212248 -205.016070
-0.346562 -0.055997 -0.936354 -0.472859 0.872534 0.122833 0.810123 0.485333 -0.328866 -1178.720362 42.309100 -205.315280
-0.347125 -0.056718 -0.936102 -0.472727 0.872664 0.122422 0.809959 0.485016 -0.329736 -1179.580968 42.402702 -205.628418
-0.347371 -0.058404 -0.935907 -0.473141 0.872616 0.121157 0.809611 0.484903 -0.330755 -1180.460869 42.492285 -205.948360
-0.347961 -0.060563 -0.935551 -0.473655 0.872541 0.119683 0.809058 0.484773 -0.332296 -1181.360947 42.591390 -206.270448
-0.347283 -0.061322 -0.935753 -0.473357 0.872867 0.118474 0.809523 0.484089 -0.332159 -1182.358829 42.700948 -206.628258
-0.346723 -0.060350 -0.936024 -0.473884 0.872471 0.119285 0.809455 0.484925 -0.331105 -1183.309001 42.807469 -206.976041
-0.346565 -0.059922 -0.936110 -0.474070 0.872317 0.119671 0.809414 0.485256 -0.330721 -1184.172148 42.896417 -207.290580
-0.346615 -0.059238 -0.936135 -0.475402 0.871425 0.120880 0.808611 0.486939 -0.330211 -1184.944273 42.979437 -207.570674
-0.347475 -0.060631 -0.935727 -0.477694 0.870153 0.121007 0.806889 0.489038 -0.331320 -1185.796759 43.073352 -207.891669
-0.347236 -0.061282 -0.935773 -0.478678 0.869658 0.120670 0.806408 0.489835 -0.331311 -1186.741735 43.174412 -208.240010
-0.348050 -0.062630 -0.935382 -0.479364 0.869351 0.120160 0.805650 0.490210 -0.332600 -1187.686665 43.276195 -208.588868
-0.348815 -0.064101 -0.934997 -0.480140 0.869008 0.119546 0.804857 0.490629 -0.333900 -1188.512849 43.366609 -208.899463
-0.349714 -0.063656 -0.934691 -0.481758 0.867890 0.121143 0.803498 0.492661 -0.334180 -1189.364280 43.464971 -209.228310
-0.350671 -0.063419 -0.934349 -0.482124 0.867559 0.122060 0.802862 0.493275 -0.334804 -1190.226720 43.564787 -209.557922
-0.351316 -0.063164 -0.934124 -0.482326 0.867349 0.122750 0.802458 0.493676 -0.335179 -1191.163258 43.670593 -209.908488
-0.351577 -0.062286 -0.934085 -0.483034 0.866775 0.124010 0.801918 0.494794 -0.334825 -1192.165259 43.779512 -210.286300
-0.352252 -0.062191 -0.933837 -0.483750 0.866265 0.124784 0.801190 0.495699 -0.335228 -1193.105226 43.886863 -210.636279
-0.351776 -0.063005 -0.933962 -0.483484 0.866577 0.123645 0.801559 0.495051 -0.335302 -1193.992509 43.980634 -210.966161
-0.351564 -0.065990 -0.933835 -0.483661 0.866875 0.120827 0.801545 0.494138 -0.336678 -1194.893142 44.079883 -211.294428
-0.351881 -0.068530 -0.933533 -0.484828 0.866457 0.119142 0.800701 0.494527 -0.338115 -1195.794653 44.187439 -211.632228
-0.352554 -0.067777 -0.933334 -0.485373 0.865969 0.120458 0.800074 0.495483 -0.338198 -1196.766744 44.295838 -211.997016
-0.352716 -0.065853 -0.933411 -0.484244 0.866405 0.121860 0.800687 0.494980 -0.337483 -1197.709059 44.404218 -212.345632
-0.354075 -0.063888 -0.933032 -0.483315 0.866610 0.124072 0.800648 0.494879 -0.337723 -1198.771355 44.528631 -212.740727
-0.354825 -0.062283 -0.932856 -0.482282 0.866971 0.125559 0.800939 0.494451 -0.337661 -1199.694886 44.639855 -213.089424
-0.355923 -0.062285 -0.932437 -0.482237 0.866908 0.126168 0.800479 0.494562 -0.338589 -1200.582896 44.748463 -213.425510
-0.358459 -0.063673 -0.931371 -0.480609 0.867888 0.125640 0.800326 0.492662 -0.341705 -1201.434739 44.848901 -213.745972
-0.362113 -0.064190 -0.929921 -0.480420 0.867769 0.127177 0.798793 0.492805 -0.345068 -1202.447173 44.972017 -214.128755
-0.364174 -0.063667 -0.929152 -0.480689 0.867355 0.128969 0.797694 0.493600 -0.346472 -1203.474160 45.098801 -214.522421
-0.365859 -0.063449 -0.928505 -0.479889 0.867675 0.129799 0.797405 0.493067 -0.347895 -1204.440083 45.213996 -214.886615
-0.366308 -0.063245 -0.928342 -0.480030 0.867520 0.130310 0.797114 0.493365 -0.348139 -1205.384909 45.328719 -215.250595
-0.367933 -0.063810 -0.927660 -0.479981 0.867488 0.130702 0.796394 0.493349 -0.349805 -1206.205404 45.431219 -215.564601
-0.368557 -0.064293 -0.927379 -0.480816 0.866984 0.130979 0.795601 0.494172 -0.350446 -1207.075797 45.547351 -215.908242
-0.371012 -0.064933 -0.926355 -0.480247 0.867212 0.131556 0.794804 0.493688 -0.352930 -1208.054083 45.675905 -216.293789
-0.377882 -0.064736 -0.923588 -0.478472 0.867671 0.134948 0.792635 0.492905 -0.358852 -1208.876412 45.785442 -216.618368
-0.388031 -0.063406 -0.919463 -0.475831 0.868171 0.140941 0.789314 0.492198 -0.367048 -1209.687126 45.898498 -216.955972
-0.397585 -0.063260 -0.915382 -0.473463 0.868695 0.145609 0.785977 0.491292 -0.375331 -1210.516654 46.026912 -217.309826
-0.412992 -0.064317 -0.908461 -0.470657 0.869048 0.152437 0.779692 0.490529 -0.389181 -1211.322153 46.154472 -217.665700
-0.427518 -0.065044 -0.901664 -0.467777 0.869414 0.159075 0.773572 0.489785 -0.402116 -1212.155193 46.292010 -218.049022
-0.441134 -0.065551 -0.895044 -0.464489 0.870032 0.165210 0.767887 0.488618 -0.414249 -1213.080934 46.452415 -218.486311
-0.455152 -0.065179 -0.888025 -0.461364 0.870261 0.172595 0.761564 0.488259 -0.426172 -1213.915903 46.601055 -218.901235
-0.472393 -0.064938 -0.878993 -0.458458 0.869855 0.182124 0.752769 0.489015 -0.440684 -1214.716752 46.751500 -219.316886
-0.487864 -0.065166 -0.870484 -0.456432 0.869072 0.190747 0.744083 0.490375 -0.453733 -1215.578624 46.925456 -219.775285
-0.506153 -0.065146 -0.859979 -0.452947 0.868633 0.200787 0.733926 0.491155 -0.469169 -1216.375932 47.097096 -220.217807
-0.526041 -0.066118 -0.847885 -0.449294 0.868096 0.211054 0.722092 0.491973 -0.486360 -1217.152476 47.277132 -220.679306
-0.543978 -0.068042 -0.836336 -0.446322 0.867478 0.219726 0.710552 0.492801 -0.502258 -1217.777556 47.431767 -221.080560
-0.561055 -0.070389 -0.824781 -0.443888 0.866592 0.227996 0.698700 0.494028 -0.517450 -1218.494906 47.609959 -221.557982
-0.578262 -0.071767 -0.812688 -0.440764 0.865723 0.237172 0.686542 0.495351 -0.532247 -1219.124340 47.778570 -221.999192
-0.594380 -0.071705 -0.800981 -0.436929 0.864976 0.246796 0.675134 0.496663 -0.545454 -1219.833947 47.972328 -222.512703
-0.609353 -0.071854 -0.789636 -0.432974 0.864450 0.255459 0.664245 0.497557 -0.557867 -1220.541754 48.178781 -223.029054
-0.627276 -0.072561 -0.775409 -0.426916 0.864764 0.264436 0.651358 0.496909 -0.573423 -1221.125725 48.364599 -223.473514
-0.643190 -0.073856 -0.762136 -0.421753 0.864915 0.272115 0.639086 0.496455 -0.587454 -1221.747178 48.573423 -223.964540
-0.658206 -0.075116 -0.749081 -0.416708 0.865034 0.279412 0.626992 0.496059 -0.600672 -1222.410120 48.805572 -224.511218
-0.670351 -0.076840 -0.738055 -0.413094 0.864893 0.285154 0.616427 0.496039 -0.611524 -1223.120739 49.067992 -225.119646
-0.682780 -0.078142 -0.726433 -0.409704 0.864179 0.292124 0.604942 0.497079 -0.622059 -1223.771176 49.317940 -225.702563
-0.690601 -0.078810 -0.718929 -0.408445 0.862849 0.297765 0.596860 0.499280 -0.628074 -1224.396449 49.570225 -226.274677
-0.699051 -0.079813 -0.710603 -0.406661 0.861778 0.303257 0.588179 0.500967 -0.634884 -1225.010186 49.810161 -226.849893
-0.706590 -0.080721 -0.703004 -0.404623 0.861123 0.307810 0.580527 0.501947 -0.641123 -1225.590466 50.043183 -227.400852
-0.717244 -0.083219 -0.691835 -0.401979 0.860401 0.313247 0.569187 0.502778 -0.650569 -1226.088321 50.256858 -227.894078
-0.723824 -0.085695 -0.684642 -0.400775 0.859927 0.316077 0.561656 0.503172 -0.656780 -1226.538661 50.460839 -228.352182
-0.728575 -0.086994 -0.679419 -0.399904 0.859324 0.318809 0.556106 0.503979 -0.660871 -1227.050592 50.689801 -228.881777
-0.731363 -0.087071 -0.676407 -0.399773 0.858281 0.321770 0.552530 0.505740 -0.662524 -1227.639802 50.955655 -229.493053
-0.733931 -0.086402 -0.673706 -0.399848 0.856756 0.325715 0.549059 0.508432 -0.663348 -1228.225778 51.227941 -230.098772
-0.735858 -0.084794 -0.671806 -0.399490 0.855434 0.329607 0.546737 0.510923 -0.663352 -1228.905984 51.551381 -230.802317
-0.736081 -0.085020 -0.671532 -0.400840 0.854176 0.331225 0.545446 0.512986 -0.662823 -1229.523276 51.840674 -231.444822
-0.736075 -0.086714 -0.671323 -0.402555 0.853398 0.331152 0.544190 0.513997 -0.663072 -1230.092220 52.113562 -232.040136
-0.732864 -0.088898 -0.674543 -0.405944 0.852757 0.328657 0.546004 0.514687 -0.661042 -1230.642446 52.368287 -232.608544
-0.727657 -0.091099 -0.679865 -0.411228 0.851214 0.326077 0.549006 0.516851 -0.656854 -1231.268183 52.656606 -233.242000
-0.721583 -0.090958 -0.686327 -0.415848 0.849523 0.324624 0.553524 0.519651 -0.650826 -1231.962890 52.971867 -233.932751
-0.716449 -0.090642 -0.691726 -0.418887 0.848787 0.322636 0.557884 0.520908 -0.646081 -1232.515183 53.219969 -234.481527
-0.708381 -0.090610 -0.699990 -0.423263 0.848160 0.318548 0.564840 0.521933 -0.639172 -1233.155158 53.498252 -235.090315
-0.700957 -0.091270 -0.707339 -0.428229 0.846963 0.315079 0.570333 0.523760 -0.632769 -1233.775844 53.758577 -235.667356
-0.693320 -0.092394 -0.714683 -0.432560 0.846567 0.310187 0.576367 0.524202 -0.626907 -1234.429039 54.021644 -236.258851
-0.685786 -0.095542 -0.721505 -0.436360 0.847382 0.302546 0.582484 0.522318 -0.622814 -1234.993200 54.248637 -236.760571
-0.677583 -0.100462 -0.728553 -0.440508 0.848706 0.292660 0.588926 0.519235 -0.619323 -1235.561911 54.461410 -237.254500
-0.669093 -0.103564 -0.735927 -0.444227 0.849601 0.284323 0.595799 0.517158 -0.614469 -1236.127882 54.666041 -237.735793
-0.657402 -0.104640 -0.746239 -0.450239 0.848647 0.277640 0.604241 0.518507 -0.605015 -1236.792960 54.898872 -238.283835
-0.645260 -0.100030 -0.757386 -0.454890 0.846794 0.275708 0.613771 0.522430 -0.591905 -1237.524919 55.143011 -238.867384
-0.630516 -0.094269 -0.770430 -0.459774 0.845072 0.272875 0.625345 0.526276 -0.576174 -1238.175701 55.344501 -239.358152
-0.616585 -0.092149 -0.781877 -0.463905 0.844926 0.266254 0.636093 0.526885 -0.563718 -1238.867407 55.555495 -239.856859
-0.603415 -0.094028 -0.791865 -0.467489 0.846193 0.255756 0.646022 0.524515 -0.554562 -1239.471333 55.729999 -240.281704
-0.590063 -0.097668 -0.801428 -0.471188 0.847724 0.243609 0.655598 0.521368 -0.546230 -1240.106726 55.909051 -240.713638
-0.574973 -0.100068 -0.812030 -0.475628 0.848440 0.232222 0.665721 0.519746 -0.535425 -1240.747536 56.072460 -241.131777
-0.564263 -0.100571 -0.819447 -0.478672 0.848550 0.225467 0.672666 0.519469 -0.526946 -1241.461331 56.252795 -241.591318
-0.550448 -0.101258 -0.828706 -0.482106 0.848942 0.216497 0.681601 0.518694 -0.516116 -1242.192691 56.427750 -242.045354
-0.536471 -0.100456 -0.837918 -0.484689 0.849479 0.208477 0.690851 0.517972 -0.504411 -1242.921254 56.591577 -242.486764
-0.522602 -0.101158 -0.846554 -0.487066 0.850376 0.199065 0.699753 0.516360 -0.493679 -1243.588980 56.731228 -242.875765
-0.510279 -0.102424 -0.853888 -0.488794 0.851466 0.189966 0.707599 0.514311 -0.484549 -1244.288939 56.877762 -243.273506
-0.498943 -0.103620 -0.860418 -0.491249 0.851730 0.182294 0.713954 0.513633 -0.475868 -1245.094019 57.038121 -243.731152
-0.487056 -0.103220 -0.867250 -0.491617 0.853137 0.174556 0.721865 0.511374 -0.466270 -1245.895558 57.186114 -244.175037
-0.475203 -0.104234 -0.873681 -0.494506 0.852939 0.167207 0.727768 0.511497 -0.456863 -1246.690758 57.323775 -244.608661
-0.462336 -0.105805 -0.880370 -0.497692 0.852676 0.158892 0.733858 0.511614 -0.446881 -1247.513232 57.460329 -245.036016
-0.451512 -0.107207 -0.885801 -0.499926 0.852693 0.151623 0.739061 0.511294 -0.438597 -1248.451533 57.612229 -245.522209
-0.443700 -0.108271 -0.889611 -0.501113 0.852956 0.146124 0.742978 0.510631 -0.432713 -1249.345327 57.744282 -245.966628
-0.434908 -0.109276 -0.893820 -0.502364 0.853227 0.140123 0.747319 0.509963 -0.425972 -1250.240962 57.875915 -246.408747
-0.427641 -0.110372 -0.897185 -0.503190 0.853592 0.134835 0.750948 0.509116 -0.420569 -1251.188744 58.006248 -246.868238
-0.422891 -0.109855 -0.899497 -0.503576 0.853732 0.132486 0.753376 0.508992 -0.416355 -1252.085640 58.131943 -247.293573
-0.416247 -0.107758 -0.902844 -0.503470 0.854150 0.130174 0.757137 0.508739 -0.409790 -1252.951624 58.246619 -247.697593
-0.411333 -0.105056 -0.905411 -0.503642 0.854121 0.129703 0.759704 0.509354 -0.404239 -1253.875365 58.373612 -248.119070
-0.406557 -0.102767 -0.907827 -0.503068 0.854634 0.128547 0.762649 0.508960 -0.399156 -1254.751538 58.487791 -248.513135
-0.402516 -0.101588 -0.909758 -0.503121 0.854811 0.127150 0.764755 0.508899 -0.395187 -1255.636981 58.596325 -248.904559
-0.400603 -0.100691 -0.910702 -0.502281 0.855421 0.126366 0.766310 0.508051 -0.393260 -1256.457695 58.693414 -249.273565
-0.400342 -0.100034 -0.910890 -0.501886 0.855615 0.126618 0.766705 0.507854 -0.392744 -1257.340512 58.796120 -249.668803
-0.399602 -0.099667 -0.911254 -0.500774 0.856368 0.125935 0.767817 0.506657 -0.392117 -1258.281297 58.909271 -250.085972
-0.397879 -0.101155 -0.911844 -0.501136 0.856488 0.123654 0.768476 0.506158 -0.391471 -1259.102444 59.013184 -250.458976
-0.397649 -0.102925 -0.911747 -0.500517 0.857153 0.121533 0.768998 0.504673 -0.392361 -1259.970427 59.112004 -250.844134
-0.394029 -0.103782 -0.913220 -0.500147 0.857820 0.118313 0.771099 0.503363 -0.389912 -1260.808028 59.203722 -251.208789
-0.389847 -0.102993 -0.915102 -0.501166 0.857405 0.117004 0.772562 0.504232 -0.385874 -1261.644004 59.298580 -251.572693
-0.385085 -0.102063 -0.917220 -0.504217 0.855686 0.116475 0.772965 0.507331 -0.380973 -1262.517934 59.391449 -251.956624
-0.380194 -0.100518 -0.919428 -0.505373 0.855138 0.115488 0.774629 0.508562 -0.375917 -1263.401767 59.480701 -252.332881
-0.374661 -0.099879 -0.921766 -0.506342 0.854873 0.113177 0.776690 0.509132 -0.370861 -1264.312578 59.572876 -252.720594
-0.367171 -0.100090 -0.924753 -0.508250 0.854240 0.109342 0.779017 0.510153 -0.364523 -1265.127501 59.655021 -253.059823
-0.361703 -0.100773 -0.926831 -0.509503 0.853916 0.105992 0.780755 0.510561 -0.360208 -1265.930808 59.735854 -253.384619
-0.359239 -0.100318 -0.927838 -0.509735 0.853895 0.105036 0.781740 0.510685 -0.357888 -1266.855209 59.819467 -253.755004
-0.354388 -0.096526 -0.930103 -0.511312 0.852793 0.106317 0.782923 0.513251 -0.351575 -1267.786587 59.904487 -254.114963
-0.347717 -0.090789 -0.933194 -0.511878 0.852266 0.107815 0.785540 0.515171 -0.342820 -1268.754975 59.993752 -254.483264
-0.339661 -0.087346 -0.936483 -0.514215 0.850943 0.107137 0.787536 0.517944 -0.333947 -1269.664580 60.074131 -254.824047
-0.324079 -0.087315 -0.941992 -0.516618 0.850485 0.098903 0.792514 0.518702 -0.320733 -1270.458915 60.136848 -255.113573
-0.305953 -0.086925 -0.948070 -0.519801 0.849549 0.089853 0.797621 0.520298 -0.305106 -1271.159539 60.185077 -255.351009
-0.290148 -0.086389 -0.953074 -0.522305 0.848800 0.082070 0.801880 0.521608 -0.291400 -1271.937884 60.231552 -255.603904
-0.270672 -0.085531 -0.958864 -0.523961 0.848676 0.072204 0.807590 0.521951 -0.274528 -1272.697936 60.264761 -255.832088
-0.248744 -0.084636 -0.964864 -0.524525 0.849226 0.060731 0.814248 0.521202 -0.255634 -1273.353494 60.283097 -256.011473
-0.217875 -0.083051 -0.972437 -0.524634 0.850141 0.044938 0.822976 0.519964 -0.228796 -1274.060621 60.291836 -256.178995
-0.185210 -0.079710 -0.979461 -0.524123 0.851120 0.029843 0.831259 0.518885 -0.199414 -1274.762160 60.285173 -256.324461
-0.154240 -0.074824 -0.985196 -0.521916 0.852829 0.016939 0.838936 0.516802 -0.170592 -1275.455178 60.265357 -256.445562
-0.116905 -0.071826 -0.990542 -0.521409 0.853307 -0.000337 0.845261 0.516438 -0.137206 -1276.173361 60.236555 -256.548086
-0.081699 -0.071348 -0.994100 -0.519530 0.854250 -0.018614 0.850538 0.514944 -0.106859 -1276.831817 60.199254 -256.619488
-0.049669 -0.072596 -0.996124 -0.518027 0.854587 -0.036451 0.853921 0.514209 -0.080053 -1277.415840 60.155035 -256.662022
-0.016220 -0.076650 -0.996926 -0.515116 0.855198 -0.057373 0.856967 0.512602 -0.053355 -1277.918875 60.103757 -256.675612
0.024175 -0.080326 -0.996475 -0.512678 0.854719 -0.081337 0.858240 0.512838 -0.020519 -1278.480349 60.031912 -256.673062
0.059385 -0.083781 -0.994713 -0.508422 0.855002 -0.102367 0.859058 0.511813 0.008178 -1279.062586 59.950110 -256.662680
0.097017 -0.084989 -0.991647 -0.503032 0.855537 -0.122538 0.858805 0.510718 0.040250 -1279.707535 59.848585 -256.644913
0.136624 -0.086769 -0.986816 -0.497352 0.855501 -0.144080 0.856723 0.510479 0.073727 -1280.284232 59.742430 -256.586673
0.175269 -0.087278 -0.980644 -0.491016 0.855592 -0.163907 0.853337 0.510240 0.107104 -1280.922552 59.611852 -256.509225
0.218768 -0.085193 -0.972051 -0.482974 0.856142 -0.183731 0.847866 0.509670 0.146150 -1281.665525 59.451117 -256.395852
0.258970 -0.082974 -0.962315 -0.471572 0.858629 -0.200939 0.842944 0.505838 0.183231 -1282.337590 59.286403 -256.262358
0.298917 -0.079484 -0.950963 -0.460033 0.861084 -0.216574 0.836073 0.502212 0.220827 -1282.986828 59.108449 -256.102979
0.342464 -0.076519 -0.936410 -0.447635 0.862995 -0.234229 0.826040 0.499384 0.261292 -1283.599018 58.926614 -255.928362
0.386858 -0.076711 -0.918943 -0.434253 0.863964 -0.254933 0.813490 0.497676 0.300919 -1284.158818 58.746254 -255.732529
0.430025 -0.077799 -0.899459 -0.420810 0.864164 -0.275933 0.798747 0.497159 0.338874 -1284.724276 58.536220 -255.507167
0.471230 -0.079792 -0.878394 -0.406405 0.864237 -0.296529 0.782801 0.496717 0.374826 -1285.220562 58.333161 -255.281115
0.509526 -0.082449 -0.856496 -0.390247 0.864994 -0.315424 0.766871 0.494962 0.408562 -1285.797765 58.092921 -254.990183
0.551664 -0.085158 -0.829708 -0.371821 0.865349 -0.336036 0.746603 0.493881 0.445718 -1286.345847 57.852509 -254.683581
0.589971 -0.087696 -0.802648 -0.352967 0.866055 -0.354066 0.726187 0.492197 0.479994 -1287.021258 57.539352 -254.285874
0.624503 -0.089681 -0.775856 -0.334861 0.866704 -0.369718 0.705595 0.490695 0.511229 -1287.644510 57.213983 -253.865285
0.650899 -0.091046 -0.753685 -0.320731 0.866852 -0.381707 0.688086 0.490183 0.535032 -1288.262353 56.880915 -253.425892
0.671163 -0.092070 -0.735570 -0.308974 0.867219 -0.390468 0.673851 0.489340 0.553599 -1288.859897 56.540474 -252.965111
0.686662 -0.092860 -0.721021 -0.298718 0.868170 -0.396294 0.662769 0.487502 0.568401 -1289.547696 56.132848 -252.416939
0.700917 -0.092397 -0.707233 -0.289044 0.869704 -0.400086 0.652050 0.484848 0.582883 -1290.248797 55.719680 -251.840153
0.713025 -0.091016 -0.695206 -0.281571 0.870899 -0.402806 0.642116 0.482960 0.595345 -1290.971944 55.278897 -251.222563
0.722068 -0.089030 -0.686069 -0.275705 0.872501 -0.403396 0.634511 0.480432 0.605459 -1291.676651 54.845690 -250.613347
0.728860 -0.088283 -0.678947 -0.270171 0.874095 -0.403690 0.629103 0.477665 0.613242 -1292.350245 54.410088 -250.008162
0.736299 -0.088703 -0.670817 -0.263812 0.875289 -0.405305 0.623110 0.475396 0.621074 -1292.966478 54.015064 -249.436222
0.740617 -0.089080 -0.665996 -0.259722 0.876183 -0.406015 0.619702 0.473676 0.625780 -1293.605158 53.604965 -248.831097
0.743831 -0.088346 -0.662503 -0.257679 0.876691 -0.406220 0.616698 0.472872 0.629345 -1294.227864 53.205540 -248.252130
0.747279 -0.088307 -0.658617 -0.255756 0.876561 -0.407713 0.613322 0.473121 0.632450 -1294.827886 52.811588 -247.682526
0.748715 -0.089727 -0.656791 -0.253608 0.876649 -0.408865 0.612461 0.472691 0.633605 -1295.410656 52.427951 -247.126663
0.748923 -0.091519 -0.656307 -0.251548 0.877020 -0.409341 0.613056 0.471657 0.633799 -1296.116288 51.966506 -246.455043
0.749755 -0.093401 -0.655091 -0.249618 0.876927 -0.410720 0.612828 0.471462 0.634165 -1296.711834 51.573819 -245.880145
0.749552 -0.094650 -0.655144 -0.247898 0.877562 -0.410404 0.613774 0.470028 0.634314 -1297.302246 51.187110 -245.318520
0.750227 -0.093832 -0.654489 -0.247665 0.877929 -0.409759 0.613043 0.469506 0.635407 -1297.932182 50.781666 -244.723966
0.749898 -0.092710 -0.655025 -0.247516 0.878900 -0.407763 0.613505 0.467910 0.636138 -1298.590670 50.353119 -244.094941
0.748585 -0.090851 -0.656785 -0.248093 0.880231 -0.404528 0.614874 0.465768 0.636388 -1299.234388 49.930336 -243.482084
0.747270 -0.089880 -0.658414 -0.248274 0.881299 -0.402085 0.616399 0.463933 0.636253 -1299.821165 49.546667 -242.920719
0.745324 -0.088791 -0.660764 -0.249160 0.882183 -0.399590 0.618395 0.462460 0.635389 -1300.433318 49.155770 -242.335535
0.744465 -0.087930 -0.661847 -0.249652 0.882722 -0.398090 0.619231 0.461595 0.635204 -1301.033818 48.772482 -241.761468
0.743658 -0.088193 -0.662718 -0.248936 0.883456 -0.396908 0.620487 0.460138 0.635035 -1301.695015 48.350080 -241.139237
0.741270 -0.087435 -0.665487 -0.249624 0.884450 -0.394254 0.623062 0.458370 0.633791 -1302.286329 47.980228 -240.576936
0.739512 -0.087193 -0.667472 -0.250603 0.884637 -0.393212 0.624756 0.458055 0.632349 -1302.816829 47.651276 -240.077352
0.738888 -0.086797 -0.668214 -0.251302 0.884627 -0.392789 0.625213 0.458151 0.631828 -1303.417349 47.292264 -239.512776
0.738597 -0.087686 -0.668421 -0.250027 0.885163 -0.392395 0.626069 0.456945 0.631854 -1304.024628 46.916399 -238.943111
0.738193 -0.089243 -0.668661 -0.248884 0.885254 -0.392915 0.627000 0.456466 0.631277 -1304.550989 46.584892 -238.444199
0.738071 -0.091043 -0.668552 -0.248489 0.884533 -0.394784 0.627299 0.457507 0.630225 -1305.045450 46.280826 -237.977231
0.738031 -0.089785 -0.668766 -0.249785 0.884347 -0.394383 0.626831 0.458115 0.630249 -1305.504922 45.991041 -237.548805
0.735539 -0.089143 -0.671592 -0.250697 0.885125 -0.392053 0.629392 0.456736 0.628696 -1305.997072 45.683068 -237.092037
0.732444 -0.089518 -0.674916 -0.250642 0.886243 -0.389553 0.633012 0.454488 0.626687 -1306.510069 45.358507 -236.618184
0.728836 -0.090491 -0.678682 -0.251588 0.886490 -0.388380 0.636790 0.453813 0.623340 -1307.039378 45.032630 -236.141675
0.725122 -0.091933 -0.682457 -0.252368 0.886618 -0.387580 0.640710 0.453273 0.619705 -1307.569068 44.712628 -235.667403
0.722574 -0.093557 -0.684933 -0.251744 0.887154 -0.386758 0.643826 0.451890 0.617482 -1308.102080 44.387580 -235.192550
0.721080 -0.098018 -0.685884 -0.249901 0.886514 -0.389413 0.646215 0.452201 0.614753 -1308.600330 44.087973 -234.753621
0.720097 -0.100790 -0.686514 -0.248024 0.886639 -0.390328 0.648031 0.451346 0.613467 -1309.155003 43.758649 -234.266945
0.718481 -0.101461 -0.688106 -0.246605 0.887877 -0.388408 0.650362 0.448755 0.612902 -1309.827507 43.357032 -233.672441
0.716676 -0.099864 -0.690220 -0.246381 0.889621 -0.384539 0.652436 0.445646 0.612965 -1310.469104 42.971353 -233.112931
0.714763 -0.096861 -0.692627 -0.247482 0.891252 -0.380029 0.654115 0.443043 0.613063 -1311.099156 42.601571 -232.567185
0.711123 -0.094128 -0.696738 -0.248732 0.893225 -0.374541 0.657599 0.439646 0.611780 -1311.705493 42.246444 -232.044591
0.707196 -0.093037 -0.700869 -0.249486 0.894697 -0.370506 0.661536 0.436878 0.609515 -1312.309633 41.896042 -231.522914
0.704430 -0.092188 -0.703761 -0.250948 0.895139 -0.368444 0.663930 0.436150 0.607429 -1312.928729 41.549852 -230.990424
0.703352 -0.090686 -0.705033 -0.253518 0.894605 -0.367983 0.664097 0.437560 0.606232 -1313.548769 41.210170 -230.466369
0.703385 -0.088292 -0.705304 -0.255915 0.894258 -0.367165 0.663142 0.438757 0.606412 -1314.227802 40.837075 -229.908144
0.701039 -0.085766 -0.707947 -0.258492 0.894666 -0.364356 0.664625 0.438426 0.605026 -1314.838955 40.506643 -229.393499
0.696966 -0.084246 -0.712138 -0.261534 0.894812 -0.361818 0.667711 0.438423 0.601620 -1315.399111 40.205208 -228.925454
0.691553 -0.084728 -0.717340 -0.264096 0.894681 -0.360277 0.672316 0.438597 0.596342 -1315.981542 39.897570 -228.450357
0.686791 -0.085355 -0.721826 -0.266316 0.894472 -0.359160 0.676309 0.438902 0.591584 -1316.642411 39.554825 -227.917142
0.682359 -0.084994 -0.726060 -0.268477 0.894671 -0.357049 0.679932 0.438566 0.587667 -1317.344382 39.191544 -227.351919
0.678607 -0.083687 -0.729719 -0.270284 0.895326 -0.354031 0.682964 0.437479 0.584955 -1318.063540 38.830359 -226.786632
0.675034 -0.081923 -0.733224 -0.272410 0.895917 -0.350892 0.685654 0.436601 0.582458 -1318.741199 38.483435 -226.259007
0.673196 -0.081367 -0.734974 -0.272150 0.896902 -0.348569 0.687562 0.434678 0.581647 -1319.375007 38.157388 -225.770378
0.673727 -0.081066 -0.734520 -0.272778 0.896489 -0.349142 0.686793 0.435587 0.581876 -1319.948711 37.868120 -225.330562
0.675427 -0.079729 -0.733104 -0.273393 0.896219 -0.349352 0.684876 0.436388 0.583533 -1320.528699 37.577839 -224.879384
0.677474 -0.077265 -0.731478 -0.273799 0.896512 -0.348282 0.682688 0.436230 0.586208 -1321.082568 37.292313 -224.444884
0.680432 -0.075492 -0.728912 -0.273433 0.896688 -0.348115 0.679887 0.436177 0.589494 -1321.621989 37.010307 -224.016720
0.684189 -0.075715 -0.725363 -0.271122 0.896909 -0.349353 0.677036 0.435686 0.593127 -1322.174478 36.718052 -223.566705
0.688111 -0.078111 -0.721389 -0.268987 0.895893 -0.353584 0.673906 0.437350 0.595463 -1322.696983 36.437178 -223.133408
0.690778 -0.080562 -0.718565 -0.267162 0.895014 -0.357175 0.671901 0.438701 0.596733 -1323.238418 36.154733 -222.680385
0.693068 -0.080790 -0.716331 -0.265807 0.895041 -0.358119 0.670078 0.438606 0.598849 -1323.811184 35.853866 -222.205397
0.695659 -0.078625 -0.714056 -0.264960 0.895829 -0.356773 0.667724 0.437389 0.602359 -1324.494535 35.485918 -221.630781
0.696457 -0.076414 -0.713518 -0.264380 0.897049 -0.354128 0.667121 0.435275 0.604554 -1325.198828 35.113724 -221.044502
0.697470 -0.073838 -0.712800 -0.264742 0.897761 -0.352045 0.665919 0.434249 0.606613 -1325.964313 34.709820 -220.406945
0.697373 -0.072018 -0.713081 -0.264207 0.899035 -0.349185 0.666233 0.431913 0.607935 -1326.675823 34.332733 -219.813349
0.696501 -0.070569 -0.714077 -0.264368 0.899913 -0.346795 0.667080 0.430322 0.608134 -1327.415234 33.943824 -219.193349
0.694722 -0.069552 -0.715908 -0.263749 0.901352 -0.343512 0.669177 0.427465 0.607845 -1328.164987 33.544069 -218.561505
0.694623 -0.068775 -0.716078 -0.262910 0.902289 -0.341691 0.669609 0.425610 0.608670 -1328.877936 33.175711 -217.965130
0.695729 -0.068136 -0.715066 -0.261700 0.903027 -0.340669 0.668935 0.424146 0.610431 -1329.651764 32.780840 -217.317357
0.698014 -0.068673 -0.712783 -0.258810 0.903910 -0.340534 0.667678 0.422173 0.613169 -1330.489804 32.358184 -216.609300
0.699522 -0.067807 -0.711387 -0.256581 0.905275 -0.338589 0.666960 0.419379 0.615862 -1331.320512 31.935910 -215.905869
0.702234 -0.066557 -0.708828 -0.253866 0.906765 -0.336646 0.665147 0.416351 0.619864 -1332.163520 31.511827 -215.179952
0.704997 -0.064528 -0.706269 -0.252058 0.908038 -0.334566 0.662907 0.413889 0.623899 -1332.971973 31.110609 -214.484673
0.706006 -0.061468 -0.705533 -0.251814 0.909336 -0.331206 0.661925 0.411497 0.626518 -1333.654188 30.765280 -213.892901
0.708832 -0.058122 -0.702979 -0.250474 0.910913 -0.327873 0.659409 0.408485 0.631126 -1334.316043 30.427824 -213.303416
0.712531 -0.056736 -0.699343 -0.247609 0.912265 -0.326287 0.656498 0.405653 0.635968 -1334.988102 30.083268 -212.700173
0.716542 -0.057291 -0.695187 -0.245217 0.912320 -0.327935 0.653021 0.405451 0.639667 -1335.620063 29.757309 -212.123621
0.723467 -0.061871 -0.687581 -0.241070 0.910638 -0.335595 0.646901 0.408547 0.643901 -1336.322020 29.401404 -211.481950
0.730952 -0.067668 -0.679066 -0.236494 0.908292 -0.345075 0.640140 0.412828 0.647914 -1336.987238 29.046205 -210.849700
0.741570 -0.073136 -0.666877 -0.228712 0.906930 -0.353792 0.630686 0.414884 0.655825 -1337.511820 28.751660 -210.324149
0.751508 -0.077972 -0.655100 -0.220680 0.906078 -0.361001 0.621720 0.415863 0.663718 -1338.088056 28.424673 -209.736164
0.760778 -0.079137 -0.644170 -0.215105 0.905693 -0.365309 0.612329 0.416483 0.672008 -1338.659167 28.084266 -209.143938
0.770769 -0.078729 -0.632231 -0.208020 0.906854 -0.366528 0.602198 0.414025 0.682598 -1339.245193 27.718004 -208.496495
0.781534 -0.076522 -0.619152 -0.200943 0.908682 -0.365949 0.590615 0.410415 0.694790 -1339.893397 27.306279 -207.768383
0.791814 -0.075308 -0.606101 -0.193021 0.910654 -0.365312 0.579459 0.406249 0.706533 -1340.523179 26.891168 -207.029104
0.802264 -0.075610 -0.592161 -0.185097 0.911554 -0.367163 0.567548 0.404169 0.717312 -1341.067100 26.517291 -206.354857
0.813998 -0.073607 -0.576184 -0.179244 0.911701 -0.369694 0.552520 0.404208 0.728929 -1341.672415 26.093881 -205.586526
0.826560 -0.074138 -0.557945 -0.170096 0.912035 -0.373175 0.536532 0.403356 0.741241 -1342.214252 25.692390 -204.842182
0.837885 -0.072865 -0.540962 -0.161856 0.913312 -0.373715 0.521298 0.400688 0.753457 -1342.848442 25.216851 -203.950941
0.847942 -0.070988 -0.525314 -0.153707 0.915490 -0.371823 0.507315 0.396029 0.765371 -1343.467249 24.739535 -203.049665
0.856565 -0.067189 -0.511646 -0.146977 0.918657 -0.366698 0.494665 0.389301 0.777014 -1344.087816 24.257414 -202.113567
0.863449 -0.062703 -0.500524 -0.141893 0.921989 -0.360280 0.484068 0.382104 0.787194 -1344.647165 23.815411 -201.227555
0.868628 -0.058830 -0.491960 -0.137972 0.924929 -0.354217 0.475867 0.375559 0.795303 -1345.149481 23.419907 -200.421873
0.872302 -0.056626 -0.485678 -0.135466 0.926405 -0.351315 0.469828 0.372246 0.800434 -1345.647784 23.028939 -199.596239
0.874326 -0.057777 -0.481889 -0.133569 0.925904 -0.353357 0.466599 0.373315 0.801824 -1346.074583 22.692179 -198.880363
0.875711 -0.057085 -0.479449 -0.132893 0.926138 -0.352999 0.464186 0.372840 0.803443 -1346.523780 22.345490 -198.136519
0.876885 -0.056970 -0.477313 -0.130861 0.927160 -0.351070 0.462546 0.370310 0.805557 -1346.997351 21.973707 -197.333507
0.878752 -0.054853 -0.474116 -0.128987 0.929115 -0.346566 0.459518 0.365700 0.809386 -1347.519474 21.550629 -196.440654
0.878830 -0.055174 -0.473935 -0.127162 0.930283 -0.344099 0.459879 0.362670 0.810544 -1347.929213 21.215115 -195.726085
0.878281 -0.057082 -0.474726 -0.125822 0.930266 -0.344637 0.461294 0.362418 0.809852 -1348.328936 20.892488 -195.039682
0.878653 -0.059105 -0.473788 -0.125063 0.929173 -0.347847 0.460790 0.364890 0.809029 -1348.729928 20.575193 -194.355533
0.879839 -0.063635 -0.470992 -0.122780 0.926924 -0.354595 0.459138 0.369815 0.807731 -1349.086016 20.290196 -193.738301
0.881497 -0.066553 -0.467475 -0.121139 0.925008 -0.360118 0.456386 0.374072 0.807330 -1349.456624 19.985201 -193.083622
0.882641 -0.066997 -0.465249 -0.120794 0.924220 -0.362253 0.454262 0.375938 0.807661 -1349.806475 19.701835 -192.481387
0.883303 -0.065319 -0.464231 -0.120621 0.925241 -0.359694 0.453020 0.373715 0.809389 -1350.196118 19.386353 -191.802064
0.883315 -0.063633 -0.464441 -0.120037 0.927010 -0.355308 0.453151 0.369599 0.811203 -1350.605763 19.049812 -191.094781
0.884234 -0.061251 -0.463010 -0.119638 0.928580 -0.351320 0.451461 0.366043 0.813754 -1351.065624 18.665776 -190.300016
0.884448 -0.060571 -0.462692 -0.117898 0.930366 -0.347159 0.451500 0.361594 0.815719 -1351.550938 18.271439 -189.456325
0.883685 -0.061501 -0.464025 -0.115298 0.932187 -0.343123 0.453661 0.356714 0.816668 -1351.999697 17.914311 -188.664121
0.882775 -0.063556 -0.465476 -0.112557 0.933337 -0.340901 0.456112 0.353331 0.816773 -1352.412723 17.582359 -187.927408
0.882293 -0.066023 -0.466048 -0.110613 0.933305 -0.341623 0.457520 0.352963 0.816145 -1352.859044 17.221363 -187.144983
0.881922 -0.066783 -0.466641 -0.111268 0.932451 -0.343736 0.458076 0.355070 0.814918 -1353.310891 16.871387 -186.362982
0.880370 -0.067631 -0.469440 -0.111538 0.932499 -0.343518 0.460985 0.354783 0.813401 -1353.766782 16.528553 -185.588880
0.878612 -0.066720 -0.472853 -0.111574 0.934104 -0.339119 0.464320 0.350712 0.813270 -1354.295710 16.131371 -184.680730
0.876273 -0.064870 -0.477428 -0.111472 0.936715 -0.331871 0.468742 0.344029 0.813587 -1354.838237 15.729706 -183.750903
0.873255 -0.063656 -0.483087 -0.111362 0.939117 -0.325051 0.474367 0.337651 0.813000 -1355.319376 15.375967 -182.929315
0.870083 -0.062982 -0.488864 -0.112307 0.940384 -0.321038 0.479939 0.334233 0.811139 -1355.868764 14.992391 -182.022625
0.865348 -0.064498 -0.497004 -0.113368 0.940788 -0.319478 0.488181 0.332804 0.806797 -1356.385754 14.636398 -181.177285
0.862233 -0.067369 -0.502012 -0.113277 0.940365 -0.320754 0.493683 0.333431 0.803182 -1356.882693 14.294466 -180.373969
0.858593 -0.067941 -0.508136 -0.115713 0.939918 -0.321192 0.499429 0.334571 0.799145 -1357.408697 13.944132 -179.544401
0.857036 -0.066458 -0.510952 -0.117409 0.940371 -0.319245 0.501701 0.333595 0.798129 -1357.979699 13.556757 -178.653877
0.853425 -0.066104 -0.517006 -0.118564 0.941299 -0.316067 0.507551 0.331038 0.795491 -1358.555935 13.170527 -177.760625
0.849832 -0.065082 -0.523021 -0.119579 0.942660 -0.311599 0.513310 0.327349 0.793319 -1359.108730 12.799053 -176.903815
0.846694 -0.063805 -0.528241 -0.121131 0.943601 -0.308132 0.518109 0.324880 0.791212 -1359.675177 12.432551 -176.050620
0.843867 -0.062841 -0.532859 -0.123219 0.943878 -0.306449 0.522212 0.324260 0.788765 -1360.251649 12.072603 -175.200953
0.842529 -0.061773 -0.535096 -0.124949 0.943893 -0.305703 0.523958 0.324424 0.787539 -1360.843493 11.708804 -174.323488
0.841235 -0.061888 -0.537116 -0.125566 0.943901 -0.305423 0.525886 0.324376 0.786272 -1361.466708 11.322804 -173.417215
0.838966 -0.063338 -0.540486 -0.124446 0.944554 -0.303859 0.529764 0.322188 0.784567 -1362.069951 10.949653 -172.529733
0.836783 -0.063070 -0.543891 -0.124437 0.945444 -0.301083 0.533208 0.319621 0.783283 -1362.647757 10.591633 -171.688497
0.834242 -0.063838 -0.547690 -0.125613 0.945156 -0.301500 0.536899 0.320321 0.780470 -1363.233183 10.239567 -170.841050
0.831350 -0.064979 -0.551938 -0.128522 0.943740 -0.304691 0.540684 0.324241 0.776227 -1363.863541 9.869549 -169.949111
0.829233 -0.065662 -0.555033 -0.130243 0.943032 -0.306150 0.543516 0.326159 0.773441 -1364.496713 9.493776 -169.066118
0.827538 -0.064978 -0.557636 -0.130543 0.943782 -0.303700 0.546021 0.324119 0.772534 -1365.097388 9.149016 -168.229987
0.825574 -0.061897 -0.560889 -0.131839 0.945300 -0.298373 0.548677 0.320276 0.772255 -1365.688343 8.814042 -167.413504
0.822991 -0.061568 -0.564708 -0.132104 0.946110 -0.295675 0.552481 0.317938 0.770507 -1366.285906 8.479628 -166.594085
0.820838 -0.063026 -0.567674 -0.130894 0.946684 -0.294374 0.555961 0.315939 0.768824 -1366.852993 8.163086 -165.817533
0.819066 -0.064509 -0.570061 -0.131558 0.946059 -0.296081 0.558411 0.317506 0.766399 -1367.395744 7.867527 -165.084332
0.817273 -0.066631 -0.572385 -0.131128 0.945730 -0.297322 0.561132 0.318049 0.764183 -1367.952147 7.554979 -164.339808
0.813677 -0.065487 -0.577617 -0.133439 0.946061 -0.295233 0.565795 0.317301 0.761049 -1368.557257 7.227693 -163.551615
0.810105 -0.065066 -0.582663 -0.134531 0.946675 -0.292760 0.570641 0.315552 0.758153 -1369.156362 6.899553 -162.776757
0.806762 -0.064282 -0.587370 -0.135826 0.947269 -0.290229 0.575053 0.313926 0.755489 -1369.741183 6.586884 -162.026715
0.803275 -0.063134 -0.592252 -0.137585 0.947804 -0.287643 0.579499 0.312541 0.752661 -1370.377467 6.256644 -161.229043
0.798905 -0.062698 -0.598181 -0.137948 0.948939 -0.283701 0.585424 0.309168 0.749462 -1371.022906 5.930554 -160.433812
0.794994 -0.062147 -0.603425 -0.138449 0.949895 -0.280233 0.590606 0.306327 0.746557 -1371.644311 5.619291 -159.662006
0.791591 -0.061602 -0.607938 -0.139117 0.950609 -0.277468 0.595004 0.304216 0.743924 -1372.243496 5.320110 -158.933395
0.787809 -0.061368 -0.612855 -0.140349 0.950960 -0.275639 0.599716 0.303164 0.740562 -1372.808783 5.042677 -158.256827
0.786143 -0.060151 -0.615111 -0.143013 0.950537 -0.275730 0.601271 0.304732 0.738656 -1373.386869 4.769213 -157.568257
0.786662 -0.058280 -0.614627 -0.144271 0.950618 -0.274792 0.600291 0.304841 0.739407 -1374.059975 4.445130 -156.768744
0.786402 -0.056542 -0.615122 -0.143838 0.951667 -0.271367 0.600735 0.301882 0.740260 -1374.783877 4.093722 -155.906223
0.785092 -0.053169 -0.617093 -0.144297 0.953193 -0.265708 0.602336 0.297650 0.740672 -1375.510086 3.751459 -155.034651
0.781531 -0.050062 -0.621854 -0.145129 0.954840 -0.259263 0.606751 0.292871 0.738972 -1376.212240 3.436917 -154.200763
0.777730 -0.047361 -0.626811 -0.146904 0.955851 -0.254497 0.611191 0.290011 0.736436 -1376.814274 3.163862 -153.483183
0.775953 -0.047414 -0.629007 -0.145733 0.956719 -0.251896 0.613726 0.287126 0.735459 -1377.432844 2.887530 -152.756588
0.775092 -0.048163 -0.630011 -0.145054 0.956897 -0.251611 0.614973 0.286407 0.734696 -1378.142233 2.585109 -151.928236
0.775293 -0.048283 -0.629754 -0.143900 0.957348 -0.250555 0.614991 0.284875 0.735277 -1378.938374 2.243080 -150.984916
0.774906 -0.047837 -0.630263 -0.144922 0.957123 -0.250826 0.615238 0.285706 0.734748 -1379.636554 1.950648 -150.168418
0.775033 -0.047049 -0.630167 -0.144943 0.957403 -0.249743 0.615074 0.284897 0.735199 -1380.333980 1.652780 -149.352270
0.774540 -0.045954 -0.630853 -0.144599 0.958082 -0.247325 0.615775 0.282784 0.735428 -1381.068228 1.340690 -148.496343
0.773557 -0.045650 -0.632080 -0.144205 0.958557 -0.245710 0.617102 0.281220 0.734916 -1381.763329 1.039473 -147.675970
0.773334 -0.046548 -0.632287 -0.142543 0.959002 -0.244940 0.617767 0.279549 0.734994 -1382.481992 0.739779 -146.841472
0.774443 -0.046390 -0.630941 -0.142093 0.959073 -0.244926 0.616480 0.279333 0.736156 -1383.214021 0.444664 -145.998863
0.774079 -0.046650 -0.631368 -0.141333 0.959379 -0.244166 0.617112 0.278237 0.736042 -1383.972210 0.134974 -145.117480
0.774578 -0.044587 -0.630905 -0.141016 0.960229 -0.240988 0.616558 0.275632 0.737485 -1384.756047 -0.195183 -144.202591
0.774887 -0.043358 -0.630610 -0.140614 0.960823 -0.238846 0.616261 0.273752 0.738433 -1385.457189 -0.483806 -143.389626
0.774273 -0.043393 -0.631362 -0.139250 0.961515 -0.236853 0.617341 0.271306 0.738433 -1386.147130 -0.776066 -142.579949
0.773927 -0.044687 -0.631696 -0.137816 0.961714 -0.236880 0.618097 0.270386 0.738138 -1386.853362 -1.071912 -141.750938
0.773911 -0.045739 -0.631641 -0.135942 0.962140 -0.236233 0.618532 0.268690 0.738393 -1387.665935 -1.401659 -140.813423
0.773869 -0.043793 -0.631830 -0.136568 0.962600 -0.233988 0.618447 0.267364 0.738945 -1388.401055 -1.703825 -139.967690
0.773430 -0.041595 -0.632515 -0.136746 0.963400 -0.230565 0.618955 0.264820 0.739435 -1389.092668 -1.987474 -139.168793
0.772618 -0.039303 -0.633654 -0.137579 0.964000 -0.227543 0.619785 0.262981 0.739396 -1389.696715 -2.225501 -138.470170
0.771501 -0.036595 -0.635175 -0.138231 0.964855 -0.223488 0.621030 0.260222 0.739328 -1390.343502 -2.480364 -137.710434
0.770456 -0.035682 -0.636493 -0.138063 0.965397 -0.221241 0.622363 0.258332 0.738870 -1390.991755 -2.729537 -136.953797
0.769664 -0.034063 -0.637540 -0.138713 0.965801 -0.219062 0.623198 0.257039 0.738617 -1391.691789 -3.000261 -136.145525
0.769089 -0.034469 -0.638212 -0.138010 0.966032 -0.218485 0.624064 0.256114 0.738207 -1392.377075 -3.257920 -135.354643
0.768805 -0.033712 -0.638594 -0.137651 0.966476 -0.216741 0.624493 0.254535 0.738391 -1393.164990 -3.547299 -134.448469
0.768271 -0.033091 -0.639268 -0.137631 0.966768 -0.215447 0.625153 0.253505 0.738186 -1393.882705 -3.816942 -133.630250
0.765912 -0.031531 -0.642172 -0.138767 0.967149 -0.212993 0.627792 0.252246 0.736376 -1394.527925 -4.057773 -132.902923
0.764333 -0.030594 -0.644095 -0.139166 0.967507 -0.211101 0.629625 0.250988 0.735240 -1395.231592 -4.313513 -132.111124
0.762232 -0.029886 -0.646614 -0.139815 0.967751 -0.209544 0.632024 0.250128 0.733472 -1395.916720 -4.559813 -131.340620
0.759898 -0.029959 -0.649352 -0.139417 0.968181 -0.207820 0.634916 0.248452 0.731542 -1396.583184 -4.798835 -130.599727
0.758641 -0.028552 -0.650883 -0.140317 0.968433 -0.206029 0.636219 0.247632 0.730687 -1397.196272 -5.016975 -129.918988
0.756676 -0.028121 -0.653185 -0.140910 0.968580 -0.204934 0.638424 0.247109 0.728939 -1397.903542 -5.261712 -129.136142
0.753899 -0.028245 -0.656383 -0.140403 0.969068 -0.202962 0.641813 0.245170 0.726614 -1398.626130 -5.508864 -128.341595
0.751860 -0.027727 -0.658739 -0.140323 0.969496 -0.200967 0.644217 0.243535 0.725035 -1399.340494 -5.753138 -127.570879
0.750316 -0.027349 -0.660513 -0.139860 0.969961 -0.199036 0.646115 0.241719 0.723952 -1400.059374 -5.985211 -126.800527
0.748672 -0.026064 -0.662428 -0.140838 0.970164 -0.197347 0.647808 0.241043 0.722664 -1400.787658 -6.211791 -126.017072
0.746936 -0.024488 -0.664445 -0.142258 0.970295 -0.195679 0.649499 0.240682 0.721265 -1401.565675 -6.456078 -125.187583
0.745138 -0.023612 -0.666492 -0.142693 0.970585 -0.193916 0.651466 0.239598 0.719851 -1402.321966 -6.697563 -124.372744
0.743904 -0.020946 -0.667958 -0.144354 0.970876 -0.191212 0.652510 0.238665 0.719215 -1403.050212 -6.922816 -123.603440
0.742250 -0.018308 -0.669873 -0.145183 0.971491 -0.187421 0.654207 0.236367 0.718432 -1403.847729 -7.167087 -122.757295
0.740048 -0.015317 -0.672380 -0.146553 0.972044 -0.183444 0.656393 0.234297 0.717114 -1404.622159 -7.402367 -121.932879
0.737962 -0.011563 -0.674744 -0.148483 0.972568 -0.179062 0.658305 0.232329 0.716001 -1405.407047 -7.635939 -121.108043
0.735874 -0.009020 -0.677058 -0.148977 0.973253 -0.174884 0.660527 0.229559 0.714848 -1406.216381 -7.867887 -120.258758
0.732974 -0.007059 -0.680220 -0.150043 0.973642 -0.171783 0.663503 0.227974 0.712595 -1406.965920 -8.077715 -119.484048
0.729751 -0.005592 -0.683690 -0.150613 0.974088 -0.168727 0.666917 0.226102 0.710000 -1407.734823 -8.291589 -118.696475
0.725112 -0.004178 -0.688618 -0.150311 0.974909 -0.164193 0.672026 0.222565 0.706290 -1408.430788 -8.473213 -117.985078
0.720762 -0.003774 -0.693173 -0.149203 0.975701 -0.160453 0.676935 0.219072 0.702685 -1409.173410 -8.664736 -117.240679
0.715206 -0.004294 -0.698901 -0.148305 0.976277 -0.157764 0.682998 0.216484 0.697602 -1409.938494 -8.857092 -116.482300
0.711035 -0.005723 -0.703134 -0.147888 0.976383 -0.157496 0.687429 0.215970 0.693396 -1410.644819 -9.032784 -115.791888
0.707911 -0.006347 -0.706274 -0.148445 0.976288 -0.157563 0.690526 0.216384 0.690182 -1411.410903 -9.219961 -115.061845
0.704810 -0.004585 -0.709382 -0.150569 0.976228 -0.155908 0.693233 0.216696 0.687365 -1412.213064 -9.408345 -114.303356
0.702104 -0.002077 -0.712071 -0.151406 0.976694 -0.152135 0.695792 0.214626 0.685427 -1413.022038 -9.599488 -113.534383
0.700555 0.000678 -0.713598 -0.151055 0.977479 -0.147365 0.697428 0.211030 0.684880 -1413.835497 -9.796645 -112.751684
0.698417 0.001536 -0.715689 -0.149967 0.978111 -0.144249 0.699802 0.208076 0.683360 -1414.688342 -9.997837 -111.947719
0.696830 0.002474 -0.717232 -0.150552 0.978220 -0.142895 0.701258 0.207554 0.682025 -1415.543839 -10.193568 -111.151508
0.695014 0.002277 -0.718993 -0.150360 0.978344 -0.142247 0.703099 0.206972 0.680305 -1416.351366 -10.370674 -110.389579
0.692821 0.005023 -0.721092 -0.152131 0.978487 -0.139351 0.704879 0.206246 0.678681 -1417.140792 -10.548567 -109.643973
0.688689 0.008122 -0.725012 -0.154006 0.978759 -0.135326 0.708513 0.204854 0.675311 -1417.878573 -10.716464 -108.954054
0.682891 0.010174 -0.730449 -0.155197 0.979098 -0.131456 0.713844 0.203133 0.670196 -1418.558232 -10.867086 -108.324513
0.680456 0.010113 -0.732719 -0.154671 0.979360 -0.130121 0.716279 0.201872 0.667976 -1419.344581 -11.027766 -107.611816
0.680432 0.009726 -0.732747 -0.154609 0.979309 -0.130572 0.716316 0.202135 0.667857 -1420.148384 -11.191463 -106.896255
0.682390 0.006684 -0.730958 -0.154248 0.978759 -0.135049 0.714529 0.204905 0.668926 -1421.060097 -11.372439 -106.073146
0.685227 0.007337 -0.728293 -0.156144 0.978179 -0.137056 0.711395 0.207633 0.671420 -1421.943516 -11.561952 -105.268906
0.684166 0.010277 -0.729254 -0.157924 0.978266 -0.134374 0.712023 0.207101 0.670919 -1422.820683 -11.749955 -104.479896
0.682289 0.012812 -0.730970 -0.158654 0.978614 -0.130935 0.713660 0.205307 0.669730 -1423.610399 -11.912740 -103.780483
0.682924 0.013880 -0.730357 -0.158331 0.978864 -0.129446 0.713124 0.204040 0.670687 -1424.435471 -12.083968 -103.038287
0.683516 0.015476 -0.729772 -0.158824 0.978975 -0.127996 0.712447 0.203393 0.671603 -1425.267008 -12.249334 -102.292743
0.684161 0.018108 -0.729106 -0.158807 0.979404 -0.124693 0.711832 0.201097 0.672945 -1426.132153 -12.407889 -101.510671
0.684127 0.021513 -0.729045 -0.158601 0.980034 -0.119910 0.711910 0.197661 0.673880 -1426.965096 -12.568332 -100.744783
0.683867 0.024007 -0.729211 -0.158513 0.980474 -0.116378 0.712179 0.195177 0.674320 -1427.769889 -12.723287 -100.008347
0.683687 0.026194 -0.729305 -0.158236 0.980902 -0.113108 0.712414 0.192733 0.674774 -1428.580642 -12.871375 -99.264471
0.682866 0.028782 -0.729976 -0.158385 0.981290 -0.109473 0.713167 0.190373 0.674648 -1429.423863 -13.021793 -98.494204
0.681720 0.031471 -0.730936 -0.157107 0.982064 -0.104245 0.714545 0.185901 0.674437 -1430.282903 -13.169775 -97.702435
0.679913 0.033079 -0.732546 -0.156860 0.982419 -0.101228 0.716319 0.183733 0.673149 -1431.141593 -13.312995 -96.917339
0.675392 0.033309 -0.736706 -0.155196 0.983027 -0.097834 0.720944 0.180410 0.669098 -1431.998779 -13.446605 -96.138017
0.672959 0.032803 -0.738952 -0.155451 0.982977 -0.097933 0.723161 0.180776 0.666602 -1432.904448 -13.585175 -95.328301
0.671235 0.031497 -0.740575 -0.154871 0.983006 -0.098563 0.724885 0.180852 0.664706 -1433.743878 -13.714332 -94.573220
0.668352 0.031815 -0.743165 -0.155060 0.983095 -0.097364 0.727504 0.180309 0.661987 -1434.703282 -13.857563 -93.730411
0.664595 0.031560 -0.746537 -0.153736 0.983507 -0.095283 0.731217 0.178094 0.658486 -1435.609346 -13.996049 -92.929789
0.659258 0.032247 -0.751225 -0.153827 0.983733 -0.092768 0.736014 0.176716 0.653494 -1436.477295 -14.125871 -92.167980
0.653528 0.032664 -0.756197 -0.154728 0.983736 -0.091227 0.740918 0.176624 0.647953 -1437.396371 -14.263189 -91.379863
0.647776 0.031592 -0.761176 -0.153663 0.984023 -0.089929 0.746173 0.175218 0.642281 -1438.299627 -14.395918 -90.628227
0.643278 0.032855 -0.764928 -0.154033 0.984205 -0.087263 0.749978 0.173958 0.638178 -1439.345181 -14.546772 -89.767689
0.637804 0.034869 -0.769409 -0.153886 0.984601 -0.082942 0.754669 0.171302 0.633348 -1440.358242 -14.689125 -88.948622
0.632377 0.035877 -0.773830 -0.153327 0.984962 -0.079633 0.759336 0.169007 0.628368 -1441.275116 -14.809449 -88.212507
0.623676 0.035683 -0.780868 -0.152621 0.985291 -0.076873 0.766639 0.167120 0.619948 -1442.209829 -14.930531 -87.477939
0.619074 0.036232 -0.784497 -0.152709 0.985421 -0.074996 0.770343 0.166228 0.615581 -1443.220003 -15.060819 -86.710258
0.615015 0.038861 -0.787558 -0.153471 0.985584 -0.071215 0.773436 0.164665 0.612112 -1444.250056 -15.181525 -85.933314
0.608737 0.042400 -0.792238 -0.154070 0.985878 -0.065621 0.778268 0.162006 0.606673 -1445.254740 -15.292223 -85.173568
0.603496 0.045728 -0.796053 -0.154788 0.986081 -0.060702 0.782197 0.159853 0.602175 -1446.268759 -15.400193 -84.422568
0.598196 0.047666 -0.799931 -0.154795 0.986302 -0.056986 0.786257 0.157914 0.597380 -1447.247279 -15.499735 -83.714083
0.593102 0.048692 -0.803654 -0.154846 0.986434 -0.054511 0.790097 0.156773 0.592595 -1448.173594 -15.593639 -83.062647
0.587245 0.047580 -0.808010 -0.153389 0.986723 -0.053377 0.794742 0.155285 0.586746 -1449.064077 -15.683376 -82.427917
0.582827 0.047833 -0.811187 -0.154052 0.986667 -0.052504 0.797860 0.155565 0.582425 -1449.952785 -15.769679 -81.797880
0.580000 0.048287 -0.813184 -0.154328 0.986677 -0.051485 0.799864 0.155358 0.579725 -1450.891445 -15.862969 -81.145641
0.577511 0.050522 -0.814818 -0.155587 0.986601 -0.049101 0.801420 0.155131 0.577634 -1451.856466 -15.947849 -80.480090
0.573772 0.051573 -0.817390 -0.155400 0.986741 -0.046825 0.804137 0.153889 0.574179 -1452.797474 -16.022162 -79.824892
0.569022 0.053261 -0.820596 -0.157236 0.986535 -0.045000 0.807150 0.154633 0.569735 -1453.665308 -16.089956 -79.228267
0.565835 0.054470 -0.822718 -0.158226 0.986444 -0.043513 0.809194 0.154797 0.566782 -1454.536045 -16.157878 -78.640597
0.561423 0.057054 -0.825560 -0.158039 0.986651 -0.039287 0.812298 0.152527 0.562945 -1455.453868 -16.226708 -78.028869
0.555388 0.059105 -0.829488 -0.157235 0.986942 -0.034953 0.816591 0.149837 0.557429 -1456.343023 -16.287995 -77.438635
0.550688 0.061024 -0.832477 -0.156247 0.987232 -0.030991 0.819957 0.147138 0.553192 -1457.347903 -16.351445 -76.796844
0.548512 0.063096 -0.833759 -0.156441 0.987285 -0.028205 0.821377 0.145905 0.551408 -1458.442060 -16.414718 -76.092167
0.547640 0.065543 -0.834143 -0.156835 0.987298 -0.025390 0.821884 0.144727 0.550963 -1459.544383 -16.481679 -75.377278
0.545781 0.069013 -0.835081 -0.156550 0.987453 -0.020711 0.823174 0.142036 0.549737 -1460.609925 -16.533616 -74.686796
0.542357 0.071884 -0.837067 -0.156721 0.987501 -0.016740 0.825401 0.140265 0.546844 -1461.630748 -16.580785 -74.022718
0.538323 0.073798 -0.839501 -0.156483 0.987588 -0.013527 0.828083 0.138649 0.543190 -1462.634492 -16.620008 -73.373436
0.537200 0.076447 -0.839983 -0.156614 0.987606 -0.010278 0.828787 0.137075 0.542515 -1463.673764 -16.663319 -72.710361
0.535442 0.079170 -0.840853 -0.156215 0.987702 -0.006479 0.829999 0.134823 0.541225 -1464.711047 -16.700069 -72.063706
0.534367 0.080230 -0.841437 -0.154132 0.988043 -0.003675 0.831081 0.131656 0.540343 -1465.869520 -16.741278 -71.325759
0.530905 0.079238 -0.843719 -0.153652 0.988117 -0.003885 0.833385 0.131702 0.536772 -1466.799223 -16.771669 -70.745283
0.529006 0.078155 -0.845012 -0.153983 0.988061 -0.005013 0.834531 0.132769 0.534725 -1467.745984 -16.792729 -70.159328
0.529687 0.077559 -0.844639 -0.154367 0.987995 -0.006083 0.834028 0.133607 0.535301 -1468.674311 -16.825069 -69.584821
0.526865 0.076951 -0.846459 -0.154894 0.987909 -0.006601 0.835716 0.134589 0.532414 -1469.608109 -16.853797 -69.014462
0.524219 0.076926 -0.848102 -0.153485 0.988137 -0.005242 0.837638 0.132919 0.529807 -1470.593590 -16.881352 -68.413867
0.520881 0.077498 -0.850104 -0.154328 0.988009 -0.004491 0.839563 0.133534 0.526596 -1471.646801 -16.917611 -67.772749
0.517519 0.076736 -0.852224 -0.154682 0.987952 -0.004974 0.841575 0.134398 0.523153 -1472.653895 -16.951324 -67.176118
0.515163 0.075952 -0.853721 -0.154953 0.987906 -0.005614 0.842969 0.135179 0.520701 -1473.683146 -16.980764 -66.575747
0.512730 0.074979 -0.855269 -0.155918 0.987746 -0.006879 0.844273 0.136879 0.518138 -1474.688506 -17.008120 -65.978794
0.509442 0.075220 -0.857211 -0.157545 0.987487 -0.006978 0.845960 0.138604 0.514918 -1475.603174 -17.032779 -65.440256
0.505887 0.076191 -0.859228 -0.157903 0.987440 -0.005408 0.848024 0.138411 0.511564 -1476.537276 -17.059534 -64.904866
0.502742 0.077717 -0.860936 -0.157434 0.987526 -0.002789 0.849979 0.136943 0.508706 -1477.406745 -17.084146 -64.398913
0.500479 0.079206 -0.862118 -0.157335 0.987545 -0.000606 0.851332 0.135945 0.506708 -1478.272516 -17.108327 -63.904381
0.498159 0.079510 -0.863433 -0.157692 0.987488 -0.000047 0.852626 0.136180 0.504464 -1479.173676 -17.129662 -63.384917
0.496805 0.077867 -0.864362 -0.157988 0.987439 -0.001852 0.853361 0.137479 0.502867 -1480.004544 -17.137626 -62.902142
0.496928 0.075108 -0.864535 -0.157082 0.987575 -0.004492 0.853457 0.138035 0.502552 -1480.800696 -17.154496 -62.439205
0.498557 0.073385 -0.863745 -0.156965 0.987581 -0.006695 0.852527 0.138916 0.503884 -1481.620209 -17.171275 -61.963635
0.500137 0.072527 -0.862904 -0.156659 0.987622 -0.007790 0.851658 0.139077 0.505308 -1482.496002 -17.190555 -61.458692
0.501899 0.071678 -0.861951 -0.156137 0.987696 -0.008782 0.850716 0.138990 0.506915 -1483.281994 -17.211503 -60.994936
0.504217 0.070322 -0.860709 -0.155069 0.987852 -0.010132 0.849540 0.138578 0.508996 -1484.153409 -17.234486 -60.479412
0.504429 0.068527 -0.860729 -0.153090 0.988151 -0.011046 0.849773 0.137341 0.508943 -1485.090462 -17.258996 -59.922399
0.503930 0.067535 -0.861100 -0.151604 0.988378 -0.011204 0.850336 0.136192 0.508311 -1486.008615 -17.288077 -59.382375
0.501137 0.066802 -0.862786 -0.151298 0.988423 -0.011350 0.852039 0.136225 0.505443 -1486.923129 -17.310410 -58.848724
0.496768 0.064159 -0.865509 -0.150363 0.988545 -0.013023 0.854759 0.136610 0.500724 -1487.815392 -17.335914 -58.338368
0.492452 0.061018 -0.868198 -0.150723 0.988446 -0.016022 0.857190 0.138747 0.495959 -1488.537920 -17.356676 -57.929253
0.487699 0.057532 -0.871114 -0.151477 0.988268 -0.019536 0.859770 0.141481 0.490692 -1489.360051 -17.386394 -57.471073
0.481764 0.054984 -0.874574 -0.151066 0.988299 -0.021081 0.863181 0.142274 0.484433 -1490.123425 -17.407044 -57.063583
0.476178 0.053341 -0.877730 -0.151133 0.988270 -0.021933 0.866264 0.143098 0.478654 -1490.864724 -17.440044 -56.669656
0.473291 0.053317 -0.879291 -0.152376 0.988075 -0.022106 0.867627 0.144446 0.475772 -1491.722499 -17.482743 -56.225837
0.469487 0.052933 -0.881351 -0.154496 0.987726 -0.022977 0.869317 0.146952 0.471903 -1492.567315 -17.519073 -55.783033
0.467235 0.052404 -0.882579 -0.154878 0.987658 -0.023349 0.870462 0.147601 0.469584 -1493.382182 -17.550208 -55.359526
0.466691 0.053141 -0.882823 -0.156096 0.987472 -0.023078 0.870536 0.148575 0.469139 -1494.298815 -17.583743 -54.881874
0.467043 0.052636 -0.882667 -0.156704 0.987353 -0.024037 0.870239 0.149544 0.469384 -1495.158809 -17.620420 -54.431218
0.467383 0.052840 -0.882475 -0.158718 0.987008 -0.024963 0.869691 0.151731 0.469697 -1496.100189 -17.662324 -53.936738
0.467056 0.051561 -0.882723 -0.159711 0.986798 -0.026864 0.869685 0.153528 0.469125 -1496.959923 -17.706600 -53.480998
0.469258 0.050960 -0.881590 -0.161230 0.986497 -0.028796 0.868218 0.155652 0.471137 -1497.840236 -17.745794 -53.012486
0.469856 0.049771 -0.881339 -0.161602 0.986386 -0.030449 0.867825 0.156733 0.471503 -1498.717052 -17.782391 -52.532551
0.469760 0.050751 -0.881334 -0.162921 0.986181 -0.030050 0.867630 0.157704 0.471537 -1499.663672 -17.824171 -52.023810
0.469549 0.050560 -0.881458 -0.162888 0.986182 -0.030203 0.867751 0.157760 0.471296 -1500.574052 -17.870837 -51.531581
0.470344 0.050350 -0.881046 -0.162934 0.986162 -0.030624 0.867311 0.157956 0.472039 -1501.492913 -17.917087 -51.029096
0.469373 0.049214 -0.881627 -0.162217 0.986258 -0.031309 0.867971 0.157710 0.470907 -1502.574499 -17.976548 -50.445583
0.465612 0.049709 -0.883592 -0.163047 0.986149 -0.030439 0.869840 0.158240 0.467268 -1503.639833 -18.038510 -49.886979
0.461467 0.049436 -0.885779 -0.163668 0.986052 -0.030234 0.871930 0.158925 0.463122 -1504.614363 -18.087023 -49.390929
0.458040 0.048937 -0.887584 -0.165349 0.985748 -0.030979 0.873418 0.160951 0.459604 -1505.562960 -18.139186 -48.911634
0.453952 0.050253 -0.889608 -0.167488 0.985424 -0.029801 0.875143 0.162527 0.455752 -1506.576552 -18.194441 -48.404134
0.450406 0.051406 -0.891343 -0.169640 0.985082 -0.028909 0.876560 0.164228 0.452407 -1507.639874 -18.250991 -47.875949
0.447776 0.051787 -0.892645 -0.171094 0.984837 -0.028690 0.877624 0.165573 0.449847 -1508.625510 -18.305780 -47.383741
0.444555 0.051876 -0.894248 -0.173767 0.984351 -0.029281 0.878735 0.168408 0.446613 -1509.682508 -18.367676 -46.863288
0.442960 0.051241 -0.895076 -0.175010 0.984101 -0.030272 0.879294 0.170057 0.444885 -1510.577514 -18.415007 -46.424383
0.441396 0.051920 -0.895809 -0.175418 0.984055 -0.029400 0.879999 0.170118 0.443466 -1511.561433 -18.468160 -45.938677
0.439438 0.051700 -0.896784 -0.175757 0.983995 -0.029396 0.880911 0.170534 0.441491 -1512.628094 -18.528159 -45.415862
0.438721 0.051132 -0.897167 -0.175659 0.983999 -0.029817 0.881287 0.170677 0.440684 -1513.692720 -18.582324 -44.890306
0.438566 0.050436 -0.897283 -0.175055 0.984094 -0.030246 0.881485 0.170339 0.440419 -1514.769149 -18.644738 -44.361733
0.438913 0.050327 -0.897119 -0.174674 0.984162 -0.030249 0.881388 0.169980 0.440752 -1515.869777 -18.708064 -43.827168
0.436723 0.050619 -0.898171 -0.175039 0.984115 -0.029647 0.882403 0.170163 0.438646 -1516.921651 -18.761659 -43.320530
0.435173 0.050097 -0.898952 -0.175505 0.984018 -0.030123 0.883075 0.170879 0.437011 -1517.876559 -18.803630 -42.865361
0.433579 0.049307 -0.899766 -0.175552 0.983992 -0.030673 0.883850 0.171255 0.435294 -1518.849551 -18.850326 -42.403064
0.431824 0.049376 -0.900605 -0.175636 0.983990 -0.030267 0.884692 0.171249 0.433583 -1519.824995 -18.905710 -41.939181
0.427543 0.049016 -0.902665 -0.174865 0.984154 -0.029383 0.886921 0.170407 0.429339 -1520.852929 -18.961977 -41.454688
0.423695 0.048703 -0.904495 -0.175393 0.984066 -0.029173 0.888662 0.171002 0.425486 -1521.843131 -19.012900 -40.997234
0.420984 0.049469 -0.905718 -0.177013 0.983794 -0.028544 0.889629 0.172341 0.422918 -1522.811077 -19.063232 -40.554246
0.416659 0.049835 -0.907696 -0.179027 0.983440 -0.028185 0.891260 0.174245 0.418681 -1523.851618 -19.113884 -40.076756
0.415395 0.050396 -0.908244 -0.180568 0.983163 -0.028032 0.891539 0.175644 0.417501 -1524.875013 -19.164641 -39.614556
0.411604 0.050136 -0.909983 -0.181829 0.982929 -0.028090 0.893040 0.177023 0.413693 -1525.925765 -19.214079 -39.134183
0.405917 0.049194 -0.912585 -0.181995 0.982902 -0.027967 0.895605 0.177438 0.407930 -1526.875222 -19.258911 -38.718991
0.400855 0.047674 -0.914900 -0.184315 0.982423 -0.029564 0.897409 0.180480 0.402596 -1527.800025 -19.301475 -38.324536
0.396916 0.046492 -0.916677 -0.185017 0.982268 -0.030292 0.899014 0.181624 0.398480 -1528.820009 -19.353111 -37.887863
0.395319 0.045613 -0.917411 -0.186430 0.981963 -0.031512 0.899426 0.183490 0.396692 -1529.766769 -19.401632 -37.490349
0.393203 0.042220 -0.918482 -0.185713 0.982003 -0.034364 0.900501 0.184086 0.393967 -1530.709667 -19.456580 -37.086518
0.392170 0.040186 -0.919015 -0.186194 0.981834 -0.036521 0.900852 0.185438 0.392528 -1531.680327 -19.508755 -36.677060
0.390424 0.038156 -0.919844 -0.185897 0.981827 -0.038176 0.901671 0.185901 0.390422 -1532.723341 -19.572354 -36.233653
0.385824 0.034832 -0.921915 -0.184857 0.981940 -0.040264 0.903863 0.185957 0.385295 -1533.715240 -19.632664 -35.831207
0.380756 0.033611 -0.924064 -0.185969 0.981703 -0.040920 0.905782 0.187428 0.380040 -1534.766270 -19.697286 -35.416188
0.376618 0.030918 -0.925852 -0.184931 0.981835 -0.042439 0.907722 0.187202 0.375495 -1535.785985 -19.756191 -35.001936
0.370807 0.031358 -0.928180 -0.184575 0.981981 -0.040562 0.910184 0.186359 0.369913 -1536.867448 -19.817990 -34.578615
0.362699 0.033412 -0.931307 -0.185201 0.982008 -0.036896 0.913318 0.185862 0.362361 -1537.874761 -19.876701 -34.190578
0.354571 0.035937 -0.934338 -0.184386 0.982327 -0.032189 0.916669 0.183692 0.354931 -1538.931274 -19.926700 -33.789247
0.351932 0.036274 -0.935322 -0.183978 0.982437 -0.031123 0.917767 0.183032 0.352425 -1540.003401 -19.973142 -33.387412
0.350719 0.035648 -0.935802 -0.184487 0.982323 -0.031722 0.918129 0.183769 0.351096 -1541.132922 -20.031013 -32.973222
0.346375 0.036446 -0.937388 -0.186204 0.982034 -0.030623 0.919431 0.185153 0.346938 -1542.097012 -20.079283 -32.622720
0.340108 0.038829 -0.939584 -0.186999 0.981986 -0.027108 0.921606 0.184921 0.341242 -1543.112088 -20.123575 -32.260179
0.335170 0.040401 -0.941291 -0.187323 0.981992 -0.024553 0.923348 0.184555 0.336702 -1544.168203 -20.170147 -31.885922
0.332791 0.041339 -0.942094 -0.186378 0.982215 -0.022738 0.924399 0.183153 0.334577 -1545.154880 -20.209876 -31.541775
0.330783 0.041915 -0.942776 -0.185924 0.982328 -0.021560 0.925211 0.182416 0.332730 -1546.113221 -20.255623 -31.211815
0.330158 0.040553 -0.943054 -0.185236 0.982434 -0.022603 0.925572 0.182151 0.331870 -1547.026703 -20.295978 -30.896970
0.330595 0.036850 -0.943053 -0.185044 0.982373 -0.026482 0.925454 0.183261 0.331587 -1547.983095 -20.328480 -30.574360
0.329758 0.033877 -0.943458 -0.185312 0.982237 -0.029501 0.925699 0.184562 0.330178 -1548.928588 -20.367487 -30.264452
0.328784 0.033460 -0.943812 -0.184650 0.982362 -0.029498 0.926178 0.183973 0.329163 -1549.965077 -20.411730 -29.917913
0.327538 0.035021 -0.944189 -0.185016 0.982344 -0.027745 0.926546 0.183777 0.328234 -1550.914730 -20.457178 -29.601503
0.325985 0.034151 -0.944758 -0.182754 0.982773 -0.027534 0.927542 0.181633 0.326610 -1551.944820 -20.506237 -29.266025
0.324362 0.033328 -0.945346 -0.182640 0.982781 -0.028019 0.928133 0.181746 0.324864 -1552.863755 -20.545339 -28.971457
0.320479 0.032811 -0.946687 -0.182872 0.982742 -0.027847 0.929436 0.182047 0.320949 -1553.810439 -20.595298 -28.662344
0.317725 0.033372 -0.947595 -0.184680 0.982419 -0.027324 0.930024 0.183683 0.318303 -1554.819812 -20.640335 -28.337032
0.314365 0.034003 -0.948693 -0.184942 0.982403 -0.026072 0.931113 0.183650 0.315121 -1555.852510 -20.682868 -28.003082
0.311132 0.035718 -0.949695 -0.185819 0.982292 -0.023933 0.932024 0.183918 0.312259 -1556.928986 -20.734746 -27.653370
0.306716 0.035910 -0.951123 -0.185004 0.982479 -0.022566 0.933648 0.182883 0.307985 -1558.012486 -20.785713 -27.316323
0.297952 0.035692 -0.953913 -0.184783 0.982556 -0.020953 0.936525 0.182510 0.299350 -1559.016541 -20.829400 -27.007655
0.288446 0.034088 -0.956889 -0.184605 0.982596 -0.020644 0.939532 0.182602 0.289718 -1560.101678 -20.871156 -26.692075
0.282846 0.031562 -0.958646 -0.184098 0.982663 -0.021964 0.941332 0.182697 0.283752 -1561.160095 -20.908830 -26.386743
0.277204 0.030826 -0.960316 -0.183600 0.982767 -0.021451 0.943106 0.182260 0.278087 -1562.349004 -20.952979 -26.046214
0.274832 0.031734 -0.960968 -0.183511 0.982814 -0.020027 0.943817 0.181852 0.275932 -1563.556312 -20.997431 -25.706339
0.272776 0.033319 -0.961501 -0.183800 0.982797 -0.018086 0.944357 0.181657 0.274207 -1564.698121 -21.038795 -25.398001
0.270417 0.034587 -0.962122 -0.185358 0.982528 -0.016776 0.944731 0.182873 0.272103 -1565.849994 -21.078664 -25.080436
0.265476 0.035081 -0.963479 -0.186152 0.982398 -0.015523 0.945976 0.183474 0.267334 -1566.895120 -21.121128 -24.795388
0.261813 0.034912 -0.964487 -0.186958 0.982250 -0.015195 0.946837 0.184296 0.263693 -1568.056026 -21.166495 -24.489752
0.259835 0.035847 -0.964987 -0.187606 0.982144 -0.014031 0.947254 0.184683 0.261921 -1569.173216 -21.205739 -24.193734
0.259534 0.036597 -0.965040 -0.189102 0.981863 -0.013621 0.947039 0.186026 0.261747 -1570.246378 -21.237705 -23.908595
0.258357 0.037894 -0.965306 -0.189813 0.981744 -0.012262 0.947218 0.186396 0.260833 -1571.371574 -21.270005 -23.614007
0.256981 0.039039 -0.965628 -0.191531 0.981422 -0.011294 0.947247 0.187850 0.259683 -1572.514635 -21.304743 -23.315664
0.251182 0.040110 -0.967109 -0.192586 0.981236 -0.009324 0.948588 0.188593 0.254193 -1573.666010 -21.334400 -23.020492
0.250384 0.040556 -0.967297 -0.194016 0.980956 -0.009092 0.948507 0.189948 0.253484 -1574.740790 -21.359611 -22.759757
0.249862 0.040374 -0.967439 -0.193821 0.980994 -0.009119 0.948684 0.189789 0.252939 -1575.876346 -21.386118 -22.472876
0.248405 0.041044 -0.967786 -0.195115 0.980744 -0.008487 0.948802 0.190938 0.251630 -1577.029331 -21.411150 -22.175166
0.246462 0.043558 -0.968173 -0.196586 0.980469 -0.005932 0.949005 0.191791 0.250212 -1578.059618 -21.437116 -21.915725
0.242245 0.046431 -0.969103 -0.197051 0.980391 -0.002285 0.949994 0.191516 0.246644 -1579.203689 -21.467003 -21.635098
0.239018 0.046950 -0.969879 -0.198345 0.980131 -0.001434 0.950542 0.192714 0.243581 -1580.358211 -21.485300 -21.355920
0.235860 0.046587 -0.970670 -0.199871 0.979821 -0.001540 0.951011 0.194372 0.240412 -1581.497702 -21.507410 -21.085573
0.232425 0.045241 -0.971561 -0.200127 0.979767 -0.002253 0.951802 0.194959 0.236777 -1582.579008 -21.527960 -20.836398
0.232763 0.043653 -0.971553 -0.200591 0.979667 -0.004039 0.951622 0.195825 0.236787 -1583.740948 -21.550953 -20.565701
0.231816 0.043148 -0.971802 -0.200374 0.979710 -0.004299 0.951899 0.195720 0.235758 -1584.886701 -21.565421 -20.296074
0.229366 0.042529 -0.972411 -0.200161 0.979753 -0.004363 0.952537 0.195639 0.233234 -1585.974305 -21.586183 -20.049426
0.227510 0.042088 -0.972866 -0.199018 0.979987 -0.004146 0.953221 0.194561 0.231333 -1587.075720 -21.611849 -19.799328
0.223526 0.042858 -0.973755 -0.199286 0.979938 -0.002616 0.954108 0.194641 0.227583 -1588.086030 -21.637786 -19.576464
0.220652 0.044177 -0.974352 -0.198685 0.980063 -0.000559 0.954901 0.193713 0.225030 -1589.065764 -21.656861 -19.362482
0.217806 0.045260 -0.974942 -0.198631 0.980074 0.001124 0.955566 0.193409 0.222456 -1590.127788 -21.674385 -19.133345
0.216246 0.045556 -0.975275 -0.198480 0.980103 0.001773 0.955951 0.193189 0.220986 -1591.136263 -21.694325 -18.914264
0.213727 0.045527 -0.975832 -0.198072 0.980185 0.002348 0.956602 0.192783 0.218510 -1592.076046 -21.710974 -18.715723
0.209827 0.045278 -0.976689 -0.198218 0.980154 0.002855 0.957435 0.192998 0.214638 -1592.969235 -21.732722 -18.531625
0.206139 0.045473 -0.977466 -0.198076 0.980179 0.003827 0.958265 0.192823 0.211060 -1593.988891 -21.745082 -18.321971
0.200502 0.045761 -0.978624 -0.196852 0.980418 0.005513 0.959713 0.191539 0.205583 -1594.930670 -21.752500 -18.128747
0.195101 0.046440 -0.979683 -0.196472 0.980482 0.007351 0.960903 0.191046 0.200417 -1595.914709 -21.766778 -17.936937
0.192467 0.047155 -0.980170 -0.196151 0.980536 0.008656 0.961500 0.190595 0.197970 -1596.966888 -21.774772 -17.735417
0.190999 0.047615 -0.980435 -0.197406 0.980279 0.009151 0.961535 0.191796 0.196632 -1597.954637 -21.778602 -17.549181
0.190564 0.048685 -0.980467 -0.198570 0.980035 0.010069 0.961382 0.192772 0.196427 -1598.946374 -21.783898 -17.350562
0.189832 0.048492 -0.980618 -0.197583 0.980233 0.010224 0.961730 0.191813 0.195661 -1599.876049 -21.796676 -17.161567
0.189055 0.046928 -0.980844 -0.196965 0.980370 0.008941 0.962010 0.191502 0.194587 -1600.843840 -21.802642 -16.967615
0.188734 0.046650 -0.980920 -0.196129 0.980538 0.008896 0.962244 0.190708 0.194210 -1601.825376 -21.817241 -16.773298
0.188247 0.046925 -0.981000 -0.196448 0.980471 0.009202 0.962274 0.190984 0.193789 -1602.724545 -21.820654 -16.591846
0.187723 0.046734 -0.981110 -0.197073 0.980348 0.008991 0.962249 0.191662 0.193243 -1603.599341 -21.825402 -16.416341
0.184356 0.046207 -0.981773 -0.196371 0.980486 0.009272 0.963043 0.191083 0.189832 -1604.365063 -21.830119 -16.268038
0.178398 0.045555 -0.982903 -0.195339 0.980685 0.009998 0.964374 0.190215 0.183851 -1605.231128 -21.838589 -16.104434
0.170780 0.043793 -0.984335 -0.194660 0.980821 0.009864 0.965889 0.189926 0.176030 -1606.069516 -21.848001 -15.956288
0.162704 0.041493 -0.985802 -0.195859 0.980591 0.008948 0.967040 0.191622 0.167673 -1606.938285 -21.853891 -15.809703
0.146790 0.040273 -0.988347 -0.197732 0.980199 0.010574 0.969203 0.193876 0.151847 -1607.621122 -21.860810 -15.708452
0.121775 0.039099 -0.991787 -0.198585 0.979980 0.014251 0.972489 0.195219 0.127102 -1608.222339 -21.866139 -15.645902
0.096291 0.039033 -0.994588 -0.199634 0.979684 0.019120 0.975128 0.196712 0.102127 -1608.920759 -21.869320 -15.581151
0.066691 0.039795 -0.996980 -0.200365 0.979384 0.025690 0.977449 0.198047 0.073290 -1609.689650 -21.866911 -15.531185
0.036137 0.040832 -0.998512 -0.200083 0.979230 0.032803 0.979112 0.198600 0.043557 -1610.515881 -21.858827 -15.499209
0.007966 0.039634 -0.999183 -0.200332 0.979020 0.037237 0.979696 0.199872 0.015739 -1611.240061 -21.852089 -15.495649
-0.022245 0.039660 -0.998966 -0.199639 0.978912 0.043309 0.979617 0.200396 -0.013858 -1612.089331 -21.842473 -15.517769
-0.056823 0.038186 -0.997654 -0.198699 0.978846 0.048783 0.978412 0.201005 -0.048034 -1612.838065 -21.819148 -15.576065
-0.092046 0.037455 -0.995050 -0.198244 0.978599 0.055174 0.975821 0.202341 -0.082651 -1613.575296 -21.793664 -15.656402
-0.123113 0.037835 -0.991671 -0.196076 0.978647 0.061680 0.972830 0.202036 -0.113065 -1614.424812 -21.756408 -15.755193
-0.150907 0.040796 -0.987706 -0.194033 0.978490 0.070061 0.969318 0.202220 -0.139745 -1615.321449 -21.715346 -15.883003
-0.174568 0.041526 -0.983769 -0.192280 0.978438 0.075421 0.965689 0.202325 -0.162819 -1616.318549 -21.656535 -16.046965
-0.203611 0.043218 -0.978098 -0.191036 0.978069 0.082985 0.960233 0.203748 -0.190889 -1617.205378 -21.603139 -16.234749
-0.231837 0.045142 -0.971707 -0.187728 0.978068 0.090227 0.954468 0.203335 -0.218278 -1617.957103 -21.549016 -16.404395
-0.257569 0.047612 -0.965086 -0.185687 0.977730 0.097793 0.948250 0.204392 -0.242992 -1618.734222 -21.479776 -16.607711
-0.277883 0.048858 -0.959372 -0.184415 0.977416 0.103193 0.942747 0.205598 -0.262597 -1619.628133 -21.400803 -16.855927
-0.299031 0.049718 -0.952947 -0.181566 0.977433 0.107970 0.936811 0.205310 -0.283256 -1620.399405 -21.327965 -17.089364
-0.316622 0.051052 -0.947177 -0.178584 0.977486 0.112383 0.931589 0.204733 -0.300377 -1621.076894 -21.266339 -17.315411
-0.331316 0.051017 -0.942140 -0.177134 0.977419 0.115218 0.926743 0.205058 -0.314798 -1621.874574 -21.182031 -17.587933
-0.341860 0.050169 -0.938411 -0.177318 0.977194 0.116839 0.922871 0.206339 -0.325167 -1622.716523 -21.090135 -17.893040
-0.347961 0.048905 -0.936233 -0.177211 0.977205 0.116907 0.920608 0.206590 -0.331363 -1623.551045 -21.002971 -18.198932
-0.352927 0.048254 -0.934406 -0.177313 0.977123 0.117431 0.918696 0.207127 -0.336297 -1624.250590 -20.923200 -18.458203
-0.355361 0.048554 -0.933467 -0.177981 0.976865 0.118566 0.917628 0.208273 -0.338498 -1624.952804 -20.843154 -18.723723
-0.356231 0.049308 -0.933096 -0.179307 0.976441 0.120053 0.917032 0.210078 -0.338997 -1625.648720 -20.755126 -18.994858
-0.355343 0.048214 -0.933492 -0.182553 0.975859 0.119892 0.916737 0.213014 -0.337963 -1626.435798 -20.666779 -19.289987
-0.350045 0.046776 -0.935564 -0.185528 0.975505 0.118189 0.918176 0.214945 -0.332792 -1627.240287 -20.575715 -19.598692
-0.338466 0.044027 -0.939948 -0.188708 0.975436 0.113641 0.921862 0.215840 -0.321843 -1627.974268 -20.498665 -19.864134
-0.320544 0.041514 -0.946323 -0.192275 0.975389 0.107917 0.927514 0.216546 -0.304673 -1628.688907 -20.431482 -20.100508
-0.298190 0.039830 -0.953675 -0.195254 0.975456 0.101791 0.934323 0.216562 -0.283094 -1629.477113 -20.368286 -20.334617
-0.274949 0.038970 -0.960669 -0.196338 0.975847 0.095779 0.941198 0.214950 -0.260657 -1630.250015 -20.313415 -20.534083
-0.248956 0.037743 -0.967779 -0.198296 0.976086 0.089077 0.947998 0.214084 -0.235518 -1631.032251 -20.261769 -20.729313
-0.217806 0.036582 -0.975306 -0.201481 0.976087 0.081606 0.954969 0.214280 -0.205227 -1631.788210 -20.210102 -20.884997
-0.183287 0.036085 -0.982397 -0.203726 0.976237 0.073868 0.961718 0.213679 -0.171580 -1632.615580 -20.167939 -21.018802
-0.143377 0.035745 -0.989022 -0.206262 0.976323 0.065188 0.967935 0.213345 -0.132610 -1633.402844 -20.126266 -21.125419
-0.106845 0.037390 -0.993572 -0.207774 0.976391 0.059087 0.972324 0.212751 -0.096554 -1634.119290 -20.100186 -21.187127
-0.071750 0.038838 -0.996666 -0.207948 0.976701 0.053030 0.975505 0.211059 -0.062002 -1634.830183 -20.079331 -21.216612
-0.033931 0.039080 -0.998660 -0.207805 0.977121 0.045298 0.977582 0.209064 -0.025034 -1635.520903 -20.070082 -21.214392
0.008216 0.037695 -0.999256 -0.208206 0.977453 0.035160 0.978050 0.207762 0.015879 -1636.222013 -20.063521 -21.193533
0.050795 0.038284 -0.997975 -0.208010 0.977756 0.026921 0.976807 0.206221 0.057628 -1637.010262 -20.054297 -21.151645
0.098267 0.037540 -0.994452 -0.206197 0.978370 0.016558 0.973564 0.203426 0.103882 -1637.735328 -20.054369 -21.065174
0.145501 0.037872 -0.988633 -0.203002 0.979149 0.007632 0.968308 0.199584 0.150155 -1638.568164 -20.057984 -20.932909
0.189378 0.038236 -0.981160 -0.201687 0.979450 -0.000759 0.960967 0.198031 0.193198 -1639.498691 -20.067926 -20.740588
0.228237 0.036765 -0.972911 -0.199376 0.979875 -0.009744 0.952973 0.196199 0.230974 -1640.386422 -20.086141 -20.518219
0.268749 0.036141 -0.962532 -0.198462 0.979932 -0.018618 0.942543 0.196029 0.270528 -1641.144787 -20.106076 -20.313582
0.309642 0.034876 -0.950214 -0.196344 0.980135 -0.028008 0.930361 0.195241 0.310338 -1641.916250 -20.146620 -20.053861
0.352452 0.032480 -0.935266 -0.193631 0.980302 -0.038926 0.915579 0.194816 0.351798 -1642.602449 -20.187263 -19.790908
0.396975 0.029491 -0.917355 -0.188195 0.980863 -0.049906 0.898328 0.192453 0.394928 -1643.289902 -20.244289 -19.470092
0.437970 0.027548 -0.898568 -0.185286 0.980837 -0.060240 0.879688 0.192875 0.434681 -1643.915889 -20.305540 -19.151753
0.480090 0.026207 -0.876828 -0.182140 0.980748 -0.070414 0.858102 0.193510 0.475621 -1644.538078 -20.372874 -18.795800
0.519435 0.024301 -0.854165 -0.177005 0.980975 -0.079732 0.835977 0.192607 0.513854 -1645.060617 -20.436369 -18.452579
0.552444 0.024259 -0.833197 -0.172283 0.981316 -0.085659 0.815552 0.190868 0.546301 -1645.620147 -20.517480 -18.059946
0.587888 0.024838 -0.808561 -0.166741 0.981786 -0.091075 0.791572 0.188362 0.581321 -1646.235296 -20.606571 -17.607994
0.620782 0.024743 -0.783593 -0.160031 0.982456 -0.095758 0.767476 0.184844 0.613851 -1646.848296 -20.698529 -17.115576
0.655685 0.024955 -0.754622 -0.153386 0.983015 -0.100768 0.739290 0.181820 0.648376 -1647.404215 -20.789188 -16.622675
0.688895 0.025535 -0.724411 -0.146425 0.983679 -0.104573 0.709918 0.178111 0.681391 -1647.968007 -20.888786 -16.057593
0.719557 0.026912 -0.693912 -0.141152 0.984057 -0.108204 0.679937 0.175806 0.711884 -1648.460475 -20.986443 -15.527024
0.747209 0.028204 -0.663990 -0.135124 0.984678 -0.110234 0.650707 0.172088 0.739571 -1648.897773 -21.082545 -15.006414
0.773661 0.028945 -0.632939 -0.129115 0.985197 -0.112768 0.620305 0.168966 0.765945 -1649.307492 -21.175064 -14.476955
0.798817 0.030264 -0.600813 -0.124309 0.985482 -0.115636 0.588591 0.167058 0.790982 -1649.684479 -21.266620 -13.943901
0.822264 0.029466 -0.568343 -0.117234 0.986010 -0.118491 0.556901 0.164060 0.814215 -1650.028762 -21.355812 -13.416091
0.844737 0.029261 -0.534381 -0.109946 0.986695 -0.119772 0.523766 0.159929 0.836715 -1650.325574 -21.445391 -12.910113
0.864713 0.029154 -0.501420 -0.103552 0.987215 -0.121179 0.491476 0.156708 0.856676 -1650.604593 -21.531078 -12.386674
0.884325 0.027401 -0.466066 -0.095651 0.987734 -0.123421 0.456968 0.153724 0.876099 -1650.880145 -21.627850 -11.807477
0.903469 0.027595 -0.427765 -0.089090 0.988223 -0.124413 0.419294 0.150513 0.895287 -1651.067462 -21.708896 -11.326533
0.923011 0.027321 -0.383803 -0.081631 0.988674 -0.125935 0.376015 0.147569 0.914787 -1651.209190 -21.773028 -10.889718
0.941615 0.027753 -0.335547 -0.074343 0.989137 -0.126811 0.328383 0.144352 0.933449 -1651.346833 -21.854284 -10.388367
0.958889 0.027295 -0.282467 -0.065654 0.989697 -0.127239 0.276083 0.140553 0.950801 -1651.440792 -21.929621 -9.909328
0.973707 0.024637 -0.226466 -0.054884 0.990222 -0.128251 0.221092 0.137308 0.965539 -1651.514735 -22.004401 -9.418647
0.985581 0.023080 -0.167623 -0.044928 0.990789 -0.127745 0.163131 0.133434 0.977540 -1651.573324 -22.088636 -8.860014
0.994096 0.019524 -0.106734 -0.033221 0.991205 -0.128098 0.103294 0.130887 0.986001 -1651.581924 -22.162404 -8.348128
0.998778 0.017334 -0.046275 -0.023112 0.991583 -0.127390 0.043678 0.128304 0.990773 -1651.564362 -22.226601 -7.896064
0.999773 0.015228 0.014876 -0.013200 0.991679 -0.128060 -0.016702 0.127835 0.991655 -1651.519388 -22.300216 -7.378944
0.997072 0.014123 0.075155 -0.004356 0.991690 -0.128576 -0.076346 0.127872 0.988848 -1651.450631 -22.374244 -6.886860
0.991345 0.013031 0.130633 0.003710 0.991883 -0.127097 -0.131229 0.126482 0.983250 -1651.348016 -22.460155 -6.295340
0.981183 0.009494 0.192845 0.014914 0.992080 -0.124721 -0.192501 0.125250 0.973271 -1651.190701 -22.548040 -5.698234
0.968426 0.007023 0.249203 0.024057 0.992306 -0.121449 -0.248139 0.123610 0.960806 -1651.005163 -22.636087 -5.104878
0.952096 0.003924 0.305774 0.033708 0.992478 -0.117694 -0.303935 0.122363 0.944802 -1650.783155 -22.721073 -4.487632
0.932525 0.001977 0.361101 0.041450 0.992789 -0.112478 -0.358719 0.119856 0.925719 -1650.538450 -22.803741 -3.900754
0.910120 -0.001804 0.414340 0.050525 0.993011 -0.106656 -0.411252 0.118004 0.903851 -1650.241044 -22.886295 -3.306934
0.888374 -0.004924 0.459094 0.057323 0.993308 -0.100269 -0.455528 0.115392 0.882711 -1649.916037 -22.962501 -2.721809
0.866960 -0.008126 0.498311 0.062493 0.993748 -0.092520 -0.494444 0.111352 0.862048 -1649.609592 -23.019858 -2.239560
0.841790 -0.010288 0.539707 0.066459 0.994187 -0.084705 -0.535699 0.107172 0.837581 -1649.265668 -23.070091 -1.766863
0.815770 -0.012131 0.578250 0.070057 0.994491 -0.077969 -0.574118 0.104115 0.812126 -1648.920241 -23.117296 -1.335399
0.787410 -0.012931 0.616294 0.071654 0.994923 -0.070674 -0.612251 0.099810 0.784338 -1648.564671 -23.162947 -0.915234
0.759033 -0.015121 0.650876 0.074083 0.995243 -0.063272 -0.646823 0.096244 0.756543 -1648.211839 -23.199683 -0.538790
0.731533 -0.017850 0.681573 0.075865 0.995580 -0.055353 -0.677572 0.092200 0.729654 -1647.752924 -23.241019 -0.072196
0.704629 -0.023149 0.709199 0.080505 0.995622 -0.047487 -0.704995 0.090555 0.703408 -1647.129257 -23.294889 0.522923
0.678923 -0.028641 0.733651 0.086938 0.995345 -0.041596 -0.729044 0.092022 0.678252 -1646.513276 -23.339157 1.074364
0.659054 -0.029230 0.751527 0.088453 0.995322 -0.038857 -0.746876 0.092084 0.658557 -1645.877904 -23.385377 1.622600
0.638811 -0.029423 0.768801 0.090664 0.995185 -0.037248 -0.764003 0.093497 0.638403 -1645.264325 -23.424119 2.114854
0.620128 -0.030291 0.783915 0.095403 0.994750 -0.037032 -0.778678 0.097752 0.619762 -1644.640969 -23.450465 2.583835
0.604545 -0.030015 0.796005 0.097845 0.994521 -0.036810 -0.790539 0.100138 0.604169 -1643.983559 -23.481588 3.059701
0.591026 -0.032003 0.806018 0.101044 0.994280 -0.034614 -0.800299 0.101901 0.590878 -1643.353005 -23.516681 3.519532
0.579897 -0.034469 0.813960 0.102084 0.994304 -0.030623 -0.808269 0.100851 0.580113 -1642.662534 -23.549365 4.003768
0.572217 -0.037192 0.819259 0.102500 0.994381 -0.026450 -0.813672 0.099109 0.572814 -1641.943565 -23.592715 4.514232
0.564320 -0.039055 0.824632 0.102926 0.994415 -0.023339 -0.819115 0.098046 0.565189 -1641.134949 -23.632123 5.069950
0.555383 -0.039748 0.830644 0.103621 0.994380 -0.021700 -0.825113 0.098124 0.556381 -1640.470270 -23.659817 5.510590
0.549127 -0.038148 0.834868 0.105698 0.994106 -0.024097 -0.829028 0.101476 0.549923 -1639.717485 -23.676922 5.996328
0.540420 -0.033234 0.840739 0.107223 0.993793 -0.029637 -0.834536 0.106163 0.540629 -1638.996054 -23.694672 6.449930
0.533351 -0.029064 0.845395 0.108973 0.993443 -0.034596 -0.838845 0.110577 0.533021 -1638.344646 -23.722783 6.849448
0.530537 -0.028157 0.847194 0.109921 0.993295 -0.035823 -0.840505 0.112129 0.530074 -1637.626859 -23.748026 7.288823
0.526593 -0.028550 0.849638 0.109051 0.993447 -0.034206 -0.843094 0.110667 0.526256 -1636.936604 -23.773197 7.714280
0.523944 -0.028570 0.851273 0.106626 0.993775 -0.032274 -0.845052 0.107678 0.523729 -1636.176805 -23.798581 8.186627
0.523088 -0.028588 0.851799 0.103917 0.994120 -0.030450 -0.845919 0.104445 0.522983 -1635.317802 -23.831759 8.712606
0.521882 -0.029536 0.852506 0.102702 0.994306 -0.028423 -0.846813 0.102387 0.521944 -1634.396941 -23.865417 9.271690
0.521638 -0.031742 0.852576 0.102345 0.994420 -0.025596 -0.847006 0.100609 0.521976 -1633.537788 -23.897954 9.786488
0.521928 -0.033780 0.852321 0.102691 0.994436 -0.023472 -0.846786 0.099776 0.522493 -1632.617694 -23.932295 10.347304
0.521253 -0.034614 0.852700 0.100453 0.994720 -0.021028 -0.847469 0.096617 0.521978 -1631.686687 -23.963418 10.912330
0.521157 -0.036684 0.852672 0.100825 0.994726 -0.018830 -0.847484 0.095784 0.522107 -1630.787405 -23.997374 11.457313
0.522552 -0.036423 0.851829 0.101259 0.994667 -0.019587 -0.846573 0.096490 0.523454 -1629.907657 -24.028307 11.996431
0.523810 -0.036874 0.851037 0.101082 0.994694 -0.019117 -0.845816 0.096039 0.524758 -1629.040440 -24.047229 12.540697
0.525348 -0.038601 0.850011 0.102601 0.994555 -0.018247 -0.844679 0.096798 0.526448 -1628.191743 -24.065643 13.054692
0.526007 -0.043508 0.849366 0.104542 0.994425 -0.013804 -0.844030 0.096055 0.527623 -1627.245060 -24.093424 13.641938
0.526294 -0.049500 0.848861 0.105955 0.994341 -0.007709 -0.843676 0.093998 0.528560 -1626.286694 -24.123005 14.232943
0.525509 -0.053692 0.849092 0.105180 0.994451 -0.002212 -0.844262 0.090470 0.528240 -1625.381317 -24.144357 14.799660
0.525503 -0.055048 0.849009 0.105813 0.994385 -0.001020 -0.844186 0.090372 0.528377 -1624.596667 -24.156756 15.285742
0.525907 -0.056039 0.848694 0.107411 0.994214 -0.000911 -0.843732 0.091638 0.528884 -1623.788611 -24.164801 15.778802
0.526718 -0.058663 0.848014 0.108941 0.994048 0.001100 -0.843031 0.091804 0.529973 -1623.018821 -24.174970 16.253547
0.527604 -0.061409 0.847268 0.109167 0.994015 0.004066 -0.842447 0.090348 0.531150 -1622.242252 -24.180548 16.745553
0.529082 -0.063073 0.846224 0.107418 0.994190 0.006940 -0.841745 0.087228 0.532783 -1621.441121 -24.190094 17.257795
0.530959 -0.064961 0.844904 0.107766 0.994138 0.008712 -0.840517 0.086426 0.534847 -1620.691340 -24.195517 17.732507
0.533927 -0.064072 0.843100 0.107907 0.994135 0.007214 -0.838617 0.087124 0.537709 -1619.938530 -24.191647 18.213409
0.537205 -0.065659 0.840892 0.109405 0.993967 0.007718 -0.836326 0.087852 0.541147 -1619.140778 -24.181371 18.723034
0.541155 -0.072029 0.837832 0.111167 0.993708 0.013626 -0.833542 0.085765 0.545758 -1618.280170 -24.181356 19.284828
0.544301 -0.081588 0.834913 0.113287 0.993291 0.023211 -0.831205 0.081951 0.549892 -1617.253418 -24.156074 19.963515
0.545575 -0.092004 0.832997 0.118284 0.992459 0.032145 -0.829673 0.080993 0.552343 -1616.253973 -24.127183 20.617468
0.548490 -0.099338 0.830236 0.123017 0.991700 0.037387 -0.827059 0.081627 0.556157 -1615.356030 -24.101641 21.203099
0.551251 -0.100224 0.828298 0.124469 0.991528 0.037137 -0.825003 0.082625 0.559055 -1614.439551 -24.078122 21.813170
0.554457 -0.097151 0.826522 0.127124 0.991394 0.031252 -0.822446 0.087743 0.562036 -1613.587768 -24.054836 22.381415
0.559607 -0.090435 0.823809 0.127122 0.991632 0.022505 -0.818951 0.092130 0.566420 -1612.749254 -24.038755 22.956917
0.563076 -0.084268 0.822098 0.124147 0.992124 0.016664 -0.817027 0.092678 0.569103 -1611.943456 -24.027941 23.523854
0.564427 -0.082824 0.821318 0.122955 0.992290 0.015569 -0.816275 0.092198 0.570259 -1611.096317 -24.018802 24.114121
0.565082 -0.084501 0.820696 0.121323 0.992438 0.018648 -0.816065 0.089031 0.571061 -1610.184530 -24.010655 24.747650
0.566539 -0.090254 0.819077 0.121883 0.992229 0.025030 -0.814971 0.085651 0.573137 -1609.259798 -23.992145 25.389345
0.566729 -0.094123 0.818511 0.121829 0.992106 0.029732 -0.814847 0.082869 0.573722 -1608.363228 -23.973468 26.010913
0.568527 -0.096021 0.817041 0.124055 0.991814 0.030239 -0.813257 0.084166 0.575786 -1607.496417 -23.958188 26.613095
0.570871 -0.096669 0.815329 0.124622 0.991741 0.030328 -0.811527 0.084295 0.578203 -1606.620059 -23.934061 27.228488
0.572472 -0.099004 0.813925 0.125135 0.991604 0.032603 -0.810319 0.083186 0.580055 -1605.743753 -23.906087 27.848645
0.574252 -0.101226 0.812397 0.126695 0.991360 0.033970 -0.808816 0.083419 0.582115 -1604.891975 -23.879847 28.445171
0.576209 -0.102700 0.810824 0.127904 0.991181 0.034650 -0.807232 0.083742 0.584264 -1604.026071 -23.852440 29.055239
0.578286 -0.105642 0.808966 0.129196 0.990927 0.037048 -0.805539 0.083091 0.586687 -1603.208086 -23.822976 29.655910
0.579233 -0.108032 0.807972 0.129181 0.990819 0.039871 -0.804861 0.081280 0.587871 -1602.341395 -23.794543 30.291955
0.579978 -0.108323 0.807398 0.130466 0.990678 0.039195 -0.804117 0.082605 0.588704 -1601.530954 -23.762108 30.893661
0.579285 -0.103617 0.808513 0.130124 0.990923 0.033763 -0.804672 0.085648 0.587509 -1600.698004 -23.737933 31.496359
0.577987 -0.103576 0.809446 0.131778 0.990740 0.032677 -0.805335 0.087780 0.586285 -1599.727140 -23.707516 32.193806
0.576682 -0.105116 0.810178 0.133041 0.990533 0.033818 -0.806063 0.088285 0.585207 -1598.742988 -23.684022 32.899514
0.576967 -0.108720 0.809499 0.134149 0.990256 0.037383 -0.805675 0.087025 0.585930 -1597.692747 -23.658978 33.653140
0.577927 -0.113652 0.808136 0.136019 0.989818 0.041931 -0.804673 0.085689 0.587501 -1596.769747 -23.632586 34.314921
0.578989 -0.114214 0.807296 0.136591 0.989734 0.042062 -0.803813 0.085916 0.588646 -1595.861916 -23.602118 34.977297
0.580432 -0.115255 0.806111 0.137837 0.989554 0.042235 -0.802558 0.086597 0.590255 -1594.938672 -23.577121 35.653629
0.581230 -0.118763 0.805026 0.138654 0.989280 0.045837 -0.801839 0.084978 0.591466 -1593.912999 -23.546959 36.402620
0.583117 -0.122997 0.803023 0.140242 0.988873 0.049627 -0.800191 0.083679 0.593878 -1592.867065 -23.505941 37.154599
0.585890 -0.124798 0.800723 0.141060 0.988693 0.050881 -0.798019 0.083139 0.596869 -1591.918060 -23.467405 37.869866
0.586412 -0.125894 0.800170 0.142628 0.988462 0.050992 -0.797357 0.084224 0.597602 -1591.013824 -23.434825 38.544532
0.587382 -0.129396 0.798898 0.147641 0.987703 0.051424 -0.795729 0.087744 0.599264 -1590.115600 -23.401892 39.196504
0.588685 -0.130547 0.797752 0.150115 0.987363 0.050801 -0.794302 0.089848 0.600842 -1589.304178 -23.369717 39.788048
0.591322 -0.127571 0.796281 0.150848 0.987478 0.046181 -0.792201 0.092810 0.603161 -1588.453465 -23.331242 40.431585
0.594928 -0.126352 0.793786 0.152680 0.987351 0.042732 -0.789145 0.095773 0.606694 -1587.580062 -23.290311 41.086425
0.597183 -0.125589 0.792212 0.150119 0.987714 0.043420 -0.787932 0.092996 0.608699 -1586.739315 -23.257306 41.730692
0.599524 -0.124091 0.790678 0.146579 0.988222 0.043952 -0.786820 0.089547 0.610652 -1585.882288 -23.213594 42.398436
0.600620 -0.122200 0.790141 0.143744 0.988652 0.043635 -0.786507 0.087370 0.611370 -1585.011642 -23.181289 43.073014
0.601555 -0.123012 0.789304 0.142793 0.988717 0.045263 -0.785966 0.085479 0.612333 -1584.087626 -23.143762 43.792978
0.602296 -0.126859 0.788128 0.144346 0.988325 0.048773 -0.785114 0.084388 0.613576 -1583.167656 -23.097558 44.501123
0.603073 -0.133246 0.786478 0.147449 0.987581 0.054253 -0.783940 0.083247 0.615230 -1582.284601 -23.059847 45.188786
0.602776 -0.139394 0.785640 0.151051 0.986753 0.059184 -0.783482 0.082997 0.615847 -1581.425011 -23.019197 45.859057
0.603466 -0.138858 0.785205 0.152812 0.986608 0.057031 -0.782609 0.085572 0.616604 -1580.569665 -22.966277 46.529840
0.604874 -0.133677 0.785021 0.155359 0.986676 0.048308 -0.781019 0.092740 0.617583 -1579.790833 -22.915835 47.131609
0.607687 -0.130709 0.783346 0.157387 0.986621 0.042533 -0.778425 0.097442 0.620129 -1578.922635 -22.872894 47.812146
0.608540 -0.131267 0.782590 0.158192 0.986495 0.042459 -0.777595 0.097962 0.621087 -1578.057039 -22.830211 48.501058
0.610359 -0.135262 0.780491 0.160022 0.986053 0.045747 -0.775793 0.096973 0.623491 -1577.108680 -22.781978 49.255976
0.611654 -0.140765 0.778502 0.161906 0.985488 0.050985 -0.774381 0.094859 0.625568 -1576.063068 -22.735140 50.089018
0.615967 -0.144401 0.774424 0.163775 0.985051 0.053410 -0.770560 0.093932 0.630408 -1575.111002 -22.694288 50.847655
0.618732 -0.146310 0.771857 0.166538 0.984602 0.053137 -0.767747 0.095667 0.633571 -1574.269598 -22.649341 51.529598
0.621687 -0.146914 0.769365 0.167801 0.984428 0.052389 -0.765081 0.096530 0.636658 -1573.466682 -22.608217 52.198023
0.625728 -0.149638 0.765554 0.169948 0.984004 0.053430 -0.761303 0.096671 0.641149 -1572.600824 -22.561999 52.930504
0.629046 -0.154751 0.761810 0.172049 0.983397 0.057698 -0.758090 0.094774 0.645226 -1571.714038 -22.519829 53.675880
0.633052 -0.158951 0.757614 0.173278 0.982955 0.061440 -0.754467 0.092383 0.649804 -1570.840391 -22.472895 54.419393
0.637350 -0.160819 0.753606 0.175411 0.982583 0.061332 -0.750344 0.093101 0.654459 -1569.928573 -22.411592 55.197270
0.640914 -0.164137 0.749859 0.179793 0.981797 0.061234 -0.746260 0.095574 0.658758 -1569.049677 -22.356556 55.944295
0.642775 -0.167344 0.747553 0.181617 0.981316 0.063512 -0.744214 0.094945 0.661158 -1568.237620 -22.303096 56.644788
0.643611 -0.167759 0.746741 0.184078 0.980972 0.061724 -0.742886 0.097732 0.662245 -1567.363486 -22.251232 57.389359
0.644336 -0.164724 0.746791 0.185296 0.981056 0.056523 -0.741955 0.101958 0.662652 -1566.455511 -22.194018 58.177738
0.644987 -0.164283 0.746326 0.186762 0.980892 0.054514 -0.741021 0.104225 0.663344 -1565.522846 -22.137802 58.981005
0.645687 -0.166120 0.745313 0.186405 0.980811 0.057120 -0.740500 0.102049 0.664263 -1564.626787 -22.090059 59.765361
0.647283 -0.169292 0.743213 0.185989 0.980632 0.061390 -0.739211 0.098493 0.666233 -1563.753248 -22.035823 60.530705
0.647523 -0.171729 0.742444 0.184954 0.980562 0.065498 -0.739260 0.094906 0.666699 -1562.920838 -21.986100 61.266050
0.647366 -0.172924 0.742304 0.184866 0.980465 0.067183 -0.739420 0.093734 0.666687 -1562.039629 -21.925089 62.055280
0.649056 -0.175929 0.740119 0.185755 0.980094 0.070072 -0.737714 0.092000 0.668815 -1561.180059 -21.863857 62.830543
0.651280 -0.177877 0.737695 0.186122 0.979888 0.071956 -0.735658 0.090438 0.671288 -1560.295689 -21.797075 63.628168
0.652158 -0.179170 0.736606 0.186460 0.979730 0.073223 -0.734794 0.089594 0.672347 -1559.497704 -21.741367 64.357521
0.653698 -0.180027 0.735030 0.188069 0.979466 0.072637 -0.733013 0.090754 0.674133 -1558.710523 -21.682321 65.076734
0.653762 -0.179006 0.735223 0.189463 0.979391 0.069982 -0.732598 0.093546 0.674203 -1557.917473 -21.620853 65.799951
0.654030 -0.176093 0.735687 0.187801 0.979879 0.067587 -0.732786 0.093959 0.673941 -1557.072148 -21.554610 66.564587
0.654547 -0.175492 0.735371 0.186144 0.980151 0.068222 -0.732747 0.092230 0.674222 -1556.220525 -21.492713 67.342259
0.654094 -0.177225 0.735359 0.185729 0.980033 0.070989 -0.733257 0.090144 0.673950 -1555.386829 -21.424373 68.099837
0.654175 -0.179281 0.734788 0.185941 0.979806 0.073521 -0.733131 0.088532 0.674300 -1554.560114 -21.352373 68.858521
0.655760 -0.181838 0.732744 0.186964 0.979443 0.075738 -0.731453 0.087331 0.676277 -1553.767133 -21.282288 69.592274
0.656737 -0.182259 0.731764 0.186948 0.979413 0.076160 -0.730580 0.086784 0.677290 -1553.050689 -21.220134 70.260882
0.658189 -0.180537 0.730886 0.186216 0.979695 0.074301 -0.729459 0.087198 0.678443 -1552.341241 -21.158842 70.919315
0.659201 -0.181243 0.729798 0.188726 0.979332 0.072744 -0.727899 0.089779 0.679781 -1551.587412 -21.099382 71.605846
0.660785 -0.184277 0.727602 0.190604 0.978813 0.074799 -0.725970 0.089258 0.681909 -1550.714854 -21.020321 72.402627
0.662079 -0.189334 0.725123 0.190900 0.978251 0.081125 -0.724712 0.084715 0.683824 -1549.833258 -20.930286 73.237665
0.662399 -0.197887 0.722543 0.191984 0.977114 0.091604 -0.724134 0.078038 0.685230 -1548.986494 -20.842304 74.039318
0.665850 -0.204802 0.717426 0.193870 0.976050 0.098697 -0.720457 0.073370 0.689607 -1548.076651 -20.740714 74.896668
0.667268 -0.203696 0.716423 0.195356 0.976065 0.095565 -0.718742 0.076190 0.691090 -1547.296273 -20.656722 75.632219
0.668019 -0.196600 0.717704 0.196702 0.976816 0.084493 -0.717676 0.084731 0.691203 -1546.501107 -20.575517 76.398681
0.665421 -0.189757 0.721947 0.196376 0.977583 0.075948 -0.720175 0.091236 0.687767 -1545.715038 -20.503097 77.138972
0.663569 -0.188808 0.723898 0.196576 0.977632 0.074793 -0.721827 0.092670 0.685841 -1545.021166 -20.444595 77.785453
0.663408 -0.194454 0.722549 0.197491 0.976904 0.081581 -0.721725 0.088575 0.686489 -1544.287075 -20.381077 78.469182
0.665561 -0.202898 0.718235 0.197757 0.975884 0.092429 -0.719668 0.080519 0.689634 -1543.511702 -20.303637 79.193467
0.666810 -0.209683 0.715121 0.199411 0.974812 0.099888 -0.718053 0.075996 0.691827 -1542.798723 -20.228870 79.869325
0.668064 -0.214098 0.712638 0.201851 0.973945 0.103377 -0.716203 0.074784 0.693873 -1542.141352 -20.150212 80.501589
0.668807 -0.216856 0.711105 0.203701 0.973360 0.105248 -0.714985 0.074462 0.695163 -1541.473768 -20.073955 81.143269
0.668286 -0.219876 0.710667 0.206462 0.972612 0.106771 -0.714680 0.075372 0.695379 -1540.800475 -19.993491 81.782986
0.667677 -0.221203 0.710828 0.208634 0.972171 0.106562 -0.714618 0.077154 0.695247 -1540.137707 -19.908189 82.420069
0.665153 -0.224008 0.712314 0.212018 0.971337 0.107485 -0.715974 0.079529 0.693582 -1539.466722 -19.815331 83.059088
0.664377 -0.227931 0.711794 0.216454 0.970228 0.108652 -0.715367 0.081885 0.693934 -1538.651412 -19.705423 83.832881
0.664390 -0.233109 0.710102 0.220108 0.969006 0.112162 -0.714239 0.081779 0.695107 -1537.802107 -19.587616 84.650559
0.663880 -0.239441 0.708471 0.222380 0.967711 0.118673 -0.714010 0.078766 0.695690 -1537.022177 -19.477535 85.397940
0.663243 -0.243862 0.707559 0.224360 0.966728 0.122878 -0.713983 0.077250 0.695888 -1536.290975 -19.365903 86.110533
0.663443 -0.247773 0.706011 0.227722 0.965681 0.124911 -0.712731 0.077903 0.697098 -1535.620704 -19.261331 86.751659
0.664312 -0.248874 0.704806 0.230909 0.965149 0.123162 -0.710894 0.080928 0.698627 -1534.960180 -19.159257 87.388695
0.665344 -0.247994 0.704142 0.233715 0.964992 0.119027 -0.709010 0.085375 0.700012 -1534.209684 -19.041924 88.119613
0.664973 -0.247805 0.704559 0.235858 0.964753 0.116713 -0.708648 0.088565 0.699982 -1533.490741 -18.936915 88.830101
0.664932 -0.249676 0.703937 0.238012 0.964171 0.117154 -0.707966 0.089646 0.700534 -1532.712034 -18.816409 89.594207
0.665653 -0.253547 0.701869 0.237354 0.963606 0.122992 -0.707509 0.084721 0.701607 -1531.957804 -18.703185 90.332912
0.666931 -0.259447 0.698491 0.237056 0.962596 0.131202 -0.706404 0.078079 0.703489 -1531.179650 -18.580567 91.107107
0.668243 -0.263108 0.695863 0.237763 0.961846 0.135351 -0.704926 0.075004 0.705304 -1530.413783 -18.452462 91.869073
0.667672 -0.265040 0.695678 0.236931 0.961541 0.138936 -0.705746 0.072065 0.704790 -1529.639770 -18.313335 92.645854
0.666841 -0.264871 0.696539 0.236341 0.961618 0.139408 -0.706729 0.071658 0.703846 -1528.943529 -18.179125 93.349043
0.667192 -0.265164 0.696091 0.236501 0.961550 0.139605 -0.706344 0.071483 0.704250 -1528.152178 -18.034645 94.138904
0.668225 -0.264464 0.695366 0.235919 0.961770 0.139074 -0.705562 0.071117 0.705071 -1527.448579 -17.901841 94.843268
0.668847 -0.266479 0.693998 0.235567 0.961409 0.142130 -0.705091 0.068420 0.705809 -1526.784767 -17.772715 95.515628
0.670304 -0.266382 0.692628 0.234926 0.961519 0.142443 -0.703919 0.067236 0.707090 -1526.159713 -17.649021 96.151968
0.671385 -0.264999 0.692111 0.235972 0.961721 0.139322 -0.702538 0.069780 0.708217 -1525.521764 -17.527463 96.795731
0.672904 -0.265582 0.690411 0.237080 0.961523 0.138803 -0.700709 0.070281 0.709977 -1524.796701 -17.391117 97.526960
0.674161 -0.270145 0.687407 0.238459 0.960478 0.143596 -0.699031 0.067112 0.711935 -1523.991540 -17.240783 98.333107
0.676195 -0.273480 0.684083 0.238578 0.959798 0.147877 -0.697023 0.063214 0.714257 -1523.174524 -17.089087 99.169332
0.677225 -0.274273 0.682745 0.238444 0.959658 0.148999 -0.696068 0.061891 0.715303 -1522.471026 -16.955366 99.895714
0.678420 -0.272336 0.682334 0.240686 0.959890 0.143810 -0.694130 0.066665 0.716756 -1521.837011 -16.833439 100.548754
0.681023 -0.270779 0.680358 0.243890 0.959945 0.137926 -0.690453 0.072002 0.719785 -1521.222985 -16.715830 101.179369
0.684075 -0.270546 0.677382 0.243720 0.960074 0.137324 -0.687490 0.071152 0.722700 -1520.562194 -16.590099 101.873846
0.686161 -0.273751 0.673976 0.244530 0.959376 0.140721 -0.685119 0.068251 0.725227 -1519.838946 -16.455604 102.640216
0.687672 -0.277726 0.670802 0.244784 0.958535 0.145914 -0.683511 0.063861 0.727141 -1519.093767 -16.309119 103.427472
0.690321 -0.282609 0.666024 0.246716 0.957330 0.150500 -0.680138 0.060426 0.730590 -1518.468313 -16.181028 104.103211
0.691994 -0.286706 0.662528 0.249468 0.956185 0.153221 -0.677429 0.059252 0.733198 -1517.869209 -16.064064 104.749333
0.693675 -0.287246 0.660534 0.251329 0.955929 0.151766 -0.675018 0.060735 0.735297 -1517.277826 -15.943747 105.390482
0.695477 -0.285703 0.659307 0.251678 0.956286 0.148912 -0.673031 0.062368 0.736980 -1516.712248 -15.823153 106.012689
0.698578 -0.286642 0.655611 0.252868 0.956029 0.148548 -0.669363 0.062011 0.740343 -1516.039917 -15.678113 106.755157
0.699144 -0.290547 0.653284 0.254163 0.955024 0.152741 -0.668281 0.059253 0.741545 -1515.353580 -15.526954 107.518499
0.699028 -0.295774 0.651059 0.256012 0.953616 0.158350 -0.667696 0.055987 0.742326 -1514.663588 -15.374309 108.297339
0.698265 -0.299321 0.650256 0.257426 0.952610 0.162067 -0.667950 0.054227 0.742228 -1514.002188 -15.224702 109.037118
0.697875 -0.300884 0.649953 0.258202 0.952148 0.163539 -0.668058 0.053689 0.742170 -1513.402625 -15.087842 109.724974
0.698026 -0.302017 0.649265 0.259202 0.951785 0.164070 -0.667513 0.053766 0.742654 -1512.741215 -14.928755 110.475764
0.698579 -0.303871 0.647804 0.261659 0.951127 0.163986 -0.665975 0.054946 0.743948 -1512.089915 -14.771834 111.218099
0.700590 -0.305108 0.645045 0.263776 0.950680 0.163184 -0.663021 0.055823 0.746517 -1511.474305 -14.623860 111.937463
0.702742 -0.307349 0.641631 0.266901 0.949893 0.162688 -0.659482 0.056924 0.749562 -1510.789924 -14.463026 112.734051
0.703684 -0.308522 0.640034 0.268780 0.949452 0.162165 -0.657713 0.057915 0.751039 -1510.108287 -14.305570 113.534652
0.705350 -0.309051 0.637941 0.271367 0.949124 0.159762 -0.654859 0.060428 0.753331 -1509.484809 -14.162637 114.262024
0.707425 -0.310938 0.634718 0.273253 0.948524 0.160111 -0.651830 0.060172 0.755974 -1508.843563 -14.010365 115.024828
0.707791 -0.313475 0.633060 0.274093 0.947809 0.162882 -0.651080 0.058231 0.756772 -1508.050409 -13.817359 115.963181
0.708012 -0.316806 0.631152 0.272701 0.947056 0.169464 -0.651424 0.052133 0.756921 -1507.306127 -13.632175 116.866481
0.706597 -0.318056 0.632108 0.270805 0.946833 0.173699 -0.653747 0.048442 0.755161 -1506.578708 -13.456873 117.727863
0.705027 -0.320503 0.632626 0.274256 0.945866 0.173554 -0.654004 0.051141 0.754761 -1505.830990 -13.272236 118.605569
0.705433 -0.321094 0.631873 0.276220 0.945557 0.172120 -0.652738 0.053117 0.755719 -1505.070299 -13.081244 119.496137
0.706238 -0.321778 0.630624 0.277503 0.945283 0.171557 -0.651322 0.053840 0.756889 -1504.326104 -12.897714 120.372351
0.709201 -0.320395 0.627998 0.278381 0.945650 0.168078 -0.647718 0.055622 0.759847 -1503.686788 -12.739306 121.145235
0.710186 -0.318648 0.627773 0.280407 0.945952 0.162933 -0.645761 0.060319 0.761153 -1503.036806 -12.583895 121.928423
0.711079 -0.320275 0.625932 0.284304 0.945179 0.160648 -0.643069 0.063721 0.763152 -1502.314456 -12.411266 122.789747
0.711443 -0.323519 0.623847 0.286867 0.944096 0.162449 -0.641527 0.063388 0.764477 -1501.632595 -12.247556 123.617998
0.712024 -0.329183 0.620210 0.289104 0.942391 0.168282 -0.639876 0.059485 0.766172 -1500.941320 -12.074670 124.466626
0.713294 -0.333933 0.616199 0.292097 0.940842 0.171742 -0.637096 0.057487 0.768638 -1500.304222 -11.913635 125.252879
0.713150 -0.337052 0.614665 0.294232 0.939771 0.173948 -0.636274 0.056803 0.769369 -1499.649690 -11.746987 126.059618
0.713243 -0.339279 0.613330 0.295530 0.939024 0.175772 -0.635568 0.055890 0.770020 -1499.117931 -11.608695 126.714939
0.713567 -0.340779 0.612121 0.298081 0.938375 0.174929 -0.634011 0.057638 0.771173 -1498.581533 -11.468337 127.373238
0.714615 -0.339511 0.611602 0.299239 0.938653 0.171423 -0.632283 0.060514 0.772371 -1498.023312 -11.314165 128.081554
0.715445 -0.337153 0.611936 0.299412 0.939312 0.167467 -0.631261 0.063408 0.772974 -1497.501154 -11.177320 128.737985
0.715743 -0.335736 0.612367 0.298281 0.939821 0.166630 -0.631458 0.063393 0.772814 -1496.966261 -11.039830 129.408172
0.716368 -0.336087 0.611444 0.296370 0.939927 0.169415 -0.631651 0.059850 0.772939 -1496.370986 -10.886057 130.160925
0.717272 -0.338362 0.609124 0.295059 0.939429 0.174397 -0.631238 0.054637 0.773662 -1495.797604 -10.738575 130.886996
0.719065 -0.339108 0.606590 0.293459 0.939389 0.177282 -0.629942 0.050532 0.774996 -1495.210621 -10.586158 131.622747
0.720868 -0.338296 0.604901 0.293402 0.939673 0.175870 -0.627905 0.050701 0.776637 -1494.701745 -10.445797 132.284616
0.721262 -0.338566 0.604280 0.293954 0.939559 0.175555 -0.627194 0.051010 0.777191 -1494.150151 -10.281071 132.993031
0.722031 -0.342830 0.600948 0.295318 0.938210 0.180412 -0.625666 0.047208 0.778661 -1493.499918 -10.092149 133.819904
0.721753 -0.349346 0.597519 0.297624 0.936037 0.187760 -0.624894 0.042320 0.779562 -1492.908276 -9.918085 134.589962
0.721511 -0.356259 0.593718 0.298980 0.933716 0.196942 -0.624526 0.035414 0.780200 -1492.362066 -9.753994 135.301507
0.722012 -0.359831 0.590949 0.301391 0.932395 0.199506 -0.622786 0.034061 0.781650 -1491.756279 -9.568035 136.090007
0.722709 -0.358143 0.591122 0.302696 0.932897 0.195136 -0.621342 0.037904 0.782622 -1491.213061 -9.398581 136.807839
0.722972 -0.355068 0.592654 0.302645 0.933907 0.190325 -0.621062 0.041764 0.782648 -1490.676631 -9.237065 137.525758
0.723435 -0.351731 0.594077 0.303269 0.934926 0.184231 -0.620218 0.046886 0.783027 -1490.138621 -9.079403 138.246996
0.722642 -0.351100 0.595414 0.303379 0.935094 0.183195 -0.621087 0.048252 0.782255 -1489.519048 -8.893544 139.059394
0.722929 -0.354168 0.593245 0.302924 0.934175 0.188560 -0.620976 0.043392 0.782628 -1488.862528 -8.704374 139.932902
0.721723 -0.358562 0.592072 0.303163 0.932710 0.195305 -0.622260 0.038538 0.781861 -1488.194584 -8.502320 140.823747
0.720464 -0.361523 0.591804 0.303505 0.931677 0.199657 -0.623551 0.035770 0.780964 -1487.629524 -8.320259 141.570552
0.718615 -0.361361 0.594147 0.304032 0.931664 0.198915 -0.625425 0.037697 0.779373 -1487.128679 -8.146564 142.244744
0.717430 -0.361507 0.595489 0.305011 0.931530 0.198040 -0.626308 0.039551 0.778572 -1486.647841 -7.981609 142.894074
0.717473 -0.363808 0.594034 0.305963 0.930701 0.200454 -0.625795 0.037933 0.779065 -1486.085663 -7.793650 143.648038
0.716898 -0.368076 0.592095 0.308697 0.929072 0.203793 -0.625110 0.036679 0.779674 -1485.488720 -7.598492 144.422360
0.716623 -0.370454 0.590945 0.310852 0.928118 0.204861 -0.624358 0.036888 0.780267 -1484.905123 -7.402901 145.185095
0.716638 -0.373459 0.589031 0.314206 0.926872 0.205383 -0.622659 0.037891 0.781575 -1484.412949 -7.233839 145.838859
0.717918 -0.376010 0.585842 0.315414 0.925930 0.207767 -0.620571 0.035623 0.783341 -1483.868717 -7.048510 146.570966
0.718869 -0.377817 0.583508 0.315704 0.925287 0.210176 -0.619320 0.033127 0.784439 -1483.243705 -6.831178 147.423914
0.719120 -0.379304 0.582233 0.318377 0.924611 0.209121 -0.617659 0.034987 0.785667 -1482.626480 -6.612433 148.260249
0.721622 -0.377375 0.580388 0.321962 0.925123 0.201216 -0.612864 0.041661 0.789090 -1482.119621 -6.440861 148.958679
0.725103 -0.377518 0.575938 0.326571 0.924826 0.195057 -0.606281 0.046648 0.793881 -1481.638389 -6.284460 149.632736
0.727749 -0.380481 0.570627 0.331146 0.923533 0.193464 -0.600603 0.048167 0.798095 -1481.103919 -6.106837 150.370927
0.730504 -0.382918 0.565454 0.332644 0.922656 0.195072 -0.596416 0.045594 0.801380 -1480.524608 -5.912314 151.196676
0.732520 -0.386007 0.560725 0.332180 0.921655 0.200520 -0.594197 0.039376 0.803355 -1479.924316 -5.710459 152.062168
0.735165 -0.389622 0.554732 0.331793 0.920417 0.206752 -0.591140 0.032060 0.805932 -1479.323279 -5.500537 152.923308
0.738114 -0.390577 0.550124 0.331937 0.920108 0.207892 -0.587371 0.029159 0.808792 -1478.811803 -5.325455 153.671534
0.740027 -0.388107 0.549303 0.332224 0.921054 0.203191 -0.584798 0.032124 0.810543 -1478.329957 -5.156305 154.386723
0.741481 -0.383583 0.550518 0.332527 0.922706 0.195038 -0.582779 0.038446 0.811720 -1477.866879 -4.995928 155.078909
0.743049 -0.380556 0.550505 0.331784 0.923855 0.190819 -0.581204 0.040861 0.812731 -1477.400553 -4.837767 155.769002
0.743645 -0.381004 0.549389 0.328996 0.923894 0.195400 -0.582026 0.035439 0.812398 -1476.852669 -4.653352 156.576155
0.744025 -0.383211 0.547335 0.324797 0.923314 0.204932 -0.583894 0.025298 0.811435 -1476.231829 -4.440936 157.493669
0.743859 -0.386640 0.545145 0.323108 0.922062 0.213079 -0.585042 0.017640 0.810811 -1475.626498 -4.218651 158.391268
0.743635 -0.389315 0.543546 0.323451 0.920993 0.217143 -0.585139 0.014335 0.810806 -1475.067196 -4.007351 159.223092
0.744194 -0.391650 0.541097 0.325322 0.920016 0.218485 -0.583387 0.013436 0.812083 -1474.525201 -3.812341 160.018447
0.745751 -0.391128 0.539327 0.325567 0.920235 0.217193 -0.581259 0.013615 0.813605 -1473.995047 -3.617203 160.798697
0.747122 -0.389368 0.538703 0.325957 0.920943 0.213580 -0.579276 0.016024 0.814974 -1473.533465 -3.445334 161.507660
0.747443 -0.389512 0.538154 0.325793 0.920894 0.214042 -0.578955 0.015342 0.815215 -1472.959824 -3.241678 162.382543
0.748573 -0.391030 0.535475 0.324723 0.920317 0.218111 -0.578095 0.010609 0.815901 -1472.330518 -3.016890 163.352121
0.748479 -0.394540 0.533027 0.325724 0.918853 0.222740 -0.577653 0.006903 0.816253 -1471.702332 -2.786109 164.290781
0.748026 -0.397916 0.531150 0.328291 0.917401 0.224944 -0.576786 0.006107 0.816872 -1471.148382 -2.576455 165.137466
0.746410 -0.397736 0.533552 0.329724 0.917448 0.222645 -0.578060 0.009741 0.815936 -1470.606233 -2.368485 165.951351
0.745374 -0.395727 0.536486 0.332639 0.918190 0.215127 -0.577727 0.018106 0.816029 -1470.124355 -2.183345 166.677106
0.747144 -0.391004 0.537486 0.331593 0.920114 0.208415 -0.576039 0.022510 0.817112 -1469.630917 -2.003580 167.448403
0.747710 -0.391257 0.536514 0.331463 0.920029 0.208997 -0.575380 0.021565 0.817602 -1469.055094 -1.787968 168.325232
0.747614 -0.394253 0.534451 0.331553 0.918841 0.214019 -0.575454 0.017195 0.817654 -1468.456284 -1.565148 169.241624
0.747110 -0.398823 0.531758 0.333082 0.916937 0.219736 -0.575224 0.012952 0.817893 -1467.903222 -1.356353 170.086111
0.746267 -0.403094 0.529717 0.335469 0.915095 0.223743 -0.574931 0.010732 0.818131 -1467.352396 -1.142209 170.937541
0.744882 -0.406323 0.529200 0.337438 0.913677 0.226562 -0.575575 0.009810 0.817690 -1466.784598 -0.917935 171.812873
0.744241 -0.408725 0.528252 0.338813 0.912616 0.228774 -0.575597 0.008716 0.817687 -1466.240876 -0.688556 172.670121
0.743725 -0.412242 0.526241 0.341348 0.911042 0.231265 -0.574765 0.007634 0.818283 -1465.702129 -0.460086 173.510362
0.743393 -0.416197 0.523590 0.343178 0.909263 0.235522 -0.574104 0.004599 0.818769 -1465.194678 -0.251031 174.297461
0.743025 -0.418494 0.522279 0.343770 0.908217 0.238672 -0.574226 0.002205 0.818694 -1464.663797 -0.021117 175.131627
0.743020 -0.417209 0.523314 0.342877 0.908806 0.237712 -0.574766 0.002808 0.818313 -1464.131951 0.216523 175.969902
0.743099 -0.414201 0.525587 0.341516 0.910170 0.234429 -0.575474 0.005292 0.817803 -1463.626519 0.435418 176.767047
0.743629 -0.411999 0.526567 0.341918 0.911140 0.230035 -0.574551 0.008983 0.818420 -1463.129824 0.639440 177.541297
0.744810 -0.411726 0.525110 0.340801 0.911282 0.231126 -0.573684 0.006813 0.819049 -1462.616485 0.851730 178.338049
0.745261 -0.412546 0.523825 0.339103 0.910933 0.234967 -0.574104 0.002519 0.818779 -1462.058477 1.085296 179.203067
0.745210 -0.415057 0.521909 0.338643 0.909793 0.239994 -0.574441 -0.002105 0.818543 -1461.495175 1.320226 180.073303
0.744123 -0.416949 0.521952 0.340054 0.908927 0.241276 -0.575016 -0.002048 0.818139 -1460.948492 1.550724 180.912278
0.743758 -0.417264 0.522220 0.341322 0.908785 0.240018 -0.574737 -0.000270 0.818338 -1460.443238 1.766123 181.688967
0.744000 -0.417557 0.521642 0.340450 0.908648 0.241770 -0.574942 -0.002284 0.818191 -1459.939286 1.977956 182.468283
0.744971 -0.418492 0.519502 0.338243 0.908186 0.246557 -0.574987 -0.007959 0.818124 -1459.408466 2.203153 183.295152
0.745607 -0.421283 0.516324 0.337222 0.906814 0.252923 -0.574762 -0.014466 0.818193 -1458.866360 2.439459 184.140233
0.745896 -0.424887 0.512942 0.338603 0.905063 0.257313 -0.573574 -0.018245 0.818951 -1458.392820 2.654238 184.882826
0.745871 -0.424680 0.513150 0.338710 0.905170 0.256793 -0.573543 -0.017726 0.818983 -1457.949543 2.862053 185.576447
0.746228 -0.422128 0.514735 0.336651 0.906373 0.255252 -0.574291 -0.017190 0.818471 -1457.478420 3.076582 186.317184
0.747091 -0.419533 0.515604 0.333650 0.907552 0.255004 -0.574920 -0.018480 0.818001 -1456.989558 3.297209 187.102393
0.746523 -0.419825 0.516188 0.332884 0.907391 0.256574 -0.576101 -0.019707 0.817141 -1456.506741 3.514647 187.859911
0.745280 -0.419957 0.517875 0.331162 0.907286 0.259160 -0.578696 -0.021646 0.815256 -1456.010269 3.734116 188.636891
0.744608 -0.420869 0.518101 0.328805 0.906742 0.264019 -0.580902 -0.026236 0.813551 -1455.493454 3.972774 189.439890
0.744759 -0.421721 0.517190 0.325048 0.906105 0.270772 -0.582819 -0.033548 0.811909 -1454.993893 4.206617 190.217358
0.744396 -0.423193 0.516510 0.322183 0.905156 0.277293 -0.584871 -0.040005 0.810139 -1454.502420 4.446384 190.984638
0.741318 -0.424822 0.519591 0.321823 0.904369 0.280263 -0.588963 -0.040548 0.807142 -1454.086789 4.651932 191.612913
0.736398 -0.426789 0.524946 0.324679 0.903666 0.279232 -0.593549 -0.035187 0.804028 -1453.726122 4.835230 192.146019
0.731041 -0.428118 0.531314 0.326258 0.903207 0.278877 -0.599279 -0.030525 0.799958 -1453.380456 5.008273 192.659008
0.726083 -0.429408 0.537040 0.325124 0.902604 0.282135 -0.605886 -0.030249 0.794976 -1453.004992 5.192538 193.201569
0.722099 -0.431734 0.540535 0.323722 0.901410 0.287512 -0.611373 -0.032629 0.790670 -1452.555654 5.408651 193.842782
0.718234 -0.436133 0.542151 0.323250 0.899134 0.295071 -0.616157 -0.036680 0.786769 -1452.155081 5.609492 194.405250
0.714178 -0.442275 0.542534 0.324758 0.895981 0.302903 -0.620067 -0.040134 0.783522 -1451.714367 5.835642 195.030138
0.709309 -0.446609 0.545363 0.324991 0.893739 0.309211 -0.625509 -0.042088 0.779081 -1451.313731 6.047373 195.602909
0.704598 -0.448590 0.549826 0.324660 0.892771 0.312340 -0.630981 -0.041568 0.774684 -1450.921864 6.249168 196.133107
0.700609 -0.449636 0.554053 0.323261 0.892233 0.315314 -0.636120 -0.041808 0.770456 -1450.515770 6.460165 196.681265
0.697274 -0.450922 0.557206 0.323509 0.891640 0.316733 -0.639649 -0.040588 0.767595 -1450.130594 6.654829 197.188105
0.694973 -0.452086 0.559134 0.327492 0.891294 0.313598 -0.640126 -0.034830 0.767480 -1449.753473 6.845162 197.676572
0.694211 -0.451585 0.560484 0.330124 0.891727 0.309581 -0.639601 -0.029886 0.768126 -1449.373022 7.050353 198.191144
0.694245 -0.451917 0.560174 0.331924 0.891625 0.307947 -0.638632 -0.027856 0.769008 -1449.058500 7.221545 198.626690
0.695527 -0.452081 0.558449 0.331765 0.891496 0.308492 -0.637318 -0.029290 0.770044 -1448.709666 7.409853 199.133552
0.697156 -0.452849 0.555789 0.332141 0.891045 0.309388 -0.635339 -0.031092 0.771607 -1448.357490 7.594476 199.629740
0.699860 -0.455248 0.550405 0.334609 0.889749 0.310457 -0.631057 -0.033106 0.775029 -1447.999059 7.784381 200.137276
0.703662 -0.459078 0.542317 0.337731 0.887617 0.313169 -0.625138 -0.037208 0.779627 -1447.645941 7.966657 200.647797
0.708476 -0.462101 0.533408 0.340792 0.885868 0.314801 -0.617999 -0.041248 0.785096 -1447.326756 8.136497 201.128418
0.715562 -0.462351 0.523643 0.343789 0.885636 0.312182 -0.608095 -0.043363 0.792679 -1447.074910 8.276877 201.533196
0.723403 -0.461786 0.513265 0.346958 0.885863 0.308007 -0.596915 -0.044732 0.801056 -1446.831451 8.417233 201.938622
0.731761 -0.461740 0.501320 0.351817 0.885878 0.302400 -0.583738 -0.044912 0.810699 -1446.581830 8.559400 202.353211
0.740116 -0.461050 0.489553 0.357769 0.886363 0.293874 -0.569412 -0.042354 0.820961 -1446.383007 8.673556 202.703654
0.748328 -0.460324 0.477605 0.364388 0.886919 0.283893 -0.554280 -0.038412 0.831444 -1446.162345 8.799086 203.103911
0.757280 -0.460878 0.462729 0.372771 0.886797 0.273191 -0.536254 -0.034390 0.843356 -1445.966407 8.911652 203.483788
0.768175 -0.460675 0.444619 0.379205 0.886916 0.263786 -0.515860 -0.034031 0.855997 -1445.807213 9.005065 203.817980
0.778503 -0.462690 0.424089 0.386642 0.885795 0.256660 -0.494410 -0.035840 0.868490 -1445.652055 9.096359 204.165787
0.790640 -0.464764 0.398600 0.394717 0.884570 0.248463 -0.468067 -0.039110 0.882827 -1445.454714 9.209858 204.618865
0.801833 -0.466282 0.373693 0.401978 0.883627 0.240037 -0.442129 -0.042253 0.895955 -1445.258290 9.323152 205.097654
0.813481 -0.468015 0.345270 0.409529 0.882482 0.231327 -0.412959 -0.046782 0.909547 -1445.117390 9.402803 205.487287
0.824894 -0.469711 0.314518 0.417378 0.881319 0.221523 -0.381242 -0.051460 0.923042 -1444.975022 9.488711 205.926628
0.833951 -0.472125 0.285698 0.425471 0.879801 0.211953 -0.351426 -0.055202 0.934587 -1444.848921 9.571623 206.389666
0.842904 -0.473392 0.255759 0.432997 0.878958 0.199863 -0.319415 -0.057722 0.945855 -1444.778870 9.621643 206.694219
0.850557 -0.474547 0.226621 0.440021 0.878201 0.187469 -0.287982 -0.059735 0.955771 -1444.724996 9.671771 207.029940
0.856977 -0.476491 0.196334 0.447103 0.876880 0.176577 -0.256298 -0.063541 0.964507 -1444.660825 9.735434 207.446556
0.862479 -0.478043 0.166144 0.453558 0.875760 0.165315 -0.224530 -0.067225 0.972146 -1444.607339 9.795881 207.895486
0.868273 -0.477519 0.134451 0.458138 0.875804 0.151908 -0.190292 -0.070301 0.979207 -1444.557228 9.857122 208.429681
0.871862 -0.478939 0.102343 0.464050 0.874675 0.140003 -0.156570 -0.074571 0.984848 -1444.528852 9.903907 208.889224
0.874511 -0.480071 0.069008 0.469673 0.873742 0.126425 -0.120988 -0.078149 0.989573 -1444.509696 9.948144 209.346939
0.876297 -0.480405 0.036275 0.473986 0.873169 0.113637 -0.086266 -0.082386 0.992860 -1444.512549 9.980390 209.760764
0.877263 -0.479992 0.004235 0.477186 0.873022 0.100626 -0.051996 -0.086254 0.994915 -1444.521379 10.009295 210.209203
0.877028 -0.479468 -0.030515 0.480202 0.872837 0.086958 -0.015060 -0.090918 0.995744 -1444.542388 10.041027 210.755766
0.875175 -0.479640 -0.063361 0.483382 0.872365 0.072948 0.020285 -0.094470 0.995321 -1444.584993 10.067392 211.275471
0.872356 -0.479545 -0.095029 0.485753 0.872176 0.057895 0.055119 -0.096666 0.993790 -1444.649758 10.080144 211.748700
0.868732 -0.478523 -0.127754 0.486835 0.872456 0.042569 0.091089 -0.099176 0.990892 -1444.750059 10.086478 212.371760
0.863132 -0.478455 -0.161508 0.488221 0.872367 0.024832 0.129013 -0.100285 0.986559 -1444.847463 10.093107 212.925177
0.855906 -0.478563 -0.195967 0.489129 0.872188 0.006387 0.167863 -0.101320 0.980590 -1444.942973 10.086607 213.361282
0.845612 -0.478623 -0.236348 0.489848 0.871715 -0.012701 0.212107 -0.105034 0.971586 -1445.060910 10.068527 213.789315
0.834466 -0.476938 -0.276036 0.488743 0.871943 -0.029068 0.254552 -0.110655 0.960708 -1445.235046 10.036194 214.387665
0.820633 -0.475550 -0.316880 0.486961 0.872119 -0.047715 0.299048 -0.115152 0.947265 -1445.422828 9.989324 214.930973
0.804514 -0.473794 -0.358158 0.483660 0.872616 -0.067928 0.344718 -0.118578 0.931187 -1445.647888 9.921642 215.449197
0.787972 -0.473076 -0.394081 0.480056 0.872823 -0.087902 0.385547 -0.119917 0.914862 -1445.904589 9.849213 216.026607
0.768207 -0.473665 -0.430696 0.477755 0.871974 -0.106824 0.426155 -0.123704 0.896152 -1446.194912 9.764576 216.614702
0.746257 -0.473058 -0.468312 0.472827 0.871912 -0.127296 0.468545 -0.126435 0.874345 -1446.510237 9.668675 217.202726
0.723445 -0.470725 -0.505020 0.465804 0.872728 -0.146195 0.509563 -0.129477 0.850636 -1446.867991 9.549505 217.795424
0.697928 -0.468454 -0.541708 0.457788 0.873507 -0.165577 0.550750 -0.132427 0.824098 -1447.256682 9.415353 218.369595
0.670697 -0.464891 -0.577964 0.447981 0.874926 -0.183897 0.591168 -0.135578 0.795072 -1447.661910 9.271123 218.928484
0.644107 -0.461163 -0.610291 0.437843 0.876477 -0.200202 0.627232 -0.138260 0.766462 -1448.115581 9.102729 219.485645
0.614951 -0.459023 -0.641197 0.426153 0.877604 -0.219555 0.663498 -0.138232 0.735297 -1448.495230 8.959399 219.903762
0.588973 -0.458146 -0.665743 0.415743 0.878184 -0.236540 0.693014 -0.137462 0.707697 -1448.897420 8.807211 220.329796
0.567543 -0.456205 -0.685399 0.404245 0.879611 -0.250739 0.717273 -0.134765 0.683636 -1449.258762 8.664315 220.690174
0.547031 -0.454024 -0.703291 0.393316 0.881032 -0.262841 0.738958 -0.132833 0.660527 -1449.678307 8.493851 221.082147
0.527967 -0.452414 -0.718730 0.384649 0.881902 -0.272568 0.757163 -0.132552 0.639636 -1450.117757 8.313812 221.474244
0.512689 -0.452511 -0.729647 0.377970 0.882009 -0.281421 0.770902 -0.131503 0.623232 -1450.620469 8.106563 221.897850
0.498356 -0.451816 -0.739935 0.372137 0.882326 -0.288122 0.783042 -0.131770 0.607850 -1451.128416 7.901755 222.309879
0.488455 -0.450827 -0.747106 0.366512 0.883005 -0.293209 0.791885 -0.130604 0.596541 -1451.682031 7.682243 222.744128
0.482493 -0.449756 -0.751611 0.362954 0.883625 -0.295755 0.797161 -0.130100 0.589584 -1452.239336 7.456020 223.174081
0.479738 -0.448621 -0.754050 0.360065 0.884365 -0.297072 0.800128 -0.128991 0.585796 -1452.788373 7.228934 223.596232
0.478774 -0.448244 -0.754886 0.358839 0.884649 -0.297708 0.801255 -0.128348 0.584395 -1453.405443 6.976323 224.071161
0.479901 -0.447272 -0.754747 0.357604 0.885300 -0.297259 0.801133 -0.127245 0.584803 -1453.980284 6.740001 224.509810
0.480631 -0.447464 -0.754168 0.357875 0.885227 -0.297151 0.800574 -0.127078 0.585604 -1454.555927 6.503802 224.953164
0.480258 -0.449416 -0.753245 0.358371 0.884353 -0.299148 0.800577 -0.126273 0.585775 -1455.064726 6.291176 225.351354
0.479921 -0.453088 -0.751258 0.358367 0.882862 -0.303526 0.800780 -0.123558 0.586075 -1455.618775 6.060911 225.780609
0.480914 -0.456049 -0.748827 0.357336 0.881874 -0.307587 0.800645 -0.119660 0.587068 -1456.233039 5.808480 226.254982
0.481165 -0.457608 -0.747713 0.357754 0.881184 -0.309073 0.800308 -0.118782 0.587706 -1456.909977 5.528891 226.780025
0.481591 -0.456356 -0.748204 0.357543 0.881758 -0.307678 0.800146 -0.119340 0.587813 -1457.640379 5.220219 227.352754
0.481937 -0.455220 -0.748673 0.358748 0.882063 -0.305392 0.799398 -0.121406 0.588408 -1458.385991 4.904723 227.941939
0.481996 -0.455481 -0.748476 0.360501 0.881692 -0.304398 0.798573 -0.123108 0.589174 -1459.192560 4.561502 228.587602
0.481502 -0.457724 -0.747426 0.361352 0.880615 -0.306501 0.798487 -0.122503 0.589417 -1459.917288 4.253638 229.163479
0.480581 -0.459571 -0.746885 0.361345 0.879797 -0.308847 0.799044 -0.121457 0.588878 -1460.652155 3.944075 229.739261
0.479453 -0.460017 -0.747334 0.361196 0.879564 -0.309685 0.799789 -0.121454 0.587866 -1461.408682 3.627044 230.327273
0.478905 -0.458968 -0.748330 0.359520 0.880218 -0.309778 0.800872 -0.120685 0.586549 -1462.158118 3.309995 230.913348
0.477619 -0.458268 -0.749580 0.358995 0.880506 -0.309567 0.801874 -0.121240 0.585063 -1462.895220 2.995509 231.491009
0.476000 -0.458074 -0.750727 0.358464 0.880565 -0.310013 0.803074 -0.121542 0.583353 -1463.646963 2.676939 232.073431
0.473872 -0.458862 -0.751593 0.358995 0.880026 -0.310930 0.804095 -0.122477 0.581748 -1464.302395 2.397316 232.584329
0.470945 -0.459396 -0.753104 0.357914 0.879784 -0.312854 0.806293 -0.122209 0.578754 -1464.924029 2.130820 233.057313
0.469585 -0.459411 -0.753944 0.356055 0.879972 -0.314441 0.807907 -0.120789 0.576798 -1465.611502 1.831618 233.583183
0.467698 -0.460108 -0.754691 0.355706 0.879616 -0.315832 0.809155 -0.120734 0.575058 -1466.372941 1.505108 234.161069
0.466485 -0.460430 -0.755245 0.354425 0.879595 -0.317325 0.810416 -0.119651 0.573506 -1467.119101 1.179887 234.724907
0.464759 -0.460567 -0.756226 0.353925 0.879504 -0.318134 0.811626 -0.119792 0.571764 -1467.919183 0.829453 235.333451
0.464886 -0.460741 -0.756042 0.354870 0.879299 -0.317647 0.811140 -0.120627 0.572277 -1468.735745 0.470574 235.956186
0.464053 -0.460805 -0.756514 0.355427 0.879137 -0.317474 0.811373 -0.121561 0.571749 -1469.578919 0.092822 236.596604
0.461954 -0.460188 -0.758172 0.356527 0.879096 -0.316353 0.812088 -0.124168 0.570171 -1470.426774 -0.278726 237.231191
0.461244 -0.457016 -0.760520 0.355358 0.880546 -0.313624 0.813003 -0.125599 0.568551 -1471.253625 -0.634927 237.856615
0.461353 -0.454892 -0.761726 0.354837 0.881506 -0.311509 0.813169 -0.126573 0.568098 -1472.126096 -1.008258 238.504812
0.461357 -0.454937 -0.761697 0.355213 0.881429 -0.311298 0.813003 -0.126945 0.568253 -1472.970730 -1.370862 239.139334
0.462573 -0.455506 -0.760618 0.355293 0.881261 -0.311682 0.812276 -0.126067 0.569486 -1473.740197 -1.705108 239.723315
0.462485 -0.456733 -0.759936 0.356117 0.880624 -0.312540 0.811965 -0.126081 0.569926 -1474.489232 -2.035696 240.298202
0.464038 -0.458593 -0.757866 0.356949 0.879827 -0.313835 0.810713 -0.124888 0.571968 -1475.256320 -2.371566 240.893949
0.466282 -0.459439 -0.755974 0.357888 0.879475 -0.313752 0.809010 -0.124257 0.574511 -1476.067750 -2.725915 241.524841
0.465788 -0.461224 -0.755191 0.358833 0.878555 -0.315245 0.808876 -0.124150 0.574723 -1476.813425 -3.050242 242.105597
0.464868 -0.462389 -0.755045 0.359417 0.877919 -0.316350 0.809146 -0.124315 0.574307 -1477.581254 -3.387821 242.701516
0.464915 -0.462728 -0.754809 0.359105 0.877828 -0.316958 0.809258 -0.123697 0.574283 -1478.317678 -3.720819 243.273548
0.466522 -0.463195 -0.753530 0.358889 0.877767 -0.317369 0.808428 -0.122374 0.575733 -1479.065771 -4.050731 243.850300
0.466523 -0.463782 -0.753169 0.358594 0.877564 -0.318264 0.808559 -0.121604 0.575713 -1479.833179 -4.390657 244.455551
0.466384 -0.464536 -0.752790 0.359349 0.877122 -0.318629 0.808303 -0.121911 0.576007 -1480.547771 -4.704091 245.015292
0.465526 -0.465263 -0.752872 0.361204 0.876478 -0.318306 0.807971 -0.123761 0.576078 -1481.295807 -5.033917 245.608518
0.465212 -0.465888 -0.752679 0.362605 0.875978 -0.318089 0.807524 -0.124946 0.576449 -1482.123036 -5.398181 246.259678
0.465368 -0.466000 -0.752514 0.362571 0.875946 -0.318216 0.807450 -0.124752 0.576595 -1483.012633 -5.795077 246.953944
0.466421 -0.465562 -0.752133 0.362355 0.876233 -0.317671 0.806939 -0.124370 0.577392 -1483.778348 -6.144288 247.551578
0.465987 -0.468033 -0.750867 0.363231 0.875022 -0.320000 0.806796 -0.123622 0.577753 -1484.631970 -6.524798 248.217710
0.466197 -0.469071 -0.750088 0.363610 0.874534 -0.320902 0.806503 -0.123136 0.578264 -1485.496841 -6.906176 248.888697
0.467038 -0.467645 -0.750456 0.361767 0.875478 -0.320410 0.806846 -0.121846 0.578060 -1486.369209 -7.296215 249.564937
0.468221 -0.467004 -0.750117 0.360335 0.876042 -0.320482 0.806801 -0.120237 0.578459 -1487.173489 -7.655852 250.194534
0.467495 -0.470202 -0.748571 0.360676 0.874570 -0.324099 0.807070 -0.118477 0.578448 -1487.896713 -7.984271 250.771602
0.466886 -0.475175 -0.745806 0.361918 0.872177 -0.329124 0.806866 -0.116257 0.579181 -1488.605391 -8.305706 251.335167
0.466211 -0.477438 -0.744782 0.363019 0.870973 -0.331093 0.806762 -0.116011 0.579376 -1489.339109 -8.648175 251.926263
0.466967 -0.477805 -0.744073 0.362923 0.870872 -0.331465 0.806368 -0.115257 0.580075 -1490.108419 -9.010802 252.534232
0.467739 -0.476817 -0.744222 0.361603 0.871549 -0.331129 0.806513 -0.114231 0.580075 -1490.859686 -9.364881 253.122524
0.467623 -0.476593 -0.744437 0.361272 0.871688 -0.331124 0.806729 -0.114103 0.579801 -1491.617482 -9.719254 253.727307
0.469071 -0.475829 -0.744016 0.360713 0.872197 -0.330392 0.806138 -0.113399 0.580759 -1492.365336 -10.072610 254.326356
0.470510 -0.475250 -0.743477 0.360265 0.872606 -0.329799 0.805500 -0.112675 0.581786 -1493.149043 -10.436864 254.947956
0.471193 -0.475619 -0.742808 0.360552 0.872445 -0.329913 0.804972 -0.112368 0.582576 -1493.875227 -10.773319 255.527426
0.472346 -0.476606 -0.741442 0.361181 0.871989 -0.330428 0.804013 -0.111718 0.584022 -1494.611181 -11.118784 256.119854
0.473250 -0.477247 -0.740452 0.361339 0.871737 -0.330920 0.803411 -0.110946 0.584997 -1495.389946 -11.483010 256.745082
0.473742 -0.478517 -0.739318 0.362002 0.871108 -0.331852 0.802822 -0.110422 0.585904 -1496.097488 -11.820091 257.326711
0.474595 -0.477894 -0.739173 0.362194 0.871413 -0.330839 0.802231 -0.110710 0.586658 -1496.909446 -12.206205 257.983347
0.473019 -0.479128 -0.739384 0.363735 0.870549 -0.331425 0.802465 -0.112169 0.586062 -1497.742936 -12.602811 258.658089
0.471648 -0.481042 -0.739017 0.364391 0.869510 -0.333424 0.802974 -0.112033 0.585390 -1498.577300 -13.000795 259.339727
0.471531 -0.481760 -0.738624 0.363307 0.869328 -0.335079 0.803534 -0.110347 0.584942 -1499.415406 -13.400997 260.009948
0.470100 -0.482085 -0.739324 0.364189 0.868969 -0.335052 0.803973 -0.111746 0.584072 -1500.220943 -13.783587 260.659964
0.469338 -0.479762 -0.741317 0.363254 0.870100 -0.333126 0.804841 -0.112937 0.582646 -1501.099760 -14.204967 261.364516
0.468660 -0.477846 -0.742981 0.362093 0.871078 -0.331830 0.805759 -0.113513 0.581264 -1501.922688 -14.589705 262.017596
0.468290 -0.477095 -0.743697 0.360612 0.871599 -0.332076 0.806637 -0.112678 0.580207 -1502.730587 -14.961554 262.658749
0.468428 -0.476727 -0.743846 0.357821 0.872157 -0.333627 0.807799 -0.109884 0.579125 -1503.504738 -15.321677 263.259340
0.467510 -0.476973 -0.744266 0.354914 0.872380 -0.336137 0.809611 -0.107003 0.577131 -1504.292537 -15.695137 263.870407
0.465341 -0.478723 -0.744501 0.353468 0.871646 -0.339548 0.811491 -0.105152 0.574826 -1505.076444 -16.068284 264.468586
0.463363 -0.479250 -0.745395 0.350849 0.871625 -0.342309 0.813757 -0.102908 0.572023 -1505.798340 -16.406311 265.016847
0.460617 -0.479388 -0.747007 0.348676 0.871675 -0.344394 0.816245 -0.101829 0.568660 -1506.528681 -16.761075 265.576753
0.455435 -0.478331 -0.750851 0.346176 0.872176 -0.345645 0.820208 -0.102508 0.562807 -1507.237477 -17.114064 266.116218
0.450907 -0.478908 -0.753213 0.342726 0.872077 -0.349314 0.824149 -0.100637 0.557360 -1507.941583 -17.462705 266.637506
0.448013 -0.479537 -0.754539 0.339829 0.871972 -0.352394 0.826923 -0.098537 0.553615 -1508.653131 -17.817381 267.156951
0.445072 -0.479359 -0.756390 0.336408 0.872296 -0.354866 0.829904 -0.096514 0.549495 -1509.384264 -18.175127 267.693154
0.444464 -0.478222 -0.757466 0.332923 0.873196 -0.355936 0.831633 -0.093978 0.547315 -1510.141704 -18.550811 268.242676
0.443395 -0.478776 -0.757743 0.329335 0.873276 -0.359063 0.833630 -0.090345 0.544884 -1510.835313 -18.901791 268.740881
0.441236 -0.485191 -0.754918 0.329402 0.870081 -0.366678 0.834749 -0.086880 0.543734 -1511.492697 -19.238284 269.219225
0.436812 -0.493650 -0.752000 0.329856 0.865640 -0.376646 0.836893 -0.083529 0.540956 -1512.088063 -19.543203 269.657274
0.431305 -0.498288 -0.752121 0.327429 0.863259 -0.384153 0.840694 -0.080579 0.535482 -1512.669697 -19.846448 270.072786
0.425710 -0.498011 -0.755483 0.323987 0.863456 -0.386622 0.844869 -0.080178 0.528931 -1513.306591 -20.188404 270.521378
0.420093 -0.494505 -0.760912 0.316826 0.865647 -0.387654 0.850379 -0.078226 0.520324 -1513.980854 -20.548421 270.980911
0.414379 -0.493470 -0.764708 0.312222 0.866329 -0.389860 0.854873 -0.077209 0.513061 -1514.687568 -20.930315 271.453101
0.411775 -0.496618 -0.764076 0.311068 0.864698 -0.394378 0.856550 -0.075284 0.510543 -1515.391965 -21.307721 271.922564
0.411713 -0.498367 -0.762970 0.309980 0.863883 -0.397011 0.856974 -0.073051 0.510155 -1516.096547 -21.687938 272.392726
0.412217 -0.497820 -0.763055 0.307959 0.864360 -0.397546 0.857460 -0.071115 0.509612 -1516.897538 -22.119464 272.927996
0.409684 -0.495181 -0.766130 0.306705 0.865724 -0.395543 0.859122 -0.072928 0.506548 -1517.683685 -22.552086 273.456032
0.409046 -0.491589 -0.768780 0.305826 0.867614 -0.392066 0.859739 -0.074740 0.505235 -1518.488814 -22.987210 273.990014
0.410368 -0.490376 -0.768850 0.306549 0.868227 -0.390141 0.858851 -0.075589 0.506617 -1519.242677 -23.391863 274.494150
0.410618 -0.492243 -0.767522 0.307466 0.867207 -0.391684 0.858404 -0.075154 0.507439 -1520.026601 -23.808318 275.018027
0.413618 -0.494668 -0.764346 0.309491 0.865923 -0.392928 0.856234 -0.074036 0.511256 -1520.773197 -24.204385 275.519201
0.418202 -0.495856 -0.761074 0.311394 0.865350 -0.392687 0.853312 -0.072771 0.516298 -1521.634751 -24.661545 276.107274
0.421422 -0.495842 -0.759306 0.312542 0.865401 -0.391661 0.851306 -0.072261 0.519670 -1522.473376 -25.105902 276.688151
0.423670 -0.497425 -0.757015 0.313747 0.864579 -0.392513 0.849745 -0.071216 0.522362 -1523.199593 -25.494431 277.194409
0.426267 -0.497707 -0.755370 0.314561 0.864477 -0.392085 0.848144 -0.070477 0.525058 -1523.919195 -25.879660 277.689724
0.428890 -0.498247 -0.753527 0.315291 0.864249 -0.392002 0.846549 -0.069454 0.527760 -1524.686445 -26.296675 278.229210
0.429059 -0.499663 -0.752493 0.315857 0.863471 -0.393257 0.846252 -0.068950 0.528302 -1525.458578 -26.717522 278.773538
0.430527 -0.502253 -0.749925 0.317721 0.862024 -0.394928 0.844808 -0.068239 0.530701 -1526.195473 -27.117182 279.297544
0.432055 -0.503726 -0.748057 0.319005 0.861208 -0.395672 0.843543 -0.067682 0.532780 -1526.958736 -27.527599 279.849779
0.432348 -0.505657 -0.746583 0.321476 0.859998 -0.396304 0.842454 -0.068667 0.534375 -1527.754455 -27.957231 280.418320
0.432906 -0.504966 -0.746728 0.322615 0.860294 -0.394732 0.841732 -0.070023 0.535336 -1528.516418 -28.379757 280.966655
0.432646 -0.502227 -0.748722 0.321479 0.861819 -0.392325 0.842299 -0.070961 0.534318 -1529.281295 -28.805314 281.520042
0.431143 -0.501983 -0.749752 0.321925 0.861842 -0.391909 0.842900 -0.072395 0.533178 -1530.052485 -29.228624 282.079286
0.430092 -0.502729 -0.749856 0.321732 0.861421 -0.392992 0.843510 -0.072230 0.532234 -1530.779614 -29.621374 282.595079
0.429030 -0.504712 -0.749132 0.322314 0.860281 -0.395006 0.843829 -0.071986 0.531763 -1531.518657 -30.024575 283.125749
0.429666 -0.505087 -0.748515 0.321491 0.860181 -0.395894 0.843819 -0.070539 0.531971 -1532.264484 -30.430072 283.656629
0.428353 -0.505903 -0.748716 0.321194 0.859716 -0.397144 0.844599 -0.070365 0.530755 -1533.039165 -30.857451 284.206445
0.428019 -0.506470 -0.748524 0.320433 0.859463 -0.398305 0.845058 -0.069369 0.530156 -1533.774662 -31.269188 284.732859
0.426779 -0.506719 -0.749063 0.320513 0.859269 -0.398657 0.845654 -0.069946 0.529128 -1534.556825 -31.703508 285.291913
0.426523 -0.506013 -0.749686 0.319203 0.859741 -0.398690 0.846279 -0.069252 0.528220 -1535.390610 -32.166426 285.878151
0.425850 -0.506369 -0.749828 0.317004 0.859700 -0.400530 0.847443 -0.067133 0.526624 -1536.177479 -32.607407 286.422924
0.423725 -0.507203 -0.750468 0.316303 0.859219 -0.402112 0.848769 -0.066991 0.524502 -1536.960817 -33.045518 286.973564
0.422189 -0.507376 -0.751216 0.314633 0.859193 -0.403477 0.850154 -0.066013 0.522379 -1537.795274 -33.516158 287.561417
0.421165 -0.506642 -0.752286 0.312370 0.859719 -0.404115 0.851496 -0.064793 0.520343 -1538.673816 -34.012606 288.169056
0.418824 -0.506158 -0.753917 0.311311 0.859963 -0.404412 0.853037 -0.065325 0.517746 -1539.430979 -34.437758 288.691051
0.415900 -0.506235 -0.755482 0.311471 0.859788 -0.404661 0.854408 -0.067012 0.515263 -1540.237397 -34.892002 289.248017
0.415119 -0.505771 -0.756222 0.310312 0.860094 -0.404900 0.855209 -0.066583 0.513988 -1541.075308 -35.367083 289.822981
0.412216 -0.506761 -0.757147 0.310122 0.859457 -0.406397 0.856681 -0.067285 0.511439 -1541.868602 -35.808403 290.372482
0.411006 -0.506864 -0.757736 0.310131 0.859350 -0.406616 0.857259 -0.067876 0.510392 -1542.706669 -36.275000 290.942476
0.409525 -0.509486 -0.756778 0.310783 0.857823 -0.409334 0.857731 -0.067561 0.509639 -1543.507841 -36.727642 291.483222
0.408940 -0.510319 -0.756533 0.310705 0.857352 -0.410377 0.858039 -0.067239 0.509164 -1544.362682 -37.208574 292.052094
0.407664 -0.510264 -0.757259 0.310617 0.857335 -0.410480 0.858678 -0.067880 0.508001 -1545.190454 -37.680430 292.609960
0.405780 -0.510509 -0.758105 0.310814 0.857105 -0.410811 0.859498 -0.068931 0.506470 -1545.957424 -38.112748 293.132865
0.403957 -0.510691 -0.758955 0.309787 0.857009 -0.411785 0.860727 -0.068771 0.504400 -1546.736972 -38.547733 293.654246
0.402399 -0.511109 -0.759502 0.308431 0.856823 -0.413189 0.861943 -0.067987 0.502426 -1547.518101 -38.992062 294.174262
0.401425 -0.511292 -0.759894 0.309001 0.856636 -0.413150 0.862193 -0.068960 0.501865 -1548.286986 -39.425566 294.686992
0.400507 -0.511671 -0.760123 0.309013 0.856389 -0.413653 0.862615 -0.069217 0.501103 -1549.034331 -39.846165 295.185732
0.399362 -0.512250 -0.760335 0.308404 0.856072 -0.414762 0.863364 -0.068850 0.499863 -1549.809166 -40.282926 295.701883
0.398445 -0.512837 -0.760420 0.308252 0.855724 -0.415593 0.863841 -0.068810 0.499042 -1550.581807 -40.717779 296.214058
0.396773 -0.513205 -0.761047 0.307625 0.855500 -0.416518 0.864834 -0.068854 0.497314 -1551.410276 -41.195752 296.760404
0.395395 -0.513885 -0.761305 0.307201 0.855101 -0.417648 0.865616 -0.068737 0.495968 -1552.174764 -41.635051 297.261533
0.393652 -0.515111 -0.761380 0.308410 0.854254 -0.418489 0.865980 -0.070078 0.495144 -1552.976006 -42.098765 297.792652
0.392116 -0.516024 -0.761553 0.308140 0.853705 -0.419807 0.866772 -0.070052 0.493759 -1553.749622 -42.540135 298.294500
0.392833 -0.516864 -0.760614 0.307093 0.853356 -0.421282 0.866819 -0.068085 0.493952 -1554.535341 -42.990344 298.809489
0.393720 -0.518016 -0.759371 0.305195 0.852899 -0.423579 0.867087 -0.064985 0.493899 -1555.241838 -43.390734 299.273081
0.394821 -0.519141 -0.758030 0.304238 0.852385 -0.425298 0.866923 -0.062705 0.494482 -1555.892740 -43.764017 299.704198
0.394707 -0.521052 -0.756777 0.303205 0.851378 -0.428046 0.867337 -0.060506 0.494030 -1556.604399 -44.181216 300.161741
0.393451 -0.522201 -0.756639 0.302752 0.850708 -0.429694 0.868066 -0.060011 0.492809 -1557.357199 -44.626491 300.662116
0.392174 -0.522117 -0.757359 0.302542 0.850720 -0.429818 0.868716 -0.060569 0.491593 -1558.152165 -45.096046 301.187891
0.390901 -0.520755 -0.758954 0.301361 0.851524 -0.429055 0.869700 -0.061001 0.489796 -1558.993721 -45.592532 301.743924
0.389687 -0.519631 -0.760347 0.300964 0.852138 -0.428115 0.870382 -0.062006 0.488457 -1559.795510 -46.062951 302.267408
0.387514 -0.520198 -0.761070 0.301143 0.851718 -0.428824 0.871290 -0.063016 0.486707 -1560.596892 -46.528898 302.784872
0.384606 -0.521382 -0.761734 0.300139 0.851004 -0.430941 0.872923 -0.062884 0.483788 -1561.386568 -46.995589 303.288300
0.382222 -0.523336 -0.761595 0.299264 0.849860 -0.433796 0.874270 -0.062112 0.481451 -1562.055339 -47.394492 303.717813
0.380633 -0.525226 -0.761089 0.299026 0.848733 -0.436161 0.875044 -0.061568 0.480112 -1562.773624 -47.813780 304.170929
0.378689 -0.526081 -0.761468 0.298214 0.848221 -0.437710 0.876164 -0.061324 0.478097 -1563.495296 -48.250204 304.626287
0.376500 -0.527340 -0.761683 0.296614 0.847519 -0.440150 0.877649 -0.060209 0.475507 -1564.171522 -48.665386 305.048215
0.374460 -0.529018 -0.761524 0.295846 0.846517 -0.442587 0.878781 -0.059563 0.473495 -1564.934359 -49.133884 305.523551
0.372720 -0.529575 -0.761991 0.296255 0.846097 -0.443118 0.879382 -0.060584 0.472247 -1565.705458 -49.608554 306.005831
0.371287 -0.529918 -0.762451 0.296679 0.845810 -0.443381 0.879845 -0.061582 0.471254 -1566.473795 -50.082496 306.490479
0.370580 -0.530647 -0.762289 0.296480 0.845371 -0.444351 0.880210 -0.061336 0.470604 -1567.199518 -50.520383 306.944041
0.368893 -0.531554 -0.762475 0.295889 0.844814 -0.445802 0.881117 -0.061154 0.468927 -1567.912478 -50.954096 307.389305
0.364969 -0.532369 -0.763794 0.295912 0.844174 -0.446996 0.882742 -0.062876 0.465632 -1568.732187 -51.453015 307.891976
0.363630 -0.532405 -0.764407 0.295588 0.844120 -0.447313 0.883403 -0.063293 0.464320 -1569.505878 -51.928954 308.369144
0.364006 -0.532356 -0.764263 0.295438 0.844175 -0.447307 0.883298 -0.062970 0.464563 -1570.314729 -52.428118 308.865184
0.363916 -0.532548 -0.764172 0.296084 0.844013 -0.447187 0.883119 -0.063521 0.464828 -1571.088550 -52.900968 309.340855
0.364201 -0.533572 -0.763321 0.296283 0.843410 -0.448192 0.882935 -0.062927 0.465259 -1571.916172 -53.410708 309.853138
0.364439 -0.534424 -0.762611 0.297047 0.842865 -0.448710 0.882580 -0.063004 0.465922 -1572.711290 -53.901539 310.347717
0.364379 -0.534005 -0.762933 0.296914 0.843119 -0.448322 0.882649 -0.063166 0.465768 -1573.520487 -54.408156 310.853150
0.364947 -0.533971 -0.762685 0.296923 0.843162 -0.448236 0.882412 -0.062877 0.466257 -1574.242480 -54.857977 311.301253
0.365823 -0.535522 -0.761177 0.296950 0.842282 -0.449868 0.882040 -0.061459 0.467149 -1574.890153 -55.255500 311.704966
0.366264 -0.537484 -0.759580 0.296683 0.841155 -0.452149 0.881947 -0.059748 0.467547 -1575.549892 -55.663217 312.117254
0.365754 -0.539715 -0.758243 0.296828 0.839792 -0.454580 0.882110 -0.058803 0.467359 -1576.193102 -56.053842 312.517582
0.365825 -0.540004 -0.758002 0.296986 0.839610 -0.454812 0.882027 -0.058734 0.467524 -1576.820794 -56.441881 312.909312
0.364957 -0.539541 -0.758750 0.298519 0.839749 -0.453551 0.881869 -0.060975 0.467536 -1577.448656 -56.825644 313.302534
0.365986 -0.539031 -0.758617 0.299120 0.840054 -0.452589 0.881239 -0.061276 0.468683 -1578.098777 -57.232840 313.714267
0.365452 -0.539978 -0.758201 0.298680 0.839497 -0.453912 0.881609 -0.060576 0.468076 -1578.744528 -57.632107 314.121135
0.366006 -0.541291 -0.756996 0.297821 0.838789 -0.455781 0.881670 -0.058631 0.468210 -1579.331036 -58.001739 314.491925
0.365442 -0.542603 -0.756329 0.298382 0.837937 -0.456979 0.881715 -0.058676 0.468120 -1579.863304 -58.341551 314.833405
0.365026 -0.542509 -0.756598 0.298441 0.837974 -0.456873 0.881867 -0.059029 0.467789 -1580.414104 -58.694445 315.178864
0.364873 -0.542256 -0.756853 0.298435 0.838121 -0.456607 0.881932 -0.059268 0.467636 -1581.007327 -59.069734 315.548376
0.365403 -0.542602 -0.756349 0.298919 0.837901 -0.456694 0.881549 -0.059210 0.468365 -1581.559110 -59.411594 315.890486
0.366248 -0.543518 -0.755282 0.299845 0.837319 -0.457154 0.880883 -0.059036 0.469637 -1582.069046 -59.733091 316.209594
0.367075 -0.543758 -0.754707 0.300006 0.837196 -0.457273 0.880484 -0.058563 0.470445 -1582.603466 -60.062042 316.542492
0.366892 -0.543258 -0.755156 0.300800 0.837438 -0.456308 0.880290 -0.059735 0.470661 -1583.108927 -60.377334 316.863020
0.367859 -0.543023 -0.754855 0.301279 0.837587 -0.455718 0.879722 -0.059782 0.471716 -1583.620081 -60.696244 317.185917
0.369594 -0.543643 -0.753560 0.303198 0.837153 -0.455242 0.878334 -0.060223 0.474238 -1584.171148 -61.041697 317.538018
0.373764 -0.543813 -0.751377 0.304926 0.837104 -0.454177 0.875968 -0.059360 0.478702 -1584.759572 -61.412622 317.913842
0.379171 -0.543859 -0.748630 0.307532 0.837121 -0.452385 0.872727 -0.058697 0.484667 -1585.276688 -61.737109 318.253526
0.385322 -0.543154 -0.745996 0.310915 0.837569 -0.449233 0.868826 -0.058842 0.491608 -1585.783192 -62.052991 318.592940
0.390068 -0.543569 -0.743222 0.315649 0.837190 -0.446631 0.864993 -0.060381 0.498138 -1586.260290 -62.352933 318.921194
0.395435 -0.544631 -0.739600 0.319752 0.836490 -0.445021 0.861040 -0.060511 0.504924 -1586.723293 -62.644094 319.248337
0.400514 -0.546326 -0.735606 0.325207 0.835298 -0.443302 0.856638 -0.061676 0.512218 -1587.149213 -62.913216 319.563200
0.406875 -0.548664 -0.730356 0.331462 0.833712 -0.441653 0.851226 -0.062388 0.521078 -1587.532406 -63.152511 319.854544
0.413833 -0.551498 -0.724288 0.338701 0.831771 -0.439818 0.845000 -0.063306 0.531007 -1587.929331 -63.399042 320.164883
0.421525 -0.552757 -0.718872 0.344684 0.830907 -0.436791 0.838755 -0.063666 0.540775 -1588.274493 -63.625651 320.439225
0.429340 -0.553374 -0.713754 0.351220 0.830394 -0.432538 0.832053 -0.064979 0.550877 -1588.650543 -63.870398 320.742483
0.435575 -0.554818 -0.708838 0.357633 0.829311 -0.429351 0.826059 -0.066489 0.559648 -1588.995192 -64.090652 321.029678
0.441547 -0.556199 -0.704045 0.363722 0.828273 -0.426229 0.820209 -0.067876 0.568023 -1589.339408 -64.311366 321.325472
0.447011 -0.557934 -0.699208 0.369942 0.826978 -0.423380 0.814447 -0.069411 0.576071 -1589.690613 -64.538927 321.635110
0.452703 -0.559019 -0.694663 0.376125 0.826083 -0.419662 0.808449 -0.071298 0.584232 -1590.038981 -64.769488 321.949554
0.457776 -0.560185 -0.690386 0.381530 0.825170 -0.416568 0.803042 -0.072708 0.591471 -1590.343115 -64.970215 322.231731
0.461178 -0.561521 -0.687030 0.386348 0.824111 -0.414218 0.798780 -0.074405 0.597004 -1590.695497 -65.200718 322.557544
0.464177 -0.561902 -0.684693 0.389567 0.823748 -0.411919 0.795473 -0.075530 0.601264 -1591.034897 -65.425225 322.871474
0.466527 -0.563030 -0.682166 0.393306 0.822847 -0.410163 0.792252 -0.076947 0.605323 -1591.346536 -65.626007 323.166284
0.470067 -0.563777 -0.679112 0.397034 0.822241 -0.407779 0.788290 -0.077947 0.610347 -1591.675989 -65.839935 323.479092
0.475042 -0.564166 -0.675316 0.400491 0.821960 -0.404955 0.783544 -0.078087 0.616409 -1592.031330 -66.067964 323.815539
0.480525 -0.564672 -0.671000 0.404589 0.821576 -0.401647 0.778077 -0.078477 0.623248 -1592.367298 -66.279655 324.145138
0.485064 -0.565337 -0.667164 0.407987 0.821109 -0.399157 0.773472 -0.078578 0.628941 -1592.684767 -66.481284 324.458796
0.490152 -0.566020 -0.662852 0.412207 0.820580 -0.395897 0.768009 -0.079182 0.635526 -1593.000704 -66.680625 324.773483
0.495016 -0.566675 -0.658665 0.416287 0.820067 -0.392677 0.762670 -0.079812 0.641845 -1593.294743 -66.869560 325.073992
0.501146 -0.566808 -0.653897 0.419176 0.820067 -0.389591 0.757063 -0.078856 0.648566 -1593.643216 -67.093156 325.429137
0.507066 -0.567476 -0.648733 0.423233 0.819614 -0.386144 0.750838 -0.078765 0.655773 -1593.960144 -67.297851 325.764844
0.514357 -0.567458 -0.642984 0.427166 0.819667 -0.381675 0.743617 -0.078344 0.664000 -1594.262413 -67.495159 326.090022
0.520541 -0.567659 -0.637809 0.431721 0.819453 -0.376981 0.736651 -0.079122 0.671629 -1594.568686 -67.690675 326.430953
0.527229 -0.568160 -0.631841 0.436422 0.819075 -0.372359 0.729085 -0.079431 0.679798 -1594.903329 -67.902223 326.808732
0.535697 -0.569469 -0.623485 0.442120 0.818227 -0.367471 0.719416 -0.078802 0.690095 -1595.243330 -68.111966 327.205182
0.544532 -0.571434 -0.613961 0.448423 0.816948 -0.362647 0.708803 -0.077841 0.701098 -1595.543960 -68.300349 327.571488
0.554172 -0.572192 -0.604558 0.454366 0.816473 -0.356265 0.697456 -0.077258 0.712451 -1595.824229 -68.478177 327.926439
0.564429 -0.572874 -0.594336 0.461690 0.815926 -0.348005 0.684297 -0.077975 0.725023 -1596.143492 -68.678892 328.343434
0.577024 -0.574037 -0.580968 0.469954 0.815142 -0.338654 0.667972 -0.077617 0.740128 -1596.446958 -68.870278 328.755501
0.590176 -0.575776 -0.565839 0.477985 0.814086 -0.329839 0.650555 -0.075800 0.755667 -1596.681641 -69.019304 329.109047
0.604548 -0.577845 -0.548285 0.487198 0.812782 -0.319411 0.630207 -0.074024 0.772891 -1596.912175 -69.160152 329.479552
0.618252 -0.579233 -0.531276 0.497103 0.811743 -0.306532 0.608813 -0.074585 0.789800 -1597.121662 -69.286098 329.837222
0.633326 -0.577947 -0.514661 0.506089 0.812425 -0.289548 0.585467 -0.077086 0.807023 -1597.323975 -69.416848 330.212306
0.646443 -0.576461 -0.499805 0.514102 0.813148 -0.272926 0.563747 -0.080520 0.822013 -1597.538130 -69.550550 330.610403
0.657958 -0.576757 -0.484193 0.523147 0.812565 -0.257013 0.541672 -0.084201 0.836362 -1597.741093 -69.661927 331.005099
0.668542 -0.576122 -0.470251 0.529415 0.812782 -0.243116 0.522276 -0.086425 0.848386 -1597.897797 -69.749112 331.327536
0.677307 -0.575987 -0.457705 0.534954 0.812670 -0.231064 0.505053 -0.088350 0.858554 -1598.069465 -69.840891 331.693781
0.684093 -0.576375 -0.446999 0.539842 0.812209 -0.221107 0.490497 -0.090051 0.866778 -1598.213652 -69.919005 332.022583
0.690897 -0.576462 -0.436294 0.544293 0.811955 -0.210892 0.475822 -0.091767 0.874741 -1598.342096 -69.984879 332.315752
0.695226 -0.576344 -0.429521 0.547899 0.811706 -0.202337 0.465261 -0.094664 0.880097 -1598.480188 -70.058931 332.633733
0.698010 -0.575650 -0.425922 0.549895 0.811884 -0.196112 0.458691 -0.097324 0.883250 -1598.607807 -70.128789 332.932418
0.699222 -0.574735 -0.425169 0.550409 0.812311 -0.192877 0.456222 -0.099153 0.884325 -1598.717978 -70.188564 333.188361
0.699733 -0.574046 -0.425259 0.549396 0.812893 -0.193313 0.456660 -0.098368 0.884186 -1598.781259 -70.229295 333.341365
0.700128 -0.574877 -0.423482 0.548916 0.812653 -0.195672 0.456631 -0.095461 0.884520 -1598.871470 -70.279559 333.555165
0.701085 -0.575038 -0.421677 0.548470 0.812762 -0.196467 0.455699 -0.093537 0.885206 -1598.962829 -70.335880 333.768144
0.701699 -0.574956 -0.420766 0.548362 0.812881 -0.196274 0.454881 -0.093007 0.885682 -1599.016319 -70.369422 333.898300
0.701641 -0.574463 -0.421536 0.548749 0.813024 -0.194592 0.454505 -0.094784 0.885687 -1599.061253 -70.393610 334.006263
0.701722 -0.573783 -0.422327 0.548892 0.813314 -0.192970 0.454207 -0.096401 0.885665 -1599.116331 -70.422950 334.133128
0.702433 -0.573001 -0.422205 0.548116 0.813905 -0.192686 0.454044 -0.096068 0.885785 -1599.148243 -70.442734 334.206955
0.702429 -0.572370 -0.423069 0.547865 0.814245 -0.191961 0.454354 -0.096945 0.885530 -1599.189328 -70.469407 334.310981
0.702682 -0.571317 -0.424069 0.547797 0.814758 -0.189965 0.454044 -0.098819 0.885482 -1599.257419 -70.510689 334.474483
0.703562 -0.570219 -0.424088 0.547304 0.815442 -0.188449 0.453277 -0.099520 0.885797 -1599.310133 -70.542518 334.596904
0.703377 -0.569503 -0.425355 0.546916 0.815827 -0.187908 0.454030 -0.100463 0.885304 -1599.354097 -70.570582 334.703832
0.703624 -0.568208 -0.426676 0.546540 0.816503 -0.186054 0.454100 -0.102283 0.885060 -1599.426378 -70.614961 334.875486
0.704472 -0.566550 -0.427481 0.546112 0.817401 -0.183348 0.453299 -0.104289 0.885236 -1599.526796 -70.670064 335.099934
0.704980 -0.565135 -0.428516 0.545174 0.818272 -0.182251 0.453640 -0.105133 0.884962 -1599.635429 -70.725945 335.333587
0.705502 -0.563820 -0.429388 0.544146 0.819120 -0.181513 0.454061 -0.105592 0.884692 -1599.791205 -70.803001 335.662932
0.706589 -0.562148 -0.429792 0.543819 0.820004 -0.178477 0.452762 -0.107619 0.885113 -1600.002809 -70.908699 336.100665
0.707591 -0.561002 -0.429642 0.543240 0.820715 -0.176964 0.451891 -0.108181 0.885490 -1600.196397 -70.999588 336.497950
0.708849 -0.560529 -0.428183 0.542985 0.821095 -0.175982 0.450222 -0.107753 0.886391 -1600.379373 -71.082207 336.881170
0.710126 -0.559643 -0.427224 0.543221 0.821526 -0.173225 0.447919 -0.109065 0.887397 -1600.577398 -71.168363 337.305583
0.711422 -0.559243 -0.425590 0.544447 0.821512 -0.169398 0.444361 -0.111198 0.888920 -1600.765073 -71.243264 337.714193
0.714045 -0.558195 -0.422562 0.544954 0.822059 -0.165060 0.439506 -0.112417 0.891177 -1600.952497 -71.326579 338.129458
0.717131 -0.556622 -0.419398 0.544779 0.823021 -0.160786 0.434670 -0.113174 0.893450 -1601.142159 -71.411151 338.550199
0.719893 -0.556813 -0.414383 0.546036 0.822895 -0.157126 0.428484 -0.113154 0.896436 -1601.279101 -71.468247 338.857049
0.723347 -0.557262 -0.407711 0.547428 0.822702 -0.153246 0.420823 -0.112342 0.900160 -1601.391499 -71.510497 339.122421
0.728222 -0.557830 -0.398144 0.549265 0.822486 -0.147736 0.409879 -0.111102 0.905348 -1601.525319 -71.561974 339.449282
0.733317 -0.558844 -0.387221 0.552412 0.821760 -0.139825 0.396343 -0.111369 0.911323 -1601.642274 -71.608718 339.764554
0.739198 -0.558469 -0.376429 0.555396 0.821626 -0.128324 0.380949 -0.114210 0.917515 -1601.754285 -71.652052 340.078313
0.745527 -0.557966 -0.364505 0.558523 0.821464 -0.115101 0.363650 -0.117773 0.924061 -1601.884872 -71.699381 340.450106
0.752396 -0.557481 -0.350877 0.561093 0.821448 -0.101965 0.345071 -0.120157 0.930853 -1601.991761 -71.735258 340.795196
0.760231 -0.557168 -0.334084 0.563866 0.821311 -0.086624 0.322651 -0.122525 0.938554 -1602.112896 -71.774409 341.184737
0.769022 -0.556073 -0.315258 0.566027 0.821547 -0.068366 0.297016 -0.125869 0.946540 -1602.237173 -71.810287 341.614500
0.775880 -0.556302 -0.297555 0.568831 0.820847 -0.051399 0.272840 -0.129380 0.953320 -1602.370344 -71.839661 342.105638
0.781672 -0.556593 -0.281412 0.570983 0.820165 -0.036161 0.250931 -0.132416 0.958905 -1602.477713 -71.848477 342.537612
0.786241 -0.557533 -0.266425 0.573355 0.819015 -0.021894 0.230412 -0.135542 0.963607 -1602.575727 -71.856854 342.959809
0.790739 -0.558485 -0.250651 0.574956 0.818134 -0.009076 0.210134 -0.136937 0.968035 -1602.674324 -71.860424 343.401505
0.796109 -0.558689 -0.232545 0.575120 0.818062 0.003507 0.188277 -0.136534 0.972579 -1602.790488 -71.861825 343.965011
0.801958 -0.558023 -0.213247 0.574218 0.818513 0.017583 0.164734 -0.136551 0.976840 -1602.907629 -71.855235 344.565509
0.808081 -0.556676 -0.192660 0.572555 0.819133 0.034667 0.138515 -0.138322 0.980653 -1603.006478 -71.844630 345.162299
0.813199 -0.556376 -0.170744 0.571426 0.818943 0.052960 0.110364 -0.140635 0.983891 -1603.069281 -71.823643 345.637241
0.817156 -0.557437 -0.146698 0.570806 0.817979 0.071347 0.080225 -0.142037 0.986605 -1603.122962 -71.785579 346.152335
0.820108 -0.558793 -0.123184 0.569946 0.816840 0.089074 0.050848 -0.143258 0.988378 -1603.167983 -71.732027 346.691467
0.822238 -0.560855 -0.096784 0.568847 0.815334 0.107907 0.018391 -0.143780 0.989439 -1603.204807 -71.666671 347.265137
0.823842 -0.562843 -0.067029 0.566529 0.813855 0.129172 -0.018152 -0.144391 0.989354 -1603.224262 -71.581434 347.947230
0.823987 -0.565410 -0.036842 0.563939 0.812063 0.150090 -0.054944 -0.144448 0.987986 -1603.220722 -71.479982 348.656519
0.824003 -0.566538 -0.007370 0.559216 0.811124 0.171333 -0.091089 -0.145300 0.985186 -1603.196665 -71.360824 349.345148
0.823205 -0.567186 0.025166 0.552471 0.810486 0.194649 -0.130799 -0.146333 0.980550 -1603.158741 -71.236199 349.959188
0.821070 -0.568199 0.054714 0.545628 0.809374 0.217264 -0.167734 -0.148536 0.974578 -1603.111446 -71.097250 350.583588
0.817284 -0.570635 0.080142 0.540268 0.807190 0.237813 -0.200394 -0.151063 0.967999 -1603.032080 -70.925208 351.309018
0.813805 -0.572534 0.099630 0.535035 0.805072 0.256119 -0.226846 -0.155126 0.961497 -1602.945052 -70.745177 352.002570
0.809342 -0.575129 0.119132 0.529656 0.802345 0.275149 -0.253831 -0.159591 0.953992 -1602.843851 -70.557846 352.681866
0.805186 -0.576682 0.138252 0.522965 0.800421 0.292975 -0.279613 -0.163599 0.946072 -1602.721427 -70.348414 353.409217
0.800722 -0.578200 0.156620 0.517043 0.799114 0.306729 -0.302508 -0.164626 0.938822 -1602.584882 -70.134098 354.104590
0.796465 -0.578825 0.174944 0.511814 0.799376 0.314713 -0.322010 -0.161119 0.932926 -1602.457681 -69.932814 354.690349
0.792395 -0.578774 0.192693 0.505351 0.799758 0.324048 -0.341658 -0.159396 0.926209 -1602.318022 -69.717834 355.308315
0.788020 -0.579932 0.206647 0.499561 0.798503 0.335905 -0.359810 -0.161467 0.918948 -1602.143917 -69.454536 356.031952
0.783075 -0.582020 0.219196 0.494136 0.796265 0.348987 -0.377656 -0.164971 0.911132 -1601.943690 -69.171475 356.801869
0.778685 -0.583421 0.230801 0.487783 0.794304 0.362145 -0.394610 -0.169416 0.903095 -1601.733675 -68.868466 357.582027
0.774235 -0.584296 0.243225 0.482459 0.793606 0.370705 -0.409626 -0.169667 0.896337 -1601.508584 -68.547354 358.368985
0.770028 -0.584134 0.256601 0.477666 0.794447 0.375086 -0.422957 -0.166257 0.890767 -1601.295168 -68.245822 359.084785
0.766187 -0.585311 0.265271 0.475716 0.794135 0.378212 -0.432033 -0.163587 0.886897 -1601.103564 -67.992567 359.674241
0.763887 -0.586495 0.269259 0.473700 0.792924 0.383249 -0.438276 -0.165211 0.883527 -1600.892932 -67.708786 360.344407
0.762382 -0.588244 0.269709 0.471845 0.790530 0.390417 -0.442873 -0.170386 0.880245 -1600.631821 -67.360046 361.170587
0.761670 -0.589145 0.269755 0.470365 0.789047 0.395173 -0.445663 -0.174109 0.878106 -1600.360153 -66.986787 362.047515
