0.999935 -0.000634 -0.011369 0.000626 1.000000 -0.000712 0.011369 0.000705 0.999935 0.002162 -0.022876 0.928014
0.999795 -0.001021 -0.020213 0.001012 0.999999 -0.000480 0.020213 0.000460 0.999796 -0.006299 -0.042131 1.870193
0.999843 -0.001216 -0.017696 0.001219 0.999999 0.000177 0.017696 -0.000198 0.999843 -0.025208 -0.061186 2.811366
0.999949 -0.002013 -0.009930 0.002019 0.999998 0.000569 0.009929 -0.000589 0.999951 -0.041700 -0.083741 3.738122
0.999994 -0.002487 -0.002333 0.002489 0.999997 0.000793 0.002331 -0.000798 0.999997 -0.051846 -0.105061 4.672880
0.999925 -0.002396 0.012022 0.002408 0.999997 -0.001041 -0.012019 0.001070 0.999927 -0.046168 -0.122348 5.505069
0.999643 -0.004113 0.026384 0.004182 0.999988 -0.002565 -0.026373 0.002674 0.999649 -0.022948 -0.147010 6.397675
0.999330 -0.004052 0.036371 0.004132 0.999989 -0.002113 -0.036362 0.002262 0.999336 -0.001186 -0.170376 7.273575
0.998753 -0.004254 0.049751 0.004321 0.999990 -0.001253 -0.049745 0.001466 0.998761 0.031678 -0.194027 8.167280
0.997746 -0.004568 0.066948 0.004604 0.999989 -0.000389 -0.066945 0.000697 0.997756 0.077950 -0.218062 9.091401
0.996461 -0.004734 0.083921 0.004740 0.999989 0.000128 -0.083921 0.000270 0.996472 0.135911 -0.241625 9.952683
0.994594 -0.005316 0.103702 0.005354 0.999986 -0.000083 -0.103700 0.000638 0.994608 0.217282 -0.260912 10.733832
0.991464 -0.005126 0.130283 0.005231 0.999986 -0.000461 -0.130279 0.001139 0.991477 0.310328 -0.276503 11.437058
0.988313 -0.005805 0.152329 0.006142 0.999980 -0.001744 -0.152315 0.002659 0.988328 0.431240 -0.294761 12.166658
0.984110 -0.005078 0.177489 0.005706 0.999979 -0.003030 -0.177470 0.003995 0.984118 0.570600 -0.312871 12.861271
0.978788 -0.005417 0.204804 0.006261 0.999974 -0.003474 -0.204780 0.004682 0.978797 0.726486 -0.333593 13.554685
0.972996 -0.004888 0.230772 0.005956 0.999975 -0.003930 -0.230747 0.005198 0.973000 0.907268 -0.351366 14.252500
0.965561 -0.004823 0.260132 0.006242 0.999970 -0.004629 -0.260102 0.006093 0.965562 1.103375 -0.374629 14.947570
0.957759 -0.004929 0.287529 0.006704 0.999964 -0.005188 -0.287493 0.006896 0.957758 1.318777 -0.387960 15.649013
0.948103 -0.003644 0.317942 0.005912 0.999963 -0.006169 -0.317908 0.007729 0.948090 1.540490 -0.407728 16.275311
0.939003 -0.002753 0.343897 0.006142 0.999943 -0.008766 -0.343853 0.010344 0.938966 1.757268 -0.428040 16.812623
0.928842 -0.001748 0.370471 0.006170 0.999923 -0.010751 -0.370424 0.012272 0.928782 2.009646 -0.448133 17.410406
0.919851 -0.004545 0.392241 0.009416 0.999901 -0.010495 -0.392154 0.013347 0.919803 2.280442 -0.468034 17.987370
0.910488 -0.005170 0.413504 0.010638 0.999884 -0.010922 -0.413400 0.014343 0.910437 2.614398 -0.492545 18.668069
0.900874 -0.005593 0.434044 0.011418 0.999876 -0.010814 -0.433930 0.014698 0.900827 2.990717 -0.512675 19.419729
0.889505 -0.006248 0.456883 0.012058 0.999879 -0.009802 -0.456766 0.014228 0.889473 3.378850 -0.537192 20.129529
0.877239 -0.006940 0.480004 0.012432 0.999889 -0.008264 -0.479893 0.013217 0.877227 3.765923 -0.557746 20.800060
0.867216 -0.007457 0.497876 0.012566 0.999897 -0.006912 -0.497773 0.012251 0.867221 4.193404 -0.588132 21.550575
0.857203 -0.007298 0.514927 0.013085 0.999885 -0.007612 -0.514812 0.013262 0.857200 4.627842 -0.612081 22.278035
0.844417 -0.008484 0.535619 0.015198 0.999852 -0.008123 -0.535470 0.015000 0.844421 5.072402 -0.629005 22.965231
0.831187 -0.009723 0.555908 0.017186 0.999819 -0.008209 -0.555727 0.016377 0.831204 5.478797 -0.646587 23.544935
0.818580 -0.009480 0.574315 0.016649 0.999835 -0.007225 -0.574152 0.015476 0.818603 5.934404 -0.667646 24.188279
0.806515 -0.010105 0.591128 0.016669 0.999845 -0.005652 -0.590979 0.014412 0.806558 6.374260 -0.685387 24.778122
0.792059 -0.010773 0.610349 0.016987 0.999846 -0.004397 -0.610208 0.013850 0.792120 6.825649 -0.704621 25.341078
0.780213 -0.011758 0.625404 0.018075 0.999830 -0.003752 -0.625253 0.014232 0.780292 7.310181 -0.721124 25.937557
0.769601 -0.011800 0.638417 0.018788 0.999815 -0.004170 -0.638249 0.015204 0.769680 7.849922 -0.743186 26.597550
0.759795 -0.013221 0.650028 0.020616 0.999780 -0.003763 -0.649836 0.016260 0.759901 8.345699 -0.764746 27.172526
0.749796 -0.014777 0.661504 0.022319 0.999747 -0.002965 -0.661293 0.016987 0.749936 8.908040 -0.786973 27.813184
0.741959 -0.016558 0.670241 0.024261 0.999703 -0.002160 -0.670006 0.017863 0.742141 9.471861 -0.807396 28.441806
0.735208 -0.018086 0.677600 0.025431 0.999676 -0.000910 -0.677365 0.017901 0.735430 10.049611 -0.828248 29.076691
0.729894 -0.020061 0.683266 0.027186 0.999630 0.000308 -0.683020 0.018350 0.730169 10.650868 -0.847827 29.721169
0.723335 -0.019169 0.690232 0.026292 0.999654 0.000209 -0.689997 0.017996 0.723588 11.325181 -0.867354 30.436132
0.718819 -0.017757 0.694970 0.025369 0.999678 -0.000698 -0.694734 0.018132 0.719038 11.952052 -0.884412 31.089669
0.713803 -0.016565 0.700150 0.025025 0.999685 -0.001860 -0.699899 0.018849 0.713993 12.493223 -0.901112 31.650396
0.708886 -0.014385 0.705176 0.024700 0.999685 -0.004437 -0.704890 0.020563 0.709018 13.082491 -0.916022 32.242321
0.706070 -0.012980 0.708023 0.024398 0.999684 -0.006004 -0.707721 0.021513 0.706164 13.713213 -0.938262 32.880028
0.703997 -0.012343 0.710096 0.023946 0.999693 -0.006365 -0.709799 0.021485 0.704076 14.329411 -0.964942 33.498420
0.701511 -0.011575 0.712565 0.024137 0.999680 -0.007523 -0.712250 0.022477 0.701566 15.028672 -0.992990 34.188135
0.698399 -0.010747 0.715628 0.023780 0.999684 -0.008195 -0.715314 0.022741 0.698433 15.751812 -1.020975 34.904807
0.695925 -0.010411 0.718039 0.023273 0.999697 -0.008062 -0.717738 0.022322 0.695956 16.382761 -1.049173 35.523017
0.692581 -0.010663 0.721261 0.023074 0.999707 -0.007377 -0.720971 0.021752 0.692624 17.024221 -1.075965 36.145015
0.692321 -0.010814 0.721508 0.022583 0.999723 -0.006685 -0.721236 0.020922 0.692373 17.700024 -1.101571 36.807981
0.689956 -0.010561 0.723774 0.021661 0.999747 -0.006062 -0.723527 0.019860 0.690011 18.439972 -1.129095 37.527887
0.687173 -0.010671 0.726415 0.020815 0.999771 -0.005004 -0.726195 0.018559 0.687238 19.135549 -1.158737 38.194883
0.686668 -0.010561 0.726895 0.020255 0.999784 -0.004608 -0.726689 0.017888 0.686734 19.851236 -1.186784 38.877371
0.683155 -0.010361 0.730200 0.019666 0.999798 -0.004212 -0.730009 0.017237 0.683220 20.572252 -1.210398 39.567820
0.681350 -0.010152 0.731887 0.019512 0.999800 -0.004296 -0.731697 0.017208 0.681412 21.255581 -1.233038 40.212334
0.680531 -0.009484 0.732658 0.018904 0.999811 -0.004617 -0.732476 0.016992 0.680581 21.899245 -1.254067 40.818826
0.680259 -0.008807 0.732919 0.018062 0.999826 -0.004750 -0.732749 0.016470 0.680300 22.486949 -1.272608 41.374679
0.684579 -0.008481 0.728889 0.018089 0.999822 -0.005357 -0.728714 0.016852 0.684610 23.097042 -1.291067 41.958886
0.686331 -0.009287 0.727230 0.018267 0.999823 -0.004471 -0.727060 0.016353 0.686379 23.753830 -1.317065 42.585328
0.685360 -0.009973 0.728136 0.018228 0.999828 -0.003463 -0.727976 0.015646 0.685424 24.361241 -1.340803 43.164832
0.685380 -0.010510 0.728110 0.018289 0.999829 -0.002783 -0.727956 0.015224 0.685455 24.953889 -1.361574 43.728812
0.685751 -0.011206 0.727750 0.018212 0.999833 -0.001765 -0.727608 0.014464 0.685840 25.514144 -1.381475 44.264125
0.685414 -0.012470 0.728047 0.018768 0.999824 -0.000544 -0.727912 0.014036 0.685527 26.084870 -1.398926 44.808812
0.686344 -0.014273 0.727137 0.019780 0.999804 0.000954 -0.727008 0.013728 0.686492 26.707345 -1.414634 45.400755
0.690406 -0.015108 0.723264 0.020658 0.999786 0.001165 -0.723127 0.014137 0.690570 27.356384 -1.430176 46.025712
0.690684 -0.015474 0.722991 0.022083 0.999756 0.000301 -0.722820 0.015758 0.690857 27.972605 -1.444887 46.618612
0.691126 -0.016080 0.722555 0.022809 0.999740 0.000433 -0.722374 0.016181 0.691313 28.554219 -1.462377 47.177705
0.693302 -0.017050 0.720445 0.023596 0.999721 0.000952 -0.720261 0.016340 0.693511 29.144575 -1.481213 47.748285
0.696912 -0.018250 0.716925 0.024609 0.999696 0.001526 -0.716735 0.016580 0.697149 29.835075 -1.496081 48.431770
0.699963 -0.019334 0.713917 0.025763 0.999666 0.001812 -0.713714 0.017125 0.700228 30.575527 -1.514993 49.168107
0.703845 -0.020014 0.710071 0.026667 0.999643 0.001743 -0.709852 0.017708 0.704128 31.325386 -1.537131 49.915703
0.707753 -0.020324 0.706168 0.028104 0.999605 0.000602 -0.705901 0.019419 0.708045 32.061850 -1.556311 50.660866
0.709582 -0.021024 0.704309 0.029105 0.999576 0.000515 -0.704021 0.020134 0.709894 32.747373 -1.572986 51.359678
0.709668 -0.022188 0.704187 0.030214 0.999543 0.001045 -0.703889 0.020534 0.710014 33.358041 -1.590188 51.979478
0.711458 -0.022808 0.702359 0.031252 0.999511 0.000801 -0.702034 0.021380 0.711823 33.949846 -1.605747 52.580222
0.714285 -0.022997 0.699477 0.032248 0.999480 -0.000070 -0.699112 0.022607 0.714655 34.528480 -1.616380 53.170158
0.712191 -0.023647 0.701587 0.033105 0.999452 0.000081 -0.701205 0.023168 0.712584 35.117183 -1.634710 53.767147
0.710248 -0.023917 0.703546 0.033302 0.999445 0.000356 -0.703164 0.023176 0.710650 35.718338 -1.656496 54.376670
0.710969 -0.024253 0.702805 0.033668 0.999433 0.000430 -0.702417 0.023357 0.711382 36.313752 -1.673706 54.982173
0.710753 -0.025613 0.702975 0.035334 0.999375 0.000688 -0.702553 0.024350 0.711214 37.028929 -1.697737 55.702728
0.708068 -0.025351 0.705689 0.035680 0.999363 0.000100 -0.705243 0.025108 0.708521 37.802368 -1.723169 56.474807
0.705306 -0.025184 0.708455 0.035161 0.999382 0.000520 -0.708030 0.024543 0.705756 38.500408 -1.748587 57.169771
0.702404 -0.025296 0.711329 0.034706 0.999397 0.001270 -0.710932 0.023795 0.702858 39.202028 -1.774351 57.855627
0.701794 -0.025420 0.711927 0.034067 0.999417 0.002103 -0.711565 0.022777 0.702251 39.893364 -1.796344 58.541166
0.699543 -0.025876 0.714122 0.034487 0.999402 0.002429 -0.713758 0.022929 0.700017 40.583205 -1.814858 59.215152
0.697293 -0.025492 0.716333 0.033956 0.999420 0.002513 -0.715981 0.022571 0.697754 41.185929 -1.829520 59.796653
0.696905 -0.026281 0.716681 0.034700 0.999394 0.002905 -0.716323 0.022844 0.697395 41.859538 -1.845079 60.441329
0.695008 -0.027504 0.718476 0.035415 0.999365 0.003999 -0.718129 0.022666 0.695540 42.577230 -1.855926 61.130892
0.692401 -0.027366 0.720994 0.034476 0.999394 0.004824 -0.720689 0.021517 0.692925 43.332458 -1.868880 61.858080
0.689261 -0.029368 0.723917 0.034822 0.999366 0.007387 -0.723676 0.020117 0.689847 44.138778 -1.884978 62.625211
0.684035 -0.029098 0.728869 0.033137 0.999412 0.008799 -0.728697 0.018134 0.684597 44.903449 -1.905049 63.356382
0.677386 -0.030362 0.735001 0.032886 0.999399 0.010976 -0.734893 0.016736 0.677977 45.661329 -1.920345 64.056285
0.669569 -0.031213 0.742094 0.032973 0.999381 0.012284 -0.742018 0.016244 0.670184 46.456788 -1.932141 64.775996
0.660724 -0.031969 0.749948 0.033577 0.999351 0.013018 -0.749878 0.016580 0.661369 47.221673 -1.943620 65.450817
0.657051 -0.032316 0.753153 0.032881 0.999358 0.014195 -0.753129 0.015437 0.657692 47.945928 -1.953839 66.086525
0.654258 -0.031590 0.755612 0.032065 0.999387 0.014017 -0.755591 0.015058 0.654870 48.683182 -1.966177 66.729134
0.650459 -0.030863 0.758914 0.032058 0.999399 0.013167 -0.758865 0.015765 0.651058 49.424510 -1.982091 67.370130
0.645811 -0.030859 0.762874 0.033882 0.999357 0.011741 -0.762745 0.018265 0.646441 50.224206 -1.997675 68.045813
0.637862 -0.031656 0.769500 0.035497 0.999301 0.011685 -0.769332 0.019862 0.638540 51.006310 -2.004836 68.680902
0.629838 -0.032892 0.776030 0.036231 0.999260 0.012948 -0.775881 0.019961 0.630563 51.684734 -2.012207 69.218669
0.624456 -0.034539 0.780296 0.037439 0.999197 0.014267 -0.780162 0.020304 0.625247 52.419090 -2.008096 69.802513
0.624738 -0.035326 0.780035 0.037636 0.999177 0.015107 -0.779927 0.019919 0.625554 53.222365 -2.009791 70.425395
0.622407 -0.035489 0.781888 0.037409 0.999179 0.015573 -0.781799 0.019557 0.623224 54.086543 -2.007131 71.118546
0.612420 -0.034642 0.789773 0.037975 0.999175 0.014381 -0.789620 0.021184 0.613230 54.885260 -2.007095 71.745005
0.605453 -0.032609 0.795213 0.037139 0.999229 0.012698 -0.795014 0.021846 0.606198 55.753069 -2.018573 72.414139
0.602461 -0.032669 0.797479 0.039343 0.999163 0.011210 -0.797178 0.024621 0.603242 56.805332 -2.030315 73.217400
0.597132 -0.030399 0.801567 0.038439 0.999218 0.009259 -0.801222 0.025282 0.597833 57.879581 -2.039488 74.032736
0.592909 -0.028610 0.804761 0.037252 0.999273 0.008080 -0.804407 0.025188 0.593544 58.891139 -2.058956 74.788244
0.589921 -0.027148 0.807004 0.036263 0.999317 0.007109 -0.806646 0.025071 0.590503 59.786249 -2.073949 75.444378
0.589920 -0.027473 0.806995 0.036811 0.999297 0.007110 -0.806623 0.025512 0.590516 60.585009 -2.086388 76.030785
0.589989 -0.027780 0.806933 0.037302 0.999279 0.007129 -0.806549 0.025894 0.590600 61.300440 -2.098185 76.563110
0.589956 -0.027960 0.806951 0.038137 0.999250 0.006742 -0.806534 0.026797 0.590580 61.975911 -2.107141 77.059901
0.589517 -0.027247 0.807297 0.038206 0.999253 0.005826 -0.806852 0.027409 0.590117 62.675834 -2.116089 77.579300
0.588720 -0.024890 0.807953 0.037044 0.999306 0.003793 -0.807488 0.027697 0.589234 63.448745 -2.128714 78.149827
0.588762 -0.024256 0.807943 0.037210 0.999303 0.002885 -0.807450 0.028365 0.589254 64.197042 -2.142047 78.700119
0.589943 -0.024367 0.807077 0.038316 0.999263 0.002162 -0.806535 0.029648 0.590442 65.013108 -2.153784 79.298204
0.591516 -0.024882 0.805909 0.040064 0.999196 0.001444 -0.805297 0.031434 0.592037 65.822527 -2.170432 79.899537
0.592766 -0.025592 0.804968 0.042524 0.999095 0.000451 -0.804251 0.033963 0.593318 66.531950 -2.187151 80.424496
0.594801 -0.025471 0.803470 0.044989 0.998986 -0.001635 -0.802613 0.037120 0.595344 67.262150 -2.204875 80.970063
0.593953 -0.026178 0.804074 0.046426 0.998920 -0.001772 -0.803159 0.038382 0.594527 68.057255 -2.229336 81.559443
0.593658 -0.026931 0.804267 0.047195 0.998885 -0.001388 -0.803332 0.038781 0.594267 68.813466 -2.255530 82.118380
0.593712 -0.026486 0.804241 0.048100 0.998839 -0.002615 -0.803238 0.040237 0.594297 69.623791 -2.278990 82.717022
0.589587 -0.025219 0.807311 0.048464 0.998816 -0.004192 -0.806249 0.041597 0.590111 70.426893 -2.302905 83.294924
0.586880 -0.024290 0.809309 0.048978 0.998784 -0.005541 -0.808191 0.042890 0.587356 71.116049 -2.326624 83.793377
0.584783 -0.023632 0.810845 0.049821 0.998735 -0.006823 -0.809658 0.044387 0.585221 71.820112 -2.348986 84.302816
0.581589 -0.022246 0.813178 0.050241 0.998700 -0.008611 -0.811930 0.045863 0.581951 72.616458 -2.378199 84.876052
0.579549 -0.021955 0.814642 0.051893 0.998603 -0.010005 -0.813284 0.048072 0.579878 73.514121 -2.413513 85.507972
0.576426 -0.021377 0.816870 0.052483 0.998562 -0.010903 -0.815462 0.049157 0.576719 74.432022 -2.446461 86.157414
0.575305 -0.022860 0.817619 0.053859 0.998499 -0.009980 -0.816164 0.049777 0.575673 75.253961 -2.477808 86.732010
0.575577 -0.024543 0.817379 0.056181 0.998375 -0.009583 -0.815815 0.051437 0.576021 76.069616 -2.509079 87.299416
0.575963 -0.025228 0.817086 0.057723 0.998284 -0.009867 -0.815435 0.052848 0.576431 76.864513 -2.535038 87.856836
0.574848 -0.025249 0.817871 0.057345 0.998309 -0.009487 -0.816248 0.052354 0.575324 77.598278 -2.560898 88.378791
0.571659 -0.025692 0.820089 0.057314 0.998319 -0.008676 -0.818487 0.051962 0.572170 78.340761 -2.585484 88.899683
0.567765 -0.026449 0.822766 0.057269 0.998331 -0.007427 -0.821196 0.051335 0.568332 79.069417 -2.614974 89.405996
0.563826 -0.027808 0.825425 0.058329 0.998278 -0.006212 -0.823831 0.051648 0.564478 79.791454 -2.646597 89.898365
0.562207 -0.029665 0.826464 0.058958 0.998251 -0.004275 -0.824892 0.051130 0.562973 80.594641 -2.673294 90.445256
0.560946 -0.032715 0.827206 0.060981 0.998137 -0.001877 -0.825604 0.051497 0.561896 81.433143 -2.698961 91.014466
0.559753 -0.034811 0.827928 0.062410 0.998051 -0.000231 -0.826306 0.051800 0.560835 82.211989 -2.721261 91.540857
0.558165 -0.035787 0.828958 0.062988 0.998014 0.000674 -0.827336 0.051838 0.559310 83.025468 -2.742516 92.092215
0.554520 -0.036098 0.831387 0.062964 0.998015 0.001337 -0.829785 0.051606 0.555692 83.738821 -2.763368 92.575034
0.552483 -0.036258 0.832735 0.064029 0.997948 0.000971 -0.831061 0.052782 0.553671 84.462016 -2.781418 93.053802
0.551268 -0.035430 0.833576 0.065137 0.997876 -0.000664 -0.831782 0.054662 0.552405 85.270444 -2.794571 93.588615
0.547671 -0.035265 0.835950 0.065200 0.997872 -0.000620 -0.834150 0.054844 0.548805 86.028951 -2.810818 94.090267
0.545117 -0.035240 0.837619 0.064289 0.997931 0.000146 -0.835891 0.053770 0.546255 86.727194 -2.824124 94.546818
0.545972 -0.035104 0.837068 0.063506 0.997981 0.000431 -0.835393 0.052923 0.547099 87.549780 -2.830366 95.090434
0.544177 -0.036368 0.838182 0.062417 0.998046 0.002781 -0.836645 0.050804 0.545384 88.305517 -2.842613 95.590546
0.542527 -0.037015 0.839222 0.061300 0.998110 0.004394 -0.837799 0.049061 0.543771 89.096353 -2.851838 96.102354
0.540855 -0.036730 0.840314 0.060999 0.998128 0.004367 -0.838901 0.048896 0.542083 89.805831 -2.854649 96.559318
0.538925 -0.036375 0.841568 0.059829 0.998197 0.004832 -0.840226 0.047746 0.540130 90.455254 -2.866802 96.976473
0.538322 -0.035537 0.841990 0.058015 0.998303 0.005042 -0.840740 0.046133 0.539470 91.164597 -2.880083 97.431188
0.536138 -0.034906 0.843409 0.056537 0.998386 0.005380 -0.842235 0.044800 0.537246 91.909567 -2.890998 97.903925
0.534287 -0.034439 0.844601 0.054921 0.998473 0.005971 -0.843517 0.043197 0.535362 92.618061 -2.899660 98.355844
0.533218 -0.034706 0.845266 0.053784 0.998528 0.007070 -0.844266 0.041692 0.534300 93.459676 -2.910098 98.891668
0.531305 -0.035100 0.846453 0.052804 0.998571 0.008263 -0.845534 0.040306 0.532399 94.233997 -2.919799 99.380826
0.529212 -0.035271 0.847756 0.052055 0.998603 0.009051 -0.846892 0.039340 0.530308 95.038003 -2.929376 99.881120
0.528862 -0.035636 0.847959 0.051492 0.998625 0.009853 -0.847144 0.038452 0.529969 95.825248 -2.936030 100.372656
0.526315 -0.036640 0.849500 0.050736 0.998644 0.011639 -0.848775 0.036975 0.527460 96.500698 -2.941952 100.794293
0.523437 -0.037160 0.851254 0.049664 0.998681 0.013057 -0.850616 0.035443 0.524591 97.113556 -2.946939 101.170221
0.522056 -0.038354 0.852048 0.049061 0.998685 0.014895 -0.851499 0.034026 0.523251 97.719773 -2.953247 101.540524
0.521255 -0.039516 0.852486 0.048992 0.998666 0.016335 -0.851993 0.033250 0.522496 98.487498 -2.956287 102.009773
0.519413 -0.039476 0.853611 0.048153 0.998697 0.016886 -0.853165 0.032333 0.520637 99.296572 -2.954182 102.504973
0.517898 -0.038939 0.854556 0.047616 0.998727 0.016651 -0.854116 0.032067 0.519093 100.121156 -2.949594 103.007192
0.515328 -0.039096 0.856101 0.046818 0.998751 0.017429 -0.855713 0.031099 0.516515 100.818219 -2.950480 103.431272
0.513462 -0.038927 0.857229 0.046059 0.998781 0.017767 -0.856875 0.030360 0.514629 101.461004 -2.953593 103.817362
0.513132 -0.037139 0.857506 0.045857 0.998823 0.015819 -0.857084 0.031206 0.514231 102.178406 -2.950444 104.251539
0.511532 -0.036205 0.858501 0.044988 0.998870 0.015319 -0.858086 0.030786 0.512583 102.935022 -2.951949 104.708675
0.509737 -0.034974 0.859619 0.043801 0.998933 0.014669 -0.859215 0.030175 0.510725 103.613188 -2.956075 105.113523
0.506993 -0.034225 0.861270 0.042931 0.998974 0.014425 -0.860880 0.029662 0.507943 104.289011 -2.961815 105.509713
0.502879 -0.033271 0.863716 0.041459 0.999037 0.014345 -0.863362 0.028595 0.503774 105.002500 -2.966647 105.923297
0.501170 -0.032903 0.864723 0.041162 0.999052 0.014158 -0.864370 0.028498 0.502049 105.773338 -2.972599 106.367193
0.500196 -0.032407 0.865305 0.040315 0.999087 0.014113 -0.864973 0.027826 0.501046 106.549446 -2.972484 106.821565
0.497109 -0.033109 0.867056 0.040090 0.999081 0.015166 -0.866761 0.027221 0.497980 107.216410 -2.974761 107.207261
0.495775 -0.033694 0.867797 0.039566 0.999086 0.016187 -0.867549 0.026310 0.496655 107.881450 -2.975938 107.594818
0.496389 -0.034287 0.867423 0.039367 0.999081 0.016963 -0.867207 0.025728 0.497282 108.535544 -2.977028 107.976167
0.493716 -0.034550 0.868936 0.038450 0.999101 0.017879 -0.868773 0.024583 0.494601 109.192633 -2.979755 108.356684
0.492621 -0.034888 0.869544 0.037445 0.999120 0.018873 -0.869438 0.023262 0.493494 109.878389 -2.981349 108.749279
0.492297 -0.034811 0.869731 0.036596 0.999144 0.019276 -0.869658 0.022339 0.493150 110.570260 -2.982172 109.149616
0.491752 -0.034352 0.870058 0.035547 0.999180 0.019359 -0.870010 0.021408 0.492570 111.274673 -2.984575 109.550214
0.491666 -0.033253 0.870149 0.034308 0.999234 0.018802 -0.870108 0.020609 0.492430 111.998328 -2.989026 109.967678
0.491711 -0.033356 0.870120 0.034494 0.999228 0.018813 -0.870075 0.020763 0.492482 112.736821 -2.994502 110.383327
0.492867 -0.034082 0.869437 0.034387 0.999215 0.019676 -0.869425 0.020200 0.493652 113.553287 -2.995599 110.842047
0.493577 -0.034614 0.869013 0.034393 0.999203 0.020265 -0.869022 0.019886 0.494374 114.389746 -2.994971 111.319572
0.494395 -0.033694 0.868584 0.033403 0.999247 0.019750 -0.868595 0.019250 0.495148 115.279909 -2.993159 111.832312
0.495702 -0.032069 0.867900 0.032013 0.999314 0.018641 -0.867903 0.018544 0.496388 116.141225 -2.992254 112.333112
0.496061 -0.030477 0.867753 0.030743 0.999374 0.017526 -0.867743 0.017983 0.496687 116.948026 -2.992501 112.796788
0.496668 -0.029526 0.867438 0.031115 0.999384 0.016201 -0.867383 0.018944 0.497281 117.833972 -2.995656 113.306726
0.499939 -0.028609 0.865588 0.032134 0.999379 0.014471 -0.865464 0.020580 0.500548 118.757335 -2.995317 113.843116
0.502121 -0.026780 0.864383 0.032131 0.999408 0.012298 -0.864200 0.021598 0.502684 119.649971 -2.995885 114.366793
0.504377 -0.025419 0.863109 0.031934 0.999432 0.010772 -0.862893 0.022129 0.504902 120.530978 -3.000643 114.886961
0.505492 -0.023144 0.862521 0.030820 0.999487 0.008756 -0.862281 0.022157 0.505945 121.413079 -3.006843 115.407590
0.507015 -0.021124 0.861678 0.030471 0.999514 0.006574 -0.861398 0.022923 0.507413 122.267536 -3.014928 115.913265
0.508235 -0.019556 0.860997 0.030925 0.999512 0.004447 -0.860663 0.024366 0.508591 123.122488 -3.027475 116.419428
0.510361 -0.018478 0.859762 0.031225 0.999508 0.002946 -0.859393 0.025342 0.510687 123.950182 -3.037531 116.916209
0.512475 -0.017712 0.858519 0.031848 0.999491 0.001609 -0.858111 0.026518 0.512778 124.809379 -3.046366 117.434126
0.514022 -0.016726 0.857614 0.032845 0.999460 -0.000193 -0.857148 0.028268 0.514294 125.656631 -3.061366 117.948440
0.514858 -0.015737 0.857131 0.033400 0.999441 -0.001713 -0.856624 0.029510 0.515096 126.552359 -3.074646 118.492639
0.515991 -0.014471 0.856472 0.033573 0.999431 -0.003340 -0.855936 0.030478 0.516183 127.471508 -3.097259 119.051593
0.519663 -0.012259 0.854283 0.033125 0.999434 -0.005808 -0.853729 0.031317 0.519776 128.448722 -3.125876 119.647901
0.525913 -0.008943 0.850491 0.032880 0.999411 -0.009823 -0.849903 0.033130 0.525897 129.327874 -3.155447 120.203593
0.533756 -0.005454 0.845621 0.032124 0.999388 -0.013831 -0.845028 0.034547 0.533605 130.199859 -3.186299 120.761586
0.537170 -0.003671 0.843466 0.030364 0.999427 -0.014988 -0.842928 0.033662 0.536973 131.097864 -3.218606 121.344356
0.538469 -0.003287 0.842639 0.030882 0.999398 -0.015836 -0.842079 0.034549 0.538246 132.013715 -3.255742 121.931524
0.540535 -0.002364 0.841318 0.030828 0.999380 -0.016998 -0.840757 0.035125 0.540273 132.932758 -3.290119 122.536112
0.541163 -0.002109 0.840915 0.031528 0.999345 -0.017783 -0.840326 0.036136 0.540875 133.864023 -3.324027 123.145428
0.541774 -0.002441 0.840521 0.032119 0.999326 -0.017800 -0.839911 0.036641 0.541487 134.774524 -3.363879 123.737014
0.543337 -0.002829 0.839510 0.032324 0.999323 -0.017553 -0.838892 0.036673 0.543061 135.664011 -3.402000 124.316868
0.544451 -0.003081 0.838787 0.032211 0.999332 -0.017237 -0.838174 0.036403 0.544187 136.455648 -3.434856 124.842067
0.544434 -0.004181 0.838793 0.033139 0.999314 -0.016527 -0.838149 0.036795 0.544199 137.132963 -3.463628 125.286289
0.542748 -0.006157 0.839873 0.034985 0.999271 -0.015282 -0.839166 0.037677 0.542568 137.755221 -3.494590 125.691738
0.540055 -0.007328 0.841598 0.036231 0.999238 -0.014549 -0.840849 0.038349 0.539909 138.445465 -3.526133 126.136719
0.536568 -0.006564 0.843832 0.037494 0.999168 -0.016069 -0.843024 0.040261 0.536368 139.151344 -3.554656 126.587646
0.528415 -0.001285 0.848986 0.037931 0.999036 -0.022096 -0.848139 0.043879 0.527954 139.885385 -3.586315 127.049511
0.521346 0.005989 0.853324 0.040205 0.998692 -0.031573 -0.852398 0.050768 0.520424 140.614957 -3.627215 127.500761
0.517953 0.009041 0.855361 0.042783 0.998419 -0.036459 -0.854338 0.055479 0.516747 141.442888 -3.672261 128.001875
0.515498 0.006247 0.856868 0.043766 0.998476 -0.033610 -0.855772 0.054827 0.514439 142.155748 -3.716934 128.428983
0.510860 0.000470 0.859664 0.045239 0.998600 -0.027429 -0.858473 0.052902 0.510123 142.919508 -3.764521 128.881805
0.508054 -0.005435 0.861308 0.045449 0.998756 -0.020507 -0.860125 0.049564 0.507669 143.704152 -3.811898 129.341325
0.503054 -0.008744 0.864211 0.046870 0.998753 -0.017177 -0.862983 0.049147 0.502836 144.456070 -3.851580 129.773132
0.497067 -0.009818 0.867657 0.048031 0.998714 -0.016216 -0.866382 0.049735 0.496899 145.141098 -3.889490 130.166132
0.492186 -0.010568 0.870426 0.048410 0.998711 -0.015248 -0.869143 0.049642 0.492064 145.834878 -3.923962 130.558720
0.489921 -0.009003 0.871720 0.048812 0.998661 -0.017119 -0.870399 0.050937 0.489705 146.595018 -3.953814 130.991643
0.483602 -0.007994 0.875252 0.050243 0.998563 -0.018640 -0.873845 0.052989 0.483308 147.360516 -3.987372 131.412888
0.477904 -0.008626 0.878370 0.052510 0.998444 -0.018764 -0.876841 0.055091 0.477614 148.054241 -4.021452 131.785558
0.472415 -0.009953 0.881320 0.054748 0.998337 -0.018072 -0.879674 0.056788 0.472175 148.872524 -4.062641 132.222404
0.467014 -0.011054 0.884181 0.056237 0.998269 -0.017223 -0.882460 0.057767 0.466828 149.636881 -4.100435 132.628500
0.461299 -0.012023 0.887164 0.058612 0.998137 -0.016950 -0.885307 0.059817 0.461144 150.340939 -4.138360 132.990568
0.455066 -0.012687 0.890367 0.061153 0.997983 -0.017035 -0.888355 0.062201 0.454924 151.055912 -4.175023 133.353034
0.448492 -0.013040 0.893692 0.063385 0.997840 -0.017250 -0.891537 0.064383 0.448350 151.802575 -4.213032 133.724971
0.443002 -0.013507 0.896419 0.065342 0.997714 -0.017259 -0.894136 0.066220 0.442872 152.574672 -4.246745 134.104266
0.437833 -0.014751 0.898935 0.066861 0.997631 -0.016195 -0.896567 0.067194 0.437782 153.399948 -4.283037 134.503192
0.432162 -0.016247 0.901649 0.068823 0.997516 -0.015012 -0.899166 0.068542 0.432207 154.176781 -4.318882 134.872179
0.423348 -0.016321 0.905820 0.070944 0.997365 -0.015186 -0.903185 0.070691 0.423390 154.858032 -4.354954 135.183441
0.412175 -0.014731 0.910985 0.073036 0.997186 -0.016920 -0.908172 0.073509 0.412091 155.531134 -4.389980 135.479422
0.398161 -0.013337 0.917219 0.075214 0.997002 -0.018153 -0.914227 0.076216 0.397970 156.210976 -4.425997 135.762345
0.386953 -0.012866 0.922010 0.077528 0.996816 -0.018627 -0.918834 0.078689 0.386719 156.886923 -4.462127 136.033852
0.373422 -0.012913 0.927572 0.080567 0.996576 -0.018561 -0.924156 0.081663 0.373184 157.560731 -4.501623 136.290763
0.356767 -0.012091 0.934115 0.083775 0.996302 -0.019101 -0.930430 0.085069 0.356461 158.281398 -4.543420 136.552965
0.342495 -0.011912 0.939444 0.086109 0.996109 -0.018762 -0.935565 0.087320 0.342188 158.995243 -4.585279 136.797653
0.332429 -0.012894 0.943040 0.087697 0.995997 -0.017295 -0.939042 0.088451 0.332229 159.734712 -4.624678 137.048328
0.326727 -0.014417 0.945009 0.088138 0.995991 -0.015278 -0.941000 0.088283 0.326688 160.601155 -4.663576 137.347449
0.322023 -0.019150 0.946538 0.089527 0.995931 -0.010309 -0.942489 0.088060 0.322427 161.417943 -4.700441 137.622390
0.323348 -0.024553 0.945961 0.091191 0.995819 -0.005324 -0.941876 0.087985 0.324235 162.213471 -4.731163 137.888224
0.320110 -0.026490 0.947010 0.092376 0.995718 -0.003373 -0.942866 0.088561 0.321186 162.940289 -4.760485 138.128261
0.311431 -0.023663 0.949974 0.093624 0.995590 -0.005893 -0.945646 0.090776 0.312273 163.651809 -4.782314 138.355220
0.304079 -0.022559 0.952380 0.095167 0.995438 -0.006806 -0.947881 0.092704 0.304839 164.389494 -4.805488 138.588645
0.298426 -0.022948 0.954157 0.097232 0.995241 -0.006475 -0.949467 0.094707 0.299237 165.070464 -4.827249 138.794954
0.297910 -0.024306 0.954285 0.099356 0.995036 -0.005673 -0.949409 0.096504 0.298846 165.849025 -4.849989 139.035665
0.298060 -0.025020 0.954219 0.100433 0.994930 -0.005284 -0.949249 0.097410 0.299062 166.616628 -4.872287 139.275295
0.293256 -0.023993 0.955733 0.101285 0.994839 -0.006103 -0.950654 0.098591 0.294172 167.369966 -4.889733 139.506592
0.286280 -0.023388 0.957860 0.102793 0.994682 -0.006435 -0.952616 0.100304 0.287162 168.126464 -4.909713 139.735441
0.278745 -0.023890 0.960068 0.103354 0.994631 -0.005258 -0.954787 0.100692 0.279718 168.833923 -4.935086 139.942151
0.269505 -0.023412 0.962714 0.103717 0.994595 -0.004848 -0.957397 0.101157 0.270477 169.548992 -4.960691 140.134774
0.263734 -0.022450 0.964334 0.103713 0.994594 -0.005210 -0.959004 0.101388 0.264636 170.270903 -4.985990 140.328215
0.260266 -0.023627 0.965248 0.103726 0.994599 -0.003623 -0.959949 0.101065 0.261311 171.028684 -5.010317 140.532980
0.258932 -0.026256 0.965539 0.104149 0.994561 -0.000885 -0.960264 0.100789 0.260258 171.861299 -5.034862 140.760626
0.257671 -0.027581 0.965839 0.104122 0.994564 0.000623 -0.960606 0.100405 0.259142 172.760456 -5.059863 141.004912
0.252673 -0.026022 0.967202 0.104588 0.994516 -0.000566 -0.961882 0.101300 0.254009 173.632949 -5.082772 141.230479
0.247145 -0.023830 0.968686 0.105563 0.994410 -0.002469 -0.963211 0.102867 0.248279 174.450052 -5.107554 141.435619
0.242846 -0.022939 0.969794 0.106161 0.994344 -0.003065 -0.964238 0.103699 0.243907 175.281122 -5.130130 141.646909
0.240894 -0.022998 0.970279 0.106146 0.994347 -0.002784 -0.964729 0.103662 0.241974 176.141194 -5.157847 141.862930
0.237938 -0.024547 0.970970 0.105784 0.994389 -0.000784 -0.965503 0.102900 0.239200 176.939506 -5.185705 142.058038
0.232929 -0.025597 0.972157 0.104998 0.994472 0.001027 -0.966809 0.101836 0.234329 177.652117 -5.211718 142.225303
0.229444 -0.025800 0.972980 0.104829 0.994489 0.001650 -0.967660 0.101618 0.230884 178.419929 -5.234007 142.406345
0.228252 -0.026462 0.973242 0.104873 0.994483 0.002444 -0.967937 0.101509 0.229768 179.198855 -5.256730 142.589146
0.222116 -0.027621 0.974629 0.104882 0.994475 0.004282 -0.969363 0.101270 0.223786 179.902827 -5.281909 142.747211
0.217003 -0.027767 0.975776 0.104923 0.994468 0.004965 -0.970516 0.101304 0.218716 180.576188 -5.304991 142.894910
0.214806 -0.027190 0.976278 0.105315 0.994429 0.004524 -0.970962 0.101845 0.216472 181.265836 -5.328029 143.045956
0.211155 -0.028002 0.977051 0.105418 0.994412 0.005717 -0.971751 0.101791 0.212927 181.987664 -5.349880 143.201948
0.209081 -0.029435 0.977455 0.105155 0.994428 0.007453 -0.972228 0.101226 0.211011 182.691188 -5.373603 143.351559
0.206583 -0.030465 0.977955 0.104571 0.994478 0.008890 -0.972825 0.100429 0.208627 183.382697 -5.396559 143.495866
0.202150 -0.031077 0.978861 0.104392 0.994486 0.010015 -0.973775 0.100161 0.204280 184.108680 -5.418981 143.645740
0.200673 -0.031592 0.979149 0.104163 0.994502 0.010739 -0.974105 0.099836 0.202860 184.836344 -5.440011 143.792284
0.202108 -0.032281 0.978831 0.104098 0.994503 0.011304 -0.973815 0.099610 0.204357 185.545885 -5.458375 143.933702
0.203120 -0.034551 0.978544 0.104538 0.994430 0.013413 -0.973557 0.099571 0.205601 186.244907 -5.474779 144.073968
0.201130 -0.036350 0.978890 0.104919 0.994362 0.015367 -0.973930 0.099613 0.203810 186.934815 -5.489746 144.213152
0.197828 -0.037609 0.979515 0.105620 0.994264 0.016843 -0.974530 0.100125 0.200665 187.595492 -5.503094 144.344990
0.192809 -0.038244 0.980491 0.105709 0.994234 0.017993 -0.975526 0.100178 0.195740 188.271317 -5.514819 144.478016
0.188867 -0.038651 0.981242 0.105675 0.994223 0.018822 -0.976300 0.100138 0.191860 188.977956 -5.525795 144.613691
0.187110 -0.039364 0.981550 0.105403 0.994233 0.019780 -0.976668 0.099757 0.190180 189.637042 -5.536526 144.737747
0.186892 -0.039703 0.981578 0.105666 0.994199 0.020094 -0.976681 0.099964 0.190003 190.352866 -5.545367 144.875946
0.186656 -0.038813 0.981658 0.106071 0.994174 0.019139 -0.976682 0.100553 0.189685 191.154542 -5.551351 145.031444
0.181151 -0.038445 0.982704 0.106593 0.994117 0.019242 -0.977662 0.101264 0.184183 191.952037 -5.560108 145.182422
0.172125 -0.039213 0.984294 0.106631 0.994078 0.020956 -0.979287 0.101349 0.175287 192.703551 -5.570810 145.315440
0.168861 -0.041326 0.984773 0.106749 0.994010 0.023409 -0.979842 0.101171 0.172261 193.470362 -5.578243 145.446415
0.166277 -0.042989 0.985142 0.106791 0.993958 0.025349 -0.980279 0.100989 0.169864 194.170424 -5.583952 145.565302
0.163215 -0.043839 0.985616 0.106421 0.993966 0.026587 -0.980834 0.100551 0.166896 194.872374 -5.588024 145.680954
0.160283 -0.044632 0.986062 0.106364 0.993941 0.027699 -0.981324 0.100442 0.164059 195.555037 -5.590521 145.793376
0.159247 -0.045303 0.986199 0.106459 0.993909 0.028466 -0.981482 0.100457 0.163100 196.301103 -5.590420 145.917381
0.159157 -0.045078 0.986224 0.106409 0.993921 0.028257 -0.981502 0.100446 0.162986 197.131966 -5.585951 146.055365
0.153493 -0.045131 0.987119 0.106281 0.993916 0.028916 -0.982418 0.100473 0.157356 197.871011 -5.588846 146.173240
0.148306 -0.045409 0.987898 0.106884 0.993830 0.029636 -0.983148 0.101196 0.152245 198.615827 -5.590559 146.286501
0.148742 -0.045870 0.987812 0.107128 0.993792 0.030017 -0.983056 0.101357 0.152732 199.426526 -5.587000 146.412614
0.149074 -0.047011 0.987708 0.107391 0.993731 0.031089 -0.982977 0.101437 0.153188 200.281457 -5.582967 146.544039
0.147216 -0.047621 0.987957 0.107885 0.993654 0.031819 -0.983203 0.101901 0.151419 201.105722 -5.576648 146.668144
0.143989 -0.047254 0.988450 0.109030 0.993536 0.031614 -0.983555 0.103219 0.148210 201.826568 -5.575175 146.772872
0.141848 -0.045495 0.988842 0.109536 0.993530 0.029998 -0.983809 0.104059 0.145914 202.508242 -5.573978 146.868770
0.139792 -0.044918 0.989162 0.109474 0.993547 0.029646 -0.984111 0.104143 0.143807 203.234220 -5.570246 146.973589
0.138427 -0.047374 0.989239 0.109117 0.993504 0.032309 -0.984343 0.103470 0.142697 203.958962 -5.570950 147.073824
0.137201 -0.050172 0.989272 0.108753 0.993442 0.035300 -0.984555 0.102743 0.141758 204.683592 -5.573526 147.172706
0.135027 -0.051818 0.989486 0.108493 0.993400 0.037217 -0.984884 0.102327 0.139757 205.362580 -5.573723 147.263570
0.130560 -0.052781 0.990034 0.108715 0.993322 0.038620 -0.985462 0.102589 0.135426 206.086440 -5.569772 147.358553
0.126662 -0.052738 0.990543 0.109169 0.993261 0.038923 -0.985920 0.103207 0.131566 206.885501 -5.561074 147.463333
0.121817 -0.052980 0.991138 0.109185 0.993229 0.039672 -0.986529 0.103385 0.126777 207.697610 -5.551929 147.566299
0.116998 -0.054619 0.991629 0.109897 0.993067 0.041732 -0.987033 0.104094 0.122189 208.495411 -5.545370 147.658773
0.117151 -0.056562 0.991502 0.110460 0.992924 0.043592 -0.986952 0.104415 0.122570 209.257181 -5.540529 147.746955
0.116203 -0.057648 0.991551 0.111598 0.992750 0.044639 -0.986936 0.105468 0.121794 210.079290 -5.528566 147.843241
0.115732 -0.058512 0.991556 0.113939 0.992456 0.045266 -0.986724 0.107738 0.121526 210.928228 -5.511307 147.942788
0.115047 -0.059427 0.991581 0.115526 0.992236 0.046062 -0.986619 0.109254 0.121019 211.789482 -5.493918 148.045495
0.114246 -0.060351 0.991618 0.117019 0.992022 0.046894 -0.986537 0.110681 0.120396 212.654731 -5.474317 148.147260
0.113344 -0.061181 0.991670 0.118270 0.991836 0.047673 -0.986491 0.111881 0.119655 213.514897 -5.453446 148.247498
0.109996 -0.061939 0.992000 0.119257 0.991669 0.048694 -0.986752 0.112947 0.116467 214.315224 -5.437436 148.337404
0.104037 -0.063138 0.992567 0.120001 0.991489 0.050491 -0.987308 0.113856 0.110728 215.051687 -5.425958 148.413619
0.099009 -0.064489 0.992995 0.120750 0.991302 0.052340 -0.987733 0.114722 0.105935 215.783083 -5.412749 148.486546
0.092781 -0.066617 0.993456 0.120844 0.991137 0.055175 -0.988326 0.114934 0.100009 216.537494 -5.396621 148.559497
0.088153 -0.069151 0.993704 0.120536 0.990997 0.058269 -0.988787 0.114641 0.095695 217.292811 -5.379472 148.627391
0.087779 -0.070228 0.993661 0.120715 0.990910 0.059370 -0.988799 0.114738 0.095459 218.023104 -5.359107 148.695178
0.087820 -0.069928 0.993679 0.121784 0.990804 0.058963 -0.988664 0.115836 0.095529 218.849244 -5.329080 148.774990
0.087088 -0.070255 0.993720 0.122624 0.990680 0.059294 -0.988625 0.116690 0.094891 219.664788 -5.298754 148.852910
0.087240 -0.071234 0.993637 0.123400 0.990531 0.060177 -0.988515 0.117365 0.095204 220.495838 -5.268793 148.932757
0.087791 -0.072122 0.993525 0.123681 0.990447 0.060969 -0.988431 0.117528 0.095873 221.350502 -5.239576 149.016921
0.087524 -0.072871 0.993494 0.124173 0.990340 0.061700 -0.988393 0.117965 0.095727 222.202972 -5.208943 149.097602
0.087564 -0.072892 0.993488 0.124833 0.990260 0.061653 -0.988306 0.118622 0.095810 223.042452 -5.178143 149.176867
0.084568 -0.073345 0.993715 0.124785 0.990215 0.062467 -0.988573 0.118718 0.092893 223.803870 -5.155100 149.246000
0.081361 -0.074947 0.993863 0.124783 0.990089 0.064447 -0.988843 0.118774 0.089907 224.558275 -5.132909 149.307910
0.081214 -0.077392 0.993687 0.124428 0.989968 0.066933 -0.988899 0.118207 0.090029 225.369632 -5.103474 149.378247
0.081119 -0.078371 0.993618 0.123475 0.990015 0.068007 -0.989027 0.117171 0.089986 226.198524 -5.068782 149.453081
0.079274 -0.078685 0.993743 0.123045 0.990029 0.068576 -0.989230 0.116838 0.088165 226.959078 -5.039717 149.517605
0.077417 -0.079187 0.993849 0.122412 0.990053 0.069349 -0.989455 0.116291 0.086340 227.623465 -5.019459 149.567335
0.077935 -0.079980 0.993745 0.122970 0.989936 0.070029 -0.989345 0.116744 0.086986 228.312112 -4.995893 149.617861
0.077394 -0.081287 0.993681 0.123310 0.989799 0.071365 -0.989346 0.117008 0.086628 229.055748 -4.971290 149.677273
0.076059 -0.083487 0.993602 0.123086 0.989653 0.073733 -0.989477 0.116691 0.085548 229.817586 -4.944693 149.737190
0.075557 -0.085701 0.993452 0.122652 0.989533 0.076035 -0.989569 0.116104 0.085277 230.562465 -4.916606 149.794540
0.073292 -0.087697 0.993447 0.122141 0.989417 0.078331 -0.989803 0.115600 0.083228 231.299554 -4.886848 149.850000
0.071965 -0.088252 0.993495 0.121720 0.989410 0.079072 -0.989952 0.115238 0.081945 232.097430 -4.847802 149.916712
0.072002 -0.088779 0.993446 0.121288 0.989418 0.079628 -0.990003 0.114759 0.082008 232.841258 -4.813505 149.980193
0.070666 -0.090316 0.993403 0.120702 0.989349 0.081361 -0.990170 0.114156 0.080814 233.567559 -4.781538 150.035342
0.071282 -0.091513 0.993249 0.120439 0.989286 0.082504 -0.990158 0.113745 0.081541 234.392216 -4.737382 150.103087
0.073149 -0.092336 0.993037 0.120919 0.989180 0.083070 -0.989964 0.114001 0.083523 235.248880 -4.688714 150.176298
0.072709 -0.093100 0.992998 0.120550 0.989154 0.083913 -0.990041 0.113605 0.083143 236.040859 -4.644125 150.241310
0.071786 -0.092857 0.993088 0.120573 0.989163 0.083775 -0.990106 0.113726 0.082204 236.791921 -4.601415 150.301848
0.070082 -0.093518 0.993148 0.120942 0.989048 0.084598 -0.990183 0.114185 0.080625 237.606824 -4.557188 150.370326
0.069131 -0.094743 0.993099 0.120142 0.989026 0.085991 -0.990347 0.113368 0.079755 238.417979 -4.513382 150.436819
0.070083 -0.095813 0.992929 0.120134 0.988943 0.086949 -0.990281 0.113191 0.080818 239.234873 -4.467524 150.504635
0.069899 -0.095582 0.992964 0.119696 0.989011 0.086775 -0.990347 0.112789 0.080571 240.027912 -4.422272 150.568405
0.069064 -0.095187 0.993061 0.119631 0.989045 0.086482 -0.990413 0.112828 0.079695 240.795865 -4.380966 150.629099
0.068603 -0.096359 0.992980 0.119475 0.988955 0.087714 -0.990464 0.112618 0.079358 241.562478 -4.340030 150.686187
0.069996 -0.098355 0.992687 0.119266 0.988815 0.089561 -0.990392 0.112125 0.080944 242.279124 -4.300277 150.738668
0.071579 -0.099875 0.992422 0.118650 0.988762 0.090949 -0.990353 0.111241 0.082624 243.040764 -4.253131 150.800155
0.071989 -0.101059 0.992272 0.117948 0.988736 0.092142 -0.990407 0.110403 0.083098 243.802000 -4.206207 150.863819
0.071934 -0.101932 0.992187 0.117060 0.988752 0.093092 -0.990516 0.109449 0.083057 244.563333 -4.158534 150.926118
0.073895 -0.102361 0.991999 0.116407 0.988804 0.093360 -0.990449 0.108576 0.084983 245.317723 -4.110838 150.994056
0.074301 -0.103127 0.991889 0.115622 0.988822 0.094147 -0.990510 0.107689 0.085394 246.022960 -4.068513 151.053738
0.075788 -0.103157 0.991774 0.115635 0.988833 0.094015 -0.990396 0.107558 0.086870 246.792479 -4.017994 151.120279
0.077311 -0.103480 0.991622 0.116061 0.988771 0.094133 -0.990229 0.107811 0.088453 247.623072 -3.961711 151.195527
0.076730 -0.103526 0.991663 0.116013 0.988766 0.094247 -0.990280 0.107814 0.087878 248.471634 -3.903423 151.273308
0.075162 -0.103490 0.991787 0.116119 0.988742 0.094372 -0.990387 0.108072 0.086333 249.329034 -3.843813 151.349432
0.073831 -0.103938 0.991840 0.116019 0.988696 0.094972 -0.990499 0.108061 0.085055 250.103542 -3.793151 151.411708
0.072235 -0.104045 0.991946 0.115864 0.988686 0.095265 -0.990635 0.108049 0.083473 250.820309 -3.746786 151.466293
0.070607 -0.104206 0.992046 0.115068 0.988740 0.095669 -0.990845 0.107398 0.081803 251.578436 -3.697036 151.528003
0.069768 -0.105783 0.991939 0.114358 0.988654 0.097389 -0.990987 0.106641 0.081073 252.296959 -3.651544 151.580627
0.067375 -0.107797 0.991887 0.113198 0.988553 0.099745 -0.991285 0.105560 0.078806 253.056268 -3.600196 151.638167
0.064060 -0.109493 0.991921 0.112361 0.988434 0.101851 -0.991600 0.104928 0.075622 253.830587 -3.548061 151.692980
0.062734 -0.110586 0.991885 0.111569 0.988390 0.103140 -0.991775 0.104193 0.074343 254.622893 -3.487383 151.753782
0.062602 -0.110509 0.991902 0.111347 0.988420 0.103093 -0.991808 0.103992 0.074182 255.469935 -3.420553 151.817323
0.062396 -0.109789 0.991995 0.111282 0.988499 0.102402 -0.991828 0.104002 0.073896 256.428045 -3.343876 151.890333
0.063226 -0.109841 0.991936 0.110798 0.988553 0.102404 -0.991830 0.103429 0.074673 257.350202 -3.276346 151.958529
0.061689 -0.110707 0.991937 0.110266 0.988502 0.103466 -0.991986 0.102994 0.073187 258.193415 -3.219479 152.017211
0.060296 -0.111508 0.991933 0.110394 0.988390 0.104400 -0.992057 0.103209 0.071906 259.095160 -3.150347 152.084010
0.061045 -0.111483 0.991890 0.111009 0.988336 0.104252 -0.991943 0.103744 0.072709 260.029846 -3.076207 152.150120
0.059624 -0.111146 0.992014 0.110949 0.988362 0.104069 -0.992036 0.103858 0.071261 260.838483 -3.016674 152.207157
0.057853 -0.110684 0.992170 0.110656 0.988422 0.103814 -0.992174 0.103783 0.069431 261.590348 -2.961055 152.260603
0.055948 -0.109775 0.992381 0.110619 0.988500 0.103109 -0.992287 0.104007 0.067448 262.327951 -2.904764 152.312182
0.054934 -0.109734 0.992442 0.111126 0.988440 0.103140 -0.992287 0.104620 0.066493 263.038368 -2.851384 152.360096
0.054111 -0.110630 0.992387 0.111613 0.988286 0.104087 -0.992277 0.105131 0.065825 263.772089 -2.798183 152.408062
0.053668 -0.111652 0.992297 0.111628 0.988171 0.105150 -0.992300 0.105124 0.065497 264.566691 -2.737418 152.461455
0.053147 -0.112005 0.992285 0.111611 0.988130 0.105558 -0.992330 0.105140 0.065017 265.335505 -2.678480 152.514037
0.052814 -0.111704 0.992337 0.111522 0.988167 0.105299 -0.992358 0.105106 0.064647 266.065269 -2.624904 152.563157
0.051442 -0.111207 0.992465 0.111772 0.988178 0.104934 -0.992401 0.105532 0.063264 266.828475 -2.566974 152.615755
0.050406 -0.110919 0.992550 0.112266 0.988144 0.104725 -0.992399 0.106150 0.062261 267.655565 -2.504034 152.669089
0.048969 -0.110711 0.992646 0.111782 0.988202 0.104701 -0.992526 0.105833 0.060766 268.484314 -2.439753 152.724457
0.048113 -0.111164 0.992637 0.111230 0.988203 0.105276 -0.992629 0.105346 0.059910 269.290895 -2.379467 152.772182
0.047017 -0.111637 0.992636 0.111014 0.988163 0.105876 -0.992706 0.105219 0.058854 270.106483 -2.318242 152.817947
0.046880 -0.112035 0.992598 0.110286 0.988196 0.106329 -0.992794 0.104485 0.058682 270.978270 -2.248623 152.871780
0.045889 -0.112053 0.992642 0.109575 0.988257 0.106492 -0.992919 0.103881 0.057628 271.815135 -2.180608 152.922697
0.045119 -0.111601 0.992728 0.108819 0.988376 0.106166 -0.993037 0.103237 0.056739 272.610484 -2.115546 152.971658
0.045251 -0.110643 0.992830 0.108363 0.988527 0.105224 -0.993081 0.102825 0.056721 273.376836 -2.055475 153.018296
0.045644 -0.109794 0.992906 0.108245 0.988633 0.104346 -0.993076 0.102714 0.057009 274.180334 -1.991654 153.066419
0.046415 -0.109614 0.992890 0.108913 0.988591 0.104048 -0.992967 0.103309 0.057824 274.979029 -1.926388 153.114392
0.046795 -0.110701 0.992752 0.109732 0.988395 0.105042 -0.992859 0.104022 0.058399 275.762516 -1.865386 153.160630
0.046328 -0.111079 0.992731 0.109533 0.988371 0.105479 -0.992903 0.103851 0.057956 276.596237 -1.800033 153.208063
0.044600 -0.110008 0.992929 0.109214 0.988498 0.104612 -0.993017 0.103776 0.056102 277.476919 -1.731275 153.257906
0.041156 -0.109622 0.993121 0.108946 0.988529 0.104600 -0.993195 0.103892 0.052626 278.297891 -1.666414 153.296198
0.035884 -0.111419 0.993125 0.107996 0.988378 0.106984 -0.993503 0.103415 0.047500 279.064491 -1.608613 153.327183
0.033209 -0.113185 0.993019 0.107949 0.988161 0.109021 -0.993602 0.103575 0.045034 279.851206 -1.546327 153.356591
0.034178 -0.114395 0.992847 0.108217 0.988010 0.110113 -0.993540 0.103680 0.046148 280.688164 -1.476369 153.392901
0.033931 -0.114360 0.992860 0.108294 0.988003 0.110100 -0.993540 0.103785 0.045908 281.533090 -1.401533 153.431625
0.032072 -0.112514 0.993132 0.108509 0.988162 0.108447 -0.993578 0.104286 0.043901 282.397492 -1.327721 153.468506
0.030173 -0.110632 0.993403 0.108861 0.988308 0.106758 -0.993599 0.104922 0.041864 283.232485 -1.255321 153.504267
0.029738 -0.109877 0.993500 0.109337 0.988333 0.106033 -0.993560 0.105473 0.041404 284.046985 -1.185127 153.537827
0.029627 -0.109973 0.993493 0.109376 0.988318 0.106138 -0.993559 0.105520 0.041309 284.910062 -1.115306 153.573184
0.028678 -0.110747 0.993435 0.109695 0.988190 0.106995 -0.993552 0.105906 0.040488 285.767239 -1.052090 153.602347
0.028293 -0.110447 0.993479 0.109897 0.988196 0.106730 -0.993540 0.106161 0.040097 286.575669 -0.990413 153.630655
0.027208 -0.110016 0.993557 0.109892 0.988230 0.106417 -0.993571 0.106289 0.038977 287.344972 -0.930838 153.658458
0.026493 -0.109771 0.993604 0.110006 0.988236 0.106244 -0.993578 0.106488 0.038257 288.143623 -0.869589 153.688795
0.026082 -0.108950 0.993705 0.110169 0.988301 0.105466 -0.993571 0.106725 0.037780 288.943224 -0.803031 153.719873
0.025642 -0.107774 0.993845 0.110628 0.988371 0.104326 -0.993531 0.107272 0.037267 289.708683 -0.742220 153.747525
0.025485 -0.106468 0.993989 0.112170 0.988338 0.102987 -0.993362 0.108871 0.037130 290.489650 -0.678554 153.774133
0.025309 -0.106345 0.994007 0.113418 0.988211 0.102837 -0.993225 0.110136 0.037072 291.316390 -0.610693 153.804866
0.025498 -0.106694 0.993965 0.114369 0.988071 0.103127 -0.993111 0.111049 0.037396 292.154249 -0.544385 153.834470
0.023530 -0.106813 0.994001 0.114970 0.987968 0.103444 -0.993090 0.111846 0.035527 293.042730 -0.475415 153.863821
0.019876 -0.105556 0.994215 0.114991 0.988054 0.102603 -0.993168 0.112286 0.031777 293.950925 -0.404115 153.893529
0.018044 -0.104171 0.994396 0.114717 0.988205 0.101441 -0.993234 0.112243 0.029782 294.831996 -0.337030 153.919865
0.017719 -0.103887 0.994431 0.115108 0.988186 0.101184 -0.993195 0.112674 0.029468 295.641648 -0.279160 153.938073
0.017937 -0.105115 0.994298 0.115482 0.988021 0.102368 -0.993148 0.112988 0.029861 296.370739 -0.230248 153.949764
0.018122 -0.106535 0.994144 0.115700 0.987851 0.103752 -0.993119 0.113142 0.030228 297.109163 -0.177898 153.965510
0.016817 -0.107467 0.994066 0.115857 0.987720 0.104821 -0.993124 0.113406 0.029062 297.852448 -0.124433 153.980712
0.015406 -0.108687 0.993957 0.116293 0.987523 0.106181 -0.993095 0.113955 0.027853 298.671655 -0.061510 153.999397
0.014980 -0.108645 0.993968 0.116527 0.987495 0.106181 -0.993074 0.114234 0.027453 299.537953 0.004502 154.025412
0.013005 -0.108367 0.994026 0.116854 0.987463 0.106123 -0.993064 0.114776 0.025505 300.353378 0.063248 154.039251
0.009516 -0.106446 0.994273 0.117604 0.987537 0.104599 -0.993015 0.115935 0.021916 301.136460 0.121211 154.047317
0.008043 -0.104008 0.994544 0.119088 0.987598 0.102319 -0.992851 0.117615 0.020330 302.012955 0.191281 154.063293
0.007162 -0.103198 0.994635 0.120169 0.987541 0.101597 -0.992728 0.118796 0.019474 302.910325 0.262212 154.082014
0.006424 -0.102908 0.994670 0.121227 0.987434 0.101377 -0.992604 0.119930 0.018819 303.800914 0.334354 154.100490
0.007021 -0.103497 0.994605 0.122706 0.987202 0.101861 -0.992418 0.121329 0.019631 304.643153 0.399236 154.112014
0.007183 -0.104595 0.994489 0.123238 0.987026 0.102920 -0.992351 0.121819 0.019980 305.421342 0.456582 154.118931
0.008378 -0.105726 0.994360 0.123914 0.986840 0.103883 -0.992258 0.122345 0.021369 306.153478 0.509949 154.125208
0.010029 -0.105776 0.994339 0.124892 0.986735 0.103707 -0.992120 0.123145 0.023106 306.904763 0.566773 154.140464
0.011067 -0.105184 0.994391 0.125648 0.986716 0.102973 -0.992013 0.123804 0.024136 307.718187 0.631918 154.162381
0.010972 -0.105225 0.994388 0.126489 0.986605 0.103006 -0.991907 0.124649 0.024135 308.479281 0.690557 154.177144
0.011118 -0.105973 0.994307 0.127000 0.986465 0.103717 -0.991840 0.125124 0.024426 309.235859 0.748244 154.190577
0.013121 -0.106432 0.994233 0.127548 0.986375 0.103907 -0.991746 0.125449 0.026518 310.130226 0.819918 154.212798
0.016547 -0.106960 0.994126 0.128405 0.986256 0.103976 -0.991584 0.125930 0.030054 311.011180 0.890124 154.237014
0.019184 -0.107422 0.994028 0.128935 0.986175 0.104085 -0.991467 0.126169 0.032770 311.823329 0.950931 154.257347
0.021433 -0.108538 0.993861 0.129450 0.986023 0.104890 -0.991354 0.126408 0.035184 312.557024 1.001443 154.272264
0.024131 -0.110003 0.993638 0.130112 0.985819 0.105978 -0.991206 0.126727 0.038101 313.261003 1.052100 154.289435
0.028067 -0.112555 0.993249 0.131720 0.985392 0.107943 -0.990890 0.127801 0.042483 313.982179 1.109639 154.306970
0.030364 -0.115297 0.992867 0.133119 0.984943 0.110306 -0.990635 0.128820 0.045255 314.697432 1.168517 154.326712
0.031041 -0.118306 0.992492 0.133923 0.984509 0.113166 -0.990505 0.129405 0.046404 315.425102 1.230803 154.348792
0.031861 -0.119680 0.992301 0.134096 0.984341 0.114414 -0.990456 0.129418 0.047410 316.340360 1.313601 154.387275
0.030269 -0.119964 0.992317 0.133487 0.984364 0.114931 -0.990588 0.128982 0.045809 317.278250 1.400555 154.428230
0.027923 -0.119631 0.992426 0.134005 0.984299 0.114881 -0.990587 0.129782 0.043516 318.136283 1.478298 154.463679
0.027976 -0.119531 0.992436 0.134885 0.984196 0.114736 -0.990466 0.130655 0.043657 319.052449 1.562925 154.502731
0.027626 -0.119722 0.992423 0.135867 0.984038 0.114929 -0.990342 0.131663 0.043451 319.925348 1.639963 154.540396
0.024905 -0.118696 0.992618 0.136682 0.984006 0.114236 -0.990302 0.132828 0.040730 320.729086 1.709978 154.571014
0.021390 -0.117150 0.992884 0.138032 0.983946 0.113122 -0.990197 0.134630 0.037217 321.523603 1.781649 154.598129
0.019140 -0.117466 0.992892 0.139165 0.983720 0.113698 -0.990084 0.136000 0.035175 322.327404 1.855419 154.622306
0.019497 -0.118568 0.992754 0.139952 0.983491 0.114713 -0.989966 0.136701 0.035769 323.150516 1.930928 154.653752
0.020498 -0.119474 0.992626 0.140507 0.983325 0.115453 -0.989868 0.137104 0.036943 323.971149 2.004378 154.684126
0.021249 -0.120237 0.992518 0.140511 0.983248 0.116106 -0.989851 0.136993 0.037787 324.788247 2.077086 154.715195
0.020765 -0.120177 0.992535 0.140041 0.983312 0.116131 -0.989928 0.136584 0.037248 325.606898 2.149265 154.742450
0.020710 -0.120438 0.992505 0.140011 0.983285 0.116397 -0.989933 0.136551 0.037226 326.348793 2.212482 154.762534
0.021807 -0.120870 0.992429 0.140381 0.983201 0.116661 -0.989857 0.136774 0.038409 327.071057 2.275342 154.785985
0.024242 -0.121892 0.992247 0.141170 0.983011 0.117308 -0.989689 0.137231 0.041038 327.729371 2.333300 154.808490
0.026389 -0.123567 0.991985 0.141579 0.982790 0.118656 -0.989575 0.137313 0.043429 328.436134 2.393506 154.834166
0.029626 -0.124500 0.991777 0.141935 0.982683 0.119118 -0.989433 0.137239 0.046784 329.205924 2.464671 154.873181
0.030871 -0.126027 0.991546 0.142097 0.982496 0.120453 -0.989371 0.137178 0.048239 329.958783 2.534772 154.906119
0.032304 -0.127186 0.991353 0.141962 0.982398 0.121412 -0.989345 0.136812 0.049791 330.715837 2.604364 154.940202
0.035646 -0.127385 0.991213 0.141844 0.982447 0.121157 -0.989247 0.136278 0.053089 331.529688 2.678737 154.986386
0.037309 -0.127254 0.991168 0.141424 0.982548 0.120824 -0.989246 0.135667 0.054655 332.357076 2.754194 155.035212
0.039164 -0.128603 0.990923 0.141251 0.982438 0.121919 -0.989199 0.135194 0.056642 333.145399 2.822926 155.074433
0.041547 -0.129730 0.990678 0.141535 0.982300 0.122697 -0.989061 0.135118 0.059173 333.937204 2.897645 155.116465
0.044490 -0.130284 0.990478 0.142408 0.982162 0.122793 -0.988808 0.135589 0.062250 334.762158 2.981285 155.168854
0.047061 -0.131199 0.990238 0.143635 0.981923 0.123271 -0.988511 0.136431 0.065055 335.441613 3.043677 155.210424
0.050046 -0.132650 0.989899 0.144365 0.981692 0.124252 -0.988258 0.136689 0.068280 336.153739 3.108529 155.257716
0.052518 -0.134395 0.989535 0.145488 0.981360 0.125563 -0.987965 0.137371 0.071092 336.863585 3.169318 155.307509
0.054016 -0.136659 0.989144 0.146061 0.981017 0.127560 -0.987800 0.137585 0.072951 337.566910 3.231910 155.355074
0.055399 -0.138141 0.988862 0.146540 0.980783 0.128803 -0.987652 0.137772 0.074578 338.275218 3.294790 155.406178
0.054894 -0.138619 0.988823 0.146582 0.980706 0.129343 -0.987674 0.137843 0.074154 338.957140 3.357249 155.452850
0.056151 -0.138489 0.988771 0.147140 0.980668 0.128998 -0.987521 0.138244 0.075443 339.673530 3.425651 155.507900
0.056221 -0.138455 0.988772 0.147554 0.980616 0.128923 -0.987455 0.138649 0.075561 340.420017 3.498544 155.569140
0.056439 -0.137672 0.988869 0.148213 0.980628 0.128066 -0.987344 0.139335 0.075751 341.180666 3.576342 155.630637
0.056885 -0.136928 0.988946 0.149185 0.980595 0.127190 -0.987172 0.140301 0.076209 341.981974 3.658246 155.696426
0.059597 -0.137486 0.988709 0.150872 0.980332 0.127227 -0.986755 0.141586 0.079168 342.806605 3.744173 155.766786
0.061581 -0.139759 0.988269 0.152036 0.979907 0.129103 -0.986455 0.142303 0.081592 343.700544 3.835939 155.842164
0.061205 -0.139625 0.988311 0.152587 0.979838 0.128979 -0.986393 0.142910 0.081276 344.596419 3.928524 155.914285
0.058360 -0.134188 0.989236 0.152194 0.980537 0.124030 -0.986626 0.143318 0.077647 345.423257 4.015079 155.978888
0.053625 -0.129272 0.990158 0.151980 0.981089 0.119857 -0.986928 0.144057 0.072258 346.215588 4.103552 156.036198
0.054849 -0.131485 0.989800 0.153100 0.980677 0.121790 -0.986687 0.144859 0.073919 347.046887 4.187767 156.101514
0.057332 -0.135945 0.989056 0.154284 0.979991 0.125756 -0.986362 0.145386 0.077159 347.942549 4.277136 156.172939
0.060089 -0.139312 0.988424 0.154685 0.979551 0.128658 -0.986135 0.145163 0.080410 348.792781 4.363610 156.244636
0.059322 -0.140894 0.988246 0.154775 0.979315 0.130330 -0.986167 0.145224 0.079902 349.533457 4.439155 156.303895
0.057796 -0.141819 0.988204 0.155291 0.979087 0.131429 -0.986177 0.145864 0.078610 350.253599 4.514356 156.357750
0.059993 -0.142853 0.987924 0.156453 0.978820 0.132036 -0.985862 0.146642 0.081073 350.998162 4.594876 156.419127
0.060939 -0.143818 0.987726 0.157735 0.978518 0.132746 -0.985599 0.147710 0.082315 351.743329 4.675707 156.481000
0.061181 -0.145061 0.987529 0.158202 0.978285 0.133902 -0.985509 0.148037 0.082802 352.434921 4.749589 156.534254
0.060867 -0.145389 0.987501 0.158365 0.978210 0.134260 -0.985503 0.148213 0.082565 353.119867 4.822382 156.587501
0.062741 -0.145487 0.987369 0.159487 0.978066 0.133982 -0.985204 0.149066 0.084568 353.826066 4.900200 156.651123
0.064100 -0.145848 0.987228 0.160994 0.977816 0.134005 -0.984872 0.150348 0.086159 354.553488 4.981159 156.717189
0.065323 -0.145876 0.987144 0.161734 0.977724 0.133781 -0.984670 0.150916 0.087461 355.236376 5.053744 156.777145
0.066063 -0.145521 0.987147 0.162502 0.977670 0.133248 -0.984494 0.151611 0.088235 355.956368 5.133239 156.838884
0.067275 -0.144985 0.987144 0.163698 0.977582 0.132425 -0.984214 0.152685 0.089500 356.686046 5.212680 156.901086
0.069106 -0.145265 0.986976 0.164250 0.977497 0.132370 -0.983995 0.152963 0.091411 357.412994 5.291849 156.966648
0.071759 -0.146383 0.986622 0.165337 0.977233 0.132964 -0.983623 0.153584 0.094328 358.128842 5.364195 157.027916
0.073991 -0.148495 0.986141 0.166127 0.976870 0.134635 -0.983325 0.153863 0.096949 358.901626 5.443154 157.096963
0.077765 -0.152107 0.985300 0.166263 0.976432 0.137616 -0.983010 0.153117 0.101222 359.736759 5.530738 157.178346
0.080811 -0.155746 0.984486 0.166587 0.975934 0.140719 -0.982710 0.152631 0.104811 360.451738 5.606806 157.247279
0.083186 -0.156265 0.984206 0.167936 0.975702 0.140720 -0.982282 0.153577 0.107407 361.172608 5.684596 157.320262
0.082639 -0.155182 0.984423 0.169009 0.975676 0.139615 -0.982144 0.154838 0.106856 361.922100 5.773143 157.403894
0.081093 -0.154419 0.984672 0.170216 0.975558 0.138971 -0.982064 0.156337 0.105395 362.658678 5.862055 157.489064
0.080805 -0.153939 0.984771 0.171342 0.975439 0.138421 -0.981892 0.157547 0.105197 363.415481 5.948975 157.571810
0.081029 -0.153862 0.984764 0.171512 0.975428 0.138291 -0.981844 0.157694 0.105427 364.167390 6.030996 157.654261
0.081435 -0.152736 0.984906 0.171873 0.975536 0.137073 -0.981747 0.158116 0.105694 364.926560 6.111437 157.736799
0.081712 -0.151884 0.985015 0.171487 0.975723 0.136225 -0.981792 0.157786 0.105775 365.576093 6.173889 157.807158
0.082772 -0.152499 0.984831 0.170790 0.975773 0.136742 -0.981825 0.156881 0.106811 366.157409 6.227477 157.863527
0.085294 -0.153459 0.984467 0.170655 0.975717 0.137309 -0.981632 0.156293 0.109412 366.865600 6.300018 157.944155
0.088491 -0.153718 0.984144 0.169961 0.975861 0.137142 -0.981470 0.155131 0.112481 367.603298 6.372134 158.033496
0.091029 -0.153358 0.983969 0.170137 0.975939 0.136367 -0.981207 0.154996 0.114931 368.338703 6.443755 158.124222
0.093526 -0.153894 0.983651 0.169362 0.976041 0.136601 -0.981106 0.153817 0.117349 369.037608 6.514563 158.207361
0.095962 -0.155357 0.983186 0.168971 0.975952 0.137722 -0.980938 0.152914 0.119905 369.673056 6.578165 158.279919
0.099965 -0.156091 0.982671 0.169683 0.975825 0.137742 -0.980415 0.152974 0.124034 370.320347 6.645202 158.359705
0.104107 -0.155023 0.982410 0.169166 0.976144 0.136108 -0.980074 0.152021 0.127848 371.042302 6.725653 158.461559
0.107772 -0.155110 0.982001 0.169064 0.976227 0.135644 -0.979695 0.151402 0.131433 371.763544 6.805077 158.563735
0.113631 -0.156531 0.981115 0.169253 0.976126 0.136132 -0.979000 0.150588 0.137411 372.444668 6.881000 158.664826
0.120027 -0.158805 0.979987 0.170032 0.975826 0.137306 -0.978101 0.150149 0.144127 373.175246 6.956796 158.774661
0.127655 -0.161131 0.978642 0.170968 0.975520 0.138316 -0.976972 0.149660 0.152078 373.868558 7.029305 158.885383
0.133960 -0.161843 0.977682 0.170640 0.975605 0.138118 -0.976185 0.148329 0.158309 374.569030 7.104750 159.004481
0.139942 -0.160590 0.977050 0.170806 0.975883 0.135934 -0.975316 0.147863 0.163996 375.280486 7.182317 159.125875
0.147729 -0.159449 0.976090 0.170825 0.976200 0.133613 -0.974164 0.147002 0.171451 375.884581 7.239027 159.230343
0.155734 -0.160573 0.974661 0.171414 0.976122 0.133425 -0.972813 0.146292 0.179540 376.496071 7.292927 159.336772
0.161666 -0.161233 0.973585 0.171900 0.976081 0.133102 -0.971758 0.145841 0.185515 377.195005 7.361488 159.465494
0.166314 -0.161055 0.972831 0.173130 0.976015 0.131984 -0.970755 0.146476 0.190208 377.926753 7.438264 159.606749
0.169934 -0.161448 0.972140 0.173562 0.975971 0.131745 -0.970051 0.146338 0.193872 378.661355 7.517048 159.755417
0.174075 -0.162829 0.971177 0.174866 0.975671 0.132239 -0.969082 0.146807 0.198314 379.456134 7.603767 159.917046
0.180133 -0.163848 0.969900 0.176075 0.975474 0.132089 -0.967755 0.146982 0.204564 380.148563 7.676809 160.060080
0.186162 -0.164511 0.968648 0.176405 0.975459 0.131765 -0.966553 0.146344 0.210614 380.751569 7.736357 160.186896
0.191155 -0.164490 0.967679 0.175798 0.975655 0.131119 -0.965689 0.145052 0.215419 381.369568 7.801255 160.327568
0.194336 -0.163984 0.967131 0.174574 0.975971 0.130404 -0.965276 0.143493 0.218293 382.028910 7.872388 160.479271
0.195139 -0.163060 0.967126 0.172547 0.976410 0.129810 -0.965478 0.141544 0.218671 382.684648 7.942659 160.629127
0.197490 -0.162169 0.966798 0.171667 0.976704 0.128764 -0.965157 0.140537 0.220729 383.279851 8.000919 160.759421
0.200959 -0.160225 0.966408 0.171338 0.977075 0.126364 -0.964499 0.140188 0.223804 383.874806 8.062119 160.892988
0.206371 -0.159709 0.965352 0.171537 0.977215 0.125001 -0.963320 0.139797 0.229065 384.569082 8.130558 161.061911
0.212233 -0.160555 0.963940 0.172300 0.977105 0.124812 -0.961909 0.139598 0.235038 385.322890 8.200046 161.247378
0.217624 -0.162729 0.962371 0.173851 0.976699 0.125838 -0.960425 0.139924 0.240844 386.006183 8.262622 161.419426
0.222243 -0.163934 0.961111 0.173600 0.976665 0.126445 -0.959412 0.138747 0.245516 386.670842 8.324705 161.590298
0.225312 -0.162232 0.960685 0.172859 0.977052 0.124455 -0.958830 0.138022 0.248185 387.310504 8.385268 161.757336
0.228282 -0.160387 0.960293 0.172637 0.977376 0.122201 -0.958167 0.137886 0.250806 387.955735 8.446505 161.926388
0.231104 -0.159959 0.959690 0.172938 0.977438 0.121272 -0.957436 0.137940 0.253553 388.628538 8.509969 162.105569
0.234203 -0.162741 0.958470 0.173816 0.977014 0.123418 -0.956523 0.137693 0.257107 389.355604 8.584280 162.297217
0.237222 -0.166268 0.957121 0.174988 0.976442 0.126254 -0.955565 0.137535 0.260729 390.091432 8.663157 162.493431
0.240289 -0.168297 0.956001 0.174648 0.976280 0.127970 -0.954861 0.136214 0.263982 390.802941 8.737471 162.689738
0.241151 -0.168108 0.955817 0.173389 0.976500 0.128000 -0.954873 0.134861 0.264632 391.503948 8.812372 162.886144
0.240491 -0.166603 0.956247 0.172767 0.976776 0.126730 -0.955152 0.134730 0.263689 392.145476 8.877643 163.063447
0.242055 -0.165662 0.956015 0.173092 0.976883 0.125453 -0.954698 0.135112 0.265134 392.784332 8.936699 163.240875
0.244882 -0.164414 0.955511 0.173285 0.977071 0.123713 -0.953942 0.135280 0.267757 393.451236 8.999759 163.428784
0.247533 -0.163714 0.954948 0.173915 0.977120 0.122435 -0.953143 0.135773 0.270341 394.109306 9.062768 163.615558
0.250356 -0.163595 0.954232 0.174048 0.977168 0.121863 -0.952381 0.135573 0.273113 394.778063 9.130221 163.812322
0.254710 -0.163766 0.953049 0.174825 0.977114 0.121178 -0.951083 0.135751 0.277511 395.456560 9.197405 164.015754
0.258619 -0.165591 0.951681 0.176642 0.976692 0.121940 -0.949692 0.136571 0.281841 396.145025 9.272176 164.218035
0.260960 -0.166944 0.950805 0.177803 0.976395 0.122636 -0.948834 0.137053 0.284484 396.842676 9.348303 164.423793
0.262221 -0.166204 0.950587 0.177554 0.976549 0.121764 -0.948533 0.136851 0.285582 397.523136 9.417504 164.627711
0.264643 -0.163259 0.950426 0.178013 0.976899 0.118239 -0.947774 0.137897 0.287592 398.178070 9.481660 164.826710
0.267646 -0.160307 0.950088 0.178972 0.977174 0.114459 -0.946749 0.139404 0.290227 398.822864 9.545051 165.021940
0.272360 -0.159466 0.948889 0.178988 0.977355 0.112875 -0.945401 0.139097 0.294735 399.439823 9.604715 165.210680
0.277050 -0.160579 0.947342 0.179528 0.977225 0.113142 -0.943935 0.138728 0.299569 400.052858 9.659043 165.402353
0.280932 -0.160261 0.946252 0.179407 0.977349 0.112264 -0.942810 0.138225 0.303321 400.759008 9.727182 165.634697
0.283068 -0.162290 0.945270 0.178480 0.977278 0.114338 -0.942347 0.136346 0.305601 401.524053 9.802663 165.885791
0.285602 -0.165015 0.944035 0.177803 0.977086 0.117000 -0.941710 0.134437 0.308398 402.265804 9.874199 166.131594
0.288509 -0.166141 0.942953 0.177846 0.976991 0.117724 -0.940815 0.133736 0.311418 402.954061 9.940455 166.362999
0.291949 -0.164207 0.942232 0.177851 0.977290 0.115210 -0.939752 0.133942 0.314523 403.566805 9.998341 166.569185
0.295252 -0.160722 0.941804 0.177822 0.977769 0.111113 -0.938725 0.134667 0.317268 404.183616 10.057202 166.779764
0.299295 -0.159061 0.940809 0.178001 0.978006 0.108723 -0.937410 0.134925 0.321025 404.881513 10.122517 167.024593
0.303290 -0.159699 0.939421 0.178659 0.977904 0.108561 -0.936000 0.134911 0.325120 405.652425 10.191196 167.298871
0.307424 -0.160308 0.937972 0.179457 0.977787 0.108295 -0.934498 0.135034 0.329363 406.395168 10.253326 167.562516
0.312235 -0.161300 0.936211 0.179926 0.977685 0.108439 -0.932811 0.134591 0.334289 407.102931 10.315332 167.822291
0.317777 -0.162170 0.934194 0.180996 0.977522 0.108124 -0.930730 0.134726 0.339986 407.806507 10.376490 168.079186
0.324118 -0.161341 0.932157 0.181386 0.977666 0.106149 -0.928465 0.134676 0.346144 408.451534 10.429434 168.325612
0.328191 -0.160477 0.930880 0.181591 0.977801 0.104544 -0.926993 0.134729 0.350047 409.107638 10.484974 168.576584
0.332076 -0.159317 0.929701 0.181636 0.977987 0.102713 -0.925599 0.134759 0.353703 409.778185 10.543398 168.837482
0.338040 -0.159565 0.927506 0.181887 0.978019 0.101964 -0.923388 0.134233 0.359632 410.469066 10.602402 169.112427
0.344659 -0.160236 0.924951 0.182496 0.977962 0.101417 -0.920818 0.133846 0.366306 411.185829 10.658412 169.397778
0.352311 -0.160333 0.922047 0.183555 0.977919 0.099913 -0.917706 0.134045 0.373962 411.853654 10.707891 169.671394
0.358214 -0.160007 0.919826 0.185387 0.977778 0.097891 -0.915049 0.135458 0.379917 412.500912 10.759809 169.940147
0.364143 -0.160016 0.917494 0.186447 0.977712 0.096520 -0.912490 0.135916 0.385862 413.135774 10.810650 170.213327
0.369995 -0.159981 0.915156 0.187879 0.977593 0.094937 -0.909838 0.136813 0.391762 413.807541 10.864288 170.505529
0.377088 -0.160040 0.912245 0.189694 0.977423 0.093062 -0.906543 0.137955 0.398933 414.499865 10.919389 170.814303
0.383168 -0.160087 0.909700 0.190545 0.977382 0.091740 -0.903811 0.138187 0.405006 415.189924 10.968827 171.127155
0.389981 -0.160481 0.906731 0.191361 0.977323 0.090672 -0.900720 0.138153 0.411847 415.913128 11.018403 171.460825
0.396321 -0.161611 0.903776 0.192391 0.977149 0.090364 -0.897728 0.138065 0.418358 416.631845 11.074217 171.795274
0.401151 -0.161828 0.901604 0.191760 0.977298 0.090094 -0.895716 0.136750 0.423076 417.269081 11.122580 172.096699
0.405175 -0.161834 0.899802 0.191457 0.977405 0.089580 -0.893967 0.135978 0.427004 417.914839 11.169916 172.403717
0.408105 -0.161939 0.898458 0.191751 0.977394 0.089067 -0.892570 0.135932 0.429931 418.630996 11.225537 172.750145
0.411549 -0.162434 0.896796 0.192566 0.977272 0.088640 -0.890812 0.136213 0.433475 419.338231 11.283155 173.099349
0.414472 -0.162848 0.895373 0.193053 0.977201 0.088365 -0.889350 0.136230 0.436461 420.049724 11.339641 173.450709
0.418197 -0.162504 0.893702 0.193057 0.977290 0.087364 -0.887604 0.136000 0.440073 420.736807 11.392822 173.792206
0.420488 -0.162647 0.892600 0.193720 0.977209 0.086806 -0.886376 0.136414 0.442413 421.404145 11.444716 174.125550
0.423377 -0.162586 0.891245 0.194319 0.977165 0.085951 -0.884868 0.136796 0.445303 422.024586 11.492852 174.438267
0.426576 -0.162108 0.889806 0.194826 0.977180 0.084626 -0.883219 0.137258 0.448424 422.680255 11.545052 174.771938
0.429046 -0.162407 0.888563 0.195159 0.977137 0.084363 -0.881948 0.137216 0.450932 423.414535 11.605200 175.150343
0.430885 -0.163704 0.887434 0.195537 0.976981 0.085282 -0.880967 0.136779 0.452977 424.235605 11.667793 175.566810
0.432694 -0.163098 0.886665 0.195308 0.977102 0.084423 -0.880131 0.136643 0.454640 425.068461 11.733678 176.000053
0.434717 -0.162087 0.885861 0.195911 0.977133 0.082648 -0.878999 0.137622 0.456531 425.978189 11.802385 176.473460
0.439752 -0.160573 0.883648 0.197018 0.977170 0.079520 -0.876243 0.139126 0.461349 426.851975 11.871610 176.942117
0.444808 -0.160650 0.881100 0.198349 0.977022 0.078007 -0.873386 0.140068 0.466452 427.720717 11.935936 177.402228
0.450161 -0.162413 0.878053 0.198611 0.976900 0.078872 -0.870580 0.138886 0.472019 428.514330 11.989511 177.832025
0.454886 -0.165113 0.875110 0.200347 0.976446 0.080091 -0.867721 0.138893 0.477251 429.315662 12.045428 178.275161
0.461339 -0.167528 0.871264 0.202415 0.975987 0.080484 -0.863825 0.139226 0.484171 430.088035 12.100095 178.708297
0.468021 -0.168129 0.867577 0.203816 0.975804 0.079153 -0.859893 0.139781 0.490964 430.828038 12.152818 179.134838
0.473385 -0.167603 0.864763 0.205283 0.975691 0.076727 -0.856601 0.141199 0.496283 431.623001 12.207156 179.594608
0.478647 -0.166144 0.862145 0.205311 0.975889 0.074078 -0.853665 0.141551 0.501218 432.459369 12.265102 180.091450
0.484578 -0.164266 0.859186 0.205573 0.976087 0.070674 -0.850249 0.142379 0.506759 433.337299 12.320627 180.624761
0.491597 -0.162552 0.855517 0.206208 0.976212 0.066993 -0.846056 0.143481 0.513423 434.194800 12.370983 181.143509
0.498292 -0.161464 0.851842 0.207131 0.976226 0.063877 -0.841904 0.144614 0.519890 434.965079 12.406834 181.619682
0.503558 -0.160450 0.848932 0.208864 0.976066 0.060587 -0.838335 0.146802 0.525018 435.732667 12.443216 182.095350
0.509611 -0.160112 0.845376 0.209626 0.976031 0.058491 -0.834478 0.147406 0.530960 436.498608 12.481888 182.577611
0.514663 -0.159905 0.842349 0.209938 0.976051 0.057017 -0.831293 0.147496 0.535907 437.264681 12.517081 183.069099
0.518377 -0.160189 0.840015 0.210562 0.975965 0.056176 -0.828824 0.147755 0.539647 438.032633 12.553663 183.573132
0.521164 -0.161160 0.838103 0.212301 0.975622 0.055586 -0.826630 0.148961 0.542673 438.792670 12.588733 184.073774
0.526347 -0.162826 0.834534 0.214243 0.975222 0.055152 -0.822836 0.149764 0.548190 439.537546 12.621854 184.575265
0.531224 -0.164313 0.831145 0.216883 0.974699 0.054073 -0.819001 0.151536 0.553420 440.281886 12.653217 185.073152
0.536611 -0.165043 0.827532 0.218353 0.974443 0.052752 -0.815089 0.152387 0.558935 440.992143 12.684038 185.557814
0.543058 -0.165269 0.823270 0.219813 0.974230 0.050577 -0.810413 0.153500 0.565392 441.662461 12.705064 186.037698
0.548003 -0.165335 0.819973 0.221488 0.973963 0.048360 -0.806620 0.155113 0.570355 442.341427 12.725741 186.514207
0.553544 -0.165055 0.816300 0.222701 0.973806 0.045886 -0.802492 0.156391 0.575803 443.017922 12.746966 186.999536
0.556474 -0.163908 0.814537 0.223638 0.973716 0.043155 -0.800202 0.158146 0.578504 443.695315 12.772002 187.483308
0.560774 -0.164304 0.811502 0.225198 0.973430 0.041471 -0.796755 0.159493 0.582876 444.369200 12.791883 187.971540
0.563857 -0.165054 0.809211 0.226750 0.973111 0.040486 -0.794134 0.160660 0.586122 445.116844 12.814017 188.514546
0.567815 -0.165392 0.806369 0.227798 0.972921 0.039146 -0.791008 0.161462 0.590116 445.835297 12.832221 189.044838
0.571050 -0.163979 0.804371 0.228761 0.972820 0.035914 -0.788397 0.163499 0.593041 446.629708 12.853542 189.634173
0.576306 -0.161861 0.801044 0.229631 0.972773 0.031354 -0.784309 0.165876 0.597783 447.383662 12.864968 190.206644
0.581738 -0.159523 0.797580 0.230282 0.972760 0.026598 -0.780097 0.168195 0.602627 448.148952 12.877441 190.792549
0.588188 -0.158942 0.792952 0.231386 0.972583 0.023313 -0.774916 0.169765 0.608839 448.830810 12.882960 191.323977
0.593523 -0.159381 0.788878 0.232333 0.972395 0.021659 -0.770553 0.170427 0.614168 449.480803 12.885308 191.836448
0.598198 -0.159746 0.785264 0.233252 0.972209 0.020089 -0.766650 0.171147 0.618835 450.120656 12.886809 192.345898
0.603237 -0.160655 0.781214 0.233798 0.972092 0.019375 -0.762524 0.170959 0.623963 450.739694 12.885429 192.846270
0.608516 -0.161650 0.776902 0.234974 0.971832 0.018163 -0.757954 0.171500 0.629359 451.387159 12.886698 193.375113
0.615490 -0.163034 0.771098 0.235938 0.971618 0.017105 -0.752001 0.171403 0.636486 452.013791 12.883114 193.896627
0.621794 -0.165091 0.765583 0.238063 0.971117 0.016062 -0.746122 0.172270 0.643137 452.644028 12.877289 194.429756
0.628849 -0.166852 0.759414 0.239409 0.970802 0.015049 -0.739752 0.172347 0.650433 453.252778 12.865563 194.957154
0.635416 -0.168780 0.753498 0.241301 0.970351 0.013869 -0.733498 0.173007 0.657304 453.827108 12.854289 195.461764
0.642833 -0.168828 0.747170 0.243648 0.969817 0.009512 -0.726224 0.175932 0.664565 454.409271 12.842734 195.983574
0.647964 -0.166365 0.743280 0.244637 0.969608 0.003757 -0.721315 0.179399 0.668970 454.904418 12.833404 196.431223
0.652867 -0.161156 0.740131 0.245784 0.969308 -0.005748 -0.716488 0.185664 0.672439 455.398713 12.822522 196.881051
0.656360 -0.159294 0.737439 0.246437 0.969107 -0.010006 -0.713064 0.188300 0.675339 455.938886 12.805064 197.390431
0.660517 -0.160690 0.733414 0.247520 0.968824 -0.010650 -0.708838 0.188569 0.679699 456.580774 12.777748 197.982211
0.665289 -0.162893 0.728599 0.248378 0.968609 -0.010243 -0.704059 0.187782 0.684864 457.213445 12.751048 198.572647
0.669244 -0.166096 0.724241 0.250907 0.967961 -0.009862 -0.699399 0.188317 0.689477 457.851828 12.727439 199.172084
0.674263 -0.168728 0.718958 0.253037 0.967402 -0.010273 -0.693788 0.188849 0.694978 458.521711 12.698108 199.814408
0.680240 -0.170160 0.712965 0.254043 0.967124 -0.011563 -0.687557 0.188990 0.701105 459.183576 12.668188 200.464294
0.686630 -0.170777 0.706664 0.254499 0.966977 -0.013598 -0.681006 0.189182 0.707418 459.829096 12.634895 201.109513
0.689600 -0.170400 0.703857 0.254819 0.966863 -0.015585 -0.677878 0.190103 0.710170 460.463470 12.602961 201.745029
0.692699 -0.169808 0.700952 0.255211 0.966717 -0.018016 -0.674563 0.191370 0.712981 461.057317 12.569649 202.349079
0.696861 -0.169518 0.696885 0.255770 0.966517 -0.020654 -0.670050 0.192635 0.716885 461.614437 12.534844 202.925447
0.703702 -0.169939 0.689872 0.256844 0.966155 -0.023996 -0.662446 0.194076 0.723533 462.155190 12.500435 203.493767
0.707567 -0.171280 0.685575 0.257942 0.965839 -0.024917 -0.657887 0.194469 0.727576 462.701174 12.464383 204.072226
0.710854 -0.172314 0.681905 0.259472 0.965386 -0.026539 -0.653729 0.195801 0.730959 463.279571 12.425758 204.694504
0.714254 -0.172934 0.678185 0.260638 0.965018 -0.028426 -0.649545 0.197064 0.734341 463.889046 12.381000 205.355691
0.716394 -0.173936 0.675667 0.261879 0.964655 -0.029335 -0.646683 0.197958 0.736623 464.545533 12.333580 206.069146
0.719683 -0.173748 0.672211 0.261695 0.964658 -0.030838 -0.643096 0.198108 0.739717 465.226003 12.281358 206.816983
0.722233 -0.172974 0.669671 0.262384 0.964368 -0.033885 -0.639949 0.200184 0.741884 465.815842 12.233982 207.472095
0.724722 -0.172440 0.667115 0.263028 0.964096 -0.036536 -0.636863 0.201948 0.744058 466.363693 12.183746 208.086608
0.727374 -0.171270 0.664525 0.262601 0.964118 -0.038952 -0.634009 0.202837 0.746250 466.897045 12.132685 208.691369
0.729707 -0.171352 0.661941 0.263469 0.963798 -0.040950 -0.630961 0.204282 0.748436 467.435780 12.081928 209.304544
0.732610 -0.172086 0.658536 0.263853 0.963661 -0.041712 -0.627427 0.204316 0.751393 467.970213 12.031222 209.919772
0.736472 -0.172656 0.654064 0.264511 0.963400 -0.043525 -0.622610 0.205062 0.755186 468.506341 11.977249 210.539398
0.738385 -0.172790 0.651867 0.264785 0.963276 -0.044593 -0.620223 0.205532 0.757021 469.057350 11.922142 211.186104
0.740914 -0.172954 0.648948 0.265381 0.963030 -0.046327 -0.616944 0.206542 0.759421 469.610713 11.864866 211.840984
0.743457 -0.172794 0.646075 0.265410 0.962946 -0.047873 -0.613864 0.207067 0.761771 470.197502 11.802749 212.534579
0.746183 -0.171662 0.643229 0.265074 0.962903 -0.050526 -0.610694 0.208205 0.764005 470.759788 11.738433 213.205090
0.748112 -0.169609 0.641530 0.264270 0.962959 -0.053585 -0.608678 0.209625 0.765224 471.303186 11.675221 213.861638
0.749558 -0.168900 0.640028 0.265020 0.962595 -0.056349 -0.606570 0.211857 0.766283 471.843467 11.610875 214.513223
0.751079 -0.169432 0.638101 0.265800 0.962321 -0.057340 -0.604343 0.212674 0.767815 472.357427 11.545610 215.132138
0.753548 -0.170476 0.634905 0.266534 0.962078 -0.058016 -0.600937 0.212941 0.770409 472.868127 11.477284 215.756946
0.756642 -0.171267 0.631000 0.266817 0.961949 -0.058850 -0.596910 0.212890 0.773548 473.377505 11.407895 216.386060
0.758189 -0.171687 0.629025 0.267796 0.961585 -0.060328 -0.594504 0.214190 0.775040 473.878735 11.340579 217.009604
0.759444 -0.171308 0.627613 0.268612 0.961207 -0.062671 -0.592530 0.216180 0.775999 474.402202 11.269745 217.654787
0.760270 -0.171457 0.626572 0.269410 0.960900 -0.063954 -0.591107 0.217427 0.776735 474.933771 11.195417 218.317513
0.761071 -0.172569 0.625293 0.271453 0.960228 -0.065392 -0.589139 0.219506 0.777646 475.451193 11.124010 218.959133
0.762151 -0.174063 0.623561 0.273539 0.959561 -0.066480 -0.586773 0.221237 0.778943 476.037233 11.043043 219.692266
0.763426 -0.175303 0.621650 0.275388 0.958941 -0.067776 -0.584244 0.222937 0.780357 476.661820 10.949768 220.474310
0.765662 -0.175201 0.618924 0.275891 0.958642 -0.069934 -0.581073 0.224301 0.782332 477.306231 10.851223 221.283789
0.767240 -0.175906 0.616766 0.277054 0.958201 -0.071362 -0.578432 0.225629 0.783905 477.919761 10.760245 222.058969
0.769538 -0.176205 0.613810 0.277612 0.957911 -0.073059 -0.575103 0.226622 0.786066 478.454441 10.674136 222.744160
0.771135 -0.176503 0.611717 0.277905 0.957756 -0.073980 -0.572817 0.227048 0.787610 478.970154 10.592654 223.406557
0.773349 -0.177004 0.608770 0.278242 0.957575 -0.075043 -0.569659 0.227420 0.789790 479.471940 10.509377 224.054925
0.775876 -0.177791 0.605315 0.278786 0.957329 -0.076157 -0.565945 0.227842 0.792334 479.968103 10.424972 224.702209
0.778130 -0.179081 0.602034 0.280066 0.956859 -0.077359 -0.562208 0.228804 0.794714 480.464219 10.340484 225.354380
0.780568 -0.179756 0.598666 0.281331 0.956297 -0.079673 -0.558181 0.230614 0.797026 480.930522 10.259604 225.974810
0.783347 -0.180549 0.594785 0.282811 0.955631 -0.082385 -0.553521 0.232748 0.799652 481.392830 10.178243 226.592398
0.786451 -0.180988 0.590541 0.283303 0.955300 -0.084509 -0.548848 0.233764 0.802571 481.867834 10.089051 227.238133
0.787342 -0.181512 0.589191 0.284572 0.954777 -0.086138 -0.546911 0.235487 0.803389 482.342245 9.998503 227.879419
0.789081 -0.181797 0.586772 0.285530 0.954292 -0.088312 -0.543897 0.237226 0.804923 482.766483 9.916717 228.456646
0.789932 -0.181859 0.585606 0.286977 0.953609 -0.090965 -0.541896 0.239912 0.805475 483.207831 9.832052 229.056640
0.791090 -0.182192 0.583938 0.287776 0.953225 -0.092454 -0.539780 0.241183 0.806516 483.663505 9.743953 229.679306
0.791444 -0.183058 0.583187 0.288920 0.952824 -0.093009 -0.538648 0.242106 0.806996 484.148797 9.650560 230.348668
0.792462 -0.183721 0.581593 0.289936 0.952399 -0.094203 -0.536601 0.243277 0.808007 484.623746 9.556741 231.003491
0.793663 -0.184547 0.579690 0.291012 0.951954 -0.095370 -0.534238 0.244389 0.809236 485.104854 9.461260 231.670351
0.794686 -0.185235 0.578068 0.291771 0.951642 -0.096162 -0.532301 0.245082 0.810303 485.599327 9.362129 232.357117
0.795941 -0.185785 0.576162 0.291917 0.951570 -0.096433 -0.530343 0.244946 0.811627 486.064298 9.264158 233.014728
0.797540 -0.185959 0.573889 0.292280 0.951306 -0.097930 -0.527733 0.245839 0.813057 486.547541 9.162492 233.698578
0.800162 -0.186407 0.570082 0.292157 0.951229 -0.099033 -0.523818 0.245796 0.815598 486.998999 9.064973 234.347756
0.803263 -0.186242 0.565758 0.291238 0.951376 -0.100316 -0.519566 0.245351 0.818446 487.442161 8.962377 234.994512
0.807474 -0.185414 0.560007 0.289965 0.951470 -0.103076 -0.513718 0.245613 0.822051 487.867927 8.861150 235.624351
0.810182 -0.185831 0.555942 0.290275 0.951156 -0.105086 -0.509259 0.246515 0.824552 488.309933 8.756179 236.282411
0.812672 -0.186642 0.552023 0.290918 0.950766 -0.106822 -0.504907 0.247404 0.826958 488.741074 8.655780 236.936863
0.814581 -0.187305 0.548976 0.291401 0.950474 -0.108094 -0.501541 0.248023 0.828819 489.214914 8.547761 237.651614
0.816924 -0.188304 0.545139 0.291536 0.950375 -0.108602 -0.497636 0.247647 0.831282 489.675227 8.438949 238.345207
0.819856 -0.188645 0.540601 0.290887 0.950473 -0.109476 -0.493175 0.247009 0.834125 490.162979 8.319482 239.098635
0.822579 -0.188607 0.536461 0.290320 0.950470 -0.110997 -0.488955 0.247050 0.836594 490.661284 8.199348 239.875604
0.824473 -0.188153 0.533707 0.289803 0.950437 -0.112622 -0.486065 0.247523 0.838137 491.199849 8.066703 240.722268
0.826146 -0.185921 0.531898 0.288354 0.950517 -0.115626 -0.484081 0.248899 0.838877 491.693122 7.936818 241.509611
0.826981 -0.185148 0.530870 0.288546 0.950153 -0.118113 -0.482539 0.250857 0.839182 492.197319 7.808450 242.307000
0.827497 -0.184749 0.530204 0.288846 0.949846 -0.119834 -0.481473 0.252310 0.839359 492.752323 7.662942 243.189325
0.827668 -0.184705 0.529953 0.289193 0.949633 -0.120679 -0.480971 0.253141 0.839396 493.328685 7.508877 244.092645
0.827601 -0.184440 0.530149 0.289108 0.949626 -0.120941 -0.481137 0.253361 0.839235 493.873359 7.364885 244.952872
0.825893 -0.183806 0.533025 0.289558 0.949450 -0.121250 -0.483794 0.254481 0.837367 494.396199 7.227882 245.777150
0.824218 -0.183948 0.535564 0.290716 0.949073 -0.121429 -0.485952 0.255780 0.835719 494.867704 7.104828 246.515806
0.824008 -0.183179 0.536150 0.290839 0.948858 -0.122806 -0.486235 0.257126 0.835142 495.353145 6.978235 247.272473
0.822536 -0.183512 0.538292 0.291705 0.948654 -0.122328 -0.488204 0.257642 0.833833 495.821093 6.860140 247.993376
0.822423 -0.183770 0.538376 0.292957 0.948063 -0.123908 -0.487643 0.259626 0.833546 496.318401 6.729400 248.755896
0.820972 -0.184082 0.540481 0.294270 0.947613 -0.124239 -0.489296 0.261044 0.832133 496.844031 6.592705 249.558797
0.819488 -0.184548 0.542569 0.295054 0.947482 -0.123372 -0.491306 0.261188 0.830902 497.369766 6.456252 250.364865
0.819925 -0.184905 0.541787 0.295074 0.947500 -0.123186 -0.490566 0.260870 0.831440 497.807114 6.339811 251.038967
0.819676 -0.185457 0.541975 0.295621 0.947365 -0.122917 -0.490652 0.260971 0.831357 498.243229 6.225807 251.707764
0.820339 -0.184642 0.541250 0.295104 0.947374 -0.124083 -0.489855 0.261515 0.831656 498.697015 6.108233 252.407557
0.821487 -0.183581 0.539868 0.294655 0.947226 -0.126257 -0.488199 0.262793 0.832227 499.177118 5.979742 253.149986
0.823092 -0.182848 0.537667 0.294799 0.946768 -0.129324 -0.485399 0.264949 0.833181 499.685478 5.843329 253.934739
0.823022 -0.181569 0.538208 0.294642 0.946553 -0.131237 -0.485614 0.266590 0.832532 500.141980 5.719554 254.637000
0.824049 -0.181100 0.536792 0.294598 0.946323 -0.132984 -0.483895 0.267724 0.833168 500.565093 5.598410 255.293476
0.824618 -0.181566 0.535761 0.295541 0.945837 -0.134345 -0.482350 0.269122 0.833614 500.975859 5.482650 255.923739
0.824918 -0.181314 0.535384 0.295757 0.945610 -0.135458 -0.481704 0.270085 0.833676 501.360577 5.371429 256.518140
0.824935 -0.181212 0.535392 0.296372 0.945236 -0.136721 -0.481296 0.271461 0.833465 501.777150 5.249557 257.160353
0.825054 -0.180947 0.535298 0.296459 0.945102 -0.137459 -0.481038 0.272105 0.833403 502.246212 5.114208 257.884773
0.825893 -0.181041 0.533970 0.296874 0.944767 -0.138854 -0.479339 0.273201 0.834023 502.728916 4.971624 258.631584
0.825649 -0.180671 0.534474 0.297060 0.944601 -0.139588 -0.479645 0.274021 0.833578 503.234954 4.821779 259.417426
0.824688 -0.180003 0.536179 0.297404 0.944373 -0.140393 -0.481082 0.275243 0.832347 503.723371 4.678583 260.174935
0.824206 -0.178838 0.537309 0.296856 0.944454 -0.141011 -0.482246 0.275726 0.831513 504.194498 4.534467 260.901062
0.823003 -0.177475 0.539601 0.296965 0.944214 -0.142381 -0.484230 0.277423 0.829794 504.631782 4.401246 261.569620
0.822244 -0.177411 0.540778 0.297895 0.943778 -0.143323 -0.484947 0.278941 0.828866 505.128080 4.252034 262.328165
0.820945 -0.177848 0.542604 0.299155 0.943366 -0.143409 -0.486369 0.280054 0.827656 505.669632 4.090438 263.156652
0.819186 -0.177657 0.545319 0.300037 0.943075 -0.143480 -0.488786 0.281153 0.825858 506.184034 3.930497 263.937193
0.817454 -0.178221 0.547728 0.301591 0.942591 -0.143405 -0.490725 0.282417 0.824275 506.693341 3.777872 264.702216
0.816640 -0.177873 0.549054 0.301910 0.942439 -0.143733 -0.491883 0.283143 0.823335 507.207278 3.622049 265.473513
0.814433 -0.179273 0.551870 0.304039 0.941909 -0.142715 -0.494226 0.284022 0.821628 507.769534 3.457047 266.291883
0.812871 -0.179859 0.553978 0.305983 0.941174 -0.143410 -0.495596 0.286081 0.820087 508.341934 3.287535 267.131954
0.812148 -0.179043 0.555301 0.306702 0.940654 -0.145273 -0.496336 0.288295 0.818863 508.905862 3.122991 267.953656
0.811366 -0.178268 0.556692 0.308024 0.939798 -0.147988 -0.496797 0.291547 0.817431 509.456428 2.961734 268.750541
0.811880 -0.177369 0.556229 0.308342 0.939288 -0.150542 -0.495758 0.293731 0.817280 510.026377 2.785942 269.584781
0.812336 -0.177646 0.555474 0.309198 0.938780 -0.151948 -0.494475 0.295184 0.817533 510.559644 2.622991 270.361065
0.812616 -0.179000 0.554630 0.310295 0.938450 -0.151755 -0.493328 0.295417 0.818142 511.047464 2.472418 271.074192
0.814133 -0.179779 0.552148 0.310060 0.938554 -0.151586 -0.490969 0.294610 0.819850 511.488956 2.328848 271.728015
0.815448 -0.180086 0.550103 0.309821 0.938565 -0.152009 -0.488932 0.294389 0.821146 511.900971 2.192411 272.341980
0.816478 -0.180049 0.548586 0.309760 0.938419 -0.153032 -0.487250 0.294877 0.821970 512.284325 2.064337 272.915470
0.817625 -0.179426 0.547079 0.309976 0.937915 -0.155660 -0.485184 0.296853 0.822481 512.689217 1.930510 273.524548
0.817726 -0.178663 0.547178 0.310331 0.937461 -0.157674 -0.484787 0.298741 0.822031 513.092648 1.800080 274.129186
0.818200 -0.179260 0.546274 0.310774 0.937276 -0.157905 -0.483703 0.298966 0.822588 513.518636 1.656921 274.774008
0.818846 -0.180628 0.544853 0.311152 0.937322 -0.156883 -0.482365 0.297995 0.823725 513.978464 1.501643 275.475804
0.820928 -0.182763 0.540995 0.311333 0.937454 -0.155732 -0.478696 0.296274 0.826482 514.453294 1.340583 276.201680
0.822414 -0.183278 0.538557 0.311165 0.937441 -0.156146 -0.476247 0.295997 0.827994 514.929584 1.181282 276.936399
0.822810 -0.182851 0.538098 0.311626 0.936956 -0.158123 -0.475261 0.297790 0.827918 515.404094 1.021316 277.660681
0.823481 -0.182875 0.537063 0.312547 0.936258 -0.160424 -0.473491 0.299964 0.828147 515.859567 0.870438 278.356289
0.824676 -0.183767 0.534920 0.313506 0.935686 -0.161879 -0.470770 0.301199 0.829250 516.255703 0.737581 278.968262
0.826228 -0.184911 0.532123 0.313895 0.935481 -0.162309 -0.467778 0.301135 0.830964 516.625180 0.609388 279.547431
0.827129 -0.185836 0.530399 0.314327 0.935308 -0.162472 -0.465893 0.301104 0.832034 516.980428 0.485494 280.100152
0.827904 -0.187057 0.528758 0.315199 0.934964 -0.162765 -0.463923 0.301418 0.833020 517.358439 0.354433 280.687491
0.828633 -0.188563 0.527079 0.316009 0.934755 -0.162394 -0.462068 0.301127 0.834156 517.745518 0.217951 281.291704
0.829479 -0.189598 0.525374 0.316282 0.934726 -0.162031 -0.460359 0.300567 0.835302 518.128183 0.083961 281.895298
0.830244 -0.191055 0.523635 0.317271 0.934374 -0.162127 -0.458295 0.300739 0.836374 518.500637 -0.048269 282.484077
0.831168 -0.190919 0.522215 0.317272 0.934141 -0.163458 -0.456616 0.301545 0.837002 518.902488 -0.191880 283.123458
0.831982 -0.191192 0.520818 0.317945 0.933611 -0.165173 -0.454662 0.303013 0.837536 519.319898 -0.340607 283.789321
0.833152 -0.191348 0.518887 0.317933 0.933419 -0.166277 -0.452522 0.303505 0.838515 519.736969 -0.492099 284.465322
0.834081 -0.191887 0.517193 0.318220 0.933198 -0.166965 -0.450605 0.303844 0.839425 520.131999 -0.635671 285.105645
0.834904 -0.193194 0.515375 0.319067 0.932868 -0.167191 -0.448476 0.304027 0.840498 520.527033 -0.783423 285.747719
0.835444 -0.194401 0.514044 0.320027 0.932489 -0.167473 -0.446783 0.304422 0.841256 520.913414 -0.928712 286.377392
0.835765 -0.194890 0.513337 0.320903 0.931979 -0.168633 -0.445554 0.305669 0.841456 521.292294 -1.070771 286.991596
0.836247 -0.195902 0.512166 0.322148 0.931345 -0.169756 -0.443748 0.306951 0.841944 521.654030 -1.206062 287.581138
0.836375 -0.197019 0.511527 0.323166 0.930981 -0.169820 -0.442764 0.307341 0.842319 522.026597 -1.347372 288.193414
0.836242 -0.198231 0.511277 0.324425 0.930539 -0.169841 -0.442095 0.307899 0.842467 522.404558 -1.492467 288.815778
0.835495 -0.199341 0.512066 0.325801 0.930121 -0.169498 -0.442495 0.308446 0.842056 522.814302 -1.646278 289.490470
0.834434 -0.200463 0.513356 0.327267 0.929713 -0.168907 -0.443415 0.308946 0.841389 523.196293 -1.790110 290.119377
0.832895 -0.200506 0.515833 0.327847 0.929674 -0.167996 -0.445872 0.309037 0.840056 523.580614 -1.934308 290.757862
0.831430 -0.201268 0.517895 0.329206 0.929310 -0.167353 -0.447602 0.309637 0.838915 523.976245 -2.078659 291.402790
0.829986 -0.201540 0.520101 0.329985 0.929180 -0.166537 -0.449704 0.309849 0.837711 524.393251 -2.230754 292.074556
0.828167 -0.201323 0.523076 0.330652 0.929051 -0.165933 -0.452558 0.310376 0.835977 524.793259 -2.375440 292.712412
0.826296 -0.201280 0.526044 0.331872 0.928607 -0.165984 -0.455079 0.311731 0.834103 525.199703 -2.521237 293.353959
0.823420 -0.201300 0.530527 0.333609 0.928042 -0.165657 -0.459004 0.313394 0.831324 525.606313 -2.664604 293.981972
0.819695 -0.201679 0.536122 0.335968 0.927339 -0.164826 -0.463925 0.315227 0.827892 526.009529 -2.799195 294.593987
0.815922 -0.201270 0.541998 0.337188 0.927166 -0.163300 -0.469655 0.315995 0.824361 526.465701 -2.951748 295.283830
0.813259 -0.201693 0.545829 0.338860 0.926706 -0.162452 -0.473057 0.317075 0.821998 526.953156 -3.112479 296.013154
0.811196 -0.201891 0.548819 0.339791 0.926550 -0.161392 -0.475924 0.317404 0.820214 527.460569 -3.280626 296.763082
0.807215 -0.201085 0.554949 0.340598 0.926548 -0.159692 -0.482075 0.317921 0.816413 527.934591 -3.434042 297.446959
0.802507 -0.200152 0.562069 0.341447 0.926603 -0.157547 -0.489281 0.318349 0.811947 528.425381 -3.592113 298.148696
0.798551 -0.199535 0.567893 0.342148 0.926687 -0.155517 -0.495228 0.318491 0.808277 528.873545 -3.731585 298.779826
0.795814 -0.199549 0.571718 0.343164 0.926517 -0.154288 -0.498918 0.318977 0.805813 529.311641 -3.866268 299.386203
0.793651 -0.199947 0.574577 0.344489 0.926149 -0.153545 -0.501443 0.319797 0.803918 529.730082 -3.997239 299.960484
0.792066 -0.199928 0.576768 0.345256 0.925924 -0.153176 -0.503419 0.320458 0.802419 530.172820 -4.133899 300.562824
0.789954 -0.199518 0.579798 0.346178 0.925585 -0.153146 -0.506097 0.321691 0.800238 530.554271 -4.251444 301.072398
0.787399 -0.198833 0.583496 0.347189 0.925190 -0.153245 -0.509375 0.323248 0.797526 530.955576 -4.372149 301.602475
0.784095 -0.198089 0.588181 0.348746 0.924556 -0.153533 -0.513393 0.325510 0.794022 531.364309 -4.494966 302.135763
0.781633 -0.196851 0.591862 0.349100 0.924415 -0.153576 -0.516894 0.326658 0.791274 531.781466 -4.617627 302.681956
0.779463 -0.195453 0.595178 0.349303 0.924280 -0.153931 -0.520024 0.327881 0.788714 532.216778 -4.742557 303.247122
0.777802 -0.194538 0.597644 0.350071 0.923830 -0.154884 -0.521991 0.329687 0.786659 532.676723 -4.873913 303.842216
0.776220 -0.194025 0.599864 0.350350 0.923779 -0.154557 -0.524153 0.330133 0.785032 533.163560 -5.013591 304.468215
0.774107 -0.194060 0.602577 0.351101 0.923656 -0.153583 -0.526769 0.330456 0.783143 533.640927 -5.148880 305.079336
0.771974 -0.193140 0.605602 0.351288 0.923645 -0.153223 -0.529767 0.331025 0.780877 534.096019 -5.277281 305.660757
0.768870 -0.192814 0.609641 0.351966 0.923626 -0.151776 -0.533815 0.331268 0.778012 534.546225 -5.404149 306.229730
0.766431 -0.193719 0.612418 0.353334 0.923375 -0.150111 -0.536412 0.331438 0.776151 534.976252 -5.522362 306.764027
0.765720 -0.194860 0.612945 0.353825 0.923457 -0.148441 -0.537104 0.330540 0.776056 535.495427 -5.662856 307.419359
0.765871 -0.196653 0.612184 0.354239 0.923612 -0.146477 -0.536615 0.329042 0.777030 536.033584 -5.809969 308.102378
0.765703 -0.197967 0.611971 0.354644 0.923701 -0.144925 -0.536588 0.328002 0.777488 536.548872 -5.950052 308.754010
0.764150 -0.198687 0.613676 0.355952 0.923296 -0.144301 -0.537934 0.328707 0.776260 537.028052 -6.084198 309.354995
0.760565 -0.196794 0.618719 0.357620 0.922346 -0.146238 -0.541894 0.332490 0.771882 537.471138 -6.200949 309.898928
0.756767 -0.192907 0.624572 0.359102 0.921063 -0.150626 -0.546214 0.338274 0.766303 537.861970 -6.297991 310.374692
0.754449 -0.191620 0.627764 0.360972 0.919938 -0.153013 -0.548184 0.342045 0.763216 538.318199 -6.411453 310.925757
0.753339 -0.192199 0.628920 0.361634 0.919834 -0.152074 -0.549273 0.342002 0.762452 538.821667 -6.547901 311.537904
0.752271 -0.193139 0.629909 0.361889 0.920060 -0.150084 -0.550567 0.340861 0.762030 539.306596 -6.682765 312.130878
0.751761 -0.193673 0.630354 0.361827 0.920300 -0.148758 -0.551304 0.339909 0.761922 539.830785 -6.824022 312.769563
0.750740 -0.194305 0.631376 0.362078 0.920442 -0.147266 -0.552530 0.339165 0.761365 540.311512 -6.955097 313.356928
0.749352 -0.194904 0.632839 0.362869 0.920293 -0.146242 -0.553894 0.339225 0.760347 540.764756 -7.072222 313.907112
0.747515 -0.194826 0.635031 0.363131 0.920373 -0.145085 -0.556199 0.339053 0.758740 541.229408 -7.194302 314.480623
0.746897 -0.195382 0.635587 0.363252 0.920511 -0.143898 -0.556950 0.338356 0.758500 541.718238 -7.321301 315.079292
0.746108 -0.195310 0.636535 0.363214 0.920626 -0.143259 -0.558031 0.338085 0.757826 542.218225 -7.452369 315.685871
0.744633 -0.194755 0.638429 0.363208 0.920706 -0.142764 -0.560001 0.338189 0.756324 542.703262 -7.581619 316.270264
0.742809 -0.194253 0.640703 0.363537 0.920640 -0.142346 -0.562206 0.338655 0.754478 543.185755 -7.706174 316.848045
0.741282 -0.193506 0.642694 0.363544 0.920674 -0.142108 -0.564213 0.338990 0.752827 543.650420 -7.826017 317.399878
0.740352 -0.192798 0.643978 0.363104 0.920905 -0.141738 -0.565716 0.338767 0.751799 544.139823 -7.953137 317.980502
0.739748 -0.192492 0.644764 0.362579 0.921231 -0.140962 -0.566842 0.338054 0.751272 544.636016 -8.079654 318.566908
0.739087 -0.192132 0.645628 0.362377 0.921359 -0.140646 -0.567832 0.337910 0.750589 545.131249 -8.207164 319.155458
0.738273 -0.191895 0.646629 0.362438 0.921376 -0.140376 -0.568851 0.337998 0.749777 545.593495 -8.324324 319.701666
0.737743 -0.191264 0.647421 0.362014 0.921559 -0.140268 -0.569808 0.337857 0.749114 546.070200 -8.446456 320.263763
0.736508 -0.190101 0.649167 0.361155 0.921973 -0.139758 -0.571946 0.337383 0.747697 546.513007 -8.556509 320.784790
0.735849 -0.190022 0.649937 0.361053 0.922100 -0.139184 -0.572859 0.337080 0.747134 546.951956 -8.668579 321.300507
0.735832 -0.190042 0.649951 0.360357 0.922515 -0.138234 -0.573319 0.335931 0.747299 547.426367 -8.781147 321.858032
0.735904 -0.190081 0.649857 0.359501 0.923015 -0.137124 -0.573763 0.334534 0.747585 547.918270 -8.899745 322.434904
0.735750 -0.189783 0.650119 0.358722 0.923425 -0.136404 -0.574448 0.333571 0.747489 548.423871 -9.022526 323.031461
0.735410 -0.189527 0.650578 0.358091 0.923778 -0.135667 -0.575277 0.332737 0.747223 548.902665 -9.137355 323.592884
0.734955 -0.189609 0.651068 0.357762 0.924039 -0.134751 -0.576062 0.331963 0.746962 549.370534 -9.248704 324.138688
0.735024 -0.189453 0.651036 0.356885 0.924503 -0.133893 -0.576518 0.330760 0.747145 549.842705 -9.361547 324.687345
0.735797 -0.189473 0.650156 0.356182 0.924819 -0.133582 -0.575967 0.329863 0.747966 550.291283 -9.468019 325.203096
0.736587 -0.188669 0.649494 0.355400 0.925008 -0.134354 -0.575439 0.329794 0.748402 550.723397 -9.570730 325.705930
0.736637 -0.186708 0.650005 0.354354 0.925194 -0.135829 -0.576020 0.330388 0.747693 551.145375 -9.670195 326.198998
0.736938 -0.185000 0.650152 0.353006 0.925572 -0.136757 -0.576463 0.330289 0.747395 551.593279 -9.768647 326.724083
0.737397 -0.184749 0.649702 0.350886 0.926674 -0.134738 -0.577169 0.327327 0.748153 552.070828 -9.879477 327.284462
0.737722 -0.184573 0.649384 0.348912 0.927714 -0.132693 -0.577951 0.324468 0.748794 552.534821 -9.988957 327.828973
0.738503 -0.184677 0.648466 0.347715 0.928316 -0.131618 -0.577675 0.322682 0.749779 552.989847 -10.095512 328.364971
0.739576 -0.184706 0.647234 0.346586 0.928830 -0.130967 -0.576980 0.321183 0.750957 553.466203 -10.205811 328.926629
0.741023 -0.183360 0.645960 0.344524 0.929540 -0.131370 -0.576358 0.319897 0.751983 553.895196 -10.306439 329.446323
0.742198 -0.181911 0.645019 0.343325 0.929776 -0.132831 -0.575560 0.320038 0.752533 554.351422 -10.411808 329.992628
0.743176 -0.179882 0.644462 0.341283 0.930379 -0.133871 -0.575513 0.319433 0.752826 554.822195 -10.525328 330.554689
0.744631 -0.179088 0.643002 0.339614 0.930971 -0.133999 -0.574619 0.318153 0.754051 555.339139 -10.650683 331.171557
0.745171 -0.177924 0.642700 0.338458 0.931305 -0.134600 -0.574602 0.317827 0.754201 555.850897 -10.772304 331.777319
0.745737 -0.176679 0.642387 0.337222 0.931661 -0.135236 -0.574593 0.317478 0.754354 556.373048 -10.902472 332.407843
0.746728 -0.175321 0.641607 0.335101 0.932429 -0.135215 -0.574547 0.315972 0.755021 556.894450 -11.027752 333.034970
0.747499 -0.174454 0.640946 0.333704 0.932924 -0.135254 -0.574358 0.314989 0.755576 557.450591 -11.161227 333.698547
0.748767 -0.174393 0.639481 0.332971 0.933166 -0.135392 -0.573130 0.314306 0.756792 557.980491 -11.291209 334.337815
0.750136 -0.173618 0.638085 0.331002 0.933921 -0.135015 -0.572480 0.312487 0.758036 558.444523 -11.406560 334.902169
0.750875 -0.172219 0.637595 0.328961 0.934651 -0.134951 -0.572687 0.311075 0.758460 558.886643 -11.516423 335.434912
0.750294 -0.169985 0.638877 0.327273 0.935160 -0.135531 -0.574413 0.310776 0.757277 559.338387 -11.625555 335.978174
0.749653 -0.167445 0.640299 0.325383 0.935714 -0.136254 -0.576322 0.310486 0.755944 559.736297 -11.719208 336.460105
0.749111 -0.164770 0.641626 0.323272 0.936340 -0.136974 -0.578211 0.310028 0.754688 560.187858 -11.824940 337.003302
0.748885 -0.162927 0.642360 0.321369 0.936990 -0.137007 -0.579563 0.309037 0.754058 560.606511 -11.924270 337.511429
0.749159 -0.162216 0.642220 0.320010 0.937531 -0.136489 -0.579961 0.307769 0.754270 561.015348 -12.024279 338.008763
0.749355 -0.161736 0.642112 0.318729 0.938085 -0.135677 -0.580412 0.306330 0.754509 561.465938 -12.131315 338.549985
0.748945 -0.161335 0.642691 0.317828 0.938521 -0.134776 -0.581435 0.305205 0.754177 561.920279 -12.240403 339.088302
0.747453 -0.161436 0.644401 0.317348 0.938954 -0.132870 -0.583613 0.303814 0.753056 562.367274 -12.346339 339.623603
0.746012 -0.161360 0.646087 0.316917 0.939315 -0.131339 -0.585687 0.302737 0.751878 562.822869 -12.454312 340.157736
0.744726 -0.160557 0.647769 0.316065 0.939726 -0.130451 -0.587781 0.301887 0.750585 563.298699 -12.567329 340.728775
0.743887 -0.160201 0.648820 0.315341 0.940112 -0.129421 -0.589230 0.300874 0.749855 563.788523 -12.684326 341.306751
0.743341 -0.160045 0.649485 0.314428 0.940600 -0.128084 -0.590406 0.299427 0.749509 564.293314 -12.798354 341.894963
0.743200 -0.159020 0.649897 0.313185 0.941042 -0.127889 -0.591243 0.298585 0.749185 564.827472 -12.915044 342.517734
0.742412 -0.158498 0.650925 0.313198 0.941011 -0.128085 -0.592226 0.298960 0.748259 565.308865 -13.019367 343.079359
0.741342 -0.158138 0.652230 0.312889 0.941201 -0.127437 -0.593728 0.298550 0.747232 565.782222 -13.125647 343.629022
0.740470 -0.158301 0.653181 0.313096 0.941215 -0.126831 -0.594706 0.298422 0.746504 566.248030 -13.234037 344.171641
0.740214 -0.157855 0.653579 0.313026 0.941188 -0.127199 -0.595062 0.298742 0.746093 566.740849 -13.347770 344.748362
0.739737 -0.157483 0.654208 0.312959 0.941196 -0.127307 -0.595689 0.298914 0.745523 567.218508 -13.456815 345.304535
0.739170 -0.156695 0.655038 0.312345 0.941406 -0.127263 -0.596715 0.298667 0.744801 567.686188 -13.559364 345.847750
0.738718 -0.156301 0.655641 0.311664 0.941713 -0.126656 -0.597629 0.297903 0.744374 568.146897 -13.661024 346.382722
0.738721 -0.155996 0.655711 0.310999 0.941985 -0.126269 -0.597972 0.297203 0.744379 568.576576 -13.757548 346.881181
0.738547 -0.155107 0.656117 0.309605 0.942522 -0.125688 -0.598910 0.295964 0.744119 568.999769 -13.852554 347.372054
0.738092 -0.154770 0.656708 0.309122 0.942738 -0.125251 -0.599719 0.295450 0.743671 569.425997 -13.947146 347.857416
0.736789 -0.153813 0.658394 0.308272 0.943096 -0.124654 -0.601756 0.294808 0.742279 569.873013 -14.045203 348.366845
0.734440 -0.153446 0.661099 0.308271 0.943243 -0.123536 -0.604620 0.294528 0.740059 570.300785 -14.134957 348.856593
0.732579 -0.152366 0.663409 0.306936 0.943858 -0.122161 -0.607551 0.293117 0.738217 570.736352 -14.229277 349.344634
0.730328 -0.151686 0.666042 0.305778 0.944486 -0.120192 -0.610836 0.291441 0.736167 571.182095 -14.327032 349.839433
0.727125 -0.151146 0.669659 0.304794 0.945126 -0.117628 -0.615134 0.289639 0.733294 571.644319 -14.422259 350.345045
0.723485 -0.150405 0.673757 0.304464 0.945449 -0.115880 -0.619574 0.288972 0.729811 572.077177 -14.508009 350.811676
0.719564 -0.149929 0.678048 0.304184 0.945807 -0.113674 -0.624259 0.288047 0.726175 572.563762 -14.601513 351.327591
0.714817 -0.149111 0.683230 0.304007 0.946113 -0.111578 -0.629775 0.287465 0.721628 573.082124 -14.695684 351.871969
0.710129 -0.148832 0.688161 0.304261 0.946296 -0.109314 -0.634935 0.287008 0.717276 573.646716 -14.795399 352.457360
0.705645 -0.148550 0.692819 0.304241 0.946576 -0.106915 -0.639923 0.286228 0.713142 574.220966 -14.893143 353.054163
0.701136 -0.148761 0.697337 0.304454 0.946818 -0.104130 -0.644761 0.285317 0.709139 574.906028 -15.013309 353.755767
0.696020 -0.150532 0.702066 0.305425 0.946977 -0.099751 -0.649824 0.283857 0.705091 575.508221 -15.112423 354.355475
0.690057 -0.151943 0.707626 0.307094 0.946808 -0.096168 -0.655374 0.283669 0.700012 576.108182 -15.203382 354.942765
0.683129 -0.152411 0.714217 0.307438 0.947116 -0.091946 -0.662432 0.282388 0.693859 576.703110 -15.296376 355.512977
0.676088 -0.152430 0.720882 0.308544 0.947026 -0.089123 -0.669109 0.282679 0.687304 577.265513 -15.376418 356.044334
0.667395 -0.152263 0.728972 0.309432 0.947072 -0.085475 -0.677374 0.282613 0.679187 577.843183 -15.452694 356.581909
0.660301 -0.153944 0.735053 0.311041 0.946931 -0.081091 -0.683561 0.282176 0.673142 578.487009 -15.535936 357.165582
0.651353 -0.155788 0.742610 0.311737 0.947226 -0.074715 -0.691780 0.280165 0.665543 579.114569 -15.615604 357.721182
0.641628 -0.156510 0.750879 0.311761 0.947661 -0.068874 -0.700799 0.278287 0.656839 579.776551 -15.695611 358.292279
0.630715 -0.156887 0.759991 0.312330 0.947846 -0.063536 -0.710386 0.277441 0.646821 580.372871 -15.758950 358.795921
0.620778 -0.156757 0.768155 0.313292 0.947774 -0.059773 -0.718667 0.277763 0.637468 581.034239 -15.818627 359.345719
0.609448 -0.157056 0.777114 0.314404 0.947692 -0.055039 -0.727821 0.277871 0.626949 581.707270 -15.880889 359.894596
0.599569 -0.157164 0.784740 0.314902 0.947765 -0.050782 -0.735768 0.277563 0.617742 582.419616 -15.944844 360.444205
0.590615 -0.158569 0.791220 0.316126 0.947598 -0.046068 -0.742454 0.277334 0.609793 583.168597 -16.004443 361.011297
0.581652 -0.161214 0.797303 0.318084 0.947196 -0.040527 -0.748668 0.277182 0.602218 583.956931 -16.063084 361.602696
0.571760 -0.163175 0.804030 0.318855 0.947175 -0.034517 -0.755925 0.276104 0.593585 584.751897 -16.116604 362.182887
0.559962 -0.162835 0.812359 0.319475 0.947108 -0.030370 -0.764447 0.276534 0.582366 585.554021 -16.162797 362.754372
0.547508 -0.161083 0.821150 0.320626 0.946790 -0.028051 -0.772938 0.278640 0.570023 586.410867 -16.209592 363.343678
0.537069 -0.159692 0.828285 0.321023 0.946724 -0.025628 -0.780065 0.279663 0.559721 587.166487 -16.246532 363.846817
0.524850 -0.158823 0.836246 0.321265 0.946738 -0.021827 -0.788239 0.280113 0.547920 587.945102 -16.274673 364.352643
0.512554 -0.158002 0.843993 0.321411 0.946770 -0.017949 -0.796231 0.280468 0.536054 588.768272 -16.304320 364.864773
0.496482 -0.157781 0.853587 0.321657 0.946779 -0.012082 -0.806252 0.280561 0.520810 589.611453 -16.327680 365.371031
0.481981 -0.156974 0.862005 0.321316 0.946945 -0.007218 -0.815138 0.280455 0.506848 590.505045 -16.346212 365.896263
0.463997 -0.155818 0.872025 0.321127 0.947035 -0.001647 -0.825581 0.280795 0.489458 591.279407 -16.355845 366.325416
0.443960 -0.155023 0.882535 0.322713 0.946489 0.003916 -0.835916 0.283066 0.470231 592.088531 -16.361657 366.745895
0.425540 -0.154637 0.891630 0.323419 0.946206 0.009747 -0.845172 0.284222 0.452661 592.919628 -16.360172 367.158908
0.407177 -0.156048 0.899920 0.324504 0.945728 0.017167 -0.853759 0.285038 0.435717 593.800257 -16.361437 367.572991
0.389356 -0.156243 0.907739 0.322666 0.946197 0.024461 -0.862722 0.283372 0.418821 594.721332 -16.353002 367.996609
0.372822 -0.156213 0.914659 0.321958 0.946266 0.030379 -0.870257 0.283156 0.403083 595.529385 -16.339596 368.344017
0.356146 -0.155981 0.921320 0.322343 0.945955 0.035547 -0.877072 0.284321 0.387178 596.383198 -16.317045 368.697351
0.339003 -0.155930 0.927773 0.322988 0.945519 0.040895 -0.883604 0.285796 0.370897 597.149371 -16.288105 368.990514
0.324023 -0.155616 0.933163 0.321518 0.945781 0.046080 -0.889739 0.285098 0.356488 598.057374 -16.254156 369.331271
0.309660 -0.155123 0.938108 0.320935 0.945757 0.050451 -0.895048 0.285449 0.342648 598.953043 -16.218285 369.650517
0.294525 -0.155492 0.942909 0.320633 0.945560 0.055777 -0.900250 0.285900 0.328347 599.821281 -16.181979 369.944414
0.280620 -0.155757 0.947097 0.319581 0.945605 0.060821 -0.905053 0.285606 0.315133 600.682000 -16.144175 370.221528
0.266107 -0.154448 0.951490 0.319006 0.945571 0.064270 -0.909628 0.286428 0.300893 601.639040 -16.095912 370.514659
0.252503 -0.153474 0.955347 0.317610 0.945781 0.067991 -0.913984 0.286260 0.287558 602.602910 -16.041878 370.798607
0.242198 -0.153074 0.958075 0.315180 0.946333 0.071521 -0.917607 0.284643 0.277446 603.662372 -15.976928 371.103912
0.231725 -0.152047 0.960825 0.312386 0.947028 0.074525 -0.921259 0.282879 0.266947 604.703828 -15.916763 371.396172
0.221155 -0.152229 0.963284 0.311120 0.947144 0.078250 -0.924281 0.282392 0.256827 605.753719 -15.846917 371.675744
0.211433 -0.152207 0.965468 0.310883 0.946972 0.081209 -0.926632 0.282978 0.247540 606.766026 -15.775399 371.933121
0.199465 -0.151874 0.968064 0.310129 0.946918 0.084656 -0.929534 0.283339 0.235977 607.780272 -15.706372 372.176805
0.190306 -0.150931 0.970053 0.309391 0.946980 0.086644 -0.931698 0.283637 0.226912 608.782156 -15.628718 372.406869
0.181142 -0.149314 0.972056 0.307530 0.947440 0.088225 -0.934137 0.282955 0.217540 609.728907 -15.559115 372.616510
0.171048 -0.147417 0.974172 0.306449 0.947661 0.089599 -0.936393 0.283208 0.207271 610.578691 -15.487679 372.790596
0.161884 -0.145930 0.975960 0.305179 0.947926 0.091118 -0.938435 0.283092 0.197989 611.411531 -15.422667 372.954228
0.152111 -0.146130 0.977501 0.303891 0.948015 0.094433 -0.940485 0.282690 0.188611 612.284505 -15.350091 373.122836
0.141872 -0.146861 0.978930 0.303172 0.947856 0.098262 -0.942316 0.282843 0.178998 613.022531 -15.282384 373.256695
0.131868 -0.148336 0.980106 0.301212 0.947984 0.102948 -0.944395 0.281644 0.169689 613.834323 -15.209948 373.395261
0.121714 -0.148120 0.981451 0.298502 0.948490 0.106127 -0.946616 0.280048 0.159658 614.651857 -15.136625 373.522561
0.111185 -0.146715 0.982910 0.297670 0.948550 0.107914 -0.948172 0.280585 0.149137 615.435172 -15.058584 373.632861
0.099907 -0.146705 0.984122 0.295966 0.948683 0.111376 -0.949959 0.280140 0.138200 616.183652 -14.985708 373.731322
0.087776 -0.146735 0.985274 0.293897 0.948878 0.115132 -0.951798 0.279463 0.126414 616.898335 -14.911372 373.817776
0.074329 -0.146768 0.986374 0.291143 0.949212 0.119299 -0.953788 0.278308 0.113284 617.804089 -14.822218 373.922414
0.059300 -0.146963 0.987363 0.289957 0.948994 0.123837 -0.955201 0.278949 0.098888 618.640115 -14.729755 374.001825
0.043972 -0.146796 0.988189 0.287275 0.949227 0.128225 -0.956838 0.278243 0.083910 619.515348 -14.624627 374.078693
0.031348 -0.146039 0.988782 0.285052 0.949490 0.131199 -0.957999 0.277741 0.071393 620.330021 -14.528064 374.124881
0.019829 -0.145977 0.989089 0.283044 0.949632 0.134479 -0.958902 0.277289 0.060148 621.168174 -14.429550 374.161085
0.006091 -0.147433 0.989053 0.280655 0.949570 0.139819 -0.959790 0.276731 0.047161 622.042800 -14.325489 374.191220
-0.009022 -0.148254 0.988908 0.277914 0.949615 0.144899 -0.960564 0.276139 0.032634 622.859098 -14.229540 374.207477
-0.023114 -0.149445 0.988500 0.275856 0.949425 0.149988 -0.960921 0.276150 0.019280 623.492166 -14.156112 374.209930
-0.038753 -0.151330 0.987723 0.272424 0.949422 0.156150 -0.961397 0.275131 0.004433 624.192472 -14.072497 374.206631
-0.057169 -0.153168 0.986545 0.269221 0.949190 0.162969 -0.961380 0.274916 -0.013028 625.051441 -13.952800 374.191468
-0.076040 -0.153349 0.985242 0.265449 0.949331 0.168247 -0.961122 0.274325 -0.031480 625.928233 -13.829755 374.157355
-0.091248 -0.153860 0.983870 0.262545 0.949320 0.172807 -0.960595 0.274079 -0.046229 626.739671 -13.713860 374.109555
-0.107537 -0.153916 0.982215 0.259256 0.949421 0.177162 -0.959803 0.273697 -0.062195 627.581152 -13.582350 374.051209
-0.124397 -0.155089 0.980037 0.255801 0.949309 0.182695 -0.958692 0.273422 -0.078420 628.414658 -13.447974 373.974162
-0.141582 -0.156635 0.977456 0.252118 0.949137 0.188616 -0.957283 0.273139 -0.094890 629.182620 -13.322612 373.887908
-0.160045 -0.157910 0.974397 0.248275 0.948949 0.194565 -0.955377 0.273057 -0.112670 629.945826 -13.192276 373.787985
-0.181462 -0.158611 0.970522 0.242413 0.949238 0.200458 -0.953052 0.271642 -0.133802 630.780554 -13.043022 373.667454
-0.200807 -0.158125 0.966785 0.238698 0.949245 0.204835 -0.950105 0.271902 -0.152871 631.612368 -12.889533 373.525574
-0.218946 -0.157744 0.962902 0.234741 0.949346 0.208899 -0.947079 0.271770 -0.170826 632.404706 -12.735825 373.369540
-0.237971 -0.158147 0.958311 0.231068 0.949109 0.214008 -0.943386 0.272363 -0.189317 633.246899 -12.568488 373.190757
-0.257610 -0.159392 0.953012 0.226414 0.948883 0.219903 -0.939347 0.272425 -0.208353 634.122422 -12.392541 372.991606
-0.280739 -0.160858 0.946208 0.220692 0.948620 0.226747 -0.934067 0.272477 -0.230814 635.029274 -12.203202 372.765316
-0.306548 -0.162097 0.937951 0.212961 0.948734 0.233562 -0.927726 0.271345 -0.256312 635.894943 -12.007701 372.519912
-0.328198 -0.163272 0.930391 0.207085 0.948552 0.239509 -0.921630 0.271277 -0.277502 636.738028 -11.815282 372.255082
-0.346244 -0.165155 0.923493 0.202436 0.948039 0.245443 -0.916043 0.271932 -0.294819 637.529116 -11.627790 371.991262
-0.363517 -0.167347 0.916434 0.197389 0.947561 0.251329 -0.910436 0.272256 -0.311422 638.348107 -11.428705 371.703832
-0.380255 -0.168763 0.909354 0.192154 0.947342 0.256164 -0.904700 0.272144 -0.327803 639.215610 -11.206190 371.385948
-0.395558 -0.169828 0.902603 0.187728 0.947057 0.260462 -0.899051 0.272472 -0.342735 639.957233 -11.007900 371.092016
-0.414784 -0.171728 0.893568 0.181415 0.946706 0.266151 -0.891652 0.272502 -0.361525 640.688671 -10.805825 370.781053
-0.435507 -0.175159 0.882980 0.173942 0.946026 0.273458 -0.883220 0.272680 -0.381533 641.414214 -10.602830 370.456635
-0.457633 -0.177109 0.871323 0.167552 0.945226 0.280132 -0.873212 0.274189 -0.402892 642.077924 -10.407839 370.131590
-0.475645 -0.178541 0.861327 0.161875 0.944696 0.285213 -0.864614 0.275088 -0.420439 642.851900 -10.165080 369.751519
-0.488856 -0.180180 0.853554 0.156232 0.944536 0.288865 -0.858261 0.274566 -0.433592 643.657477 -9.907862 369.338853
-0.500864 -0.182417 0.846085 0.151010 0.944127 0.292949 -0.852251 0.274495 -0.445332 644.404109 -9.668349 368.944189
-0.516126 -0.185037 0.836287 0.144110 0.943706 0.297743 -0.844302 0.274190 -0.460406 645.105849 -9.440796 368.558003
-0.529898 -0.186975 0.827193 0.137582 0.943518 0.301403 -0.836827 0.273520 -0.474244 645.805385 -9.207628 368.156194
-0.540343 -0.188569 0.820044 0.132412 0.943368 0.304176 -0.830961 0.272943 -0.484773 646.490098 -8.976108 367.743900
-0.551021 -0.188990 0.812809 0.128675 0.943126 0.306522 -0.824512 0.273488 -0.495364 647.195781 -8.731838 367.308536
-0.563129 -0.190121 0.804201 0.123877 0.942756 0.309620 -0.817031 0.273979 -0.507342 647.913107 -8.481772 366.850893
-0.573664 -0.191342 0.796428 0.119808 0.942273 0.312679 -0.810281 0.274791 -0.517624 648.583090 -8.245628 366.411243
-0.583939 -0.192509 0.788642 0.116188 0.941655 0.315890 -0.803440 0.276091 -0.527501 649.160485 -8.035307 366.012871
-0.593872 -0.192745 0.781131 0.112669 0.941390 0.317948 -0.796631 0.276830 -0.537349 649.737281 -7.814894 365.604659
-0.605824 -0.193634 0.771675 0.107767 0.941019 0.320732 -0.788266 0.277469 -0.549225 650.282787 -7.607544 365.209222
-0.617584 -0.194417 0.762097 0.102810 0.940697 0.323294 -0.779757 0.278012 -0.560971 650.867507 -7.380168 364.774019
-0.625740 -0.196356 0.754913 0.098911 0.940012 0.326487 -0.773735 0.278965 -0.568781 651.539893 -7.109190 364.260370
-0.634104 -0.198299 0.747389 0.094520 0.939432 0.329445 -0.767449 0.279546 -0.576954 652.180978 -6.851598 363.766932
-0.641106 -0.199539 0.741058 0.090328 0.939277 0.331057 -0.762118 0.279181 -0.584153 652.857640 -6.572291 363.238598
-0.646072 -0.200990 0.736338 0.086874 0.939075 0.332553 -0.758316 0.278822 -0.589250 653.493632 -6.302260 362.732401
-0.653949 -0.202746 0.728865 0.082796 0.938455 0.335332 -0.751994 0.279637 -0.596915 654.094682 -6.046530 362.236958
-0.662228 -0.203848 0.721041 0.078931 0.937951 0.337664 -0.745134 0.280523 -0.605048 654.681124 -5.793786 361.739275
-0.670378 -0.204645 0.713242 0.075377 0.937462 0.339827 -0.738181 0.281575 -0.613028 655.254499 -5.540471 361.240174
-0.680612 -0.205667 0.703185 0.070153 0.937085 0.341979 -0.729278 0.282086 -0.623363 655.840401 -5.281570 360.717871
-0.691640 -0.206075 0.692219 0.065106 0.936739 0.343920 -0.719302 0.282936 -0.634470 656.403461 -5.027695 360.198223
-0.701106 -0.205885 0.682688 0.061267 0.936475 0.345342 -0.710421 0.283948 -0.643954 656.987339 -4.754774 359.638199
-0.709004 -0.205879 0.674483 0.057857 0.936230 0.346592 -0.702827 0.284759 -0.651879 657.521034 -4.501612 359.116167
-0.715201 -0.205732 0.667953 0.055210 0.936079 0.347431 -0.696735 0.285360 -0.658126 658.025751 -4.261211 358.609477
-0.720877 -0.206039 0.661729 0.052514 0.935805 0.348585 -0.691071 0.286037 -0.663780 658.468053 -4.049726 358.156909
-0.725479 -0.205978 0.656699 0.050329 0.935734 0.349099 -0.686402 0.286314 -0.668488 658.940125 -3.813852 357.673063
-0.729258 -0.206206 0.652428 0.048325 0.935606 0.349723 -0.682530 0.286567 -0.672333 659.441234 -3.559802 357.153333
-0.734529 -0.207332 0.646127 0.045367 0.935045 0.351614 -0.677059 0.287584 -0.677412 659.922352 -3.315971 356.641919
-0.740168 -0.207626 0.639565 0.043428 0.934390 0.353595 -0.671019 0.289495 -0.682588 660.408240 -3.064293 356.113671
-0.747204 -0.207780 0.631279 0.040653 0.933802 0.355472 -0.663350 0.291274 -0.689294 660.878196 -2.817436 355.596903
-0.755142 -0.208158 0.621635 0.036746 0.933318 0.357165 -0.654530 0.292553 -0.697139 661.377766 -2.555946 355.037722
-0.760014 -0.208003 0.615722 0.034257 0.933262 0.357560 -0.649004 0.292843 -0.702166 661.820659 -2.326542 354.532057
-0.763570 -0.208220 0.611233 0.032312 0.933077 0.358222 -0.644916 0.293278 -0.705742 662.275193 -2.086790 354.003124
-0.769115 -0.209469 0.603808 0.028625 0.932526 0.359967 -0.638469 0.294140 -0.711224 662.690236 -1.864795 353.509783
-0.774149 -0.210452 0.596996 0.025571 0.931948 0.361688 -0.632487 0.295266 -0.716085 663.130887 -1.621413 352.978040
-0.779269 -0.211259 0.590008 0.022585 0.931389 0.363324 -0.626282 0.296453 -0.721031 663.546546 -1.397947 352.469675
-0.784081 -0.211437 0.583533 0.019471 0.931342 0.363625 -0.620352 0.296473 -0.726131 663.934488 -1.183729 351.980424
-0.788267 -0.211740 0.577756 0.016060 0.931532 0.363305 -0.615124 0.295660 -0.730895 664.322138 -0.970102 351.485821
-0.792153 -0.211650 0.572449 0.013218 0.931775 0.362795 -0.610179 0.294956 -0.735311 664.728842 -0.729855 350.958546
-0.795063 -0.212230 0.568184 0.010990 0.931589 0.363347 -0.606427 0.295128 -0.738339 665.105038 -0.513895 350.464398
-0.797346 -0.212619 0.564830 0.009352 0.931423 0.363818 -0.603450 0.295371 -0.740678 665.531256 -0.260776 349.905795
-0.800662 -0.213230 0.559887 0.007188 0.931036 0.364858 -0.599073 0.296152 -0.743912 665.988752 0.015154 349.298257
-0.804816 -0.214248 0.553506 0.004517 0.930338 0.366676 -0.593507 0.297607 -0.747783 666.409973 0.270830 348.721665
-0.808000 -0.215607 0.548315 0.001531 0.929866 0.367894 -0.589181 0.298098 -0.751002 666.855388 0.548711 348.104640
-0.811175 -0.217740 0.542756 -0.002659 0.929464 0.368904 -0.584797 0.297803 -0.754537 667.263925 0.802615 347.530644
-0.815930 -0.218148 0.535415 -0.006635 0.929555 0.368624 -0.578113 0.297219 -0.759899 667.710249 1.082198 346.902230
-0.821074 -0.218556 0.527324 -0.010925 0.929646 0.368293 -0.570717 0.296635 -0.765695 668.140644 1.359825 346.279013
-0.827158 -0.220251 0.517010 -0.016476 0.929106 0.369447 -0.561728 0.297073 -0.772146 668.578771 1.649122 345.628580
-0.833687 -0.221411 0.505909 -0.021597 0.928478 0.370758 -0.551815 0.298170 -0.778842 668.999718 1.930825 344.977281
-0.841423 -0.221799 0.492761 -0.027041 0.928022 0.371543 -0.539701 0.299300 -0.786856 669.425008 2.220894 344.300503
-0.849599 -0.222079 0.478395 -0.033051 0.927667 0.371943 -0.526392 0.300191 -0.795485 669.842436 2.513368 343.604544
-0.857476 -0.222072 0.464131 -0.039426 0.927768 0.371069 -0.513010 0.299885 -0.804294 670.198908 2.776597 342.969468
-0.865149 -0.221865 0.449771 -0.045823 0.928042 0.369647 -0.499418 0.299190 -0.813060 670.543435 3.043215 342.324988
-0.871372 -0.221629 0.437711 -0.050507 0.927936 0.369302 -0.488016 0.299692 -0.819771 670.865753 3.291685 341.703833
-0.876851 -0.222487 0.426184 -0.055963 0.927683 0.369151 -0.477495 0.299840 -0.825890 671.196125 3.558612 341.056285
-0.882477 -0.222235 0.414544 -0.060215 0.927466 0.369026 -0.466486 0.300695 -0.831849 671.503599 3.818406 340.417713
-0.888757 -0.221853 0.401113 -0.065256 0.927396 0.368347 -0.453710 0.301195 -0.838707 671.840025 4.108282 339.695886
-0.893796 -0.222825 0.389201 -0.070896 0.927125 0.367986 -0.442834 0.301312 -0.844458 672.155634 4.388513 338.997415
-0.898355 -0.224649 0.377481 -0.077401 0.926843 0.367384 -0.432398 0.300823 -0.850022 672.460774 4.660324 338.303940
-0.903997 -0.225666 0.363130 -0.084074 0.926598 0.366535 -0.419191 0.300817 -0.856615 672.761736 4.933839 337.604350
-0.908797 -0.225192 0.351250 -0.088167 0.926482 0.365866 -0.407817 0.301529 -0.861838 673.053055 5.215906 336.877797
-0.913182 -0.225275 0.339631 -0.092631 0.926261 0.365322 -0.396885 0.302145 -0.866713 673.360821 5.532557 336.097939
-0.916636 -0.226115 0.329623 -0.097016 0.925819 0.365305 -0.387772 0.302873 -0.870575 673.659000 5.843100 335.332815
-0.920921 -0.226470 0.317199 -0.101644 0.925248 0.365493 -0.376261 0.304349 -0.875100 673.926626 6.138182 334.592179
-0.924603 -0.227774 0.305333 -0.106919 0.924495 0.365893 -0.365619 0.305660 -0.879144 674.200548 6.451862 333.815400
-0.928682 -0.229782 0.291119 -0.113664 0.923513 0.366339 -0.353030 0.307123 -0.883768 674.434733 6.735798 333.095785
-0.932763 -0.230732 0.276977 -0.119660 0.922941 0.365870 -0.340051 0.308127 -0.888495 674.646371 6.998238 332.429420
-0.936563 -0.230996 0.263609 -0.124930 0.922708 0.364695 -0.327477 0.308628 -0.893033 674.844125 7.256616 331.769676
-0.939941 -0.231470 0.250864 -0.130128 0.922437 0.363561 -0.315559 0.309081 -0.897157 675.036506 7.523645 331.076035
-0.942717 -0.232991 0.238746 -0.135789 0.921716 0.363321 -0.304706 0.310090 -0.900555 675.235704 7.815653 330.315842
-0.945821 -0.233535 0.225574 -0.140920 0.921153 0.362794 -0.292513 0.311350 -0.904155 675.427768 8.103905 329.561288
-0.948594 -0.233399 0.213763 -0.145133 0.920989 0.361547 -0.281258 0.311937 -0.907518 675.609413 8.397447 328.790885
-0.951437 -0.234236 0.199751 -0.150810 0.920332 0.360895 -0.268372 0.313244 -0.910963 675.766873 8.663271 328.086568
-0.954310 -0.234211 0.185574 -0.155729 0.919833 0.360078 -0.255031 0.314727 -0.914279 675.886084 8.883460 327.472574
-0.956468 -0.234052 0.174322 -0.159872 0.919944 0.357971 -0.244150 0.314518 -0.917316 676.025277 9.151666 326.750128
-0.958355 -0.233719 0.164104 -0.163882 0.920695 0.354209 -0.233875 0.312564 -0.920655 676.164282 9.431286 325.992728
-0.960216 -0.233803 0.152711 -0.168374 0.920983 0.351341 -0.222789 0.311650 -0.923709 676.300318 9.720847 325.192123
-0.961933 -0.233467 0.142052 -0.172092 0.921269 0.348781 -0.212297 0.311058 -0.926376 676.418619 9.984533 324.448588
-0.963525 -0.233803 0.130216 -0.176679 0.921193 0.346681 -0.201009 0.311029 -0.928901 676.535168 10.266995 323.656773
-0.965072 -0.234047 0.117720 -0.181205 0.920844 0.345269 -0.189211 0.311878 -0.931092 676.634283 10.526638 322.903395
-0.966420 -0.233910 0.106386 -0.185071 0.920796 0.343342 -0.178271 0.312124 -0.933166 676.718217 10.773288 322.176120
-0.967599 -0.233405 0.096299 -0.188495 0.921510 0.339542 -0.167991 0.310388 -0.935648 676.798517 11.017226 321.446669
-0.968789 -0.232749 0.085296 -0.191889 0.921980 0.336351 -0.156927 0.309486 -0.937866 676.865178 11.258074 320.717026
-0.969885 -0.231903 0.074453 -0.194749 0.921967 0.334739 -0.146270 0.310159 -0.939365 676.928374 11.503136 319.959400
-0.971209 -0.229884 0.062500 -0.196862 0.922196 0.332867 -0.134157 0.310980 -0.940900 676.978004 11.750377 319.199527
-0.972247 -0.228096 0.052048 -0.198672 0.922407 0.331201 -0.123555 0.311669 -0.942123 677.019196 12.006042 318.423116
-0.973001 -0.226473 0.044488 -0.199683 0.922688 0.329809 -0.115741 0.312021 -0.942999 677.049353 12.233820 317.701206
-0.973462 -0.225500 0.039018 -0.200659 0.923026 0.328268 -0.110039 0.311727 -0.943778 677.080829 12.474306 316.939611
-0.973691 -0.225264 0.034372 -0.202049 0.923218 0.326871 -0.105365 0.311327 -0.944444 677.105130 12.703846 316.216437
-0.974105 -0.224727 0.024836 -0.204459 0.922449 0.327542 -0.096517 0.313983 -0.944510 677.114655 12.928255 315.501896
-0.974424 -0.224616 0.006767 -0.210062 0.921158 0.327630 -0.079824 0.317829 -0.944782 677.113741 13.193892 314.651730
-0.974540 -0.223692 -0.015275 -0.216363 0.920368 0.325745 -0.058808 0.320756 -0.945334 677.096506 13.425619 313.900251
-0.974171 -0.224080 -0.027917 -0.221068 0.921175 0.320258 -0.046047 0.318157 -0.946919 677.072572 13.655867 313.170394
-0.973580 -0.224575 -0.041326 -0.226156 0.923319 0.310381 -0.031547 0.311526 -0.949714 677.032744 13.899585 312.391206
-0.973256 -0.225079 -0.045959 -0.228170 0.923904 0.307149 -0.026671 0.309421 -0.950551 676.990680 14.178598 311.502974
-0.972650 -0.225210 -0.056848 -0.231647 0.922541 0.308639 -0.017064 0.313367 -0.949479 676.945072 14.383456 310.813776
-0.971348 -0.223978 -0.079473 -0.237625 0.921040 0.308576 0.004084 0.318620 -0.947874 676.875126 14.577336 310.127881
-0.969257 -0.223872 -0.102091 -0.244769 0.919587 0.307325 0.025080 0.322865 -0.946113 676.792664 14.779505 309.428897
-0.966184 -0.224978 -0.125988 -0.253308 0.919478 0.300659 0.048202 0.322405 -0.945374 676.712927 14.939012 308.847336
-0.963302 -0.227154 -0.143006 -0.260452 0.919855 0.293310 0.064918 0.319792 -0.945261 676.620089 15.101915 308.250017
-0.960432 -0.229061 -0.158432 -0.266680 0.920390 0.285943 0.080320 0.316880 -0.945059 676.502662 15.271561 307.609275
-0.956751 -0.230813 -0.177067 -0.273633 0.920654 0.278427 0.098753 0.314837 -0.943994 676.369386 15.452492 306.927268
-0.954032 -0.230327 -0.191762 -0.277427 0.920759 0.274293 0.113389 0.314884 -0.942333 676.234746 15.610434 306.303774
-0.950389 -0.231068 -0.208252 -0.282983 0.920223 0.270390 0.129160 0.315907 -0.939958 676.079527 15.784654 305.612544
-0.947071 -0.231164 -0.222756 -0.287464 0.919556 0.267921 0.142903 0.317775 -0.937336 675.914081 15.957732 304.922952
-0.943532 -0.233074 -0.235424 -0.292865 0.919013 0.263905 0.154848 0.317950 -0.935377 675.759410 16.113822 304.302155
-0.940793 -0.234306 -0.244969 -0.296760 0.918559 0.261119 0.163837 0.318356 -0.933706 675.594715 16.278727 303.658716
-0.938148 -0.234442 -0.254786 -0.299818 0.918125 0.259144 0.173171 0.319505 -0.931627 675.432930 16.420288 303.068457
-0.935709 -0.233776 -0.264191 -0.302094 0.917737 0.257873 0.182174 0.321105 -0.929357 675.241993 16.580060 302.407068
-0.933366 -0.232713 -0.273263 -0.303896 0.917481 0.256662 0.190985 0.322603 -0.927066 675.037691 16.739095 301.738750
-0.930743 -0.232523 -0.282225 -0.306758 0.916576 0.256493 0.199040 0.325303 -0.924425 674.842964 16.882120 301.114273
-0.927453 -0.233102 -0.292394 -0.310377 0.915981 0.254255 0.208560 0.326562 -0.921879 674.631112 17.034652 300.449837
-0.924502 -0.233647 -0.301172 -0.313278 0.915848 0.251157 0.217146 0.326546 -0.919900 674.428732 17.168039 299.835082
-0.922925 -0.233394 -0.306166 -0.314120 0.916315 0.248385 0.222573 0.325414 -0.919003 674.227014 17.306527 299.222130
-0.921895 -0.232892 -0.309631 -0.314505 0.916556 0.247008 0.226268 0.325095 -0.918213 673.971128 17.494387 298.453077
-0.920128 -0.232962 -0.314790 -0.316628 0.915577 0.247923 0.230458 0.327793 -0.916210 673.713873 17.677510 297.693966
-0.917388 -0.232571 -0.322970 -0.319408 0.914362 0.248837 0.237439 0.331440 -0.913110 673.471634 17.840403 296.985634
-0.913952 -0.231894 -0.333041 -0.322003 0.913855 0.247353 0.246991 0.333309 -0.909890 673.252082 17.978400 296.365195
-0.911823 -0.231874 -0.338840 -0.323311 0.914175 0.244448 0.253078 0.332444 -0.908533 673.044156 18.106704 295.791139
-0.911244 -0.232314 -0.340094 -0.323897 0.914268 0.243319 0.254411 0.331878 -0.908368 672.813851 18.262875 295.151818
-0.909332 -0.233187 -0.344587 -0.326327 0.913497 0.242969 0.258122 0.333387 -0.906767 672.583761 18.411694 294.523148
-0.906138 -0.233194 -0.352895 -0.329197 0.912673 0.242191 0.265600 0.335630 -0.903775 672.354572 18.548123 293.907855
-0.903395 -0.233565 -0.359617 -0.331852 0.911931 0.241364 0.271571 0.337387 -0.901343 672.141259 18.668508 293.356392
-0.902178 -0.234170 -0.362270 -0.333464 0.911345 0.241353 0.273635 0.338547 -0.900283 671.910713 18.804351 292.771412
-0.901683 -0.234051 -0.363575 -0.334488 0.910407 0.243471 0.274017 0.341145 -0.899186 671.640388 18.964651 292.091944
-0.900104 -0.232248 -0.368611 -0.335175 0.909658 0.245315 0.278336 0.344358 -0.896631 671.379185 19.113041 291.444044
-0.897517 -0.231135 -0.375552 -0.336864 0.908945 0.245646 0.284579 0.346982 -0.893655 671.113436 19.262694 290.786000
-0.895515 -0.230389 -0.380754 -0.338152 0.908476 0.245612 0.289320 0.348702 -0.891460 670.854525 19.409687 290.146596
-0.893633 -0.229245 -0.385833 -0.338959 0.908221 0.245441 0.294156 0.350115 -0.889321 670.600527 19.550315 289.526912
-0.892338 -0.228275 -0.389388 -0.339307 0.908165 0.245167 0.297663 0.350894 -0.887846 670.384287 19.661515 289.007011
-0.891264 -0.227597 -0.392235 -0.339769 0.907989 0.245180 0.300342 0.351790 -0.886588 670.151768 19.784205 288.452523
