0.999999 -0.000929 -0.001049 0.000930 0.999999 0.001130 0.001048 -0.001131 0.999999 -0.001095 -0.013212 0.543282
0.999999 -0.001312 -0.000358 0.001313 0.999997 0.001835 0.000356 -0.001835 0.999998 -0.000994 -0.028644 1.385078
0.999995 -0.002840 0.001203 0.002838 0.999995 0.001573 -0.001208 -0.001569 0.999998 0.002864 -0.048923 2.217395
0.999987 -0.004546 0.002483 0.004543 0.999989 0.000915 -0.002487 -0.000904 0.999996 0.006846 -0.063519 2.938885
0.999973 -0.006945 0.002538 0.006940 0.999974 0.002084 -0.002553 -0.002067 0.999995 0.012747 -0.077774 3.718660
0.999954 -0.008923 0.003403 0.008910 0.999953 0.003718 -0.003436 -0.003687 0.999987 0.019400 -0.096444 4.585289
0.999942 -0.009668 0.004823 0.009645 0.999942 0.004792 -0.004869 -0.004745 0.999977 0.021546 -0.115086 5.476641
0.999925 -0.010813 0.005712 0.010791 0.999934 0.003901 -0.005754 -0.003839 0.999976 0.028561 -0.129763 6.277610
0.999897 -0.012482 0.007114 0.012469 0.999920 0.001974 -0.007138 -0.001885 0.999973 0.039944 -0.145832 7.081684
0.999869 -0.014392 0.007342 0.014382 0.999895 0.001482 -0.007363 -0.001376 0.999972 0.048255 -0.163082 7.842113
0.999869 -0.014619 0.006889 0.014595 0.999887 0.003521 -0.006940 -0.003420 0.999970 0.052663 -0.178001 8.704910
0.999878 -0.012777 0.008990 0.012667 0.999846 0.012183 -0.009144 -0.012067 0.999885 0.055790 -0.188904 9.664568
0.999873 -0.011985 0.010492 0.011758 0.999701 0.021459 -0.010746 -0.021333 0.999715 0.071135 -0.193295 10.649320
0.999877 -0.011713 0.010473 0.011421 0.999555 0.027562 -0.010791 -0.027439 0.999565 0.086700 -0.188627 11.483055
0.999866 -0.012848 0.010186 0.012552 0.999513 0.028573 -0.010548 -0.028441 0.999540 0.099482 -0.182887 12.333218
0.999851 -0.013236 0.011039 0.012936 0.999557 0.026821 -0.011390 -0.026675 0.999579 0.105259 -0.176346 13.178909
0.999818 -0.013898 0.013074 0.013586 0.999627 0.023693 -0.013398 -0.023511 0.999634 0.120087 -0.167256 13.974879
0.999804 -0.014223 0.013758 0.013864 0.999570 0.025842 -0.014119 -0.025646 0.999571 0.140936 -0.157499 14.932866
0.999800 -0.013974 0.014311 0.013518 0.999413 0.031488 -0.014742 -0.031289 0.999402 0.155060 -0.141914 15.901426
0.999802 -0.013119 0.014951 0.012555 0.999230 0.037160 -0.015427 -0.036965 0.999197 0.170840 -0.128755 16.868124
0.999773 -0.012382 0.017364 0.011664 0.999098 0.040829 -0.017854 -0.040617 0.999015 0.187911 -0.108186 17.848894
0.999726 -0.013110 0.019373 0.012273 0.999012 0.042711 -0.019914 -0.042461 0.998900 0.212659 -0.082891 18.785969
0.999657 -0.014850 0.021560 0.013911 0.998976 0.043044 -0.022178 -0.042729 0.998841 0.240313 -0.054548 19.744220
0.999589 -0.016451 0.023481 0.015437 0.998966 0.042754 -0.024160 -0.042374 0.998810 0.265830 -0.027927 20.626372
0.999520 -0.017920 0.025290 0.016904 0.999062 0.039859 -0.025981 -0.039412 0.998885 0.298784 0.002605 21.622688
0.999443 -0.019282 0.027245 0.018329 0.999226 0.034792 -0.027895 -0.034273 0.999023 0.326260 0.023581 22.505006
0.999377 -0.020182 0.028951 0.019326 0.999376 0.029549 -0.029529 -0.028971 0.999144 0.345596 0.040313 23.333077
0.999285 -0.019660 0.032299 0.018719 0.999399 0.029159 -0.032853 -0.028534 0.999053 0.378318 0.046728 24.267975
0.999138 -0.020411 0.036154 0.019252 0.999299 0.032098 -0.036784 -0.031374 0.998831 0.418655 0.058794 25.297308
0.998988 -0.021001 0.039774 0.019722 0.999285 0.032267 -0.040423 -0.031450 0.998688 0.469587 0.073927 26.367496
0.998845 -0.021357 0.043031 0.020055 0.999334 0.030479 -0.043653 -0.029581 0.998609 0.516802 0.088657 27.336208
0.998642 -0.021600 0.047404 0.020268 0.999391 0.028404 -0.047989 -0.027405 0.998472 0.567110 0.103315 28.379660
0.998533 -0.022181 0.049396 0.020871 0.999421 0.026879 -0.049963 -0.025809 0.998418 0.615371 0.109311 29.357141
0.998580 -0.022547 0.048269 0.021296 0.999428 0.026282 -0.048834 -0.025216 0.998489 0.661208 0.118048 30.307947
0.998654 -0.023429 0.046266 0.022277 0.999432 0.025268 -0.046832 -0.024203 0.998610 0.705535 0.126930 31.291651
0.998761 -0.023599 0.043812 0.022524 0.999436 0.024888 -0.044375 -0.023870 0.998730 0.745380 0.136556 32.270517
0.998828 -0.022648 0.042766 0.021559 0.999436 0.025757 -0.043325 -0.024805 0.998753 0.779097 0.142415 33.263087
0.998880 -0.022147 0.041817 0.021006 0.999401 0.027519 -0.042402 -0.026610 0.998746 0.814427 0.153566 34.170592
0.998895 -0.021916 0.041581 0.020759 0.999391 0.028043 -0.042171 -0.027149 0.998741 0.848909 0.161163 35.066186
0.998902 -0.022459 0.041116 0.021330 0.999389 0.027676 -0.041712 -0.026769 0.998771 0.890139 0.174540 36.008104
0.998902 -0.023533 0.040512 0.022373 0.999333 0.028845 -0.041163 -0.027907 0.998763 0.931666 0.180800 36.929238
0.998938 -0.023211 0.039805 0.021998 0.999288 0.030662 -0.040488 -0.029754 0.998737 0.968500 0.191906 37.901342
0.998951 -0.023427 0.039357 0.022155 0.999228 0.032450 -0.040087 -0.031544 0.998698 1.009889 0.202413 38.969424
0.999027 -0.023028 0.037608 0.021786 0.999215 0.033092 -0.038341 -0.032240 0.998744 1.046165 0.214477 39.982224
0.999071 -0.022544 0.036725 0.021329 0.999223 0.033149 -0.037444 -0.032335 0.998775 1.078714 0.231988 41.015511
0.999089 -0.023579 0.035579 0.022447 0.999239 0.031903 -0.036304 -0.031075 0.998858 1.113585 0.248344 42.064065
0.999112 -0.023699 0.034850 0.022629 0.999270 0.030773 -0.035553 -0.029957 0.998919 1.143427 0.262536 43.050623
0.999120 -0.023845 0.034504 0.022782 0.999264 0.030874 -0.035215 -0.030060 0.998928 1.172368 0.272082 43.962216
0.999089 -0.025014 0.034564 0.023907 0.999199 0.032077 -0.035339 -0.031222 0.998888 1.204786 0.290834 44.948061
0.999100 -0.024567 0.034565 0.023423 0.999176 0.033132 -0.035350 -0.032292 0.998853 1.232992 0.304118 45.919471
0.999105 -0.025830 0.033484 0.024751 0.999173 0.032247 -0.034290 -0.031390 0.998919 1.263947 0.315710 46.872998
0.999061 -0.026309 0.034423 0.025301 0.999247 0.029421 -0.035171 -0.028523 0.998974 1.292936 0.327077 47.811189
0.998974 -0.027130 0.036266 0.026214 0.999331 0.025512 -0.036934 -0.024535 0.999016 1.319231 0.334691 48.670867
0.998900 -0.027409 0.038056 0.026518 0.999367 0.023722 -0.038682 -0.022687 0.998994 1.353574 0.344012 49.661987
0.998866 -0.027165 0.039109 0.026243 0.999369 0.023919 -0.039734 -0.022865 0.998949 1.394251 0.352538 50.698022
0.998831 -0.026901 0.040172 0.025946 0.999373 0.024100 -0.040795 -0.023029 0.998902 1.438548 0.357502 51.757305
0.998822 -0.026372 0.040734 0.025419 0.999395 0.023733 -0.041335 -0.022670 0.998888 1.479217 0.369669 52.837978
0.998856 -0.024435 0.041106 0.023547 0.999482 0.021956 -0.041621 -0.020963 0.998914 1.514456 0.376254 53.879574
0.998856 -0.024968 0.040790 0.024208 0.999526 0.019028 -0.041246 -0.018018 0.998987 1.549521 0.376493 54.832623
0.998903 -0.024164 0.040102 0.023524 0.999590 0.016342 -0.040480 -0.015381 0.999062 1.577966 0.373223 55.777245
0.998917 -0.023796 0.039994 0.023335 0.999656 0.011948 -0.040264 -0.011002 0.999128 1.607110 0.370122 56.643780
0.998970 -0.022843 0.039219 0.022589 0.999721 0.006909 -0.039365 -0.006016 0.999207 1.640005 0.358334 57.504239
0.998990 -0.023875 0.038071 0.023741 0.999710 0.003964 -0.038155 -0.003056 0.999267 1.673643 0.358900 58.365263
0.999013 -0.024451 0.037083 0.024278 0.999692 0.005102 -0.037196 -0.004197 0.999299 1.708598 0.351888 59.372924
0.999111 -0.022459 0.035675 0.022153 0.999715 0.008949 -0.035866 -0.008151 0.999323 1.740336 0.344439 60.434251
0.999230 -0.021651 0.032713 0.021291 0.999710 0.011286 -0.032948 -0.010581 0.999401 1.765303 0.337812 61.399972
0.999351 -0.021435 0.028967 0.021097 0.999706 0.011934 -0.029215 -0.011315 0.999509 1.781620 0.331712 62.324965
0.999392 -0.022786 0.026377 0.022533 0.999698 0.009841 -0.026593 -0.009240 0.999604 1.801406 0.323453 63.306463
0.999406 -0.023986 0.024743 0.023827 0.999694 0.006698 -0.024896 -0.006104 0.999671 1.826364 0.314862 64.267003
0.999375 -0.025866 0.024112 0.025813 0.999664 0.002505 -0.024169 -0.001881 0.999706 1.850438 0.305287 65.156368
0.999337 -0.026856 0.024581 0.026888 0.999638 -0.000987 -0.024545 0.001647 0.999697 1.866157 0.290357 66.043722
0.999319 -0.027054 0.025088 0.027105 0.999631 -0.001692 -0.025033 0.002371 0.999684 1.880959 0.277400 66.936774
0.999324 -0.026424 0.025558 0.026436 0.999650 -0.000153 -0.025545 0.000828 0.999673 1.896755 0.260994 67.857131
0.999338 -0.025644 0.025807 0.025633 0.999671 0.000733 -0.025818 -0.000071 0.999667 1.916563 0.242461 68.873911
0.999327 -0.025738 0.026131 0.025737 0.999669 0.000368 -0.026132 0.000305 0.999658 1.930886 0.228012 69.853790
0.999315 -0.025780 0.026565 0.025800 0.999667 -0.000395 -0.026546 0.001080 0.999647 1.957995 0.211504 70.884691
0.999345 -0.025997 0.025193 0.026014 0.999662 -0.000328 -0.025176 0.000983 0.999683 1.975743 0.193838 71.851542
0.999373 -0.026012 0.024013 0.025987 0.999661 0.001356 -0.024040 -0.000732 0.999711 1.992374 0.176404 72.819144
0.999390 -0.026631 0.022582 0.026585 0.999644 0.002318 -0.022635 -0.001716 0.999742 2.010122 0.156806 73.774269
0.999402 -0.026757 0.021923 0.026747 0.999642 0.000746 -0.021935 -0.000160 0.999759 2.029863 0.139789 74.696487
0.999390 -0.027723 0.021232 0.027784 0.999611 -0.002555 -0.021153 0.003144 0.999771 2.047031 0.119963 75.707353
0.999356 -0.029056 0.021038 0.029169 0.999561 -0.005127 -0.020880 0.005737 0.999766 2.065555 0.102664 76.799440
0.999354 -0.028930 0.021320 0.029033 0.999568 -0.004545 -0.021179 0.005161 0.999762 2.086981 0.077996 77.906031
0.999364 -0.029407 0.020172 0.029454 0.999564 -0.002008 -0.020104 0.002601 0.999795 2.115265 0.060195 79.083594
0.999412 -0.029425 0.017593 0.029426 0.999567 0.000194 -0.017591 0.000324 0.999845 2.130435 0.041920 80.123683
0.999440 -0.029337 0.016069 0.029325 0.999569 0.000993 -0.016092 -0.000522 0.999870 2.137874 0.023483 81.063032
0.999468 -0.028702 0.015493 0.028701 0.999588 0.000288 -0.015495 0.000157 0.999880 2.143568 0.004349 81.937516
0.999474 -0.028630 0.015231 0.028632 0.999590 0.000094 -0.015227 0.000342 0.999884 2.152199 -0.009857 82.822857
0.999479 -0.029267 0.013628 0.029263 0.999572 0.000526 -0.013638 -0.000126 0.999907 2.162018 -0.030690 83.714138
0.999481 -0.029726 0.012409 0.029717 0.999558 0.000873 -0.012430 -0.000504 0.999923 2.171337 -0.049338 84.643046
0.999541 -0.028523 0.010246 0.028504 0.999592 0.002047 -0.010300 -0.001754 0.999945 2.173934 -0.064578 85.517431
0.999573 -0.028316 0.007212 0.028286 0.999591 0.004138 -0.007326 -0.003932 0.999965 2.177842 -0.077977 86.360443
0.999582 -0.028378 0.005549 0.028349 0.999585 0.005103 -0.005691 -0.004943 0.999972 2.178214 -0.088656 87.246232
0.999586 -0.028596 0.003252 0.028580 0.999580 0.004811 -0.003388 -0.004716 0.999983 2.176696 -0.100468 88.137897
0.999581 -0.028898 0.001415 0.028892 0.999573 0.004269 -0.001538 -0.004226 0.999990 2.175704 -0.113963 89.030894
0.999592 -0.028572 -0.000235 0.028572 0.999587 0.002946 0.000151 -0.002951 0.999996 2.175255 -0.120074 89.945905
0.999571 -0.029078 -0.003408 0.029088 0.999572 0.003098 0.003316 -0.003196 0.999989 2.170496 -0.130137 90.837486
0.999578 -0.028471 -0.005723 0.028496 0.999585 0.004294 0.005598 -0.004456 0.999974 2.159786 -0.141683 91.686119
0.999566 -0.028152 -0.008640 0.028195 0.999590 0.004921 0.008498 -0.005162 0.999951 2.147260 -0.153581 92.473358
0.999539 -0.028266 -0.011037 0.028325 0.999585 0.005185 0.010886 -0.005495 0.999926 2.132994 -0.163347 93.296188
0.999511 -0.028629 -0.012590 0.028701 0.999573 0.005520 0.012426 -0.005878 0.999906 2.115157 -0.174594 94.155018
0.999494 -0.028697 -0.013714 0.028770 0.999572 0.005212 0.013559 -0.005604 0.999892 2.096352 -0.182665 94.907015
0.999459 -0.028623 -0.016202 0.028689 0.999581 0.003869 0.016085 -0.004332 0.999861 2.078052 -0.196664 95.680396
0.999503 -0.026166 -0.017577 0.026175 0.999657 0.000246 0.017565 -0.000706 0.999845 2.054555 -0.210205 96.509735
0.999514 -0.024896 -0.018736 0.024842 0.999686 -0.003144 0.018808 0.002677 0.999820 2.028412 -0.229514 97.406233
0.999527 -0.024133 -0.019075 0.024026 0.999694 -0.005812 0.019209 0.005351 0.999801 2.007821 -0.248851 98.278868
0.999544 -0.023004 -0.019580 0.022886 0.999719 -0.006249 0.019718 0.005798 0.999789 1.990162 -0.269225 99.036207
0.999576 -0.021188 -0.019990 0.021054 0.999755 -0.006857 0.020131 0.006433 0.999777 1.971484 -0.287307 99.746782
0.999631 -0.019917 -0.018492 0.019807 0.999785 -0.006123 0.018610 0.005755 0.999810 1.958702 -0.304043 100.408231
0.999682 -0.020069 -0.015254 0.019985 0.999784 -0.005625 0.015364 0.005319 0.999868 1.950077 -0.324030 101.051686
0.999757 -0.019711 -0.009869 0.019664 0.999795 -0.004896 0.009964 0.004700 0.999939 1.942830 -0.342165 101.650512
0.999793 -0.020132 -0.002976 0.020121 0.999791 -0.003744 0.003051 0.003684 0.999989 1.943241 -0.357738 102.306092
0.999774 -0.020115 0.006828 0.020139 0.999792 -0.003349 -0.006759 0.003486 0.999971 1.949763 -0.372487 102.937529
0.999613 -0.020038 0.019284 0.020116 0.999790 -0.003831 -0.019203 0.004218 0.999807 1.965624 -0.385348 103.529021
0.999108 -0.020653 0.036823 0.020867 0.999767 -0.005433 -0.036702 0.006197 0.999307 1.995875 -0.397733 104.063632
0.998253 -0.022289 0.054710 0.022734 0.999713 -0.007525 -0.054526 0.008755 0.998474 2.028597 -0.411837 104.547870
0.996816 -0.024794 0.075787 0.025700 0.999609 -0.011002 -0.075485 0.012915 0.997063 2.076245 -0.427481 105.008853
0.994790 -0.028429 0.097906 0.030027 0.999438 -0.014886 -0.097427 0.017748 0.995084 2.141050 -0.441921 105.428225
0.991847 -0.029590 0.123952 0.031984 0.999338 -0.017365 -0.123356 0.021188 0.992136 2.216855 -0.458736 105.900797
0.987421 -0.031354 0.154974 0.034626 0.999230 -0.018463 -0.154276 0.023597 0.987746 2.312610 -0.481814 106.420564
0.981803 -0.032672 0.187070 0.036921 0.999132 -0.019273 -0.186278 0.025830 0.982158 2.433734 -0.500796 106.989479
0.974240 -0.032955 0.223091 0.038126 0.999094 -0.018907 -0.222265 0.026926 0.974614 2.587369 -0.519433 107.634598
0.963924 -0.035087 0.263857 0.041252 0.998989 -0.017862 -0.262963 0.028102 0.964397 2.763742 -0.532424 108.231335
0.950667 -0.036021 0.308116 0.043045 0.998945 -0.016029 -0.307214 0.028501 0.951214 2.968690 -0.550544 108.836506
0.934476 -0.036799 0.354119 0.044308 0.998932 -0.013116 -0.353259 0.027947 0.935108 3.223846 -0.571929 109.474690
0.914896 -0.037739 0.401922 0.044717 0.998968 -0.007988 -0.401206 0.025281 0.915639 3.514193 -0.587389 110.120331
0.892739 -0.041012 0.448703 0.047020 0.998891 -0.002253 -0.448113 0.023109 0.893678 3.879481 -0.598202 110.797405
0.867882 -0.044980 0.494730 0.049619 0.998761 0.003762 -0.494286 0.021283 0.869039 4.269610 -0.610959 111.444432
0.840558 -0.047444 0.539640 0.051653 0.998638 0.007343 -0.539253 0.021702 0.841864 4.662469 -0.608562 112.022425
0.810731 -0.049209 0.583347 0.053264 0.998528 0.010206 -0.582991 0.022797 0.812159 5.092140 -0.606051 112.585483
0.777371 -0.049884 0.627062 0.055194 0.998415 0.011001 -0.626616 0.026058 0.778892 5.520778 -0.605351 113.072288
0.743915 -0.050116 0.666392 0.058301 0.998249 0.009989 -0.665726 0.031420 0.745534 5.951557 -0.598564 113.505408
0.706796 -0.051413 0.705547 0.060552 0.998092 0.012071 -0.704822 0.034190 0.708560 6.420429 -0.596001 113.947238
0.667191 -0.052370 0.743043 0.061706 0.997983 0.014931 -0.742326 0.035889 0.669077 6.936075 -0.586403 114.383619
0.627109 -0.055789 0.776931 0.064379 0.997731 0.019680 -0.776267 0.037677 0.629278 7.485940 -0.573273 114.810554
0.583533 -0.059570 0.809901 0.066144 0.997479 0.025710 -0.809391 0.038567 0.586002 8.080753 -0.554013 115.198157
0.540757 -0.064183 0.838727 0.068137 0.997150 0.032376 -0.838415 0.039641 0.543589 8.686950 -0.532098 115.575869
0.496258 -0.067256 0.865566 0.068311 0.996929 0.038298 -0.865484 0.040121 0.499328 9.341495 -0.503577 115.929570
0.446905 -0.070107 0.891830 0.067567 0.996722 0.044494 -0.892026 0.040374 0.450177 9.972223 -0.475792 116.215764
0.396104 -0.075474 0.915098 0.067356 0.996319 0.053018 -0.915732 0.040637 0.399730 10.562810 -0.443688 116.450202
0.344392 -0.081050 0.935321 0.066998 0.995848 0.061625 -0.936432 0.041442 0.348392 11.137468 -0.412534 116.619368
0.294172 -0.083705 0.952080 0.065170 0.995596 0.067395 -0.953528 0.042221 0.298331 11.792309 -0.371564 116.804020
0.245193 -0.086752 0.965585 0.066334 0.995155 0.072564 -0.967202 0.046259 0.249760 12.481513 -0.319095 116.953212
0.199616 -0.087855 0.975928 0.065109 0.994961 0.076251 -0.977709 0.048321 0.204330 13.203188 -0.266723 117.092081
0.161208 -0.087845 0.983003 0.064097 0.994860 0.078393 -0.984837 0.050369 0.166010 13.934145 -0.212854 117.180254
0.124966 -0.090128 0.988059 0.061886 0.994634 0.082901 -0.990229 0.050787 0.129873 14.704604 -0.151591 117.264902
0.092737 -0.090394 0.991579 0.061383 0.994495 0.084919 -0.993797 0.052991 0.097775 15.401717 -0.098158 117.309638
0.070784 -0.092844 0.993161 0.061304 0.994182 0.088571 -0.995606 0.054615 0.076063 16.303335 -0.032034 117.366960
0.052895 -0.098116 0.993768 0.059109 0.993724 0.094965 -0.996849 0.053718 0.058362 17.339018 0.050588 117.410777
0.034766 -0.104426 0.993925 0.054801 0.993229 0.102436 -0.997892 0.050907 0.040253 18.368546 0.136525 117.447359
0.014261 -0.108199 0.994027 0.053118 0.992806 0.107304 -0.998486 0.051271 0.019906 19.362714 0.228952 117.466561
-0.006374 -0.111440 0.993751 0.050371 0.992474 0.111620 -0.998710 0.050768 -0.000713 20.170364 0.313397 117.463893
-0.021765 -0.112982 0.993359 0.048063 0.992327 0.113918 -0.998607 0.050223 -0.016168 20.908165 0.391379 117.453369
-0.034751 -0.112466 0.993048 0.048629 0.992281 0.114081 -0.998212 0.052255 -0.029014 21.682523 0.476221 117.426676
-0.042845 -0.113450 0.992619 0.049740 0.992058 0.115533 -0.997843 0.054323 -0.036861 22.480670 0.558030 117.391108
-0.047015 -0.116480 0.992080 0.051259 0.991588 0.118852 -0.997578 0.056441 -0.040649 23.359284 0.653473 117.347465
-0.049566 -0.120948 0.991421 0.051699 0.990999 0.123481 -0.997432 0.057376 -0.042867 24.274037 0.753945 117.304631
-0.049945 -0.124765 0.990928 0.052051 0.990493 0.127334 -0.997395 0.057939 -0.042976 25.177138 0.854160 117.261718
-0.048208 -0.127744 0.990635 0.053672 0.990024 0.130277 -0.997394 0.059450 -0.040871 26.001076 0.952700 117.223074
-0.046075 -0.130116 0.990428 0.054892 0.989653 0.132568 -0.997429 0.060475 -0.038456 26.800694 1.051567 117.187098
-0.044309 -0.132599 0.990179 0.055663 0.989285 0.134970 -0.997466 0.061097 -0.036454 27.498522 1.142431 117.162085
-0.043143 -0.135217 0.989876 0.056261 0.988898 0.137535 -0.997484 0.061625 -0.035056 28.247025 1.241980 117.132631
-0.042943 -0.138654 0.989409 0.056593 0.988395 0.140968 -0.997473 0.062048 -0.034597 29.058915 1.353315 117.102166
-0.042824 -0.142001 0.988940 0.057728 0.987842 0.144343 -0.997413 0.063271 -0.034106 29.835297 1.466804 117.080961
-0.043475 -0.145568 0.988393 0.058263 0.987275 0.147966 -0.997354 0.064019 -0.034440 30.604939 1.579430 117.050714
-0.043424 -0.150567 0.987646 0.058015 0.986530 0.152948 -0.997371 0.063940 -0.034104 31.452239 1.702055 117.018260
-0.044240 -0.155942 0.986775 0.057461 0.985710 0.158350 -0.997367 0.063706 -0.034647 32.222649 1.816898 116.983691
-0.045484 -0.160929 0.985917 0.056457 0.984947 0.163375 -0.997368 0.063093 -0.035713 33.005694 1.940445 116.953922
-0.046912 -0.165996 0.985010 0.056990 0.984045 0.168548 -0.997272 0.064043 -0.036704 33.789235 2.063752 116.916911
-0.047464 -0.169369 0.984409 0.058601 0.983350 0.172012 -0.997152 0.065852 -0.036749 34.536291 2.184883 116.879981
-0.048176 -0.172031 0.983913 0.059069 0.982842 0.174736 -0.997091 0.066537 -0.037187 35.367488 2.328887 116.845070
-0.049645 -0.171477 0.983936 0.059417 0.982899 0.174294 -0.996998 0.067116 -0.038607 36.131968 2.459243 116.810234
-0.051214 -0.170789 0.983976 0.059305 0.983010 0.173708 -0.996925 0.067251 -0.040216 36.910658 2.597008 116.772439
-0.052552 -0.172680 0.983575 0.059076 0.982674 0.175678 -0.996869 0.067338 -0.041440 37.732953 2.739480 116.731486
-0.053871 -0.177405 0.982662 0.057804 0.981887 0.180434 -0.996873 0.066522 -0.042641 38.554435 2.889617 116.690601
-0.054383 -0.182407 0.981718 0.057140 0.980993 0.185438 -0.996884 0.066180 -0.042926 39.335782 3.036294 116.650626
-0.053936 -0.188484 0.980594 0.057453 0.979811 0.191494 -0.996890 0.066666 -0.042018 40.154960 3.189455 116.610401
-0.053766 -0.195109 0.979307 0.055828 0.978604 0.198034 -0.996992 0.065321 -0.041723 40.924178 3.337403 116.571565
-0.053121 -0.198481 0.978664 0.057417 0.977819 0.201427 -0.996936 0.066892 -0.040546 41.678208 3.485989 116.525018
-0.052666 -0.196284 0.979132 0.058339 0.978213 0.199238 -0.996907 0.067614 -0.040067 42.504970 3.651266 116.483636
-0.054076 -0.190893 0.980120 0.060197 0.979148 0.194025 -0.996721 0.069492 -0.041457 43.321121 3.815643 116.445643
-0.055626 -0.189132 0.980375 0.061150 0.979407 0.192414 -0.996577 0.070653 -0.042915 44.269836 3.995184 116.398045
-0.056160 -0.193260 0.979539 0.062838 0.978458 0.196650 -0.996442 0.072596 -0.042806 45.276239 4.188266 116.345505
-0.055827 -0.199875 0.978230 0.064042 0.977023 0.203283 -0.996384 0.073996 -0.041744 46.292017 4.391459 116.301469
-0.055133 -0.204120 0.977392 0.064874 0.976080 0.207505 -0.996369 0.074848 -0.040573 47.315236 4.594739 116.249303
-0.055959 -0.206249 0.976898 0.064798 0.975618 0.209691 -0.996328 0.075036 -0.041230 48.273287 4.792056 116.213918
-0.057832 -0.208289 0.976356 0.064758 0.975151 0.211867 -0.996224 0.075480 -0.042907 49.168494 4.977398 116.170203
-0.060002 -0.210132 0.975830 0.065570 0.974650 0.213910 -0.996042 0.076820 -0.044703 50.023616 5.153095 116.124453
-0.062075 -0.211110 0.975489 0.065814 0.974381 0.215058 -0.995899 0.077550 -0.046591 50.907030 5.337129 116.077318
-0.064543 -0.212488 0.975030 0.066989 0.973940 0.216685 -0.995664 0.079302 -0.048626 51.793829 5.529595 116.027321
-0.066601 -0.212246 0.974944 0.065659 0.974063 0.216539 -0.995617 0.078436 -0.050937 52.702447 5.724224 115.975980
-0.068811 -0.212488 0.974738 0.064804 0.974038 0.216911 -0.995523 0.078093 -0.053255 53.582126 5.915247 115.925641
-0.071121 -0.215308 0.973953 0.064508 0.973389 0.219894 -0.995380 0.078467 -0.055340 54.522509 6.116416 115.871400
-0.072987 -0.217329 0.973366 0.065218 0.972840 0.222102 -0.995198 0.079692 -0.056831 55.498482 6.324414 115.811914
-0.074508 -0.218961 0.972885 0.066136 0.972364 0.223908 -0.995025 0.081025 -0.057968 56.427277 6.526883 115.756266
-0.076585 -0.220986 0.972265 0.065968 0.971870 0.226092 -0.994878 0.081454 -0.059852 57.450175 6.752221 115.689170
-0.078506 -0.224332 0.971345 0.066804 0.970979 0.229647 -0.994673 0.082919 -0.061242 58.401424 6.968709 115.620245
-0.080911 -0.227737 0.970355 0.068356 0.969987 0.233350 -0.994375 0.085211 -0.062915 59.243537 7.165513 115.555285
-0.081872 -0.230257 0.969680 0.068414 0.969353 0.235955 -0.994292 0.085658 -0.063610 60.075737 7.357087 115.501072
-0.084077 -0.232858 0.968869 0.066672 0.968819 0.238632 -0.994226 0.084660 -0.065931 61.001164 7.577728 115.432384
-0.084457 -0.236052 0.968063 0.066790 0.968008 0.241866 -0.994186 0.085085 -0.065990 61.927667 7.800734 115.363499
-0.084454 -0.238339 0.967503 0.067432 0.967379 0.244195 -0.994143 0.085864 -0.065627 62.771546 8.001019 115.301707
-0.085545 -0.239078 0.967225 0.065991 0.967292 0.244931 -0.994147 0.084780 -0.066970 63.530902 8.179964 115.246227
-0.085270 -0.239463 0.967154 0.067104 0.967105 0.245367 -0.994096 0.085822 -0.066396 64.404855 8.401428 115.185942
-0.085208 -0.239622 0.967120 0.067370 0.967043 0.245539 -0.994083 0.086076 -0.066256 65.292193 8.621330 115.125849
-0.084253 -0.241133 0.966828 0.068864 0.966549 0.247065 -0.994062 0.087396 -0.064829 66.156960 8.836400 115.059934
-0.083967 -0.243507 0.966258 0.068959 0.965937 0.249418 -0.994080 0.087575 -0.064314 66.981433 9.041595 115.002582
-0.082861 -0.246501 0.965594 0.069226 0.965161 0.252331 -0.994154 0.087752 -0.062910 67.781495 9.244417 114.943210
-0.081772 -0.247449 0.965444 0.068808 0.964975 0.253157 -0.994273 0.087132 -0.061882 68.572658 9.442875 114.891372
-0.080890 -0.248564 0.965232 0.069626 0.964631 0.254244 -0.994288 0.087771 -0.060722 69.292167 9.626401 114.838225
-0.080677 -0.250153 0.964839 0.071146 0.964080 0.255905 -0.994198 0.089291 -0.059982 70.036173 9.813945 114.777400
-0.080095 -0.252863 0.964181 0.071184 0.963368 0.258563 -0.994242 0.089344 -0.059162 70.872912 10.026771 114.722110
-0.080285 -0.255778 0.963396 0.070579 0.962631 0.261456 -0.994270 0.088986 -0.059232 71.654203 10.227267 114.670179
-0.081447 -0.257650 0.962799 0.070422 0.962107 0.263422 -0.994187 0.089258 -0.060216 72.354321 10.413759 114.620493
-0.084939 -0.258931 0.962154 0.069689 0.961735 0.264971 -0.993946 0.089558 -0.063644 73.036353 10.590333 114.565829
-0.089725 -0.259614 0.961535 0.069204 0.961471 0.266054 -0.993559 0.090414 -0.068302 73.750638 10.780640 114.508779
-0.093719 -0.260514 0.960911 0.069591 0.961084 0.267348 -0.993164 0.091926 -0.071942 74.480980 10.988023 114.455139
-0.096054 -0.263187 0.959951 0.070131 0.960224 0.270279 -0.992902 0.093284 -0.073775 75.235321 11.200166 114.395672
-0.097649 -0.265845 0.959057 0.071221 0.959325 0.273171 -0.992669 0.094980 -0.074743 75.848172 11.376520 114.332347
-0.099375 -0.268532 0.958131 0.071919 0.958441 0.276078 -0.992448 0.096343 -0.075932 76.433724 11.546589 114.274834
-0.099922 -0.272179 0.957044 0.071951 0.957364 0.279782 -0.992390 0.096817 -0.076078 77.182435 11.759892 114.206565
-0.099830 -0.276321 0.955867 0.072773 0.956065 0.283978 -0.992340 0.097911 -0.075335 77.927189 11.973890 114.137343
-0.100009 -0.280417 0.954654 0.074161 0.954695 0.288198 -0.992219 0.099620 -0.074683 78.742833 12.203817 114.065760
-0.098619 -0.283972 0.953748 0.075669 0.953505 0.291724 -0.992244 0.100939 -0.072545 79.491731 12.417176 114.006210
-0.097523 -0.286346 0.953150 0.077979 0.952572 0.294151 -0.992174 0.103013 -0.070569 80.284333 12.647545 113.947560
-0.096517 -0.285469 0.953516 0.080133 0.952650 0.293321 -0.992100 0.104719 -0.069071 81.025620 12.871001 113.887087
-0.093721 -0.283191 0.954473 0.081462 0.953297 0.290841 -0.992260 0.105011 -0.066275 81.697186 13.073947 113.837735
-0.090170 -0.282627 0.954982 0.084386 0.953272 0.290089 -0.992345 0.106745 -0.062107 82.490073 13.307354 113.792019
-0.090345 -0.283598 0.954678 0.084939 0.952911 0.291111 -0.992282 0.107390 -0.062003 83.368676 13.560656 113.733339
-0.090910 -0.287119 0.953571 0.085560 0.951744 0.294726 -0.992177 0.108381 -0.061957 84.270103 13.823948 113.671211
-0.091153 -0.291413 0.952244 0.086988 0.950240 0.299127 -0.992030 0.110100 -0.061268 85.214099 14.108097 113.605222
-0.089942 -0.295135 0.951213 0.087247 0.949077 0.302722 -0.992118 0.110218 -0.059612 86.080869 14.363657 113.546115
-0.089713 -0.296985 0.950659 0.088821 0.948319 0.304635 -0.991999 0.111768 -0.058698 86.948952 14.630181 113.486259
-0.090735 -0.297624 0.950361 0.089346 0.948017 0.305420 -0.991859 0.112623 -0.059427 87.863985 14.916019 113.424093
-0.090709 -0.299158 0.949882 0.089227 0.947537 0.306940 -0.991872 0.112597 -0.059257 88.744815 15.190678 113.354370
-0.092435 -0.300989 0.949137 0.088758 0.946933 0.308934 -0.991755 0.112800 -0.060814 89.564043 15.453779 113.296494
-0.093223 -0.301866 0.948781 0.089168 0.946571 0.309924 -0.991644 0.113493 -0.061325 90.353371 15.708017 113.241987
-0.093141 -0.304136 0.948064 0.089136 0.945833 0.312178 -0.991655 0.113584 -0.060987 91.172857 15.964050 113.186083
-0.092494 -0.305724 0.947617 0.091309 0.945082 0.313818 -0.991518 0.115552 -0.059499 92.043103 16.241809 113.124051
-0.091766 -0.308132 0.946907 0.092293 0.944195 0.316194 -0.991494 0.116409 -0.058207 92.885824 16.511851 113.072012
-0.090656 -0.309519 0.946562 0.092244 0.943780 0.317444 -0.991601 0.116093 -0.057008 93.603823 16.741239 113.023781
-0.090588 -0.311732 0.945842 0.093727 0.942863 0.319727 -0.991468 0.117615 -0.056194 94.484785 17.028325 112.960312
-0.091404 -0.314608 0.944811 0.094393 0.941773 0.322728 -0.991330 0.118682 -0.056385 95.318119 17.293648 112.900579
-0.091602 -0.317803 0.943722 0.094782 0.940621 0.325959 -0.991275 0.119306 -0.056040 96.109874 17.551318 112.843262
-0.091687 -0.320257 0.942883 0.096836 0.939516 0.328530 -0.991068 0.121427 -0.055129 96.863636 17.801450 112.795504
-0.093467 -0.322787 0.941845 0.098541 0.938342 0.331366 -0.990734 0.123782 -0.055896 97.614886 18.051590 112.741981
-0.094987 -0.324430 0.941128 0.099925 0.937521 0.333271 -0.990451 0.125698 -0.056634 98.293449 18.283748 112.688204
-0.096371 -0.324613 0.940925 0.099243 0.937480 0.333589 -0.990386 0.125528 -0.058131 99.017797 18.529131 112.635948
-0.098137 -0.323355 0.941175 0.099735 0.937783 0.332589 -0.990163 0.126507 -0.059781 99.756889 18.787385 112.581518
-0.100875 -0.319769 0.942110 0.102247 0.938594 0.329524 -0.989631 0.129569 -0.061985 100.520688 19.051729 112.521604
-0.102912 -0.317828 0.942547 0.102881 0.939095 0.327897 -0.989356 0.130714 -0.063945 101.347596 19.333964 112.456331
-0.103584 -0.315828 0.943145 0.101942 0.939881 0.325931 -0.989383 0.129908 -0.065160 102.104675 19.589075 112.397405
-0.103182 -0.316486 0.942969 0.103904 0.939413 0.326662 -0.989221 0.131684 -0.064046 102.915506 19.858747 112.335807
-0.103274 -0.321216 0.941358 0.104437 0.937685 0.331420 -0.989155 0.132540 -0.063292 103.837751 20.166974 112.264535
-0.102419 -0.324605 0.940288 0.104444 0.936525 0.334682 -0.989243 0.132486 -0.062014 104.705809 20.465428 112.202480
-0.101113 -0.329135 0.938854 0.103184 0.935132 0.338942 -0.989510 0.131146 -0.060593 105.569327 20.761290 112.146801
-0.101127 -0.333030 0.937478 0.103316 0.933698 0.342832 -0.989494 0.131526 -0.060015 106.561826 21.105414 112.082337
-0.100843 -0.336833 0.936149 0.101944 0.932494 0.346499 -0.989666 0.130377 -0.059697 107.509070 21.439251 112.021975
-0.100052 -0.338764 0.935536 0.101211 0.931912 0.348276 -0.989821 0.129532 -0.058953 108.465136 21.782159 111.957899
-0.099248 -0.337408 0.936112 0.099682 0.932653 0.346730 -0.990057 0.127726 -0.058930 109.355166 22.098204 111.899722
-0.098184 -0.335997 0.936731 0.099221 0.933284 0.345161 -0.990210 0.126833 -0.058295 110.287147 22.430083 111.839106
-0.093553 -0.335970 0.937215 0.103659 0.932941 0.344785 -0.990203 0.129407 -0.052453 111.171979 22.750375 111.780473
-0.090468 -0.338182 0.936722 0.105198 0.932072 0.346663 -0.990328 0.129903 -0.048747 112.014686 23.053974 111.733707
-0.087601 -0.342480 0.935432 0.104608 0.930688 0.350539 -0.990648 0.128561 -0.045703 112.874942 23.359786 111.687859
-0.085272 -0.346330 0.934229 0.104851 0.929319 0.354079 -0.990825 0.128148 -0.042932 113.720291 23.658503 111.643653
-0.083698 -0.349303 0.933264 0.105417 0.928191 0.356859 -0.990900 0.128250 -0.040866 114.613817 23.988217 111.605072
-0.082955 -0.352621 0.932082 0.104801 0.927033 0.360038 -0.991027 0.127550 -0.039947 115.475968 24.315432 111.567048
-0.082754 -0.355641 0.930952 0.105598 0.925767 0.363048 -0.990960 0.128350 -0.039056 116.287994 24.629566 111.528849
-0.081587 -0.358597 0.929920 0.107188 0.924462 0.365896 -0.990886 0.129529 -0.036987 117.071315 24.920328 111.494686
-0.080415 -0.359819 0.929550 0.108310 0.923894 0.366999 -0.990859 0.130192 -0.035323 117.786269 25.186139 111.460426
-0.079035 -0.358962 0.930000 0.109924 0.924091 0.366024 -0.990793 0.131158 -0.033577 118.572887 25.475104 111.435207
-0.077539 -0.358214 0.930414 0.110725 0.924357 0.365109 -0.990822 0.131330 -0.032011 119.419035 25.796704 111.409089
-0.076684 -0.362163 0.928955 0.112691 0.922580 0.368980 -0.990667 0.132980 -0.029935 120.251864 26.108084 111.378717
-0.075901 -0.364887 0.927953 0.114038 0.921354 0.371620 -0.990573 0.134028 -0.028321 121.126458 26.439729 111.346583
-0.076360 -0.364707 0.927986 0.115763 0.921166 0.371553 -0.990337 0.135798 -0.028121 122.026712 26.784958 111.309893
-0.077046 -0.361601 0.929144 0.114854 0.922491 0.368536 -0.990390 0.135110 -0.029543 122.827050 27.094735 111.282276
-0.078833 -0.359688 0.929737 0.114234 0.923236 0.366859 -0.990321 0.135128 -0.031693 123.595373 27.390357 111.249896
-0.080293 -0.361490 0.928912 0.113818 0.922501 0.368833 -0.990252 0.135342 -0.032926 124.363377 27.689329 111.212700
-0.081210 -0.362808 0.928319 0.113944 0.921909 0.370271 -0.990162 0.135846 -0.033529 125.050723 27.946358 111.177454
-0.081926 -0.362315 0.928448 0.114056 0.922051 0.369883 -0.990091 0.136198 -0.034216 125.811101 28.236765 111.138510
-0.084295 -0.360951 0.928767 0.114075 0.922461 0.368854 -0.989889 0.137042 -0.036583 126.579142 28.530879 111.103547
-0.086487 -0.360072 0.928907 0.114300 0.922657 0.368292 -0.989674 0.138027 -0.038641 127.345581 28.816150 111.062509
-0.087875 -0.361201 0.928338 0.114247 0.922139 0.369603 -0.989558 0.138539 -0.039767 128.142968 29.116265 111.022682
-0.090307 -0.362028 0.927783 0.114281 0.921668 0.370766 -0.989335 0.139511 -0.041860 128.916692 29.411305 110.981275
-0.092361 -0.360294 0.928255 0.114432 0.922223 0.369338 -0.989128 0.140335 -0.043948 129.720337 29.714125 110.938998
-0.094077 -0.358199 0.928894 0.114995 0.922877 0.367525 -0.988901 0.141393 -0.045630 130.578745 30.040613 110.890688
-0.095796 -0.357055 0.929158 0.114987 0.923232 0.366633 -0.988737 0.141963 -0.047386 131.439068 30.367808 110.844498
-0.097958 -0.357665 0.928698 0.114156 0.922988 0.367507 -0.988622 0.142017 -0.049584 132.196995 30.652083 110.804730
-0.101428 -0.358178 0.928128 0.113933 0.922619 0.368502 -0.988297 0.143120 -0.052771 132.897673 30.916419 110.755000
-0.103014 -0.358041 0.928006 0.115130 0.922407 0.368661 -0.987995 0.144818 -0.053800 133.658740 31.202145 110.697745
-0.105720 -0.355120 0.928823 0.114793 0.923455 0.366134 -0.987748 0.145330 -0.056862 134.490475 31.513423 110.640554
-0.106209 -0.349939 0.930732 0.114347 0.925518 0.361027 -0.987747 0.144771 -0.058284 135.248036 31.802616 110.590733
-0.106787 -0.346203 0.932062 0.115191 0.926802 0.357447 -0.987587 0.145536 -0.059091 135.945025 32.065138 110.547201
-0.108384 -0.347223 0.931498 0.115977 0.926203 0.358744 -0.987321 0.146915 -0.060116 136.811304 32.389721 110.486467
-0.109374 -0.351845 0.929646 0.115906 0.924363 0.363482 -0.987220 0.147507 -0.060321 137.684668 32.722013 110.432479
-0.110730 -0.352446 0.929258 0.114837 0.924208 0.364214 -0.987194 0.147042 -0.061864 138.536900 33.044334 110.371074
-0.111543 -0.351349 0.929576 0.113794 0.924745 0.363178 -0.987223 0.146290 -0.063167 139.366238 33.358694 110.311388
-0.112244 -0.350104 0.929962 0.112544 0.925375 0.361961 -0.987287 0.145289 -0.064465 140.284505 33.703739 110.245524
-0.113715 -0.347993 0.930575 0.112870 0.926061 0.360098 -0.987081 0.145983 -0.066029 141.137152 34.027208 110.179969
-0.114348 -0.345479 0.931434 0.112292 0.927080 0.357650 -0.987074 0.145489 -0.067215 142.051888 34.370757 110.107691
-0.115099 -0.343928 0.931915 0.110073 0.927957 0.356062 -0.987237 0.143561 -0.068949 142.926492 34.691517 110.043108
-0.117618 -0.344536 0.931376 0.108533 0.927808 0.356922 -0.987110 0.143065 -0.071734 143.862357 35.040611 109.966940
-0.121238 -0.346631 0.930134 0.107535 0.926944 0.359459 -0.986781 0.143602 -0.075106 144.726283 35.366387 109.894932
-0.126636 -0.349759 0.928241 0.106991 0.925500 0.363323 -0.986162 0.145323 -0.079780 145.433572 35.633290 109.823855
-0.132681 -0.352494 0.926361 0.107836 0.923942 0.367018 -0.985275 0.148591 -0.084578 146.170488 35.911712 109.745456
-0.137457 -0.354234 0.924999 0.107562 0.923003 0.369453 -0.984650 0.150279 -0.088771 146.969226 36.215428 109.658615
-0.144229 -0.354982 0.923681 0.106319 0.922478 0.371121 -0.983816 0.151731 -0.095307 147.745415 36.512841 109.567311
-0.152002 -0.355460 0.922249 0.104680 0.922054 0.372638 -0.982821 0.153183 -0.102945 148.537322 36.824795 109.466926
-0.161663 -0.356202 0.920318 0.102697 0.921449 0.374680 -0.981488 0.155086 -0.112383 149.294183 37.125041 109.360885
-0.172673 -0.356909 0.918041 0.100511 0.920791 0.376883 -0.979838 0.157351 -0.123122 150.091000 37.445399 109.242416
-0.183858 -0.358840 0.915112 0.098676 0.919542 0.380403 -0.977987 0.160240 -0.133656 150.934404 37.782589 109.106698
-0.194979 -0.362656 0.911298 0.095400 0.917712 0.385620 -0.976157 0.162126 -0.144337 151.713000 38.094961 108.969982
-0.204081 -0.365195 0.908286 0.093466 0.916306 0.389420 -0.974482 0.164367 -0.152868 152.580822 38.449835 108.805307
-0.211302 -0.366919 0.905937 0.091454 0.915377 0.392073 -0.973133 0.165697 -0.159865 153.386952 38.790442 108.653479
-0.217470 -0.367887 0.904083 0.090278 0.914699 0.393923 -0.971883 0.167285 -0.165708 154.273290 39.162612 108.478728
-0.222553 -0.368407 0.902633 0.090513 0.914046 0.395382 -0.970710 0.169694 -0.170079 155.233496 39.571343 108.290218
-0.229096 -0.368993 0.900755 0.089420 0.913475 0.396947 -0.969288 0.171485 -0.176278 156.180795 39.974974 108.093356
-0.233334 -0.371766 0.898524 0.088501 0.912076 0.400356 -0.968361 0.172937 -0.179917 157.061795 40.346813 107.908166
-0.237341 -0.374445 0.896359 0.088943 0.910473 0.403891 -0.967346 0.175585 -0.182789 157.954411 40.741202 107.721370
-0.241069 -0.376843 0.894357 0.088092 0.909235 0.406856 -0.966502 0.176866 -0.185992 158.820002 41.116819 107.538538
-0.243737 -0.377312 0.893436 0.087923 0.908829 0.407798 -0.965848 0.177949 -0.188341 159.756772 41.529356 107.335466
-0.246783 -0.376394 0.892987 0.087632 0.909045 0.407380 -0.965100 0.178789 -0.191353 160.750824 41.976952 107.108140
-0.248449 -0.378572 0.891603 0.087170 0.907991 0.409821 -0.964715 0.179540 -0.192589 161.709869 42.400101 106.892254
-0.249479 -0.380874 0.890334 0.085975 0.907063 0.412122 -0.964556 0.179362 -0.193548 162.613583 42.805076 106.686684
-0.249785 -0.384334 0.888760 0.085472 0.905521 0.415604 -0.964522 0.179776 -0.193335 163.575672 43.234072 106.473908
-0.251000 -0.385485 0.887919 0.085988 0.904778 0.417112 -0.964160 0.181045 -0.193952 164.554022 43.673061 106.261909
-0.251533 -0.383406 0.888668 0.086147 0.905675 0.415127 -0.964007 0.180974 -0.194778 165.515370 44.107837 106.056000
-0.250567 -0.381366 0.889818 0.088041 0.906354 0.413245 -0.964088 0.181886 -0.193527 166.408333 44.510552 105.866455
-0.250004 -0.382305 0.889573 0.089683 0.905656 0.414421 -0.964082 0.183386 -0.192131 167.383573 44.952578 105.652422
-0.248614 -0.384861 0.888861 0.089810 0.904561 0.416778 -0.964430 0.183445 -0.190322 168.271268 45.353648 105.460409
-0.244862 -0.386294 0.889280 0.092261 0.903756 0.417986 -0.965158 0.184395 -0.185656 169.096624 45.722306 105.294494
-0.243287 -0.386462 0.889640 0.094054 0.903476 0.418193 -0.965384 0.185415 -0.183455 169.967401 46.116896 105.108106
-0.243893 -0.385889 0.889722 0.096873 0.903144 0.418265 -0.964952 0.188203 -0.182888 170.703342 46.453467 104.943728
-0.244322 -0.387289 0.888996 0.097629 0.902297 0.419915 -0.964767 0.189386 -0.182640 171.523391 46.823148 104.768889
-0.244984 -0.390035 0.887612 0.097747 0.900909 0.422857 -0.964587 0.190355 -0.182584 172.196410 47.132664 104.622481
-0.244672 -0.391382 0.887105 0.100123 0.899824 0.424608 -0.964423 0.192710 -0.180975 172.916137 47.463125 104.461866
-0.243658 -0.390756 0.887660 0.102192 0.899806 0.424154 -0.964462 0.194060 -0.179312 173.599275 47.771603 104.313198
-0.240944 -0.387802 0.889694 0.104179 0.901070 0.420974 -0.964932 0.194118 -0.176706 174.348211 48.114716 104.159784
-0.238329 -0.383784 0.892137 0.107263 0.902586 0.416933 -0.965243 0.195061 -0.173946 175.130388 48.467489 104.003090
-0.235792 -0.383747 0.892827 0.109832 0.902323 0.416835 -0.965577 0.196347 -0.170613 175.939584 48.835094 103.853599
-0.231453 -0.383297 0.894155 0.113411 0.902215 0.416109 -0.966213 0.197717 -0.165351 176.779216 49.216455 103.702486
-0.228022 -0.383448 0.894971 0.117439 0.901644 0.416228 -0.966548 0.200013 -0.160563 177.588593 49.581331 103.558307
-0.223145 -0.384764 0.895636 0.120716 0.900823 0.417068 -0.967282 0.201184 -0.154567 178.328351 49.912929 103.423725
-0.217393 -0.386496 0.896304 0.122617 0.900177 0.417906 -0.968352 0.200752 -0.148301 178.996919 50.215642 103.307366
-0.210551 -0.387150 0.897655 0.125752 0.899884 0.417607 -0.969461 0.200809 -0.140786 179.630892 50.509358 103.199186
-0.204334 -0.388448 0.898530 0.130820 0.898827 0.418326 -0.970120 0.203024 -0.132844 180.371009 50.850309 103.084011
-0.194187 -0.390349 0.899955 0.136073 0.897831 0.418789 -0.971481 0.203783 -0.121232 181.084699 51.177371 102.976987
-0.183137 -0.392296 0.901424 0.142320 0.896693 0.419151 -0.972731 0.205052 -0.108386 181.704877 51.454583 102.895836
-0.172652 -0.393567 0.902938 0.148345 0.895858 0.418846 -0.973748 0.206261 -0.096288 182.450763 51.796018 102.817879
-0.165680 -0.395059 0.903592 0.154254 0.894596 0.419409 -0.974041 0.208870 -0.087277 183.246870 52.165747 102.733007
-0.156698 -0.396388 0.904612 0.158811 0.893895 0.419202 -0.974795 0.209350 -0.077121 184.118758 52.557322 102.647117
-0.150279 -0.398144 0.904930 0.160783 0.893296 0.419726 -0.975482 0.208574 -0.070228 184.979626 52.941140 102.582901
-0.146990 -0.401362 0.904048 0.161133 0.892050 0.422235 -0.975925 0.207737 -0.066450 185.819508 53.310589 102.524918
-0.146082 -0.405169 0.902496 0.159311 0.890740 0.425678 -0.976361 0.205962 -0.065573 186.827367 53.762489 102.453347
-0.147341 -0.408230 0.900910 0.156806 0.889691 0.428791 -0.976577 0.204446 -0.067075 187.817902 54.210393 102.377852
-0.154027 -0.411416 0.898339 0.154049 0.888071 0.433127 -0.975984 0.205101 -0.073409 188.810459 54.663119 102.280892
-0.161842 -0.415029 0.895298 0.150896 0.886181 0.438079 -0.975212 0.205997 -0.080795 189.753032 55.101504 102.186670
-0.170021 -0.417794 0.892491 0.148547 0.884463 0.442334 -0.974180 0.207783 -0.088315 190.534214 55.465959 102.102994
-0.180761 -0.420683 0.889017 0.143561 0.882940 0.446998 -0.972993 0.208428 -0.099208 191.339261 55.848144 102.006247
-0.192837 -0.422822 0.885458 0.136980 0.881959 0.450983 -0.971623 0.208256 -0.112156 192.094782 56.206982 101.903615
-0.204986 -0.425471 0.881451 0.130742 0.880601 0.455465 -0.969993 0.208607 -0.124884 192.911630 56.604126 101.775365
-0.215965 -0.428984 0.877116 0.122942 0.879218 0.460283 -0.968630 0.207239 -0.137140 193.765335 57.033683 101.633096
-0.228471 -0.431915 0.872497 0.116512 0.877629 0.464966 -0.966554 0.207888 -0.150189 194.556353 57.438498 101.487328
-0.240442 -0.434569 0.867950 0.111528 0.875892 0.469441 -0.964235 0.209674 -0.162135 195.351833 57.848316 101.329598
-0.249489 -0.438903 0.863203 0.106263 0.873599 0.474902 -0.962530 0.210209 -0.171314 196.203233 58.291319 101.156441
-0.257193 -0.440957 0.859888 0.102720 0.872306 0.478049 -0.960885 0.211279 -0.179056 197.043784 58.745013 100.973427
-0.264500 -0.442930 0.856652 0.099771 0.870954 0.481129 -0.959211 0.212727 -0.186176 197.798850 59.153970 100.805269
-0.272287 -0.444228 0.853534 0.098781 0.869459 0.484029 -0.957132 0.216108 -0.192861 198.566557 59.557955 100.619279
-0.278409 -0.445667 0.850805 0.096174 0.868441 0.486376 -0.955635 0.217237 -0.198920 199.375657 59.995070 100.427554
-0.282532 -0.447032 0.848727 0.094649 0.867466 0.488410 -0.954577 0.218323 -0.202776 200.208507 60.447397 100.223497
-0.286609 -0.448739 0.846457 0.093368 0.866234 0.490837 -0.953487 0.219710 -0.206373 201.060241 60.911757 100.010547
-0.290693 -0.451038 0.843838 0.092227 0.864608 0.493911 -0.952361 0.221401 -0.209738 201.764410 61.298489 99.826906
-0.291859 -0.452983 0.842392 0.092411 0.863263 0.496223 -0.951987 0.222674 -0.210091 202.426481 61.662201 99.654312
-0.291931 -0.454855 0.841358 0.092523 0.862121 0.498184 -0.951953 0.223281 -0.209595 202.991704 61.965858 99.506981
-0.292387 -0.456139 0.840504 0.092379 0.861330 0.499577 -0.951828 0.223714 -0.209704 203.519327 62.257337 99.370851
-0.294224 -0.456911 0.839443 0.091737 0.860763 0.500670 -0.951324 0.224317 -0.211341 203.979565 62.509489 99.247129
-0.296126 -0.456551 0.838970 0.090550 0.860991 0.500495 -0.950847 0.224178 -0.213621 204.508402 62.803983 99.109590
-0.298666 -0.456477 0.838110 0.089149 0.861008 0.500717 -0.950185 0.224263 -0.216459 205.028674 63.101231 98.973299
-0.301012 -0.458147 0.836357 0.088079 0.859927 0.502759 -0.949544 0.225002 -0.218495 205.561079 63.403521 98.827700
-0.303238 -0.460711 0.834142 0.087084 0.858297 0.505710 -0.948927 0.225991 -0.220147 206.030244 63.666570 98.700884
-0.308117 -0.462255 0.831495 0.085865 0.856938 0.508217 -0.947466 0.227987 -0.224345 206.486695 63.932187 98.572221
-0.312312 -0.462873 0.829584 0.085304 0.856073 0.509767 -0.946142 0.229973 -0.227877 207.009117 64.239753 98.419472
-0.315462 -0.463380 0.828108 0.084252 0.855545 0.510828 -0.945191 0.230916 -0.230851 207.486491 64.517107 98.277748
-0.319573 -0.464068 0.826144 0.082201 0.854999 0.512075 -0.943989 0.231555 -0.235088 208.033195 64.837532 98.117159
-0.323991 -0.465336 0.823706 0.081214 0.853776 0.514268 -0.942568 0.233515 -0.238824 208.577124 65.163586 97.950478
-0.328328 -0.467200 0.820929 0.081438 0.851871 0.517381 -0.941046 0.236725 -0.241646 209.049421 65.448254 97.802295
-0.331576 -0.469746 0.818166 0.080864 0.849884 0.520729 -0.939957 0.238821 -0.243815 209.547195 65.748830 97.648934
-0.334099 -0.472903 0.815316 0.079770 0.847732 0.524393 -0.939156 0.240237 -0.245502 210.075451 66.072399 97.489966
-0.336941 -0.476124 0.812267 0.078355 0.845540 0.528131 -0.938260 0.241594 -0.247590 210.580386 66.391004 97.334187
-0.338280 -0.479514 0.809712 0.077481 0.843325 0.531789 -0.937850 0.242631 -0.248127 211.059461 66.695080 97.188269
-0.339575 -0.483349 0.806885 0.077878 0.840465 0.536240 -0.937349 0.244932 -0.247759 211.563467 67.015809 97.022493
-0.341157 -0.486395 0.804383 0.078494 0.837991 0.540009 -0.936723 0.247367 -0.247708 212.045206 67.322321 96.864259
-0.340277 -0.488838 0.803274 0.079450 0.836250 0.542562 -0.936963 0.248441 -0.245719 212.487540 67.597892 96.727012
-0.339947 -0.490308 0.802518 0.080105 0.835141 0.544172 -0.937027 0.249276 -0.244627 212.960932 67.895273 96.580466
-0.340222 -0.490754 0.802128 0.081265 0.834478 0.545016 -0.936827 0.250612 -0.244027 213.423378 68.193679 96.435014
-0.338712 -0.491016 0.802607 0.081560 0.834496 0.544945 -0.937349 0.250040 -0.242606 213.853742 68.470659 96.310862
-0.336846 -0.492155 0.802694 0.082356 0.833848 0.545817 -0.937951 0.249962 -0.240346 214.248494 68.726843 96.191259
-0.334723 -0.493362 0.802841 0.084963 0.832715 0.547144 -0.938478 0.251354 -0.236812 214.690768 69.012832 96.061503
-0.332482 -0.494261 0.803220 0.088006 0.831696 0.548212 -0.938994 0.252959 -0.233026 215.113962 69.286584 95.936298
-0.330723 -0.494301 0.803921 0.090373 0.831354 0.548346 -0.939391 0.254003 -0.230276 215.498657 69.535898 95.818313
-0.328765 -0.495077 0.804247 0.091658 0.830838 0.548915 -0.939954 0.254179 -0.227773 215.923292 69.814170 95.697933
-0.325850 -0.496681 0.804444 0.094043 0.829636 0.550328 -0.940733 0.254977 -0.223627 216.365574 70.103310 95.575577
-0.323593 -0.498295 0.804357 0.097557 0.827994 0.552185 -0.941154 0.257154 -0.219321 216.807403 70.393589 95.452079
-0.320675 -0.500793 0.803974 0.099305 0.826346 0.554338 -0.941969 0.257602 -0.215257 217.260943 70.692122 95.333333
-0.316626 -0.503412 0.803943 0.101521 0.824696 0.556390 -0.943102 0.257784 -0.210013 217.687428 70.973805 95.227373
-0.313348 -0.507242 0.802819 0.105956 0.821441 0.560364 -0.943709 0.260653 -0.203651 218.172341 71.297229 95.099257
-0.310618 -0.511149 0.801401 0.110485 0.817975 0.564544 -0.944092 0.263900 -0.197603 218.683070 71.639852 94.963546
-0.306021 -0.513921 0.801397 0.116334 0.815287 0.567251 -0.944890 0.266821 -0.189708 219.148068 71.952930 94.841657
-0.299018 -0.515781 0.802844 0.124380 0.813093 0.568691 -0.946107 0.269907 -0.178976 219.565729 72.235410 94.740522
-0.290099 -0.516520 0.805636 0.134258 0.811546 0.568654 -0.947532 0.273129 -0.166082 219.968351 72.512108 94.656440
-0.278454 -0.515756 0.810222 0.145626 0.811161 0.566402 -0.949345 0.275706 -0.150764 220.331671 72.754414 94.591637
-0.263022 -0.514524 0.816140 0.158648 0.811344 0.562629 -0.951657 0.277463 -0.131773 220.706991 73.001822 94.536099
-0.243905 -0.513244 0.822855 0.174008 0.811550 0.557770 -0.954060 0.279227 -0.108633 221.068340 73.240141 94.496168
-0.221292 -0.514087 0.828701 0.191379 0.810351 0.553809 -0.956245 0.281150 -0.080938 221.423902 73.469862 94.471107
-0.199122 -0.517004 0.832501 0.208023 0.807853 0.551453 -0.957641 0.282985 -0.053312 221.803661 73.712898 94.459024
-0.173959 -0.521029 0.835624 0.225869 0.804828 0.548849 -0.958499 0.284219 -0.022323 222.129165 73.914238 94.466030
-0.145800 -0.524732 0.838689 0.245418 0.802066 0.544482 -0.958390 0.285215 0.011838 222.454464 74.112882 94.487852
-0.118634 -0.529282 0.840111 0.263506 0.798967 0.540571 -0.957335 0.285504 0.044684 222.846157 74.353823 94.533501
-0.091820 -0.535417 0.839582 0.280889 0.794978 0.537691 -0.955338 0.285200 0.077398 223.215391 74.577215 94.586765
-0.064382 -0.540303 0.839004 0.301009 0.791075 0.532536 -0.951446 0.286833 0.111705 223.577954 74.795211 94.654142
-0.035978 -0.544747 0.837828 0.318573 0.788380 0.526277 -0.947215 0.285844 0.145178 223.893035 74.981525 94.726242
-0.005919 -0.547406 0.836846 0.335888 0.787151 0.517274 -0.941883 0.284148 0.179208 224.252981 75.189133 94.824401
0.024183 -0.547806 0.836256 0.354268 0.786911 0.505237 -0.934831 0.284040 0.213100 224.566854 75.370032 94.930751
0.056383 -0.547310 0.835029 0.372798 0.787409 0.490926 -0.926198 0.283617 0.248433 224.876406 75.536268 95.045307
0.090509 -0.545697 0.833081 0.392660 0.788303 0.473706 -0.915219 0.284243 0.285621 225.181300 75.691898 95.173278
0.124475 -0.545191 0.829019 0.413512 0.788005 0.456131 -0.901950 0.286033 0.323530 225.515545 75.859784 95.314743
0.159695 -0.546210 0.822285 0.433715 0.787095 0.438604 -0.886786 0.286595 0.362594 225.838243 76.017305 95.483389
0.202196 -0.546099 0.812953 0.454398 0.787651 0.416086 -0.867548 0.285273 0.407406 226.171670 76.174999 95.670613
0.243937 -0.545034 0.802142 0.474659 0.788386 0.391340 -0.845691 0.285281 0.451022 226.544359 76.339571 95.901235
0.285036 -0.543256 0.789701 0.492682 0.789749 0.365460 -0.822204 0.284902 0.492759 226.918986 76.491367 96.171861
0.328325 -0.543176 0.772763 0.511802 0.789913 0.337781 -0.793890 0.284600 0.537347 227.300183 76.641409 96.456722
0.371667 -0.542161 0.753608 0.528601 0.790907 0.308297 -0.763181 0.283774 0.580541 227.694869 76.786159 96.778937
0.409064 -0.541352 0.734578 0.542763 0.791473 0.281033 -0.733536 0.283741 0.617589 228.099228 76.927838 97.142110
0.443646 -0.541342 0.714232 0.554569 0.791873 0.255717 -0.704011 0.282643 0.651522 228.587095 77.092063 97.610512
0.477696 -0.542315 0.691160 0.566671 0.791393 0.229307 -0.671335 0.282121 0.685359 229.008640 77.215542 98.055784
0.512045 -0.542585 0.665892 0.576646 0.791709 0.201685 -0.636623 0.280712 0.718270 229.387017 77.316770 98.510892
0.545936 -0.542658 0.638339 0.585337 0.792159 0.172814 -0.599445 0.279298 0.750106 229.721781 77.394992 98.933058
0.575908 -0.542707 0.611391 0.592955 0.792144 0.144613 -0.562792 0.279244 0.778003 230.048120 77.466013 99.383150
0.603366 -0.541083 0.585814 0.596934 0.793546 0.118134 -0.528790 0.278414 0.801789 230.353168 77.510202 99.851677
0.630039 -0.540112 0.557970 0.600373 0.794508 0.091161 -0.492548 0.277555 0.824839 230.656440 77.540132 100.335300
0.649680 -0.540107 0.534977 0.603256 0.794511 0.069530 -0.462598 0.277556 0.842001 230.972408 77.557119 100.844041
0.667704 -0.540813 0.511558 0.605951 0.794021 0.048521 -0.432429 0.277581 0.857878 231.217338 77.560754 101.265613
0.686311 -0.541876 0.485126 0.607243 0.794028 0.027845 -0.400293 0.275479 0.874001 231.525457 77.561536 101.824508
0.700609 -0.542168 0.463897 0.606985 0.794623 0.011985 -0.375121 0.273182 0.885808 231.893011 77.554420 102.525578
0.711228 -0.542143 0.447477 0.605945 0.795506 0.000698 -0.356349 0.270650 0.894295 232.222165 77.539774 103.189069
0.720000 -0.541653 0.433834 0.604965 0.796190 -0.009949 -0.340025 0.269618 0.900938 232.570066 77.520665 103.915639
0.725077 -0.542161 0.424645 0.605464 0.795670 -0.017960 -0.328141 0.270130 0.905182 232.844040 77.493772 104.489630
0.730008 -0.541906 0.416445 0.605849 0.795109 -0.027375 -0.316285 0.272287 0.908749 233.111222 77.465996 105.058764
0.735541 -0.540662 0.408246 0.604955 0.795421 -0.036533 -0.304975 0.273842 0.912141 233.394007 77.435328 105.695169
0.741168 -0.538759 0.400510 0.603408 0.796122 -0.045714 -0.294226 0.275553 0.915151 233.715952 77.381995 106.434575
0.746794 -0.537460 0.391708 0.602233 0.796393 -0.055435 -0.282160 0.277298 0.918418 234.062870 77.317808 107.230873
0.751462 -0.535740 0.385081 0.600733 0.796917 -0.063592 -0.272808 0.279118 0.920689 234.381707 77.252253 107.978375
0.755385 -0.534939 0.378461 0.599692 0.797145 -0.070216 -0.264127 0.280001 0.922950 234.728983 77.177287 108.819274
0.758296 -0.534395 0.373375 0.598725 0.797475 -0.074576 -0.257905 0.280100 0.924678 235.109457 77.085666 109.741899
0.761903 -0.532139 0.369233 0.596230 0.798928 -0.078891 -0.253009 0.280255 0.925982 235.446966 76.991127 110.602566
0.763455 -0.531714 0.366628 0.595558 0.799209 -0.081094 -0.249893 0.280260 0.926827 235.817446 76.892069 111.520485
0.763332 -0.532203 0.366175 0.596313 0.798498 -0.082533 -0.248466 0.281355 0.926879 236.171716 76.799488 112.390838
0.763189 -0.531020 0.368184 0.596068 0.798545 -0.083840 -0.249491 0.283448 0.925965 236.518433 76.703144 113.249520
0.761933 -0.529912 0.372358 0.596474 0.798156 -0.084650 -0.252343 0.286599 0.924221 236.900110 76.604841 114.171420
0.761021 -0.529340 0.375029 0.597059 0.797596 -0.085793 -0.253708 0.289205 0.923035 237.260416 76.511333 115.037252
0.759911 -0.529774 0.376663 0.597927 0.796994 -0.085341 -0.254987 0.290069 0.922411 237.630025 76.420820 115.926771
0.758678 -0.529625 0.379348 0.597998 0.797191 -0.082973 -0.258468 0.289799 0.921526 237.966705 76.334091 116.723383
0.757489 -0.529883 0.381359 0.598385 0.797102 -0.081024 -0.261049 0.289574 0.920869 238.302461 76.249098 117.511231
0.756349 -0.529465 0.384192 0.598163 0.797520 -0.078506 -0.264835 0.289187 0.919909 238.647565 76.166106 118.319265
0.754550 -0.529091 0.388222 0.598762 0.797188 -0.077303 -0.268585 0.290781 0.918318 238.979689 76.088224 119.073658
0.752286 -0.529674 0.391805 0.600538 0.795865 -0.077148 -0.270961 0.293331 0.916808 239.309569 76.022350 119.816722
0.750097 -0.530814 0.394449 0.602390 0.794548 -0.076293 -0.272911 0.294839 0.915745 239.658519 75.951135 120.577331
0.748081 -0.532472 0.396041 0.603911 0.793638 -0.073691 -0.275074 0.294301 0.915271 240.054109 75.874241 121.453278
0.746878 -0.532827 0.397829 0.604277 0.793547 -0.071634 -0.277527 0.293901 0.914659 240.405221 75.801483 122.229585
0.746972 -0.531438 0.399509 0.603169 0.794451 -0.070959 -0.279680 0.293976 0.913979 240.733335 75.736809 122.950785
0.746836 -0.530038 0.401616 0.602584 0.794841 -0.071552 -0.281296 0.295445 0.913009 241.084751 75.666333 123.725044
0.746604 -0.528363 0.404246 0.602124 0.795068 -0.072887 -0.282893 0.297824 0.911742 241.388089 75.602243 124.392826
0.746361 -0.528004 0.405163 0.602497 0.794656 -0.074287 -0.282741 0.299554 0.911221 241.714544 75.534798 125.102899
0.745835 -0.528234 0.405831 0.603014 0.794253 -0.074410 -0.283027 0.300220 0.910914 242.047559 75.463246 125.824903
0.745987 -0.527991 0.405868 0.602759 0.794449 -0.074380 -0.283169 0.300128 0.910900 242.380224 75.388975 126.545167
0.746425 -0.527639 0.405521 0.602055 0.795044 -0.073715 -0.283513 0.299169 0.911109 242.739976 75.311187 127.326011
0.746993 -0.527400 0.404785 0.601475 0.795504 -0.073492 -0.283249 0.298366 0.911454 243.104796 75.235073 128.128260
0.747757 -0.526918 0.404001 0.600739 0.796044 -0.073657 -0.282792 0.297777 0.911788 243.468372 75.157337 128.936879
0.748849 -0.525611 0.403682 0.599435 0.796968 -0.074293 -0.282672 0.297615 0.911878 243.826883 75.078315 129.741768
0.749655 -0.524969 0.403019 0.598983 0.797168 -0.075783 -0.281490 0.298213 0.912048 244.174398 75.006021 130.508748
0.749823 -0.525616 0.401863 0.599360 0.796856 -0.076078 -0.280239 0.297906 0.912534 244.513019 74.933432 131.245755
0.749954 -0.526669 0.400235 0.600001 0.796347 -0.076361 -0.278509 0.297408 0.913226 244.872031 74.851189 132.039042
0.749528 -0.528408 0.398738 0.601422 0.795244 -0.076665 -0.276584 0.297273 0.913855 245.237558 74.773912 132.843970
0.750243 -0.528661 0.397056 0.601511 0.795048 -0.077995 -0.274446 0.297349 0.914474 245.566273 74.695221 133.573002
0.750675 -0.529198 0.395521 0.601917 0.794620 -0.079218 -0.272367 0.297538 0.915034 245.916935 74.612410 134.361894
0.751244 -0.529345 0.394242 0.601940 0.794498 -0.080255 -0.270742 0.297601 0.915496 246.260525 74.532385 135.131291
0.751515 -0.529766 0.393157 0.602462 0.793947 -0.081783 -0.268820 0.298323 0.915827 246.661378 74.439467 136.039959
0.750961 -0.531660 0.391657 0.603790 0.792993 -0.081246 -0.267386 0.297491 0.916517 247.075982 74.343642 136.981146
0.751134 -0.533079 0.389390 0.603970 0.793045 -0.079372 -0.266492 0.294799 0.917647 247.486377 74.247058 137.921112
0.752471 -0.533549 0.386152 0.602856 0.794069 -0.077577 -0.265240 0.291168 0.919167 247.838268 74.160261 138.739200
0.753535 -0.532900 0.384971 0.602502 0.794087 -0.080104 -0.263013 0.292307 0.919446 248.172306 74.079361 139.523353
0.752858 -0.532794 0.386440 0.603688 0.792897 -0.082911 -0.262233 0.295709 0.918581 248.512229 74.002551 140.312264
0.752728 -0.531506 0.388461 0.603714 0.792620 -0.085338 -0.262545 0.298756 0.917505 248.857515 73.919235 141.110670
0.752269 -0.531636 0.389173 0.604539 0.791823 -0.086887 -0.261964 0.300633 0.917058 249.223030 73.829907 141.945586
0.752273 -0.531596 0.389218 0.604630 0.791708 -0.087296 -0.261741 0.301004 0.917000 249.627338 73.720311 142.874002
0.752002 -0.532752 0.388160 0.605201 0.791380 -0.086314 -0.261198 0.299823 0.917541 249.972361 73.629333 143.666991
0.752659 -0.532612 0.387077 0.604282 0.792234 -0.084906 -0.261434 0.297809 0.918130 250.278996 73.544558 144.381581
0.752648 -0.532663 0.387027 0.603768 0.792830 -0.082974 -0.262650 0.296125 0.918327 250.610347 73.457630 145.151047
0.753306 -0.531498 0.387350 0.602725 0.793596 -0.083236 -0.263159 0.296168 0.918168 250.938201 73.368282 145.886729
0.753421 -0.530925 0.387912 0.602849 0.793303 -0.085110 -0.262545 0.297976 0.917759 251.233372 73.291578 146.545493
0.753717 -0.529906 0.388730 0.602338 0.793584 -0.086095 -0.262868 0.299038 0.917321 251.518403 73.219392 147.192092
0.754428 -0.527683 0.390371 0.601080 0.794341 -0.087894 -0.263708 0.300953 0.916453 251.811593 73.139311 147.849701
0.754729 -0.526559 0.391305 0.600647 0.794503 -0.089376 -0.263832 0.302491 0.915910 252.098549 73.062366 148.499902
0.755268 -0.525219 0.392065 0.599975 0.794825 -0.091016 -0.263820 0.303971 0.915424 252.359565 72.990862 149.084061
0.756068 -0.522993 0.393497 0.598574 0.795704 -0.092542 -0.264708 0.305505 0.914656 252.606157 72.920130 149.633514
0.755807 -0.521795 0.395584 0.598460 0.795625 -0.093955 -0.265711 0.307753 0.913612 252.893144 72.841256 150.276949
0.756248 -0.520557 0.396370 0.597583 0.796223 -0.094462 -0.266426 0.308301 0.913218 253.187176 72.756723 150.939287
0.756420 -0.519951 0.396838 0.597118 0.796570 -0.094483 -0.266982 0.308428 0.913013 253.493586 72.670545 151.630034
0.757280 -0.519310 0.396036 0.596379 0.797033 -0.095241 -0.266194 0.308312 0.913283 253.795866 72.585797 152.311603
0.758631 -0.518439 0.394588 0.595732 0.797189 -0.097942 -0.263785 0.309371 0.913623 254.053665 72.514911 152.890759
0.760322 -0.518926 0.390674 0.595867 0.796644 -0.101494 -0.258560 0.309958 0.914917 254.302924 72.441781 153.449507
0.763791 -0.519254 0.383405 0.595232 0.796365 -0.107242 -0.249645 0.310125 0.917333 254.560644 72.358545 154.052572
0.768044 -0.519588 0.374348 0.594137 0.796278 -0.113765 -0.238974 0.309791 0.920283 254.767751 72.282854 154.548585
0.773131 -0.519626 0.363672 0.592809 0.795884 -0.123070 -0.225490 0.310737 0.923362 254.960468 72.205028 155.039465
0.780357 -0.519578 0.347968 0.590342 0.795631 -0.135891 -0.206248 0.311464 0.927605 255.152187 72.114774 155.548398
0.787871 -0.520878 0.328551 0.588239 0.794443 -0.151114 -0.182303 0.312325 0.932319 255.302731 72.036333 155.980593
0.796219 -0.521794 0.306213 0.584548 0.793993 -0.166967 -0.156008 0.311939 0.937206 255.435832 71.945182 156.414112
0.806158 -0.521635 0.279295 0.578364 0.794332 -0.185828 -0.124918 0.311341 0.942052 255.560949 71.842367 156.858034
0.815325 -0.522092 0.250328 0.571710 0.794332 -0.205389 -0.091611 0.310574 0.946124 255.682575 71.716139 157.337807
0.824771 -0.522029 0.217345 0.562837 0.794899 -0.226606 -0.054473 0.309228 0.949427 255.771060 71.591902 157.778761
0.833156 -0.521712 0.183488 0.552789 0.795573 -0.247969 -0.016609 0.308027 0.951233 255.864172 71.442717 158.299803
0.840753 -0.520755 0.148149 0.540968 0.796832 -0.269094 0.022082 0.306386 0.951651 255.930724 71.285612 158.772407
0.846535 -0.520701 0.110676 0.528599 0.797645 -0.290424 0.062944 0.304358 0.950476 255.976274 71.122200 159.253199
0.851372 -0.520089 0.068364 0.513128 0.798647 -0.314423 0.108929 0.302771 0.946818 255.997323 70.929667 159.758943
0.854640 -0.518533 0.026721 0.496000 0.800118 -0.337335 0.153539 0.301554 0.941005 255.999336 70.722961 160.259503
0.854636 -0.519044 -0.013848 0.480257 0.800347 -0.358883 0.197359 0.300063 0.933280 255.987548 70.484838 160.845493
0.852737 -0.518853 -0.060262 0.460398 0.801088 -0.382480 0.246727 0.298410 0.921996 255.943206 70.230852 161.409508
0.847894 -0.519420 -0.106205 0.440920 0.802105 -0.402762 0.294391 0.294671 0.909122 255.867257 69.956527 161.995839
0.839930 -0.520319 -0.154225 0.419989 0.803196 -0.422476 0.343695 0.290078 0.893157 255.771273 69.706893 162.482899
0.829447 -0.520124 -0.203688 0.395791 0.804561 -0.442754 0.394166 0.286624 0.873201 255.632773 69.429638 162.975582
0.816027 -0.520482 -0.251394 0.370995 0.805147 -0.462711 0.443242 0.284318 0.850118 255.479507 69.154120 163.475720
0.801079 -0.520863 -0.294912 0.347139 0.805667 -0.479995 0.487613 0.282139 0.826215 255.290331 68.856669 163.951394
0.782857 -0.521078 -0.340020 0.319726 0.805708 -0.498608 0.533771 0.281626 0.797356 255.090741 68.558869 164.410517
0.759346 -0.521506 -0.389135 0.289350 0.806285 -0.515928 0.582813 0.279171 0.763146 254.854991 68.256466 164.831088
0.735653 -0.520142 -0.433897 0.258631 0.807734 -0.529788 0.626039 0.277521 0.728737 254.542556 67.870483 165.341401
0.711697 -0.520347 -0.471940 0.230562 0.807619 -0.542764 0.663573 0.277472 0.694752 254.173770 67.447273 165.853826
0.686148 -0.520748 -0.507959 0.204810 0.808302 -0.551997 0.698036 0.274717 0.661269 253.799531 67.031347 166.350441
0.664762 -0.517724 -0.538566 0.180274 0.810785 -0.556891 0.724978 0.273110 0.632312 253.361321 66.576679 166.832508
0.639265 -0.516045 -0.570121 0.154097 0.812320 -0.562485 0.753389 0.271723 0.598809 252.953399 66.172331 167.243967
0.609323 -0.514451 -0.603379 0.124087 0.813446 -0.568249 0.783153 0.271376 0.559488 252.544950 65.789284 167.583282
0.580503 -0.513485 -0.631941 0.096273 0.813933 -0.572926 0.808547 0.271746 0.521925 252.152843 65.439034 167.874305
0.553127 -0.511769 -0.657376 0.070961 0.815149 -0.574888 0.830069 0.271338 0.487197 251.700165 65.034876 168.194363
0.522790 -0.510834 -0.682451 0.045312 0.816086 -0.576152 0.851256 0.270283 0.449788 251.330727 64.718652 168.422238
0.494398 -0.508296 -0.705128 0.017592 0.816890 -0.576525 0.869058 0.272628 0.412811 250.937315 64.410819 168.612757
0.467370 -0.507217 -0.724083 -0.005446 0.817374 -0.576082 0.884045 0.273187 0.379254 250.492632 64.060181 168.826203
0.443425 -0.505755 -0.739991 -0.025304 0.818203 -0.574373 0.895954 0.273416 0.350014 250.020185 63.685214 169.040792
0.420788 -0.504811 -0.753726 -0.042840 0.818879 -0.572365 0.906147 0.273134 0.322949 249.545780 63.323684 169.235452
0.403234 -0.503297 -0.764261 -0.054953 0.820344 -0.569224 0.913445 0.271530 0.303133 249.060770 62.942516 169.436402
0.385526 -0.500479 -0.775172 -0.067641 0.822525 -0.564693 0.920215 0.270137 0.283251 248.633159 62.622320 169.591816
0.370080 -0.496990 -0.784884 -0.078574 0.825097 -0.559501 0.925671 0.268731 0.266301 248.142502 62.262959 169.749518
0.358067 -0.492958 -0.792957 -0.087525 0.827806 -0.554145 0.929585 0.267824 0.253264 247.693037 61.932327 169.886855
0.348036 -0.491039 -0.798593 -0.094929 0.829012 -0.551114 0.932663 0.267617 0.241912 247.260359 61.623561 170.011524
0.336543 -0.491851 -0.803008 -0.101457 0.828847 -0.550199 0.936186 0.266636 0.229041 246.772539 61.278100 170.145928
0.325290 -0.494082 -0.806269 -0.107432 0.827810 -0.550626 0.939492 0.265732 0.216198 246.269185 60.917269 170.279662
0.310984 -0.494361 -0.811724 -0.115367 0.828122 -0.548547 0.943387 0.264236 0.200500 245.696274 60.516176 170.417382
0.298757 -0.493287 -0.816953 -0.121698 0.829367 -0.545288 0.946538 0.262331 0.187747 245.123610 60.119765 170.547341
0.287448 -0.490868 -0.822449 -0.126424 0.831731 -0.540593 0.949416 0.259370 0.177022 244.602093 59.760811 170.659797
0.276738 -0.487754 -0.827956 -0.130579 0.834527 -0.535270 0.952032 0.256244 0.167255 243.907680 59.291208 170.803140
0.269665 -0.483971 -0.832498 -0.134809 0.837038 -0.530277 0.953471 0.255225 0.160477 243.194388 58.819621 170.940506
0.265694 -0.481807 -0.835026 -0.136275 0.838691 -0.527283 0.954377 0.253889 0.157176 242.461541 58.343482 171.079172
0.261913 -0.479439 -0.837580 -0.137766 0.840414 -0.524141 0.955208 0.252670 0.154065 241.731689 57.883160 171.218597
0.257259 -0.476444 -0.840725 -0.141348 0.842097 -0.520474 0.955949 0.252732 0.149293 241.043759 57.451001 171.343223
0.254356 -0.474696 -0.842595 -0.145847 0.842458 -0.518645 0.956050 0.254811 0.145051 240.339418 57.010088 171.464689
0.252403 -0.473484 -0.843864 -0.148840 0.842723 -0.517363 0.956106 0.256185 0.142232 239.641844 56.577018 171.584301
0.249672 -0.472686 -0.845123 -0.152831 0.842588 -0.516419 0.956194 0.258096 0.138130 238.809254 56.061204 171.719800
0.249719 -0.473951 -0.844400 -0.154426 0.841374 -0.517922 0.955925 0.259733 0.136917 238.039703 55.573263 171.845441
0.252022 -0.474269 -0.843537 -0.154077 0.840888 -0.518813 0.955377 0.260722 0.138848 237.270956 55.088358 171.974353
0.254338 -0.472450 -0.843862 -0.153649 0.841734 -0.517568 0.954832 0.261296 0.141493 236.531145 54.619536 172.104781
0.257111 -0.471626 -0.843483 -0.152819 0.842001 -0.517379 0.954222 0.261924 0.144414 235.839409 54.176641 172.236744
0.259066 -0.470429 -0.843553 -0.152009 0.842628 -0.516597 0.953823 0.262060 0.146787 235.188253 53.761125 172.361113
0.262853 -0.469929 -0.842659 -0.150598 0.842683 -0.516919 0.953010 0.262777 0.150732 234.501332 53.320825 172.488366
0.266980 -0.469153 -0.841794 -0.148340 0.843084 -0.516919 0.952217 0.262879 0.155492 233.800560 52.875809 172.617871
0.269812 -0.467368 -0.841884 -0.145317 0.844533 -0.515410 0.951885 0.261404 0.159949 233.083235 52.419422 172.756606
0.273828 -0.464081 -0.842406 -0.143931 0.846247 -0.512982 0.950948 0.261717 0.164930 232.349705 51.958353 172.902892
0.277754 -0.460467 -0.843103 -0.143004 0.848039 -0.510274 0.949949 0.262297 0.169697 231.615908 51.498484 173.054022
0.279764 -0.456670 -0.844503 -0.142390 0.850162 -0.506901 0.949451 0.262061 0.172819 230.697028 50.921684 173.242649
0.279060 -0.453672 -0.846349 -0.142187 0.852126 -0.503651 0.949689 0.260888 0.173288 229.856094 50.390784 173.417532
0.278573 -0.451421 -0.847712 -0.141318 0.853778 -0.501091 0.949961 0.259387 0.174046 228.984823 49.846968 173.594758
0.279542 -0.449054 -0.848650 -0.138104 0.855890 -0.498377 0.950149 0.256519 0.177241 228.102413 49.302551 173.776260
0.278637 -0.447236 -0.849907 -0.135944 0.857677 -0.495893 0.950726 0.253714 0.178181 227.298231 48.808016 173.947071
0.275956 -0.446769 -0.851026 -0.134870 0.858648 -0.494504 0.951661 0.251239 0.176693 226.540414 48.345662 174.103685
0.273219 -0.447419 -0.851568 -0.133916 0.858939 -0.494257 0.952585 0.249079 0.174762 225.780717 47.888210 174.266545
0.270966 -0.448009 -0.851977 -0.132901 0.859201 -0.494076 0.953370 0.247107 0.173273 224.965580 47.396561 174.435178
0.268707 -0.447825 -0.852789 -0.131785 0.859933 -0.493100 0.954164 0.244884 0.172053 224.105203 46.870883 174.617911
0.267484 -0.446841 -0.853689 -0.131472 0.860761 -0.491736 0.954551 0.243768 0.171493 223.311846 46.392388 174.782526
0.266750 -0.446400 -0.854149 -0.130357 0.861406 -0.490903 0.954909 0.242293 0.171589 222.553565 45.941530 174.948173
0.265972 -0.446901 -0.854130 -0.129185 0.861528 -0.490999 0.955285 0.240933 0.171410 221.854926 45.528434 175.094280
0.264344 -0.447082 -0.854540 -0.128085 0.861935 -0.490573 0.955885 0.239134 0.170583 221.153872 45.109794 175.234825
0.262167 -0.444885 -0.856356 -0.126379 0.863925 -0.487507 0.956712 0.236033 0.170268 220.409996 44.661937 175.393175
0.260306 -0.444490 -0.857128 -0.123832 0.865031 -0.486196 0.957552 0.232699 0.170130 219.651571 44.205925 175.552960
0.258202 -0.444076 -0.857979 -0.122024 0.865990 -0.484945 0.958354 0.229908 0.169413 218.830292 43.717988 175.724924
0.256615 -0.443032 -0.858994 -0.121273 0.866972 -0.483376 0.958875 0.228214 0.168750 217.909177 43.175699 175.910857
0.256437 -0.443684 -0.858711 -0.120059 0.866917 -0.483777 0.959076 0.227154 0.169041 216.979342 42.633884 176.094527
0.253573 -0.442735 -0.860050 -0.121588 0.867470 -0.482403 0.959644 0.226896 0.166135 216.071467 42.111101 176.269815
0.250533 -0.441067 -0.861797 -0.122134 0.868674 -0.480092 0.960373 0.225534 0.163762 215.106463 41.557901 176.456372
0.245388 -0.439840 -0.863901 -0.124635 0.869438 -0.478062 0.961380 0.224983 0.158530 214.166207 41.009573 176.629085
0.241333 -0.439323 -0.865305 -0.125634 0.870013 -0.476753 0.962276 0.223768 0.154769 213.222481 40.465415 176.799622
0.238285 -0.438520 -0.866557 -0.125879 0.870786 -0.475275 0.963003 0.222332 0.152295 212.252794 39.901632 176.973929
0.236146 -0.439645 -0.866572 -0.124681 0.870714 -0.475722 0.963686 0.220385 0.150800 211.207422 39.301048 177.167014
0.235001 -0.440731 -0.866332 -0.123736 0.870476 -0.476404 0.964087 0.219152 0.150029 210.229735 38.739976 177.339903
0.234182 -0.439855 -0.866998 -0.123730 0.871061 -0.475336 0.964287 0.218589 0.149564 209.298738 38.208318 177.499535
0.234774 -0.439109 -0.867217 -0.122333 0.871712 -0.474503 0.964321 0.217490 0.150938 208.344198 37.660565 177.669357
0.235252 -0.438590 -0.867350 -0.120877 0.872264 -0.473861 0.964388 0.216320 0.152187 207.399350 37.116488 177.838787
0.236073 -0.437810 -0.867520 -0.119663 0.872861 -0.473069 0.964339 0.215489 0.153670 206.515910 36.604614 178.001119
0.237707 -0.438289 -0.866832 -0.118770 0.872600 -0.473775 0.964048 0.215574 0.155368 205.634507 36.096382 178.159322
0.239140 -0.439251 -0.865951 -0.117704 0.872136 -0.474894 0.963824 0.215492 0.156861 204.747828 35.590554 178.316528
0.240122 -0.438227 -0.866198 -0.117324 0.872662 -0.474021 0.963627 0.215449 0.158131 203.857334 35.083536 178.477805
0.242090 -0.436278 -0.866634 -0.116159 0.873746 -0.472307 0.963276 0.215008 0.160848 202.861364 34.516781 178.661941
0.244530 -0.434366 -0.866909 -0.114852 0.874782 -0.470707 0.962816 0.214668 0.164022 202.029856 34.044243 178.816589
0.244980 -0.431382 -0.868271 -0.113903 0.876553 -0.467634 0.962814 0.213460 0.165602 201.257981 33.604680 178.964732
0.244925 -0.429068 -0.869432 -0.113813 0.877821 -0.465270 0.962839 0.212909 0.166167 200.454451 33.158300 179.122996
0.244671 -0.427265 -0.870391 -0.113246 0.878938 -0.463295 0.962970 0.211924 0.166664 199.610280 32.694593 179.288134
0.244642 -0.426689 -0.870682 -0.112836 0.879338 -0.462636 0.963025 0.211425 0.166977 198.809523 32.260301 179.451010
0.243697 -0.427383 -0.870606 -0.113200 0.879000 -0.463190 0.963222 0.211431 0.165830 197.963736 31.794045 179.616784
0.244951 -0.427228 -0.870330 -0.112190 0.879157 -0.463137 0.963022 0.211089 0.167420 197.104635 31.320316 179.779992
0.245530 -0.426231 -0.870656 -0.110975 0.879886 -0.462045 0.963016 0.210067 0.168737 196.284969 30.863781 179.934834
0.247640 -0.424690 -0.870812 -0.110472 0.880568 -0.460864 0.962533 0.210329 0.171148 195.531204 30.445464 180.084610
0.248018 -0.422705 -0.871670 -0.109716 0.881737 -0.458804 0.962523 0.209428 0.172309 194.679015 29.976393 180.258058
0.249344 -0.421960 -0.871652 -0.108531 0.882235 -0.458130 0.962314 0.208833 0.174185 193.779265 29.489243 180.440150
0.250248 -0.421055 -0.871831 -0.106747 0.882993 -0.457087 0.962279 0.207451 0.176021 192.924699 29.024924 180.616378
0.249841 -0.419970 -0.872471 -0.105581 0.883857 -0.455685 0.962513 0.205965 0.176483 192.015162 28.532399 180.799240
0.246822 -0.417641 -0.874446 -0.104786 0.885571 -0.452531 0.963379 0.203324 0.174815 191.110708 28.050076 180.981486
0.245112 -0.416308 -0.875561 -0.104818 0.886438 -0.450823 0.963812 0.202276 0.173640 190.177219 27.555973 181.169040
0.244493 -0.416891 -0.875457 -0.105804 0.885997 -0.451458 0.963861 0.203006 0.172512 189.259296 27.070281 181.348544
0.243189 -0.419177 -0.874729 -0.105211 0.885082 -0.453388 0.964256 0.202290 0.171140 188.359054 26.591579 181.524589
0.243635 -0.419544 -0.874428 -0.104594 0.884972 -0.453745 0.964211 0.202008 0.171728 187.389690 26.074257 181.713231
0.246112 -0.418830 -0.874077 -0.103063 0.885394 -0.453271 0.963746 0.201640 0.174740 186.471491 25.584555 181.892477
0.245400 -0.416862 -0.875217 -0.103914 0.886310 -0.451282 0.963836 0.201692 0.174183 185.537060 25.082805 182.081534
0.242110 -0.414525 -0.877241 -0.104496 0.887741 -0.448326 0.964605 0.200213 0.171615 184.577478 24.576236 182.275637
0.238369 -0.412528 -0.879204 -0.106707 0.888694 -0.445911 0.965295 0.200109 0.167818 183.741398 24.138181 182.435091
0.235804 -0.412851 -0.879745 -0.108561 0.888415 -0.446018 0.965718 0.200679 0.164673 182.945624 23.720439 182.582786
0.232292 -0.411891 -0.881128 -0.110441 0.888879 -0.444631 0.966356 0.200597 0.160990 182.166015 23.326028 182.717112
0.227519 -0.408481 -0.883956 -0.111227 0.890921 -0.440327 0.967401 0.198503 0.157267 181.272866 22.872869 182.873077
0.223951 -0.405031 -0.886451 -0.112899 0.892649 -0.436385 0.968039 0.197808 0.154182 180.416780 22.442015 183.025168
0.219302 -0.402746 -0.888652 -0.115013 0.893802 -0.433463 0.968854 0.197266 0.149692 179.459833 21.960249 183.184628
0.217538 -0.401327 -0.889727 -0.115687 0.894530 -0.431779 0.969172 0.196858 0.148166 178.605117 21.528682 183.331490
0.217251 -0.403268 -0.888919 -0.115378 0.893677 -0.433624 0.969273 0.196767 0.147624 177.776903 21.109495 183.470402
0.215226 -0.405876 -0.888224 -0.115725 0.892531 -0.435885 0.969683 0.196604 0.145126 176.979522 20.706859 183.600300
0.210528 -0.407329 -0.888685 -0.115936 0.892241 -0.436423 0.970689 0.194910 0.140617 176.064118 20.245571 183.747198
0.206054 -0.406447 -0.890137 -0.116797 0.892939 -0.434763 0.971545 0.193550 0.136522 175.108476 19.762166 183.894174
0.200890 -0.404323 -0.892281 -0.117782 0.894273 -0.431744 0.972507 0.191828 0.132029 174.156836 19.283987 184.034579
0.197554 -0.400931 -0.894554 -0.119373 0.895908 -0.427900 0.972997 0.191319 0.129131 173.157053 18.786930 184.176478
0.196690 -0.396313 -0.896799 -0.120571 0.897948 -0.423264 0.973024 0.191380 0.128834 172.218407 18.327306 184.314216
0.195763 -0.393540 -0.898222 -0.122134 0.899029 -0.420512 0.973016 0.192024 0.127932 171.342603 17.904325 184.441846
0.194953 -0.391435 -0.899318 -0.122179 0.900077 -0.418251 0.973173 0.191417 0.127647 170.470346 17.488024 184.563411
0.193583 -0.389109 -0.900622 -0.122315 0.901252 -0.415672 0.973429 0.190627 0.126873 169.570735 17.065790 184.689304
0.192470 -0.387614 -0.901505 -0.121471 0.902205 -0.413849 0.973756 0.189160 0.126563 168.729638 16.669384 184.811863
0.192446 -0.386474 -0.901999 -0.120028 0.903008 -0.412516 0.973939 0.187652 0.127393 167.842281 16.256325 184.941537
0.193245 -0.386723 -0.901721 -0.119503 0.902925 -0.412850 0.973846 0.187540 0.128271 166.982820 15.857733 185.068179
0.193069 -0.387887 -0.901259 -0.120276 0.902258 -0.414083 0.973785 0.188347 0.127544 166.131352 15.459645 185.188241
0.193898 -0.386444 -0.901701 -0.119909 0.902917 -0.412750 0.973666 0.188153 0.128736 165.238627 15.038666 185.313953
0.193510 -0.385939 -0.902001 -0.119881 0.903188 -0.412165 0.973747 0.187891 0.128509 164.313932 14.596156 185.444234
0.194758 -0.384669 -0.902274 -0.120573 0.903523 -0.411228 0.973412 0.188880 0.129588 163.287784 14.109593 185.585954
0.196096 -0.383241 -0.902592 -0.121471 0.903880 -0.410179 0.973032 0.190073 0.130695 162.282373 13.629651 185.729736
0.196764 -0.382262 -0.902862 -0.120833 0.904389 -0.409243 0.972976 0.189620 0.131762 161.321890 13.174717 185.873995
0.197642 -0.381052 -0.903182 -0.120242 0.904975 -0.408121 0.972872 0.189262 0.133042 160.356571 12.721430 186.019321
0.198124 -0.380863 -0.903156 -0.119456 0.905170 -0.407918 0.972871 0.188705 0.133840 159.434531 12.290992 186.156666
0.198420 -0.379441 -0.903689 -0.120229 0.905635 -0.406657 0.972715 0.189338 0.134076 158.500060 11.856457 186.294328
0.198305 -0.377313 -0.904605 -0.119268 0.906787 -0.404368 0.972857 0.188078 0.134819 157.553481 11.411101 186.435499
0.198286 -0.375374 -0.905415 -0.118304 0.907838 -0.402287 0.972978 0.186882 0.135603 156.583461 10.958834 186.581856
0.199227 -0.373330 -0.906054 -0.118234 0.908677 -0.400408 0.972795 0.186899 0.136893 155.586202 10.501389 186.731990
0.198962 -0.371848 -0.906721 -0.117570 0.909480 -0.398778 0.972929 0.185945 0.137234 154.580063 10.043895 186.890443
0.198587 -0.368957 -0.907983 -0.117401 0.910809 -0.395783 0.973026 0.185196 0.137559 153.593583 9.598165 187.044124
0.197333 -0.365585 -0.909619 -0.119156 0.912041 -0.392408 0.973068 0.185822 0.136414 152.627993 9.162973 187.192086
0.195048 -0.363194 -0.911069 -0.120056 0.913083 -0.389700 0.973418 0.185390 0.134491 151.646923 8.719972 187.343701
0.194687 -0.362404 -0.911461 -0.122362 0.913009 -0.389156 0.973203 0.187291 0.133407 150.781591 8.331921 187.470846
0.193496 -0.361598 -0.912034 -0.123493 0.913232 -0.388274 0.973298 0.187759 0.132052 149.903991 7.939778 187.599229
0.192521 -0.359140 -0.913211 -0.124262 0.914206 -0.385728 0.973393 0.187738 0.131376 148.993427 7.534944 187.730263
0.191429 -0.357139 -0.914225 -0.125628 0.914873 -0.383698 0.973433 0.188303 0.130266 148.102282 7.137220 187.857324
0.189726 -0.356440 -0.914852 -0.126785 0.915081 -0.382822 0.973617 0.188621 0.128423 147.185176 6.730829 187.989543
0.189283 -0.358732 -0.914048 -0.126587 0.914193 -0.385003 0.973729 0.188581 0.127630 146.175810 6.291051 188.139008
0.189505 -0.359001 -0.913896 -0.127335 0.913916 -0.385413 0.973588 0.189408 0.127478 145.123887 5.829667 188.297124
0.189494 -0.356934 -0.914708 -0.128789 0.914503 -0.383534 0.973399 0.190482 0.127323 144.182267 5.420397 188.427223
0.188980 -0.352831 -0.916404 -0.130079 0.916001 -0.379501 0.973327 0.190923 0.127210 143.234352 5.020699 188.557483
0.187016 -0.347227 -0.918944 -0.131658 0.918150 -0.373721 0.973494 0.190878 0.125993 142.248247 4.605555 188.691696
0.185349 -0.342847 -0.920924 -0.132146 0.919954 -0.369082 0.973747 0.190106 0.125207 141.211966 4.166297 188.826149
0.183585 -0.339057 -0.922679 -0.132685 0.921495 -0.365023 0.974008 0.189438 0.124185 140.190327 3.735207 188.959244
0.183136 -0.335999 -0.923886 -0.132832 0.922705 -0.361900 0.974072 0.188999 0.124349 139.233093 3.336764 189.080705
0.182739 -0.333608 -0.924831 -0.133055 0.923625 -0.359464 0.974116 0.188742 0.124394 138.320616 2.965963 189.206632
0.181144 -0.332202 -0.925650 -0.132155 0.924462 -0.357637 0.974537 0.187113 0.123559 137.430983 2.602952 189.326946
0.180746 -0.332554 -0.925602 -0.132454 0.924298 -0.357951 0.974570 0.187298 0.123015 136.622662 2.276323 189.434618
0.180002 -0.336085 -0.924471 -0.131902 0.923087 -0.361265 0.974783 0.186967 0.121827 135.851731 1.965792 189.539181
0.179075 -0.339341 -0.923461 -0.132392 0.921785 -0.364398 0.974887 0.187513 0.120143 135.209400 1.698887 189.621590
0.176204 -0.339294 -0.924030 -0.133982 0.921715 -0.363993 0.975193 0.187940 0.116951 134.512858 1.405439 189.705228
0.173887 -0.336130 -0.925624 -0.135076 0.922918 -0.360523 0.975458 0.187720 0.115081 133.673358 1.060664 189.802172
0.172103 -0.330466 -0.927994 -0.136152 0.925029 -0.354661 0.975624 0.187386 0.114207 132.789816 0.702164 189.908455
0.171077 -0.327024 -0.929402 -0.136185 0.926405 -0.351038 0.975800 0.186625 0.113951 132.051725 0.407810 190.000937
0.169383 -0.325718 -0.930171 -0.135893 0.927075 -0.349379 0.976136 0.185583 0.112768 131.314920 0.118353 190.089861
0.167733 -0.324643 -0.930845 -0.137059 0.927373 -0.348129 0.976258 0.185973 0.111056 130.587200 -0.169362 190.174694
0.166058 -0.321111 -0.932369 -0.137651 0.928692 -0.344360 0.976461 0.185525 0.110016 129.756338 -0.497055 190.273434
0.163685 -0.314583 -0.935011 -0.138825 0.931017 -0.337542 0.976696 0.185053 0.108722 128.904259 -0.823813 190.364744
0.160996 -0.311091 -0.936644 -0.139550 0.932314 -0.333640 0.977039 0.184424 0.106686 128.102968 -1.126000 190.457110
0.162654 -0.310207 -0.936651 -0.139909 0.932450 -0.333111 0.976713 0.185228 0.108266 127.376026 -1.396932 190.546163
0.166388 -0.314053 -0.934712 -0.137441 0.931286 -0.337367 0.976435 0.184602 0.111791 126.684621 -1.652144 190.635294
0.167321 -0.317120 -0.933509 -0.135199 0.930531 -0.340342 0.976588 0.183156 0.112824 125.906467 -1.941335 190.726953
0.168200 -0.315637 -0.933853 -0.133524 0.931324 -0.338832 0.976668 0.181683 0.114504 125.068306 -2.260512 190.828256
0.169036 -0.312514 -0.934752 -0.132641 0.932559 -0.335767 0.976644 0.180743 0.116184 124.194379 -2.585625 190.937886
0.166783 -0.309183 -0.936263 -0.131625 0.934083 -0.331910 0.977169 0.178593 0.115093 123.281039 -2.924444 191.052168
0.164292 -0.308344 -0.936980 -0.131819 0.934505 -0.330643 0.977564 0.177834 0.112886 122.474343 -3.225137 191.149265
0.163598 -0.308576 -0.937026 -0.131658 0.934497 -0.330729 0.977702 0.177473 0.112255 121.652066 -3.530825 191.244440
0.162896 -0.307483 -0.937507 -0.131464 0.934961 -0.329491 0.977846 0.176921 0.111879 120.827210 -3.834003 191.339666
0.160178 -0.304783 -0.938856 -0.129653 0.936400 -0.326105 0.978536 0.173961 0.110474 119.958719 -4.142108 191.447229
0.157123 -0.302256 -0.940188 -0.129026 0.937570 -0.322978 0.979114 0.172056 0.108315 119.088045 -4.454753 191.551008
0.155072 -0.300178 -0.941194 -0.128760 0.938450 -0.320518 0.979476 0.170892 0.106876 118.132792 -4.795421 191.654653
0.155179 -0.297892 -0.941902 -0.128089 0.939336 -0.318183 0.979547 0.170022 0.107608 117.162150 -5.143392 191.763793
0.155908 -0.293881 -0.943041 -0.128756 0.940524 -0.314383 0.979344 0.170437 0.108797 116.115211 -5.510014 191.877027
0.156274 -0.292044 -0.943551 -0.127661 0.941303 -0.312492 0.979429 0.169289 0.109819 114.980359 -5.899604 192.014318
0.155763 -0.290457 -0.944125 -0.129618 0.941517 -0.311039 0.979253 0.170824 0.109005 113.984798 -6.241806 192.133087
0.154096 -0.287337 -0.945353 -0.130580 0.942466 -0.307744 0.979389 0.170866 0.107710 113.014422 -6.568891 192.247357
0.154143 -0.283215 -0.946588 -0.131309 0.943668 -0.303724 0.979284 0.171112 0.108271 112.070714 -6.880992 192.352020
0.154969 -0.279863 -0.947450 -0.132554 0.944474 -0.300664 0.978986 0.172182 0.109268 111.049777 -7.221667 192.462165
0.156371 -0.278633 -0.947582 -0.133974 0.944534 -0.299845 0.978570 0.173839 0.110368 110.064224 -7.542021 192.560173
0.158539 -0.277220 -0.947636 -0.134355 0.944790 -0.298865 0.978169 0.174701 0.112540 109.134465 -7.846873 192.660572
0.157968 -0.275970 -0.948096 -0.133988 0.945281 -0.297475 0.978312 0.174025 0.112347 108.225378 -8.144627 192.762346
0.157068 -0.275340 -0.948429 -0.134181 0.945494 -0.296710 0.978430 0.173864 0.111561 107.287578 -8.447166 192.865168
0.155051 -0.274777 -0.948924 -0.135525 0.945543 -0.295942 0.978566 0.174489 0.109368 106.398031 -8.736743 192.964537
0.152941 -0.273205 -0.949720 -0.136886 0.945905 -0.294152 0.978709 0.174992 0.107270 105.489926 -9.029726 193.065206
0.151642 -0.270125 -0.950809 -0.137182 0.946872 -0.290886 0.978870 0.174544 0.106529 104.514185 -9.347971 193.173407
0.148952 -0.270087 -0.951245 -0.136682 0.947118 -0.290318 0.979353 0.173261 0.104159 103.637417 -9.626912 193.274263
0.145348 -0.269975 -0.951834 -0.137283 0.947241 -0.289636 0.979810 0.172768 0.100616 102.860711 -9.876609 193.354972
0.142457 -0.267778 -0.952891 -0.136872 0.948131 -0.286903 0.980292 0.171295 0.098417 102.006368 -10.151743 193.443871
0.141029 -0.266768 -0.953386 -0.137352 0.948426 -0.285698 0.980431 0.171242 0.097114 101.123129 -10.430931 193.532923
0.137883 -0.266027 -0.954053 -0.138107 0.948679 -0.284488 0.980773 0.170988 0.094066 100.265527 -10.700119 193.619502
0.135995 -0.268059 -0.953756 -0.139023 0.948010 -0.286268 0.980907 0.171525 0.091658 99.361181 -10.984034 193.708082
0.134738 -0.270100 -0.953358 -0.139345 0.947406 -0.288107 0.981034 0.171665 0.090015 98.483195 -11.254305 193.791503
0.133248 -0.269716 -0.953676 -0.141181 0.947278 -0.287632 0.980976 0.172967 0.088144 97.565522 -11.540101 193.870507
0.129537 -0.266622 -0.955056 -0.142839 0.948108 -0.284056 0.981232 0.173215 0.084731 96.713437 -11.807290 193.941787
0.126495 -0.261385 -0.956910 -0.142869 0.949801 -0.278330 0.981625 0.171920 0.082802 95.684617 -12.132898 194.031538
0.123690 -0.258131 -0.958159 -0.142938 0.950869 -0.274620 0.981972 0.170925 0.080716 94.698705 -12.431630 194.112440
0.122698 -0.256007 -0.958856 -0.143324 0.951458 -0.272372 0.982040 0.170847 0.080050 93.765690 -12.711611 194.197601
0.121555 -0.255709 -0.959082 -0.143708 0.951532 -0.271910 0.982127 0.170880 0.078916 92.807805 -12.995382 194.280438
0.119917 -0.256305 -0.959129 -0.145101 0.951201 -0.272328 0.982123 0.171827 0.076875 91.870601 -13.274865 194.353028
0.119141 -0.254554 -0.959692 -0.146804 0.951436 -0.270589 0.981964 0.173125 0.075986 90.867839 -13.575232 194.430056
0.118215 -0.251049 -0.960729 -0.148047 0.952243 -0.267049 0.981890 0.173802 0.075403 89.803637 -13.890518 194.511884
0.115496 -0.250563 -0.961186 -0.150373 0.952099 -0.266263 0.981860 0.175289 0.072285 88.809467 -14.179934 194.586040
0.113099 -0.252246 -0.961031 -0.151652 0.951522 -0.267597 0.981942 0.176008 0.069363 87.943304 -14.438244 194.641405
0.110121 -0.250691 -0.961783 -0.153219 0.951820 -0.265637 0.982037 0.176616 0.066405 87.047997 -14.701675 194.699672
0.108413 -0.247299 -0.962855 -0.155011 0.952511 -0.262096 0.981946 0.177668 0.064931 86.024989 -14.997818 194.763950
0.107189 -0.244358 -0.963743 -0.156756 0.953050 -0.259081 0.981804 0.178843 0.063852 85.055475 -15.274390 194.823187
0.106798 -0.240793 -0.964683 -0.159686 0.953483 -0.255676 0.981374 0.181352 0.063379 84.185799 -15.520907 194.874126
0.107469 -0.237464 -0.965433 -0.162769 0.953753 -0.252710 0.980794 0.184301 0.063847 83.314739 -15.766014 194.929807
0.108266 -0.234175 -0.966147 -0.166117 0.953934 -0.249829 0.980145 0.187542 0.064378 82.259739 -16.057387 194.990194
0.107627 -0.233102 -0.966478 -0.169452 0.953599 -0.248866 0.979644 0.190556 0.063133 81.272383 -16.327884 195.046788
0.106945 -0.231004 -0.967057 -0.172411 0.953592 -0.246854 0.979202 0.193131 0.062154 80.328259 -16.589320 195.101724
0.104858 -0.226784 -0.968284 -0.174535 0.954343 -0.242419 0.979052 0.194419 0.060489 79.315059 -16.864954 195.154437
0.102066 -0.222827 -0.969500 -0.176256 0.955119 -0.238078 0.979038 0.195180 0.058210 78.223977 -17.149186 195.209873
0.099751 -0.221020 -0.970155 -0.179504 0.955023 -0.236029 0.978687 0.197691 0.055591 77.250420 -17.404534 195.257203
0.098390 -0.219119 -0.970724 -0.181802 0.955083 -0.234016 0.978400 0.199505 0.054135 76.264589 -17.659722 195.306935
0.097115 -0.214755 -0.971828 -0.183566 0.955827 -0.229563 0.978199 0.200688 0.053403 75.300939 -17.906597 195.354734
0.096601 -0.210298 -0.972853 -0.186396 0.956309 -0.225231 0.977714 0.203094 0.053181 74.305172 -18.157403 195.400440
0.097560 -0.207304 -0.973400 -0.187759 0.956668 -0.222559 0.977358 0.204477 0.054409 73.346844 -18.395625 195.450289
0.100452 -0.205823 -0.973420 -0.188049 0.956807 -0.221716 0.977009 0.205322 0.057409 72.344894 -18.644210 195.506575
0.102762 -0.205647 -0.973216 -0.188928 0.956551 -0.222075 0.976599 0.206688 0.059445 71.422152 -18.868791 195.551463
0.106274 -0.205012 -0.972973 -0.190132 0.956269 -0.222259 0.975990 0.208613 0.062647 70.561858 -19.081276 195.600826
0.109531 -0.204235 -0.972775 -0.190272 0.956257 -0.222191 0.975602 0.209428 0.065880 69.610152 -19.312986 195.662685
0.111945 -0.204653 -0.972412 -0.191769 0.955719 -0.223217 0.975035 0.211467 0.067742 68.738333 -19.525164 195.721061
0.113490 -0.203358 -0.972505 -0.192699 0.955737 -0.222340 0.974673 0.212634 0.069280 67.800754 -19.757712 195.782721
0.113625 -0.201833 -0.972807 -0.193395 0.955925 -0.220920 0.974519 0.213238 0.069583 66.949002 -19.966824 195.833773
0.113005 -0.201559 -0.972936 -0.193483 0.955999 -0.220523 0.974574 0.213167 0.069034 66.178303 -20.151657 195.882752
0.112479 -0.200128 -0.973292 -0.194178 0.956196 -0.219053 0.974496 0.213631 0.068691 65.328573 -20.359714 195.936811
0.111564 -0.198032 -0.973826 -0.195940 0.956323 -0.216920 0.974249 0.215012 0.067889 64.558034 -20.554862 195.985067
0.110102 -0.197912 -0.974017 -0.197387 0.956101 -0.216584 0.974123 0.216105 0.066204 63.866761 -20.726019 196.029225
0.108348 -0.197975 -0.974200 -0.198306 0.955970 -0.216325 0.974133 0.216628 0.064318 63.104287 -20.911986 196.074194
0.106924 -0.198190 -0.974314 -0.199697 0.955682 -0.216316 0.974006 0.217696 0.062607 62.366847 -21.091785 196.117596
0.106923 -0.196672 -0.974622 -0.199884 0.955976 -0.214839 0.973968 0.217782 0.062904 61.550882 -21.292943 196.164948
0.107645 -0.194254 -0.975027 -0.200080 0.956427 -0.212638 0.973848 0.217973 0.064089 60.703997 -21.504236 196.210719
0.107810 -0.191628 -0.975528 -0.200122 0.956979 -0.210101 0.973821 0.217876 0.064823 59.871672 -21.708668 196.259876
0.109261 -0.188918 -0.975895 -0.200305 0.957449 -0.207773 0.973622 0.218179 0.066770 59.034489 -21.911767 196.308822
0.110851 -0.187124 -0.976062 -0.200205 0.957776 -0.206356 0.973463 0.218287 0.068707 58.208380 -22.106791 196.363153
0.113221 -0.185244 -0.976148 -0.200571 0.957978 -0.205059 0.973115 0.219004 0.071308 57.456214 -22.283325 196.414261
0.116473 -0.184566 -0.975894 -0.200749 0.957926 -0.205127 0.972694 0.219801 0.074521 56.806286 -22.437886 196.459971
0.118440 -0.183614 -0.975837 -0.200544 0.958079 -0.204614 0.972499 0.219932 0.076652 56.225083 -22.572922 196.503288
0.119706 -0.182230 -0.975942 -0.200371 0.958348 -0.203521 0.972380 0.219913 0.078206 55.566846 -22.724658 196.553941
0.122715 -0.179363 -0.976099 -0.201325 0.958584 -0.201455 0.971807 0.221235 0.081522 54.830563 -22.900382 196.609169
0.126746 -0.177346 -0.975953 -0.200330 0.959037 -0.200289 0.971495 0.220899 0.086027 54.201526 -23.051270 196.661156
0.130532 -0.177181 -0.975484 -0.198881 0.959223 -0.200840 0.971292 0.220221 0.089972 53.667647 -23.182483 196.704093
0.134261 -0.177898 -0.974847 -0.196905 0.959348 -0.202188 0.971186 0.219098 0.093774 53.159981 -23.309428 196.750700
0.140150 -0.178923 -0.973830 -0.195318 0.959215 -0.204347 0.970675 0.218846 0.099487 52.686412 -23.424647 196.799509
0.150380 -0.179212 -0.972249 -0.193024 0.959184 -0.206659 0.969602 0.218745 0.109650 52.145285 -23.558167 196.863739
0.163384 -0.178475 -0.970285 -0.190808 0.959214 -0.208568 0.967935 0.219215 0.122666 51.501423 -23.709372 196.942749
0.177258 -0.177739 -0.967982 -0.188139 0.959298 -0.210597 0.966014 0.219445 0.136604 50.825970 -23.873573 197.041306
0.193205 -0.176480 -0.965156 -0.184668 0.959569 -0.212426 0.963623 0.219275 0.152803 50.132801 -24.046056 197.152364
0.209367 -0.174739 -0.962098 -0.181262 0.959916 -0.213788 0.960890 0.219152 0.169302 49.478943 -24.211601 197.269383
0.225891 -0.173411 -0.958594 -0.177449 0.960240 -0.215524 0.957854 0.218787 0.186138 48.884802 -24.364124 197.391717
0.242437 -0.172051 -0.954789 -0.172798 0.960755 -0.217002 0.954654 0.217595 0.203192 48.290261 -24.517533 197.527732
0.259871 -0.169639 -0.950626 -0.168394 0.961403 -0.217596 0.950847 0.216627 0.221275 47.650660 -24.683540 197.679905
0.279152 -0.167933 -0.945448 -0.163718 0.961850 -0.219185 0.946187 0.215972 0.241009 47.069285 -24.839619 197.829602
0.302104 -0.168033 -0.938349 -0.158206 0.961854 -0.223177 0.940055 0.215875 0.263996 46.582012 -24.976529 197.976085
0.328620 -0.167878 -0.929422 -0.153073 0.961598 -0.227812 0.931975 0.217133 0.290303 46.120564 -25.115216 198.134270
0.354724 -0.168129 -0.919730 -0.146339 0.961591 -0.232222 0.923448 0.216967 0.316496 45.609206 -25.272418 198.334578
0.380150 -0.168143 -0.909513 -0.138577 0.961884 -0.235746 0.914485 0.215657 0.342360 45.112520 -25.425457 198.550814
0.406362 -0.167653 -0.898199 -0.129298 0.962579 -0.238166 0.904517 0.212918 0.369479 44.595579 -25.582141 198.786824
0.434089 -0.164651 -0.885695 -0.120375 0.963738 -0.238157 0.892791 0.209997 0.398528 44.056148 -25.745541 199.050025
0.463142 -0.160650 -0.871602 -0.112374 0.964853 -0.237550 0.879131 0.207965 0.428812 43.534943 -25.905688 199.327401
0.494343 -0.158698 -0.854658 -0.102772 0.965628 -0.238748 0.863170 0.205858 0.461042 43.051086 -26.057292 199.614095
0.523284 -0.157720 -0.837435 -0.093666 0.966123 -0.240486 0.846995 0.204282 0.490784 42.554407 -26.217423 199.924536
0.555861 -0.158485 -0.816027 -0.083292 0.966099 -0.244368 0.827092 0.203804 0.523816 42.099015 -26.372314 200.239728
0.587967 -0.159271 -0.793049 -0.073762 0.965781 -0.248649 0.805515 0.204694 0.556099 41.619360 -26.538333 200.595994
0.619695 -0.162155 -0.767908 -0.062936 0.965006 -0.254564 0.782315 0.206081 0.587804 41.184196 -26.701936 200.965439
0.653218 -0.165530 -0.738854 -0.048885 0.964555 -0.259313 0.755590 0.205507 0.621973 40.664705 -26.910371 201.426284
0.687421 -0.168625 -0.706412 -0.035360 0.963748 -0.264462 0.725398 0.206776 0.656538 40.112267 -27.146242 201.977402
0.718624 -0.172313 -0.673711 -0.021788 0.962759 -0.269483 0.695057 0.208336 0.688107 39.738542 -27.322477 202.411733
0.748784 -0.173816 -0.639617 -0.008831 0.962301 -0.271843 0.662755 0.209200 0.719021 39.255421 -27.545892 202.960669
0.776079 -0.176518 -0.605428 0.006363 0.962171 -0.272373 0.630604 0.207530 0.747844 38.855572 -27.746743 203.491247
0.801941 -0.176201 -0.570827 0.019208 0.962625 -0.270154 0.597094 0.205683 0.775353 38.496934 -27.935818 204.009222
0.825204 -0.176344 -0.536601 0.032975 0.963435 -0.265905 0.563871 0.201731 0.800846 38.138604 -28.131810 204.589648
0.846348 -0.177489 -0.502188 0.045997 0.963678 -0.263075 0.530640 0.199553 0.823771 37.776297 -28.344359 205.227919
0.866613 -0.177409 -0.466378 0.056543 0.963555 -0.261468 0.495767 0.200221 0.845060 37.462542 -28.541472 205.833732
0.886465 -0.177360 -0.427461 0.068009 0.963546 -0.258754 0.457772 0.200305 0.866212 37.192193 -28.729881 206.436593
0.903673 -0.178103 -0.389429 0.079276 0.963266 -0.256581 0.420821 0.200993 0.884597 37.007885 -28.878467 206.929122
0.918388 -0.180375 -0.352177 0.090911 0.962430 -0.255859 0.385097 0.202961 0.900282 36.816590 -29.050610 207.512274
0.931868 -0.182589 -0.313501 0.102723 0.961553 -0.254685 0.347951 0.205129 0.914796 36.642661 -29.213041 208.083264
0.944007 -0.184793 -0.273316 0.115285 0.960957 -0.251537 0.309127 0.205944 0.928455 36.484048 -29.384116 208.689885
0.954220 -0.184663 -0.235294 0.125446 0.961210 -0.245638 0.271528 0.204876 0.940372 36.355908 -29.542542 209.271874
0.962661 -0.186021 -0.196672 0.136818 0.961215 -0.239472 0.233591 0.203622 0.950775 36.261468 -29.691867 209.832269
0.969964 -0.187949 -0.154420 0.149147 0.961013 -0.232830 0.192160 0.202806 0.960179 36.201305 -29.832364 210.396959
0.975700 -0.187920 -0.112676 0.158975 0.961026 -0.226178 0.150788 0.202769 0.967547 36.174518 -29.949864 210.885191
0.979550 -0.187883 -0.071981 0.167998 0.960640 -0.221240 0.110715 0.204623 0.972559 36.146384 -30.084011 211.442469
0.981590 -0.187927 -0.034115 0.176224 0.959979 -0.217684 0.073658 0.207664 0.975423 36.135634 -30.219229 212.022916
0.981979 -0.188982 -0.001839 0.184279 0.959608 -0.212588 0.041940 0.208418 0.977140 36.141317 -30.353735 212.639270
0.981171 -0.191236 0.027076 0.192641 0.958857 -0.208524 0.013916 0.209814 0.977642 36.166472 -30.468460 213.167671
0.980046 -0.192935 0.047801 0.198664 0.958567 -0.204162 -0.006430 0.209585 0.977769 36.202736 -30.587429 213.695858
0.978677 -0.194635 0.065635 0.204055 0.957834 -0.202276 -0.023498 0.211356 0.977127 36.247115 -30.703867 214.223680
0.977353 -0.196470 0.078613 0.208565 0.957173 -0.200800 -0.035795 0.212648 0.976473 36.299373 -30.825568 214.780163
0.976324 -0.197277 0.088730 0.211456 0.956851 -0.199304 -0.045583 0.213348 0.975912 36.367868 -30.970543 215.442277
0.975520 -0.197655 0.096404 0.213384 0.956779 -0.197588 -0.053183 0.213322 0.975533 36.436500 -31.108552 216.091604
0.974933 -0.198171 0.101159 0.214837 0.956718 -0.196307 -0.057878 0.213119 0.975310 36.510371 -31.247885 216.749330
0.974622 -0.198519 0.103450 0.215704 0.956412 -0.196843 -0.059864 0.214163 0.974962 36.581696 -31.387627 217.372584
0.974313 -0.199337 0.104780 0.216890 0.955825 -0.198386 -0.060606 0.216016 0.974507 36.660520 -31.532834 218.016922
0.974142 -0.200644 0.103870 0.218040 0.955338 -0.199469 -0.059208 0.216959 0.974384 36.744593 -31.692573 218.734182
0.974169 -0.201488 0.101969 0.218452 0.955246 -0.199459 -0.057217 0.216582 0.974586 36.815947 -31.843893 219.397743
0.974451 -0.201353 0.099509 0.217838 0.955187 -0.200411 -0.054697 0.216967 0.974645 36.879493 -31.981755 220.021253
0.974374 -0.202620 0.097670 0.218811 0.954446 -0.202865 -0.052116 0.219038 0.974324 36.952537 -32.125496 220.661783
0.974304 -0.203922 0.095646 0.219799 0.953549 -0.205990 -0.049197 0.221719 0.973869 37.021253 -32.277313 221.351057
0.974512 -0.203428 0.094567 0.219240 0.952955 -0.209308 -0.047539 0.224706 0.973266 37.089216 -32.438112 222.054099
0.974744 -0.202681 0.093778 0.218428 0.952696 -0.211326 -0.046510 0.226473 0.972906 37.168495 -32.623376 222.836703
0.975078 -0.201452 0.092956 0.217016 0.953127 -0.210838 -0.046125 0.225756 0.973091 37.250812 -32.818445 223.673667
0.975268 -0.201167 0.091566 0.216326 0.953746 -0.208740 -0.045340 0.223385 0.973675 37.339266 -33.025094 224.559796
0.975381 -0.201258 0.090148 0.216074 0.953917 -0.208217 -0.044088 0.222570 0.973919 37.411016 -33.204442 225.336325
0.975569 -0.200957 0.088776 0.215512 0.953846 -0.209121 -0.042654 0.223144 0.973852 37.477023 -33.374664 226.033416
0.975592 -0.200871 0.088722 0.215506 0.953393 -0.211186 -0.042166 0.225152 0.973411 37.540365 -33.537564 226.710736
0.975489 -0.201155 0.089205 0.216014 0.952659 -0.213961 -0.041942 0.227986 0.972761 37.606931 -33.710903 227.427443
0.975444 -0.201372 0.089211 0.216243 0.952522 -0.214338 -0.041814 0.228366 0.972677 37.674666 -33.891610 228.157093
0.975402 -0.201865 0.088550 0.216524 0.952714 -0.213197 -0.041326 0.227126 0.972988 37.746288 -34.085899 228.940024
0.975341 -0.202632 0.087464 0.216949 0.953029 -0.211349 -0.040530 0.225112 0.973489 37.816733 -34.267641 229.692936
0.975236 -0.203663 0.086235 0.217666 0.952937 -0.211026 -0.039198 0.224571 0.973669 37.885613 -34.449576 230.474920
0.974966 -0.205386 0.085197 0.219117 0.952597 -0.211060 -0.037810 0.224444 0.973753 37.960807 -34.642178 231.295812
0.975110 -0.205277 0.083799 0.218676 0.952817 -0.210524 -0.036629 0.223609 0.973990 38.022843 -34.810855 232.009320
0.975279 -0.205316 0.081704 0.218189 0.953273 -0.208958 -0.034983 0.221619 0.974505 38.085077 -34.975845 232.735838
0.975313 -0.205933 0.079725 0.218299 0.953593 -0.207380 -0.033319 0.219665 0.975006 38.144570 -35.145996 233.497827
0.975490 -0.205701 0.078147 0.217696 0.953914 -0.206534 -0.032062 0.218484 0.975314 38.200214 -35.303348 234.186278
0.975541 -0.205937 0.076877 0.217664 0.953827 -0.206971 -0.030704 0.218642 0.975322 38.260319 -35.477894 234.942171
0.975832 -0.205240 0.075029 0.216591 0.953967 -0.207448 -0.028999 0.218685 0.975365 38.316966 -35.645202 235.659742
0.976096 -0.204245 0.074299 0.215485 0.954021 -0.208351 -0.028328 0.219381 0.975228 38.368302 -35.809900 236.345225
0.976095 -0.204478 0.073676 0.215654 0.953373 -0.211126 -0.027070 0.221967 0.974678 38.425678 -35.990306 237.109054
0.976014 -0.204775 0.073914 0.216098 0.952452 -0.214796 -0.026415 0.225617 0.973858 38.485591 -36.162567 237.846043
0.975938 -0.205078 0.074077 0.216481 0.951936 -0.216688 -0.026079 0.227511 0.973426 38.538983 -36.320643 238.516225
0.975834 -0.205226 0.075035 0.216827 0.951999 -0.216063 -0.027091 0.227111 0.973492 38.595510 -36.493516 239.207242
0.975851 -0.204756 0.076088 0.216564 0.952406 -0.214531 -0.028540 0.225829 0.973749 38.652009 -36.676105 239.946669
0.975779 -0.204592 0.077438 0.216668 0.952680 -0.213201 -0.030155 0.224816 0.973935 38.712207 -36.862625 240.692658
0.975769 -0.203697 0.079892 0.216328 0.952888 -0.212617 -0.032819 0.224748 0.973864 38.767698 -37.031928 241.385731
0.975643 -0.203806 0.081141 0.216769 0.952448 -0.214133 -0.033641 0.226506 0.973429 38.831475 -37.212545 242.122786
0.975366 -0.204580 0.082517 0.217915 0.951693 -0.216319 -0.034277 0.228972 0.972829 38.896797 -37.378550 242.816690
0.975090 -0.205634 0.083149 0.219134 0.951125 -0.217583 -0.034342 0.230383 0.972494 38.960045 -37.540078 243.495854
0.975081 -0.205821 0.082792 0.219253 0.950965 -0.218158 -0.033831 0.230874 0.972395 39.020318 -37.716354 244.223891
0.975140 -0.206074 0.081454 0.219172 0.951117 -0.217580 -0.032635 0.230023 0.972638 39.076633 -37.883373 244.895777
0.975224 -0.206327 0.079799 0.219029 0.951205 -0.217338 -0.031063 0.229431 0.972829 39.125552 -38.025961 245.457547
0.975463 -0.206259 0.077005 0.218365 0.951017 -0.218822 -0.028099 0.230268 0.972721 39.176231 -38.179307 246.064817
0.975592 -0.206320 0.075175 0.218058 0.950612 -0.220878 -0.025891 0.231879 0.972400 39.229360 -38.332916 246.689701
0.975909 -0.205657 0.072849 0.216911 0.950489 -0.222531 -0.023477 0.232972 0.972200 39.276360 -38.493367 247.327632
0.976229 -0.205067 0.070181 0.215742 0.950461 -0.223782 -0.020814 0.233604 0.972109 39.324817 -38.663072 247.988599
0.976573 -0.204272 0.067656 0.214394 0.950573 -0.224603 -0.018432 0.233846 0.972099 39.364699 -38.819772 248.591600
0.976934 -0.202859 0.066693 0.212802 0.950810 -0.225112 -0.017746 0.234112 0.972048 39.397843 -38.966488 249.167430
0.977013 -0.202073 0.067918 0.212330 0.950852 -0.225379 -0.019037 0.234619 0.971901 39.434132 -39.101257 249.696379
0.976643 -0.202910 0.070686 0.213788 0.950605 -0.225043 -0.021530 0.234899 0.971781 39.479303 -39.247224 250.267068
0.976199 -0.203396 0.075268 0.215312 0.950522 -0.223940 -0.025996 0.234816 0.971692 39.525720 -39.385944 250.818926
0.975485 -0.203986 0.082571 0.217597 0.950102 -0.223511 -0.032858 0.235998 0.971198 39.573022 -39.498726 251.289647
0.974839 -0.202119 0.094005 0.218452 0.950157 -0.222443 -0.044359 0.237382 0.970403 39.624460 -39.614629 251.749594
0.973549 -0.201931 0.106889 0.221280 0.949827 -0.221050 -0.056889 0.238856 0.969387 39.679064 -39.713271 252.160839
0.971223 -0.202860 0.124798 0.226320 0.949293 -0.218223 -0.074201 0.240187 0.967887 39.765478 -39.839554 252.679911
0.968467 -0.203790 0.143325 0.231528 0.948630 -0.215631 -0.092019 0.242015 0.965899 39.853309 -39.960244 253.174279
0.965001 -0.205208 0.163289 0.237697 0.947464 -0.214040 -0.110788 0.245362 0.963080 39.958445 -40.084657 253.683916
0.960009 -0.205773 0.189842 0.244862 0.945874 -0.212989 -0.135739 0.250957 0.958434 40.072282 -40.188336 254.155300
0.953034 -0.207446 0.220662 0.253955 0.944359 -0.209027 -0.165022 0.255249 0.952689 40.210680 -40.299525 254.645296
0.945011 -0.208702 0.251789 0.262197 0.943658 -0.201899 -0.195466 0.256815 0.946488 40.373301 -40.414001 255.153600
0.935620 -0.210536 0.283355 0.270428 0.943405 -0.191977 -0.226900 0.256244 0.939604 40.553850 -40.525175 255.652923
0.923872 -0.213458 0.317642 0.280027 0.942793 -0.180902 -0.260856 0.256079 0.930794 40.761727 -40.624853 256.159084
0.909241 -0.216191 0.355726 0.289861 0.942155 -0.168298 -0.298765 0.256135 0.919312 40.998967 -40.721213 256.686062
0.893816 -0.219002 0.391321 0.298430 0.941835 -0.154549 -0.334713 0.254920 0.907184 41.242398 -40.811926 257.194586
0.877114 -0.222667 0.425548 0.307251 0.941150 -0.140832 -0.369145 0.254276 0.893910 41.510981 -40.894580 257.687489
0.857211 -0.224784 0.463316 0.314885 0.940703 -0.126195 -0.407476 0.254067 0.877162 41.794126 -40.963057 258.140106
0.835715 -0.225457 0.500749 0.322193 0.939709 -0.114623 -0.444716 0.257130 0.857970 42.075011 -41.025168 258.568366
0.811944 -0.223601 0.539212 0.327873 0.938941 -0.104350 -0.482956 0.261519 0.835680 42.359635 -41.072341 258.955914
0.784631 -0.221751 0.578948 0.335418 0.937205 -0.095609 -0.521392 0.269207 0.809740 42.644656 -41.114294 259.317347
0.756734 -0.218635 0.616078 0.340350 0.936381 -0.085751 -0.558135 0.274573 0.783004 42.975211 -41.156930 259.704593
0.724850 -0.217134 0.653793 0.345890 0.935446 -0.072808 -0.595779 0.278915 0.753162 43.336072 -41.191068 260.075967
0.689778 -0.216921 0.690762 0.351303 0.934504 -0.057339 -0.633082 0.282218 0.720806 43.696989 -41.211065 260.411236
0.652864 -0.215486 0.726178 0.356009 0.933490 -0.043064 -0.668600 0.286641 0.686157 44.143873 -41.238346 260.803797
0.615774 -0.211564 0.758988 0.356949 0.933663 -0.029342 -0.702431 0.288988 0.650443 44.582749 -41.254092 261.152398
0.573948 -0.210736 0.791312 0.359555 0.933043 -0.012309 -0.735734 0.291585 0.611289 45.068528 -41.257287 261.491161
0.532674 -0.212194 0.819288 0.361900 0.932197 0.006141 -0.765041 0.293229 0.573349 45.662707 -41.251902 261.890585
0.490931 -0.215799 0.844048 0.365068 0.930629 0.025598 -0.791019 0.295568 0.535656 46.349892 -41.233157 262.298101
0.448682 -0.217393 0.866847 0.366810 0.929293 0.043192 -0.814944 0.298589 0.496699 46.967234 -41.195118 262.616987
0.404641 -0.217093 0.888333 0.366581 0.928455 0.059919 -0.837785 0.301400 0.455273 47.641112 -41.150554 262.929383
0.358955 -0.216661 0.907860 0.363898 0.928198 0.077635 -0.859494 0.302501 0.412024 48.364612 -41.097573 263.241349
0.309316 -0.218506 0.925515 0.360367 0.927589 0.098558 -0.880034 0.303039 0.365661 49.031663 -41.035955 263.495316
0.259992 -0.220341 0.940135 0.356773 0.926643 0.118514 -0.897283 0.304602 0.319531 49.713790 -40.945352 263.707097
0.213427 -0.225026 0.950690 0.355474 0.924296 0.138975 -0.909993 0.308285 0.277261 50.360336 -40.853073 263.880952
0.172507 -0.228175 0.958216 0.354180 0.922106 0.155813 -0.919129 0.312502 0.239885 51.099257 -40.732911 264.034138
0.132013 -0.231251 0.963896 0.349819 0.920709 0.172980 -0.927469 0.314353 0.202442 51.835588 -40.595918 264.167547
0.096824 -0.231020 0.968119 0.345718 0.919932 0.184945 -0.933330 0.316789 0.168940 52.535899 -40.463983 264.274688
0.066453 -0.231554 0.970550 0.341156 0.919350 0.195980 -0.937655 0.318085 0.140090 53.354107 -40.302824 264.382016
0.040244 -0.235320 0.971084 0.336604 0.918258 0.208569 -0.940786 0.318477 0.116164 54.271373 -40.118317 264.481214
0.020894 -0.240965 0.970309 0.331464 0.917300 0.220663 -0.943236 0.317012 0.099037 55.211244 -39.920596 264.567215
-0.001539 -0.244864 0.969556 0.324111 0.917097 0.232130 -0.946018 0.314601 0.077952 56.078938 -39.721999 264.617723
-0.024645 -0.247163 0.968661 0.319199 0.916289 0.241921 -0.947367 0.315157 0.056312 56.847859 -39.539190 264.645058
-0.045592 -0.248454 0.967570 0.313261 0.916166 0.250015 -0.948572 0.314501 0.036061 57.537921 -39.368558 264.656552
-0.066486 -0.249693 0.966040 0.306298 0.916328 0.257924 -0.949611 0.313045 0.015558 58.231998 -39.192412 264.655330
-0.087611 -0.251733 0.963823 0.299881 0.915996 0.266500 -0.949945 0.312381 -0.004761 58.982879 -38.991039 264.643056
-0.105490 -0.255458 0.961048 0.295842 0.914619 0.275590 -0.949394 0.313390 -0.020908 59.807422 -38.764591 264.614801
-0.120821 -0.259904 0.958046 0.291348 0.913328 0.284515 -0.948957 0.313500 -0.034626 60.764316 -38.488996 264.564914
-0.133633 -0.263596 0.955332 0.287228 0.912301 0.291901 -0.948495 0.313406 -0.046202 61.694895 -38.215502 264.512887
-0.145006 -0.266950 0.952739 0.283361 0.911379 0.298488 -0.947987 0.313251 -0.056512 62.496357 -37.976036 264.459412
-0.152594 -0.268269 0.951182 0.281810 0.910684 0.302056 -0.947258 0.314145 -0.063364 63.338257 -37.714988 264.403209
-0.157880 -0.268241 0.950327 0.280885 0.910441 0.303647 -0.946667 0.314872 -0.068396 64.160522 -37.461248 264.340044
-0.160466 -0.270219 0.949332 0.280806 0.909555 0.306362 -0.946255 0.315739 -0.070073 64.976674 -37.204727 264.273835
-0.160770 -0.274585 0.948028 0.279137 0.908659 0.310519 -0.946697 0.314552 -0.069438 65.757991 -36.962800 264.211875
-0.160108 -0.277799 0.947203 0.279181 0.907658 0.313391 -0.946796 0.314617 -0.067767 66.519329 -36.719077 264.150724
-0.160816 -0.280354 0.946330 0.278775 0.906866 0.316036 -0.946796 0.314637 -0.067683 67.300699 -36.466170 264.094368
-0.161888 -0.283446 0.945225 0.277600 0.906098 0.319257 -0.946958 0.314079 -0.068002 68.184965 -36.174122 264.029508
-0.161121 -0.287306 0.944190 0.279445 0.904259 0.322841 -0.946547 0.315866 -0.065409 69.013375 -35.900689 263.963623
-0.158771 -0.291796 0.943211 0.281720 0.902223 0.326538 -0.946269 0.317566 -0.061042 69.909818 -35.607063 263.893171
-0.154666 -0.293676 0.943309 0.285319 0.900839 0.327236 -0.945871 0.319756 -0.055538 70.744940 -35.329567 263.831615
-0.150277 -0.294382 0.943799 0.289729 0.899613 0.326732 -0.945238 0.322546 -0.049900 71.608770 -35.037941 263.776500
-0.146389 -0.294475 0.944381 0.294054 0.898559 0.325768 -0.944512 0.325387 -0.044947 72.449157 -34.752418 263.725956
-0.141667 -0.295498 0.944781 0.299247 0.896970 0.325416 -0.943600 0.328824 -0.038644 73.329165 -34.460820 263.680200
-0.135735 -0.297631 0.944983 0.301961 0.896002 0.325577 -0.943608 0.329539 -0.031746 74.243234 -34.163124 263.646845
-0.131979 -0.298741 0.945164 0.303394 0.895571 0.325430 -0.943681 0.329707 -0.027560 75.186992 -33.850745 263.613541
-0.130434 -0.298907 0.945326 0.304294 0.895385 0.325102 -0.943606 0.330061 -0.025833 76.254343 -33.497203 263.578758
-0.128969 -0.299086 0.945470 0.305152 0.895199 0.324809 -0.943530 0.330403 -0.024186 77.310325 -33.147859 263.550567
-0.124971 -0.301282 0.945310 0.306625 0.894409 0.325596 -0.943591 0.330546 -0.019395 78.333369 -32.812707 263.528429
-0.120411 -0.304118 0.944994 0.308118 0.893459 0.326794 -0.943697 0.330519 -0.013878 79.381024 -32.468117 263.511174
-0.118110 -0.306023 0.944669 0.309232 0.892688 0.327847 -0.943623 0.330844 -0.010803 80.407482 -32.131164 263.496120
-0.116797 -0.306934 0.944537 0.310158 0.892207 0.328282 -0.943483 0.331297 -0.009009 81.369283 -31.809025 263.476552
-0.114912 -0.307662 0.944531 0.311380 0.891755 0.328353 -0.943312 0.331840 -0.006674 82.387122 -31.462775 263.464377
-0.114369 -0.308807 0.944223 0.312856 0.890902 0.329263 -0.942890 0.333063 -0.005279 83.441616 -31.108988 263.452432
-0.113694 -0.311622 0.943380 0.314381 0.889461 0.331700 -0.942464 0.334292 -0.003158 84.423092 -30.778643 263.446054
-0.113429 -0.314081 0.942596 0.316188 0.887983 0.333933 -0.941891 0.335915 -0.001414 85.364800 -30.463582 263.439698
-0.113043 -0.316374 0.941875 0.317304 0.886818 0.335963 -0.941562 0.336839 0.000138 86.324694 -30.143705 263.435557
-0.112849 -0.317945 0.941369 0.317878 0.886076 0.337377 -0.941392 0.337314 0.001075 87.246475 -29.824417 263.424435
-0.113394 -0.319826 0.940666 0.318418 0.885136 0.339330 -0.941144 0.338003 0.001469 88.311156 -29.453072 263.423655
-0.113454 -0.321757 0.940000 0.319955 0.883876 0.341163 -0.940615 0.339464 0.002669 89.485814 -29.039957 263.417009
-0.113723 -0.322938 0.939563 0.320131 0.883348 0.342364 -0.940523 0.339718 0.002926 90.548936 -28.668452 263.409822
-0.115529 -0.324783 0.938706 0.319075 0.882815 0.344715 -0.940661 0.339343 0.001639 91.656063 -28.280532 263.404828
-0.116709 -0.327035 0.937778 0.318540 0.882021 0.347234 -0.940697 0.339245 0.001233 92.737549 -27.899683 263.397969
-0.118104 -0.330528 0.936378 0.318561 0.880525 0.350992 -0.940516 0.339747 0.001299 93.835560 -27.501784 263.383637
-0.117983 -0.334397 0.935018 0.319539 0.878729 0.354586 -0.940199 0.340610 0.003178 94.905449 -27.116488 263.371484
-0.116749 -0.338773 0.933597 0.320090 0.877030 0.358275 -0.940166 0.340663 0.006045 95.916419 -26.744758 263.368256
-0.115795 -0.342603 0.932317 0.320786 0.875433 0.361542 -0.940047 0.340939 0.008531 96.911636 -26.377074 263.364555
-0.115339 -0.345431 0.931329 0.322811 0.873661 0.364019 -0.939409 0.342629 0.010741 97.818987 -26.038015 263.358853
-0.116400 -0.345476 0.931181 0.325422 0.872534 0.364396 -0.938377 0.345442 0.010862 98.785264 -25.674374 263.353699
-0.118825 -0.343320 0.931671 0.328024 0.872062 0.363191 -0.937166 0.348767 0.008995 99.726770 -25.309475 263.352483
-0.122329 -0.341865 0.931753 0.327371 0.872364 0.363055 -0.936944 0.349441 0.005201 100.637654 -24.961593 263.348951
-0.124250 -0.342006 0.931447 0.326676 0.872289 0.363862 -0.936934 0.349491 0.003343 101.403446 -24.666861 263.343937
-0.125680 -0.343183 0.930822 0.326030 0.871860 0.365465 -0.936968 0.349407 0.002313 102.316318 -24.314980 263.344437
-0.127914 -0.345601 0.929623 0.323447 0.871539 0.368513 -0.937561 0.347822 0.000302 103.220262 -23.968243 263.340962
-0.130563 -0.349002 0.927982 0.321463 0.870525 0.372622 -0.937878 0.346963 -0.001467 104.159762 -23.605748 263.329075
-0.132214 -0.352589 0.926391 0.321315 0.868884 0.376560 -0.937697 0.347449 -0.001587 105.009187 -23.262741 263.317263
-0.133640 -0.356207 0.924801 0.322528 0.866738 0.380450 -0.937079 0.349117 -0.000944 105.802192 -22.942057 263.308690
-0.135687 -0.358082 0.923778 0.323852 0.865152 0.382925 -0.936328 0.351125 -0.001424 106.593665 -22.617581 263.298107
-0.138118 -0.358946 0.923082 0.323904 0.864394 0.384590 -0.935954 0.352109 -0.003124 107.421466 -22.278455 263.297572
-0.139294 -0.360133 0.922443 0.324840 0.863360 0.386119 -0.935455 0.353431 -0.003276 108.255823 -21.930602 263.294279
-0.139229 -0.361849 0.921781 0.327094 0.861796 0.387707 -0.934679 0.355489 -0.001628 109.196132 -21.538702 263.287652
-0.138113 -0.365185 0.920633 0.330463 0.859281 0.390424 -0.933659 0.358157 0.002002 110.078999 -21.168133 263.282023
-0.136773 -0.368058 0.919688 0.331383 0.857924 0.392622 -0.933530 0.358469 0.004627 110.993777 -20.790395 263.285709
-0.136342 -0.370932 0.918597 0.332588 0.856300 0.395140 -0.933165 0.359388 0.006618 111.810795 -20.446012 263.288263
-0.136755 -0.373461 0.917510 0.334240 0.854501 0.397633 -0.932513 0.361047 0.007968 112.618561 -20.101967 263.284183
-0.137315 -0.374959 0.916815 0.335847 0.853132 0.399215 -0.931854 0.362728 0.008781 113.372070 -19.777430 263.284620
-0.137969 -0.374449 0.916926 0.337097 0.852755 0.398966 -0.931306 0.364138 0.008572 114.128174 -19.454748 263.282098
-0.139414 -0.373783 0.916979 0.339274 0.851944 0.398855 -0.930299 0.366713 0.008042 114.996906 -19.079013 263.286356
-0.140963 -0.375830 0.915904 0.339942 0.850519 0.401319 -0.929822 0.367926 0.007869 115.861993 -18.707004 263.290084
-0.141031 -0.379748 0.914276 0.342033 0.847951 0.404960 -0.929044 0.369825 0.010299 116.579737 -18.395302 263.294300
-0.140724 -0.380235 0.914121 0.345090 0.846567 0.405261 -0.927960 0.372484 0.012083 117.392999 -18.046141 263.301613
-0.139588 -0.374437 0.916685 0.349047 0.847721 0.399419 -0.926651 0.375720 0.012365 118.098386 -17.747564 263.303295
-0.139268 -0.366603 0.919895 0.352075 0.849921 0.392018 -0.925553 0.378467 0.010705 118.864918 -17.417728 263.308946
-0.140033 -0.361006 0.921990 0.353851 0.851427 0.387120 -0.924760 0.380457 0.008514 119.736022 -17.051937 263.310213
-0.140511 -0.363528 0.920926 0.356576 0.849155 0.389602 -0.923639 0.383124 0.010310 120.668934 -16.666557 263.311285
-0.138966 -0.369422 0.918812 0.360007 0.845489 0.394390 -0.922542 0.385586 0.015500 121.476145 -16.329168 263.315119
-0.136253 -0.373709 0.917484 0.363825 0.842530 0.397209 -0.921448 0.387924 0.021168 122.359534 -15.956201 263.331177
-0.134744 -0.377274 0.916247 0.366409 0.840166 0.399832 -0.920646 0.389596 0.025029 123.187147 -15.602322 263.349573
-0.133033 -0.379619 0.915528 0.367587 0.838959 0.401283 -0.920425 0.389920 0.027933 124.055266 -15.236145 263.368399
-0.133066 -0.382012 0.914527 0.367919 0.837759 0.403478 -0.920287 0.390162 0.029072 124.999487 -14.833991 263.389249
-0.132916 -0.383814 0.913794 0.367792 0.837044 0.405075 -0.920360 0.389928 0.029907 125.884540 -14.458923 263.412073
-0.134473 -0.384247 0.913384 0.367503 0.836682 0.406085 -0.920249 0.390279 0.028701 126.687383 -14.108940 263.426817
-0.136804 -0.385103 0.912678 0.368315 0.835514 0.407751 -0.919581 0.391935 0.027538 127.491864 -13.754222 263.432243
-0.139847 -0.386463 0.911641 0.368512 0.834237 0.410181 -0.919044 0.393313 0.025751 128.383890 -13.358159 263.441326
-0.142308 -0.389331 0.910038 0.368092 0.832643 0.413780 -0.918834 0.393862 0.024817 129.260991 -12.972151 263.458638
-0.144882 -0.392356 0.908332 0.366963 0.831240 0.417587 -0.918884 0.393825 0.023548 130.037599 -12.627524 263.469199
-0.147485 -0.393916 0.907237 0.366220 0.830323 0.420055 -0.918766 0.394200 0.021800 130.879777 -12.248755 263.481050
-0.149924 -0.395867 0.905987 0.365073 0.829422 0.422825 -0.918828 0.394143 0.020170 131.738636 -11.860434 263.497713
-0.151199 -0.398047 0.904819 0.365467 0.827975 0.425312 -0.918462 0.394989 0.020284 132.527805 -11.501343 263.511538
-0.152406 -0.399156 0.904128 0.368040 0.826096 0.426746 -0.917234 0.397794 0.021003 133.252952 -11.173943 263.522579
-0.152489 -0.398055 0.904599 0.370795 0.825399 0.425709 -0.916110 0.400337 0.021733 134.112612 -10.781535 263.539323
-0.152716 -0.397643 0.904742 0.371657 0.825168 0.425403 -0.915723 0.401220 0.021771 134.977514 -10.387711 263.554740
-0.152499 -0.396474 0.905291 0.371696 0.825744 0.424250 -0.915743 0.401191 0.021443 135.749889 -10.029779 263.573053
-0.153230 -0.397062 0.904910 0.371914 0.825223 0.425074 -0.915533 0.401683 0.021224 136.519636 -9.680251 263.587673
-0.154153 -0.398194 0.904256 0.371161 0.824830 0.426492 -0.915684 0.401369 0.020644 137.269614 -9.334237 263.602689
-0.153683 -0.399762 0.903644 0.371262 0.824142 0.427732 -0.915722 0.401223 0.021760 138.055002 -8.975759 263.624309
-0.153777 -0.402490 0.902416 0.370781 0.823037 0.430269 -0.915901 0.400764 0.022671 138.795178 -8.628604 263.640834
-0.154137 -0.404147 0.901614 0.369619 0.822677 0.431953 -0.916310 0.399834 0.022576 139.576100 -8.261679 263.659684
-0.155957 -0.404859 0.900981 0.368870 0.822282 0.433345 -0.916304 0.399928 0.021100 140.326031 -7.914568 263.672323
-0.157785 -0.406950 0.899720 0.367530 0.821472 0.436012 -0.916529 0.399470 0.019950 141.170441 -7.522727 263.688726
-0.159678 -0.409749 0.898114 0.367147 0.819874 0.439329 -0.916355 0.399891 0.019522 141.992216 -7.129059 263.699099
-0.161479 -0.412159 0.896688 0.367680 0.818070 0.442235 -0.915825 0.401106 0.019442 142.712160 -6.784845 263.709531
-0.163146 -0.412772 0.896104 0.367910 0.817306 0.443457 -0.915438 0.402033 0.018523 143.474343 -6.424867 263.713266
-0.165100 -0.410779 0.896662 0.366538 0.818468 0.442447 -0.915637 0.401709 0.015437 144.305639 -6.025881 263.726678
-0.168762 -0.408726 0.896919 0.364232 0.819700 0.442070 -0.915890 0.401291 0.010537 144.978997 -5.706212 263.730379
-0.172850 -0.409727 0.895682 0.361513 0.819510 0.444647 -0.916205 0.400658 0.006469 145.608500 -5.404088 263.730315
-0.178494 -0.411111 0.893939 0.359796 0.818338 0.448184 -0.915798 0.401634 0.001847 146.236388 -5.096841 263.723656
-0.183677 -0.413231 0.891910 0.358634 0.816632 0.452210 -0.915229 0.402930 -0.001797 146.908777 -4.763405 263.708986
-0.188124 -0.414715 0.890293 0.357211 0.815505 0.455358 -0.914882 0.403686 -0.005276 147.563837 -4.438847 263.701433
-0.194969 -0.416034 0.888202 0.356504 0.813581 0.459338 -0.913724 0.406204 -0.010305 148.238323 -4.092817 263.685286
-0.201022 -0.417767 0.886036 0.354104 0.812346 0.463361 -0.913346 0.406895 -0.015366 148.947749 -3.731171 263.662758
-0.205151 -0.420013 0.884026 0.353432 0.810497 0.467097 -0.912688 0.408269 -0.017829 149.750213 -3.320276 263.640791
-0.208040 -0.423136 0.881859 0.352685 0.808485 0.471132 -0.912323 0.409032 -0.018964 150.488112 -2.938665 263.615898
-0.208960 -0.424822 0.880830 0.353060 0.807193 0.473063 -0.911967 0.409838 -0.018683 151.126701 -2.604579 263.592473
-0.212807 -0.424054 0.880279 0.353741 0.806365 0.473964 -0.910813 0.412254 -0.021595 151.817183 -2.235241 263.564278
-0.217742 -0.420862 0.880604 0.354631 0.806470 0.473120 -0.909299 0.415308 -0.026352 152.467799 -1.883965 263.540910
-0.220627 -0.418208 0.881150 0.355541 0.806769 0.471927 -0.908248 0.417405 -0.029305 153.183668 -1.509002 263.516563
-0.222328 -0.417541 0.881039 0.355582 0.806687 0.472035 -0.907817 0.418228 -0.030879 153.963194 -1.097835 263.492362
-0.224665 -0.419402 0.879561 0.355097 0.805331 0.474708 -0.907431 0.418980 -0.032001 154.685113 -0.716725 263.463449
-0.225975 -0.422875 0.877560 0.356534 0.802453 0.478491 -0.906542 0.421007 -0.030565 155.497696 -0.276616 263.423363
-0.227835 -0.425852 0.875638 0.358618 0.799374 0.482072 -0.905254 0.423852 -0.029407 156.327698 0.172482 263.385010
-0.228589 -0.428931 0.873937 0.360647 0.796523 0.485267 -0.904257 0.426110 -0.027384 157.107417 0.596599 263.350467
-0.230021 -0.430632 0.872724 0.363182 0.793999 0.487509 -0.902878 0.429095 -0.026239 157.924864 1.039676 263.314247
-0.232135 -0.430202 0.872376 0.365026 0.792795 0.488090 -0.901593 0.431743 -0.027001 158.746640 1.494634 263.276693
-0.233831 -0.428587 0.872718 0.366117 0.792719 0.487396 -0.900712 0.433485 -0.028449 159.593988 1.964909 263.244036
-0.236035 -0.426062 0.873361 0.367933 0.792656 0.486129 -0.899396 0.436082 -0.030332 160.419657 2.414350 263.214302
-0.237719 -0.425907 0.872980 0.369596 0.791478 0.486788 -0.898270 0.438368 -0.030736 161.222711 2.852826 263.179881
-0.239171 -0.425750 0.872659 0.371355 0.790307 0.487350 -0.897158 0.440626 -0.030914 162.035508 3.295620 263.143542
-0.239627 -0.426132 0.872348 0.372838 0.789238 0.487950 -0.896421 0.442170 -0.030245 162.901944 3.777054 263.111299
-0.240521 -0.427791 0.871289 0.373637 0.787666 0.489876 -0.895849 0.443371 -0.029612 163.860711 4.305159 263.071039
-0.241390 -0.429877 0.870021 0.374432 0.785852 0.492176 -0.895283 0.444570 -0.028737 164.838137 4.845394 263.029790
-0.242151 -0.430731 0.869387 0.375259 0.784742 0.493316 -0.894731 0.445702 -0.028391 165.771889 5.362375 262.995279
-0.241713 -0.430653 0.869548 0.376136 0.784473 0.493076 -0.894481 0.446251 -0.027633 166.749450 5.905959 262.965307
-0.241208 -0.431809 0.869114 0.376139 0.783958 0.493892 -0.894616 0.446039 -0.026677 167.745395 6.455476 262.933800
-0.238390 -0.433791 0.868905 0.377870 0.782767 0.494459 -0.894642 0.446208 -0.022687 168.711553 6.987562 262.904371
-0.235675 -0.434763 0.869160 0.380731 0.781557 0.494179 -0.894149 0.447381 -0.018666 169.559928 7.456721 262.878357
-0.233039 -0.432489 0.871003 0.383191 0.782359 0.490997 -0.893788 0.448182 -0.016594 170.464008 7.962705 262.856201
-0.231408 -0.426116 0.874572 0.384835 0.785554 0.484569 -0.893506 0.448699 -0.017799 171.238948 8.382528 262.847293
-0.231269 -0.420482 0.877331 0.384836 0.788692 0.479444 -0.893541 0.448509 -0.020583 172.019196 8.808572 262.838778
-0.231809 -0.422551 0.876194 0.383837 0.787911 0.481525 -0.893831 0.447937 -0.020454 172.859493 9.266712 262.814430
-0.232157 -0.427680 0.873609 0.383428 0.785182 0.486284 -0.893916 0.447861 -0.018301 173.735472 9.742554 262.791525
-0.232169 -0.432400 0.871279 0.384754 0.781871 0.490554 -0.893343 0.449119 -0.015158 174.591940 10.207972 262.770479
-0.231881 -0.437413 0.868850 0.385070 0.778955 0.494925 -0.893282 0.449332 -0.012190 175.427285 10.664866 262.754915
-0.232158 -0.440634 0.867147 0.385573 0.776780 0.497943 -0.892993 0.449950 -0.010439 176.291338 11.138255 262.740741
-0.233583 -0.441434 0.866357 0.387174 0.775096 0.499322 -0.891928 0.452064 -0.010138 177.147188 11.620611 262.719660
-0.235720 -0.439948 0.866534 0.386791 0.775522 0.498957 -0.891532 0.452782 -0.012639 178.047181 12.134489 262.703086
-0.237166 -0.440538 0.865840 0.384343 0.776000 0.500105 -0.892206 0.451388 -0.014723 178.975241 12.661079 262.691284
-0.236737 -0.442984 0.864708 0.382166 0.775807 0.502069 -0.893255 0.449321 -0.014368 179.909653 13.191689 262.676268
-0.236747 -0.445196 0.863569 0.381253 0.774975 0.504044 -0.893642 0.448569 -0.013741 180.730279 13.665087 262.658929
-0.236647 -0.444862 0.863768 0.381604 0.775023 0.503704 -0.893519 0.448818 -0.013645 181.504647 14.109122 262.634818
-0.236581 -0.443759 0.864354 0.382193 0.775389 0.502694 -0.893285 0.449277 -0.013840 182.297080 14.570550 262.615899
-0.235921 -0.445191 0.863798 0.381992 0.774849 0.503678 -0.893545 0.448792 -0.012743 183.162774 15.069552 262.603614
-0.232742 -0.449948 0.862194 0.383330 0.772327 0.506527 -0.893806 0.448395 -0.007274 184.000554 15.555129 262.593805
-0.230779 -0.453756 0.860724 0.386892 0.768872 0.509068 -0.892780 0.450489 -0.001885 184.759664 15.999675 262.580070
-0.229145 -0.456623 0.859644 0.389011 0.766591 0.510890 -0.892280 0.451479 0.001971 185.613488 16.495650 262.578507
-0.230203 -0.457604 0.858839 0.389642 0.765369 0.512241 -0.891732 0.452559 0.002112 186.544360 17.046048 262.576427
-0.230567 -0.459572 0.857690 0.389551 0.764127 0.514158 -0.891677 0.452662 0.002844 187.425608 17.561170 262.572365
-0.228035 -0.462835 0.856612 0.390914 0.762247 0.515912 -0.891732 0.452508 0.007109 188.378811 18.122014 262.564187
-0.226226 -0.466222 0.855254 0.393495 0.759444 0.518079 -0.891057 0.453741 0.011650 189.302282 18.666458 262.562004
-0.225510 -0.468949 0.853951 0.394471 0.757513 0.520161 -0.890807 0.454160 0.014160 190.209386 19.201078 262.568903
-0.226321 -0.468399 0.854038 0.395069 0.757290 0.520031 -0.890336 0.455098 0.013659 191.064987 19.705689 262.575262
-0.226824 -0.467542 0.854374 0.396107 0.757124 0.519484 -0.889747 0.456255 0.013463 191.971327 20.238356 262.580190
-0.229173 -0.465322 0.854959 0.397346 0.757101 0.518570 -0.888592 0.458556 0.011387 192.985479 20.839490 262.580428
-0.231278 -0.465014 0.854559 0.397387 0.756606 0.519261 -0.888028 0.459684 0.009804 193.966861 21.417755 262.581389
-0.232132 -0.466271 0.853643 0.398198 0.755150 0.520756 -0.887442 0.460803 0.010374 194.985994 22.024787 262.583822
-0.231581 -0.469562 0.851987 0.399081 0.752852 0.523400 -0.887189 0.461222 0.013047 195.991673 22.623538 262.589766
-0.230454 -0.472640 0.850589 0.400591 0.750531 0.525575 -0.886802 0.461860 0.016372 196.966105 23.198525 262.596843
-0.230506 -0.476524 0.848406 0.399979 0.748423 0.529038 -0.887065 0.461291 0.018083 197.894686 23.762724 262.608261
-0.230602 -0.478611 0.847204 0.400036 0.747057 0.530922 -0.887014 0.461343 0.019189 198.844144 24.343535 262.623458
-0.232095 -0.480457 0.845750 0.399905 0.745476 0.533237 -0.886684 0.461981 0.019116 199.832175 24.956603 262.641583
-0.234535 -0.482231 0.844065 0.401087 0.742929 0.535897 -0.885507 0.464230 0.019173 200.736626 25.526180 262.656721
-0.237785 -0.484729 0.841722 0.400070 0.740781 0.539618 -0.885100 0.465061 0.017778 201.604400 26.069952 262.666187
-0.241248 -0.486306 0.839825 0.398354 0.739497 0.542641 -0.884937 0.465458 0.015320 202.521280 26.653428 262.674621
-0.242937 -0.486930 0.838976 0.397548 0.738941 0.543987 -0.884837 0.465688 0.014062 203.502231 27.280453 262.677781
-0.244561 -0.486613 0.838688 0.396928 0.738919 0.544470 -0.884669 0.466054 0.012440 204.402906 27.860003 262.684958
-0.246611 -0.486988 0.837870 0.395608 0.738668 0.545769 -0.884691 0.466061 0.010492 205.312144 28.441016 262.685227
-0.249340 -0.487932 0.836512 0.394279 0.737812 0.547884 -0.884519 0.466429 0.008415 206.181636 28.988489 262.678621
-0.252341 -0.489171 0.834887 0.393460 0.736389 0.550382 -0.884032 0.467378 0.006648 207.077201 29.560444 262.667270
-0.256655 -0.491101 0.832435 0.390793 0.735010 0.554112 -0.883974 0.467525 0.003275 208.016633 30.169577 262.653092
-0.259770 -0.494196 0.829633 0.389209 0.732674 0.558306 -0.883763 0.467931 0.002019 208.941698 30.770834 262.644031
-0.263880 -0.497816 0.826164 0.387393 0.729708 0.563430 -0.883343 0.468728 0.000296 209.859169 31.376424 262.631392
-0.267199 -0.500822 0.823275 0.386287 0.727025 0.567642 -0.882829 0.469694 -0.000800 210.766569 31.988394 262.618513
-0.272649 -0.503308 0.819965 0.383278 0.724889 0.572393 -0.882474 0.470337 -0.004733 211.653820 32.597336 262.604669
-0.279236 -0.505647 0.816301 0.379864 0.722596 0.577545 -0.881890 0.471355 -0.009698 212.567374 33.229689 262.588181
-0.284028 -0.508006 0.813177 0.376460 0.720915 0.581859 -0.881820 0.471393 -0.013516 213.393815 33.811002 262.565236
-0.287681 -0.508162 0.811795 0.375167 0.720092 0.583709 -0.881186 0.472481 -0.016511 214.062951 34.293837 262.549315
-0.292819 -0.508431 0.809787 0.372034 0.719590 0.586328 -0.880822 0.472956 -0.021557 214.721542 34.769028 262.527538
-0.299322 -0.510412 0.806155 0.368924 0.717271 0.591115 -0.879944 0.474344 -0.026392 215.446551 35.299275 262.488291
-0.306825 -0.512350 0.802095 0.367619 0.713546 0.596413 -0.877904 0.477860 -0.030585 216.158176 35.825975 262.443117
-0.313924 -0.511890 0.799637 0.365297 0.712263 0.599367 -0.876362 0.480261 -0.036604 216.790917 36.297789 262.399827
-0.319079 -0.512173 0.797413 0.362016 0.711723 0.601993 -0.875861 0.480760 -0.041681 217.465454 36.808401 262.354838
-0.324352 -0.514801 0.793584 0.359382 0.708972 0.606798 -0.875009 0.482016 -0.044947 218.238935 37.389368 262.297479
-0.329691 -0.515843 0.790702 0.357911 0.706717 0.610287 -0.873615 0.484207 -0.048372 218.963728 37.942538 262.235610
-0.332761 -0.515564 0.789597 0.358951 0.705034 0.611622 -0.872023 0.486951 -0.049545 219.584459 38.420700 262.181990
-0.334102 -0.514532 0.789704 0.359192 0.705117 0.611384 -0.871411 0.487920 -0.050765 220.095477 38.814989 262.139363
-0.334282 -0.512609 0.790878 0.360295 0.705907 0.609822 -0.870886 0.488802 -0.051282 220.680176 39.254866 262.100088
-0.331681 -0.512019 0.792353 0.362395 0.706305 0.608114 -0.871009 0.488845 -0.048715 221.327814 39.736850 262.060933
-0.327034 -0.513702 0.793196 0.366254 0.704849 0.607491 -0.871153 0.489181 -0.042364 222.075361 40.297156 262.018284
-0.322308 -0.518330 0.792118 0.369849 0.701314 0.609401 -0.871395 0.489379 -0.034335 222.928191 40.930595 261.974250
-0.317959 -0.523737 0.790318 0.372500 0.697538 0.612115 -0.871864 0.489021 -0.026697 223.710432 41.511276 261.944385
-0.314972 -0.526347 0.789779 0.374292 0.695807 0.612991 -0.872180 0.488684 -0.022152 224.474524 42.079162 261.917373
-0.311962 -0.525979 0.791218 0.376587 0.696112 0.611237 -0.872274 0.488645 -0.019083 225.282544 42.680257 261.897798
-0.308522 -0.523383 0.794282 0.379321 0.698057 0.607316 -0.872313 0.488658 -0.016836 226.035618 43.250791 261.874948
-0.305154 -0.523302 0.795635 0.382141 0.697978 0.605636 -0.872266 0.488858 -0.013016 226.891199 43.896446 261.858193
-0.302004 -0.526241 0.794899 0.383768 0.696172 0.606686 -0.872649 0.488278 -0.008292 227.786252 44.564074 261.843475
-0.296548 -0.532331 0.792895 0.386358 0.692395 0.609358 -0.873376 0.487046 0.000342 228.520409 45.106485 261.841387
-0.289331 -0.537533 0.792052 0.392876 0.687853 0.610333 -0.872889 0.487767 0.012166 229.239612 45.635927 261.846051
-0.284363 -0.540662 0.791721 0.397261 0.685131 0.610556 -0.872537 0.488140 0.019958 230.009859 46.207122 261.852776
-0.278347 -0.542684 0.792475 0.402416 0.683281 0.609252 -0.872115 0.488488 0.028196 230.788994 46.780007 261.877393
-0.276094 -0.542026 0.793712 0.405581 0.682979 0.607489 -0.871364 0.489639 0.031269 231.624068 47.396495 261.901282
-0.277367 -0.539509 0.794983 0.405885 0.684184 0.605928 -0.870818 0.490736 0.029208 232.462103 48.030349 261.922237
-0.277411 -0.539275 0.795126 0.405445 0.684592 0.605763 -0.871010 0.490425 0.028733 233.329427 48.671437 261.952854
-0.278118 -0.543999 0.791653 0.405106 0.680857 0.610183 -0.870942 0.490406 0.031019 234.211121 49.327199 261.983303
-0.277759 -0.551638 0.786477 0.405380 0.674922 0.616560 -0.870929 0.490077 0.036158 235.122739 50.018169 262.012968
-0.278064 -0.557376 0.782312 0.404971 0.670488 0.621647 -0.871022 0.489672 0.039283 236.016480 50.705202 262.039131
-0.279296 -0.558795 0.780860 0.405039 0.668767 0.623453 -0.870596 0.490406 0.039550 236.848579 51.353062 262.063439
-0.282416 -0.556644 0.781273 0.405735 0.668683 0.623091 -0.869264 0.492961 0.037004 237.665322 51.999229 262.079927
-0.285498 -0.552019 0.783432 0.405155 0.671296 0.620653 -0.868528 0.494607 0.032000 238.486016 52.638943 262.102782
-0.285938 -0.549982 0.784703 0.404275 0.673210 0.619152 -0.868793 0.494276 0.029847 239.331143 53.289027 262.131009
-0.288607 -0.549871 0.783804 0.401943 0.673425 0.620436 -0.868993 0.494106 0.026661 240.247534 53.995245 262.152786
-0.293277 -0.552398 0.780286 0.398183 0.671436 0.624999 -0.869160 0.493995 0.023039 241.164677 54.715719 262.173659
-0.296164 -0.555003 0.777341 0.395765 0.669392 0.628716 -0.869285 0.493848 0.021401 242.054364 55.412566 262.187139
-0.298627 -0.559766 0.772971 0.392418 0.666273 0.634104 -0.869960 0.492688 0.020695 243.024584 56.183024 262.202889
-0.300582 -0.565340 0.768142 0.389664 0.662309 0.639929 -0.870525 0.491667 0.021214 243.883480 56.879286 262.215828
-0.302387 -0.569063 0.764676 0.389672 0.658331 0.644016 -0.869895 0.492714 0.022678 244.716148 57.555442 262.224504
-0.303835 -0.570113 0.763319 0.391264 0.655846 0.645583 -0.868675 0.494810 0.023796 245.457046 58.160991 262.233617
-0.305670 -0.566894 0.764982 0.392691 0.656862 0.643681 -0.867387 0.497156 0.021831 246.203887 58.780619 262.244616
-0.306228 -0.564510 0.766520 0.395348 0.657065 0.641845 -0.865982 0.499593 0.021966 247.003448 59.442540 262.258090
-0.305223 -0.562813 0.768167 0.396974 0.658029 0.639851 -0.865592 0.500240 0.022576 247.747692 60.044703 262.276130
-0.305245 -0.564548 0.766884 0.397648 0.656181 0.641329 -0.865276 0.500712 0.024195 248.510157 60.672012 262.295141
-0.304030 -0.568122 0.764724 0.398916 0.653038 0.643745 -0.865120 0.500778 0.028090 249.344645 61.352925 262.309873
-0.302682 -0.569568 0.764183 0.400919 0.651317 0.644244 -0.864666 0.501377 0.031209 250.193862 62.056825 262.325118
-0.302102 -0.570529 0.763696 0.401112 0.650678 0.644769 -0.864779 0.501114 0.032275 251.066615 62.769966 262.348212
-0.300788 -0.572013 0.763105 0.402774 0.649105 0.645319 -0.864465 0.501462 0.035149 251.904234 63.461324 262.375425
-0.300345 -0.572904 0.762610 0.404512 0.647558 0.645785 -0.863807 0.502443 0.037255 252.686657 64.103240 262.398712
-0.300147 -0.573314 0.762380 0.404862 0.647105 0.646020 -0.863712 0.502559 0.037887 253.571769 64.840572 262.435966
-0.298036 -0.574673 0.762185 0.405594 0.646568 0.646099 -0.864100 0.501698 0.040384 254.433475 65.550239 262.473113
-0.295382 -0.578914 0.760005 0.406841 0.643547 0.648327 -0.864425 0.500705 0.045434 255.239674 66.219166 262.508011
-0.292724 -0.583684 0.757381 0.406772 0.640817 0.651068 -0.865361 0.498665 0.049844 256.034281 66.878667 262.548721
-0.290537 -0.585652 0.756704 0.407864 0.639579 0.651603 -0.865584 0.497947 0.053045 256.875350 67.581552 262.598214
-0.288333 -0.585645 0.757551 0.409790 0.639567 0.650405 -0.865411 0.497970 0.055583 257.562870 68.151894 262.641965
-0.287883 -0.584614 0.758518 0.410176 0.640451 0.649291 -0.865378 0.498046 0.055419 258.225249 68.703896 262.681077
-0.286633 -0.584603 0.759000 0.409133 0.641673 0.648742 -0.866286 0.496483 0.055256 258.873718 69.238593 262.726179
-0.284782 -0.586809 0.757994 0.407877 0.641408 0.649794 -0.867488 0.494218 0.056685 259.579481 69.821599 262.780486
-0.284890 -0.592268 0.753695 0.404610 0.638499 0.654683 -0.868981 0.491465 0.057736 260.335268 70.456528 262.834426
-0.285248 -0.596961 0.749847 0.403322 0.634949 0.658917 -0.869462 0.490385 0.059650 261.078635 71.090065 262.885488
-0.286502 -0.600560 0.746488 0.402263 0.631743 0.662635 -0.869541 0.490131 0.060588 261.759751 71.673357 262.925979
-0.287279 -0.602419 0.744689 0.401726 0.630001 0.664616 -0.869532 0.490091 0.061022 262.399556 72.216870 262.959180
-0.287530 -0.602754 0.744321 0.401155 0.629898 0.665059 -0.869713 0.489813 0.060684 262.991699 72.722358 262.995495
-0.287836 -0.602411 0.744480 0.401091 0.630086 0.664919 -0.869642 0.489992 0.060260 263.484329 73.145030 263.022770
-0.288774 -0.602396 0.744129 0.401255 0.629534 0.665343 -0.869255 0.490719 0.059921 264.020061 73.608668 263.051422
-0.289085 -0.602176 0.744186 0.401877 0.629222 0.665263 -0.868864 0.491389 0.060102 264.520716 74.038640 263.079190
-0.288796 -0.603255 0.743425 0.401852 0.628418 0.666038 -0.868972 0.491096 0.060935 265.024147 74.471843 263.105152
-0.289220 -0.605035 0.741812 0.402395 0.626296 0.667706 -0.868579 0.491615 0.062325 265.556273 74.929641 263.131977
-0.290566 -0.605531 0.740881 0.403969 0.624268 0.668654 -0.867399 0.493581 0.063225 265.996454 75.307230 263.141847
-0.293464 -0.605549 0.739723 0.404173 0.622640 0.670047 -0.866327 0.495611 0.062024 266.508402 75.752484 263.159877
-0.297706 -0.605408 0.738141 0.403056 0.621199 0.672055 -0.865400 0.497587 0.059079 266.973948 76.159619 263.172051
-0.302973 -0.605964 0.735537 0.400571 0.619348 0.675241 -0.864726 0.499215 0.055086 267.426877 76.562986 263.184485
-0.307975 -0.607422 0.732250 0.396890 0.617463 0.679130 -0.864656 0.499777 0.050917 267.868600 76.956596 263.196558
-0.313506 -0.609213 0.728405 0.392738 0.615209 0.683575 -0.864564 0.500377 0.046389 268.290074 77.333843 263.203952
-0.319618 -0.609837 0.725220 0.388260 0.613876 0.687321 -0.864349 0.501254 0.040570 268.717769 77.721942 263.215742
-0.325671 -0.609652 0.722677 0.383800 0.613297 0.690336 -0.864081 0.502186 0.034252 269.109231 78.084722 263.224996
-0.331229 -0.611292 0.718756 0.379380 0.611187 0.694638 -0.863920 0.502766 0.029469 269.479772 78.432192 263.230858
-0.335806 -0.613159 0.715032 0.377435 0.607913 0.698559 -0.863005 0.504458 0.027287 269.876992 78.804790 263.231713
-0.340717 -0.614256 0.711759 0.375299 0.605263 0.702003 -0.862011 0.506307 0.024307 270.246098 79.148815 263.225678
-0.344627 -0.614744 0.709451 0.373203 0.603736 0.704431 -0.861366 0.507536 0.021361 270.571347 79.454013 263.214307
-0.348744 -0.614419 0.707719 0.369632 0.603749 0.706300 -0.861249 0.507913 0.016555 270.900672 79.764515 263.205393
-0.353392 -0.613524 0.706189 0.365458 0.604365 0.707944 -0.861136 0.508264 0.010640 271.235926 80.088252 263.198418
-0.358690 -0.613900 0.703185 0.359762 0.604200 0.710995 -0.861344 0.508006 0.004138 271.549767 80.400414 263.188703
-0.364304 -0.615570 0.698825 0.353839 0.602625 0.715291 -0.861441 0.507855 -0.001725 271.885532 80.728266 263.175042
-0.369954 -0.617120 0.694476 0.348544 0.600720 0.719480 -0.861191 0.508230 -0.007146 272.218507 81.052617 263.155883
-0.374807 -0.617473 0.691554 0.343650 0.600262 0.722212 -0.861060 0.508343 -0.012787 272.528196 81.360898 263.135870
-0.378794 -0.617478 0.689374 0.338556 0.600799 0.724169 -0.861333 0.507702 -0.018528 272.832774 81.662471 263.118721
-0.383627 -0.618387 0.685877 0.332834 0.600205 0.727307 -0.861424 0.507298 -0.024434 273.183033 82.021112 263.096448
-0.390274 -0.618930 0.681624 0.326971 0.598903 0.731030 -0.860684 0.508173 -0.031364 273.545158 82.400896 263.065364
-0.398356 -0.617406 0.678323 0.321126 0.598851 0.733658 -0.859180 0.510084 -0.040290 273.916233 82.787889 263.026965
-0.404660 -0.615737 0.676105 0.315295 0.600064 0.735195 -0.858393 0.510677 -0.048683 274.278137 83.164430 262.992168
-0.412287 -0.615164 0.672007 0.307935 0.600110 0.738271 -0.857436 0.511314 -0.057987 274.687792 83.601693 262.949356
-0.420966 -0.615309 0.666471 0.298452 0.599880 0.742342 -0.856571 0.511410 -0.068889 275.095633 84.040394 262.899064
-0.431454 -0.615500 0.659550 0.287875 0.598943 0.747258 -0.854971 0.512276 -0.081229 275.489740 84.477234 262.841340
-0.442758 -0.616444 0.651124 0.275935 0.597263 0.753085 -0.853127 0.513102 -0.094344 275.895438 84.930618 262.766345
-0.454250 -0.617941 0.641721 0.261916 0.595859 0.759179 -0.851503 0.512934 -0.108820 276.271977 85.362229 262.686784
-0.467704 -0.618198 0.631731 0.244862 0.596127 0.764641 -0.849291 0.512313 -0.127438 276.598909 85.751377 262.604712
-0.484546 -0.618747 0.618358 0.224259 0.595396 0.771500 -0.845531 0.512500 -0.149737 276.932421 86.158215 262.507578
-0.500618 -0.618369 0.605806 0.204166 0.595731 0.776801 -0.841248 0.512566 -0.171984 277.199778 86.495591 262.414771
-0.518423 -0.617207 0.591855 0.182444 0.596358 0.781711 -0.835435 0.513237 -0.196560 277.526757 86.927221 262.288633
-0.538033 -0.617166 0.574132 0.158619 0.594822 0.788053 -0.827865 0.515067 -0.222139 277.911378 87.455282 262.120529
-0.555869 -0.618029 0.555922 0.135470 0.592472 0.794119 -0.820157 0.516737 -0.245612 278.287815 87.989580 261.927625
-0.575423 -0.618067 0.535613 0.110176 0.590349 0.799593 -0.810401 0.519116 -0.271604 278.611558 88.472446 261.732747
-0.594202 -0.618279 0.514446 0.082507 0.589378 0.803633 -0.800073 0.519966 -0.299197 278.906271 88.938213 261.523216
-0.612941 -0.618476 0.491722 0.052553 0.589042 0.806392 -0.788379 0.520112 -0.328546 279.155372 89.344416 261.327189
-0.631644 -0.619479 0.466125 0.021653 0.586919 0.809356 -0.774956 0.521318 -0.357310 279.405495 89.782530 261.100651
-0.649216 -0.620693 0.439613 -0.008390 0.583787 0.811864 -0.760558 0.523387 -0.384211 279.704433 90.324894 260.809991
-0.665970 -0.620735 0.413729 -0.036831 0.581297 0.812858 -0.745069 0.526100 -0.409989 279.989038 90.863406 260.505128
-0.682186 -0.621226 0.385617 -0.067846 0.578897 0.812573 -0.728024 0.528164 -0.437063 280.263807 91.425552 260.159552
-0.697313 -0.621673 0.356759 -0.099873 0.577150 0.810508 -0.709775 0.529547 -0.464543 280.514660 91.966785 259.822188
-0.711553 -0.621335 0.328078 -0.130299 0.575514 0.807345 -0.690445 0.531720 -0.490468 280.715245 92.452249 259.489861
-0.724754 -0.620770 0.298960 -0.159006 0.572877 0.804070 -0.670409 0.535217 -0.513901 280.917020 92.965330 259.121027
-0.736376 -0.620291 0.270165 -0.187583 0.570841 0.799346 -0.650048 0.537941 -0.536710 281.103598 93.489861 258.736008
-0.745355 -0.620750 0.243136 -0.214615 0.568709 0.794047 -0.631178 0.539666 -0.557113 281.242611 93.921543 258.402583
-0.754157 -0.621045 0.213425 -0.244157 0.566873 0.786792 -0.609619 0.541256 -0.579143 281.375862 94.374617 258.035250
-0.761531 -0.621473 0.183962 -0.273064 0.565062 0.778551 -0.587798 0.542657 -0.600014 281.495439 94.842144 257.653937
-0.768627 -0.620166 0.156868 -0.298719 0.564809 0.769258 -0.565668 0.544413 -0.619383 281.594845 95.328612 257.230107
-0.774399 -0.619909 0.126568 -0.327312 0.563715 0.758349 -0.541455 0.545837 -0.639444 281.680434 95.845580 256.757683
-0.780272 -0.618274 0.094406 -0.355578 0.562697 0.746282 -0.514529 0.548734 -0.658901 281.751315 96.397162 256.230769
-0.784900 -0.616344 0.063655 -0.381371 0.561509 0.734346 -0.488352 0.552112 -0.675784 281.799707 96.947496 255.682249
-0.787726 -0.615133 0.033156 -0.408041 0.561337 0.720002 -0.461508 0.553635 -0.693180 281.818751 97.481294 255.130299
-0.788765 -0.614695 -0.000831 -0.436704 0.559419 0.704514 -0.432596 0.556059 -0.709689 281.824398 98.035658 254.542714
-0.788582 -0.613815 -0.037010 -0.465403 0.556411 0.688336 -0.401918 0.560034 -0.724447 281.802522 98.524906 253.989740
-0.786845 -0.612501 -0.075616 -0.494710 0.552735 0.670631 -0.368967 0.565091 -0.737927 281.738001 98.964913 253.458078
-0.783507 -0.611282 -0.111581 -0.521471 0.549189 0.653039 -0.337912 0.569847 -0.749059 281.653031 99.421662 252.882881
-0.779534 -0.609210 -0.145567 -0.546425 0.547828 0.633486 -0.306180 0.573366 -0.759938 281.549983 99.820458 252.348621
-0.773546 -0.607647 -0.179977 -0.571586 0.546301 0.612245 -0.273707 0.576472 -0.769912 281.426820 100.193085 251.827145
-0.766013 -0.606750 -0.212317 -0.595484 0.545376 0.589885 -0.242120 0.578291 -0.779075 281.272354 100.564788 251.277987
-0.760031 -0.604125 -0.239556 -0.613886 0.546390 0.569739 -0.213303 0.580079 -0.786136 281.106103 100.925461 250.731454
-0.752199 -0.602718 -0.266322 -0.632529 0.547180 0.548180 -0.184671 0.580797 -0.792825 280.915191 101.273626 250.174056
-0.743501 -0.601752 -0.291719 -0.650255 0.548700 0.525449 -0.156123 0.580364 -0.799252 280.722862 101.608093 249.622294
-0.735230 -0.600165 -0.315021 -0.665714 0.551937 0.502186 -0.127522 0.578936 -0.805339 280.504022 101.938509 249.040677
-0.726355 -0.598688 -0.337611 -0.679992 0.554409 0.479835 -0.100097 0.578103 -0.809801 280.280178 102.223417 248.511684
-0.719231 -0.595849 -0.357311 -0.690597 0.556828 0.461540 -0.076047 0.578711 -0.811979 280.034905 102.516377 247.948404
-0.713850 -0.592539 -0.373250 -0.697988 0.558755 0.447890 -0.056837 0.580251 -0.812452 279.772869 102.816133 247.374233
-0.708733 -0.590451 -0.386090 -0.704208 0.559298 0.437352 -0.042296 0.581853 -0.812193 279.483428 103.127905 246.766088
-0.702516 -0.588834 -0.399683 -0.711184 0.560143 0.424803 -0.026258 0.582679 -0.812278 279.176894 103.441170 246.140876
-0.697033 -0.588364 -0.409846 -0.716891 0.560194 0.415031 -0.014596 0.583105 -0.812266 278.850858 103.764635 245.495875
-0.691874 -0.587990 -0.419021 -0.722000 0.559229 0.407406 -0.005223 0.584406 -0.811444 278.491459 104.103396 244.796708
-0.687970 -0.586434 -0.427543 -0.725729 0.559072 0.400944 0.003900 0.586118 -0.810216 278.143609 104.419675 244.125524
-0.683767 -0.583845 -0.437707 -0.729578 0.557968 0.395458 0.013341 0.589743 -0.807481 277.740347 104.779442 243.357878
-0.679812 -0.580587 -0.448078 -0.732985 0.558080 0.388946 0.024247 0.592845 -0.804952 277.262321 105.193145 242.461709
-0.676347 -0.576462 -0.458527 -0.735665 0.559745 0.381423 0.036782 0.595296 -0.802664 276.825821 105.548535 241.662439
-0.670411 -0.575072 -0.468872 -0.740311 0.560910 0.370567 0.049892 0.595543 -0.801772 276.407450 105.867986 240.925911
-0.665147 -0.573552 -0.478140 -0.744005 0.563524 0.359021 0.063527 0.594541 -0.801552 276.031183 106.136940 240.280386
-0.660972 -0.572442 -0.485207 -0.746637 0.566445 0.348818 0.075165 0.592832 -0.801810 275.662871 106.383262 239.665086
-0.657546 -0.573602 -0.488480 -0.748666 0.570136 0.338297 0.084452 0.588155 -0.804327 275.304336 106.620669 239.068078
-0.654825 -0.574190 -0.491437 -0.750219 0.572566 0.330664 0.091516 0.585212 -0.805699 274.981789 106.826729 238.537084
-0.653367 -0.571693 -0.496265 -0.750785 0.573428 0.327875 0.097129 0.586811 -0.803877 274.591815 107.067007 237.894922
-0.652724 -0.567781 -0.501574 -0.750802 0.573262 0.328126 0.101230 0.590758 -0.800473 274.186483 107.322592 237.231888
-0.652881 -0.564188 -0.505409 -0.750242 0.573557 0.328891 0.104325 0.593906 -0.797742 273.757073 107.587721 236.541149
-0.653232 -0.561900 -0.507501 -0.749553 0.574666 0.328526 0.107044 0.595002 -0.796564 273.329310 107.853078 235.862349
-0.653527 -0.560298 -0.508890 -0.749077 0.575207 0.328666 0.108566 0.595989 -0.795619 272.904585 108.123400 235.179062
-0.653119 -0.559032 -0.510802 -0.749165 0.575342 0.328227 0.110397 0.597046 -0.794574 272.470244 108.400497 234.478919
-0.654441 -0.557041 -0.511285 -0.747841 0.576610 0.329020 0.111535 0.597684 -0.793936 272.010202 108.690780 233.745384
-0.655527 -0.555423 -0.511653 -0.746844 0.577159 0.330319 0.111839 0.598659 -0.793158 271.474999 109.035614 232.885315
-0.658068 -0.553321 -0.510669 -0.744770 0.578079 0.333379 0.110741 0.599717 -0.792512 270.896949 109.415965 231.953654
-0.660784 -0.551158 -0.509500 -0.742702 0.578204 0.337750 0.108441 0.601586 -0.791413 270.376376 109.761605 231.111265
-0.664100 -0.548623 -0.507921 -0.740072 0.578824 0.342427 0.106133 0.603304 -0.790418 269.883044 110.100796 230.316460
-0.667304 -0.546256 -0.506270 -0.737652 0.578596 0.347989 0.102834 0.605666 -0.789046 269.386883 110.438635 229.516653
-0.670221 -0.544474 -0.504334 -0.735626 0.577349 0.354291 0.098274 0.608455 -0.787480 268.859110 110.815095 228.665924
-0.674208 -0.542135 -0.501531 -0.732630 0.576699 0.361485 0.093259 0.611152 -0.786000 268.353894 111.181223 227.847666
-0.677008 -0.539923 -0.500143 -0.730466 0.575941 0.367031 0.089884 0.613820 -0.784312 267.879471 111.530816 227.076820
-0.680084 -0.537943 -0.498100 -0.728001 0.575781 0.372143 0.086605 0.615705 -0.783203 267.405731 111.884126 226.314379
-0.683599 -0.535713 -0.495686 -0.725072 0.576121 0.377301 0.083450 0.617330 -0.782266 266.938357 112.234319 225.567045
-0.687537 -0.532826 -0.493345 -0.721648 0.576896 0.382642 0.080727 0.619102 -0.781150 266.468083 112.593805 224.811877
-0.691953 -0.529402 -0.490851 -0.717716 0.577903 0.388474 0.078005 0.621097 -0.779842 266.008593 112.950218 224.064940
-0.695814 -0.526302 -0.488722 -0.714233 0.578669 0.393717 0.075594 0.623015 -0.778548 265.566388 113.298958 223.341958
-0.697876 -0.524310 -0.487922 -0.712403 0.578387 0.397429 0.073832 0.624954 -0.777163 265.124516 113.656319 222.611852
-0.700200 -0.521991 -0.487078 -0.710229 0.578808 0.400694 0.072766 0.626503 -0.776015 264.664791 114.031532 221.859240
-0.702840 -0.519879 -0.485532 -0.707728 0.579821 0.403645 0.071675 0.627323 -0.775454 264.200148 114.417264 221.096526
-0.705050 -0.517861 -0.484484 -0.705561 0.580969 0.405781 0.071332 0.627929 -0.774995 263.701102 114.829943 220.278380
-0.706152 -0.516084 -0.484775 -0.704379 0.581741 0.406727 0.072108 0.628677 -0.774316 263.201516 115.248828 219.461451
-0.706417 -0.515067 -0.485470 -0.703970 0.582505 0.406343 0.073495 0.628804 -0.774083 262.726595 115.649986 218.684296
-0.706528 -0.514453 -0.485960 -0.703731 0.583236 0.405708 0.074711 0.628629 -0.774108 262.302657 116.002781 217.988260
-0.706930 -0.513325 -0.486568 -0.703174 0.584143 0.405368 0.076140 0.628709 -0.773905 261.866910 116.357737 217.268862
-0.706951 -0.511700 -0.488245 -0.702940 0.584549 0.405187 0.078069 0.629655 -0.772943 261.429961 116.717136 216.552822
-0.706045 -0.510494 -0.490812 -0.703513 0.584945 0.403618 0.081054 0.630266 -0.772137 261.056747 117.027611 215.931060
-0.705232 -0.509036 -0.493488 -0.703890 0.585944 0.401508 0.084775 0.630518 -0.771532 260.644899 117.364897 215.260456
-0.704766 -0.507427 -0.495805 -0.703966 0.586845 0.400056 0.087961 0.630976 -0.770800 260.223829 117.718946 214.562114
-0.703698 -0.505804 -0.498970 -0.704468 0.588025 0.397432 0.092384 0.631180 -0.770115 259.831512 118.032431 213.919456
-0.700634 -0.505450 -0.503619 -0.706760 0.588547 0.392558 0.097985 0.630978 -0.769588 259.438209 118.334464 213.292399
-0.695462 -0.504966 -0.511216 -0.710691 0.588400 0.385622 0.106074 0.631502 -0.768085 259.011242 118.649449 212.621353
-0.687970 -0.504247 -0.521951 -0.716158 0.588172 0.375727 0.117538 0.632288 -0.765765 258.569449 118.960968 211.942665
-0.678287 -0.503213 -0.535447 -0.722716 0.588471 0.362468 0.132697 0.632834 -0.762832 258.111376 119.258169 211.259146
-0.666736 -0.502669 -0.550261 -0.730045 0.589072 0.346452 0.149992 0.632707 -0.759726 257.711625 119.499239 210.686940
-0.654302 -0.501338 -0.566171 -0.737271 0.589492 0.330047 0.168289 0.633372 -0.755327 257.319479 119.714066 210.143460
-0.638697 -0.500110 -0.584770 -0.745358 0.590837 0.308795 0.191072 0.633089 -0.750127 256.897776 119.912238 209.599031
-0.620361 -0.499204 -0.604936 -0.753575 0.593194 0.283276 0.217432 0.631598 -0.744182 256.569813 120.040549 209.200311
-0.598328 -0.500099 -0.626023 -0.762261 0.596032 0.252398 0.246906 0.628209 -0.737828 256.249037 120.136584 208.843825
-0.571221 -0.500397 -0.650623 -0.771188 0.598592 0.216692 0.281026 0.625532 -0.727828 255.927202 120.221517 208.490274
-0.542552 -0.501393 -0.673975 -0.778639 0.601243 0.179521 0.315212 0.622183 -0.716610 255.589453 120.280792 208.145630
-0.509992 -0.502456 -0.698173 -0.785238 0.603296 0.139414 0.351155 0.619332 -0.702224 255.236922 120.303659 207.814087
-0.474463 -0.503784 -0.721863 -0.791099 0.603678 0.098667 0.386067 0.617879 -0.684966 254.848631 120.317455 207.466057
-0.436410 -0.504180 -0.745217 -0.793951 0.605459 0.055324 0.423305 0.615810 -0.664523 254.474202 120.301448 207.165825
-0.394940 -0.504476 -0.767807 -0.795135 0.606339 0.010611 0.460198 0.614701 -0.640594 254.068405 120.268077 206.853994
-0.350096 -0.504334 -0.789354 -0.793928 0.606964 -0.035677 0.497103 0.614200 -0.612901 253.648315 120.217366 206.548335
-0.302297 -0.504325 -0.808871 -0.789931 0.607479 -0.083540 0.533503 0.613699 -0.582021 253.209895 120.138048 206.249904
-0.249796 -0.503794 -0.826918 -0.782667 0.607866 -0.133910 0.570118 0.613751 -0.546145 252.790504 120.032358 205.995235
-0.201504 -0.502714 -0.840640 -0.771829 0.609903 -0.179721 0.603056 0.612615 -0.510907 252.342775 119.891998 205.756122
-0.154443 -0.502325 -0.850774 -0.758979 0.611614 -0.223337 0.632533 0.611227 -0.475714 251.846584 119.724400 205.503044
-0.111687 -0.501899 -0.857685 -0.745321 0.613171 -0.261760 0.657284 0.610015 -0.442559 251.281001 119.517776 205.225910
-0.074752 -0.500382 -0.862572 -0.732297 0.614675 -0.293114 0.676870 0.609748 -0.412376 250.688706 119.296744 204.952274
-0.033641 -0.499438 -0.865696 -0.716018 0.616352 -0.327762 0.697271 0.608828 -0.378341 250.192698 119.071261 204.758730
0.010527 -0.498597 -0.866770 -0.697279 0.617642 -0.363758 0.716722 0.608210 -0.341159 249.675015 118.825683 204.578002
0.049235 -0.497347 -0.866154 -0.678784 0.619498 -0.394301 0.732685 0.607345 -0.307090 249.133335 118.554694 204.405386
0.084972 -0.497070 -0.863540 -0.659760 0.621388 -0.422603 0.746657 0.605639 -0.275146 248.575287 118.256855 204.245934
0.117427 -0.495116 -0.860855 -0.641347 0.624027 -0.446390 0.758211 0.604525 -0.244263 247.960480 117.919814 204.088778
0.147350 -0.492178 -0.857933 -0.624442 0.626389 -0.466594 0.767047 0.604481 -0.215038 247.325543 117.557548 203.939352
0.173203 -0.490484 -0.854064 -0.608320 0.628709 -0.484430 0.774563 0.603449 -0.189477 246.743754 117.208668 203.819931
0.196536 -0.487569 -0.850676 -0.595246 0.630093 -0.498663 0.779137 0.604367 -0.166388 246.165046 116.848048 203.708527
0.216807 -0.485347 -0.847014 -0.582966 0.631586 -0.511125 0.783036 0.604596 -0.146009 245.664310 116.522084 203.623483
0.236026 -0.484607 -0.842288 -0.570914 0.632255 -0.523747 0.786352 0.604491 -0.127440 245.204044 116.213860 203.561985
0.254151 -0.485975 -0.836203 -0.559915 0.631042 -0.536918 0.788608 0.604661 -0.111725 244.793425 115.931408 203.520939
0.268470 -0.488686 -0.830126 -0.550847 0.629077 -0.548480 0.790248 0.604523 -0.100303 244.363286 115.634826 203.479440
0.279168 -0.491092 -0.825163 -0.543175 0.627870 -0.557440 0.791850 0.603828 -0.091467 243.861246 115.286481 203.428590
0.287292 -0.491947 -0.821858 -0.537359 0.627507 -0.563454 0.792911 0.603509 -0.084075 243.278471 114.873951 203.366117
0.296247 -0.489957 -0.819866 -0.531078 0.628963 -0.567770 0.793848 0.603612 -0.073877 242.632395 114.404495 203.307351
0.303503 -0.486838 -0.819069 -0.525363 0.631643 -0.570107 0.794909 0.603338 -0.064061 241.958991 113.918287 203.253795
0.312670 -0.484525 -0.816990 -0.518518 0.633589 -0.574199 0.795850 0.603159 -0.053131 241.340372 113.467358 203.217715
0.320817 -0.483173 -0.814628 -0.511649 0.635387 -0.578359 0.797052 0.602351 -0.043372 240.708232 113.003122 203.190231
0.325256 -0.482697 -0.813150 -0.505866 0.637702 -0.580892 0.798942 0.600283 -0.036763 239.936424 112.433216 203.160037
0.325733 -0.481957 -0.813397 -0.503355 0.639857 -0.580704 0.800332 0.598582 -0.034173 239.134406 111.841541 203.126055
0.324683 -0.481454 -0.814115 -0.501221 0.642365 -0.579780 0.802096 0.596296 -0.032750 238.310559 111.229166 203.088834
0.324000 -0.481058 -0.814621 -0.501553 0.642762 -0.579053 0.802165 0.596188 -0.033021 237.495155 110.631497 203.047850
0.321929 -0.479973 -0.816081 -0.502755 0.643728 -0.576932 0.802246 0.596020 -0.034074 236.687223 110.034905 203.006237
0.318738 -0.478720 -0.818067 -0.504704 0.644832 -0.573990 0.802297 0.595834 -0.036080 235.898890 109.459931 202.959983
0.316239 -0.477762 -0.819596 -0.507496 0.644727 -0.571642 0.801524 0.596717 -0.038575 235.033271 108.839207 202.908904
0.314283 -0.476787 -0.820914 -0.509315 0.645064 -0.569641 0.801140 0.597132 -0.040102 234.171938 108.225046 202.862685
0.311953 -0.476340 -0.822062 -0.510357 0.645798 -0.567873 0.801387 0.596695 -0.041645 233.323162 107.617019 202.813184
0.309885 -0.474894 -0.823679 -0.511402 0.647076 -0.565473 0.801523 0.596463 -0.042342 232.499945 107.031821 202.763264
0.309857 -0.473963 -0.824226 -0.512086 0.647220 -0.564689 0.801097 0.597048 -0.042164 231.727348 106.488853 202.723145
0.310697 -0.472326 -0.824849 -0.512659 0.647484 -0.563866 0.800405 0.598058 -0.040971 231.014741 105.996735 202.684449
0.309660 -0.470727 -0.826152 -0.513542 0.648442 -0.561958 0.800241 0.598280 -0.040942 230.312324 105.510499 202.645762
0.309092 -0.468879 -0.827415 -0.512744 0.650581 -0.560213 0.800972 0.597409 -0.039326 229.541355 104.980958 202.607713
0.308163 -0.467594 -0.828487 -0.512329 0.652225 -0.558678 0.801595 0.596622 -0.038570 228.688553 104.399855 202.569920
0.305467 -0.465616 -0.830597 -0.513260 0.654208 -0.555496 0.802031 0.595998 -0.039143 227.868747 103.840128 202.526454
0.304874 -0.463898 -0.831775 -0.513392 0.655550 -0.553789 0.802172 0.595863 -0.038302 227.049474 103.276124 202.485026
0.305143 -0.461811 -0.832838 -0.513142 0.656990 -0.552313 0.802230 0.595898 -0.036499 226.200474 102.691050 202.439604
0.302909 -0.460210 -0.834538 -0.512404 0.659690 -0.549775 0.803548 0.594151 -0.035988 225.469619 102.190384 202.401950
0.300304 -0.459363 -0.835944 -0.512020 0.661792 -0.547601 0.804769 0.592467 -0.036464 224.725107 101.681302 202.366307
0.297719 -0.459294 -0.836907 -0.511636 0.663361 -0.546060 0.805973 0.590764 -0.037496 224.003640 101.186183 202.328365
0.296014 -0.459145 -0.837593 -0.511488 0.664379 -0.544960 0.806694 0.589734 -0.038182 223.190478 100.635002 202.283061
0.294387 -0.457883 -0.838856 -0.511516 0.665949 -0.543013 0.807272 0.588944 -0.038167 222.340439 100.057903 202.238469
0.292840 -0.456044 -0.840398 -0.512285 0.667303 -0.540622 0.807347 0.588839 -0.038211 221.544285 99.524240 202.197431
0.292119 -0.454785 -0.841331 -0.511846 0.668768 -0.539224 0.807886 0.588149 -0.037420 220.763431 99.001259 202.163409
0.292148 -0.453545 -0.841990 -0.510957 0.670196 -0.538294 0.808439 0.587482 -0.035946 220.029986 98.516701 202.133888
0.291138 -0.452222 -0.843051 -0.509853 0.672307 -0.536705 0.809499 0.586088 -0.034832 219.247404 97.999621 202.095056
0.289238 -0.450067 -0.844856 -0.509899 0.674512 -0.533887 0.810151 0.585212 -0.034394 218.448766 97.473312 202.060296
0.287490 -0.449196 -0.845915 -0.508610 0.676784 -0.532239 0.811582 0.583255 -0.033897 217.670982 96.955824 202.030360
0.286565 -0.448656 -0.846515 -0.507665 0.678219 -0.531315 0.812500 0.582002 -0.033413 216.788805 96.371013 201.994765
0.286108 -0.447648 -0.847203 -0.507029 0.679510 -0.530270 0.813058 0.581271 -0.032558 215.842293 95.749033 201.950956
0.286844 -0.445902 -0.847875 -0.506479 0.680667 -0.529312 0.813142 0.581261 -0.030595 214.880516 95.126471 201.903370
0.284725 -0.443472 -0.849861 -0.507100 0.682674 -0.526123 0.813499 0.580765 -0.030510 213.923413 94.509710 201.859375
0.281643 -0.440178 -0.852597 -0.508947 0.684737 -0.521639 0.813419 0.580843 -0.031176 212.983888 93.913719 201.813844
0.279631 -0.438916 -0.853908 -0.510003 0.685630 -0.519431 0.813451 0.580745 -0.032125 212.047164 93.319042 201.764560
0.279245 -0.439120 -0.853929 -0.509467 0.686055 -0.519395 0.813920 0.580087 -0.032139 211.104810 92.728015 201.718959
0.280516 -0.439476 -0.853330 -0.507595 0.686620 -0.520481 0.814652 0.579149 -0.030468 210.129872 92.113025 201.679382
0.282441 -0.440458 -0.852188 -0.506621 0.685876 -0.522408 0.814594 0.579285 -0.029426 209.223132 91.547600 201.644238
0.282102 -0.440457 -0.852301 -0.505831 0.686585 -0.522242 0.815201 0.578446 -0.029110 208.295090 90.963165 201.603337
0.281180 -0.440317 -0.852677 -0.505448 0.687342 -0.521616 0.815757 0.577652 -0.029291 207.440174 90.415665 201.565320
0.282328 -0.440431 -0.852239 -0.505275 0.686897 -0.522370 0.815468 0.578095 -0.028609 206.583254 89.865814 201.525136
0.285093 -0.439600 -0.851748 -0.503798 0.687251 -0.523329 0.815420 0.578306 -0.025539 205.713906 89.309140 201.489957
0.287564 -0.439705 -0.850862 -0.503190 0.686538 -0.524848 0.814928 0.579073 -0.023832 204.852627 88.757885 201.453215
0.288589 -0.440284 -0.850216 -0.502786 0.686018 -0.525915 0.814815 0.579250 -0.023391 203.975534 88.199053 201.420205
0.290279 -0.439218 -0.850192 -0.502070 0.686443 -0.526044 0.814656 0.579555 -0.021258 203.082973 87.626883 201.387648
0.292140 -0.436902 -0.850747 -0.500946 0.687856 -0.525270 0.814683 0.579630 -0.017914 202.117087 87.008263 201.358235
0.293630 -0.434568 -0.851429 -0.499562 0.689625 -0.524266 0.814996 0.579282 -0.014599 201.284190 86.476939 201.330893
0.293934 -0.431856 -0.852703 -0.498753 0.691733 -0.522256 0.815382 0.578797 -0.012065 200.502963 85.978459 201.311482
0.294248 -0.429362 -0.853854 -0.498035 0.693629 -0.520422 0.815707 0.578383 -0.009738 199.667509 85.455233 201.299860
0.295405 -0.427476 -0.854401 -0.497039 0.694985 -0.519565 0.815898 0.578152 -0.007170 198.853953 84.945130 201.291800
0.296098 -0.428210 -0.853793 -0.496353 0.694725 -0.520568 0.816064 0.577922 -0.006837 198.013394 84.415512 201.288691
0.297268 -0.429050 -0.852964 -0.496430 0.693650 -0.521926 0.815591 0.578589 -0.006794 197.235088 83.929588 201.271204
0.298820 -0.429647 -0.852121 -0.494826 0.693747 -0.523319 0.815998 0.578030 -0.005295 196.457167 83.440534 201.252176
0.300756 -0.428783 -0.851875 -0.492650 0.694976 -0.523741 0.816604 0.577195 -0.002222 195.692817 82.948979 201.248561
0.300629 -0.427047 -0.852791 -0.491498 0.696910 -0.522251 0.817344 0.576149 -0.000382 194.829070 82.394778 201.244418
0.300585 -0.425921 -0.853369 -0.490621 0.698234 -0.521306 0.817887 0.575378 0.000913 194.002529 81.870456 201.242099
0.300334 -0.424871 -0.853981 -0.490744 0.698897 -0.520302 0.817906 0.575350 0.001400 193.201748 81.368076 201.239926
0.299972 -0.424050 -0.854516 -0.490061 0.700031 -0.519420 0.818448 0.574576 0.002179 192.329008 80.826117 201.237439
0.297575 -0.421433 -0.856647 -0.489973 0.702692 -0.515897 0.819375 0.573252 0.002613 191.397412 80.248441 201.232914
0.296368 -0.420950 -0.857302 -0.490112 0.703394 -0.514809 0.819730 0.572747 0.002151 190.469091 79.681904 201.226910
0.295055 -0.422848 -0.856821 -0.490581 0.702476 -0.515614 0.819922 0.572475 -0.000172 189.574492 79.132373 201.216738
0.293488 -0.425301 -0.856145 -0.489297 0.702549 -0.516733 0.821251 0.570564 -0.001909 188.678099 78.583258 201.211114
0.292928 -0.427821 -0.855080 -0.488919 0.701523 -0.518483 0.821676 0.569943 -0.003674 187.739230 78.003721 201.198142
0.293079 -0.427947 -0.854966 -0.488754 0.701497 -0.518672 0.821720 0.569880 -0.003567 186.840868 77.447163 201.183954
0.291741 -0.425815 -0.856486 -0.489577 0.702777 -0.516158 0.821707 0.569900 -0.003440 185.873041 76.846538 201.173050
0.288868 -0.424441 -0.858140 -0.491617 0.703383 -0.513386 0.821504 0.570177 -0.005477 184.924050 76.257950 201.160494
0.286281 -0.422352 -0.860036 -0.493881 0.704126 -0.510185 0.821051 0.570811 -0.007014 184.095922 75.752413 201.148583
0.281244 -0.422218 -0.861762 -0.496617 0.704372 -0.507180 0.821141 0.570607 -0.011580 183.286196 75.264947 201.133384
0.275998 -0.421455 -0.863829 -0.498659 0.705534 -0.503549 0.821684 0.569734 -0.015436 182.463526 74.782973 201.116656
0.271338 -0.418603 -0.866688 -0.500010 0.708119 -0.498556 0.822415 0.568629 -0.017166 181.631274 74.294791 201.096436
0.268371 -0.415694 -0.869008 -0.501408 0.709990 -0.494474 0.822537 0.568430 -0.017891 180.737190 73.770867 201.064347
0.263613 -0.414755 -0.870912 -0.502087 0.711912 -0.491009 0.823661 0.566709 -0.020574 179.861076 73.259234 201.039444
0.261332 -0.416350 -0.870838 -0.503198 0.711133 -0.491001 0.823709 0.566518 -0.023665 178.974155 72.742942 201.006165
0.259492 -0.418617 -0.870301 -0.504016 0.710005 -0.491794 0.823791 0.566262 -0.026749 178.131826 72.254999 200.970211
0.258690 -0.418869 -0.870418 -0.503676 0.710407 -0.491561 0.824251 0.565571 -0.027199 177.229792 71.735292 200.930729
0.258036 -0.416092 -0.871943 -0.502888 0.712762 -0.488951 0.824937 0.564657 -0.025329 176.201512 71.138914 200.892382
0.256092 -0.411738 -0.874579 -0.502459 0.716222 -0.484315 0.825803 0.563470 -0.023463 175.193459 70.560367 200.856896
0.255675 -0.407191 -0.876827 -0.502562 0.718814 -0.480353 0.825871 0.563474 -0.020856 174.151743 69.968436 200.822760
0.254883 -0.403430 -0.878794 -0.503582 0.720462 -0.476802 0.825493 0.564074 -0.019527 173.226732 69.447766 200.799557
0.253999 -0.400842 -0.880233 -0.505268 0.721035 -0.474145 0.824736 0.565186 -0.019390 172.353313 68.966431 200.772822
0.252759 -0.399973 -0.880985 -0.505323 0.721920 -0.472736 0.825083 0.564670 -0.019643 171.500738 68.502090 200.749523
0.251827 -0.398053 -0.882121 -0.505611 0.723092 -0.470633 0.825191 0.564528 -0.019166 170.717812 68.076975 200.728232
0.251349 -0.395870 -0.883239 -0.505079 0.724791 -0.468587 0.825663 0.563884 -0.017771 169.872890 67.618981 200.711440
0.252009 -0.394054 -0.883863 -0.504019 0.726238 -0.467487 0.826109 0.563294 -0.015592 168.945886 67.115295 200.692492
0.252588 -0.392884 -0.884218 -0.503699 0.726866 -0.466855 0.826128 0.563302 -0.014297 167.991897 66.607272 200.676280
0.252840 -0.391026 -0.884969 -0.503731 0.727733 -0.465468 0.826031 0.563475 -0.012972 166.990797 66.068330 200.651534
0.252380 -0.390323 -0.885411 -0.503531 0.728403 -0.464635 0.826293 0.563097 -0.012706 166.021043 65.537138 200.629033
0.253812 -0.389041 -0.885566 -0.503984 0.728253 -0.464379 0.825578 0.564176 -0.011230 165.057414 65.019546 200.605578
0.255475 -0.387862 -0.885605 -0.504169 0.728149 -0.464342 0.824952 0.565122 -0.009524 164.053317 64.473841 200.586375
0.256595 -0.386537 -0.885860 -0.503671 0.728782 -0.463889 0.824909 0.565213 -0.007686 163.088459 63.946701 200.570819
0.257465 -0.385085 -0.886240 -0.503424 0.729399 -0.463187 0.824788 0.565409 -0.006066 162.093408 63.411982 200.556099
0.258040 -0.384603 -0.886282 -0.503129 0.729647 -0.463117 0.824789 0.565417 -0.005227 161.124873 62.896872 200.542318
0.258965 -0.383300 -0.886577 -0.503485 0.729751 -0.462564 0.824281 0.566166 -0.004006 160.134002 62.364677 200.528464
0.258449 -0.381070 -0.887688 -0.502325 0.731891 -0.460440 0.825151 0.564908 -0.002265 159.160333 61.833826 200.522200
0.258147 -0.380705 -0.887932 -0.502464 0.732092 -0.459968 0.825161 0.564893 -0.002303 158.190578 61.311431 200.511511
0.257997 -0.381670 -0.887562 -0.503286 0.731082 -0.460676 0.824707 0.565550 -0.003472 157.262224 60.821091 200.501711
0.255054 -0.380737 -0.888812 -0.504473 0.731794 -0.458240 0.824897 0.565258 -0.005425 156.293058 60.298584 200.493530
0.251471 -0.378188 -0.890919 -0.506434 0.733016 -0.454106 0.824795 0.565386 -0.007195 155.337939 59.792122 200.479507
0.247239 -0.375832 -0.893098 -0.508372 0.734351 -0.449763 0.824882 0.565225 -0.009502 154.320478 59.254480 200.466202
0.245367 -0.373836 -0.894450 -0.510671 0.734419 -0.447039 0.824021 0.566458 -0.010705 153.405779 58.777004 200.448276
0.243002 -0.372202 -0.895777 -0.511725 0.735318 -0.444348 0.824068 0.566369 -0.011782 152.512233 58.312496 200.429291
0.239875 -0.370326 -0.897396 -0.512919 0.736485 -0.441027 0.824242 0.566082 -0.013283 151.646637 57.866217 200.407143
0.239182 -0.368736 -0.898235 -0.514126 0.736668 -0.439312 0.823691 0.566881 -0.013379 150.762887 57.408138 200.385647
0.239296 -0.368951 -0.898116 -0.514677 0.736145 -0.439543 0.823314 0.567420 -0.013734 149.772408 56.903139 200.365541
0.236231 -0.373042 -0.897237 -0.515721 0.734454 -0.441145 0.823545 0.566936 -0.018885 148.820109 56.418565 200.344562
0.238363 -0.376309 -0.895307 -0.515106 0.732536 -0.445035 0.823316 0.567258 -0.019229 147.928772 55.962539 200.323972
0.238781 -0.373888 -0.896210 -0.515544 0.733292 -0.443279 0.822920 0.567882 -0.017660 146.980130 55.476208 200.302527
0.237427 -0.368571 -0.898768 -0.518087 0.734604 -0.438112 0.821714 0.569659 -0.016537 146.008538 54.985110 200.276906
0.233591 -0.364598 -0.901390 -0.520186 0.736357 -0.432648 0.821488 0.569953 -0.017652 145.072572 54.511018 200.251364
0.229369 -0.361495 -0.903721 -0.521674 0.738200 -0.427689 0.821734 0.569546 -0.019262 144.127109 54.044665 200.221444
0.227033 -0.359018 -0.905297 -0.522439 0.739599 -0.424324 0.821896 0.569298 -0.019652 143.232919 53.602682 200.191780
0.223022 -0.357791 -0.906778 -0.522554 0.741385 -0.421053 0.822921 0.567744 -0.021620 142.380038 53.186187 200.169398
0.219343 -0.356999 -0.907987 -0.522638 0.742865 -0.418331 0.823856 0.566306 -0.023639 141.483515 52.756390 200.140052
0.216515 -0.357364 -0.908522 -0.522509 0.743679 -0.417046 0.824685 0.565007 -0.025708 140.678315 52.370716 200.113791
0.214552 -0.358746 -0.908443 -0.523029 0.743305 -0.417059 0.824868 0.564623 -0.028157 139.869377 51.986998 200.082653
0.212860 -0.360226 -0.908255 -0.524379 0.742233 -0.417273 0.824450 0.565091 -0.030904 139.139347 51.646272 200.053310
0.211015 -0.358103 -0.909525 -0.526137 0.742577 -0.414438 0.823804 0.565987 -0.031716 138.308735 51.263472 200.012186
0.209125 -0.353613 -0.911715 -0.527523 0.744244 -0.409660 0.823399 0.566621 -0.030899 137.463041 50.872850 199.969845
0.206728 -0.349585 -0.913813 -0.528659 0.745996 -0.404982 0.823276 0.566817 -0.030593 136.688753 50.516370 199.936999
0.203877 -0.348018 -0.915051 -0.529737 0.746811 -0.402060 0.823294 0.566707 -0.032100 135.999236 50.198628 199.906559
0.201667 -0.346973 -0.915937 -0.530735 0.747249 -0.399925 0.823196 0.566771 -0.033455 135.278235 49.872730 199.875654
0.200735 -0.341813 -0.918079 -0.531190 0.749451 -0.395173 0.823130 0.566999 -0.031127 134.397892 49.477010 199.841944
0.198485 -0.335987 -0.920715 -0.532109 0.751963 -0.389116 0.823082 0.567155 -0.029528 133.520343 49.087154 199.803977
0.196125 -0.333831 -0.922004 -0.532772 0.753097 -0.386004 0.823219 0.566923 -0.030155 132.675179 48.717846 199.766902
0.195263 -0.336720 -0.921136 -0.531476 0.753023 -0.387929 0.824260 0.565310 -0.031921 131.824487 48.356668 199.733194
0.198237 -0.338250 -0.919940 -0.531597 0.751429 -0.390844 0.823473 0.566517 -0.030851 130.899912 47.953477 199.695785
0.198990 -0.336462 -0.920433 -0.530859 0.752476 -0.389832 0.823767 0.566193 -0.028879 129.911902 47.510703 199.652415
0.197444 -0.332592 -0.922170 -0.529736 0.755321 -0.385837 0.824861 0.564688 -0.027052 128.904766 47.066286 199.613027
0.194610 -0.328384 -0.924278 -0.530759 0.757173 -0.380767 0.824877 0.564670 -0.026939 127.929557 46.641377 199.575262
0.193842 -0.325867 -0.925330 -0.530865 0.758350 -0.378270 0.824990 0.564550 -0.025992 126.853585 46.183137 199.533564
0.194053 -0.322269 -0.926545 -0.530770 0.759820 -0.375442 0.825001 0.564639 -0.023606 125.918405 45.789992 199.500913
0.192559 -0.318866 -0.928033 -0.530422 0.761841 -0.371822 0.825575 0.563847 -0.022434 124.957264 45.392301 199.472175
0.189855 -0.316787 -0.929301 -0.530320 0.763474 -0.368602 0.826266 0.562808 -0.023049 123.982829 44.989579 199.442644
0.188532 -0.316674 -0.929609 -0.530623 0.763670 -0.367761 0.826375 0.562607 -0.024058 123.011866 44.594434 199.409976
0.185948 -0.316100 -0.930325 -0.531084 0.764276 -0.365830 0.826664 0.562106 -0.025760 122.043411 44.198649 199.382968
0.182704 -0.315178 -0.931280 -0.531577 0.765165 -0.363246 0.827070 0.561414 -0.027743 121.025656 43.787577 199.350692
0.180667 -0.314841 -0.931791 -0.532034 0.765524 -0.361819 0.827224 0.561113 -0.029202 119.984038 43.368842 199.310100
0.178493 -0.311184 -0.933437 -0.531409 0.767926 -0.357623 0.828097 0.559870 -0.028297 118.951112 42.957095 199.271604
0.176908 -0.307002 -0.935122 -0.532564 0.769143 -0.353263 0.827695 0.560508 -0.027431 117.899827 42.547888 199.236137
0.174271 -0.304382 -0.936473 -0.533688 0.770037 -0.349601 0.827531 0.560710 -0.028250 116.962076 42.189047 199.200608
0.173393 -0.301865 -0.937450 -0.534913 0.770362 -0.347001 0.826924 0.561622 -0.027897 116.018321 41.831947 199.159999
0.172773 -0.298995 -0.938484 -0.535266 0.771336 -0.344284 0.826825 0.561821 -0.026776 115.053337 41.466406 199.122846
0.170706 -0.296361 -0.939697 -0.535233 0.772831 -0.340966 0.827275 0.561162 -0.026695 114.049984 41.089317 199.088752
0.168015 -0.294219 -0.940854 -0.535940 0.773784 -0.337680 0.827369 0.560976 -0.027676 112.963451 40.683150 199.053630
0.164845 -0.291685 -0.942203 -0.537811 0.774184 -0.333764 0.826793 0.561746 -0.029251 112.041587 40.339205 199.019897
0.161762 -0.289667 -0.943359 -0.539032 0.774803 -0.330340 0.826606 0.561937 -0.030806 111.096395 39.988374 198.983475
0.158964 -0.288697 -0.944132 -0.538988 0.775834 -0.327984 0.827177 0.561013 -0.032274 110.159171 39.644767 198.950044
0.155935 -0.287831 -0.944901 -0.540115 0.776080 -0.325540 0.827019 0.561118 -0.034444 109.248195 39.322300 198.916457
0.153743 -0.285951 -0.945830 -0.540776 0.776786 -0.322746 0.826997 0.561102 -0.035211 108.425764 39.030402 198.884151
0.151210 -0.285379 -0.946411 -0.540766 0.777571 -0.320867 0.827471 0.560305 -0.036747 107.627958 38.745991 198.850879
0.148564 -0.286493 -0.946494 -0.541749 0.777135 -0.320265 0.827307 0.560342 -0.039753 106.705042 38.416069 198.805902
0.148151 -0.288232 -0.946030 -0.542469 0.776152 -0.321427 0.826909 0.560812 -0.041369 105.784026 38.093089 198.758912
0.147374 -0.288081 -0.946198 -0.543506 0.775678 -0.320818 0.826367 0.561544 -0.042259 104.868231 37.774969 198.708094
0.144020 -0.285436 -0.947515 -0.543444 0.777378 -0.316785 0.826999 0.560544 -0.043160 103.968596 37.458596 198.659153
0.140787 -0.280970 -0.949334 -0.543677 0.779424 -0.311310 0.827402 0.559959 -0.043024 103.026057 37.129043 198.610563
0.137605 -0.278726 -0.950461 -0.544363 0.780392 -0.307664 0.827487 0.559732 -0.044343 102.034431 36.792253 198.553100
0.133869 -0.277342 -0.951399 -0.544371 0.781645 -0.304453 0.828094 0.558671 -0.046339 100.960068 36.426252 198.501999
0.129846 -0.275034 -0.952626 -0.545230 0.782660 -0.300279 0.828169 0.558390 -0.048332 99.900636 36.070295 198.445327
0.126123 -0.272513 -0.953850 -0.547007 0.783035 -0.296040 0.827572 0.559100 -0.050307 98.818957 35.717320 198.378104
0.120728 -0.269586 -0.955378 -0.548762 0.783869 -0.290535 0.827216 0.559351 -0.053304 97.728323 35.365476 198.302790
0.116014 -0.268909 -0.956153 -0.551448 0.783218 -0.287183 0.826102 0.560586 -0.057425 96.705429 35.039364 198.227873
0.112926 -0.268317 -0.956689 -0.552224 0.783496 -0.284926 0.826012 0.560483 -0.059694 95.730373 34.737552 198.156045
0.111043 -0.264955 -0.957846 -0.553047 0.784309 -0.281067 0.825717 0.560944 -0.059440 94.604669 34.393962 198.078925
0.108838 -0.262592 -0.958749 -0.555197 0.783972 -0.277749 0.824567 0.562524 -0.060465 93.572736 34.089075 198.009574
0.104277 -0.259237 -0.960168 -0.558047 0.783878 -0.272246 0.823231 0.564208 -0.062926 92.706166 33.836227 197.946560
0.101883 -0.256237 -0.961230 -0.560471 0.783520 -0.268270 0.821884 0.566073 -0.063786 91.891840 33.591987 197.883697
0.098996 -0.253167 -0.962344 -0.563176 0.783053 -0.263934 0.820386 0.568097 -0.065059 90.901739 33.305037 197.806514
0.097231 -0.250968 -0.963100 -0.564749 0.782895 -0.261024 0.819515 0.569289 -0.065612 89.923108 33.023013 197.729982
0.097083 -0.248784 -0.963681 -0.566774 0.782102 -0.259006 0.818133 0.571334 -0.065076 88.899507 32.732587 197.651147
0.095257 -0.245677 -0.964660 -0.568351 0.782168 -0.255323 0.817254 0.572587 -0.065123 87.851192 32.440722 197.568227
0.090309 -0.244001 -0.965561 -0.570884 0.781741 -0.250944 0.816049 0.573886 -0.068699 86.922735 32.193789 197.485132
0.085544 -0.242980 -0.966252 -0.573531 0.781005 -0.247173 0.814705 0.575319 -0.072546 85.992813 31.943705 197.405983
0.082798 -0.239713 -0.967307 -0.574959 0.781315 -0.242836 0.813982 0.576268 -0.073134 85.085684 31.698840 197.322923
0.083087 -0.236668 -0.968031 -0.576871 0.780666 -0.240374 0.812598 0.578402 -0.071663 84.147169 31.450784 197.236198
0.083051 -0.234263 -0.968619 -0.577960 0.780491 -0.238319 0.811828 0.579616 -0.070573 83.207696 31.205179 197.158219
0.084686 -0.232457 -0.968913 -0.578898 0.779976 -0.237726 0.810990 0.581034 -0.068516 82.210124 30.940764 197.079711
0.088726 -0.231093 -0.968878 -0.578724 0.779724 -0.238974 0.810682 0.581916 -0.064557 81.236815 30.686218 197.004140
0.094190 -0.230209 -0.968572 -0.578722 0.778971 -0.241423 0.810068 0.583273 -0.059856 80.351178 30.455140 196.938212
0.101357 -0.228381 -0.968282 -0.577098 0.779305 -0.244217 0.810361 0.583546 -0.052810 79.450476 30.216278 196.884239
0.108875 -0.225732 -0.968086 -0.575355 0.779859 -0.246549 0.810625 0.583836 -0.044968 78.472707 29.949457 196.831502
0.117893 -0.223052 -0.967651 -0.573700 0.780073 -0.249710 0.810537 0.584581 -0.036000 77.386265 29.652183 196.783751
0.125045 -0.221540 -0.967101 -0.572059 0.780310 -0.252717 0.810625 0.584839 -0.029160 76.463937 29.395765 196.748903
0.129717 -0.220499 -0.966723 -0.571269 0.780267 -0.254625 0.810447 0.585289 -0.024751 75.668828 29.173019 196.717810
0.135860 -0.217512 -0.966556 -0.569787 0.780955 -0.255835 0.810484 0.585489 -0.017835 74.828727 28.935692 196.689987
0.141607 -0.214726 -0.966354 -0.568420 0.781581 -0.256963 0.810460 0.585683 -0.011377 73.989313 28.697715 196.667600
0.146286 -0.212769 -0.966090 -0.566573 0.782535 -0.258134 0.810922 0.585122 -0.006075 73.100957 28.441843 196.650497
0.151192 -0.210129 -0.965912 -0.565595 0.783000 -0.258869 0.810705 0.585455 -0.000465 72.208326 28.184086 196.631245
0.155364 -0.207568 -0.965804 -0.563963 0.784057 -0.259229 0.811053 0.584953 0.004753 71.349043 27.936543 196.623695
0.157175 -0.206024 -0.965842 -0.563475 0.784473 -0.259032 0.811043 0.584941 0.007210 70.573717 27.715786 196.618108
0.158204 -0.204072 -0.966088 -0.562543 0.785469 -0.258039 0.811490 0.584289 0.009466 69.743591 27.485513 196.616235
0.158635 -0.200351 -0.966796 -0.561412 0.787188 -0.255249 0.812189 0.583262 0.012396 68.848126 27.239303 196.622488
0.157773 -0.197116 -0.967602 -0.560785 0.788648 -0.252100 0.812790 0.582391 0.013888 68.130669 27.038850 196.624108
0.157648 -0.193564 -0.968339 -0.559998 0.790154 -0.249115 0.813357 0.581540 0.016171 67.355233 26.826549 196.628176
0.156073 -0.189807 -0.969337 -0.559961 0.791426 -0.245129 0.813686 0.581049 0.017235 66.559170 26.604528 196.628364
0.151703 -0.186200 -0.970729 -0.561178 0.792238 -0.239662 0.813674 0.581109 0.015694 65.794452 26.400032 196.624844
0.147687 -0.182541 -0.972043 -0.562190 0.793108 -0.234355 0.813714 0.581084 0.014509 65.011400 26.194110 196.629026
0.142409 -0.178877 -0.973510 -0.562937 0.794342 -0.228305 0.814139 0.580538 0.012425 64.269093 26.001896 196.636272
0.138361 -0.176308 -0.974562 -0.563199 0.795421 -0.223859 0.814655 0.579846 0.010758 63.545452 25.819537 196.630885
0.134393 -0.173937 -0.975543 -0.564302 0.795817 -0.219632 0.814556 0.580018 0.008800 62.838558 25.645350 196.619389
0.130536 -0.172111 -0.976390 -0.565472 0.796005 -0.215913 0.814372 0.580306 0.006584 62.119928 25.467264 196.608801
0.126251 -0.170885 -0.977169 -0.566960 0.795882 -0.212433 0.814013 0.580836 0.003596 61.502196 25.312574 196.594835
0.121645 -0.170297 -0.977856 -0.568552 0.795581 -0.209281 0.813604 0.581420 -0.000044 60.992052 25.185586 196.575223
0.116882 -0.170201 -0.978453 -0.570280 0.795090 -0.206428 0.813092 0.582120 -0.004131 60.532387 25.077271 196.559479
0.112939 -0.171668 -0.978660 -0.571507 0.794496 -0.205317 0.812788 0.582499 -0.008380 59.991502 24.944624 196.537488
0.106615 -0.172670 -0.979193 -0.572439 0.794564 -0.202440 0.812986 0.582112 -0.014130 59.486610 24.821131 196.519184
0.102025 -0.171641 -0.979862 -0.573393 0.794765 -0.198920 0.812903 0.582141 -0.017332 58.980334 24.699440 196.501562
0.097526 -0.170714 -0.980482 -0.573977 0.795181 -0.195543 0.813043 0.581845 -0.020435 58.519130 24.583534 196.479346
0.093741 -0.169095 -0.981132 -0.574879 0.795391 -0.192009 0.812851 0.582031 -0.022648 58.116580 24.484023 196.464303
0.090936 -0.168014 -0.981581 -0.577009 0.794464 -0.189441 0.811660 0.583608 -0.024700 57.758729 24.398651 196.444969
0.088017 -0.166704 -0.982071 -0.579112 0.793602 -0.186614 0.810483 0.585154 -0.026689 57.402018 24.318875 196.423178
0.084447 -0.164025 -0.982835 -0.579930 0.793999 -0.182339 0.810278 0.585373 -0.028072 57.031582 24.235294 196.405807
0.081564 -0.161959 -0.983421 -0.580531 0.794327 -0.178965 0.810143 0.585503 -0.029234 56.702761 24.158460 196.387739
0.078035 -0.160665 -0.983919 -0.580785 0.794836 -0.175852 0.810308 0.585168 -0.031286 56.380429 24.083278 196.371324
0.075450 -0.161094 -0.984051 -0.581645 0.794472 -0.174655 0.809936 0.585546 -0.033757 56.080811 24.017807 196.356526
0.073046 -0.162281 -0.984037 -0.582659 0.793835 -0.174165 0.809427 0.586080 -0.036568 55.832305 23.961771 196.339839
0.071048 -0.161619 -0.984292 -0.583417 0.793657 -0.172429 0.809059 0.586504 -0.037904 55.586455 23.906159 196.323153
0.068133 -0.159515 -0.984841 -0.583720 0.794170 -0.169015 0.809092 0.586387 -0.039003 55.321771 23.847531 196.309979
0.064685 -0.159378 -0.985096 -0.583749 0.794597 -0.166889 0.809353 0.585844 -0.041638 55.090805 23.797187 196.298113
0.061572 -0.160036 -0.985189 -0.583919 0.794744 -0.165593 0.809474 0.585466 -0.044514 54.881921 23.752197 196.281730
0.058653 -0.158577 -0.985603 -0.583747 0.795463 -0.162724 0.809815 0.584886 -0.045913 54.612180 23.697863 196.262752
0.054797 -0.155307 -0.986345 -0.583031 0.796963 -0.157878 0.810600 0.583721 -0.046878 54.299592 23.632627 196.240834
0.050891 -0.152058 -0.987060 -0.582437 0.798344 -0.153016 0.811281 0.582688 -0.047935 53.952763 23.567756 196.219039
0.047328 -0.148679 -0.987752 -0.581819 0.799693 -0.148250 0.811940 0.581710 -0.048657 53.594566 23.503113 196.198806
0.044592 -0.145801 -0.988308 -0.581864 0.800377 -0.144330 0.812063 0.581497 -0.049146 53.269964 23.443997 196.179079
0.041599 -0.142866 -0.988867 -0.582650 0.800545 -0.140169 0.811658 0.581994 -0.049940 53.005235 23.395462 196.161888
0.037797 -0.139641 -0.989481 -0.583541 0.800734 -0.135295 0.811204 0.582516 -0.051221 52.691907 23.345290 196.142013
0.032305 -0.137507 -0.989974 -0.584397 0.800935 -0.130319 0.810825 0.582748 -0.054485 52.315658 23.281426 196.116612
0.028124 -0.138713 -0.989933 -0.586012 0.800009 -0.128748 0.809814 0.583734 -0.058788 51.931036 23.219361 196.091117
0.025190 -0.142279 -0.989506 -0.587613 0.798664 -0.129798 0.808750 0.584716 -0.063487 51.554901 23.161180 196.061991
0.021468 -0.144371 -0.989291 -0.589093 0.797671 -0.129191 0.807780 0.585557 -0.067923 51.193621 23.108817 196.028304
0.016803 -0.143505 -0.989507 -0.590045 0.797528 -0.125683 0.807195 0.585966 -0.071273 50.831067 23.056171 195.992903
0.012261 -0.141169 -0.989910 -0.590452 0.797935 -0.121105 0.806980 0.585979 -0.073570 50.456221 22.995335 195.959547
0.006972 -0.138980 -0.990271 -0.590625 0.798531 -0.116229 0.806916 0.585689 -0.076518 50.114762 22.933460 195.922530
0.002867 -0.138370 -0.990377 -0.591581 0.798254 -0.113240 0.806241 0.586212 -0.079568 49.631020 22.866426 195.878680
-0.000388 -0.137764 -0.990465 -0.592180 0.798154 -0.110784 0.805806 0.586491 -0.081890 49.163666 22.810164 195.839062
-0.001941 -0.136599 -0.990625 -0.592931 0.797861 -0.108857 0.805251 0.587161 -0.082542 48.610108 22.739789 195.788540
-0.000818 -0.134965 -0.990850 -0.593515 0.797525 -0.108142 0.804823 0.587995 -0.080756 48.023811 22.664975 195.736378
0.001476 -0.132109 -0.991234 -0.592069 0.798708 -0.107332 0.805886 0.587037 -0.077038 47.361670 22.582474 195.685765
0.003743 -0.128222 -0.991738 -0.591224 0.799563 -0.105607 0.806499 0.586735 -0.072815 46.687329 22.498776 195.633522
0.005546 -0.123503 -0.992329 -0.590094 0.800743 -0.102957 0.807316 0.586138 -0.068438 45.965761 22.414687 195.581752
0.007213 -0.118270 -0.992955 -0.589343 0.801698 -0.099770 0.807851 0.585911 -0.063919 45.235578 22.334019 195.538057
0.008597 -0.112467 -0.993618 -0.588486 0.802793 -0.095959 0.808462 0.585555 -0.059283 44.472420 22.247978 195.491404
0.009881 -0.106036 -0.994313 -0.586938 0.804431 -0.091619 0.809571 0.584506 -0.054288 43.667117 22.158394 195.441955
0.008740 -0.100102 -0.994939 -0.585768 0.805879 -0.086226 0.810432 0.583556 -0.051593 42.923090 22.077823 195.397894
0.008295 -0.096542 -0.995294 -0.585040 0.806733 -0.083128 0.810962 0.582976 -0.049790 42.004778 21.985959 195.349244
0.006816 -0.094250 -0.995525 -0.584642 0.807294 -0.080432 0.811262 0.582575 -0.049600 41.187959 21.903091 195.305749
0.005698 -0.095382 -0.995424 -0.584630 0.807277 -0.080700 0.811280 0.582414 -0.051163 40.430023 21.832090 195.261712
0.004642 -0.097493 -0.995225 -0.585466 0.806565 -0.081743 0.810684 0.583050 -0.053334 39.575124 21.754531 195.207180
0.001992 -0.097123 -0.995270 -0.584668 0.807323 -0.079952 0.811270 0.582062 -0.055176 38.537020 21.658830 195.143472
-0.000939 -0.093323 -0.995635 -0.584150 0.808155 -0.075199 0.811645 0.581529 -0.055274 37.444548 21.554295 195.075575
-0.003522 -0.089222 -0.996006 -0.583192 0.809275 -0.070433 0.812327 0.580614 -0.054884 36.398942 21.455584 195.010240
-0.004999 -0.089075 -0.996012 -0.582404 0.809922 -0.069509 0.812884 0.579734 -0.055926 35.430756 21.372610 194.951385
-0.007229 -0.093933 -0.995552 -0.581342 0.810446 -0.072246 0.813627 0.578234 -0.060466 34.482219 21.292088 194.890685
-0.007345 -0.100499 -0.994910 -0.578875 0.811704 -0.077719 0.815383 0.575358 -0.064138 33.462073 21.203702 194.825309
-0.008735 -0.103733 -0.994567 -0.576474 0.813214 -0.079755 0.817069 0.572645 -0.066903 32.515353 21.116253 194.756343
-0.008545 -0.101138 -0.994836 -0.577226 0.812881 -0.077682 0.816540 0.573581 -0.065325 31.466468 21.016939 194.671675
-0.010211 -0.097012 -0.995231 -0.578676 0.812262 -0.073240 0.815493 0.575169 -0.064432 30.320087 20.911553 194.584547
-0.015118 -0.093691 -0.995487 -0.579678 0.812035 -0.067622 0.814705 0.576039 -0.066587 29.326010 20.826512 194.501527
-0.017837 -0.092893 -0.995516 -0.580842 0.811393 -0.065305 0.813821 0.577072 -0.068429 28.289332 20.744264 194.413115
-0.018701 -0.095108 -0.995291 -0.580737 0.811361 -0.066620 0.813876 0.576757 -0.070406 27.371964 20.678642 194.339730
-0.019386 -0.096175 -0.995176 -0.580545 0.811457 -0.067112 0.813997 0.576444 -0.071565 26.390983 20.610308 194.265716
-0.017993 -0.092206 -0.995577 -0.581456 0.811009 -0.064604 0.813379 0.577722 -0.068206 25.257351 20.525690 194.175706
-0.018573 -0.086846 -0.996049 -0.582121 0.810896 -0.059848 0.812890 0.578710 -0.065616 24.118389 20.443601 194.087918
-0.020331 -0.080262 -0.996566 -0.582869 0.810809 -0.053410 0.812312 0.579782 -0.063267 23.022979 20.366589 194.004373
-0.023960 -0.076312 -0.996796 -0.583949 0.810369 -0.048004 0.811436 0.580928 -0.063979 21.968363 20.297462 193.926779
-0.027285 -0.072728 -0.996979 -0.584552 0.810211 -0.043106 0.810898 0.581609 -0.064620 20.960381 20.240897 193.854284
-0.030107 -0.071912 -0.996956 -0.585056 0.809968 -0.040756 0.810434 0.582048 -0.066458 19.930217 20.183642 193.775973
-0.032029 -0.072305 -0.996868 -0.583489 0.811131 -0.040086 0.811489 0.580378 -0.068169 18.772517 20.123843 193.692786
-0.034005 -0.072577 -0.996783 -0.582562 0.811839 -0.039237 0.812075 0.579353 -0.069887 17.526180 20.066320 193.594504
-0.034318 -0.071308 -0.996864 -0.582035 0.812272 -0.038067 0.812439 0.578904 -0.069380 16.247901 20.000795 193.502436
-0.033012 -0.066893 -0.997214 -0.581419 0.812839 -0.035278 0.812934 0.578635 -0.065726 15.056667 19.938571 193.420868
-0.033011 -0.063915 -0.997409 -0.581347 0.812992 -0.032857 0.812986 0.578756 -0.063994 13.934938 19.884765 193.338170
-0.031213 -0.060771 -0.997664 -0.580419 0.813712 -0.031407 0.813720 0.578083 -0.060671 12.941968 19.838777 193.271346
-0.030549 -0.057286 -0.997890 -0.579540 0.814427 -0.029012 0.814371 0.577431 -0.058080 11.899886 19.793477 193.203654
-0.029799 -0.055057 -0.998038 -0.579117 0.814775 -0.027656 0.814699 0.577157 -0.056164 10.862916 19.753012 193.131492
-0.029992 -0.053873 -0.998097 -0.579176 0.814769 -0.026575 0.814650 0.577277 -0.055638 9.985038 19.722544 193.070810
-0.030325 -0.054687 -0.998043 -0.578467 0.815256 -0.027095 0.815142 0.576513 -0.056357 9.180990 19.693944 193.018827
-0.030118 -0.053610 -0.998108 -0.578445 0.815296 -0.026336 0.815165 0.576558 -0.055565 8.447365 19.670293 192.973879
-0.030325 -0.051607 -0.998207 -0.577423 0.816073 -0.024649 0.815882 0.575640 -0.054546 7.594305 19.641925 192.919839
-0.030059 -0.047766 -0.998406 -0.577305 0.816241 -0.021670 0.815975 0.575734 -0.052111 6.737724 19.611024 192.869153
-0.028964 -0.047269 -0.998462 -0.577920 0.815800 -0.021857 0.815579 0.576399 -0.050946 5.938541 19.587138 192.820287
-0.028329 -0.046922 -0.998497 -0.577431 0.816144 -0.021970 0.815948 0.575940 -0.050214 5.040389 19.560852 192.766393
-0.026328 -0.042884 -0.998733 -0.576540 0.816827 -0.019875 0.816645 0.575286 -0.046230 4.036709 19.526604 192.709717
-0.025791 -0.037818 -0.998952 -0.575959 0.817320 -0.016072 0.817071 0.574941 -0.042862 3.030804 19.501015 192.652275
-0.025405 -0.033040 -0.999131 -0.575300 0.817848 -0.012417 0.817548 0.574484 -0.039786 1.965127 19.469369 192.600466
-0.024167 -0.029473 -0.999273 -0.574728 0.818280 -0.010236 0.817988 0.574063 -0.036714 0.806058 19.444196 192.543097
-0.023211 -0.025301 -0.999410 -0.574253 0.818644 -0.007388 0.818348 0.573743 -0.033531 -0.263170 19.422225 192.493609
-0.022373 -0.022192 -0.999503 -0.573949 0.818874 -0.005334 0.818586 0.573544 -0.031058 -1.309705 19.400267 192.452707
-0.021678 -0.020363 -0.999558 -0.574106 0.818770 -0.004229 0.818494 0.573761 -0.029440 -2.360478 19.378965 192.412237
-0.021184 -0.020239 -0.999571 -0.574718 0.818340 -0.004390 0.818077 0.574379 -0.028968 -3.485955 19.355184 192.371654
-0.020837 -0.019647 -0.999590 -0.574998 0.818145 -0.004094 0.817890 0.574677 -0.028345 -4.589606 19.332721 192.329985
-0.020288 -0.022667 -0.999537 -0.575700 0.817632 -0.006857 0.817409 0.575295 -0.029637 -5.654666 19.320641 192.294289
-0.021107 -0.025670 -0.999448 -0.575633 0.817661 -0.008844 0.817436 0.575128 -0.032035 -6.643257 19.308106 192.253464
-0.020411 -0.022480 -0.999539 -0.575053 0.818089 -0.006656 0.817861 0.574652 -0.029625 -7.754944 19.290427 192.213282
-0.021148 -0.014643 -0.999669 -0.574143 0.818755 0.000153 0.818482 0.573956 -0.025723 -8.940348 19.274706 192.172899
-0.023682 -0.008738 -0.999681 -0.572355 0.819981 0.006392 0.819664 0.572324 -0.024420 -10.204853 19.262845 192.130131
-0.026047 -0.006218 -0.999641 -0.570639 0.821143 0.009761 0.820788 0.570689 -0.024937 -11.454670 19.259916 192.089809
-0.026107 -0.007134 -0.999634 -0.569982 0.821608 0.009023 0.821242 0.570009 -0.025516 -12.583288 19.258908 192.059848
-0.026503 -0.012800 -0.999567 -0.569387 0.822057 0.004570 0.821642 0.569261 -0.029075 -13.742701 19.255191 192.020479
-0.026730 -0.017667 -0.999487 -0.568520 0.822669 0.000663 0.822235 0.568246 -0.032034 -14.837378 19.246243 191.982316
-0.026963 -0.017153 -0.999489 -0.567843 0.823136 0.001192 0.822695 0.567585 -0.031934 -15.942052 19.233542 191.937585
-0.027017 -0.012830 -0.999553 -0.568233 0.822853 0.004797 0.822424 0.568109 -0.029522 -17.200078 19.226045 191.880087
-0.026382 -0.009311 -0.999609 -0.567739 0.823176 0.007317 0.822786 0.567710 -0.027003 -18.451153 19.219958 191.837291
-0.026261 -0.005859 -0.999638 -0.567727 0.823155 0.010090 0.822798 0.567786 -0.024943 -19.640096 19.209391 191.795267
-0.026042 -0.002394 -0.999658 -0.567752 0.823100 0.012819 0.822788 0.567892 -0.022795 -20.843331 19.201309 191.758957
-0.024795 -0.002889 -0.999688 -0.568698 0.822463 0.011728 0.822173 0.568811 -0.022036 -22.041350 19.198976 191.718044
-0.025795 -0.002769 -0.999663 -0.569248 0.822072 0.012412 0.821761 0.569376 -0.022782 -23.159252 19.200081 191.684340
-0.027478 -0.000917 -0.999622 -0.569254 0.822027 0.014894 0.821702 0.569448 -0.023110 -24.256207 19.207321 191.645960
-0.028986 0.004318 -0.999570 -0.568506 0.822435 0.020039 0.822168 0.568843 -0.021384 -25.256300 19.212675 191.613360
-0.030641 0.008848 -0.999491 -0.568049 0.822624 0.024696 0.822424 0.568517 -0.020180 -26.295939 19.227240 191.583386
-0.031820 0.010962 -0.999434 -0.568135 0.822489 0.027109 0.822320 0.568676 -0.019944 -27.293820 19.241649 191.556433
-0.030708 0.011425 -0.999463 -0.566902 0.823348 0.026830 0.823213 0.567421 -0.018806 -28.361739 19.252303 191.534378
-0.029952 0.010466 -0.999497 -0.566433 0.823710 0.025600 0.823563 0.566915 -0.018743 -29.406248 19.264644 191.507672
-0.030935 0.010946 -0.999461 -0.566689 0.823504 0.026559 0.823351 0.567205 -0.019272 -30.488311 19.276455 191.472414
-0.032190 0.015485 -0.999362 -0.565668 0.824050 0.030989 0.824004 0.566305 -0.017767 -31.681818 19.290280 191.436452
-0.032822 0.021915 -0.999221 -0.565446 0.823971 0.036645 0.824132 0.566209 -0.014653 -32.881636 19.317833 191.403885
-0.032713 0.024949 -0.999153 -0.566115 0.823398 0.039096 0.823677 0.566915 -0.012812 -34.117688 19.357593 191.368754
-0.033155 0.027123 -0.999082 -0.566871 0.822778 0.041149 0.823139 0.567715 -0.011904 -35.242221 19.397524 191.337527
-0.034086 0.029493 -0.998984 -0.567798 0.822010 0.043642 0.822462 0.568708 -0.011273 -36.432767 19.434521 191.308207
-0.034992 0.032361 -0.998864 -0.568825 0.821142 0.046530 0.821714 0.569806 -0.010325 -37.539236 19.485171 191.280034
-0.037844 0.034067 -0.998703 -0.569982 0.820160 0.049575 0.820785 0.571119 -0.011620 -38.545698 19.530000 191.256849
-0.040492 0.036033 -0.998530 -0.571688 0.818775 0.052729 0.819471 0.572983 -0.012554 -39.689159 19.580164 191.225950
-0.043047 0.038529 -0.998330 -0.572083 0.818265 0.056248 0.819066 0.573548 -0.013182 -40.812423 19.632761 191.195657
-0.046452 0.039467 -0.998141 -0.571837 0.818245 0.058966 0.819051 0.573513 -0.015441 -41.806478 19.680162 191.170959
-0.047812 0.039140 -0.998089 -0.571837 0.818208 0.059479 0.818973 0.573588 -0.016739 -42.840417 19.733985 191.137099
-0.046910 0.037371 -0.998200 -0.572884 0.817615 0.057532 0.818293 0.574552 -0.016945 -43.937907 19.784084 191.102650
-0.047532 0.036292 -0.998210 -0.572742 0.817752 0.057003 0.818357 0.574426 -0.018083 -45.038681 19.834626 191.072159
-0.050042 0.036316 -0.998087 -0.572837 0.817581 0.058469 0.818140 0.574667 -0.020110 -46.135270 19.885929 191.036498
-0.053286 0.038253 -0.997846 -0.572523 0.817548 0.061915 0.818155 0.574589 -0.021663 -47.360446 19.942982 190.997094
-0.056725 0.043815 -0.997428 -0.572408 0.817107 0.068447 0.818004 0.574819 -0.021271 -48.529779 19.998549 190.958440
-0.057926 0.046808 -0.997223 -0.572636 0.816677 0.071596 0.817761 0.575193 -0.020503 -49.736002 20.064033 190.912992
-0.060085 0.046698 -0.997100 -0.573339 0.816081 0.072770 0.817112 0.576048 -0.022261 -50.909582 20.127885 190.870759
-0.061386 0.046012 -0.997053 -0.574910 0.814954 0.073005 0.815911 0.577697 -0.023574 -52.080176 20.198105 190.829051
-0.065071 0.045592 -0.996839 -0.575202 0.814584 0.074804 0.815419 0.578251 -0.026781 -53.261109 20.275740 190.790218
-0.067449 0.047289 -0.996601 -0.575797 0.813903 0.077589 0.814806 0.579074 -0.027668 -54.401479 20.356874 190.746767
-0.069735 0.051169 -0.996252 -0.575445 0.813712 0.082073 0.814862 0.579012 -0.027299 -55.519325 20.440434 190.705248
-0.070786 0.056010 -0.995918 -0.574832 0.813674 0.086618 0.815204 0.578617 -0.025400 -56.660041 20.526956 190.667226
-0.073200 0.060861 -0.995459 -0.575287 0.812762 0.091994 0.814670 0.579408 -0.024482 -57.736497 20.612248 190.629601
-0.074869 0.063447 -0.995173 -0.575488 0.812264 0.095081 0.814376 0.579829 -0.024300 -58.773359 20.701649 190.594775
-0.076851 0.064980 -0.994923 -0.574722 0.812525 0.097460 0.814732 0.579294 -0.025098 -59.764465 20.786917 190.559034
-0.079039 0.067620 -0.994576 -0.575556 0.811512 0.100913 0.813934 0.580410 -0.025222 -60.839128 20.881996 190.519087
-0.080380 0.068447 -0.994411 -0.576419 0.810713 0.102395 0.813191 0.581428 -0.025711 -61.888601 20.976420 190.481830
-0.081016 0.070951 -0.994184 -0.576989 0.809997 0.104826 0.812724 0.582126 -0.024685 -62.961439 21.076052 190.441559
-0.080803 0.072675 -0.994077 -0.577348 0.809573 0.106116 0.812490 0.582503 -0.023457 -64.009694 21.172897 190.405469
-0.080858 0.073946 -0.993979 -0.577198 0.809541 0.107178 0.812592 0.582388 -0.022776 -64.993926 21.266500 190.375352
-0.080281 0.073277 -0.994075 -0.577349 0.809548 0.106302 0.812541 0.582463 -0.022685 -65.958836 21.361926 190.352137
-0.081352 0.073659 -0.993960 -0.576967 0.809698 0.107227 0.812706 0.582205 -0.023371 -66.963012 21.465834 190.321317
-0.081457 0.076234 -0.993757 -0.578215 0.808514 0.109419 0.811808 0.583518 -0.021780 -68.044573 21.569744 190.282230
-0.082386 0.079119 -0.993455 -0.579029 0.807531 0.112330 0.811134 0.584494 -0.020717 -69.073526 21.683509 190.249520
-0.084873 0.078006 -0.993334 -0.579623 0.807026 0.112900 0.810453 0.585341 -0.023281 -69.981102 21.779285 190.216269
-0.086680 0.073733 -0.993504 -0.579670 0.807326 0.110490 0.810228 0.585481 -0.027238 -70.848784 21.876112 190.183522
-0.089266 0.071152 -0.993463 -0.578130 0.808516 0.109853 0.811047 0.584157 -0.031037 -71.745635 21.976215 190.145079
-0.091724 0.068966 -0.993393 -0.578370 0.808389 0.109525 0.810602 0.584595 -0.034261 -72.712319 22.079323 190.094269
-0.095819 0.066614 -0.993167 -0.577392 0.809028 0.109969 0.810825 0.583984 -0.039058 -73.732540 22.183745 190.035742
-0.099012 0.064441 -0.992997 -0.575640 0.810273 0.109980 0.811687 0.582499 -0.043131 -74.806923 22.293135 189.984960
-0.101623 0.065772 -0.992646 -0.575497 0.810017 0.112588 0.811466 0.582706 -0.044465 -75.956654 22.408881 189.923423
-0.101866 0.068648 -0.992427 -0.575585 0.809604 0.115082 0.811372 0.582949 -0.042958 -77.229868 22.535374 189.849516
-0.103177 0.069199 -0.992253 -0.576012 0.809123 0.116322 0.810904 0.583551 -0.043623 -78.380145 22.659360 189.780733
-0.105212 0.066358 -0.992233 -0.575106 0.809935 0.115148 0.811285 0.582754 -0.047052 -79.461446 22.783451 189.721434
-0.106712 0.064249 -0.992212 -0.574330 0.810611 0.114258 0.811639 0.582049 -0.049602 -80.675883 22.911790 189.655920
-0.108312 0.064511 -0.992022 -0.573743 0.810869 0.115374 0.811842 0.581662 -0.050814 -81.892704 23.040786 189.587330
-0.108726 0.067528 -0.991776 -0.575076 0.809521 0.118163 0.810843 0.583194 -0.049183 -83.130731 23.174688 189.511184
-0.110640 0.070143 -0.991382 -0.574155 0.809702 0.121365 0.811237 0.582635 -0.049312 -84.218993 23.295565 189.443445
-0.112902 0.072375 -0.990967 -0.574007 0.809330 0.124507 0.811030 0.582879 -0.049832 -85.271375 23.419172 189.378269
-0.113462 0.075023 -0.990706 -0.574642 0.808486 0.127036 0.810502 0.583714 -0.048622 -86.450267 23.552969 189.306578
-0.111579 0.078316 -0.990665 -0.574288 0.808490 0.128596 0.811014 0.583276 -0.045234 -87.757383 23.700041 189.232985
-0.111893 0.078382 -0.990624 -0.573007 0.809372 0.128762 0.811876 0.582042 -0.045650 -88.878959 23.833995 189.167734
-0.114128 0.076290 -0.990533 -0.573332 0.809202 0.128383 0.811335 0.582556 -0.048613 -89.853358 23.959551 189.109874
-0.114790 0.077570 -0.990357 -0.572492 0.809576 0.129767 0.811835 0.581867 -0.048523 -90.970868 24.091418 189.045511
-0.115579 0.078641 -0.990180 -0.573386 0.808719 0.131158 0.811092 0.582915 -0.048380 -92.099672 24.226081 188.978596
-0.116732 0.079128 -0.990006 -0.574183 0.807970 0.132280 0.810362 0.583886 -0.048882 -93.138711 24.357472 188.916379
-0.117546 0.081236 -0.989739 -0.574576 0.807324 0.134503 0.809966 0.584491 -0.048222 -94.283970 24.501422 188.849618
-0.117055 0.083705 -0.989592 -0.574794 0.806877 0.136240 0.809882 0.584759 -0.046336 -95.587886 24.662000 188.772318
-0.116878 0.084616 -0.989535 -0.574383 0.807066 0.136856 0.810200 0.584367 -0.045726 -96.739746 24.806882 188.707351
-0.117136 0.083942 -0.989562 -0.573898 0.807482 0.136430 0.810506 0.583889 -0.046411 -97.821581 24.941350 188.646792
-0.117958 0.082374 -0.989596 -0.572312 0.808757 0.135540 0.811508 0.582346 -0.048256 -98.900330 25.076742 188.589501
-0.118948 0.080026 -0.989670 -0.570472 0.810298 0.134087 0.812658 0.580528 -0.050731 -99.942339 25.208964 188.529436
-0.119253 0.080615 -0.989586 -0.569972 0.810545 0.134717 0.812964 0.580102 -0.050712 -101.160858 25.363064 188.458565
-0.120093 0.081953 -0.989374 -0.569806 0.810399 0.136292 0.812957 0.580119 -0.050626 -102.302546 25.513421 188.387976
-0.123088 0.083325 -0.988891 -0.569974 0.809789 0.139179 0.812391 0.580774 -0.052182 -103.486344 25.666220 188.312499
-0.126701 0.083520 -0.988419 -0.569475 0.809752 0.141422 0.812185 0.580798 -0.055034 -104.556731 25.810456 188.245494
-0.130165 0.082717 -0.988036 -0.567966 0.810590 0.142686 0.812694 0.579743 -0.058530 -105.504247 25.939206 188.181783
-0.132827 0.082316 -0.987715 -0.567718 0.810549 0.143898 0.812437 0.579857 -0.060930 -106.485830 26.081666 188.102686
-0.135750 0.082088 -0.987337 -0.568099 0.810004 0.145453 0.811687 0.580650 -0.063324 -107.455981 26.216867 188.025379
-0.138816 0.082298 -0.986893 -0.567558 0.810035 0.147382 0.811547 0.580578 -0.065737 -108.505701 26.355891 187.951391
-0.139664 0.083715 -0.986654 -0.567281 0.809929 0.149021 0.811595 0.580523 -0.065629 -109.718850 26.522831 187.861101
-0.141786 0.087658 -0.986008 -0.566361 0.809749 0.153430 0.811869 0.580192 -0.065165 -110.977369 26.699569 187.766778
-0.147496 0.092038 -0.984771 -0.566134 0.808564 0.160364 0.811010 0.581166 -0.067154 -112.149750 26.875030 187.667900
-0.151978 0.096395 -0.983672 -0.566313 0.807178 0.166595 0.810057 0.582385 -0.068084 -113.169297 27.038660 187.575207
-0.153672 0.095716 -0.983475 -0.566319 0.807082 0.167038 0.809733 0.582630 -0.069820 -114.174419 27.212034 187.486778
-0.154179 0.089683 -0.983964 -0.565222 0.808818 0.162285 0.810403 0.581180 -0.074012 -115.155405 27.368159 187.407379
-0.154205 0.087348 -0.984170 -0.564800 0.809501 0.160342 0.810692 0.580585 -0.075494 -116.305028 27.540477 187.308152
-0.154356 0.089337 -0.983968 -0.564250 0.809551 0.162015 0.811046 0.580212 -0.074551 -117.389820 27.703219 187.214026
-0.156467 0.093803 -0.983219 -0.562856 0.809549 0.166806 0.811610 0.579510 -0.073870 -118.383529 27.862129 187.124312
-0.158990 0.098318 -0.982372 -0.562038 0.809044 0.171933 0.811687 0.579466 -0.073372 -119.372506 28.020004 187.035102
-0.161108 0.102344 -0.981616 -0.562154 0.807979 0.176504 0.811189 0.580255 -0.072639 -120.412783 28.192618 186.940769
-0.161560 0.101484 -0.981631 -0.562834 0.807588 0.176124 0.810627 0.580950 -0.073355 -121.362276 28.349183 186.858253
-0.159787 0.094086 -0.982658 -0.563557 0.808593 0.169058 0.810476 0.580797 -0.076180 -122.124775 28.469855 186.795786
-0.159024 0.088565 -0.983294 -0.565194 0.808447 0.164223 0.809485 0.581868 -0.078507 -123.040500 28.614606 186.717033
-0.157897 0.090127 -0.983334 -0.566173 0.807617 0.164934 0.809022 0.582780 -0.076492 -124.304418 28.804576 186.610103
-0.158724 0.099050 -0.982342 -0.567006 0.805380 0.172822 0.808276 0.584425 -0.071671 -125.631258 29.007026 186.499149
-0.158775 0.113141 -0.980811 -0.566399 0.803249 0.184348 0.808692 0.584800 -0.063453 -126.668388 29.177460 186.413760
-0.160833 0.118503 -0.979842 -0.564949 0.802988 0.189847 0.809299 0.584095 -0.062199 -127.726786 29.358168 186.339562
-0.163747 0.115153 -0.979759 -0.566195 0.802328 0.188927 0.807843 0.585670 -0.066180 -128.793616 29.547218 186.253602
-0.164808 0.103412 -0.980889 -0.566324 0.804298 0.179948 0.807537 0.585158 -0.073990 -129.861358 29.729480 186.163233
-0.166755 0.095196 -0.981392 -0.565950 0.805798 0.174327 0.807399 0.584489 -0.080495 -130.875195 29.902112 186.072423
-0.169258 0.090284 -0.981428 -0.565302 0.806814 0.171713 0.807332 0.583867 -0.085522 -131.871421 30.072110 185.981252
-0.170243 0.092714 -0.981031 -0.565549 0.806080 0.174322 0.806952 0.584499 -0.084796 -132.854875 30.230868 185.890398
-0.172639 0.100369 -0.979858 -0.565022 0.804756 0.181983 0.806812 0.585059 -0.082222 -133.987321 30.417263 185.777913
-0.174366 0.108195 -0.978719 -0.566255 0.802137 0.189557 0.805575 0.587257 -0.078599 -135.280031 30.643808 185.653001
-0.176861 0.111775 -0.977868 -0.565645 0.801524 0.193923 0.805460 0.587423 -0.078533 -136.612599 30.872241 185.527239
-0.178930 0.111084 -0.977571 -0.565574 0.801412 0.194587 0.805053 0.587706 -0.080571 -137.801637 31.089485 185.414028
-0.179325 0.111411 -0.977461 -0.564220 0.802277 0.194955 0.805915 0.586463 -0.081008 -139.022486 31.310356 185.300177
-0.179249 0.110770 -0.977548 -0.563673 0.802813 0.194329 0.806314 0.585850 -0.081466 -140.275501 31.538698 185.183332
-0.178531 0.109282 -0.977847 -0.562085 0.804361 0.192517 0.807581 0.584003 -0.082177 -141.402123 31.742098 185.081897
-0.178150 0.111777 -0.977634 -0.560879 0.804793 0.194222 0.808503 0.582935 -0.080680 -142.501092 31.944972 184.981026
-0.176614 0.115374 -0.977495 -0.561189 0.804073 0.196301 0.808625 0.583229 -0.077264 -143.604378 32.147596 184.878028
-0.175104 0.117173 -0.977553 -0.561917 0.803404 0.196952 0.808448 0.583791 -0.074838 -144.646004 32.337893 184.784130
-0.174220 0.116494 -0.977792 -0.562158 0.803495 0.195892 0.808471 0.583802 -0.074497 -145.665043 32.524917 184.698343
-0.171884 0.117813 -0.978047 -0.560832 0.804523 0.195473 0.809891 0.582119 -0.072212 -146.708193 32.715002 184.614896
-0.171808 0.121700 -0.977584 -0.560772 0.803794 0.198619 0.809948 0.582326 -0.069852 -147.747623 32.911321 184.534486
-0.171111 0.125316 -0.977250 -0.561043 0.802963 0.201202 0.809909 0.582707 -0.067089 -148.815845 33.122567 184.444323
-0.170700 0.130103 -0.976696 -0.560572 0.802367 0.204854 0.810321 0.582477 -0.064032 -149.926841 33.336877 184.357722
-0.169952 0.132559 -0.976496 -0.559904 0.802443 0.206378 0.810940 0.581819 -0.062156 -151.013567 33.543750 184.280219
-0.169297 0.134312 -0.976370 -0.560169 0.801981 0.207453 0.810894 0.582054 -0.060536 -152.174202 33.774224 184.198468
-0.168517 0.136580 -0.976191 -0.560458 0.801410 0.208876 0.810857 0.582313 -0.058504 -153.262880 33.988784 184.125456
-0.168794 0.140342 -0.975609 -0.561875 0.799535 0.212226 0.809818 0.583993 -0.056102 -154.321861 34.201960 184.053259
-0.169026 0.144931 -0.974897 -0.562152 0.798291 0.216141 0.809577 0.584574 -0.053459 -155.399063 34.425205 183.978563
-0.168861 0.149279 -0.974270 -0.562505 0.797090 0.219625 0.809366 0.585118 -0.050628 -156.575684 34.665902 183.902446
-0.168973 0.151539 -0.973901 -0.563204 0.796054 0.221582 0.808857 0.585947 -0.049165 -157.569054 34.881949 183.840316
-0.170061 0.151227 -0.973761 -0.563305 0.795873 0.221978 0.808559 0.586273 -0.050160 -158.508493 35.075382 183.773020
-0.170723 0.150006 -0.973834 -0.562181 0.796855 0.221301 0.809201 0.585252 -0.051711 -159.538898 35.287264 183.707735
-0.173568 0.151158 -0.973152 -0.560978 0.796991 0.223849 0.809430 0.584770 -0.053536 -160.570891 35.507225 183.648367
-0.175874 0.153312 -0.972401 -0.560896 0.796165 0.226974 0.808990 0.585334 -0.054033 -161.504528 35.712064 183.587727
-0.178982 0.156093 -0.971391 -0.561712 0.794387 0.231147 0.807741 0.587013 -0.054502 -162.454871 35.926298 183.522407
-0.181533 0.158411 -0.970542 -0.562248 0.792995 0.234597 0.806798 0.588273 -0.054888 -163.361527 36.131134 183.468185
-0.183529 0.157990 -0.970235 -0.562655 0.792447 0.235471 0.806062 0.589124 -0.056543 -164.334219 36.350894 183.401893
-0.184642 0.155543 -0.970419 -0.562515 0.792945 0.234126 0.805906 0.589105 -0.058916 -165.275539 36.564271 183.339494
-0.187766 0.153120 -0.970205 -0.563621 0.792167 0.234101 0.804410 0.590784 -0.062440 -166.146939 36.768791 183.282446
-0.190734 0.151181 -0.969930 -0.565344 0.790838 0.234439 0.802500 0.593060 -0.065371 -166.992018 36.963142 183.222174
-0.193534 0.152313 -0.969198 -0.567288 0.788616 0.237212 0.800456 0.595723 -0.066218 -168.028384 37.200488 183.138976
-0.196048 0.155548 -0.968179 -0.568236 0.786646 0.241446 0.799170 0.597489 -0.065832 -169.201231 37.473233 183.044118
-0.197855 0.158832 -0.967278 -0.569311 0.784674 0.245299 0.797959 0.599215 -0.064827 -170.284521 37.728733 182.961079
-0.199148 0.160555 -0.966728 -0.569770 0.783643 0.247522 0.797310 0.600105 -0.064581 -171.220823 37.956965 182.888828
-0.199344 0.163145 -0.966253 -0.570347 0.782503 0.249786 0.796848 0.600893 -0.062938 -172.245865 38.204192 182.813833
-0.198834 0.166158 -0.965845 -0.571216 0.781165 0.251980 0.796353 0.601808 -0.060410 -173.299842 38.454280 182.743833
-0.195808 0.165507 -0.966575 -0.572518 0.780943 0.249701 0.796167 0.602275 -0.058159 -174.229121 38.677214 182.679018
-0.192667 0.163637 -0.967524 -0.574610 0.780448 0.246421 0.795426 0.603426 -0.056340 -175.071782 38.879000 182.614106
-0.188150 0.163724 -0.968398 -0.577043 0.779447 0.243893 0.794745 0.604696 -0.052177 -176.034107 39.105320 182.547737
-0.182639 0.165479 -0.969154 -0.579560 0.778142 0.242084 0.794200 0.605897 -0.046214 -177.053244 39.344921 182.483745
-0.175125 0.166685 -0.970334 -0.582826 0.776771 0.238623 0.793502 0.607324 -0.038884 -178.055510 39.572292 182.432469
-0.166319 0.168555 -0.971559 -0.585806 0.775677 0.234854 0.793202 0.608206 -0.030270 -179.006265 39.780122 182.390540
-0.158990 0.169946 -0.972543 -0.588765 0.774421 0.231576 0.792514 0.609418 -0.023066 -179.949052 39.986072 182.355440
-0.152649 0.173215 -0.972982 -0.590789 0.773246 0.230345 0.792254 0.609989 -0.015702 -180.867543 40.189440 182.325713
-0.147848 0.175547 -0.973306 -0.592533 0.772225 0.229287 0.791862 0.610616 -0.010154 -181.855368 40.406886 182.299504
-0.141905 0.178259 -0.973697 -0.595204 0.770603 0.227822 0.790946 0.611878 -0.003253 -182.799856 40.615421 182.285692
-0.137182 0.180839 -0.973898 -0.596808 0.769613 0.226972 0.790570 0.612367 0.002349 -183.807666 40.839543 182.275926
-0.131399 0.183007 -0.974291 -0.597629 0.769513 0.225142 0.790932 0.611848 0.008257 -184.740568 41.039161 182.268781
-0.123375 0.184976 -0.974968 -0.599033 0.769399 0.221778 0.791163 0.611400 0.015882 -185.751778 41.249557 182.270117
-0.114834 0.187584 -0.975513 -0.600317 0.769308 0.218599 0.791475 0.610719 0.024268 -186.772167 41.451145 182.279864
-0.107682 0.189942 -0.975872 -0.600683 0.769728 0.216101 0.792202 0.609460 0.031209 -187.646067 41.623300 182.293717
-0.099603 0.192573 -0.976214 -0.600488 0.770662 0.213293 0.793406 0.607450 0.038877 -188.519196 41.796512 182.318723
-0.091640 0.194730 -0.976567 -0.600385 0.771593 0.210197 0.794443 0.605578 0.046204 -189.243384 41.932012 182.348896
-0.084592 0.194651 -0.977218 -0.600696 0.772515 0.205876 0.794990 0.604426 0.051577 -189.996538 42.073405 182.385206
-0.077259 0.195511 -0.977654 -0.601505 0.772883 0.202095 0.795124 0.603678 0.057889 -190.759756 42.218566 182.419216
-0.071263 0.196653 -0.977880 -0.601671 0.773457 0.199390 0.795559 0.602571 0.063201 -191.514567 42.354511 182.459797
-0.066071 0.198906 -0.977789 -0.601171 0.774175 0.198108 0.796385 0.600907 0.068425 -192.279199 42.495163 182.505906
-0.061578 0.201473 -0.977557 -0.600788 0.774629 0.197495 0.797033 0.599465 0.073342 -193.040968 42.637856 182.552471
-0.055815 0.205278 -0.977111 -0.600290 0.775108 0.197130 0.797833 0.597552 0.079963 -193.697626 42.760880 182.598643
-0.049792 0.207691 -0.976926 -0.600265 0.775546 0.195473 0.798250 0.596148 0.086053 -194.391778 42.889709 182.654392
-0.043317 0.209029 -0.976950 -0.600663 0.775943 0.192654 0.798328 0.595163 0.091944 -195.086005 43.013863 182.714616
-0.038935 0.210169 -0.976890 -0.601466 0.775762 0.190870 0.797949 0.594997 0.096205 -195.763180 43.134868 182.774342
-0.035981 0.211740 -0.976664 -0.601088 0.776167 0.190417 0.798373 0.593912 0.099347 -196.423078 43.253788 182.831835
-0.034129 0.213528 -0.976341 -0.601359 0.775885 0.190709 0.798250 0.593640 0.101927 -197.123349 43.381205 182.892383
-0.034584 0.215879 -0.975808 -0.601230 0.775453 0.192862 0.798328 0.593354 0.102974 -197.932333 43.531841 182.964973
-0.037191 0.217380 -0.975378 -0.600772 0.775108 0.195654 0.798555 0.593257 0.101769 -198.737763 43.677064 183.039149
-0.040062 0.217590 -0.975218 -0.600879 0.774556 0.197503 0.798335 0.593900 0.099715 -199.503752 43.819627 183.103268
-0.043689 0.217918 -0.974989 -0.600357 0.774327 0.199971 0.798538 0.594078 0.096999 -200.199024 43.961110 183.165594
-0.053839 0.218286 -0.974398 -0.598614 0.773973 0.206462 0.799226 0.594405 0.088999 -200.894891 44.108902 183.214435
-0.070848 0.218847 -0.973184 -0.595079 0.773728 0.217316 0.800538 0.594517 0.075414 -201.480240 44.249778 183.243048
-0.092368 0.219544 -0.971220 -0.590030 0.773632 0.230994 0.802080 0.594385 0.058079 -202.020616 44.385508 183.252042
-0.115431 0.221081 -0.968400 -0.583129 0.774160 0.246245 0.804137 0.593126 0.039557 -202.598375 44.528836 183.259198
-0.142865 0.221952 -0.964535 -0.575757 0.774033 0.263395 0.805043 0.592967 0.017208 -203.118659 44.675993 183.254076
-0.171555 0.223221 -0.959553 -0.567938 0.773449 0.281467 0.804994 0.593253 -0.005913 -203.560995 44.812427 183.234462
-0.204174 0.224603 -0.952820 -0.558657 0.772534 0.301816 0.803875 0.593923 -0.032255 -204.029596 44.965856 183.196230
-0.238858 0.225935 -0.944405 -0.547450 0.771934 0.323135 0.802026 0.594197 -0.060695 -204.563690 45.153734 183.140495
-0.275038 0.227842 -0.934046 -0.534178 0.771547 0.345497 0.799379 0.593972 -0.090497 -205.038254 45.331100 183.073695
-0.314647 0.230091 -0.920899 -0.518208 0.771199 0.369746 0.795272 0.593557 -0.123420 -205.510675 45.524659 182.987339
-0.355853 0.230479 -0.905676 -0.500490 0.771421 0.392963 0.789227 0.593119 -0.159160 -205.913955 45.706544 182.891226
-0.396591 0.230188 -0.888667 -0.482173 0.771531 0.415029 0.781169 0.593088 -0.194992 -206.359709 45.926976 182.766396
-0.434308 0.228995 -0.871170 -0.463828 0.772216 0.434219 0.772166 0.592658 -0.229166 -206.718122 46.114639 182.640912
-0.474073 0.228430 -0.850338 -0.443390 0.772435 0.454697 0.760697 0.592591 -0.264907 -207.168121 46.358269 182.480740
-0.512191 0.228597 -0.827891 -0.423757 0.771173 0.475102 0.747054 0.594168 -0.298118 -207.658479 46.654970 182.263776
-0.548514 0.228909 -0.804197 -0.402815 0.770485 0.494058 0.732716 0.594940 -0.330413 -208.102083 46.954533 182.033005
-0.581468 0.229880 -0.780417 -0.382169 0.769651 0.511453 0.718221 0.595645 -0.359674 -208.555996 47.253923 181.801671
-0.611618 0.231342 -0.756575 -0.362120 0.768382 0.527691 0.703415 0.596716 -0.386183 -209.029962 47.594384 181.525006
-0.640624 0.233736 -0.731415 -0.340597 0.767209 0.543492 0.688182 0.597292 -0.411883 -209.502287 47.947762 181.233352
-0.666212 0.236408 -0.707299 -0.321235 0.764958 0.558254 0.673030 0.599125 -0.433682 -209.960182 48.310019 180.927477
-0.693970 0.237806 -0.679598 -0.301297 0.761348 0.574081 0.653930 0.603156 -0.456703 -210.385203 48.672748 180.606796
-0.719825 0.240475 -0.651171 -0.280700 0.757120 0.589896 0.634870 0.607405 -0.477492 -210.768482 49.040057 180.285342
-0.746342 0.242592 -0.619776 -0.257227 0.753713 0.604773 0.613847 0.610791 -0.500127 -211.118398 49.415195 179.950616
-0.770709 0.242414 -0.589273 -0.234495 0.751994 0.616050 0.592469 0.612977 -0.522724 -211.384872 49.717144 179.674293
-0.793613 0.242314 -0.558088 -0.210943 0.750794 0.625949 0.570685 0.614486 -0.544725 -211.652085 50.033821 179.383948
-0.813435 0.243865 -0.528066 -0.187367 0.749615 0.634800 0.550652 0.615310 -0.564071 -211.910672 50.371451 179.063190
-0.830594 0.245108 -0.500036 -0.166290 0.747791 0.642772 0.531471 0.617034 -0.580351 -212.152116 50.705607 178.742798
-0.845026 0.243864 -0.475879 -0.149304 0.746952 0.647897 0.513458 0.618541 -0.594785 -212.355217 51.000070 178.449738
-0.856738 0.243131 -0.454849 -0.132961 0.747984 0.650262 0.498319 0.617581 -0.608499 -212.572565 51.323595 178.132373
-0.867958 0.243248 -0.432990 -0.114702 0.750086 0.651317 0.483211 0.614980 -0.623142 -212.800990 51.674970 177.783945
-0.876709 0.244565 -0.414209 -0.098574 0.751485 0.652345 0.470812 0.612746 -0.634726 -213.015247 52.026372 177.428780
-0.884741 0.243893 -0.397176 -0.086066 0.752012 0.653506 0.458067 0.612367 -0.644345 -213.228650 52.402085 177.040559
-0.892475 0.242797 -0.380181 -0.073501 0.753261 0.653602 0.445068 0.611267 -0.654421 -213.438733 52.783505 176.647475
-0.900132 0.241865 -0.362304 -0.059948 0.755012 0.652965 0.431473 0.609474 -0.665111 -213.627423 53.136955 176.270819
-0.908408 0.240293 -0.342132 -0.044837 0.757620 0.651154 0.415674 0.606853 -0.677454 -213.813567 53.499980 175.869295
-0.915835 0.238991 -0.322692 -0.030990 0.759142 0.650187 0.400358 0.605464 -0.687842 -213.980883 53.846849 175.482360
-0.923430 0.237734 -0.301264 -0.016679 0.759413 0.650395 0.383405 0.605619 -0.697299 -214.164128 54.254210 175.021969
-0.930404 0.238983 -0.277913 -0.000519 0.757355 0.653003 0.366535 0.607701 -0.704523 -214.312891 54.608699 174.611091
-0.938766 0.237248 -0.249863 0.016135 0.754651 0.655928 0.344177 0.611731 -0.712269 -214.439344 54.969858 174.192448
-0.945881 0.236356 -0.222364 0.033167 0.752043 0.658279 0.322816 0.615278 -0.719182 -214.568222 55.388650 173.710733
-0.951469 0.236918 -0.196410 0.050736 0.750250 0.659204 0.303534 0.617247 -0.725860 -214.668802 55.749842 173.284070
-0.957104 0.236410 -0.167516 0.069942 0.749566 0.658225 0.281175 0.618273 -0.733947 -214.757003 56.134918 172.818473
-0.961827 0.235811 -0.138859 0.088599 0.748421 0.657279 0.258919 0.619886 -0.740744 -214.840741 56.570204 172.288237
-0.966145 0.234110 -0.108431 0.107382 0.747021 0.656071 0.234593 0.622216 -0.746869 -214.905661 57.012519 171.754986
-0.969720 0.232693 -0.074143 0.129075 0.746053 0.653257 0.207322 0.623907 -0.753497 -214.932964 57.376403 171.301351
-0.971712 0.232425 -0.041885 0.150374 0.745656 0.649142 0.182109 0.624481 -0.759513 -214.945099 57.756041 170.826312
-0.973006 0.230642 -0.007975 0.171410 0.745403 0.644200 0.154524 0.625443 -0.764816 -214.925780 58.084632 170.403989
-0.972831 0.229816 0.028024 0.194528 0.745755 0.637188 0.125537 0.625327 -0.770199 -214.892093 58.383287 170.022085
-0.971134 0.228461 0.068581 0.219923 0.746230 0.628311 0.092367 0.625257 -0.774934 -214.835375 58.695394 169.608317
-0.967674 0.227800 0.108236 0.244788 0.745010 0.620516 0.060717 0.626951 -0.776689 -214.747655 59.038129 169.150304
-0.962771 0.226193 0.148019 0.268794 0.742978 0.612971 0.028675 0.629937 -0.776117 -214.641372 59.366509 168.703931
-0.956543 0.224715 0.185818 0.291585 0.741269 0.604564 -0.001887 0.632474 -0.774580 -214.521791 59.706091 168.237813
-0.951117 0.223996 0.212610 0.307954 0.739745 0.598282 -0.023264 0.634510 -0.772564 -214.357565 60.132588 167.658469
-0.945833 0.221309 0.237532 0.321541 0.739636 0.591227 -0.044844 0.635579 -0.770733 -214.153925 60.595954 167.026435
-0.941219 0.221181 0.255315 0.332542 0.739499 0.585284 -0.059351 0.635783 -0.769582 -213.937149 61.063941 166.380173
-0.937418 0.221375 0.268778 0.341068 0.739248 0.580677 -0.070146 0.636008 -0.768488 -213.691614 61.558853 165.686661
-0.932884 0.221395 0.284099 0.350580 0.739027 0.575268 -0.082595 0.636258 -0.767043 -213.408461 62.101498 164.921577
-0.927776 0.221680 0.300148 0.360636 0.739192 0.568803 -0.095775 0.635966 -0.765751 -213.100769 62.660307 164.126041
-0.922711 0.221076 0.315800 0.369541 0.740485 0.561357 -0.109742 0.634671 -0.764950 -212.793606 63.164298 163.400775
-0.915013 0.222668 0.336408 0.383144 0.740717 0.551851 -0.126303 0.633843 -0.763079 -212.495667 63.639447 162.703529
-0.907263 0.223288 0.356393 0.395906 0.739342 0.544640 -0.141885 0.635230 -0.759179 -212.172832 64.125750 161.990165
-0.899227 0.222795 0.376502 0.408242 0.736688 0.539100 -0.157256 0.638477 -0.753404 -211.853828 64.556481 161.338730
-0.889573 0.222324 0.399038 0.422132 0.733895 0.532168 -0.174538 0.641849 -0.746703 -211.507087 64.989430 160.681638
-0.880757 0.221592 0.418527 0.433780 0.732084 0.525250 -0.190006 0.644166 -0.740910 -211.143289 65.423955 160.022277
-0.873735 0.222224 0.432671 0.442773 0.731598 0.518380 -0.201345 0.644501 -0.737617 -210.800652 65.816529 159.426544
-0.868951 0.221244 0.442692 0.447911 0.732008 0.513362 -0.210476 0.644373 -0.735176 -210.432476 66.222684 158.817453
-0.862383 0.220677 0.455628 0.455303 0.731577 0.507439 -0.221347 0.645056 -0.731375 -210.070342 66.607635 158.231226
-0.855753 0.219095 0.468705 0.462190 0.730861 0.502218 -0.232525 0.646405 -0.726700 -209.665823 67.017560 157.602569
-0.848839 0.218135 0.481549 0.469183 0.730588 0.496094 -0.243598 0.647038 -0.722496 -209.194707 67.478733 156.903919
-0.842495 0.217284 0.492939 0.475390 0.730288 0.490595 -0.253389 0.647663 -0.718559 -208.742869 67.915243 156.256163
-0.839354 0.217266 0.498278 0.478396 0.730506 0.487338 -0.258113 0.647423 -0.717092 -208.238420 68.387425 155.528045
-0.837549 0.217362 0.501264 0.479837 0.731381 0.484601 -0.261281 0.646402 -0.716865 -207.735439 68.855605 154.806537
-0.834561 0.216501 0.506592 0.482339 0.731449 0.482008 -0.266191 0.646614 -0.714865 -207.287977 69.262853 154.169374
-0.831671 0.215323 0.511820 0.484696 0.731235 0.479965 -0.270913 0.647249 -0.712513 -206.793690 69.703576 153.472403
-0.829544 0.213334 0.516086 0.485736 0.731614 0.478333 -0.275531 0.647480 -0.710530 -206.253481 70.174558 152.719393
-0.826565 0.211586 0.521557 0.487851 0.731463 0.476406 -0.280699 0.648223 -0.707824 -205.661273 70.691420 151.905270
-0.823577 0.212295 0.525977 0.490258 0.732786 0.471881 -0.285251 0.646495 -0.707585 -205.116436 71.161127 151.164499
-0.821342 0.213196 0.529098 0.491589 0.735065 0.466927 -0.289374 0.643605 -0.708544 -204.593749 71.604473 150.461579
-0.818829 0.213882 0.532703 0.493275 0.736795 0.462398 -0.293595 0.641395 -0.708812 -204.049464 72.054780 149.726265
-0.815114 0.213037 0.538706 0.496118 0.736833 0.459287 -0.299091 0.641633 -0.706294 -203.515194 72.488289 149.020301
-0.810935 0.211549 0.545555 0.499280 0.736358 0.456613 -0.305128 0.642669 -0.702761 -202.954964 72.934008 148.289693
-0.807042 0.209743 0.551989 0.502383 0.735133 0.455183 -0.310314 0.644661 -0.698654 -202.350595 73.409400 147.502092
-0.802199 0.207645 0.559785 0.506568 0.732953 0.454058 -0.316014 0.647814 -0.693161 -201.748448 73.867712 146.730626
-0.798696 0.206688 0.565124 0.509665 0.731625 0.452732 -0.319885 0.649619 -0.689688 -201.182477 74.300542 146.011060
-0.794951 0.206308 0.570516 0.512447 0.731713 0.449438 -0.324731 0.649641 -0.687398 -200.620239 74.724986 145.315004
-0.791392 0.206512 0.575371 0.514942 0.732436 0.445389 -0.329444 0.648760 -0.685986 -200.073595 75.133444 144.627778
-0.786272 0.207197 0.582105 0.518467 0.733715 0.439152 -0.336108 0.647095 -0.684324 -199.531722 75.514694 143.971366
-0.781077 0.207850 0.588827 0.522544 0.733815 0.434123 -0.341857 0.646772 -0.681777 -198.934434 75.920528 143.260318
-0.777192 0.208007 0.593890 0.525595 0.733536 0.430901 -0.346009 0.647038 -0.679426 -198.379770 76.298210 142.609501
-0.773331 0.207214 0.599184 0.528380 0.732957 0.428471 -0.350391 0.647947 -0.676307 -197.813143 76.673456 141.953018
-0.769848 0.206302 0.603965 0.530510 0.732940 0.425861 -0.354814 0.648258 -0.673698 -197.231041 77.049285 141.293353
-0.766355 0.204907 0.608863 0.532004 0.733687 0.422700 -0.360101 0.647855 -0.671276 -196.609322 77.451815 140.591757
-0.763121 0.204123 0.613172 0.533542 0.734382 0.419543 -0.364664 0.647315 -0.669330 -195.942208 77.886723 139.838381
-0.759330 0.204034 0.617889 0.536063 0.734413 0.416261 -0.368855 0.647308 -0.667038 -195.286146 78.309530 139.108366
-0.754925 0.203442 0.623458 0.538998 0.734033 0.413132 -0.373590 0.647926 -0.663794 -194.595818 78.743926 138.343868
-0.750857 0.203888 0.628206 0.541689 0.734292 0.409130 -0.377870 0.647491 -0.661793 -193.911709 79.168521 137.605224
-0.745846 0.204467 0.633961 0.545198 0.734192 0.404624 -0.382717 0.647422 -0.659069 -193.281058 79.540890 136.944280
-0.740635 0.204508 0.640028 0.548279 0.734569 0.399747 -0.388394 0.646981 -0.656175 -192.657359 79.910613 136.290777
-0.736944 0.203984 0.644441 0.549898 0.735350 0.396071 -0.393098 0.646259 -0.654082 -191.975696 80.305129 135.583493
-0.733217 0.205002 0.648357 0.552181 0.735951 0.391755 -0.396848 0.645252 -0.652810 -191.384123 80.634338 134.962687
-0.730070 0.206196 0.651522 0.553988 0.736797 0.387592 -0.400120 0.643905 -0.652143 -190.774362 80.974051 134.325881
-0.728368 0.204520 0.653951 0.553213 0.738654 0.385156 -0.404271 0.642309 -0.651156 -190.166010 81.300295 133.699935
-0.725441 0.202616 0.657786 0.553564 0.739692 0.382653 -0.409027 0.641719 -0.648764 -189.520623 81.644999 133.047929
-0.721658 0.200835 0.662476 0.554574 0.740492 0.379630 -0.414316 0.641355 -0.645760 -188.896477 81.971545 132.421405
-0.717972 0.199441 0.666888 0.555770 0.741085 0.376713 -0.419088 0.641106 -0.642922 -188.321708 82.257372 131.856785
-0.714430 0.198540 0.670949 0.556548 0.742414 0.372928 -0.424080 0.639846 -0.640900 -187.677448 82.576701 131.229152
-0.709894 0.198322 0.675810 0.558250 0.743484 0.368223 -0.429427 0.638670 -0.638508 -187.019592 82.908512 130.596132
-0.704775 0.198475 0.681102 0.560901 0.743730 0.363671 -0.434376 0.638337 -0.635487 -186.323052 83.246643 129.934790
-0.700463 0.199155 0.685338 0.563283 0.743943 0.359529 -0.438251 0.637876 -0.633285 -185.619442 83.582697 129.270824
-0.695474 0.200509 0.690008 0.566161 0.744229 0.354381 -0.442467 0.637119 -0.631112 -184.934417 83.895776 128.630307
-0.689152 0.202319 0.695799 0.569046 0.745592 0.346813 -0.448616 0.634949 -0.628955 -184.272906 84.190422 128.015927
-0.682519 0.203867 0.701859 0.571699 0.747195 0.338910 -0.455333 0.632565 -0.626525 -183.630240 84.468813 127.426255
-0.675240 0.205384 0.708427 0.575030 0.748091 0.331209 -0.461943 0.631013 -0.623243 -182.930357 84.770496 126.793429
-0.668954 0.206123 0.714153 0.578025 0.748306 0.325461 -0.467320 0.630517 -0.619727 -182.183973 85.085092 126.133565
-0.663000 0.207044 0.719419 0.581205 0.748053 0.320340 -0.471839 0.630515 -0.616294 -181.461711 85.370483 125.494661
-0.658275 0.207611 0.723583 0.583098 0.748555 0.315694 -0.476100 0.629733 -0.613812 -180.812406 85.614580 124.922384
-0.653631 0.209963 0.727105 0.585026 0.749665 0.309431 -0.480116 0.627629 -0.612838 -180.089190 85.885697 124.293548
-0.649660 0.212181 0.730014 0.586664 0.750641 0.303913 -0.483494 0.625713 -0.612141 -179.316844 86.173335 123.624478
-0.647190 0.214223 0.731610 0.587424 0.751819 0.299501 -0.485879 0.623599 -0.612410 -178.546162 86.469094 122.964587
-0.645124 0.214861 0.733246 0.588418 0.751884 0.297380 -0.487420 0.623302 -0.611487 -177.739152 86.769032 122.265119
-0.642412 0.214894 0.735614 0.589198 0.752298 0.294778 -0.490054 0.622791 -0.609900 -176.938446 87.062086 121.577236
-0.639382 0.215772 0.737993 0.589674 0.753566 0.290556 -0.493433 0.620951 -0.609051 -176.161112 87.343980 120.915840
-0.636128 0.216586 0.740561 0.590700 0.754190 0.286829 -0.496401 0.619910 -0.607699 -175.379630 87.622169 120.252452
-0.632314 0.216979 0.743706 0.592852 0.753488 0.284222 -0.498704 0.620625 -0.605078 -174.545992 87.920265 119.553771
-0.628318 0.216364 0.747264 0.595228 0.752189 0.282693 -0.500919 0.622413 -0.601400 -173.665181 88.231912 118.820750
-0.623627 0.215225 0.751510 0.597977 0.750539 0.281273 -0.503501 0.624795 -0.596756 -172.808054 88.539876 118.117038
-0.618213 0.213282 0.756521 0.600663 0.748983 0.279693 -0.506968 0.627324 -0.591142 -172.036078 88.799840 117.489277
-0.613487 0.214000 0.760156 0.602262 0.749405 0.275086 -0.510797 0.626575 -0.588634 -171.293333 89.034841 116.881893
-0.608171 0.217997 0.763286 0.604411 0.750516 0.267233 -0.514602 0.623862 -0.588202 -170.557667 89.272693 116.295993
-0.601690 0.226145 0.766046 0.609108 0.750320 0.256920 -0.516678 0.621191 -0.589207 -169.784660 89.527755 115.683751
-0.595177 0.232121 0.769341 0.612034 0.751337 0.246793 -0.520748 0.617748 -0.589244 -169.050917 89.746769 115.111490
-0.590507 0.234031 0.772354 0.614546 0.750724 0.242377 -0.523101 0.617772 -0.587131 -168.174753 90.008125 114.426732
-0.585852 0.232419 0.776375 0.615505 0.750799 0.239697 -0.527191 0.618290 -0.582913 -167.312874 90.246625 113.758730
-0.582023 0.231058 0.779655 0.616067 0.751097 0.237308 -0.530764 0.618438 -0.579503 -166.448108 90.477217 113.088597
-0.580319 0.229708 0.781322 0.616283 0.751038 0.236934 -0.532377 0.619013 -0.577407 -165.589936 90.717261 112.433338
-0.579636 0.228932 0.782056 0.616242 0.751091 0.236872 -0.533168 0.619236 -0.576437 -164.801088 90.938350 111.847417
-0.578759 0.229835 0.782441 0.616273 0.751634 0.235061 -0.534084 0.618241 -0.576656 -164.047568 91.140451 111.269202
-0.577345 0.232423 0.782721 0.617888 0.751027 0.232750 -0.533748 0.618011 -0.577213 -163.298062 91.330481 110.687546
-0.574094 0.233814 0.784695 0.618764 0.751530 0.228765 -0.536234 0.616874 -0.576125 -162.559476 91.523950 110.130209
-0.570829 0.234425 0.786892 0.619859 0.751534 0.225768 -0.538451 0.616637 -0.574308 -161.885298 91.700944 109.612208
-0.569195 0.234866 0.787944 0.621104 0.750770 0.224888 -0.538746 0.617400 -0.573210 -161.115263 91.889353 109.022650
-0.566328 0.235247 0.789893 0.622662 0.750026 0.223055 -0.539968 0.618158 -0.571240 -160.304394 92.088814 108.412421
-0.563823 0.236600 0.791280 0.624879 0.748673 0.221394 -0.540028 0.619281 -0.569966 -159.524774 92.284294 107.835205
-0.560430 0.239016 0.792962 0.627146 0.747822 0.217828 -0.540930 0.619381 -0.569000 -158.697419 92.493887 107.225811
-0.558262 0.241190 0.793833 0.628887 0.747100 0.215273 -0.541151 0.619410 -0.568759 -157.949027 92.677065 106.673272
-0.557152 0.241540 0.794507 0.628843 0.747588 0.213703 -0.542346 0.618685 -0.568410 -157.229915 92.853414 106.146819
-0.556145 0.241105 0.795344 0.628287 0.748411 0.212453 -0.544020 0.617859 -0.567708 -156.451046 93.038918 105.574629
-0.554634 0.240757 0.796503 0.628956 0.748017 0.211864 -0.544789 0.618472 -0.566301 -155.664689 93.222893 105.009061
-0.552532 0.241578 0.797715 0.630233 0.747416 0.210182 -0.545449 0.618878 -0.565221 -154.816640 93.424095 104.393406
-0.550220 0.242009 0.799180 0.630774 0.747601 0.207887 -0.547157 0.618486 -0.563998 -154.005347 93.611542 103.806955
-0.548152 0.242158 0.800555 0.630952 0.748042 0.205749 -0.549025 0.617894 -0.562831 -153.128621 93.812655 103.177675
-0.544685 0.242356 0.802858 0.631981 0.747929 0.202982 -0.551287 0.617952 -0.560551 -152.281332 94.003955 102.567735
-0.541427 0.242414 0.805042 0.632994 0.747725 0.200562 -0.553331 0.618176 -0.558286 -151.449914 94.182257 101.970590
-0.538996 0.243338 0.806393 0.634207 0.747272 0.198409 -0.554315 0.618361 -0.557103 -150.631306 94.361373 101.385752
-0.535870 0.245599 0.807790 0.635521 0.747206 0.194412 -0.555839 0.617547 -0.556488 -149.880913 94.521879 100.855645
-0.534592 0.246740 0.808289 0.635539 0.747799 0.192062 -0.557048 0.616374 -0.556580 -149.080775 94.699563 100.291500
-0.532799 0.245818 0.809752 0.634949 0.748699 0.190498 -0.559433 0.615648 -0.554988 -148.208358 94.885203 99.682339
-0.533375 0.243436 0.810093 0.631677 0.751574 0.190053 -0.562579 0.613087 -0.554644 -147.295704 95.072659 99.048909
-0.534097 0.241048 0.810331 0.629135 0.753591 0.190499 -0.564738 0.611553 -0.554142 -146.377474 95.265795 98.422887
-0.534084 0.240702 0.810442 0.628893 0.753775 0.190571 -0.565020 0.611462 -0.553955 -145.460582 95.462187 97.785375
-0.533792 0.241115 0.810512 0.629715 0.753056 0.190699 -0.564380 0.612185 -0.553809 -144.558214 95.646913 97.146267
-0.534048 0.242298 0.809990 0.630685 0.752215 0.190812 -0.563054 0.612751 -0.554532 -143.685406 95.829299 96.532778
-0.534744 0.242072 0.809599 0.629990 0.752739 0.191042 -0.563171 0.612197 -0.555025 -142.893004 95.998819 95.976408
-0.535301 0.241174 0.809499 0.629276 0.753159 0.191735 -0.563440 0.612034 -0.554932 -142.058113 96.176419 95.387674
-0.535740 0.240232 0.809488 0.628134 0.754062 0.191932 -0.564296 0.611293 -0.554879 -141.200280 96.357253 94.790870
-0.537058 0.238476 0.809134 0.626700 0.754857 0.193490 -0.564638 0.611000 -0.554855 -140.338747 96.542040 94.189548
-0.538434 0.235866 0.808984 0.624876 0.755844 0.195525 -0.565348 0.610793 -0.554359 -139.536741 96.715883 93.634331
-0.540217 0.233984 0.808342 0.623523 0.756379 0.197759 -0.565141 0.610853 -0.554503 -138.792213 96.879723 93.120240
-0.541091 0.233028 0.808033 0.623023 0.756453 0.199048 -0.564856 0.611127 -0.554492 -138.047480 97.047173 92.603444
-0.540743 0.234310 0.807896 0.624974 0.754746 0.199414 -0.563032 0.612746 -0.554561 -137.221717 97.234896 92.029812
-0.540405 0.233595 0.808329 0.624758 0.754895 0.199526 -0.563596 0.612835 -0.553889 -136.397858 97.421873 91.452937
-0.541544 0.231336 0.808216 0.622639 0.756330 0.200714 -0.564846 0.611923 -0.553624 -135.577000 97.600551 90.889881
-0.541924 0.228617 0.808735 0.621424 0.756865 0.202455 -0.565818 0.612283 -0.552232 -134.736979 97.791220 90.302775
-0.540755 0.226153 0.810209 0.621165 0.756844 0.203324 -0.567220 0.613222 -0.549746 -133.897274 97.980640 89.720645
-0.538113 0.225460 0.812159 0.622349 0.756106 0.202450 -0.568434 0.614387 -0.547185 -133.087706 98.161391 89.157951
-0.534633 0.226607 0.814136 0.623850 0.755696 0.199334 -0.570069 0.614469 -0.545389 -132.261930 98.345318 88.596364
-0.530252 0.227661 0.816702 0.624764 0.756106 0.194865 -0.573151 0.613574 -0.543162 -131.478928 98.511471 88.072183
-0.524772 0.229074 0.819841 0.627168 0.755249 0.190417 -0.575565 0.614104 -0.540001 -130.703454 98.675040 87.556362
-0.518306 0.228296 0.824160 0.628152 0.755597 0.185734 -0.580331 0.613965 -0.535035 -129.866665 98.842769 87.001399
-0.512891 0.227081 0.827875 0.628914 0.755795 0.182319 -0.584303 0.614172 -0.530455 -129.012175 99.000688 86.445859
-0.506826 0.224819 0.832216 0.630029 0.755519 0.179593 -0.588379 0.615343 -0.524560 -128.226651 99.139369 85.948432
-0.500637 0.222860 0.836478 0.630401 0.756088 0.175857 -0.593260 0.615357 -0.519017 -127.404598 99.284243 85.431661
-0.496108 0.221501 0.839532 0.630732 0.756438 0.173144 -0.596702 0.615418 -0.514983 -126.550302 99.433964 84.904186
-0.489004 0.221745 0.843626 0.631880 0.756785 0.167347 -0.601335 0.614903 -0.510187 -125.756359 99.569840 84.420140
-0.479962 0.222230 0.848676 0.633843 0.756663 0.160329 -0.606531 0.614879 -0.504028 -124.970990 99.698107 83.949022
-0.468505 0.220791 0.855427 0.635430 0.756919 0.152650 -0.613785 0.615081 -0.494917 -124.177527 99.817905 83.488743
-0.454508 0.218382 0.863558 0.638407 0.755949 0.144838 -0.621175 0.617131 -0.483001 -123.339140 99.933784 83.011219
-0.439044 0.216023 0.872109 0.641393 0.755088 0.135858 -0.629170 0.619012 -0.470073 -122.513008 100.038579 82.559464
-0.417680 0.217783 0.882107 0.646349 0.753546 0.120005 -0.638573 0.620273 -0.455505 -121.699754 100.135591 82.125222
-0.396159 0.218477 0.891810 0.649917 0.752817 0.104279 -0.648588 0.620914 -0.440227 -120.883525 100.209729 81.708443
-0.377351 0.216042 0.900518 0.652031 0.752504 0.092693 -0.657618 0.622144 -0.424824 -120.034250 100.263000 81.303716
-0.355883 0.215374 0.909374 0.654981 0.751575 0.078325 -0.666593 0.623497 -0.408539 -119.176628 100.307548 80.908053
-0.335362 0.215099 0.917205 0.658068 0.750175 0.064685 -0.674150 0.625276 -0.393130 -118.264675 100.348325 80.501864
-0.313741 0.214018 0.925074 0.660727 0.748904 0.050826 -0.681914 0.627167 -0.376370 -117.377500 100.373961 80.129248
-0.291270 0.213552 0.932501 0.662444 0.748267 0.035557 -0.690166 0.628086 -0.359414 -116.428842 100.393718 79.748698
-0.270861 0.213805 0.938574 0.662958 0.748366 0.020845 -0.697941 0.627881 -0.344447 -115.514673 100.391899 79.403522
-0.251527 0.214732 0.943729 0.663095 0.748507 0.006419 -0.705010 0.627397 -0.330657 -114.569879 100.373396 79.061083
-0.229364 0.215117 0.949272 0.664931 0.746855 -0.008586 -0.710815 0.629231 -0.314340 -113.522351 100.344773 78.699064
-0.209031 0.214090 0.954186 0.664554 0.746916 -0.022002 -0.717408 0.629509 -0.298403 -112.512126 100.297712 78.373427
-0.189184 0.212610 0.958648 0.663479 0.747384 -0.034822 -0.723882 0.629455 -0.282455 -111.473200 100.238670 78.058344
-0.169478 0.212645 0.962320 0.663138 0.746939 -0.048264 -0.729058 0.629971 -0.267603 -110.560293 100.174900 77.793806
-0.154619 0.213092 0.964720 0.662840 0.746461 -0.058646 -0.732623 0.630387 -0.256663 -109.601298 100.099678 77.523014
-0.135194 0.213919 0.967451 0.663164 0.744998 -0.072059 -0.736164 0.631836 -0.242582 -108.655729 100.010253 77.275076
-0.113472 0.216042 0.969768 0.663052 0.743380 -0.088024 -0.739924 0.633018 -0.227600 -107.689890 99.908517 77.038633
-0.091786 0.216057 0.972057 0.662004 0.742456 -0.102515 -0.743859 0.634096 -0.211178 -106.689105 99.787337 76.811233
-0.070097 0.216117 0.973848 0.660410 0.741724 -0.117068 -0.747627 0.634932 -0.194719 -105.693231 99.648742 76.598476
-0.047692 0.216875 0.975034 0.659092 0.740311 -0.132428 -0.750549 0.636321 -0.178248 -104.731020 99.500644 76.409271
-0.028653 0.219676 0.975152 0.657082 0.739300 -0.147237 -0.753275 0.636536 -0.165528 -103.865091 99.354641 76.255425
-0.009433 0.223349 0.974693 0.655783 0.737233 -0.162589 -0.754890 0.637653 -0.153423 -102.998945 99.193117 76.110988
0.006318 0.225794 0.974155 0.654888 0.735263 -0.174670 -0.755699 0.639066 -0.143224 -102.008561 99.001277 75.959475
0.019665 0.226898 0.973720 0.652132 0.735309 -0.184513 -0.757851 0.638622 -0.133508 -101.059461 98.802481 75.829890
0.037128 0.227356 0.973104 0.648554 0.735353 -0.196553 -0.760262 0.638408 -0.120151 -100.006491 98.565604 75.690963
0.050190 0.228169 0.972327 0.647850 0.733507 -0.205568 -0.760113 0.640239 -0.111005 -98.990539 98.328795 75.559134
0.058387 0.228568 0.971775 0.647451 0.732276 -0.211137 -0.759867 0.641505 -0.105232 -97.893750 98.072286 75.422268
0.065221 0.229515 0.971117 0.647548 0.730715 -0.216188 -0.759228 0.642945 -0.100965 -96.823366 97.818541 75.295341
0.070756 0.230860 0.970411 0.648403 0.728630 -0.220618 -0.758002 0.644827 -0.098135 -95.694666 97.542400 75.162925
0.075257 0.232206 0.969751 0.648738 0.727156 -0.224462 -0.757281 0.646007 -0.095917 -94.562089 97.261313 75.032060
0.080166 0.233275 0.969101 0.648949 0.725746 -0.228379 -0.756596 0.647205 -0.093204 -93.600907 97.008370 74.927700
0.084035 0.234004 0.968597 0.648725 0.724980 -0.231431 -0.756369 0.647801 -0.090880 -92.590356 96.736806 74.823166
0.086897 0.234652 0.968188 0.648941 0.724050 -0.233726 -0.755860 0.648606 -0.089357 -91.554997 96.462086 74.716976
0.090039 0.234101 0.968034 0.649268 0.723248 -0.235294 -0.755211 0.649699 -0.086874 -90.475063 96.174481 74.604210
0.092894 0.234033 0.967781 0.649503 0.722462 -0.237053 -0.754663 0.650597 -0.084893 -89.458927 95.910543 74.500215
0.095236 0.234211 0.967510 0.650173 0.721343 -0.238620 -0.753794 0.651774 -0.083580 -88.418722 95.635630 74.395854
0.098271 0.234122 0.967228 0.650825 0.720150 -0.240440 -0.752841 0.653124 -0.081602 -87.416455 95.361313 74.298578
0.099894 0.233442 0.967226 0.651361 0.719502 -0.240925 -0.752163 0.654080 -0.080181 -86.428228 95.093683 74.208255
0.100552 0.232691 0.967339 0.651187 0.719698 -0.240810 -0.752226 0.654133 -0.079158 -85.335674 94.798794 74.105615
0.101634 0.231489 0.967514 0.652550 0.718575 -0.240476 -0.750899 0.655792 -0.078027 -84.295258 94.519392 74.005498
0.099804 0.230956 0.967832 0.655241 0.716747 -0.238608 -0.748798 0.657977 -0.079798 -83.254734 94.252117 73.902815
0.098713 0.230163 0.968132 0.657360 0.715310 -0.237084 -0.747083 0.659815 -0.080690 -82.244071 93.991010 73.799170
0.099049 0.228775 0.968427 0.659365 0.713801 -0.236063 -0.745270 0.661929 -0.080145 -81.195557 93.715111 73.696553
0.095951 0.227567 0.969024 0.661715 0.712669 -0.232886 -0.743590 0.663563 -0.082204 -80.116122 93.432744 73.582802
0.090966 0.225059 0.970090 0.663161 0.713030 -0.227607 -0.742928 0.664030 -0.084389 -78.936278 93.132135 73.460668
0.089110 0.222189 0.970923 0.664959 0.712475 -0.224074 -0.741545 0.665591 -0.084258 -77.755541 92.833181 73.336538
0.084801 0.219805 0.971851 0.667234 0.711856 -0.219222 -0.740005 0.667043 -0.086295 -76.690585 92.574027 73.222863
0.079675 0.219675 0.972314 0.669435 0.710934 -0.215477 -0.738586 0.668069 -0.090415 -75.677819 92.336766 73.114820
0.073878 0.219488 0.972814 0.670380 0.711270 -0.211388 -0.738331 0.667772 -0.094593 -74.637366 92.093283 72.998196
0.068531 0.218906 0.973336 0.670766 0.712087 -0.207378 -0.738496 0.667093 -0.098034 -73.541482 91.840318 72.877223
0.065232 0.219077 0.973525 0.671696 0.711842 -0.205197 -0.737949 0.667298 -0.100718 -72.425986 91.584828 72.747381
0.062919 0.218645 0.973774 0.673771 0.710491 -0.203064 -0.736257 0.668877 -0.102613 -71.341982 91.337244 72.617402
0.060199 0.218345 0.974013 0.675177 0.709788 -0.200843 -0.735196 0.669721 -0.104693 -70.304925 91.093591 72.488934
0.058107 0.219375 0.973909 0.677676 0.707686 -0.199840 -0.733061 0.671606 -0.107544 -69.315035 90.875977 72.360928
0.054699 0.220177 0.973925 0.679759 0.706248 -0.197840 -0.731393 0.672856 -0.111036 -68.248126 90.641510 72.222907
0.052100 0.221402 0.973790 0.681790 0.704613 -0.196679 -0.729690 0.674167 -0.114240 -67.207902 90.414251 72.084550
0.050107 0.223064 0.973515 0.683762 0.702824 -0.196234 -0.727983 0.675485 -0.117306 -66.167246 90.190288 71.943514
0.048152 0.224771 0.973221 0.684991 0.701705 -0.195954 -0.726959 0.676083 -0.120178 -65.098474 89.960663 71.799601
0.047685 0.225935 0.972975 0.686495 0.700157 -0.196228 -0.725569 0.677299 -0.121717 -63.961453 89.714106 71.642418
0.046262 0.226790 0.972844 0.687130 0.699659 -0.195780 -0.725061 0.677527 -0.123466 -62.834666 89.468858 71.481587
0.043479 0.226238 0.973101 0.687694 0.699762 -0.193416 -0.724697 0.677605 -0.125158 -61.601372 89.198378 71.301034
0.040733 0.225388 0.973417 0.688348 0.699825 -0.190844 -0.724236 0.677824 -0.126640 -60.513237 88.965846 71.142463
0.038765 0.225248 0.973530 0.688835 0.699757 -0.189333 -0.723881 0.677941 -0.128032 -59.445351 88.736919 70.985346
0.037615 0.225007 0.973631 0.689554 0.699339 -0.188258 -0.723257 0.678452 -0.128849 -58.422505 88.523739 70.835817
0.037885 0.224224 0.973801 0.690374 0.698670 -0.187732 -0.722460 0.679399 -0.128329 -57.334323 88.298169 70.673878
0.039612 0.223600 0.973876 0.690818 0.698059 -0.188372 -0.721942 0.680233 -0.126815 -56.165742 88.054251 70.502104
0.044303 0.222854 0.973845 0.690919 0.697248 -0.190989 -0.721573 0.681309 -0.123084 -55.014693 87.810552 70.343177
0.047875 0.222901 0.973665 0.691405 0.696112 -0.193358 -0.720880 0.682454 -0.120789 -53.878202 87.566935 70.185712
0.053082 0.222442 0.973500 0.691392 0.695228 -0.196557 -0.720527 0.683503 -0.116891 -52.753729 87.324640 70.040438
0.060745 0.223611 0.972784 0.690769 0.694087 -0.202683 -0.720519 0.684281 -0.112301 -51.810220 87.106769 69.913834
0.068684 0.226511 0.971584 0.689419 0.693152 -0.210336 -0.721099 0.684275 -0.108552 -50.906730 86.893902 69.802503
0.076758 0.228828 0.970436 0.687591 0.692687 -0.217721 -0.722029 0.683975 -0.104171 -50.022205 86.677936 69.698856
0.082267 0.229156 0.969907 0.685538 0.693375 -0.221968 -0.723374 0.683168 -0.100054 -49.062949 86.438248 69.586720
0.086939 0.228040 0.969763 0.685370 0.692774 -0.224349 -0.722987 0.684151 -0.096062 -48.078192 86.193256 69.474121
0.094154 0.228624 0.968951 0.683443 0.692860 -0.229891 -0.723906 0.683868 -0.091016 -47.156253 85.959310 69.378179
0.102177 0.230493 0.967695 0.681843 0.692095 -0.236843 -0.724328 0.684015 -0.086444 -46.268215 85.723379 69.284150
0.109963 0.231809 0.966526 0.680621 0.691097 -0.243186 -0.724336 0.684579 -0.081779 -45.424488 85.494724 69.200493
0.116225 0.232706 0.965577 0.679793 0.690146 -0.248152 -0.724136 0.685234 -0.077979 -44.573380 85.257958 69.117285
0.124840 0.233206 0.964380 0.679127 0.688521 -0.254412 -0.723327 0.686698 -0.072421 -43.805727 85.038345 69.046323
0.132845 0.233217 0.963308 0.677500 0.688035 -0.260004 -0.723427 0.687181 -0.066602 -43.034597 84.809613 68.977947
0.140158 0.232763 0.962381 0.676088 0.687606 -0.264769 -0.723367 0.687764 -0.060995 -42.294681 84.589313 68.921587
0.151459 0.232149 0.960816 0.673392 0.687341 -0.272223 -0.723605 0.688236 -0.052224 -41.644846 84.387188 68.876779
0.163859 0.232888 0.958600 0.669335 0.687584 -0.281459 -0.724666 0.687744 -0.043213 -40.955957 84.168527 68.839268
0.177263 0.233609 0.956036 0.666001 0.686727 -0.291289 -0.724583 0.688356 -0.033852 -40.324107 83.965102 68.808938
0.194015 0.234952 0.952447 0.661305 0.685806 -0.303885 -0.724593 0.688816 -0.022318 -39.764881 83.775561 68.795148
0.209693 0.236316 0.948780 0.655597 0.685929 -0.315742 -0.725411 0.688227 -0.011093 -39.240267 83.588702 68.788260
0.226115 0.237139 0.944795 0.649366 0.686267 -0.327660 -0.726082 0.687607 0.001185 -38.685304 83.386685 68.789172
0.243138 0.237718 0.940411 0.643545 0.685866 -0.339760 -0.725764 0.687806 0.013778 -38.090997 83.158714 68.792224
0.260171 0.238814 0.935563 0.637092 0.685625 -0.352184 -0.725552 0.687668 0.026233 -37.451133 82.891427 68.800349
0.279341 0.241609 0.929297 0.629059 0.685150 -0.367224 -0.725433 0.687164 0.039405 -36.789435 82.609410 68.817796
0.297538 0.242944 0.923282 0.622315 0.684042 -0.380541 -0.724013 0.687797 0.052341 -36.192966 82.339030 68.836599
0.315793 0.243549 0.917038 0.614864 0.683573 -0.393281 -0.722646 0.688049 0.066118 -35.587510 82.059890 68.867623
0.335406 0.244261 0.909857 0.606011 0.683512 -0.406894 -0.721286 0.687858 0.081229 -34.991404 81.780945 68.918459
0.356391 0.244564 0.901761 0.596796 0.683014 -0.421102 -0.718902 0.688245 0.097465 -34.431183 81.505181 68.979061
0.380026 0.244885 0.891971 0.585709 0.682650 -0.436960 -0.715909 0.688491 0.115993 -33.901481 81.226719 69.047303
0.404556 0.244943 0.881100 0.572209 0.683766 -0.452813 -0.713380 0.687362 0.136463 -33.410160 80.952496 69.125982
0.427549 0.245454 0.870031 0.558078 0.685469 -0.467634 -0.711162 0.685482 0.156089 -32.996085 80.699284 69.207967
0.449130 0.247038 0.858635 0.545129 0.685649 -0.482411 -0.707896 0.684732 0.173278 -32.551996 80.428201 69.296638
0.470708 0.250018 0.846123 0.532550 0.684094 -0.498404 -0.703438 0.685206 0.188861 -32.143202 80.171273 69.389634
0.490321 0.253115 0.833977 0.521350 0.681630 -0.513395 -0.698412 0.686523 0.202256 -31.672996 79.863969 69.501130
0.511231 0.254748 0.820820 0.509924 0.678885 -0.528293 -0.691824 0.688635 0.217165 -31.246893 79.574631 69.607671
0.533729 0.255150 0.806245 0.496331 0.677399 -0.542942 -0.684682 0.689948 0.234909 -30.803438 79.255051 69.730600
0.554277 0.254749 0.792389 0.482008 0.677887 -0.555102 -0.678561 0.689618 0.252946 -30.365265 78.919630 69.869938
0.575966 0.255158 0.776632 0.464293 0.679830 -0.567682 -0.672827 0.687550 0.273091 -29.930065 78.570456 70.021018
0.597758 0.255298 0.759939 0.446862 0.680905 -0.580243 -0.665582 0.686433 0.292934 -29.510079 78.212432 70.187662
0.618969 0.254424 0.743065 0.431524 0.680330 -0.592401 -0.656250 0.687328 0.311313 -29.110269 77.870329 70.348382
0.637719 0.253837 0.727242 0.417300 0.679728 -0.603183 -0.647437 0.688140 0.327550 -28.688070 77.493608 70.531995
0.654849 0.254339 0.711677 0.402760 0.679365 -0.613390 -0.639497 0.688313 0.342444 -28.299173 77.123345 70.718421
0.674008 0.254320 0.693567 0.385744 0.679539 -0.624042 -0.630012 0.688148 0.359913 -27.930550 76.763157 70.911152
0.692065 0.255646 0.675049 0.368196 0.679353 -0.634753 -0.620869 0.687841 0.376028 -27.599805 76.421830 71.104605
0.713030 0.257664 0.652072 0.347287 0.678129 -0.647713 -0.609081 0.688295 0.394043 -27.335993 76.122057 71.284925
0.732141 0.259214 0.629904 0.327397 0.677015 -0.659137 -0.597312 0.688809 0.410804 -26.981432 75.721563 71.521786
0.750776 0.260144 0.607175 0.308373 0.674844 -0.670442 -0.584159 0.690587 0.426436 -26.707392 75.392751 71.728806
0.771094 0.261441 0.580571 0.285873 0.672592 -0.682566 -0.568938 0.692292 0.443893 -26.454612 75.065056 71.936970
0.790043 0.262504 0.554008 0.262888 0.671317 -0.692981 -0.553825 0.693127 0.461360 -26.205597 74.728212 72.154439
0.808576 0.263875 0.525904 0.237357 0.671566 -0.701898 -0.538392 0.692365 0.480379 -25.962496 74.362953 72.390398
0.825705 0.266409 0.497229 0.209911 0.673044 -0.709189 -0.523592 0.689955 0.499814 -25.696963 73.923534 72.690435
0.842678 0.269917 0.465874 0.180256 0.673903 -0.716493 -0.507348 0.687749 0.519230 -25.484602 73.535036 72.961602
0.858998 0.272582 0.433384 0.151002 0.673945 -0.723185 -0.489204 0.686656 0.537757 -25.300532 73.174082 73.227059
0.875907 0.272638 0.398065 0.121847 0.673298 -0.729262 -0.466841 0.687268 0.556526 -25.106516 72.766585 73.523380
0.889893 0.271674 0.366448 0.096779 0.672590 -0.733660 -0.445785 0.688343 0.572241 -24.926581 72.364288 73.826345
0.900778 0.270391 0.339834 0.075760 0.672686 -0.736040 -0.427620 0.688755 0.585456 -24.740548 71.911998 74.174607
0.910278 0.268600 0.315037 0.056482 0.673273 -0.737234 -0.410127 0.688882 0.597694 -24.579556 71.486652 74.501437
0.918146 0.268668 0.291247 0.037037 0.673617 -0.738152 -0.394507 0.688518 0.608528 -24.389113 70.967061 74.911091
0.923938 0.269403 0.271589 0.019798 0.675333 -0.737247 -0.382030 0.686548 0.618632 -24.218138 70.465813 75.312380
0.928904 0.269532 0.253949 0.005149 0.676288 -0.736619 -0.370285 0.685556 0.626819 -24.051943 69.964252 75.729715
0.934992 0.270059 0.229908 -0.013967 0.675767 -0.736983 -0.354393 0.685862 0.635609 -23.910998 69.486427 76.127751
0.940645 0.271901 0.203116 -0.036306 0.675653 -0.736325 -0.337443 0.685246 0.645422 -23.831919 69.136408 76.424404
0.945224 0.274356 0.176864 -0.059177 0.676871 -0.733719 -0.321014 0.683063 0.656030 -23.768008 68.782014 76.726919
0.949064 0.275638 0.152647 -0.079827 0.679004 -0.729781 -0.304803 0.680424 0.666422 -23.708052 68.424386 77.036910
0.952563 0.277528 0.124910 -0.103472 0.681301 -0.724653 -0.286213 0.677353 0.677698 -23.672137 68.115497 77.313468
0.955343 0.278442 0.098943 -0.124506 0.682950 -0.719776 -0.267989 0.675314 0.687119 -23.644900 67.793960 77.610856
0.957546 0.279610 0.070163 -0.147405 0.684060 -0.714377 -0.247743 0.673707 0.696235 -23.632264 67.437652 77.923230
0.958674 0.281612 0.040493 -0.170952 0.683943 -0.709223 -0.227420 0.672991 0.703821 -23.618379 66.994075 78.342754
0.959322 0.282134 0.010060 -0.193140 0.681877 -0.705507 -0.205908 0.674866 0.708631 -23.621065 66.510912 78.804980
0.959182 0.281809 -0.023528 -0.216734 0.679137 -0.701284 -0.181649 0.677758 0.712494 -23.650460 65.977214 79.339627
0.957804 0.282556 -0.052654 -0.237955 0.676793 -0.696655 -0.161208 0.679789 0.715471 -23.700236 65.474854 79.853981
0.955577 0.284850 -0.075711 -0.256679 0.677997 -0.688793 -0.144871 0.677628 0.720994 -23.760358 65.020010 80.317165
0.953753 0.286363 -0.091388 -0.269549 0.680214 -0.681654 -0.133037 0.674763 0.725945 -23.831121 64.555072 80.805521
0.952574 0.285848 -0.104374 -0.278848 0.682590 -0.675510 -0.121849 0.672578 0.729926 -23.905216 64.060127 81.321691
0.951238 0.285258 -0.117364 -0.287873 0.684317 -0.669955 -0.110795 0.671073 0.733066 -23.987453 63.566398 81.843775
0.949720 0.286154 -0.127077 -0.295398 0.684358 -0.666629 -0.103793 0.670649 0.734477 -24.101353 62.974977 82.480675
0.948227 0.288188 -0.133463 -0.301236 0.683005 -0.665403 -0.100606 0.671157 0.734457 -24.217435 62.391516 83.107296
0.947066 0.290063 -0.137583 -0.305442 0.682164 -0.664348 -0.098848 0.671205 0.734652 -24.322738 61.869216 83.677785
0.946338 0.292306 -0.137850 -0.307434 0.682714 -0.662861 -0.099646 0.669670 0.735943 -24.429230 61.343899 84.257899
0.946373 0.293137 -0.135824 -0.306748 0.683329 -0.662546 -0.101404 0.668680 0.736603 -24.529833 60.847177 84.793092
0.946392 0.294667 -0.132335 -0.305500 0.683416 -0.663033 -0.104934 0.667918 0.736800 -24.632161 60.327145 85.356575
0.946263 0.295513 -0.131375 -0.305278 0.682143 -0.664445 -0.106736 0.668845 0.735700 -24.725528 59.816435 85.905366
0.946334 0.295393 -0.131127 -0.304954 0.681789 -0.664956 -0.107023 0.669259 0.735282 -24.827710 59.253182 86.511836
0.946646 0.294670 -0.130501 -0.304212 0.683384 -0.663658 -0.106377 0.667949 0.736565 -24.923722 58.713099 87.085182
0.946821 0.294478 -0.129663 -0.303905 0.686080 -0.661011 -0.105694 0.665265 0.739088 -25.035563 58.124267 87.715655
0.947239 0.294003 -0.127675 -0.302605 0.688930 -0.658639 -0.105683 0.662524 0.741548 -25.154352 57.498084 88.395476
0.947750 0.293326 -0.125421 -0.301029 0.692156 -0.655973 -0.105603 0.659454 0.744291 -25.267108 56.886989 89.056445
0.947690 0.294415 -0.123302 -0.300593 0.693253 -0.655014 -0.107367 0.657814 0.745488 -25.376795 56.287613 89.711035
0.948116 0.294516 -0.119733 -0.298183 0.693129 -0.656246 -0.110285 0.657900 0.744987 -25.490802 55.646927 90.420731
0.948634 0.294587 -0.115383 -0.295108 0.692453 -0.658347 -0.114043 0.658580 0.743818 -25.591970 55.024682 91.108406
0.948748 0.295652 -0.111656 -0.293299 0.692138 -0.659485 -0.117696 0.658434 0.743379 -25.701342 54.365767 91.818111
0.949156 0.296455 -0.105913 -0.289908 0.691993 -0.661135 -0.122706 0.658225 0.742754 -25.827740 53.626811 92.621374
0.949075 0.297603 -0.103388 -0.289247 0.693020 -0.660348 -0.124872 0.656625 0.743809 -25.961463 52.833315 93.481007
0.949197 0.298175 -0.100580 -0.287845 0.693543 -0.660411 -0.127162 0.655812 0.744138 -26.082573 52.108311 94.262603
0.949401 0.299096 -0.095811 -0.285211 0.693342 -0.661764 -0.131501 0.655605 0.743565 -26.191030 51.443275 94.976821
0.949717 0.300282 -0.088700 -0.281101 0.692932 -0.663948 -0.137908 0.655497 0.742499 -26.285731 50.753596 95.712516
0.949766 0.301798 -0.082836 -0.278047 0.692232 -0.665961 -0.143644 0.655540 0.741373 -26.383309 50.051983 96.445186
0.950106 0.302574 -0.075813 -0.273744 0.692281 -0.667691 -0.149542 0.655130 0.740568 -26.459934 49.388316 97.145717
0.950547 0.302254 -0.071430 -0.270624 0.693208 -0.668001 -0.152390 0.654297 0.740724 -26.542960 48.683899 97.900269
0.951281 0.301469 -0.064661 -0.265292 0.693440 -0.669896 -0.157114 0.654414 0.739634 -26.617348 47.950996 98.676649
0.951842 0.301123 -0.057628 -0.259570 0.691476 -0.674155 -0.163155 0.656648 0.736338 -26.679307 47.242888 99.412099
0.951770 0.301917 -0.054579 -0.257384 0.688881 -0.677641 -0.166993 0.659006 0.733365 -26.753988 46.464612 100.224419
0.951935 0.301847 -0.052037 -0.254973 0.686758 -0.680700 -0.169730 0.661250 0.730712 -26.835257 45.607397 101.116663
0.952063 0.301624 -0.050972 -0.253881 0.686161 -0.681709 -0.170645 0.661971 0.729846 -26.899332 44.819755 101.932069
0.952350 0.301063 -0.048899 -0.251992 0.686309 -0.682261 -0.171843 0.662074 0.729471 -26.966483 44.036396 102.741639
0.952735 0.300267 -0.046211 -0.249569 0.686814 -0.682643 -0.173237 0.661911 0.729289 -27.018716 43.349543 103.452704
0.952953 0.299982 -0.043502 -0.247448 0.686987 -0.683242 -0.175075 0.661861 0.728895 -27.078222 42.576689 104.255208
0.953823 0.297785 -0.039322 -0.243062 0.688285 -0.683509 -0.176474 0.661504 0.728882 -27.122256 41.841164 105.015522
0.953902 0.298166 -0.034191 -0.239870 0.688973 -0.683943 -0.180372 0.660616 0.728734 -27.164159 41.118349 105.763546
0.954204 0.297463 -0.031773 -0.237491 0.688646 -0.685102 -0.181913 0.661273 0.727754 -27.202568 40.422188 106.478855
0.955098 0.294803 -0.029633 -0.233062 0.685765 -0.689499 -0.182945 0.665446 0.723680 -27.240697 39.601440 107.321592
0.956064 0.291838 -0.027779 -0.228176 0.681302 -0.695531 -0.184056 0.671311 0.717959 -27.268001 38.809605 108.123744
0.956120 0.291708 -0.027230 -0.227050 0.679023 -0.698123 -0.185159 0.673672 0.715460 -27.306401 37.944157 109.000749
0.956204 0.291528 -0.026164 -0.226278 0.679555 -0.697856 -0.185665 0.673213 0.715760 -27.341502 37.124802 109.826061
0.955737 0.293206 -0.024424 -0.226573 0.680492 -0.696847 -0.187699 0.671536 0.716804 -27.382077 36.252267 110.701300
0.955523 0.293988 -0.023397 -0.226547 0.680898 -0.696458 -0.188819 0.670782 0.717216 -27.413898 35.454467 111.502680
0.955936 0.292898 -0.019932 -0.223064 0.680519 -0.697952 -0.190864 0.671643 0.715868 -27.434856 34.749910 112.216611
0.956367 0.291726 -0.016039 -0.218740 0.678543 -0.701236 -0.193686 0.674148 0.712749 -27.442415 34.140860 112.828352
0.956210 0.292377 -0.013360 -0.216254 0.675019 -0.705396 -0.197224 0.677395 0.708688 -27.450787 33.465010 113.503334
0.955928 0.293368 -0.011722 -0.214821 0.671654 -0.709037 -0.200135 0.680306 0.705074 -27.450702 32.935992 114.018631
0.955727 0.294024 -0.011622 -0.214785 0.670075 -0.710539 -0.201128 0.681578 0.703561 -27.459339 32.331258 114.606968
0.955548 0.294579 -0.012317 -0.215633 0.669755 -0.710584 -0.201074 0.681653 0.703504 -27.471599 31.664731 115.247573
0.955579 0.294410 -0.013816 -0.216917 0.670775 -0.709231 -0.199537 0.680723 0.704841 -27.489743 31.003077 115.888382
0.955773 0.293689 -0.015649 -0.217774 0.670950 -0.708803 -0.197668 0.680862 0.705233 -27.515063 30.336784 116.533165
0.955895 0.293192 -0.017399 -0.218350 0.669768 -0.709742 -0.196438 0.682238 0.704247 -27.542487 29.565033 117.272350
0.955835 0.293347 -0.018092 -0.218186 0.666993 -0.712401 -0.196914 0.684885 0.701539 -27.562804 28.839862 117.973253
0.955560 0.294364 -0.015983 -0.216754 0.664810 -0.714875 -0.199808 0.686570 0.699070 -27.585054 28.120713 118.665046
0.955560 0.294337 -0.016452 -0.217023 0.664595 -0.714993 -0.199515 0.686789 0.698939 -27.605678 27.420060 119.334048
0.955559 0.294291 -0.017297 -0.217817 0.665276 -0.714117 -0.198651 0.686149 0.699813 -27.618568 26.743517 119.990833
0.956167 0.292215 -0.018842 -0.217817 0.666771 -0.712722 -0.195704 0.685585 0.701194 -27.640462 25.988294 120.718980
0.956418 0.291274 -0.020611 -0.218465 0.666935 -0.712369 -0.193748 0.685825 0.701502 -27.664797 25.291459 121.392989
0.956787 0.289678 -0.025396 -0.220705 0.666550 -0.712040 -0.189334 0.686875 0.701680 -27.684733 24.646736 122.018953
0.957474 0.286895 -0.030580 -0.221849 0.664311 -0.713775 -0.184464 0.690205 0.699708 -27.713681 23.954002 122.688855
0.957522 0.286125 -0.035838 -0.224447 0.661485 -0.715585 -0.181041 0.693232 0.697606 -27.753024 23.205202 123.412296
0.958113 0.283866 -0.037935 -0.224199 0.661028 -0.716084 -0.178196 0.694595 0.696982 -27.797595 22.429114 124.147792
0.958516 0.281881 -0.042303 -0.225988 0.661083 -0.715471 -0.173712 0.695351 0.697360 -27.850685 21.655178 124.878835
0.958539 0.280632 -0.049487 -0.230195 0.660190 -0.714954 -0.167968 0.696703 0.697418 -27.910531 20.929105 125.573702
0.958519 0.280103 -0.052767 -0.231654 0.657692 -0.716783 -0.166069 0.699274 0.695297 -27.963722 20.226529 126.243758
0.958570 0.279718 -0.053866 -0.232049 0.657099 -0.717199 -0.165218 0.699985 0.694783 -28.015621 19.561259 126.877215
0.958522 0.280303 -0.051630 -0.231485 0.659926 -0.714781 -0.166284 0.697085 0.697440 -28.077380 18.805094 127.593592
0.959119 0.279215 -0.046149 -0.227287 0.662825 -0.713445 -0.168615 0.694767 0.699190 -28.137456 18.008657 128.350245
0.960144 0.276576 -0.040374 -0.220691 0.661513 -0.716726 -0.171521 0.697070 0.696186 -28.192164 17.238478 129.079413
0.961325 0.273480 -0.032593 -0.211491 0.657208 -0.723429 -0.176423 0.702344 0.689629 -28.230046 16.507460 129.752010
0.961855 0.272462 -0.024500 -0.203452 0.652604 -0.729874 -0.182874 0.707017 0.683143 -28.258821 15.728838 130.463758
0.962073 0.272020 -0.020505 -0.199586 0.650660 -0.732672 -0.185960 0.708976 0.680273 -28.284467 14.909231 131.208059
0.961737 0.273598 -0.014363 -0.196134 0.650943 -0.733351 -0.191294 0.708108 0.679698 -28.305842 14.071910 131.954142
0.961968 0.273051 -0.007733 -0.190700 0.651033 -0.734703 -0.195577 0.708236 0.678344 -28.317011 13.289173 132.647805
0.962605 0.270909 0.000863 -0.182214 0.649802 -0.737940 -0.200475 0.710187 0.674866 -28.312902 12.563158 133.292741
0.962943 0.269602 0.007499 -0.175236 0.646547 -0.742475 -0.205021 0.713647 0.669832 -28.301318 11.896753 133.889200
0.963334 0.268015 0.012498 -0.169878 0.645328 -0.744777 -0.207677 0.715346 0.667196 -28.285653 11.207452 134.499336
0.963679 0.266707 0.013780 -0.168317 0.646615 -0.744015 -0.207344 0.714672 0.668021 -28.277824 10.446741 135.165768
0.963444 0.267571 0.013449 -0.169415 0.647362 -0.743116 -0.207543 0.713672 0.669027 -28.275162 9.724958 135.793989
0.963712 0.266605 0.013419 -0.168112 0.645197 -0.745291 -0.207357 0.715991 0.666604 -28.266350 9.094205 136.347457
0.964291 0.264499 0.013511 -0.165162 0.640451 -0.750030 -0.207035 0.721016 0.661266 -28.251309 8.313698 137.028740
0.964072 0.265215 0.015064 -0.163809 0.638186 -0.752253 -0.209122 0.722758 0.658702 -28.236525 7.524710 137.701099
0.964018 0.265355 0.015994 -0.162958 0.637408 -0.753097 -0.210033 0.723393 0.657715 -28.224840 6.692454 138.406408
0.963776 0.266232 0.016001 -0.163705 0.637854 -0.752558 -0.210561 0.722678 0.658332 -28.213049 5.917958 139.065097
0.963813 0.266136 0.015370 -0.164416 0.638837 -0.751568 -0.209838 0.721844 0.659476 -28.204665 5.106480 139.763681
0.963459 0.267437 0.014947 -0.166015 0.640007 -0.750220 -0.210203 0.720325 0.661019 -28.196892 4.331643 140.431496
0.962752 0.269986 0.014704 -0.168338 0.641064 -0.748799 -0.211591 0.718432 0.662634 -28.190552 3.519154 141.133552
0.962380 0.271319 0.014509 -0.169475 0.641158 -0.748462 -0.212375 0.717846 0.663019 -28.179632 2.735084 141.807043
0.962320 0.271521 0.014688 -0.168475 0.637763 -0.751582 -0.213438 0.720788 0.659476 -28.172855 2.087190 142.363420
0.962568 0.270690 0.013759 -0.167013 0.632347 -0.756468 -0.213469 0.725854 0.653886 -28.163824 1.469288 142.890032
0.963213 0.268337 0.014676 -0.163499 0.628482 -0.760447 -0.213279 0.730073 0.649235 -28.147167 0.816094 143.442363
0.963256 0.268077 0.016531 -0.161747 0.628124 -0.761116 -0.214421 0.730476 0.648405 -28.134905 0.122678 144.015159
0.962974 0.268848 0.020052 -0.159986 0.629743 -0.760150 -0.216992 0.728797 0.649438 -28.120965 -0.686783 144.686079
0.963299 0.267541 0.021860 -0.158110 0.631319 -0.759235 -0.216927 0.727914 0.650449 -28.104294 -1.450307 145.324790
0.963432 0.266802 0.024795 -0.155480 0.632001 -0.759211 -0.218230 0.727593 0.650372 -28.086496 -2.257047 145.999858
0.963424 0.266679 0.026378 -0.154023 0.631595 -0.759845 -0.219295 0.727990 0.649569 -28.062792 -2.983533 146.595117
0.963803 0.264948 0.029784 -0.150041 0.631336 -0.760857 -0.220391 0.728847 0.648236 -28.032840 -3.711494 147.193970
0.964162 0.263102 0.034186 -0.144929 0.630215 -0.762774 -0.222232 0.730483 0.645761 -27.994086 -4.463583 147.810690
0.963978 0.263020 0.039579 -0.140588 0.630171 -0.763623 -0.225789 0.730552 0.644448 -27.950535 -5.319129 148.515015
0.963707 0.262832 0.046783 -0.134893 0.630638 -0.764265 -0.230377 0.730216 0.643204 -27.903220 -6.153004 149.199618
0.963470 0.262471 0.053246 -0.129777 0.631463 -0.764469 -0.234274 0.729633 0.642458 -27.850930 -6.996593 149.883990
0.962979 0.262825 0.059960 -0.124922 0.632162 -0.764700 -0.238887 0.728899 0.641591 -27.789725 -7.857345 150.588748
0.962787 0.262685 0.063542 -0.121947 0.632070 -0.765256 -0.241184 0.729030 0.640582 -27.725336 -8.631883 151.219687
0.963106 0.261251 0.064613 -0.119702 0.630878 -0.766593 -0.241036 0.730576 0.638874 -27.655997 -9.414752 151.857529
0.962775 0.262329 0.065175 -0.119068 0.628052 -0.769008 -0.242666 0.732621 0.635908 -27.595754 -10.146707 152.452649
0.962629 0.262120 0.068113 -0.116144 0.626755 -0.770512 -0.244657 0.733806 0.633776 -27.522106 -10.834324 153.009603
0.962455 0.261445 0.072989 -0.111977 0.627362 -0.770635 -0.247269 0.733528 0.633083 -27.454848 -11.562289 153.597512
0.961404 0.263995 0.077517 -0.110744 0.629199 -0.769314 -0.251869 0.731037 0.634150 -27.386263 -12.363937 154.251828
0.960446 0.265724 0.083265 -0.107724 0.630283 -0.768855 -0.256784 0.729475 0.633978 -27.313388 -13.105788 154.853462
0.959968 0.265889 0.088113 -0.103970 0.630325 -0.769338 -0.260098 0.729379 0.632736 -27.238762 -13.825601 155.427401
0.959982 0.264729 0.091395 -0.100318 0.629723 -0.770315 -0.261478 0.730320 0.631080 -27.156488 -14.551780 156.006952
0.959882 0.264639 0.092700 -0.098804 0.628599 -0.771428 -0.262421 0.731321 0.629528 -27.070245 -15.313788 156.600245
0.959900 0.264134 0.093943 -0.097317 0.628214 -0.771931 -0.262909 0.731834 0.628727 -26.979542 -16.093236 157.207215
0.959638 0.264076 0.096741 -0.095017 0.628184 -0.772241 -0.264702 0.731880 0.627921 -26.886141 -16.887872 157.833333
0.958766 0.265744 0.100737 -0.092467 0.626868 -0.773619 -0.268733 0.732405 0.625592 -26.784521 -17.732373 158.497544
0.958107 0.267200 0.103125 -0.091112 0.625703 -0.774722 -0.271531 0.732871 0.623836 -26.688095 -18.536862 159.121341
0.957856 0.267386 0.104961 -0.089065 0.623851 -0.776452 -0.273093 0.734381 0.621374 -26.594430 -19.273937 159.692173
0.957094 0.268336 0.109392 -0.085694 0.622714 -0.777743 -0.276816 0.734999 0.618991 -26.487897 -20.049502 160.288821
0.956500 0.268646 0.113740 -0.082296 0.622516 -0.778268 -0.279884 0.735053 0.617545 -26.389613 -20.797884 160.856345
0.955980 0.268963 0.117312 -0.079637 0.622601 -0.778477 -0.282420 0.734865 0.616613 -26.294268 -21.522476 161.406694
0.955290 0.270631 0.119084 -0.078843 0.621334 -0.779569 -0.284966 0.735325 0.614891 -26.180749 -22.333226 162.017400
0.954997 0.271412 0.119651 -0.078264 0.619664 -0.780955 -0.286104 0.736445 0.613019 -26.067557 -23.099187 162.587888
0.955152 0.272019 0.117007 -0.079820 0.617027 -0.782883 -0.285156 0.738433 0.611067 -25.953920 -23.881648 163.179350
0.955210 0.272260 0.115965 -0.080044 0.614967 -0.784480 -0.284897 0.740061 0.609216 -25.832446 -24.719909 163.807142
0.954748 0.273450 0.116969 -0.079819 0.614436 -0.784919 -0.286506 0.740063 0.608458 -25.719017 -25.526013 164.400661
0.953789 0.275821 0.119207 -0.079467 0.614145 -0.785182 -0.289780 0.739425 0.607683 -25.607361 -26.325335 164.997862
0.953315 0.276802 0.120708 -0.078967 0.614327 -0.785090 -0.291468 0.738907 0.607506 -25.498449 -27.106191 165.576237
0.952516 0.278578 0.122911 -0.077809 0.612956 -0.786276 -0.294378 0.739377 0.605527 -25.399283 -27.797666 166.087248
0.952237 0.279379 0.123256 -0.076905 0.610048 -0.788623 -0.295517 0.741477 0.602396 -25.292230 -28.503969 166.609008
0.951860 0.280672 0.123227 -0.076473 0.606726 -0.791224 -0.296839 0.743711 0.598983 -25.172368 -29.258315 167.163459
0.951618 0.280925 0.124519 -0.074951 0.605186 -0.792548 -0.298004 0.744870 0.596961 -25.056554 -30.009451 167.707215
0.951448 0.280624 0.126480 -0.072267 0.603067 -0.794411 -0.299206 0.746700 0.594066 -24.943215 -30.707197 168.215824
0.951210 0.280864 0.127729 -0.070587 0.601084 -0.796062 -0.300361 0.748207 0.591583 -24.828271 -31.457893 168.764767
0.950907 0.281042 0.129584 -0.068810 0.600238 -0.796856 -0.301731 0.748819 0.590109 -24.709512 -32.200725 169.302683
0.950883 0.280375 0.131192 -0.066959 0.600080 -0.797132 -0.302221 0.749195 0.589380 -24.575781 -33.013846 169.888350
0.951034 0.279020 0.132971 -0.064549 0.600016 -0.797379 -0.302270 0.749752 0.588647 -24.442980 -33.833933 170.468569
0.950908 0.277822 0.136338 -0.060291 0.598418 -0.798913 -0.303543 0.751473 0.585791 -24.290169 -34.712149 171.092080
0.950601 0.277481 0.139148 -0.056821 0.596234 -0.800797 -0.305171 0.753332 0.582548 -24.152002 -35.524498 171.659038
0.950575 0.276275 0.141703 -0.052890 0.593781 -0.802886 -0.305958 0.755709 0.579046 -24.014514 -36.305780 172.186383
0.950409 0.275705 0.143910 -0.050204 0.592667 -0.803882 -0.306925 0.756791 0.577117 -23.869416 -37.147447 172.767569
0.950677 0.274236 0.144942 -0.048352 0.592585 -0.804055 -0.306391 0.757389 0.576617 -23.738070 -37.957254 173.320904
0.950678 0.272866 0.147500 -0.045487 0.593031 -0.803894 -0.306827 0.757534 0.576193 -23.605745 -38.729040 173.846338
0.950673 0.271022 0.150894 -0.041822 0.593993 -0.803382 -0.307364 0.757443 0.576027 -23.465571 -39.502392 174.376567
0.950390 0.270505 0.153575 -0.039349 0.594298 -0.803282 -0.308561 0.757388 0.575459 -23.326288 -40.301511 174.929673
0.950412 0.269545 0.155119 -0.036908 0.593021 -0.804341 -0.308795 0.758730 0.573562 -23.186689 -41.041997 175.434100
0.950531 0.269088 0.155182 -0.035854 0.591279 -0.805670 -0.308552 0.760251 0.571677 -23.037108 -41.832705 175.978659
0.949812 0.270293 0.157477 -0.033835 0.589223 -0.807262 -0.310986 0.761419 0.568796 -22.884447 -42.642799 176.528800
0.949337 0.271228 0.158729 -0.032736 0.587690 -0.808424 -0.312551 0.762270 0.566794 -22.717525 -43.511742 177.120141
0.948812 0.272396 0.159864 -0.032464 0.587580 -0.808514 -0.314169 0.761938 0.566346 -22.563177 -44.341712 177.674150
0.948364 0.272205 0.162818 -0.030072 0.588175 -0.808174 -0.315755 0.761547 0.565990 -22.392006 -45.202989 178.256600
0.948021 0.271626 0.165755 -0.027519 0.588937 -0.807710 -0.317014 0.761165 0.565800 -22.240973 -45.939944 178.750317
0.947633 0.271304 0.168478 -0.024887 0.588681 -0.807982 -0.318389 0.761478 0.564605 -22.096713 -46.611009 179.203426
0.946923 0.272509 0.170517 -0.023592 0.587925 -0.808571 -0.320594 0.761632 0.563149 -21.935552 -47.362221 179.717761
0.946560 0.272200 0.173006 -0.021310 0.588018 -0.808567 -0.321822 0.761670 0.562395 -21.785847 -48.089603 180.203105
0.946487 0.270436 0.176145 -0.018351 0.589989 -0.807203 -0.322220 0.760774 0.563379 -21.633052 -48.822094 180.691445
0.946780 0.268332 0.177776 -0.016875 0.592926 -0.805080 -0.321437 0.759234 0.565898 -21.480125 -49.533110 181.169847
0.947107 0.266903 0.178190 -0.016788 0.595695 -0.803035 -0.320479 0.757569 0.568668 -21.315213 -50.281804 181.681391
0.947211 0.267204 0.177183 -0.018633 0.597586 -0.801588 -0.320070 0.755971 0.571019 -21.154273 -51.075369 182.234147
0.947141 0.268213 0.176027 -0.020032 0.597054 -0.801951 -0.320191 0.756034 0.570867 -21.009385 -51.787406 182.722285
0.946212 0.270497 0.177522 -0.019179 0.594601 -0.803792 -0.322978 0.757153 0.567806 -20.868007 -52.464045 183.195471
0.945268 0.274107 0.177016 -0.020559 0.591456 -0.806075 -0.325648 0.758318 0.564719 -20.738419 -53.083676 183.618987
0.944628 0.276293 0.177031 -0.020579 0.588311 -0.808373 -0.327497 0.759968 0.561421 -20.602415 -53.712283 184.041425
0.943712 0.278823 0.177945 -0.020117 0.585365 -0.810520 -0.330155 0.761318 0.558025 -20.468736 -54.349554 184.464453
0.943089 0.280675 0.178339 -0.020216 0.583691 -0.811725 -0.331926 0.761923 0.556146 -20.348798 -54.928954 184.840066
0.942349 0.282206 0.179826 -0.019960 0.583833 -0.811628 -0.334035 0.761248 0.555808 -20.234427 -55.477306 185.199474
0.941926 0.283695 0.179700 -0.021170 0.584205 -0.811330 -0.335152 0.760409 0.556284 -20.125625 -55.988765 185.535787
0.941428 0.284952 0.180323 -0.021696 0.584816 -0.810876 -0.336516 0.759468 0.556745 -20.001385 -56.587947 185.925620
0.940511 0.287101 0.181692 -0.021969 0.585028 -0.810715 -0.339052 0.758495 0.556533 -19.879167 -57.175660 186.307495
0.939764 0.289118 0.182357 -0.022272 0.584140 -0.811347 -0.341097 0.758414 0.555393 -19.767934 -57.679581 186.636965
0.939205 0.290604 0.182874 -0.021807 0.582018 -0.812883 -0.342663 0.759476 0.552972 -19.675725 -58.090589 186.898872
0.938461 0.292437 0.183771 -0.021001 0.579404 -0.814770 -0.344747 0.760770 0.549890 -19.590866 -58.490681 187.150483
0.937888 0.293626 0.184799 -0.020138 0.577830 -0.815908 -0.346355 0.761509 0.547853 -19.507664 -58.902312 187.412260
0.937719 0.294289 0.184601 -0.020340 0.576984 -0.816502 -0.346799 0.761894 0.547035 -19.425198 -59.285272 187.653071
0.937458 0.294738 0.185210 -0.019918 0.576607 -0.816779 -0.347529 0.762006 0.546416 -19.329555 -59.726609 187.930223
0.937370 0.294178 0.186540 -0.018398 0.576582 -0.816832 -0.347849 0.762242 0.545883 -19.240857 -60.126296 188.180596
0.937355 0.293637 0.187462 -0.017190 0.576433 -0.816964 -0.347950 0.762563 0.545370 -19.152638 -60.521351 188.426085
0.936963 0.294483 0.188094 -0.016462 0.574895 -0.818062 -0.349040 0.763398 0.543503 -19.064146 -60.935472 188.684783
0.936148 0.295920 0.189890 -0.014896 0.572957 -0.819450 -0.351291 0.764298 0.540781 -18.971124 -61.357493 188.947903
0.935490 0.297786 0.190214 -0.014911 0.571100 -0.820745 -0.353038 0.764963 0.538699 -18.878445 -61.787473 189.209113
0.935109 0.299108 0.190015 -0.014323 0.567685 -0.823121 -0.354071 0.766986 0.535132 -18.789227 -62.192018 189.452880
0.934700 0.300816 0.189328 -0.013485 0.562290 -0.826830 -0.355181 0.770285 0.529630 -18.700455 -62.601273 189.702580
0.934806 0.301311 0.188015 -0.013316 0.558745 -0.829233 -0.354909 0.772668 0.526330 -18.597927 -63.077890 189.993506
0.934927 0.301336 0.187369 -0.013215 0.557240 -0.830246 -0.354593 0.773744 0.524961 -18.510347 -63.486771 190.239997
0.935249 0.301009 0.186287 -0.013177 0.555489 -0.831420 -0.353745 0.775130 0.523487 -18.431874 -63.842348 190.452363
0.936021 0.300128 0.183817 -0.013802 0.553190 -0.832941 -0.351674 0.777113 0.521940 -18.356062 -64.201044 190.659331
0.937081 0.299147 0.179973 -0.015917 0.551591 -0.833963 -0.348749 0.778626 0.521647 -18.293912 -64.508494 190.841202
0.938173 0.299053 0.174350 -0.020352 0.550441 -0.834626 -0.345567 0.779476 0.522495 -18.240026 -64.810170 191.021541
0.939394 0.299291 0.167223 -0.026591 0.549895 -0.834810 -0.341806 0.779769 0.524527 -18.193280 -65.093355 191.188599
0.940715 0.299542 0.159153 -0.034111 0.550368 -0.834225 -0.337478 0.779339 0.527957 -18.138335 -65.425976 191.383466
0.942367 0.299540 0.149065 -0.043321 0.551015 -0.833370 -0.331765 0.778883 0.532235 -18.095668 -65.728192 191.562993
0.943846 0.300343 0.137653 -0.053793 0.550788 -0.832910 -0.325976 0.778734 0.536015 -18.060466 -66.021935 191.739653
0.945567 0.300874 0.124008 -0.065687 0.549681 -0.832788 -0.318729 0.779311 0.539524 -18.024466 -66.350914 191.938119
0.947486 0.300584 0.109176 -0.078090 0.548518 -0.832485 -0.310117 0.780242 0.543185 -18.001912 -66.641326 192.109994
0.949328 0.300643 0.091602 -0.093362 0.548063 -0.831210 -0.300101 0.780539 0.548360 -17.982960 -66.951809 192.293231
0.950648 0.301093 0.074912 -0.108440 0.548633 -0.829001 -0.290706 0.779964 0.554207 -17.974457 -67.244373 192.466412
0.951687 0.301429 0.058591 -0.123179 0.549529 -0.826345 -0.281281 0.779204 0.560109 -17.964826 -67.581999 192.681609
0.952186 0.301745 0.047876 -0.133368 0.551505 -0.823441 -0.274873 0.777684 0.565378 -17.954988 -67.961814 192.920555
0.952824 0.300730 0.041081 -0.139752 0.554822 -0.820147 -0.269436 0.775715 0.570676 -17.943897 -68.344923 193.165004
0.953190 0.300293 0.035389 -0.145212 0.557277 -0.817530 -0.265220 0.774123 0.574798 -17.936512 -68.658107 193.363837
0.953511 0.299912 0.029472 -0.150250 0.557895 -0.816198 -0.261230 0.773826 0.577021 -17.932883 -68.901422 193.515210
0.953753 0.299397 0.026775 -0.151988 0.557178 -0.816365 -0.259335 0.774541 0.576915 -17.926868 -69.108369 193.642281
0.953807 0.299321 0.025682 -0.152692 0.556630 -0.816608 -0.258723 0.774964 0.576622 -17.922384 -69.360417 193.806690
0.953726 0.299482 0.026772 -0.151822 0.556511 -0.816851 -0.259531 0.774988 0.576227 -17.916430 -69.631699 193.984397
0.953840 0.298962 0.028475 -0.149615 0.555270 -0.818102 -0.260393 0.776078 0.574368 -17.907717 -69.894026 194.153076
0.953684 0.299415 0.028933 -0.148222 0.551440 -0.820941 -0.261757 0.778630 0.570280 -17.899947 -70.155792 194.322814
0.953525 0.299945 0.028702 -0.147563 0.547896 -0.823429 -0.262709 0.780924 0.566693 -17.897425 -70.440280 194.509388
0.953669 0.299518 0.028374 -0.147370 0.547275 -0.823876 -0.262294 0.781524 0.566059 -17.896990 -70.719381 194.691995
0.953705 0.299388 0.028516 -0.147580 0.548509 -0.823017 -0.262043 0.780707 0.567300 -17.894391 -71.023745 194.889104
0.953727 0.299274 0.028989 -0.147450 0.549550 -0.822346 -0.262038 0.780019 0.568248 -17.889442 -71.334001 195.089990
0.953737 0.299198 0.029441 -0.147243 0.550235 -0.821925 -0.262117 0.779565 0.568835 -17.884362 -71.637435 195.286860
0.953715 0.299086 0.031225 -0.146225 0.551982 -0.820935 -0.262766 0.778372 0.570168 -17.875929 -71.992907 195.518409
0.953715 0.298778 0.034036 -0.144546 0.554741 -0.819371 -0.263692 0.776527 0.572252 -17.863578 -72.398796 195.783495
0.953707 0.298630 0.035530 -0.143741 0.556421 -0.818373 -0.264161 0.775381 0.573588 -17.853522 -72.755300 196.017772
0.953693 0.298479 0.037144 -0.142865 0.558191 -0.817320 -0.264686 0.774166 0.574985 -17.842388 -73.104121 196.248338
0.953710 0.298221 0.038737 -0.141877 0.559769 -0.816413 -0.265155 0.773126 0.576168 -17.830229 -73.447937 196.475074
0.953706 0.298181 0.039142 -0.141630 0.560133 -0.816206 -0.265302 0.772877 0.576434 -17.821754 -73.747809 196.673071
0.953818 0.297739 0.039787 -0.141233 0.561406 -0.815399 -0.265113 0.772123 0.577530 -17.809110 -74.080825 196.893300
0.953951 0.297226 0.040419 -0.140773 0.562596 -0.814659 -0.264877 0.771455 0.578531 -17.795826 -74.411998 197.112380
0.953982 0.297082 0.040758 -0.140521 0.562973 -0.814442 -0.264901 0.771235 0.578812 -17.786345 -74.715622 197.313997
0.954095 0.296706 0.040851 -0.140380 0.563495 -0.814105 -0.264569 0.770999 0.579279 -17.776270 -75.037679 197.528341
0.954116 0.296496 0.041862 -0.139976 0.565223 -0.812976 -0.264706 0.769814 0.580791 -17.761037 -75.453072 197.807845
0.954127 0.296334 0.042751 -0.139672 0.566843 -0.811900 -0.264826 0.768684 0.582230 -17.743591 -75.910064 198.118410
0.954153 0.296263 0.042660 -0.139813 0.567161 -0.811653 -0.264658 0.768477 0.582580 -17.728228 -76.368601 198.430029
0.954185 0.296234 0.042141 -0.140352 0.567497 -0.811325 -0.264257 0.768240 0.583075 -17.710667 -76.874659 198.778263
0.954256 0.296116 0.041350 -0.141049 0.567789 -0.811000 -0.263628 0.768070 0.583583 -17.694049 -77.392679 199.132028
0.954200 0.296425 0.040423 -0.142095 0.567959 -0.810698 -0.263270 0.767825 0.584067 -17.675950 -77.966702 199.529830
0.954292 0.296256 0.039497 -0.142984 0.568581 -0.810106 -0.262456 0.767430 0.584952 -17.656024 -78.558665 199.937917
0.954433 0.295942 0.038414 -0.143981 0.569402 -0.809352 -0.261394 0.766942 0.586066 -17.638227 -79.154589 200.349394
0.954153 0.296893 0.038026 -0.145053 0.569776 -0.808898 -0.261823 0.766296 0.586719 -17.620983 -79.744265 200.760310
0.954043 0.297390 0.036884 -0.146501 0.570236 -0.808312 -0.261417 0.765761 0.587597 -17.604263 -80.319826 201.159647
0.953682 0.298570 0.036692 -0.147508 0.570459 -0.807971 -0.262167 0.765136 0.588078 -17.587140 -80.886756 201.553149
0.953555 0.298948 0.036919 -0.147713 0.570898 -0.807624 -0.262515 0.764660 0.588541 -17.570543 -81.450961 201.950562
0.953646 0.298668 0.036836 -0.147864 0.571666 -0.807053 -0.262099 0.764196 0.589329 -17.562116 -81.934717 202.286554
0.953584 0.298819 0.037227 -0.147950 0.572593 -0.806380 -0.262277 0.763443 0.590225 -17.549751 -82.425174 202.631568
0.953727 0.298244 0.038162 -0.147400 0.574387 -0.805203 -0.262066 0.762319 0.591770 -17.534773 -82.883356 202.950935
0.953617 0.298340 0.040100 -0.146344 0.575883 -0.804327 -0.263056 0.761151 0.592832 -17.517701 -83.327732 203.261272
0.953536 0.298540 0.040546 -0.146209 0.576202 -0.804123 -0.263425 0.760832 0.593078 -17.506853 -83.689955 203.514996
0.953539 0.298454 0.041090 -0.145821 0.576570 -0.803930 -0.263628 0.760587 0.593303 -17.498177 -83.999405 203.728983
0.953537 0.298356 0.041853 -0.145230 0.576909 -0.803794 -0.263962 0.760369 0.593434 -17.489020 -84.296271 203.933279
0.953549 0.298219 0.042552 -0.144673 0.577258 -0.803643 -0.264225 0.760157 0.593588 -17.478821 -84.598501 204.141707
0.953564 0.298077 0.043202 -0.144161 0.577631 -0.803467 -0.264450 0.759929 0.593779 -17.468677 -84.897740 204.348038
0.953575 0.297949 0.043833 -0.143675 0.578002 -0.803288 -0.264675 0.759697 0.593976 -17.458046 -85.198557 204.555760
0.953589 0.297815 0.044421 -0.143225 0.578386 -0.803092 -0.264866 0.759458 0.594197 -17.447095 -85.497635 204.761995
0.953589 0.297719 0.045067 -0.142754 0.578777 -0.802894 -0.265120 0.759198 0.594416 -17.435982 -85.797057 204.968821
0.953588 0.297618 0.045742 -0.142255 0.579164 -0.802703 -0.265391 0.758941 0.594622 -17.424692 -86.094887 205.174406
0.953599 0.297489 0.046355 -0.141778 0.579520 -0.802531 -0.265608 0.758721 0.594807 -17.413081 -86.394568 205.381521
0.953610 0.297357 0.046978 -0.141299 0.579898 -0.802342 -0.265824 0.758484 0.595013 -17.401376 -86.693360 205.588032
0.953631 0.297192 0.047587 -0.140809 0.580271 -0.802159 -0.266008 0.758263 0.595212 -17.389304 -86.991013 205.793530
0.953650 0.297040 0.048157 -0.140360 0.580644 -0.801967 -0.266178 0.758037 0.595424 -17.377135 -87.289200 206.000074
0.953657 0.296922 0.048743 -0.139927 0.581037 -0.801758 -0.266381 0.757782 0.595657 -17.364796 -87.587869 206.206766
0.953674 0.296765 0.049365 -0.139438 0.581428 -0.801560 -0.266577 0.757544 0.595872 -17.352448 -87.883389 206.411238
0.953681 0.296645 0.049944 -0.139009 0.581818 -0.801352 -0.266776 0.757291 0.596105 -17.339747 -88.180418 206.617267
0.953692 0.296511 0.050525 -0.138565 0.582194 -0.801155 -0.266966 0.757054 0.596320 -17.326805 -88.476868 206.822763
0.953692 0.296410 0.051111 -0.138138 0.582568 -0.800957 -0.267187 0.756806 0.596536 -17.313415 -88.775867 207.030544
0.953697 0.296299 0.051653 -0.137747 0.582956 -0.800742 -0.267371 0.756550 0.596778 -17.299753 -89.073868 207.237656
0.953704 0.296181 0.052201 -0.137341 0.583332 -0.800538 -0.267555 0.756307 0.597004 -17.285732 -89.374191 207.446301
0.953707 0.296076 0.052742 -0.136956 0.583721 -0.800320 -0.267742 0.756048 0.597249 -17.271522 -89.675158 207.655838
0.953708 0.295973 0.053309 -0.136539 0.584082 -0.800128 -0.267953 0.755809 0.597456 -17.257157 -89.975547 207.864876
0.953712 0.295860 0.053843 -0.136146 0.584448 -0.799928 -0.268136 0.755571 0.597676 -17.242830 -90.275502 208.074321
0.953712 0.295764 0.054379 -0.135769 0.584833 -0.799711 -0.268329 0.755311 0.597918 -17.228071 -90.574948 208.283519
0.953707 0.295665 0.054998 -0.135310 0.585185 -0.799531 -0.268577 0.755077 0.598101 -17.213571 -90.874375 208.492890
0.953705 0.295546 0.055679 -0.134770 0.585495 -0.799396 -0.268858 0.754883 0.598220 -17.197816 -91.183230 208.710360
0.953724 0.295314 0.056569 -0.133990 0.585831 -0.799280 -0.269178 0.754713 0.598290 -17.180840 -91.515798 208.944922
0.953708 0.295207 0.057386 -0.133264 0.585912 -0.799342 -0.269594 0.754692 0.598130 -17.162499 -91.862221 209.189960
0.953594 0.295493 0.057822 -0.133066 0.585852 -0.799419 -0.270098 0.754627 0.597984 -17.145920 -92.198970 209.426164
0.953503 0.295649 0.058506 -0.132550 0.585723 -0.799599 -0.270669 0.754666 0.597677 -17.131737 -92.500536 209.636615
0.953539 0.295359 0.059382 -0.131648 0.585794 -0.799696 -0.270983 0.754724 0.597461 -17.116381 -92.840200 209.871540
0.953585 0.295068 0.060088 -0.130977 0.586111 -0.799574 -0.271147 0.754592 0.597554 -17.102775 -93.185809 210.113486
0.953473 0.295129 0.061546 -0.129914 0.586442 -0.799505 -0.272050 0.754311 0.597498 -17.084857 -93.557511 210.370011
0.953253 0.295384 0.063692 -0.128371 0.586683 -0.799577 -0.273550 0.754023 0.597176 -17.065491 -93.928334 210.624111
0.953094 0.295562 0.065225 -0.127248 0.586807 -0.799666 -0.274625 0.753857 0.596892 -17.041535 -94.347410 210.910186
0.953150 0.295440 0.064968 -0.127325 0.586650 -0.799768 -0.274397 0.754027 0.596783 -17.020024 -94.769299 211.196766
0.953177 0.295564 0.063990 -0.127806 0.585485 -0.800545 -0.274078 0.754883 0.595846 -17.004345 -95.125671 211.440103
0.953435 0.295421 0.060726 -0.129859 0.583841 -0.801415 -0.272209 0.756211 0.595018 -16.992071 -95.445828 211.660399
0.953701 0.295686 0.055000 -0.133850 0.581042 -0.802792 -0.269332 0.758261 0.593718 -16.982243 -95.758163 211.872737
0.954139 0.295446 0.048278 -0.138610 0.578939 -0.803503 -0.265342 0.759961 0.593340 -16.973750 -96.058097 212.084678
0.954502 0.295720 0.038418 -0.146702 0.577819 -0.802872 -0.259624 0.760707 0.594912 -16.970843 -96.396109 212.319915
0.954667 0.296479 0.026671 -0.156885 0.577260 -0.801347 -0.252979 0.760835 0.597604 -16.974322 -96.716462 212.542332
0.954656 0.297514 0.010871 -0.170782 0.577179 -0.798560 -0.243857 0.760493 0.601817 -16.991722 -97.034292 212.764707
0.954482 0.298179 -0.007282 -0.186230 0.576704 -0.795444 -0.232985 0.760593 0.605984 -17.012129 -97.380639 213.018162
0.953876 0.298719 -0.029795 -0.205152 0.576183 -0.791155 -0.219165 0.760776 0.610890 -17.039797 -97.681839 213.246593
0.952660 0.299339 -0.053249 -0.225176 0.576972 -0.785111 -0.204291 0.759934 0.617062 -17.073762 -97.971845 213.474410
0.951033 0.299269 -0.077296 -0.245128 0.577935 -0.778398 -0.188279 0.759229 0.622994 -17.120810 -98.287030 213.730582
0.948153 0.300849 -0.102450 -0.266891 0.578705 -0.770630 -0.172555 0.758018 0.628994 -17.178416 -98.555115 213.952188
0.944496 0.301993 -0.129335 -0.289578 0.579373 -0.761887 -0.155151 0.757052 0.634666 -17.244590 -98.803447 214.160845
0.939385 0.303511 -0.159493 -0.315126 0.580988 -0.750432 -0.135100 0.755205 0.641416 -17.332821 -99.107527 214.420511
0.932464 0.305602 -0.192659 -0.342990 0.581445 -0.737753 -0.113438 0.754009 0.646995 -17.466013 -99.499601 214.774107
0.923208 0.307411 -0.230620 -0.374161 0.582074 -0.721937 -0.087693 0.752787 0.652397 -17.599021 -99.835258 215.082345
0.911594 0.309588 -0.270467 -0.406677 0.582968 -0.703393 -0.060089 0.751202 0.657332 -17.754234 -100.189762 215.412887
0.897298 0.312175 -0.312095 -0.440325 0.583082 -0.682736 -0.031156 0.750041 0.660657 -17.932687 -100.530432 215.741417
0.881068 0.313686 -0.354006 -0.472989 0.583286 -0.660348 -0.000655 0.749252 0.662285 -18.134020 -100.888796 216.088667
0.859617 0.315033 -0.402261 -0.509675 0.584064 -0.631744 0.035926 0.748080 0.662636 -18.357546 -101.218714 216.426318
0.838339 0.315400 -0.444646 -0.540863 0.583286 -0.606007 0.068221 0.748532 0.659580 -18.592566 -101.508309 216.748883
0.815089 0.315844 -0.485667 -0.570461 0.583736 -0.577777 0.101014 0.747994 0.655973 -18.861204 -101.807281 217.090837
0.789297 0.319245 -0.524493 -0.599664 0.584372 -0.546729 0.131959 0.746051 0.652683 -19.152778 -102.086688 217.429133
0.761179 0.321947 -0.562990 -0.627474 0.585051 -0.513801 0.163961 0.744356 0.647342 -19.526791 -102.406790 217.829672
0.731761 0.325496 -0.598814 -0.653338 0.585212 -0.480288 0.194101 0.742684 0.640894 -19.897031 -102.697979 218.219719
0.701406 0.327121 -0.633262 -0.676718 0.584587 -0.447561 0.223790 0.742462 0.631401 -20.309207 -102.967861 218.608667
0.672126 0.330752 -0.662457 -0.696690 0.585472 -0.414543 0.250739 0.740152 0.623943 -20.795233 -103.250012 219.044317
0.641087 0.335741 -0.690134 -0.715774 0.586007 -0.379820 0.276903 0.737478 0.615996 -21.277058 -103.501450 219.445668
0.614038 0.340573 -0.712016 -0.730423 0.587020 -0.349127 0.299065 0.734450 0.609215 -21.761155 -103.738709 219.847459
0.589099 0.342058 -0.732092 -0.741529 0.588837 -0.321568 0.321088 0.732303 0.600529 -22.261190 -103.962807 220.252769
0.562584 0.343394 -0.752050 -0.752563 0.589305 -0.293885 0.342268 0.731301 0.589959 -22.812676 -104.175364 220.662569
0.538851 0.343659 -0.769115 -0.761399 0.589327 -0.270120 0.360431 0.731158 0.579221 -23.390585 -104.378683 221.089733
0.516216 0.344928 -0.783930 -0.769181 0.589270 -0.247226 0.376671 0.730606 0.569503 -23.997219 -104.559737 221.518587
0.492508 0.346923 -0.798173 -0.776866 0.588665 -0.223500 0.392320 0.730149 0.559435 -24.664826 -104.745835 221.974380
0.470526 0.349703 -0.810131 -0.783899 0.587168 -0.201832 0.405102 0.730028 0.550410 -25.325640 -104.914064 222.408427
0.453613 0.350087 -0.819557 -0.787368 0.588218 -0.184530 0.417477 0.728998 0.542471 -26.045621 -105.088804 222.869939
0.435736 0.350297 -0.829112 -0.791678 0.587420 -0.167879 0.428229 0.729540 0.533283 -26.878926 -105.263931 223.392363
0.425487 0.351398 -0.833955 -0.794376 0.586470 -0.158177 0.433506 0.729776 0.528677 -27.705766 -105.424120 223.898021
0.413870 0.352854 -0.839170 -0.796679 0.586420 -0.146337 0.440470 0.729113 0.523813 -28.538531 -105.575278 224.400380
0.404154 0.354665 -0.843132 -0.798424 0.586536 -0.135995 0.446295 0.728140 0.520224 -29.393599 -105.720884 224.914174
0.396192 0.356649 -0.846069 -0.800373 0.585699 -0.127901 0.449927 0.727845 0.517502 -30.116732 -105.834207 225.339139
0.391246 0.358150 -0.847735 -0.801196 0.585772 -0.122291 0.452781 0.727048 0.516129 -30.902162 -105.959091 225.804717
0.386499 0.360658 -0.848849 -0.801553 0.586618 -0.115722 0.456214 0.725124 0.515814 -31.711110 -106.079477 226.277533
0.380705 0.363952 -0.850060 -0.802097 0.587396 -0.107732 0.460113 0.722845 0.515549 -32.500587 -106.187766 226.733706
0.377363 0.367914 -0.849845 -0.802448 0.587980 -0.101769 0.462250 0.720360 0.517114 -33.305241 -106.288190 227.206439
0.376485 0.370912 -0.848931 -0.802212 0.588861 -0.098483 0.463374 0.718100 0.519247 -34.235489 -106.401957 227.760330
0.376472 0.373376 -0.847856 -0.802068 0.589369 -0.096596 0.463634 0.716404 0.521354 -35.121443 -106.507782 228.288898
0.374686 0.374478 -0.848161 -0.801862 0.590120 -0.093685 0.465434 0.715210 0.521389 -35.957859 -106.598781 228.790490
0.372460 0.375508 -0.848686 -0.802121 0.590205 -0.090883 0.466771 0.714599 0.521031 -36.836136 -106.695370 229.312615
0.370867 0.379040 -0.847812 -0.802019 0.590984 -0.086618 0.468212 0.712085 0.523174 -37.716420 -106.792089 229.834435
0.370446 0.384596 -0.845491 -0.801946 0.591713 -0.082209 0.468671 0.708492 0.527623 -38.701497 -106.898754 230.429259
0.370416 0.388880 -0.843543 -0.801370 0.592993 -0.078523 0.469679 0.705076 0.531291 -39.645023 -106.991563 231.002068
0.370341 0.391654 -0.842291 -0.800016 0.595278 -0.074957 0.472041 0.701606 0.533785 -40.618248 -107.094914 231.598474
0.369064 0.394123 -0.841700 -0.799417 0.596543 -0.071194 0.474051 0.699144 0.535232 -41.528416 -107.190469 232.154922
0.368580 0.397077 -0.840523 -0.799179 0.597197 -0.068325 0.474827 0.696912 0.537451 -42.463115 -107.283564 232.731834
0.368982 0.399697 -0.839103 -0.798281 0.598673 -0.065860 0.476025 0.694141 0.539971 -43.385532 -107.370456 233.306912
0.370321 0.402100 -0.837364 -0.797765 0.599460 -0.064949 0.475850 0.692071 0.542774 -44.271189 -107.451427 233.862572
0.372133 0.403645 -0.835816 -0.796634 0.601018 -0.064436 0.476331 0.689818 0.545216 -45.109132 -107.528312 234.393017
0.373377 0.403317 -0.835419 -0.796038 0.601716 -0.065284 0.476355 0.689401 0.545722 -46.062476 -107.617931 234.994086
0.376048 0.400292 -0.835676 -0.794295 0.603685 -0.068260 0.477162 0.689442 0.544964 -46.930638 -107.695771 235.547212
0.375543 0.398880 -0.836578 -0.794102 0.603909 -0.068532 0.477880 0.690065 0.543545 -47.845073 -107.775217 236.121141
0.375441 0.400040 -0.836069 -0.793605 0.604731 -0.067023 0.478785 0.688672 0.544514 -48.798932 -107.864611 236.723022
0.374982 0.401902 -0.835382 -0.793084 0.605677 -0.064605 0.480007 0.686754 0.545860 -49.774970 -107.952418 237.345375
0.374040 0.402965 -0.835293 -0.793504 0.605260 -0.063335 0.480048 0.686498 0.546145 -50.716571 -108.027238 237.943221
0.374036 0.404284 -0.834657 -0.793780 0.604965 -0.062689 0.479594 0.685982 0.547191 -51.674615 -108.108919 238.551135
0.374558 0.404848 -0.834149 -0.793907 0.604770 -0.062968 0.478976 0.685822 0.547933 -52.599216 -108.187115 239.139869
0.376500 0.404215 -0.833581 -0.793077 0.605698 -0.064494 0.478829 0.685376 0.548619 -53.463747 -108.262989 239.693170
0.378271 0.401967 -0.833867 -0.792259 0.606492 -0.067035 0.478787 0.685996 0.547880 -54.292228 -108.340032 240.220126
0.379827 0.400242 -0.833989 -0.791258 0.607603 -0.068769 0.479210 0.686021 0.547478 -55.143170 -108.423432 240.764971
0.379806 0.400567 -0.833843 -0.790796 0.608293 -0.067982 0.479990 0.685219 0.547800 -55.973440 -108.497645 241.296087
0.378976 0.404603 -0.832270 -0.790947 0.608492 -0.064345 0.480395 0.682667 0.550623 -56.887297 -108.579597 241.880731
0.378180 0.410796 -0.829594 -0.791315 0.608515 -0.059407 0.480416 0.678937 0.555198 -57.812729 -108.653367 242.474163
0.376476 0.415366 -0.828092 -0.791001 0.609434 -0.053924 0.482269 0.675323 0.557992 -58.633357 -108.718585 243.005172
0.375370 0.415491 -0.828532 -0.789942 0.611017 -0.051475 0.484859 0.673814 0.557571 -59.435794 -108.774529 243.526888
0.374996 0.413523 -0.829685 -0.788852 0.612439 -0.051295 0.486919 0.673734 0.555870 -60.260716 -108.834513 244.069636
0.375599 0.411146 -0.830593 -0.787910 0.613541 -0.052593 0.487979 0.674186 0.554391 -61.112518 -108.900051 244.622606
0.377468 0.408602 -0.831001 -0.786852 0.614670 -0.055182 0.488244 0.674704 0.553527 -61.951359 -108.958240 245.168559
0.378985 0.407400 -0.830900 -0.786463 0.614984 -0.057182 0.487695 0.675144 0.553475 -62.716003 -109.015688 245.666351
0.379829 0.409409 -0.829527 -0.786395 0.615137 -0.056482 0.487148 0.673789 0.555604 -63.502027 -109.075151 246.175000
0.380321 0.413677 -0.827181 -0.786345 0.615443 -0.053759 0.486844 0.670896 0.559359 -64.306952 -109.140194 246.697307
0.381000 0.417165 -0.825113 -0.786561 0.615311 -0.052105 0.485965 0.668854 0.562559 -65.189028 -109.206054 247.274953
0.381755 0.419824 -0.823414 -0.786436 0.615583 -0.050752 0.485573 0.666938 0.565167 -66.158144 -109.279360 247.918733
0.382861 0.422535 -0.821512 -0.786083 0.616140 -0.049445 0.485274 0.664707 0.568043 -67.091998 -109.351628 248.535835
0.384126 0.425355 -0.819463 -0.785745 0.616667 -0.048230 0.484821 0.662416 0.571099 -67.966668 -109.411186 249.122118
0.385494 0.427632 -0.817634 -0.784646 0.618189 -0.046621 0.485515 0.659525 0.573848 -68.871699 -109.476170 249.736545
0.387661 0.427488 -0.816684 -0.782298 0.621191 -0.046180 0.487575 0.656792 0.575234 -69.758695 -109.545754 250.346251
0.389486 0.426553 -0.816305 -0.781072 0.622646 -0.047317 0.488086 0.656022 0.575680 -70.606062 -109.606702 250.930701
0.390480 0.425344 -0.816460 -0.779952 0.624001 -0.047939 0.489082 0.655519 0.575408 -71.504041 -109.672413 251.543604
0.390351 0.426387 -0.815978 -0.779413 0.624792 -0.046376 0.490043 0.654087 0.576219 -72.464435 -109.736583 252.199437
0.390714 0.431398 -0.813165 -0.779823 0.624495 -0.043389 0.489100 0.651078 0.580413 -73.489950 -109.807725 252.904952
0.390994 0.436194 -0.810468 -0.779780 0.624778 -0.039934 0.488944 0.647601 0.584420 -74.425208 -109.868548 253.558703
0.390679 0.440099 -0.808507 -0.779891 0.624837 -0.036731 0.489020 0.644897 0.587340 -75.318127 -109.919902 254.181262
0.391486 0.442503 -0.806802 -0.780402 0.624223 -0.036311 0.487557 0.643846 0.589705 -76.140621 -109.962099 254.763293
0.393837 0.444376 -0.804626 -0.780214 0.624415 -0.037038 0.485962 0.642367 0.592626 -76.938745 -110.007991 255.329391
0.393238 0.446735 -0.803612 -0.780435 0.624265 -0.034863 0.486092 0.640876 0.594132 -77.710752 -110.053416 255.877192
0.393323 0.448204 -0.802752 -0.779959 0.624948 -0.033226 0.486786 0.639182 0.595387 -78.589082 -110.101779 256.508284
0.393291 0.450995 -0.801202 -0.780581 0.624246 -0.031781 0.485814 0.637903 0.597549 -79.423333 -110.140074 257.109274
0.393345 0.453853 -0.799561 -0.780500 0.624459 -0.029508 0.485901 0.635664 0.599860 -80.243940 -110.174627 257.703338
0.393454 0.457299 -0.797541 -0.780906 0.624047 -0.027428 0.485160 0.633596 0.602641 -81.047084 -110.212610 258.295775
0.393561 0.459658 -0.796131 -0.781140 0.623815 -0.025982 0.484696 0.632116 0.604566 -81.799732 -110.243701 258.851027
0.395627 0.460612 -0.794554 -0.780445 0.624664 -0.026477 0.484134 0.630580 0.606616 -82.579322 -110.277306 259.432353
0.398351 0.461786 -0.792509 -0.779422 0.625915 -0.027059 0.483548 0.628477 0.609260 -83.414715 -110.316664 260.057379
0.402078 0.463579 -0.789575 -0.778218 0.627372 -0.027949 0.482401 0.625699 0.613018 -84.284960 -110.362371 260.710844
0.404763 0.465807 -0.786887 -0.777410 0.628375 -0.027914 0.481458 0.623032 0.616466 -85.127043 -110.405827 261.349470
0.406070 0.468042 -0.784885 -0.776479 0.629594 -0.026282 0.481858 0.620119 0.619084 -86.011082 -110.449234 262.024490
0.407161 0.469363 -0.783529 -0.775902 0.630333 -0.025604 0.481867 0.618367 0.620827 -86.908043 -110.489254 262.713980
0.407786 0.470582 -0.782473 -0.775441 0.630937 -0.024673 0.482081 0.616823 0.622196 -87.799874 -110.530819 263.403724
0.409403 0.470020 -0.781966 -0.775067 0.631331 -0.026314 0.481311 0.616849 0.622766 -88.612102 -110.569901 264.023501
0.411888 0.466854 -0.782557 -0.774038 0.632423 -0.030116 0.480847 0.618134 0.621850 -89.449706 -110.618521 264.666269
0.416706 0.462959 -0.782321 -0.772342 0.634181 -0.036098 0.479421 0.619261 0.621829 -90.380317 -110.678506 265.396742
0.420695 0.463064 -0.780120 -0.771617 0.634874 -0.039261 0.477098 0.618471 0.624397 -91.244747 -110.742885 266.071961
0.422063 0.465606 -0.777865 -0.771659 0.634858 -0.038689 0.475820 0.616576 0.627239 -92.135115 -110.792567 266.764174
0.423053 0.470112 -0.774610 -0.771691 0.634972 -0.036093 0.474888 0.613029 0.631408 -93.032460 -110.853158 267.477225
0.423957 0.472457 -0.772687 -0.770991 0.635927 -0.034191 0.475219 0.610231 0.633865 -93.988452 -110.908858 268.238838
0.425500 0.471428 -0.772467 -0.768759 0.638650 -0.033697 0.477450 0.608179 0.634160 -94.895320 -110.964583 268.965390
0.427060 0.467055 -0.774261 -0.766619 0.641086 -0.036124 0.479495 0.608990 0.631835 -95.737318 -111.017002 269.643347
0.426288 0.459908 -0.778950 -0.764549 0.643413 -0.038523 0.483470 0.611968 0.625901 -96.484006 -111.060445 270.233784
0.426945 0.455351 -0.781264 -0.762869 0.645265 -0.040806 0.485541 0.613424 0.622866 -97.302653 -111.104819 270.876374
0.428902 0.453899 -0.781037 -0.761578 0.646685 -0.042396 0.485841 0.613004 0.623044 -98.121551 -111.165228 271.513325
0.430971 0.455848 -0.778760 -0.761473 0.646781 -0.042810 0.484172 0.611455 0.625859 -99.040091 -111.232955 272.226357
0.432750 0.458687 -0.776101 -0.761452 0.646841 -0.042290 0.482616 0.609265 0.629188 -99.952726 -111.296589 272.945143
0.433239 0.462222 -0.773728 -0.761669 0.646722 -0.040137 0.481835 0.606713 0.632245 -100.883511 -111.358820 273.686569
0.433856 0.467409 -0.770258 -0.761539 0.647104 -0.036268 0.481485 0.602317 0.636700 -101.715558 -111.413565 274.352966
0.433551 0.471711 -0.767804 -0.761724 0.647083 -0.032574 0.481467 0.598977 0.639857 -102.579994 -111.465029 275.048461
0.434132 0.476636 -0.764427 -0.762090 0.646798 -0.029512 0.480363 0.595374 0.644035 -103.480463 -111.511349 275.781680
0.433232 0.481641 -0.761795 -0.762025 0.647094 -0.024240 0.481278 0.591008 0.647364 -104.319414 -111.553714 276.470634
0.432792 0.484825 -0.760024 -0.761870 0.647393 -0.020866 0.481918 0.588070 0.649560 -105.040176 -111.583367 277.066223
0.432557 0.484550 -0.760332 -0.760905 0.648569 -0.019558 0.483651 0.587000 0.649240 -105.674577 -111.608886 277.589336
0.432163 0.482535 -0.761837 -0.759565 0.650152 -0.019079 0.486103 0.586909 0.647488 -106.335523 -111.636150 278.137982
0.433036 0.478195 -0.764074 -0.758503 0.651288 -0.022271 0.486983 0.589197 0.644744 -106.984837 -111.673116 278.672829
0.434024 0.470527 -0.768263 -0.756642 0.653256 -0.027369 0.488995 0.593179 0.639549 -107.588580 -111.703008 279.169614
0.434800 0.464202 -0.771664 -0.754397 0.655703 -0.030626 0.491766 0.595458 0.635292 -108.207508 -111.732876 279.682118
0.434076 0.464571 -0.771850 -0.753993 0.656240 -0.029047 0.493024 0.594578 0.635141 -108.928051 -111.767125 280.267755
0.433878 0.467538 -0.770168 -0.753307 0.657177 -0.025434 0.494245 0.591208 0.637334 -109.657636 -111.802545 280.860683
0.434706 0.471041 -0.767562 -0.751728 0.659131 -0.021240 0.495919 0.586231 0.640623 -110.393592 -111.837214 281.466363
0.434396 0.472787 -0.766664 -0.750145 0.661045 -0.017382 0.498582 0.582659 0.641814 -111.097262 -111.866273 282.048052
0.433473 0.472916 -0.767106 -0.749708 0.661581 -0.015781 0.500039 0.581946 0.641326 -111.770796 -111.883868 282.597490
0.432338 0.471899 -0.768372 -0.749452 0.661884 -0.015195 0.501403 0.582427 0.639823 -112.495186 -111.898281 283.198733
0.431986 0.474480 -0.766979 -0.749253 0.662168 -0.012361 0.502004 0.580001 0.641553 -113.354751 -111.913049 283.892989
0.431179 0.479159 -0.764520 -0.749809 0.661603 -0.008226 0.501867 0.576791 0.644548 -114.208294 -111.926803 284.586878
0.430440 0.482335 -0.762938 -0.749649 0.661820 -0.004535 0.502740 0.573888 0.646456 -114.962886 -111.943547 285.209989
0.427811 0.484626 -0.762965 -0.750118 0.661304 -0.000555 0.504283 0.572551 0.646440 -115.688785 -111.955478 285.799591
0.426131 0.486350 -0.762808 -0.749487 0.662010 0.003394 0.506637 0.570268 0.646617 -116.472300 -111.961643 286.442443
0.425991 0.488298 -0.761641 -0.749357 0.662144 0.005388 0.506947 0.568446 0.647977 -117.237146 -111.969905 287.072712
0.425229 0.489617 -0.761220 -0.749621 0.661831 0.006940 0.507197 0.567675 0.648457 -117.968826 -111.969301 287.679006
0.425389 0.490748 -0.760402 -0.749034 0.662476 0.008519 0.507929 0.565943 0.649397 -118.691397 -111.977457 288.280741
0.425884 0.492302 -0.759119 -0.748472 0.663089 0.010114 0.508343 0.563872 0.650873 -119.453151 -111.982091 288.913701
0.426598 0.491806 -0.759039 -0.747690 0.663973 0.009990 0.508894 0.563264 0.650968 -120.144310 -111.984975 289.490915
0.427587 0.489671 -0.759862 -0.746473 0.665359 0.008718 0.509850 0.563489 0.650025 -120.801554 -111.991156 290.044539
0.427503 0.489874 -0.759779 -0.746088 0.665780 0.009467 0.510483 0.562815 0.650113 -121.509356 -111.989964 290.641287
0.427198 0.492590 -0.758194 -0.745954 0.665883 0.012316 0.510935 0.560316 0.651913 -122.342121 -111.987922 291.339978
0.427552 0.495816 -0.755888 -0.745849 0.665947 0.014946 0.510792 0.557388 0.654531 -123.129329 -111.985933 292.007926
0.427677 0.498397 -0.754117 -0.746189 0.665525 0.016666 0.510190 0.555586 0.656529 -123.872740 -111.984121 292.639236
0.428222 0.498884 -0.753485 -0.746898 0.664755 0.015657 0.508694 0.556072 0.657278 -124.547866 -111.983487 293.214952
0.428950 0.497165 -0.754208 -0.747008 0.664682 0.013295 0.507918 0.557696 0.656501 -125.211290 -111.982949 293.780442
0.430363 0.496352 -0.753938 -0.746607 0.665162 0.011728 0.507312 0.557848 0.656841 -125.909259 -111.983797 294.377865
0.432968 0.497577 -0.751635 -0.746105 0.665739 0.010932 0.505832 0.556066 0.659488 -126.682845 -111.989885 295.035634
0.434389 0.499078 -0.749818 -0.746420 0.665393 0.010463 0.504146 0.555134 0.661561 -127.370436 -111.994348 295.625575
0.435644 0.499839 -0.748582 -0.745939 0.665931 0.010547 0.503776 0.553802 0.662958 -128.159742 -112.005924 296.307213
0.436753 0.500404 -0.747558 -0.745049 0.666916 0.011137 0.504132 0.552104 0.664103 -128.968822 -112.019093 297.011866
0.438238 0.499358 -0.747388 -0.744428 0.667634 0.009569 0.503760 0.552183 0.664319 -129.804992 -112.023437 297.740535
0.441429 0.498246 -0.746252 -0.743268 0.668957 0.006974 0.502685 0.551587 0.665628 -130.632831 -112.030819 298.464528
0.443360 0.498294 -0.745074 -0.741994 0.670372 0.006807 0.502868 0.549822 0.666948 -131.491331 -112.041334 299.216233
0.445364 0.497448 -0.744443 -0.739843 0.672744 0.006926 0.504265 0.547687 0.667650 -132.231580 -112.057560 299.869854
0.446411 0.495387 -0.745190 -0.738129 0.674631 0.006300 0.505849 0.547234 0.666822 -133.023294 -112.066127 300.567888
0.445862 0.494269 -0.746261 -0.737209 0.675628 0.007033 0.507672 0.547015 0.665616 -133.813391 -112.068671 301.262811
0.446096 0.492287 -0.747430 -0.736010 0.676939 0.006579 0.509203 0.547181 0.664308 -134.683281 -112.067730 302.011581
0.446664 0.490993 -0.747942 -0.735132 0.677897 0.005998 0.509973 0.547157 0.663737 -135.528968 -112.070365 302.736140
0.446953 0.488800 -0.749204 -0.733276 0.679904 0.006136 0.512386 0.546631 0.662310 -136.402803 -112.080458 303.494905
0.446766 0.489308 -0.748984 -0.732054 0.681195 0.008354 0.514292 0.544565 0.662535 -137.198172 -112.079299 304.185722
0.447402 0.489804 -0.748281 -0.729957 0.683407 0.010893 0.516716 0.541339 0.663293 -137.873995 -112.081586 304.782100
0.448555 0.489939 -0.747502 -0.728450 0.684997 0.011848 0.517841 0.539203 0.664154 -138.525233 -112.088718 305.359438
0.449440 0.487725 -0.748417 -0.727496 0.686036 0.010197 0.518414 0.539888 0.663150 -139.243576 -112.098151 305.993099
0.450796 0.482303 -0.751110 -0.725599 0.688088 0.006351 0.519893 0.542142 0.660146 -140.094270 -112.102133 306.738708
0.451714 0.478054 -0.753272 -0.724806 0.688948 0.002587 0.520202 0.544808 0.657704 -140.878131 -112.112243 307.412464
0.448668 0.477617 -0.755367 -0.724693 0.689052 0.005237 0.522988 0.545059 0.655281 -141.634956 -112.112379 308.049150
0.447019 0.478018 -0.756091 -0.723783 0.689978 0.008303 0.525655 0.543534 0.654414 -142.494401 -112.117449 308.776893
0.445588 0.477858 -0.757036 -0.722324 0.691463 0.011310 0.528866 0.541785 0.653276 -143.312401 -112.117475 309.464401
0.445035 0.479513 -0.756314 -0.721506 0.692259 0.014348 0.530445 0.539300 0.654051 -144.206864 -112.113861 310.208904
0.444417 0.483779 -0.753957 -0.720910 0.692752 0.019569 0.531772 0.534838 0.656633 -145.121219 -112.104445 310.969933
0.443579 0.490119 -0.750347 -0.720298 0.693142 0.026938 0.533300 0.528524 0.660495 -145.979654 -112.088322 311.710302
0.442034 0.497435 -0.746435 -0.720413 0.692663 0.034977 0.534426 0.522280 0.664539 -146.722450 -112.065858 312.357680
0.441125 0.502179 -0.743791 -0.719937 0.692839 0.040801 0.535817 0.517484 0.667166 -147.484769 -112.040940 313.031694
0.441167 0.501872 -0.743973 -0.718517 0.694226 0.042241 0.537685 0.515922 0.666873 -148.252456 -112.010797 313.714731
0.441252 0.498850 -0.745953 -0.717725 0.695158 0.040327 0.538672 0.517595 0.664777 -149.038430 -111.978172 314.412312
0.441413 0.493952 -0.749110 -0.716646 0.696458 0.036951 0.539975 0.520536 0.661415 -149.757237 -111.945588 315.046908
0.442273 0.489609 -0.751451 -0.715646 0.697666 0.033365 0.540597 0.523016 0.658945 -150.439895 -111.920562 315.642524
0.443588 0.488084 -0.751667 -0.714935 0.698475 0.031633 0.540461 0.523361 0.658783 -151.120556 -111.903763 316.226090
0.444130 0.486909 -0.752109 -0.713353 0.700074 0.031978 0.542103 0.522318 0.658262 -151.775437 -111.892421 316.795687
0.444100 0.485984 -0.752725 -0.711101 0.702273 0.033869 0.545078 0.520223 0.657463 -152.477127 -111.876303 317.402656
0.444381 0.485481 -0.752883 -0.709787 0.703560 0.034731 0.546560 0.518953 0.657237 -153.252815 -111.854613 318.064699
0.446004 0.485901 -0.751652 -0.709094 0.704268 0.034519 0.546138 0.517596 0.658656 -154.080060 -111.834926 318.765691
0.446868 0.487367 -0.750188 -0.708958 0.704367 0.035292 0.545608 0.516081 0.660282 -154.817645 -111.816988 319.389153
0.446776 0.489704 -0.748720 -0.709264 0.703961 0.037198 0.545286 0.514420 0.661842 -155.532633 -111.796346 319.999165
0.446254 0.491909 -0.747584 -0.708891 0.704172 0.040187 0.546196 0.512023 0.662950 -156.305084 -111.770391 320.669307
0.445099 0.493917 -0.746949 -0.707998 0.704832 0.044179 0.548294 0.509174 0.663412 -157.054481 -111.751032 321.321377
0.444725 0.493085 -0.747721 -0.706043 0.706668 0.046076 0.551111 0.507432 0.662412 -157.860340 -111.714748 322.028209
0.445268 0.489738 -0.749595 -0.704606 0.708223 0.044165 0.552510 0.508504 0.660421 -158.548139 -111.687968 322.624092
0.447709 0.486921 -0.749976 -0.703942 0.709121 0.040166 0.551382 0.509957 0.660244 -159.377257 -111.652786 323.345912
0.449470 0.489234 -0.747413 -0.703517 0.709476 0.041329 0.550491 0.507241 0.663073 -160.272356 -111.617001 324.122219
0.449677 0.491889 -0.745544 -0.702960 0.709846 0.044344 0.551033 0.504147 0.664980 -161.055221 -111.585063 324.806609
0.449232 0.494940 -0.743791 -0.702908 0.709680 0.047702 0.551463 0.501387 0.666708 -161.838481 -111.550144 325.489542
0.450408 0.494695 -0.743242 -0.702797 0.709864 0.046581 0.550645 0.501368 0.667399 -162.579474 -111.519276 326.138508
0.451314 0.493903 -0.743220 -0.701871 0.710807 0.046157 0.551083 0.500813 0.667453 -163.312993 -111.487676 326.777892
0.452074 0.494830 -0.742140 -0.700538 0.711999 0.048001 0.552156 0.498197 0.668523 -164.043818 -111.453306 327.421874
0.454033 0.493984 -0.741508 -0.698061 0.714394 0.048490 0.553682 0.495602 0.669190 -164.746262 -111.420665 328.043216
0.455831 0.492998 -0.741061 -0.696948 0.715558 0.047335 0.553608 0.494904 0.669767 -165.474020 -111.378973 328.690668
0.457591 0.496213 -0.737823 -0.697129 0.715290 0.048706 0.551926 0.492070 0.673235 -166.214832 -111.338304 329.347511
0.458941 0.501103 -0.733668 -0.697501 0.714707 0.051836 0.550333 0.487945 0.677528 -166.993579 -111.300491 330.041601
0.460084 0.504109 -0.730888 -0.697393 0.714658 0.053915 0.549513 0.484911 0.680365 -167.662317 -111.259177 330.653404
0.461206 0.505921 -0.728926 -0.697208 0.714760 0.054952 0.548808 0.482869 0.682383 -168.391915 -111.213238 331.323536
0.463725 0.506744 -0.726752 -0.696198 0.715752 0.054845 0.547967 0.480530 0.684706 -169.026962 -111.178849 331.911156
0.465613 0.505919 -0.726120 -0.695208 0.716805 0.053637 0.547622 0.479830 0.685473 -169.692342 -111.140586 332.529323
0.468314 0.503831 -0.725835 -0.694487 0.717756 0.050135 0.546232 0.480604 0.686040 -170.304603 -111.105657 333.095125
0.471098 0.501995 -0.725305 -0.693297 0.719092 0.047387 0.545350 0.480528 0.686795 -171.006671 -111.066024 333.752227
0.474190 0.502989 -0.722597 -0.692594 0.719824 0.046558 0.543561 0.478388 0.689700 -171.711933 -111.027121 334.413605
0.475978 0.504638 -0.720268 -0.691781 0.720532 0.047670 0.543032 0.475578 0.692056 -172.385358 -110.993481 335.042188
0.477619 0.504717 -0.719125 -0.690689 0.721577 0.047705 0.542981 0.473907 0.693241 -173.020435 -110.963216 335.639122
0.480959 0.504558 -0.717007 -0.689698 0.722642 0.045883 0.541290 0.472451 0.695554 -173.665710 -110.936921 336.255247
0.482978 0.504770 -0.715499 -0.690142 0.722351 0.043743 0.538922 0.472669 0.697242 -174.349932 -110.906834 336.905551
0.484689 0.504735 -0.714366 -0.689484 0.723021 0.043043 0.538227 0.471681 0.698447 -175.033476 -110.876107 337.563830
0.487286 0.505669 -0.711935 -0.688481 0.723979 0.042990 0.537165 0.469206 0.700928 -175.792196 -110.846137 338.305145
0.488925 0.505676 -0.710805 -0.687125 0.725247 0.043314 0.537412 0.467234 0.702054 -176.546092 -110.821482 339.029180
0.491031 0.506442 -0.708806 -0.686134 0.726172 0.043525 0.536758 0.464964 0.704060 -177.279533 -110.789537 339.733796
0.492366 0.506923 -0.707534 -0.685400 0.726848 0.043799 0.536473 0.463379 0.705321 -178.124660 -110.747452 340.563607
0.493261 0.508525 -0.705759 -0.685424 0.726776 0.044621 0.535619 0.461734 0.707046 -179.029627 -110.709128 341.449393
0.494645 0.508251 -0.704988 -0.683900 0.728179 0.045122 0.536291 0.459822 0.707783 -179.990798 -110.672665 342.392520
0.494222 0.509283 -0.704539 -0.683161 0.728719 0.047536 0.537620 0.457820 0.708071 -180.983368 -110.630861 343.364599
0.492610 0.510162 -0.705031 -0.683000 0.728700 0.050073 0.539302 0.456870 0.707406 -181.966888 -110.578007 344.324973
0.490090 0.510227 -0.706739 -0.681544 0.729765 0.054232 0.543424 0.455096 0.705392 -182.828325 -110.532748 345.169791
0.489299 0.506873 -0.709695 -0.679585 0.731608 0.053984 0.546582 0.455883 0.702438 -183.583624 -110.484509 345.917147
0.486951 0.503951 -0.713381 -0.678615 0.732489 0.054229 0.549872 0.457704 0.698675 -184.323512 -110.438819 346.638272
0.485268 0.499455 -0.717677 -0.676846 0.734193 0.053289 0.553529 0.459897 0.694334 -185.178015 -110.392187 347.445384
0.484395 0.498314 -0.719058 -0.675119 0.735654 0.055019 0.556395 0.458799 0.692769 -186.154768 -110.335976 348.355220
0.478405 0.499631 -0.722148 -0.673318 0.736614 0.063582 0.563711 0.455817 0.688811 -187.088567 -110.274672 349.220834
0.469985 0.503613 -0.724905 -0.672373 0.736339 0.075630 0.571864 0.451862 0.684684 -187.989282 -110.204080 350.040949
0.463152 0.507917 -0.726299 -0.671131 0.736229 0.086890 0.578855 0.447199 0.681865 -188.792928 -110.134124 350.781615
0.456673 0.512697 -0.727043 -0.668258 0.737166 0.100087 0.587266 0.440146 0.679258 -189.555782 -110.048644 351.485521
0.447886 0.516833 -0.729577 -0.665714 0.737485 0.113754 0.596844 0.434741 0.674372 -190.383791 -109.939548 352.235260
0.442909 0.519859 -0.730465 -0.664333 0.737414 0.121994 0.602075 0.431239 0.671966 -191.280012 -109.809171 353.032570
0.440059 0.521622 -0.730929 -0.664876 0.736382 0.125222 0.603562 0.430872 0.670866 -192.076218 -109.695250 353.738703
0.439725 0.521728 -0.731056 -0.665240 0.736063 0.125165 0.603405 0.431290 0.670739 -192.916673 -109.566826 354.496670
0.440850 0.519960 -0.731637 -0.663861 0.737487 0.124107 0.604103 0.430992 0.670302 -193.755970 -109.436297 355.259380
0.442700 0.518770 -0.731365 -0.662200 0.739094 0.123417 0.604572 0.429673 0.670726 -194.503202 -109.326519 355.929769
0.444463 0.518780 -0.730288 -0.660394 0.740582 0.124168 0.605254 0.427089 0.671761 -195.289274 -109.213718 356.638876
0.445767 0.518904 -0.729404 -0.659067 0.741651 0.124835 0.605741 0.425079 0.672596 -196.122723 -109.087988 357.380812
0.446400 0.518358 -0.729405 -0.657458 0.742947 0.125613 0.607021 0.423480 0.672451 -196.966269 -108.961133 358.139522
0.446925 0.517949 -0.729374 -0.658067 0.742654 0.124148 0.605975 0.424492 0.672756 -197.686550 -108.850588 358.785040
0.447580 0.516406 -0.730066 -0.657850 0.743144 0.122351 0.605727 0.425512 0.672335 -198.353272 -108.752954 359.385487
0.449406 0.517687 -0.728035 -0.657621 0.743305 0.122605 0.604623 0.423672 0.674487 -199.146537 -108.634102 360.100169
0.450710 0.520313 -0.725352 -0.655738 0.744321 0.126467 0.605697 0.418641 0.676662 -200.008825 -108.507020 360.887094
0.450942 0.523131 -0.723177 -0.653343 0.745488 0.131873 0.608107 0.413016 0.677956 -200.816212 -108.386760 361.625217
0.451987 0.525375 -0.720894 -0.652287 0.745918 0.134640 0.608464 0.409374 0.679841 -201.600670 -108.260986 362.336704
0.452181 0.526950 -0.719622 -0.651378 0.746255 0.137153 0.609294 0.406727 0.680686 -202.360742 -108.136708 363.037421
0.452382 0.526369 -0.719921 -0.650030 0.747289 0.137915 0.610583 0.405579 0.680216 -203.213546 -107.993177 363.815515
0.452271 0.524670 -0.721230 -0.648819 0.748403 0.137574 0.611952 0.405727 0.678897 -203.950426 -107.870880 364.477040
0.451205 0.523585 -0.722685 -0.649016 0.748344 0.136965 0.612529 0.407235 0.677471 -204.791772 -107.725510 365.242271
0.450891 0.525116 -0.721769 -0.648952 0.748054 0.138838 0.612828 0.405793 0.678066 -205.679691 -107.568039 366.057789
0.451259 0.529229 -0.718527 -0.649215 0.747125 0.142564 0.612278 0.402146 0.680731 -206.553711 -107.414325 366.865570
0.453764 0.532735 -0.714347 -0.648770 0.747041 0.145008 0.610897 0.397648 0.684603 -207.395340 -107.265921 367.651400
0.454217 0.534729 -0.712567 -0.647815 0.747311 0.147860 0.611574 0.394451 0.685847 -208.214823 -107.112248 368.427492
0.455026 0.536532 -0.710693 -0.646158 0.748103 0.151067 0.612724 0.390481 0.687091 -209.010673 -106.962549 369.188247
0.457769 0.537017 -0.708562 -0.644655 0.749326 0.151430 0.612264 0.387458 0.689209 -209.798369 -106.819612 369.943441
0.460109 0.535546 -0.708160 -0.642798 0.751127 0.150398 0.612463 0.386004 0.689848 -210.618348 -106.665486 370.737633
0.461871 0.532992 -0.708939 -0.641716 0.752581 0.147727 0.612271 0.386707 0.689625 -211.398339 -106.516665 371.482988
0.463312 0.530876 -0.709586 -0.640190 0.754171 0.146232 0.612780 0.386519 0.689278 -212.060034 -106.390438 372.116972
0.465039 0.530903 -0.708435 -0.640327 0.754303 0.144947 0.611327 0.386224 0.690731 -212.784791 -106.251163 372.807437
0.468687 0.532942 -0.704490 -0.640889 0.754002 0.144024 0.607943 0.383998 0.694947 -213.581487 -106.100878 373.577781
0.472515 0.536791 -0.698989 -0.640183 0.754146 0.146386 0.605719 0.378311 0.699990 -214.372382 -105.959108 374.347519
0.475089 0.539076 -0.695476 -0.638944 0.754771 0.148566 0.605014 0.373788 0.703023 -215.094275 -105.820976 375.058232
0.476778 0.539886 -0.693691 -0.639427 0.754522 0.147747 0.603171 0.373122 0.704957 -215.810539 -105.687233 375.757539
0.480211 0.539223 -0.691835 -0.639530 0.755047 0.144586 0.600333 0.373017 0.707431 -216.503503 -105.556480 376.447481
0.481328 0.541330 -0.689410 -0.641165 0.753734 0.144194 0.597688 0.372621 0.709875 -217.179380 -105.424806 377.119434
0.483056 0.543128 -0.686782 -0.640924 0.753732 0.145274 0.596551 0.370000 0.712198 -217.890577 -105.286569 377.835287
0.484259 0.545279 -0.684225 -0.641048 0.753356 0.146671 0.595442 0.367595 0.714369 -218.679274 -105.140398 378.635422
0.485468 0.547389 -0.681679 -0.640611 0.753329 0.148704 0.594927 0.364500 0.716381 -219.437005 -105.001451 379.410839
0.486553 0.550325 -0.678534 -0.640849 0.752683 0.150934 0.593784 0.361401 0.718895 -220.136409 -104.867859 380.133225
0.486763 0.551001 -0.677834 -0.639814 0.753188 0.152795 0.594727 0.359312 0.719163 -220.808030 -104.733509 380.824235
0.487685 0.550153 -0.677860 -0.638743 0.754150 0.152528 0.595122 0.358593 0.719194 -221.523755 -104.590283 381.563967
0.488588 0.549062 -0.678095 -0.638329 0.754766 0.151208 0.594826 0.358969 0.719252 -222.188992 -104.463386 382.249475
0.487141 0.548791 -0.679355 -0.638819 0.754336 0.151288 0.595487 0.360286 0.718046 -222.862627 -104.330684 382.934170
0.486429 0.550617 -0.678386 -0.639388 0.753486 0.153107 0.595458 0.359276 0.718575 -223.605520 -104.179025 383.693107
0.486262 0.554777 -0.675108 -0.640588 0.751790 0.156393 0.594303 0.356418 0.720951 -224.346468 -104.022519 384.449938
0.486516 0.558364 -0.671961 -0.640922 0.750784 0.159819 0.593735 0.352920 0.723136 -225.009851 -103.879965 385.141812
0.486673 0.561406 -0.669308 -0.641387 0.749800 0.162551 0.593104 0.350176 0.724986 -225.644562 -103.745449 385.809414
0.486645 0.561672 -0.669105 -0.641106 0.749897 0.163210 0.593430 0.349541 0.725025 -226.329996 -103.593814 386.537191
0.487613 0.558559 -0.671004 -0.640029 0.751422 0.160397 0.593798 0.351251 0.723897 -226.966921 -103.451849 387.219644
0.487768 0.555131 -0.673730 -0.639773 0.752405 0.156774 0.593947 0.354565 0.722157 -227.534660 -103.323146 387.819462
0.486172 0.554113 -0.675719 -0.640749 0.751834 0.155518 0.594203 0.357358 0.720568 -228.085890 -103.202763 388.393537
0.485956 0.555488 -0.674744 -0.641812 0.750847 0.155903 0.593232 0.357297 0.721398 -228.679356 -103.075078 389.018937
0.486104 0.557517 -0.672961 -0.641780 0.750414 0.158102 0.593145 0.355039 0.722583 -229.311161 -102.944511 389.678564
0.485184 0.557933 -0.673280 -0.642291 0.749881 0.158558 0.593345 0.355512 0.722186 -230.005988 -102.797243 390.402126
0.483420 0.556303 -0.675894 -0.643103 0.749526 0.156940 0.593906 0.358801 0.720096 -230.740554 -102.636262 391.156167
0.483655 0.553410 -0.678096 -0.643266 0.750122 0.153380 0.593537 0.362013 0.718791 -231.485657 -102.473057 391.934993
0.485050 0.549488 -0.680286 -0.642419 0.751705 0.149124 0.593316 0.364696 0.717616 -232.140433 -102.334343 392.628641
0.486252 0.546998 -0.681434 -0.640714 0.753456 0.147615 0.594175 0.364826 0.716839 -232.782848 -102.209092 393.301886
0.486937 0.547655 -0.680416 -0.640692 0.753418 0.147904 0.593638 0.363917 0.717745 -233.446337 -102.085878 393.988232
0.486710 0.548757 -0.679691 -0.640034 0.753548 0.150074 0.594533 0.361983 0.717982 -234.254263 -101.935356 394.825608
0.487181 0.550281 -0.678119 -0.640127 0.753216 0.151335 0.594047 0.360355 0.719203 -235.024754 -101.783758 395.629523
0.489778 0.550822 -0.675805 -0.639295 0.753950 0.151197 0.592806 0.357986 0.721407 -235.838197 -101.627172 396.482958
0.491146 0.552244 -0.673649 -0.638698 0.754175 0.152594 0.592318 0.355312 0.723127 -236.551881 -101.488091 397.238160
0.491523 0.554570 -0.671460 -0.638705 0.753691 0.154941 0.591998 0.352708 0.724662 -237.255770 -101.343492 397.980182
0.491527 0.557507 -0.669019 -0.640153 0.752147 0.156459 0.590428 0.351371 0.726591 -238.015508 -101.182664 398.784216
0.492084 0.560756 -0.665887 -0.641097 0.750897 0.158580 0.588938 0.348864 0.729004 -238.771077 -101.024895 399.589806
0.493420 0.563749 -0.662362 -0.641505 0.750127 0.160564 0.587373 0.345683 0.731776 -239.524636 -100.862687 400.403715
0.495412 0.565063 -0.659750 -0.641213 0.750263 0.161093 0.586014 0.343233 0.734015 -240.246029 -100.706141 401.189100
0.496390 0.565476 -0.658660 -0.641442 0.750168 0.160625 0.584935 0.342760 0.735096 -240.895880 -100.559395 401.906593
0.497382 0.565708 -0.657713 -0.640312 0.750913 0.161649 0.585331 0.340740 0.735720 -241.585850 -100.402894 402.673101
0.499075 0.567404 -0.654963 -0.639233 0.751360 0.163826 0.585068 0.336913 0.737689 -242.326963 -100.231484 403.502954
0.500487 0.569691 -0.651893 -0.638800 0.751235 0.166071 0.584334 0.333313 0.739903 -243.127257 -100.047204 404.395879
0.501873 0.569589 -0.650916 -0.638160 0.751827 0.165854 0.583845 0.332151 0.740811 -243.901035 -99.873850 405.246618
0.505262 0.563824 -0.653309 -0.635405 0.755325 0.160451 0.583927 0.334046 0.739894 -244.651424 -99.701628 406.091387
0.507035 0.559145 -0.655952 -0.634492 0.757224 0.155024 0.583383 0.337594 0.738712 -245.397875 -99.530545 406.930580
0.508773 0.560688 -0.653283 -0.634208 0.757259 0.156009 0.582177 0.334944 0.740866 -246.148556 -99.364404 407.768724
0.510745 0.565242 -0.647797 -0.635113 0.755912 0.158835 0.579458 0.330300 0.745071 -246.893990 -99.199762 408.602015
0.513505 0.567391 -0.643724 -0.634293 0.756232 0.160576 0.577914 0.325853 0.748221 -247.615977 -99.041737 409.417242
0.515707 0.565616 -0.643526 -0.632190 0.758165 0.159753 0.578258 0.324445 0.748568 -248.312363 -98.887436 410.218640
0.517710 0.562531 -0.644620 -0.630060 0.760397 0.157548 0.578793 0.324585 0.748093 -249.034499 -98.731936 411.046318
0.519586 0.559763 -0.645520 -0.628261 0.762333 0.155363 0.579067 0.324830 0.747775 -249.783299 -98.574328 411.899840
0.520018 0.558428 -0.646328 -0.628596 0.762520 0.153067 0.578315 0.326681 0.747550 -250.496200 -98.426538 412.710958
0.520722 0.557626 -0.646454 -0.628575 0.762815 0.151678 0.577705 0.327363 0.747724 -251.216928 -98.274486 413.535528
0.524271 0.560752 -0.640857 -0.630646 0.761379 0.150292 0.572211 0.325360 0.752805 -251.976785 -98.112469 414.407577
0.526391 0.565423 -0.634988 -0.632688 0.759399 0.151719 0.567995 0.321885 0.757477 -252.724332 -97.953352 415.270316
0.528251 0.568271 -0.630887 -0.633318 0.758610 0.153031 0.565561 0.318714 0.760633 -253.457853 -97.794955 416.136199
0.530040 0.568962 -0.628761 -0.632604 0.759088 0.153614 0.564685 0.316335 0.762275 -254.122935 -97.652418 416.930416
0.531234 0.568176 -0.628463 -0.631207 0.760224 0.153743 0.565126 0.315017 0.762494 -254.813320 -97.505279 417.752377
0.531865 0.566875 -0.629105 -0.629508 0.761573 0.154034 0.566427 0.314101 0.761906 -255.515441 -97.348259 418.600693
0.533515 0.564584 -0.629767 -0.628413 0.762960 0.151624 0.566091 0.314860 0.761842 -256.216962 -97.190534 419.445446
0.533516 0.564509 -0.629833 -0.628529 0.762913 0.151375 0.565961 0.315108 0.761837 -256.948755 -97.029446 420.315247
0.533045 0.565895 -0.628988 -0.629055 0.762223 0.152663 0.565820 0.314292 0.762278 -257.668950 -96.872363 421.164425
0.533019 0.567744 -0.627341 -0.628545 0.762048 0.155611 0.566411 0.311368 0.763039 -258.446227 -96.701958 422.088486
0.533195 0.568994 -0.626059 -0.627431 0.762367 0.158514 0.567480 0.308290 0.763494 -259.106669 -96.554863 422.874176
0.533031 0.569588 -0.625658 -0.626568 0.762660 0.160506 0.568586 0.306463 0.763407 -259.811101 -96.386311 423.714430
0.532397 0.569476 -0.626299 -0.625958 0.762929 0.161603 0.569851 0.306000 0.762649 -260.470759 -96.230632 424.501516
0.531747 0.568479 -0.627755 -0.625206 0.763500 0.161819 0.571282 0.306430 0.761405 -261.076596 -96.085589 425.222247
0.531060 0.568595 -0.628232 -0.624636 0.763680 0.163165 0.572543 0.305766 0.760725 -261.679808 -95.944442 425.933532
0.530461 0.570689 -0.626838 -0.623887 0.763443 0.167094 0.573914 0.302439 0.761022 -262.327426 -95.790284 426.700922
0.530397 0.573575 -0.624252 -0.623311 0.762954 0.171420 0.574598 0.298182 0.762184 -263.059196 -95.614553 427.572950
0.530010 0.575208 -0.623077 -0.622232 0.763001 0.175090 0.576122 0.294899 0.762311 -263.755951 -95.451738 428.397647
0.529958 0.576580 -0.621852 -0.622537 0.762450 0.176402 0.575841 0.293640 0.763009 -264.450073 -95.280869 429.217997
0.530094 0.576287 -0.622007 -0.622548 0.762547 0.175942 0.575703 0.293964 0.762988 -265.133614 -95.104420 430.028480
0.528584 0.576524 -0.623072 -0.622562 0.762255 0.177157 0.577075 0.294258 0.761838 -265.813320 -94.926421 430.830864
0.527399 0.578601 -0.622151 -0.623583 0.760968 0.179088 0.577057 0.293512 0.762139 -266.607630 -94.719088 431.767963
0.526535 0.580439 -0.621170 -0.623418 0.760390 0.182090 0.578023 0.291372 0.762228 -267.336465 -94.530051 432.621268
0.525587 0.581392 -0.621081 -0.622899 0.760229 0.184523 0.579444 0.289888 0.761715 -268.076620 -94.337636 433.491828
0.524619 0.582325 -0.621025 -0.622625 0.759943 0.186616 0.580615 0.288763 0.761250 -268.813704 -94.147452 434.351631
0.523994 0.582061 -0.621800 -0.622622 0.759930 0.186677 0.581182 0.289329 0.760603 -269.501781 -93.956221 435.161418
0.523428 0.582587 -0.621785 -0.623147 0.759426 0.186976 0.581129 0.289595 0.760542 -270.173025 -93.763355 435.957189
0.523266 0.584162 -0.620441 -0.623408 0.758795 0.188658 0.580994 0.288070 0.761224 -270.921938 -93.554479 436.848987
0.521992 0.584874 -0.620844 -0.624165 0.758011 0.189310 0.581329 0.288691 0.760733 -271.644426 -93.349396 437.707281
0.521427 0.583145 -0.622941 -0.623854 0.758604 0.187950 0.582168 0.290622 0.759355 -272.324821 -93.153687 438.527605
0.520409 0.582200 -0.624674 -0.623144 0.759091 0.188343 0.583838 0.291246 0.757832 -273.017562 -92.948091 439.352709
0.516937 0.586749 -0.623298 -0.624546 0.756473 0.194142 0.585421 0.288919 0.757501 -273.733497 -92.743089 440.182713
0.514963 0.594776 -0.617296 -0.626024 0.752874 0.203164 0.585583 0.281820 0.760046 -274.493899 -92.520112 441.081971
0.514778 0.601930 -0.610478 -0.626546 0.750181 0.211349 0.585187 0.273695 0.763314 -275.121330 -92.330905 441.832239
0.514072 0.605311 -0.607724 -0.625944 0.749157 0.216699 0.586451 0.269003 0.764011 -275.740660 -92.131363 442.597248
0.514013 0.605806 -0.607281 -0.625248 0.749288 0.218248 0.587244 0.267519 0.763923 -276.456009 -91.895382 443.476070
0.515099 0.601989 -0.610149 -0.623456 0.751643 0.215258 0.588197 0.269522 0.762484 -277.197074 -91.652896 444.384343
0.515132 0.599462 -0.612605 -0.622998 0.752743 0.212722 0.588653 0.272072 0.761226 -277.912958 -91.416666 445.258930
0.514449 0.600061 -0.612592 -0.623475 0.752205 0.213230 0.588745 0.272240 0.761094 -278.605682 -91.188657 446.093963
0.513634 0.603871 -0.609525 -0.624862 0.750094 0.216578 0.587986 0.269627 0.762610 -279.219779 -90.998118 446.838430
0.513759 0.608081 -0.605219 -0.625817 0.748165 0.220459 0.586860 0.265493 0.764924 -279.871390 -90.786800 447.636706
