0.999810 -0.002817 0.019311 0.002777 0.999994 0.002054 -0.019317 -0.002000 0.999811 0.027414 -0.006971 0.542010
0.999519 -0.004249 0.030724 0.004129 0.999984 0.003972 -0.030741 -0.003844 0.999520 0.060905 -0.018086 1.397695
0.999412 -0.007330 0.033507 0.007138 0.999957 0.005838 -0.033548 -0.005595 0.999421 0.096229 -0.024921 2.173882
0.999568 -0.009769 0.027711 0.009597 0.999934 0.006346 -0.027771 -0.006078 0.999596 0.123798 -0.031978 2.877168
0.999832 -0.011003 0.014651 0.010915 0.999922 0.006113 -0.014717 -0.005952 0.999874 0.132160 -0.038766 3.533666
0.999932 -0.011665 0.000741 0.011659 0.999907 0.007065 -0.000823 -0.007056 0.999975 0.128617 -0.045369 4.284205
0.999747 -0.010705 -0.019802 0.010895 0.999895 0.009510 0.019698 -0.009723 0.999759 0.110168 -0.056366 5.045434
0.999032 -0.010334 -0.042759 0.010840 0.999874 0.011621 0.042634 -0.012073 0.999018 0.076363 -0.061465 5.753741
0.997866 -0.011625 -0.064257 0.012390 0.999857 0.011512 0.064114 -0.012284 0.997867 0.035537 -0.063849 6.426293
0.996190 -0.014298 -0.086035 0.015378 0.999811 0.011908 0.085848 -0.013185 0.996221 -0.021557 -0.065106 7.122915
0.994478 -0.016125 -0.103701 0.017560 0.999762 0.012938 0.103468 -0.014687 0.994524 -0.089241 -0.070104 7.828852
0.992806 -0.016719 -0.118562 0.018582 0.999720 0.014624 0.118284 -0.016722 0.992839 -0.167637 -0.072120 8.495940
0.991391 -0.017047 -0.129817 0.019202 0.999697 0.015372 0.129516 -0.017732 0.991419 -0.258249 -0.071500 9.177510
0.990284 -0.017916 -0.137900 0.020217 0.999678 0.015304 0.137581 -0.017944 0.990328 -0.356854 -0.063774 9.901486
0.989002 -0.019700 -0.146584 0.022161 0.999639 0.015179 0.146232 -0.018260 0.989082 -0.471343 -0.061574 10.698788
0.987835 -0.018958 -0.154343 0.021568 0.999651 0.015255 0.154000 -0.018398 0.987899 -0.602463 -0.065917 11.517055
0.986920 -0.019615 -0.160015 0.022235 0.999646 0.014601 0.159672 -0.017968 0.987007 -0.745168 -0.065688 12.371063
0.986189 -0.019650 -0.164452 0.022454 0.999632 0.015209 0.164093 -0.018691 0.986268 -0.883191 -0.064993 13.188561
0.985120 -0.019813 -0.170720 0.022852 0.999613 0.015859 0.170340 -0.019525 0.985192 -1.062502 -0.059445 14.243970
0.983757 -0.019777 -0.178412 0.023427 0.999557 0.018377 0.177969 -0.022259 0.983784 -1.257200 -0.057478 15.351784
0.983041 -0.021866 -0.182076 0.025170 0.999557 0.015857 0.181648 -0.020171 0.983157 -1.430256 -0.051534 16.270427
0.982042 -0.021501 -0.187431 0.024877 0.999568 0.015679 0.187013 -0.020060 0.982153 -1.606356 -0.046468 17.159938
0.981584 -0.021923 -0.189768 0.025509 0.999539 0.016475 0.189319 -0.021012 0.981691 -1.803546 -0.041895 18.191583
0.980500 -0.020947 -0.195400 0.024604 0.999564 0.016309 0.194973 -0.020798 0.980588 -2.000243 -0.037464 19.155336
0.979795 -0.020223 -0.198979 0.023930 0.999582 0.016238 0.198568 -0.020672 0.979869 -2.195443 -0.041426 20.102487
0.979244 -0.021578 -0.201535 0.024890 0.999593 0.013916 0.201153 -0.018643 0.979382 -2.395879 -0.040148 21.070359
0.977661 -0.022429 -0.208988 0.025929 0.999565 0.014024 0.208583 -0.019130 0.977818 -2.586123 -0.034841 21.975523
0.976469 -0.021962 -0.214538 0.025749 0.999558 0.014872 0.214117 -0.020046 0.976602 -2.793017 -0.037794 22.914372
0.975715 -0.022784 -0.217854 0.026014 0.999590 0.011969 0.217492 -0.017346 0.975908 -2.994698 -0.042607 23.816926
0.974926 -0.024405 -0.221188 0.026089 0.999649 0.004696 0.220996 -0.010349 0.975220 -3.180738 -0.043188 24.631850
0.974608 -0.025771 -0.222432 0.025921 0.999661 -0.002245 0.222415 -0.003577 0.974946 -3.376390 -0.048928 25.468750
0.974501 -0.026451 -0.222820 0.024961 0.999643 -0.009503 0.222992 0.003699 0.974813 -3.573486 -0.062295 26.314662
0.974025 -0.025952 -0.224950 0.022686 0.999597 -0.017090 0.225303 0.011543 0.974220 -3.757392 -0.079764 27.074418
0.973662 -0.027268 -0.226361 0.022797 0.999490 -0.022344 0.226855 0.016595 0.973787 -3.971740 -0.103876 27.961154
0.973114 -0.028872 -0.228508 0.023455 0.999377 -0.026385 0.229128 0.020316 0.973184 -4.166130 -0.140150 28.785014
0.972605 -0.030785 -0.230417 0.024137 0.999209 -0.031616 0.231208 0.025188 0.972578 -4.365135 -0.176467 29.613555
0.971874 -0.031807 -0.233343 0.024127 0.999071 -0.035694 0.234262 0.029060 0.971739 -4.560725 -0.210016 30.386109
0.971343 -0.032442 -0.235456 0.024367 0.999014 -0.037122 0.236428 0.030321 0.971176 -4.792944 -0.254846 31.315932
0.970536 -0.032310 -0.238781 0.024170 0.999025 -0.036939 0.239742 0.030079 0.970371 -5.037626 -0.306342 32.269462
0.969891 -0.033170 -0.241269 0.024905 0.998997 -0.037224 0.242261 0.030094 0.969744 -5.257202 -0.352820 33.156604
0.969277 -0.033876 -0.243628 0.025566 0.998981 -0.037191 0.244640 0.029820 0.969155 -5.507315 -0.405809 34.120801
0.968452 -0.033470 -0.246942 0.025025 0.998992 -0.037257 0.247941 0.029902 0.968314 -5.757875 -0.460081 35.056346
0.967364 -0.033373 -0.251184 0.024713 0.998989 -0.037552 0.252184 0.030119 0.967211 -5.995532 -0.513159 35.957570
0.965969 -0.032581 -0.256598 0.024086 0.999055 -0.036179 0.257534 0.028768 0.965841 -6.240608 -0.565292 36.868080
0.964844 -0.031682 -0.260905 0.023689 0.999150 -0.033726 0.261752 0.026360 0.964775 -6.512556 -0.617433 37.848958
0.963092 -0.031735 -0.267295 0.023766 0.999173 -0.032996 0.268121 0.025426 0.963050 -6.788238 -0.668221 38.834596
0.961572 -0.030637 -0.272839 0.022743 0.999227 -0.032053 0.273610 0.024616 0.961526 -7.100382 -0.718976 39.901323
0.960674 -0.029371 -0.276123 0.021889 0.999306 -0.030140 0.276816 0.022911 0.960650 -7.431284 -0.773164 41.025490
0.959501 -0.029120 -0.280196 0.022107 0.999359 -0.028157 0.280836 0.020822 0.959530 -7.798089 -0.830650 42.249409
0.958152 -0.029138 -0.284775 0.022531 0.999396 -0.026451 0.285373 0.018928 0.958229 -8.166921 -0.883460 43.482804
0.956503 -0.029384 -0.290239 0.022969 0.999411 -0.025485 0.290817 0.017710 0.956615 -8.503107 -0.928342 44.591524
0.955021 -0.028602 -0.295155 0.022395 0.999452 -0.024388 0.295690 0.016681 0.955138 -8.834287 -0.966788 45.627792
0.953499 -0.026535 -0.300225 0.020757 0.999533 -0.022418 0.300680 0.015144 0.953605 -9.170020 -1.005153 46.665722
0.951950 -0.024655 -0.305258 0.019191 0.999598 -0.020888 0.305650 0.014026 0.952040 -9.503141 -1.038995 47.674263
0.950948 -0.023905 -0.308426 0.018451 0.999618 -0.020589 0.308800 0.013888 0.951026 -9.801764 -1.065479 48.590470
0.950561 -0.021320 -0.309806 0.015981 0.999677 -0.019761 0.310127 0.013833 0.950594 -10.150280 -1.102766 49.625137
0.950323 -0.020289 -0.310603 0.015197 0.999708 -0.018804 0.310894 0.013150 0.950354 -10.514037 -1.132478 50.714443
0.949732 -0.019833 -0.312436 0.014718 0.999716 -0.018721 0.312719 0.013181 0.949754 -10.856058 -1.160254 51.754971
0.949948 -0.019752 -0.311782 0.015284 0.999743 -0.016770 0.312033 0.011165 0.950006 -11.216409 -1.196109 52.851309
0.949485 -0.019252 -0.313221 0.015475 0.999775 -0.014540 0.313430 0.008959 0.949569 -11.591649 -1.231550 53.986394
0.949573 -0.017670 -0.313049 0.014026 0.999805 -0.013889 0.313233 0.008798 0.949635 -11.964380 -1.260533 55.091394
0.949387 -0.017371 -0.313627 0.013367 0.999799 -0.014912 0.313824 0.009965 0.949429 -12.308437 -1.285228 56.098416
0.949680 -0.016926 -0.312764 0.012723 0.999799 -0.015472 0.312963 0.010714 0.949705 -12.663541 -1.313767 57.143789
0.949788 -0.016430 -0.312463 0.011950 0.999797 -0.016249 0.312667 0.011700 0.949791 -13.031493 -1.349950 58.245603
0.949557 -0.016087 -0.313183 0.011059 0.999780 -0.017825 0.313401 0.013462 0.949525 -13.393225 -1.385637 59.321502
0.948855 -0.015795 -0.315318 0.010246 0.999762 -0.019248 0.315547 0.015033 0.948791 -13.760439 -1.425720 60.411333
0.948683 -0.015409 -0.315854 0.010095 0.999779 -0.018454 0.316068 0.014318 0.948628 -14.099520 -1.464489 61.419395
0.947934 -0.015188 -0.318104 0.010703 0.999817 -0.015841 0.318286 0.011611 0.947924 -14.463083 -1.500562 62.479226
0.946678 -0.015045 -0.321830 0.010910 0.999833 -0.014646 0.321996 0.010354 0.946684 -14.848948 -1.541703 63.591263
0.944779 -0.015892 -0.327324 0.011570 0.999818 -0.015149 0.327505 0.010526 0.944791 -15.215630 -1.576212 64.629871
0.941698 -0.017468 -0.336004 0.012313 0.999772 -0.017466 0.336233 0.012311 0.941698 -15.584233 -1.611443 65.630935
0.938588 -0.019495 -0.344490 0.013105 0.999696 -0.020869 0.344792 0.015072 0.938558 -15.932670 -1.638517 66.562404
0.935854 -0.019167 -0.351867 0.012207 0.999684 -0.021988 0.352177 0.016282 0.935792 -16.307095 -1.674095 67.533946
0.933374 -0.018065 -0.358451 0.011718 0.999734 -0.019870 0.358714 0.014345 0.933337 -16.677429 -1.706955 68.489539
0.931137 -0.016777 -0.364284 0.011160 0.999784 -0.017518 0.364499 0.012247 0.931123 -17.050628 -1.737018 69.433958
0.928490 -0.016695 -0.370982 0.011239 0.999795 -0.016866 0.371187 0.011491 0.928487 -17.460369 -1.768163 70.435551
0.926005 -0.018935 -0.377036 0.012235 0.999722 -0.020158 0.377313 0.014053 0.925979 -17.881704 -1.802739 71.461396
0.923888 -0.020354 -0.382122 0.011343 0.999602 -0.025820 0.382495 0.019520 0.923751 -18.290871 -1.847095 72.445293
0.922011 -0.020430 -0.386625 0.011124 0.999592 -0.026293 0.387004 0.019941 0.921862 -18.725754 -1.888201 73.456963
0.920124 -0.021035 -0.391061 0.012605 0.999630 -0.024112 0.391424 0.017257 0.920049 -19.170807 -1.932836 74.486695
0.918245 -0.020608 -0.395476 0.013668 0.999699 -0.020358 0.395777 0.013289 0.918251 -19.612801 -1.974852 75.505673
0.916329 -0.019195 -0.399967 0.013075 0.999752 -0.018024 0.400214 0.011286 0.916352 -20.070572 -2.008480 76.528717
0.913686 -0.019834 -0.405936 0.013429 0.999736 -0.018620 0.406198 0.011562 0.913712 -20.534862 -2.043610 77.559443
0.910903 -0.020532 -0.412110 0.013612 0.999713 -0.019718 0.412396 0.012351 0.910921 -20.996666 -2.081111 78.563696
0.908876 -0.022077 -0.416481 0.014457 0.999666 -0.021441 0.416815 0.013466 0.908892 -21.446836 -2.106743 79.523538
0.906007 -0.022983 -0.422638 0.014858 0.999636 -0.022508 0.423001 0.014113 0.906019 -21.878421 -2.141734 80.444787
0.903754 -0.023245 -0.427420 0.014768 0.999623 -0.023139 0.427797 0.014600 0.903757 -22.350206 -2.180981 81.434938
0.901291 -0.022841 -0.432613 0.014545 0.999642 -0.022476 0.432971 0.013965 0.901300 -22.873631 -2.225774 82.525527
0.897583 -0.023565 -0.440215 0.015358 0.999636 -0.022197 0.440577 0.013162 0.897618 -23.436040 -2.270003 83.682814
0.894857 -0.024446 -0.445683 0.015971 0.999613 -0.022764 0.446067 0.013253 0.894902 -24.000884 -2.323794 84.811021
0.892483 -0.024570 -0.450412 0.016613 0.999628 -0.021609 0.450776 0.011803 0.892559 -24.569586 -2.376840 85.933402
0.888961 -0.024872 -0.457307 0.016339 0.999611 -0.022605 0.457692 0.012623 0.889021 -25.144984 -2.428571 87.020558
0.885758 -0.025000 -0.463473 0.015479 0.999584 -0.024338 0.463889 0.014383 0.885777 -25.697901 -2.475418 88.043996
0.883985 -0.024083 -0.466895 0.015031 0.999620 -0.023103 0.467274 0.013405 0.884011 -26.244349 -2.525430 89.059526
0.882667 -0.022918 -0.469439 0.014904 0.999673 -0.020781 0.469762 0.011346 0.882720 -26.850948 -2.572087 90.186371
0.880398 -0.022196 -0.473715 0.014967 0.999707 -0.019025 0.473999 0.009660 0.880472 -27.442498 -2.616673 91.279735
0.877985 -0.021732 -0.478195 0.015970 0.999743 -0.016113 0.478423 0.006510 0.878106 -28.065081 -2.651872 92.416628
0.874980 -0.021970 -0.483661 0.017435 0.999752 -0.013872 0.483845 0.003705 0.875146 -28.690109 -2.687484 93.546938
0.871416 -0.021130 -0.490090 0.016955 0.999772 -0.012958 0.490252 0.002982 0.871575 -29.289789 -2.717595 94.592830
0.867756 -0.020635 -0.496562 0.016871 0.999785 -0.012064 0.496704 0.002091 0.867918 -29.880237 -2.742893 95.614426
0.866309 -0.018912 -0.499151 0.016628 0.999821 -0.009022 0.499232 -0.000485 0.866468 -30.546203 -2.776687 96.752894
0.865682 -0.018691 -0.500245 0.017252 0.999823 -0.007503 0.500297 -0.002135 0.865851 -31.216098 -2.810557 97.898482
0.863159 -0.019448 -0.504557 0.017951 0.999808 -0.007827 0.504612 -0.002302 0.863343 -31.861955 -2.841733 99.004156
0.860226 -0.021555 -0.509457 0.019038 0.999767 -0.010154 0.509557 -0.000964 0.860436 -32.448952 -2.867021 100.000723
0.859171 -0.021912 -0.511219 0.018998 0.999760 -0.010923 0.511336 -0.000327 0.859381 -33.074398 -2.900319 101.036619
0.858550 -0.019922 -0.512343 0.018402 0.999798 -0.008040 0.512400 -0.002526 0.858743 -33.776393 -2.938619 102.187693
0.857330 -0.017232 -0.514478 0.017049 0.999842 -0.005079 0.514484 -0.004417 0.857488 -34.434693 -2.964522 103.264629
0.855503 -0.016313 -0.517540 0.016247 0.999857 -0.004659 0.517542 -0.004423 0.855646 -35.099275 -2.991075 104.358282
0.853727 -0.015770 -0.520483 0.015502 0.999868 -0.004867 0.520491 -0.003913 0.853858 -35.754258 -3.019865 105.418475
0.852383 -0.016209 -0.522666 0.016007 0.999860 -0.004904 0.522672 -0.004186 0.852523 -36.359754 -3.040845 106.394711
0.850821 -0.017467 -0.525164 0.016746 0.999841 -0.006123 0.525188 -0.003585 0.850979 -36.999794 -3.058714 107.431822
0.848918 -0.019665 -0.528158 0.018140 0.999803 -0.008069 0.528213 -0.002731 0.849108 -37.627185 -3.079013 108.434266
0.847317 -0.023268 -0.530577 0.020318 0.999729 -0.011395 0.530699 -0.001125 0.847560 -38.213928 -3.098325 109.351475
0.844429 -0.027342 -0.534969 0.023359 0.999626 -0.014219 0.535157 -0.000489 0.844752 -38.776451 -3.119633 110.226613
0.841082 -0.031092 -0.540013 0.026191 0.999517 -0.016755 0.540273 -0.000051 0.841490 -39.377692 -3.156120 111.148340
0.837433 -0.032770 -0.545557 0.027595 0.999463 -0.017675 0.545843 -0.000253 0.837888 -40.019809 -3.204141 112.117768
0.833859 -0.033263 -0.550974 0.027677 0.999447 -0.018450 0.551283 0.000135 0.834318 -40.674214 -3.253623 113.097019
0.830471 -0.032954 -0.556087 0.027204 0.999457 -0.018601 0.556397 0.000320 0.830916 -41.361389 -3.300044 114.122997
0.827033 -0.031003 -0.561298 0.025107 0.999519 -0.018214 0.561593 0.000972 0.827413 -41.985431 -3.344628 115.034140
0.822800 -0.029443 -0.567568 0.022511 0.999562 -0.019220 0.567886 0.003037 0.823102 -42.611502 -3.379649 115.930030
0.818303 -0.030044 -0.574002 0.021762 0.999536 -0.021293 0.574375 0.004933 0.818577 -43.237356 -3.415496 116.818276
0.814934 -0.031812 -0.578679 0.022501 0.999476 -0.023257 0.579116 0.005932 0.815223 -43.843305 -3.456291 117.667636
0.810496 -0.033681 -0.584774 0.024236 0.999419 -0.023972 0.585242 0.005257 0.810842 -44.475961 -3.502590 118.554521
0.803174 -0.034345 -0.594754 0.024791 0.999399 -0.024233 0.595229 0.004719 0.803543 -45.097864 -3.549731 119.392269
0.796587 -0.035271 -0.603494 0.024584 0.999361 -0.025959 0.604024 0.005842 0.796945 -45.684110 -3.586959 120.171213
0.791201 -0.034554 -0.610579 0.023191 0.999380 -0.026505 0.611116 0.006811 0.791511 -46.398036 -3.638256 121.088173
0.783722 -0.034278 -0.620165 0.021936 0.999381 -0.027517 0.620724 0.007962 0.783989 -47.113034 -3.689156 121.991670
0.777837 -0.034777 -0.627503 0.021044 0.999349 -0.029301 0.628113 0.009586 0.778063 -47.810245 -3.736187 122.843960
0.773560 -0.036204 -0.632688 0.021663 0.999294 -0.030696 0.633352 0.010039 0.773798 -48.593884 -3.784654 123.796834
0.768509 -0.037193 -0.638758 0.022626 0.999264 -0.030962 0.639439 0.009342 0.768785 -49.315406 -3.831952 124.663586
0.763062 -0.036788 -0.645277 0.022189 0.999281 -0.030731 0.645944 0.009132 0.763330 -49.952851 -3.875991 125.407266
0.760030 -0.036703 -0.648851 0.023002 0.999298 -0.029583 0.649481 0.007559 0.760340 -50.676292 -3.929738 126.251486
0.757169 -0.038199 -0.652101 0.024314 0.999245 -0.030303 0.652766 0.007089 0.757526 -51.410514 -3.985628 127.104822
0.752421 -0.040318 -0.657447 0.025048 0.999154 -0.032607 0.658206 0.008067 0.752795 -52.171796 -4.037123 127.970773
0.750251 -0.041687 -0.659837 0.024977 0.999085 -0.034720 0.660681 0.009568 0.750606 -52.939860 -4.098429 128.835318
0.748622 -0.043051 -0.661597 0.023924 0.998994 -0.037935 0.662565 0.012571 0.748899 -53.705672 -4.162770 129.698682
0.747556 -0.044313 -0.662719 0.025005 0.998942 -0.038589 0.663728 0.012276 0.747873 -54.469300 -4.222491 130.548439
0.745422 -0.044134 -0.665130 0.025789 0.998968 -0.037383 0.666093 0.010713 0.745791 -55.281042 -4.291444 131.452963
0.745569 -0.043340 -0.665017 0.026333 0.999020 -0.035585 0.665907 0.009019 0.745980 -56.044426 -4.340089 132.295539
0.745104 -0.043329 -0.665540 0.027312 0.999033 -0.034463 0.666389 0.007501 0.745566 -56.818593 -4.393753 133.166889
0.745007 -0.043232 -0.665655 0.027719 0.999042 -0.033861 0.666481 0.006776 0.745491 -57.620167 -4.450721 134.061925
0.745348 -0.045407 -0.665127 0.029955 0.998951 -0.034629 0.666002 0.005887 0.745927 -58.428376 -4.509852 134.981792
0.746854 -0.047138 -0.663315 0.031360 0.998871 -0.035675 0.664248 0.005843 0.747489 -59.283011 -4.575248 135.952854
0.749171 -0.047309 -0.660685 0.031604 0.998863 -0.035688 0.661622 0.005856 0.749814 -60.067660 -4.630806 136.855082
0.753048 -0.046541 -0.656317 0.030245 0.998889 -0.036132 0.657270 0.007359 0.753619 -60.846985 -4.691311 137.749664
0.757903 -0.045916 -0.650750 0.030269 0.998921 -0.035229 0.651665 0.007003 0.758475 -61.615651 -4.752377 138.646787
0.757497 -0.045429 -0.651256 0.030616 0.998950 -0.034073 0.652120 0.005871 0.758093 -62.396249 -4.808622 139.557854
0.755505 -0.046396 -0.653498 0.031957 0.998912 -0.033973 0.654363 0.004783 0.756165 -63.155864 -4.862643 140.433106
0.756684 -0.048109 -0.652009 0.033398 0.998831 -0.034939 0.652928 0.004662 0.757406 -63.887455 -4.906190 141.283184
0.756225 -0.050241 -0.652380 0.033698 0.998715 -0.037851 0.653444 0.006640 0.756946 -64.614240 -4.954187 142.113682
0.754914 -0.050015 -0.653913 0.032761 0.998719 -0.038567 0.655004 0.007692 0.755586 -65.297343 -5.010873 142.895181
0.754611 -0.049758 -0.654283 0.032132 0.998727 -0.038893 0.655385 0.008326 0.755249 -65.973895 -5.073239 143.659049
0.755030 -0.049350 -0.653830 0.031718 0.998745 -0.038757 0.654922 0.008525 0.755648 -66.670873 -5.125232 144.447781
0.755364 -0.048685 -0.653494 0.030084 0.998761 -0.039634 0.654614 0.010278 0.755893 -67.366094 -5.184296 145.236149
0.756349 -0.049673 -0.652279 0.030648 0.998709 -0.040517 0.653450 0.010654 0.756895 -67.994682 -5.228381 145.974507
0.759083 -0.049695 -0.649094 0.031319 0.998715 -0.039836 0.650240 0.009910 0.759665 -68.681047 -5.283208 146.782732
0.762189 -0.049439 -0.645464 0.031762 0.998735 -0.038992 0.646575 0.009218 0.762795 -69.344320 -5.332556 147.564514
0.764921 -0.048501 -0.642296 0.032416 0.998796 -0.036816 0.643308 0.007340 0.765572 -70.019544 -5.387125 148.370771
0.767033 -0.048413 -0.639779 0.033411 0.998810 -0.035526 0.640737 0.005874 0.767738 -70.629523 -5.422316 149.110116
0.767803 -0.047918 -0.638891 0.033397 0.998837 -0.034778 0.639814 0.005365 0.768511 -71.297497 -5.460854 149.907712
0.769458 -0.048259 -0.636871 0.033843 0.998821 -0.034797 0.637800 0.005222 0.770185 -71.926912 -5.503367 150.660540
0.773001 -0.048456 -0.632551 0.034492 0.998814 -0.034362 0.633466 0.004744 0.773756 -72.539892 -5.548522 151.414488
0.779403 -0.047203 -0.624743 0.033479 0.998871 -0.033703 0.625628 0.005352 0.780103 -73.107906 -5.589447 152.126230
0.786031 -0.046659 -0.616424 0.033596 0.998898 -0.032770 0.617274 0.005049 0.786732 -73.707235 -5.632091 152.888922
0.794002 -0.045757 -0.606191 0.033718 0.998943 -0.031239 0.606980 0.004364 0.794705 -74.301846 -5.681879 153.666644
0.798131 -0.044405 -0.600845 0.033477 0.999008 -0.029360 0.601553 0.003319 0.798826 -74.901088 -5.730217 154.441300
0.805013 -0.042614 -0.591724 0.032660 0.999088 -0.027519 0.592357 0.002828 0.805671 -75.449555 -5.769561 155.173640
0.812428 -0.042773 -0.581490 0.033360 0.999082 -0.026882 0.582106 0.002441 0.813109 -76.017255 -5.801329 155.954301
0.819815 -0.043961 -0.570939 0.034498 0.999029 -0.027388 0.571588 0.002756 0.820536 -76.543568 -5.833220 156.721733
0.827279 -0.044217 -0.560049 0.035068 0.999018 -0.027074 0.560696 0.002758 0.828017 -77.080731 -5.870102 157.504866
0.836626 -0.042967 -0.546087 0.034887 0.999075 -0.025160 0.546663 0.001998 0.837350 -77.610423 -5.913781 158.305808
0.847407 -0.041327 -0.529333 0.035445 0.999145 -0.021264 0.529760 -0.000743 0.848148 -78.070315 -5.945085 159.017658
0.855088 -0.041000 -0.516859 0.035774 0.999158 -0.020074 0.517247 -0.001325 0.855835 -78.532844 -5.975160 159.766507
0.860976 -0.041600 -0.506942 0.035952 0.999134 -0.020929 0.507373 -0.000206 0.861726 -78.972143 -5.998188 160.506704
0.868217 -0.042041 -0.494401 0.036119 0.999116 -0.021530 0.494869 0.000835 0.868967 -79.348151 -6.017802 161.176037
0.875492 -0.043228 -0.481295 0.037129 0.999064 -0.022193 0.481804 0.001560 0.876277 -79.701695 -6.047098 161.825616
0.882866 -0.043957 -0.467562 0.038338 0.999033 -0.021532 0.468057 0.001085 0.883698 -80.089158 -6.075299 162.570412
0.889805 -0.044117 -0.454204 0.038998 0.999026 -0.020637 0.454673 0.000650 0.890658 -80.489142 -6.100578 163.349501
0.895630 -0.044477 -0.442570 0.039668 0.999010 -0.020121 0.443027 0.000465 0.896508 -80.878941 -6.136224 164.135459
0.900989 -0.046287 -0.431365 0.041359 0.998928 -0.020801 0.431866 0.000901 0.901937 -81.252776 -6.163921 164.922337
0.905803 -0.047316 -0.421049 0.042946 0.998880 -0.019860 0.421517 -0.000093 0.906821 -81.628254 -6.195324 165.731960
0.910439 -0.047150 -0.410947 0.043719 0.998886 -0.017749 0.411326 -0.001807 0.911486 -81.976182 -6.220856 166.493579
0.915491 -0.047601 -0.399513 0.044944 0.998861 -0.016021 0.399821 -0.003289 0.916587 -82.274140 -6.244613 167.182552
0.920474 -0.048211 -0.387819 0.045884 0.998830 -0.015262 0.388101 -0.003747 0.921609 -82.551357 -6.270219 167.852563
0.924689 -0.049117 -0.377541 0.046895 0.998786 -0.015081 0.377824 -0.003759 0.925870 -82.833365 -6.294492 168.548818
0.930508 -0.049506 -0.362911 0.047701 0.998764 -0.013940 0.363153 -0.004340 0.931719 -83.112934 -6.323013 169.271045
0.936344 -0.049464 -0.347583 0.048347 0.998760 -0.011891 0.347740 -0.005670 0.937574 -83.388371 -6.351022 170.010834
0.942911 -0.050540 -0.329188 0.050093 0.998696 -0.009845 0.329257 -0.007207 0.944213 -83.610656 -6.371737 170.672144
0.949296 -0.051743 -0.310097 0.051474 0.998633 -0.009055 0.310142 -0.007366 0.950662 -83.839756 -6.392528 171.381141
0.955419 -0.052567 -0.290537 0.052191 0.998596 -0.009049 0.290604 -0.006518 0.956821 -84.060249 -6.412471 172.131244
0.961374 -0.052801 -0.270135 0.052274 0.998591 -0.009150 0.270237 -0.005324 0.962779 -84.256720 -6.432792 172.837888
0.967004 -0.053116 -0.249161 0.052587 0.998578 -0.008785 0.249273 -0.004607 0.968422 -84.416518 -6.446899 173.485765
0.972455 -0.053034 -0.226976 0.052906 0.998577 -0.006653 0.227006 -0.005538 0.973878 -84.584596 -6.465132 174.226931
0.977379 -0.052781 -0.204805 0.053041 0.998583 -0.004224 0.204738 -0.006735 0.978794 -84.743400 -6.489576 175.004656
0.981717 -0.052848 -0.182865 0.053477 0.998568 -0.001492 0.182682 -0.008315 0.983137 -84.882153 -6.508590 175.753822
0.985670 -0.052989 -0.160147 0.053945 0.998543 0.001627 0.159827 -0.010242 0.987092 -84.989415 -6.522521 176.421471
0.988521 -0.053653 -0.141235 0.054737 0.998494 0.003799 0.140818 -0.011487 0.989969 -85.069757 -6.533042 177.028293
0.990535 -0.054429 -0.126004 0.055522 0.998444 0.005169 0.125526 -0.012116 0.992016 -85.139559 -6.545021 177.645289
0.991971 -0.055649 -0.113566 0.056658 0.998378 0.005667 0.113066 -0.012056 0.993514 -85.201000 -6.556273 178.252666
0.993270 -0.056720 -0.100986 0.057588 0.998324 0.005702 0.100493 -0.011480 0.994872 -85.257977 -6.566114 178.876273
0.994641 -0.056688 -0.086466 0.057409 0.998334 0.005869 0.085990 -0.010801 0.996237 -85.317805 -6.578424 179.566607
0.995745 -0.056561 -0.072749 0.057162 0.998346 0.006205 0.072278 -0.010337 0.997331 -85.368830 -6.588887 180.236290
0.996493 -0.058342 -0.059984 0.058789 0.998254 0.005709 0.059546 -0.009216 0.998183 -85.408723 -6.601983 180.966186
0.997126 -0.059117 -0.047383 0.059420 0.998220 0.005011 0.047002 -0.007813 0.998864 -85.439278 -6.608248 181.680907
0.997611 -0.059507 -0.035087 0.059705 0.998205 0.004612 0.034749 -0.006696 0.999374 -85.465619 -6.609410 182.418253
0.998022 -0.058723 -0.022436 0.058849 0.998254 0.004995 0.022103 -0.006306 0.999736 -85.484694 -6.611683 183.194313
0.998313 -0.057486 -0.008132 0.057551 0.998311 0.007956 0.007661 -0.008410 0.999935 -85.497978 -6.608582 184.017856
0.998397 -0.056223 0.006530 0.056145 0.998355 0.011636 -0.007173 -0.011251 0.999911 -85.491392 -6.609424 184.814005
0.998256 -0.055239 0.020825 0.054936 0.998379 0.014859 -0.021612 -0.013689 0.999673 -85.472026 -6.613946 185.594321
0.997926 -0.055921 0.031892 0.055380 0.998310 0.017607 -0.032823 -0.015805 0.999336 -85.444420 -6.618416 186.382967
0.997432 -0.056656 0.043809 0.055796 0.998229 0.020608 -0.044899 -0.018111 0.998827 -85.409741 -6.612710 187.123130
0.996881 -0.056576 0.055028 0.055336 0.998184 0.023818 -0.056275 -0.020699 0.998201 -85.374983 -6.607390 187.794244
0.996143 -0.057720 0.066092 0.056079 0.998077 0.026422 -0.067490 -0.022614 0.997464 -85.330006 -6.603049 188.487447
0.995347 -0.058492 0.076575 0.056482 0.998006 0.028159 -0.078070 -0.023703 0.996666 -85.278309 -6.595254 189.154805
0.994526 -0.059424 0.085946 0.057169 0.997959 0.028467 -0.087462 -0.023397 0.995893 -85.220817 -6.590857 189.813195
0.993738 -0.060101 0.094190 0.057680 0.997936 0.028219 -0.095692 -0.022610 0.995154 -85.145609 -6.583659 190.558334
0.992959 -0.060427 0.101885 0.057947 0.997951 0.027128 -0.103316 -0.021033 0.994426 -85.065045 -6.571712 191.332882
0.991963 -0.059983 0.111402 0.057393 0.998005 0.026322 -0.112759 -0.019717 0.993427 -84.974906 -6.563854 192.095606
0.990294 -0.058880 0.125897 0.056114 0.998101 0.025404 -0.127154 -0.018093 0.991718 -84.866714 -6.558845 192.900785
0.987934 -0.057627 0.143752 0.054393 0.998172 0.026331 -0.145007 -0.018194 0.989263 -84.739147 -6.557051 193.770526
0.985449 -0.056819 0.160191 0.052843 0.998182 0.028974 -0.161547 -0.020088 0.986661 -84.590568 -6.548964 194.659123
0.982382 -0.056141 0.178251 0.051327 0.998185 0.031512 -0.179696 -0.021808 0.983480 -84.432418 -6.541250 195.511720
0.978547 -0.055498 0.198410 0.049735 0.998186 0.033915 -0.199932 -0.023320 0.979532 -84.247872 -6.530543 196.382400
0.973877 -0.055879 0.220095 0.049046 0.998133 0.036392 -0.221718 -0.024647 0.974799 -84.038257 -6.518478 197.294104
0.969141 -0.056651 0.239908 0.048574 0.998040 0.039453 -0.241673 -0.026582 0.969994 -83.828904 -6.503941 198.110139
0.963493 -0.057487 0.261490 0.047722 0.997911 0.043544 -0.263447 -0.029475 0.964224 -83.591710 -6.487618 198.970584
0.956583 -0.058392 0.285551 0.046392 0.997740 0.048615 -0.287744 -0.033257 0.957130 -83.334765 -6.466412 199.805045
0.949113 -0.059899 0.309188 0.045737 0.997554 0.052859 -0.311598 -0.036028 0.949531 -83.080683 -6.440200 200.577078
0.941739 -0.060218 0.330910 0.044473 0.997498 0.054955 -0.333391 -0.037037 0.942061 -82.782692 -6.411214 201.417742
0.934618 -0.059411 0.350656 0.042533 0.997544 0.055645 -0.353101 -0.037092 0.934850 -82.458223 -6.374997 202.295560
0.927920 -0.059393 0.368017 0.041197 0.997518 0.057110 -0.370495 -0.037832 0.928064 -82.174028 -6.344695 203.007422
0.920449 -0.060621 0.386132 0.040676 0.997392 0.059623 -0.388740 -0.039174 0.920514 -81.870723 -6.313063 203.724695
0.913642 -0.061276 0.401875 0.039402 0.997268 0.062480 -0.404606 -0.041249 0.913560 -81.518132 -6.273414 204.532051
0.906560 -0.060992 0.417646 0.037344 0.997214 0.064571 -0.420421 -0.042941 0.906312 -81.176916 -6.230833 205.278122
0.898939 -0.060293 0.433904 0.034507 0.997151 0.067069 -0.436712 -0.045318 0.898459 -80.807225 -6.187408 206.058619
0.890734 -0.059613 0.450600 0.031824 0.997109 0.069005 -0.453410 -0.047125 0.890055 -80.417685 -6.147889 206.826634
0.882528 -0.059421 0.466490 0.029928 0.997071 0.070388 -0.469306 -0.048158 0.881722 -80.012022 -6.109309 207.589922
0.873969 -0.059058 0.482380 0.027371 0.996995 0.072473 -0.485210 -0.050136 0.872959 -79.595820 -6.068931 208.334255
0.864371 -0.058393 0.499454 0.024692 0.996965 0.073826 -0.502249 -0.051480 0.863189 -79.148578 -6.022608 209.104338
0.855420 -0.057708 0.514710 0.023409 0.997066 0.072883 -0.517406 -0.050297 0.854261 -78.739281 -5.976320 209.779921
0.845387 -0.057802 0.531017 0.022314 0.997082 0.073008 -0.533688 -0.049871 0.844210 -78.287461 -5.930885 210.491036
0.835500 -0.057246 0.546500 0.020287 0.997094 0.073430 -0.549116 -0.050264 0.834234 -77.685729 -5.873046 211.418285
0.827449 -0.055662 0.558775 0.018626 0.997248 0.071758 -0.561232 -0.048969 0.826209 -77.110837 -5.820011 212.271754
0.819007 -0.051822 0.571438 0.016371 0.997618 0.067009 -0.573550 -0.045526 0.817905 -76.562960 -5.767923 213.050237
0.810635 -0.048322 0.583554 0.013682 0.997880 0.063625 -0.585391 -0.043592 0.809578 -76.016700 -5.721969 213.814113
0.801440 -0.044764 0.596398 0.010469 0.998092 0.060846 -0.597984 -0.042521 0.800379 -75.476562 -5.685088 214.555308
0.792108 -0.043597 0.608823 0.008084 0.998108 0.060955 -0.610328 -0.043361 0.790961 -74.861954 -5.635742 215.376857
0.782854 -0.045178 0.620563 0.006058 0.997867 0.065005 -0.622176 -0.047130 0.781458 -74.161625 -5.583005 216.276069
0.774532 -0.046585 0.630817 0.004730 0.997683 0.067870 -0.632517 -0.049584 0.772958 -73.487465 -5.534687 217.116300
0.765586 -0.045911 0.641694 0.003464 0.997730 0.067252 -0.643325 -0.049264 0.764007 -72.721643 -5.472167 218.039771
0.756928 -0.045567 0.651908 0.002058 0.997727 0.067349 -0.653495 -0.049637 0.755301 -71.948871 -5.406415 218.943655
0.748123 -0.047258 0.661875 0.001135 0.997550 0.069942 -0.663559 -0.051574 0.746344 -71.170504 -5.347882 219.833075
0.739377 -0.048860 0.671516 -0.000165 0.997350 0.072749 -0.673292 -0.053900 0.737410 -70.418543 -5.292303 220.663384
0.730205 -0.048493 0.681505 -0.001380 0.997371 0.072447 -0.683227 -0.053842 0.728219 -69.747379 -5.244143 221.383716
0.721566 -0.047642 0.690705 -0.001765 0.997500 0.070647 -0.692344 -0.052196 0.719678 -69.131729 -5.197390 222.026858
0.712855 -0.048328 0.699645 -0.001765 0.997496 0.070700 -0.701310 -0.051634 0.710984 -68.412724 -5.144908 222.759562
0.703318 -0.047261 0.709303 -0.001640 0.997677 0.068101 -0.710874 -0.049060 0.701606 -67.670641 -5.090035 223.492818
0.692036 -0.045500 0.720428 -0.002261 0.997870 0.065193 -0.721860 -0.046745 0.690459 -66.917070 -5.036390 224.211532
0.678266 -0.046223 0.733362 -0.003540 0.997803 0.066164 -0.734808 -0.047472 0.676611 -66.041808 -4.977770 225.028913
0.664179 -0.046946 0.746098 -0.005745 0.997676 0.067890 -0.747552 -0.049377 0.662366 -65.213120 -4.926964 225.778331
0.649210 -0.046530 0.759184 -0.008163 0.997643 0.068125 -0.760565 -0.050425 0.647301 -64.401567 -4.869809 226.484948
0.632815 -0.045487 0.772966 -0.011003 0.997644 0.067716 -0.774225 -0.051356 0.630824 -63.616495 -4.819499 227.134192
0.615705 -0.044754 0.786705 -0.012902 0.997679 0.066854 -0.787871 -0.051312 0.613699 -62.782497 -4.768131 227.795880
0.599815 -0.045105 0.798866 -0.013776 0.997680 0.066675 -0.800020 -0.050998 0.597802 -61.946045 -4.713023 228.425774
0.584048 -0.046464 0.810388 -0.015088 0.997566 0.068070 -0.811579 -0.051983 0.581926 -61.048362 -4.657574 229.083106
0.567947 -0.047666 0.821684 -0.014601 0.997581 0.067962 -0.822936 -0.050596 0.565877 -60.113369 -4.601315 229.734712
0.553725 -0.046052 0.831425 -0.015439 0.997730 0.065546 -0.832556 -0.049130 0.551757 -59.231227 -4.544072 230.334617
0.540378 -0.044993 0.840219 -0.017023 0.997780 0.064379 -0.841250 -0.049092 0.538413 -58.396383 -4.491754 230.879017
0.526618 -0.044980 0.848911 -0.017799 0.997797 0.063911 -0.849915 -0.048767 0.524658 -57.458796 -4.433729 231.468532
0.514167 -0.045119 0.856502 -0.019348 0.997751 0.064175 -0.857472 -0.049568 0.512138 -56.513743 -4.380051 232.045163
0.502888 -0.046170 0.863117 -0.021147 0.997616 0.065686 -0.864093 -0.051285 0.500713 -55.486032 -4.323593 232.652929
0.490313 -0.047993 0.870224 -0.023265 0.997406 0.068115 -0.871236 -0.053643 0.487925 -54.392516 -4.262292 233.276943
0.476709 -0.048833 0.877704 -0.025684 0.997256 0.069434 -0.878686 -0.055642 0.474146 -53.248696 -4.195981 233.901312
0.464242 -0.049808 0.884307 -0.027171 0.997147 0.070427 -0.885292 -0.056722 0.461564 -52.152802 -4.127306 234.474067
0.453364 -0.051745 0.889822 -0.028062 0.996990 0.072275 -0.890884 -0.057737 0.450547 -51.053044 -4.058228 235.030734
0.440749 -0.053796 0.896017 -0.028369 0.996869 0.073806 -0.897182 -0.057948 0.437843 -50.043772 -3.992433 235.524880
0.429195 -0.055419 0.901510 -0.030633 0.996648 0.075851 -0.902692 -0.060171 0.426059 -48.996480 -3.917724 236.024248
0.411310 -0.058925 0.909589 -0.033456 0.996260 0.079668 -0.910881 -0.063199 0.407800 -47.836880 -3.840191 236.550521
0.395971 -0.062936 0.916104 -0.035976 0.995819 0.083963 -0.917558 -0.066204 0.392052 -46.729306 -3.765407 237.030833
0.379741 -0.065575 0.922766 -0.038068 0.995532 0.086412 -0.924309 -0.067942 0.375548 -45.568542 -3.683652 237.512624
0.369472 -0.067954 0.926754 -0.039169 0.995297 0.088595 -0.928416 -0.069033 0.365073 -44.352802 -3.589840 238.002421
0.361945 -0.070002 0.929567 -0.040095 0.995085 0.090548 -0.931337 -0.070044 0.357360 -43.219924 -3.503153 238.447293
0.351238 -0.073520 0.933395 -0.041564 0.994705 0.093990 -0.935363 -0.071808 0.346323 -42.029998 -3.407884 238.897790
0.338395 -0.076803 0.937865 -0.044629 0.994232 0.097522 -0.939945 -0.074856 0.333015 -40.795766 -3.305066 239.351468
0.327636 -0.080610 0.941359 -0.046877 0.993740 0.101410 -0.943640 -0.077353 0.321807 -39.563376 -3.192603 239.782582
0.315993 -0.083235 0.945103 -0.049332 0.993355 0.103978 -0.947478 -0.079480 0.309787 -38.330375 -3.081108 240.200846
0.306765 -0.084302 0.948045 -0.051147 0.993170 0.104865 -0.950410 -0.080658 0.300358 -37.164952 -2.974407 240.576783
0.296309 -0.085336 0.951272 -0.053456 0.992957 0.105726 -0.953595 -0.082179 0.289661 -35.987065 -2.863358 240.948330
0.283608 -0.085113 0.955156 -0.056279 0.992859 0.105183 -0.957287 -0.083586 0.276793 -34.840813 -2.756887 241.296898
0.271194 -0.084783 0.958784 -0.057891 0.992873 0.104172 -0.960782 -0.083756 0.264353 -33.737805 -2.649665 241.611336
0.257521 -0.086036 0.962435 -0.059084 0.992762 0.104557 -0.964465 -0.083790 0.250573 -32.683075 -2.554006 241.888065
0.244279 -0.089136 0.965600 -0.059780 0.992488 0.106741 -0.967861 -0.083798 0.237115 -31.506634 -2.450196 242.186742
0.231067 -0.092340 0.968546 -0.060725 0.992176 0.109080 -0.971041 -0.084020 0.223652 -30.339337 -2.346694 242.461448
0.215611 -0.091771 0.972157 -0.061498 0.992321 0.107314 -0.974541 -0.082924 0.208312 -29.237773 -2.242640 242.701751
0.201256 -0.087719 0.975603 -0.064254 0.992655 0.102507 -0.977429 -0.083317 0.194142 -28.060032 -2.135980 242.946500
0.186736 -0.084938 0.978731 -0.067391 0.992801 0.099017 -0.980096 -0.084448 0.179668 -26.919930 -2.039753 243.158480
0.175800 -0.085788 0.980681 -0.069242 0.992651 0.099248 -0.981988 -0.085352 0.168568 -25.890327 -1.952242 243.342122
0.163624 -0.088276 0.982565 -0.072716 0.992200 0.101251 -0.983839 -0.088015 0.155928 -24.837725 -1.859405 243.520727
0.151044 -0.091723 0.984263 -0.075068 0.991747 0.103940 -0.985673 -0.089586 0.142912 -23.780405 -1.767102 243.682728
0.140745 -0.095300 0.985448 -0.076940 0.991293 0.106855 -0.987052 -0.090860 0.132187 -22.720443 -1.673971 243.827157
0.130394 -0.098212 0.986586 -0.078046 0.990977 0.108964 -0.988386 -0.091207 0.121552 -21.672136 -1.578306 243.959008
0.121237 -0.100028 0.987571 -0.077896 0.990883 0.109926 -0.989562 -0.090255 0.112340 -20.707211 -1.491862 244.067424
0.108329 -0.100978 0.988973 -0.077849 0.990911 0.109703 -0.991062 -0.088874 0.099484 -19.710600 -1.403814 244.166824
0.095312 -0.101662 0.990243 -0.079153 0.990848 0.109343 -0.992296 -0.088802 0.086393 -18.691075 -1.318253 244.260482
0.082293 -0.103102 0.991261 -0.081218 0.990632 0.109779 -0.993293 -0.089542 0.073149 -17.604811 -1.224610 244.350077
0.071312 -0.106900 0.991709 -0.084538 0.990015 0.112796 -0.993865 -0.091881 0.061563 -16.488220 -1.121928 244.432626
0.060295 -0.111090 0.991980 -0.086556 0.989462 0.116070 -0.994421 -0.092860 0.050044 -15.316239 -1.008736 244.501888
0.052535 -0.115005 0.991975 -0.087424 0.989003 0.119290 -0.994785 -0.092989 0.041904 -14.248439 -0.905518 244.552272
0.046049 -0.118688 0.991863 -0.087711 0.988601 0.122370 -0.995081 -0.092632 0.035114 -13.228750 -0.802527 244.593767
0.040167 -0.120627 0.991885 -0.089221 0.988288 0.123802 -0.995202 -0.093470 0.028935 -12.187965 -0.688916 244.628478
0.034859 -0.120694 0.992078 -0.090968 0.988177 0.123416 -0.995244 -0.094549 0.023468 -11.201450 -0.580026 244.654406
0.032623 -0.120932 0.992125 -0.091926 0.988082 0.123462 -0.995231 -0.095229 0.021117 -10.320583 -0.488167 244.675740
0.032711 -0.118772 0.992383 -0.091753 0.988364 0.121315 -0.995244 -0.095022 0.021433 -9.329739 -0.388870 244.693431
0.030663 -0.112966 0.993126 -0.090667 0.989182 0.115316 -0.995409 -0.093580 0.020089 -8.410163 -0.296168 244.702761
0.027582 -0.109946 0.993555 -0.091223 0.989509 0.112030 -0.995448 -0.093725 0.017263 -7.548736 -0.205609 244.714508
0.025971 -0.114720 0.993058 -0.091681 0.988934 0.116641 -0.995450 -0.094074 0.015166 -6.456123 -0.093343 244.733044
0.026412 -0.123894 0.991944 -0.091019 0.987870 0.125809 -0.995499 -0.093608 0.014815 -5.303865 0.022768 244.749604
0.027980 -0.129167 0.991228 -0.090768 0.987191 0.131203 -0.995479 -0.093642 0.015898 -4.173865 0.147917 244.768188
0.030074 -0.130689 0.990967 -0.089472 0.987084 0.132892 -0.995535 -0.092660 0.017992 -3.135973 0.263494 244.787707
0.031858 -0.128798 0.991159 -0.088751 0.987381 0.131160 -0.995544 -0.092145 0.020025 -2.150952 0.377670 244.808816
0.032994 -0.126733 0.991388 -0.087923 0.987714 0.129190 -0.995581 -0.091428 0.021445 -1.123002 0.498130 244.833685
0.035391 -0.126662 0.991314 -0.087832 0.987703 0.129336 -0.995506 -0.091646 0.023831 -0.074311 0.620912 244.861351
0.038014 -0.126860 0.991192 -0.086285 0.987788 0.129733 -0.995545 -0.090457 0.026604 0.966019 0.743345 244.889715
0.041486 -0.128066 0.990898 -0.085534 0.987655 0.131228 -0.995471 -0.090199 0.030020 2.045888 0.873520 244.931517
0.043496 -0.129304 0.990651 -0.084895 0.987524 0.132623 -0.995440 -0.089870 0.031976 3.164280 1.008865 244.974786
0.045557 -0.130712 0.990373 -0.083691 0.987418 0.134172 -0.995450 -0.088998 0.034044 4.212236 1.138699 245.012610
0.050616 -0.134139 0.989669 -0.080829 0.987138 0.137930 -0.995442 -0.086975 0.039123 5.279609 1.271703 245.053124
0.054853 -0.136197 0.989162 -0.076716 0.987150 0.140174 -0.995543 -0.083573 0.043700 6.318249 1.403942 245.090085
0.057619 -0.137269 0.988857 -0.073718 0.987213 0.141336 -0.995613 -0.081040 0.046763 7.367237 1.538304 245.135140
0.059643 -0.138924 0.988505 -0.071999 0.987090 0.143069 -0.995620 -0.079705 0.048871 8.494707 1.678195 245.186570
0.064707 -0.141089 0.987880 -0.069423 0.986920 0.145499 -0.995487 -0.077996 0.054066 9.584490 1.821000 245.241748
0.067325 -0.143438 0.987367 -0.068607 0.986604 0.148005 -0.995370 -0.077705 0.056582 10.640551 1.956135 245.303544
0.070839 -0.145875 0.986764 -0.067761 0.986260 0.150665 -0.995184 -0.077537 0.059981 11.665827 2.091985 245.371832
0.073695 -0.146841 0.986411 -0.067511 0.986097 0.151838 -0.994993 -0.077783 0.062757 12.743217 2.237157 245.445082
0.075961 -0.146519 0.986287 -0.067024 0.986157 0.151662 -0.994856 -0.077626 0.065089 13.729866 2.375707 245.520289
0.075569 -0.146440 0.986329 -0.066604 0.986207 0.151525 -0.994914 -0.077144 0.064773 14.695974 2.510793 245.588864
0.075540 -0.147749 0.986136 -0.066971 0.985977 0.152855 -0.994891 -0.077589 0.064586 15.743113 2.664772 245.664838
0.078319 -0.149608 0.985639 -0.065476 0.985769 0.154830 -0.994776 -0.076662 0.067409 16.708382 2.807007 245.733823
0.080912 -0.151701 0.985109 -0.064048 0.985516 0.157024 -0.994661 -0.075799 0.070024 17.621924 2.943121 245.800528
0.082196 -0.154724 0.984533 -0.062647 0.985120 0.160046 -0.994645 -0.074833 0.071280 18.594036 3.086249 245.872513
0.084290 -0.158213 0.983801 -0.059869 0.984727 0.163491 -0.994641 -0.072680 0.073531 19.523504 3.223841 245.940834
0.087255 -0.161044 0.983083 -0.058420 0.984321 0.166432 -0.994472 -0.071954 0.076479 20.522612 3.379290 246.021906
0.089827 -0.162476 0.982615 -0.057047 0.984144 0.167944 -0.994322 -0.071141 0.079134 21.535708 3.542024 246.113028
0.094138 -0.163257 0.982082 -0.056130 0.984023 0.168960 -0.993976 -0.071029 0.083471 22.567324 3.706485 246.211355
0.098966 -0.163785 0.981519 -0.055696 0.983904 0.169799 -0.993531 -0.071471 0.088251 23.522247 3.857157 246.305564
0.104191 -0.164522 0.980855 -0.054720 0.983781 0.170825 -0.993051 -0.071471 0.093499 24.531158 4.019479 246.406259
0.109439 -0.164803 0.980236 -0.054000 0.983718 0.171417 -0.992526 -0.071692 0.098758 25.486294 4.172751 246.507797
0.112250 -0.166291 0.979667 -0.054401 0.983391 0.173157 -0.992190 -0.072732 0.101339 26.411688 4.323526 246.613643
0.113617 -0.169294 0.978995 -0.053764 0.982884 0.176206 -0.992069 -0.072655 0.102570 27.458202 4.496633 246.733176
0.114762 -0.171626 0.978455 -0.052787 0.982517 0.178530 -0.991990 -0.072139 0.103696 28.475722 4.669746 246.846924
0.113760 -0.171931 0.978518 -0.053043 0.982456 0.178790 -0.992091 -0.072243 0.102644 29.564510 4.856045 246.975669
0.112449 -0.173273 0.978433 -0.053722 0.982178 0.180111 -0.992204 -0.072816 0.101137 30.547253 5.024140 247.088566
0.112677 -0.174742 0.978146 -0.053095 0.981950 0.181538 -0.992212 -0.072390 0.101365 31.484389 5.184768 247.186710
0.112756 -0.175561 0.977990 -0.051214 0.981932 0.182173 -0.992302 -0.070628 0.101728 32.406460 5.344980 247.281941
0.112693 -0.175745 0.977964 -0.049540 0.982016 0.182181 -0.992394 -0.068979 0.101960 33.382782 5.506422 247.385572
0.112422 -0.177044 0.977761 -0.049184 0.981801 0.183431 -0.992442 -0.068712 0.101669 34.426403 5.685244 247.493534
0.111408 -0.179106 0.977502 -0.047739 0.981525 0.185284 -0.992627 -0.067307 0.100799 35.485525 5.868047 247.604329
0.110570 -0.182203 0.977024 -0.046613 0.981020 0.188223 -0.992775 -0.066354 0.099978 36.494967 6.047162 247.707135
0.112176 -0.185334 0.976252 -0.045492 0.980465 0.191361 -0.992646 -0.065877 0.101553 37.466824 6.219222 247.808786
0.113892 -0.186989 0.975738 -0.043779 0.980230 0.192959 -0.992528 -0.064694 0.103454 38.362221 6.377055 247.900199
0.115175 -0.187986 0.975395 -0.043071 0.980061 0.193971 -0.992411 -0.064352 0.104781 39.346575 6.552635 248.012540
0.119801 -0.190808 0.974290 -0.041020 0.979568 0.196886 -0.991950 -0.063553 0.109526 40.362440 6.731274 248.133099
0.125331 -0.193373 0.973087 -0.038630 0.979126 0.199549 -0.991363 -0.062600 0.115244 41.260306 6.900984 248.243048
0.131686 -0.195157 0.971891 -0.035740 0.978857 0.201399 -0.990647 -0.061257 0.121926 42.181487 7.067757 248.362812
0.138079 -0.195963 0.970841 -0.031845 0.978845 0.202107 -0.989909 -0.058823 0.128918 43.134824 7.243746 248.492512
0.142369 -0.195499 0.970315 -0.029899 0.979004 0.201637 -0.989362 -0.057718 0.133535 44.089645 7.420518 248.627608
0.147703 -0.195199 0.969578 -0.028805 0.979065 0.201497 -0.988612 -0.057691 0.138988 44.941913 7.585911 248.757046
0.153833 -0.196901 0.968280 -0.026124 0.978791 0.203189 -0.987751 -0.056553 0.145427 45.886875 7.765772 248.899330
0.159914 -0.198201 0.967028 -0.023599 0.978588 0.204472 -0.986849 -0.055519 0.151813 46.800096 7.941166 249.045385
0.165542 -0.199229 0.965869 -0.021705 0.978409 0.205536 -0.985964 -0.054989 0.157644 47.712692 8.122761 249.197547
0.168133 -0.200210 0.965219 -0.020831 0.978217 0.206535 -0.985544 -0.054832 0.160300 48.608635 8.301067 249.345529
0.171024 -0.202115 0.964313 -0.021146 0.977755 0.208683 -0.985040 -0.056081 0.162946 49.592616 8.501787 249.516714
0.173731 -0.205579 0.963097 -0.021580 0.976939 0.212426 -0.984557 -0.057689 0.165288 50.591067 8.710435 249.695387
0.175851 -0.208507 0.962082 -0.022097 0.976229 0.215612 -0.984169 -0.059175 0.167064 51.573937 8.916661 249.868615
0.178173 -0.211507 0.960999 -0.022310 0.975506 0.218837 -0.983746 -0.060431 0.169091 52.580981 9.130179 250.045404
0.180229 -0.215461 0.959736 -0.022232 0.974573 0.222967 -0.983373 -0.061522 0.170856 53.674115 9.359819 250.239685
0.181610 -0.219712 0.958512 -0.021715 0.973587 0.227282 -0.983131 -0.062091 0.172042 54.643004 9.573132 250.412392
0.183141 -0.223228 0.957407 -0.020141 0.972822 0.230675 -0.982880 -0.061529 0.173667 55.559678 9.779500 250.577753
0.183950 -0.226055 0.956589 -0.019063 0.972192 0.233408 -0.982751 -0.061170 0.174526 56.441042 9.985240 250.736550
0.184194 -0.228581 0.955941 -0.019484 0.971542 0.236066 -0.982697 -0.062107 0.174498 57.293458 10.187756 250.891649
0.187482 -0.231051 0.954707 -0.018965 0.970909 0.238697 -0.982085 -0.062858 0.177646 58.076926 10.376909 251.039400
0.192357 -0.234363 0.952928 -0.017209 0.970108 0.242062 -0.981174 -0.062961 0.182574 58.913710 10.579217 251.202994
0.194973 -0.238124 0.951463 -0.015967 0.969181 0.245830 -0.980679 -0.063122 0.185162 59.845746 10.807467 251.386106
0.197736 -0.242319 0.949833 -0.015129 0.968095 0.250128 -0.980139 -0.063829 0.187761 60.815264 11.044484 251.575530
0.202672 -0.246142 0.947807 -0.013246 0.967116 0.253989 -0.979157 -0.064031 0.192747 61.753874 11.273063 251.765408
0.208674 -0.248156 0.945978 -0.011191 0.966603 0.256035 -0.977921 -0.064015 0.198927 62.624794 11.492654 251.951157
0.213072 -0.250731 0.944317 -0.009934 0.965906 0.258704 -0.976986 -0.064504 0.203316 63.621747 11.747292 252.169073
0.219419 -0.253470 0.942130 -0.008567 0.965124 0.261652 -0.975593 -0.065483 0.209595 64.505478 11.973376 252.372440
0.227443 -0.256126 0.939505 -0.007096 0.964329 0.264611 -0.973766 -0.066851 0.217512 65.373016 12.203030 252.576671
0.234935 -0.258749 0.936939 -0.004951 0.963587 0.267350 -0.971998 -0.067449 0.225099 66.224943 12.431400 252.782830
0.242315 -0.261059 0.934415 -0.002391 0.962955 0.269652 -0.970195 -0.067575 0.232714 67.002226 12.644677 252.978941
0.249813 -0.261839 0.932220 0.000370 0.962770 0.270321 -0.968294 -0.067184 0.240609 67.665128 12.832562 253.151157
0.257089 -0.263047 0.929899 0.002687 0.962433 0.271507 -0.966384 -0.067303 0.248137 68.354560 13.028437 253.335341
0.262915 -0.266295 0.927342 0.004910 0.961513 0.274716 -0.964807 -0.067674 0.254103 69.080374 13.231618 253.531912
0.266914 -0.269676 0.925220 0.006025 0.960498 0.278220 -0.963701 -0.068687 0.257996 69.856707 13.447955 253.751644
0.269995 -0.273187 0.923294 0.006631 0.959411 0.281934 -0.962839 -0.069999 0.260848 70.722273 13.692050 254.001983
0.272793 -0.277142 0.921290 0.006379 0.958110 0.286329 -0.962052 -0.072232 0.263134 71.556165 13.932374 254.245735
0.275521 -0.281446 0.919171 0.006539 0.956707 0.290979 -0.961273 -0.074161 0.265433 72.367680 14.166942 254.488660
0.277925 -0.286053 0.917023 0.007532 0.955253 0.295695 -0.960573 -0.075274 0.267643 73.152298 14.399443 254.721822
0.279633 -0.289723 0.915350 0.008407 0.954086 0.299416 -0.960070 -0.076032 0.269230 73.941247 14.635403 254.955636
0.280696 -0.291395 0.914494 0.008899 0.953549 0.301107 -0.959755 -0.076381 0.270251 74.690977 14.865014 255.180776
0.281174 -0.292509 0.913991 0.009222 0.953194 0.302218 -0.959613 -0.076547 0.270711 75.492642 15.113297 255.424153
0.281934 -0.293323 0.913496 0.010872 0.953036 0.302663 -0.959372 -0.075399 0.271882 76.369921 15.389685 255.692806
0.282688 -0.295217 0.912652 0.012079 0.952481 0.304359 -0.959136 -0.075015 0.272821 77.256981 15.667216 255.959974
0.282974 -0.298441 0.911515 0.012613 0.951434 0.307595 -0.959045 -0.075545 0.272995 78.201128 15.958394 256.244495
0.283314 -0.301191 0.910504 0.012806 0.950507 0.310439 -0.958942 -0.076292 0.273149 79.134329 16.253607 256.524766
0.279794 -0.305924 0.910014 0.013172 0.949006 0.314982 -0.959970 -0.076143 0.269556 80.097138 16.565633 256.811181
0.279268 -0.309758 0.908878 0.013698 0.947727 0.318789 -0.960116 -0.076577 0.268913 81.009073 16.862720 257.087421
0.278456 -0.313097 0.907983 0.014550 0.946640 0.321965 -0.960339 -0.076442 0.268153 81.906221 17.159044 257.355850
0.276897 -0.315546 0.907612 0.013896 0.945760 0.324569 -0.960799 -0.077261 0.266263 82.780825 17.455478 257.612791
0.275050 -0.318111 0.907277 0.014491 0.944940 0.326923 -0.961321 -0.076773 0.264516 83.660416 17.759689 257.875845
0.274319 -0.321740 0.906219 0.015601 0.943734 0.330337 -0.961512 -0.076480 0.263904 84.609016 18.086486 258.157469
0.272282 -0.325080 0.905641 0.016205 0.942618 0.333481 -0.962081 -0.076125 0.261926 85.532016 18.406749 258.425832
0.268981 -0.328550 0.905375 0.016525 0.941455 0.336733 -0.963004 -0.075613 0.258663 86.493073 18.737696 258.701062
0.266085 -0.331494 0.905158 0.015979 0.940397 0.339702 -0.963817 -0.075926 0.255523 87.484005 19.089419 258.985629
0.263484 -0.334366 0.904862 0.016641 0.939444 0.342299 -0.964520 -0.075133 0.253092 88.488871 19.447163 259.265845
0.261316 -0.336826 0.904578 0.016012 0.938525 0.344841 -0.965121 -0.075628 0.250644 89.477637 19.809802 259.546446
0.258990 -0.340131 0.904011 0.015967 0.937325 0.348091 -0.965748 -0.075717 0.248189 90.452496 20.165654 259.814625
0.254925 -0.343500 0.903892 0.016123 0.936156 0.351214 -0.966826 -0.074960 0.244188 91.390977 20.509180 260.066687
0.252834 -0.346250 0.903430 0.016533 0.935178 0.353791 -0.967368 -0.074514 0.242170 92.288384 20.841876 260.310068
0.251277 -0.348534 0.902986 0.017925 0.934434 0.355684 -0.967749 -0.073189 0.241049 93.130135 21.160288 260.532185
0.251081 -0.350638 0.902226 0.019235 0.933707 0.357520 -0.967775 -0.072413 0.241181 93.951626 21.473381 260.753763
0.250675 -0.354117 0.900979 0.019505 0.932353 0.361022 -0.967875 -0.072926 0.240625 94.842503 21.815316 260.994291
0.250784 -0.356940 0.899834 0.021577 0.931369 0.363436 -0.967803 -0.071728 0.241274 95.680171 22.133243 261.218459
0.252070 -0.357463 0.899267 0.023298 0.931246 0.363645 -0.967429 -0.070712 0.243067 96.503299 22.450057 261.439836
0.254388 -0.355461 0.899408 0.024679 0.932086 0.361396 -0.966787 -0.069738 0.245884 97.259879 22.737366 261.653617
0.256919 -0.355280 0.898760 0.026286 0.932201 0.360985 -0.966075 -0.069119 0.248839 98.075796 23.051659 261.885013
0.260896 -0.358012 0.896527 0.028118 0.931115 0.363641 -0.964957 -0.069664 0.252991 98.971491 23.397818 262.139914
0.265067 -0.362474 0.893505 0.031692 0.929426 0.367644 -0.963709 -0.069133 0.257848 99.889302 23.762127 262.399549
0.270242 -0.365180 0.890849 0.034980 0.928390 0.369958 -0.962157 -0.068816 0.263664 100.751230 24.113481 262.650955
0.279307 -0.365610 0.887872 0.040419 0.928330 0.369554 -0.959351 -0.067332 0.274066 101.630825 24.467429 262.919970
0.288943 -0.365828 0.884693 0.047151 0.928426 0.368512 -0.956185 -0.064765 0.285511 102.457104 24.799333 263.187523
0.297608 -0.367343 0.881186 0.051577 0.927848 0.369375 -0.953294 -0.064480 0.295081 103.309522 25.143720 263.478713
0.305588 -0.368661 0.877898 0.056413 0.927393 0.369810 -0.950491 -0.063485 0.304197 104.166140 25.493030 263.780956
0.314582 -0.369442 0.874386 0.061140 0.927126 0.369729 -0.947259 -0.062850 0.314245 105.026492 25.844770 264.097388
0.327327 -0.372310 0.868471 0.068192 0.926014 0.371278 -0.942447 -0.062307 0.328498 105.850244 26.186539 264.418400
0.339014 -0.373772 0.863345 0.074152 0.925450 0.371542 -0.937854 -0.061939 0.341457 106.693344 26.538370 264.759078
0.348187 -0.376789 0.858368 0.079595 0.924242 0.373418 -0.934040 -0.061697 0.351800 107.565900 26.908779 265.121655
0.355804 -0.382057 0.852899 0.085227 0.922082 0.377493 -0.930666 -0.061624 0.360642 108.437495 27.276314 265.481567
0.365456 -0.386723 0.846692 0.091782 0.920149 0.380659 -0.926292 -0.061403 0.371769 109.275872 27.631836 265.846557
0.374922 -0.390947 0.840591 0.099291 0.918450 0.382872 -0.921724 -0.060084 0.383164 110.052522 27.969847 266.201186
0.382999 -0.392343 0.836288 0.105374 0.917967 0.382404 -0.917719 -0.058337 0.392923 110.855332 28.323718 266.577101
0.392638 -0.391657 0.832130 0.110727 0.918341 0.379987 -0.913003 -0.057059 0.403942 111.641646 28.669578 266.962406
0.403242 -0.393109 0.826354 0.116235 0.917716 0.379852 -0.907681 -0.057121 0.415755 112.423125 29.007262 267.357153
0.414147 -0.396211 0.819451 0.122191 0.916339 0.381303 -0.901971 -0.057786 0.427912 113.292325 29.396177 267.809631
0.422477 -0.400277 0.813198 0.129568 0.914657 0.382903 -0.897065 -0.056404 0.438285 114.127903 29.776002 268.251267
0.431326 -0.403084 0.807144 0.135157 0.913417 0.383930 -0.892015 -0.056508 0.448460 114.950567 30.155155 268.703584
0.440923 -0.406496 0.800218 0.141474 0.911894 0.385272 -0.886325 -0.056665 0.459583 115.791792 30.541723 269.187354
0.452254 -0.409280 0.792437 0.147811 0.910600 0.385952 -0.879556 -0.057418 0.472319 116.688159 30.957635 269.711748
0.461541 -0.409804 0.786792 0.151807 0.910309 0.385087 -0.874034 -0.058293 0.482356 117.574035 31.372476 270.247385
0.470374 -0.409208 0.781855 0.156009 0.910593 0.382729 -0.868567 -0.058049 0.492160 118.398734 31.752933 270.765449
0.480346 -0.407670 0.776578 0.160466 0.911316 0.379148 -0.862275 -0.057508 0.503164 119.193782 32.121679 271.285475
0.490020 -0.405937 0.771424 0.165181 0.912161 0.375070 -0.855918 -0.056367 0.514030 119.968900 32.474135 271.799565
0.499476 -0.404453 0.766121 0.169480 0.912862 0.371428 -0.849588 -0.055677 0.524499 120.745176 32.828428 272.334473
0.509568 -0.404445 0.759450 0.173462 0.912805 0.369726 -0.842764 -0.056665 0.535292 121.517193 33.187589 272.888341
0.520148 -0.405682 0.751577 0.178187 0.912170 0.369047 -0.835281 -0.058037 0.546751 122.205839 33.508681 273.402883
0.531561 -0.405629 0.743578 0.183447 0.912171 0.366457 -0.826916 -0.058387 0.559286 122.898146 33.829045 273.927269
0.541768 -0.405174 0.736425 0.187542 0.912328 0.363985 -0.819338 -0.059085 0.570258 123.577699 34.145338 274.460723
0.552350 -0.405571 0.728300 0.192215 0.912089 0.362141 -0.811149 -0.060038 0.581750 124.242800 34.456919 275.000504
0.560262 -0.403735 0.723259 0.194418 0.912873 0.358978 -0.805176 -0.060507 0.589941 124.812741 34.724602 275.476514
0.567003 -0.399932 0.720113 0.197828 0.914754 0.352264 -0.799607 -0.057276 0.597785 125.359459 34.977480 275.930489
0.574987 -0.395076 0.716453 0.200437 0.917021 0.344815 -0.793231 -0.054660 0.606463 125.865864 35.212110 276.362801
0.582351 -0.390974 0.712746 0.202855 0.918907 0.338319 -0.787221 -0.052436 0.614438 126.429666 35.471120 276.853495
0.587477 -0.389802 0.709172 0.204386 0.919403 0.336043 -0.783005 -0.052473 0.619798 127.090299 35.763998 277.437332
0.590855 -0.388820 0.706901 0.204247 0.919750 0.335177 -0.780496 -0.053659 0.622854 127.847020 36.100143 278.101013
0.594597 -0.388494 0.703937 0.204806 0.919820 0.334643 -0.777502 -0.054808 0.626488 128.544632 36.415067 278.724658
0.595973 -0.387643 0.703242 0.205018 0.920193 0.333486 -0.776392 -0.054571 0.627884 129.283410 36.746696 279.392444
0.597273 -0.386751 0.702630 0.205141 0.920581 0.332338 -0.775359 -0.054359 0.629176 129.930637 37.035083 279.978432
0.599233 -0.386188 0.701269 0.205861 0.920833 0.331193 -0.773654 -0.054097 0.631294 130.635905 37.350816 280.618803
0.600349 -0.385857 0.700497 0.206931 0.921026 0.329986 -0.772503 -0.053152 0.632782 131.304106 37.649767 281.221828
0.601446 -0.385693 0.699645 0.208614 0.921182 0.328486 -0.771196 -0.051611 0.634503 132.011760 37.967176 281.860941
0.603381 -0.385928 0.697847 0.210193 0.921117 0.327663 -0.769253 -0.051023 0.636904 132.713825 38.280953 282.497857
0.606205 -0.385681 0.695533 0.212301 0.921284 0.325828 -0.766449 -0.049857 0.640367 133.389865 38.583110 283.125243
0.610065 -0.385377 0.692319 0.214307 0.921439 0.324071 -0.762819 -0.049336 0.644727 134.028567 38.873460 283.730803
0.616108 -0.386573 0.686274 0.218919 0.920993 0.322252 -0.756628 -0.048304 0.652059 134.669226 39.159719 284.335904
0.623937 -0.388693 0.677953 0.225695 0.920190 0.319863 -0.748174 -0.046564 0.661866 135.282901 39.435180 284.938423
0.630656 -0.389647 0.671155 0.232429 0.919956 0.315687 -0.740439 -0.043094 0.670741 135.961999 39.733009 285.610200
0.636431 -0.388991 0.666064 0.234995 0.920255 0.312901 -0.734665 -0.042618 0.677091 136.593198 40.010592 286.251062
0.642384 -0.389355 0.660110 0.237935 0.920092 0.311156 -0.728512 -0.042818 0.683694 137.155206 40.255822 286.835008
0.649669 -0.390020 0.652545 0.241826 0.919804 0.308998 -0.720729 -0.042944 0.691885 137.726675 40.507794 287.440090
0.656461 -0.391090 0.645064 0.247347 0.919433 0.305717 -0.712656 -0.041137 0.700306 138.349581 40.780579 288.112427
0.664515 -0.390858 0.636906 0.251530 0.919564 0.301887 -0.703671 -0.040408 0.709376 139.046730 41.092820 288.880991
0.673415 -0.390674 0.627604 0.255654 0.919645 0.298150 -0.693652 -0.040329 0.719180 139.703366 41.388312 289.624407
0.680360 -0.389348 0.620902 0.257736 0.920204 0.294614 -0.686063 -0.040415 0.726419 140.297924 41.654153 290.321601
0.685725 -0.388430 0.615551 0.259952 0.920620 0.291350 -0.679857 -0.039772 0.732265 140.867261 41.913788 291.001463
0.689628 -0.388229 0.611303 0.262508 0.920756 0.288615 -0.674909 -0.038565 0.736892 141.468200 42.187264 291.727358
0.694390 -0.388064 0.605995 0.265056 0.920851 0.285970 -0.669005 -0.037952 0.742288 142.090089 42.464738 292.491768
0.698914 -0.387250 0.601296 0.266101 0.921172 0.283957 -0.663859 -0.038456 0.746868 142.722374 42.736315 293.268739
0.702838 -0.386041 0.597487 0.266470 0.921657 0.282034 -0.659555 -0.039012 0.750644 143.296162 42.982410 293.989802
0.705380 -0.385153 0.595059 0.267524 0.922066 0.279687 -0.656406 -0.038092 0.753445 143.993371 43.281092 294.855547
0.705682 -0.384695 0.594998 0.267777 0.922288 0.278713 -0.655979 -0.037356 0.753855 144.669318 43.571861 295.700975
0.707315 -0.384098 0.593443 0.269479 0.922618 0.275965 -0.653519 -0.035274 0.756088 145.322033 43.856287 296.522805
0.708612 -0.383232 0.592454 0.271011 0.923068 0.272945 -0.651476 -0.032851 0.757957 145.994056 44.144776 297.368950
0.711771 -0.381714 0.589641 0.273376 0.923807 0.268042 -0.647030 -0.029591 0.761890 146.640677 44.421465 298.190518
0.714117 -0.381098 0.587197 0.275688 0.924140 0.264502 -0.643454 -0.027002 0.765009 147.305557 44.698045 299.044999
0.716878 -0.380473 0.584231 0.278386 0.924478 0.260464 -0.639208 -0.024079 0.768656 147.915140 44.946862 299.834351
0.720781 -0.380358 0.579485 0.280359 0.924539 0.258122 -0.633935 -0.023586 0.773027 148.497087 45.190717 300.615706
0.724276 -0.381224 0.574536 0.281614 0.924139 0.258187 -0.629379 -0.025201 0.776690 149.052050 45.421472 301.370268
0.728485 -0.379910 0.570068 0.280918 0.924623 0.257213 -0.624816 -0.027233 0.780297 149.615456 45.652628 302.141933
0.730824 -0.378376 0.568091 0.280984 0.925270 0.254800 -0.622048 -0.026590 0.782527 150.132152 45.866940 302.853096
0.733205 -0.374312 0.567716 0.279483 0.926971 0.250226 -0.619919 -0.024800 0.784273 150.658127 46.079151 303.580875
0.733715 -0.372153 0.568475 0.278587 0.927874 0.247870 -0.619719 -0.023496 0.784472 151.173612 46.285212 304.286015
0.733850 -0.371671 0.568617 0.278067 0.928062 0.247749 -0.619793 -0.023697 0.784407 151.766452 46.521287 305.094927
0.732098 -0.371424 0.571032 0.276933 0.928156 0.248667 -0.622367 -0.023911 0.782360 152.364827 46.757772 305.912443
0.729065 -0.371239 0.575018 0.274991 0.928212 0.250603 -0.626772 -0.024581 0.778815 152.981730 46.999243 306.743596
0.723194 -0.369738 0.583339 0.270432 0.928786 0.253424 -0.635497 -0.025521 0.771681 153.531819 47.220046 307.473911
0.714572 -0.370203 0.593580 0.267690 0.928623 0.256908 -0.646320 -0.024684 0.762667 154.086666 47.446026 308.187418
0.708453 -0.370394 0.600751 0.266062 0.928578 0.258754 -0.653685 -0.023478 0.756402 154.665954 47.673428 308.900389
0.701978 -0.370243 0.608397 0.263644 0.928656 0.260942 -0.661604 -0.022775 0.749508 155.268290 47.909540 309.628976
0.695804 -0.370733 0.615153 0.262172 0.928485 0.263023 -0.668672 -0.021737 0.743240 155.897595 48.155412 310.370490
0.691973 -0.369853 0.619986 0.260952 0.928872 0.262869 -0.673111 -0.020112 0.739268 156.496518 48.387997 311.068108
0.689242 -0.367912 0.624168 0.259725 0.929688 0.261197 -0.676379 -0.017916 0.736336 157.051235 48.594495 311.711462
0.687877 -0.365178 0.627272 0.258117 0.930798 0.258826 -0.678381 -0.016130 0.734533 157.647662 48.817830 312.405057
0.686809 -0.364330 0.628933 0.258285 0.931160 0.257351 -0.679398 -0.014308 0.733630 158.246287 49.045149 313.094903
0.686867 -0.363770 0.629194 0.259440 0.931410 0.255277 -0.678900 -0.012103 0.734131 158.829510 49.260166 313.770788
0.689565 -0.361609 0.627486 0.259883 0.932271 0.251657 -0.675989 -0.010461 0.736838 159.379725 49.458931 314.416547
0.694005 -0.361132 0.622849 0.262306 0.932471 0.248379 -0.670486 -0.008999 0.741867 159.893372 49.651185 315.032753
0.699197 -0.360581 0.617337 0.264492 0.932692 0.245213 -0.664205 -0.008172 0.747506 160.415147 49.838368 315.665977
0.707334 -0.360493 0.608049 0.268037 0.932731 0.241183 -0.654090 -0.007617 0.756378 161.008580 50.052228 316.405299
0.718270 -0.361234 0.594642 0.274787 0.932462 0.234536 -0.639203 -0.005061 0.769022 161.566958 50.260428 317.116157
0.730598 -0.362408 0.578694 0.282832 0.932018 0.226603 -0.621476 -0.001883 0.783431 162.087448 50.457805 317.807365
0.746671 -0.360624 0.558957 0.289003 0.932711 0.215701 -0.599132 0.000483 0.800650 162.538814 50.617309 318.461223
0.763595 -0.358912 0.536754 0.294723 0.933370 0.204839 -0.574509 0.001780 0.818496 162.990301 50.772000 319.153789
0.779654 -0.358109 0.513710 0.300938 0.933674 0.194135 -0.549159 0.003237 0.835711 163.489823 50.942761 319.950332
0.795331 -0.357726 0.489367 0.307916 0.933809 0.182178 -0.522145 0.005792 0.852837 163.962793 51.102367 320.770048
0.810914 -0.357075 0.463590 0.313517 0.934052 0.171038 -0.494090 0.006647 0.869385 164.403341 51.248146 321.606482
0.825857 -0.357712 0.435892 0.319711 0.933808 0.160587 -0.464483 0.006737 0.885556 164.784285 51.378405 322.376757
0.841274 -0.358786 0.404390 0.325833 0.933405 0.150294 -0.431383 0.005325 0.902153 165.127274 51.484929 323.135414
0.856920 -0.357869 0.370969 0.331034 0.933751 0.136106 -0.395100 0.006172 0.918617 165.347867 51.553578 323.701755
0.868549 -0.356478 0.344305 0.334263 0.934275 0.124090 -0.365911 0.007311 0.930621 165.554472 51.623135 324.305302
0.877492 -0.356702 0.320582 0.338311 0.934176 0.113409 -0.339933 0.008941 0.940407 165.724947 51.668611 324.884384
0.885219 -0.355458 0.300061 0.340353 0.934629 0.103095 -0.317092 0.010865 0.948333 165.926681 51.726142 325.591744
0.891742 -0.355270 0.280320 0.342575 0.934693 0.094819 -0.295700 0.011476 0.955212 166.122095 51.788022 326.295659
0.897587 -0.354983 0.261389 0.343242 0.934838 0.090907 -0.276627 0.008123 0.960943 166.319683 51.842812 327.041056
0.901688 -0.352372 0.250586 0.340692 0.935851 0.090071 -0.266249 0.004157 0.963895 166.502591 51.889636 327.769390
0.903679 -0.352243 0.243492 0.341492 0.935895 0.086503 -0.258353 0.004980 0.966038 166.704272 51.943891 328.549763
0.904894 -0.350146 0.242001 0.340691 0.936653 0.081303 -0.255139 0.008877 0.966864 166.907613 52.006017 329.378598
0.905529 -0.348342 0.242228 0.339987 0.937281 0.076895 -0.253822 0.012724 0.967167 167.105773 52.060343 330.189186
0.905414 -0.348779 0.242030 0.341203 0.937075 0.073965 -0.252598 0.015612 0.967445 167.334537 52.121484 331.100158
0.905077 -0.349105 0.242818 0.341791 0.936932 0.073062 -0.253010 0.016867 0.967317 167.581265 52.178287 332.052186
0.904644 -0.349041 0.244517 0.342008 0.936927 0.072104 -0.254262 0.018398 0.966960 167.833110 52.236964 333.025194
0.904108 -0.348229 0.247639 0.342129 0.937137 0.068716 -0.256001 0.022597 0.966412 168.072360 52.293162 333.955955
0.903299 -0.347239 0.251945 0.342328 0.937360 0.064553 -0.258579 0.027937 0.965586 168.298824 52.339449 334.825305
0.902589 -0.346185 0.255907 0.342728 0.937549 0.059486 -0.260519 0.034015 0.964869 168.537501 52.389818 335.736897
0.902480 -0.344291 0.258833 0.341513 0.938140 0.057119 -0.262487 0.036846 0.964232 168.792906 52.431963 336.706210
0.902486 -0.343804 0.259458 0.341095 0.938306 0.056888 -0.263009 0.037159 0.964077 169.037434 52.472003 337.636094
0.902757 -0.343334 0.259137 0.340452 0.938508 0.057406 -0.262912 0.036400 0.964133 169.306826 52.519378 338.656215
0.902676 -0.343393 0.259341 0.340601 0.938472 0.057113 -0.262996 0.036777 0.964096 169.562291 52.565996 339.610078
0.902431 -0.343010 0.260694 0.340531 0.938557 0.056115 -0.263924 0.038135 0.963789 169.835710 52.612436 340.613406
0.902564 -0.342489 0.260921 0.340367 0.938696 0.054770 -0.263684 0.039375 0.963805 170.102988 52.654891 341.587682
0.902358 -0.342716 0.261334 0.341006 0.938545 0.053358 -0.263560 0.040968 0.963773 170.367224 52.689951 342.547903
0.902544 -0.342662 0.260760 0.341488 0.938485 0.051293 -0.262296 0.042752 0.964040 170.614139 52.723042 343.463459
0.902380 -0.343094 0.260761 0.342375 0.938249 0.049685 -0.261705 0.044443 0.964124 170.865585 52.759169 344.391327
0.902733 -0.343041 0.259605 0.342985 0.938164 0.047014 -0.259680 0.046600 0.964570 171.108411 52.793819 345.309841
0.903112 -0.344319 0.256580 0.344374 0.937694 0.046215 -0.256507 0.046622 0.965417 171.364504 52.823402 346.259446
0.903744 -0.345377 0.252905 0.345928 0.937239 0.043772 -0.252151 0.047929 0.966500 171.643000 52.852698 347.310424
0.904922 -0.345481 0.248512 0.346917 0.937066 0.039456 -0.246504 0.050508 0.967825 171.886466 52.876088 348.253378
0.906610 -0.345511 0.242241 0.347796 0.936928 0.034695 -0.238950 0.052796 0.969595 172.094655 52.893013 349.081055
0.907748 -0.346893 0.235919 0.350230 0.936214 0.029016 -0.230936 0.056286 0.971339 172.316698 52.908030 349.980741
0.908813 -0.348151 0.229890 0.352129 0.935621 0.024872 -0.223750 0.058347 0.972899 172.529094 52.919426 350.892999
0.910110 -0.349081 0.223254 0.353159 0.935287 0.022743 -0.216746 0.058145 0.974495 172.747142 52.926552 351.853649
0.911127 -0.350592 0.216639 0.354754 0.934731 0.020694 -0.209754 0.057999 0.976033 172.964234 52.927766 352.810987
0.912227 -0.350794 0.211626 0.355216 0.934610 0.018043 -0.204118 0.058714 0.977184 173.186609 52.929165 353.825600
0.912825 -0.350955 0.208763 0.355722 0.934463 0.015530 -0.200531 0.060085 0.977843 173.397795 52.927250 354.801265
0.913466 -0.351154 0.205601 0.356602 0.934189 0.011189 -0.195999 0.063097 0.978572 173.610263 52.932224 355.785373
0.914394 -0.350791 0.202062 0.356993 0.934087 0.006121 -0.190891 0.066538 0.979354 173.801145 52.925763 356.710490
0.914939 -0.351049 0.199126 0.357800 0.933796 0.002224 -0.186724 0.069212 0.979971 174.013419 52.914007 357.725896
0.915556 -0.351015 0.196330 0.358171 0.933655 -0.001016 -0.182948 0.071250 0.980537 174.222060 52.895169 358.737821
0.916264 -0.350613 0.193726 0.358239 0.933618 -0.004659 -0.179233 0.073669 0.981045 174.425724 52.874661 359.740622
0.916740 -0.349499 0.193491 0.357698 0.933803 -0.008027 -0.177878 0.076570 0.981069 174.635235 52.851757 360.781156
0.916590 -0.349098 0.194918 0.358403 0.933469 -0.013527 -0.177228 0.082258 0.980726 174.842421 52.828997 361.758414
0.916090 -0.350401 0.194934 0.360639 0.932521 -0.018578 -0.175270 0.087320 0.980640 175.033873 52.804727 362.694822
0.915575 -0.352521 0.193523 0.362876 0.931628 -0.019750 -0.173329 0.088307 0.980897 175.234659 52.770233 363.682040
0.915650 -0.353243 0.191848 0.363115 0.931574 -0.017796 -0.172435 0.085958 0.981263 175.425743 52.738912 364.645213
0.915538 -0.354122 0.190755 0.363840 0.931299 -0.017386 -0.171493 0.085322 0.981484 175.623710 52.709237 365.637928
0.915450 -0.353751 0.191861 0.363484 0.931446 -0.016948 -0.172713 0.085254 0.981276 175.820156 52.676281 366.600849
0.915461 -0.353444 0.192373 0.363034 0.931640 -0.015912 -0.173599 0.084405 0.981193 176.016342 52.645752 367.560311
0.915084 -0.354019 0.193110 0.363531 0.931460 -0.015053 -0.174545 0.083976 0.981062 176.230181 52.611718 368.591352
0.914310 -0.354641 0.195620 0.363922 0.931346 -0.012494 -0.177759 0.082614 0.980600 176.456361 52.585034 369.672207
0.912382 -0.357006 0.200265 0.366159 0.930505 -0.009390 -0.182995 0.081896 0.979697 176.669266 52.563663 370.673139
0.909918 -0.359742 0.206481 0.369058 0.929379 -0.007151 -0.189326 0.082710 0.978425 176.888079 52.551735 371.648540
0.908841 -0.360868 0.209243 0.370112 0.928971 -0.005434 -0.192420 0.082382 0.977849 177.097306 52.538724 372.622969
0.907770 -0.362266 0.211463 0.371834 0.928280 -0.005933 -0.194148 0.084014 0.977368 177.318335 52.534108 373.634958
0.907003 -0.362876 0.213697 0.372629 0.927962 -0.005805 -0.196196 0.084895 0.976883 177.541976 52.522265 374.636849
0.907075 -0.362847 0.213438 0.372618 0.927965 -0.006009 -0.195883 0.084982 0.976938 177.777149 52.503750 375.692911
0.907145 -0.362873 0.213100 0.372527 0.928005 -0.005575 -0.195734 0.084443 0.977015 177.991963 52.482558 376.672557
0.907894 -0.362847 0.209927 0.372272 0.928105 -0.005827 -0.192720 0.083440 0.977700 178.227972 52.451920 377.762694
0.908644 -0.362070 0.208020 0.371020 0.928615 -0.004333 -0.191602 0.081117 0.978115 178.458220 52.427973 378.834442
0.909504 -0.360963 0.206174 0.369579 0.929192 -0.003537 -0.190298 0.079415 0.978509 178.660613 52.408872 379.802649
0.910376 -0.359443 0.204976 0.367757 0.929918 -0.002656 -0.189657 0.077799 0.978763 178.879204 52.389163 380.831108
0.910584 -0.358646 0.205452 0.366579 0.930387 -0.000595 -0.190937 0.075856 0.978667 179.115682 52.374053 381.942028
0.909463 -0.357914 0.211602 0.365307 0.930877 0.004445 -0.198566 0.073257 0.977346 179.335412 52.364445 382.957449
0.908205 -0.357803 0.217120 0.364789 0.931052 0.008431 -0.205167 0.071546 0.976108 179.565891 52.362876 383.972479
0.907022 -0.359908 0.218581 0.366283 0.930425 0.012083 -0.207722 0.069103 0.975744 179.797018 52.362616 384.961585
0.906917 -0.358540 0.221249 0.364392 0.931121 0.015236 -0.211472 0.066804 0.975098 180.024587 52.359410 385.936774
0.906211 -0.358264 0.224562 0.363863 0.931290 0.017414 -0.215371 0.065929 0.974304 180.259619 52.367024 386.933652
0.905916 -0.357670 0.226690 0.363263 0.931512 0.018033 -0.217614 0.066012 0.973800 180.510543 52.364978 387.973217
0.905066 -0.357400 0.230480 0.363123 0.931555 0.018600 -0.221353 0.066858 0.972899 180.754320 52.366634 388.965586
0.904438 -0.357329 0.233040 0.363097 0.931554 0.019195 -0.223948 0.067256 0.972278 180.986373 52.370055 389.872254
0.903799 -0.356740 0.236399 0.362215 0.931849 0.021395 -0.227920 0.066290 0.971421 181.196663 52.373869 390.695608
0.902971 -0.356252 0.240266 0.361176 0.932168 0.024788 -0.232799 0.064396 0.970391 181.432407 52.383273 391.629317
0.902210 -0.356027 0.243439 0.360259 0.932417 0.028494 -0.237131 0.061994 0.969498 181.703139 52.400049 392.681218
0.901239 -0.356238 0.246706 0.359898 0.932453 0.031702 -0.241335 0.060218 0.968572 181.946592 52.414684 393.618096
0.900892 -0.356244 0.247959 0.359558 0.932525 0.033405 -0.243128 0.059062 0.968194 182.222289 52.435852 394.677503
0.900236 -0.356688 0.249698 0.359738 0.932399 0.034948 -0.245284 0.058364 0.967693 182.495855 52.457647 395.716138
0.899587 -0.357343 0.251098 0.360144 0.932188 0.036359 -0.247063 0.057723 0.967279 182.758425 52.479129 396.694635
0.899066 -0.357855 0.252231 0.360605 0.931988 0.036905 -0.248283 0.057775 0.966963 183.017044 52.492259 397.642853
0.899013 -0.356339 0.254554 0.359407 0.932485 0.036020 -0.250203 0.059106 0.966388 183.296895 52.521225 398.694341
0.898755 -0.356535 0.255192 0.359829 0.932349 0.035332 -0.250525 0.060070 0.966245 183.579765 52.548911 399.721015
0.899032 -0.356860 0.253756 0.360009 0.932270 0.035586 -0.249268 0.059361 0.966613 183.852343 52.568298 400.724933
0.898733 -0.357584 0.253796 0.360099 0.932134 0.038156 -0.250215 0.057100 0.966505 184.082782 52.585823 401.568869
0.898697 -0.357005 0.254737 0.359201 0.932423 0.039517 -0.251631 0.055988 0.966203 184.305747 52.595612 402.377487
0.898784 -0.357974 0.253066 0.360393 0.932009 0.038407 -0.249608 0.056683 0.966686 184.524141 52.611996 403.183424
0.898858 -0.358563 0.251965 0.361064 0.931770 0.037912 -0.248367 0.056898 0.966993 184.746355 52.629382 403.993168
0.898616 -0.359242 0.251863 0.361864 0.931476 0.037515 -0.248081 0.057429 0.967035 184.980264 52.645512 404.853080
0.898641 -0.360160 0.250458 0.362658 0.931156 0.037796 -0.246828 0.056866 0.967389 185.218500 52.663802 405.714420
0.898701 -0.360977 0.249061 0.363396 0.930864 0.037887 -0.245518 0.056459 0.967747 185.448425 52.679750 406.580620
0.898518 -0.361892 0.248394 0.364360 0.930496 0.037662 -0.244759 0.056665 0.967927 185.702968 52.699644 407.533574
0.898785 -0.361999 0.247269 0.364556 0.930444 0.037054 -0.243484 0.056840 0.968238 185.965036 52.716603 408.555902
0.898495 -0.362668 0.247342 0.365314 0.930156 0.036810 -0.243417 0.057284 0.968229 186.231831 52.736546 409.569470
0.898018 -0.363783 0.247439 0.366265 0.929749 0.037643 -0.243750 0.056824 0.968172 186.490992 52.760790 410.581343
0.898310 -0.363665 0.246549 0.365956 0.929849 0.038171 -0.243135 0.055937 0.968378 186.760720 52.783391 411.616790
0.898454 -0.363491 0.246283 0.365429 0.930001 0.039493 -0.243399 0.054516 0.968393 187.015117 52.806879 412.609603
0.898484 -0.363919 0.245538 0.365271 0.929966 0.041714 -0.243523 0.052208 0.968489 187.283935 52.831976 413.657310
0.898453 -0.363905 0.245675 0.364612 0.930105 0.044299 -0.244624 0.049775 0.968340 187.570963 52.865705 414.778464
0.898175 -0.365579 0.244200 0.365603 0.929587 0.046933 -0.244163 0.047126 0.968589 187.842207 52.896219 415.824187
0.898289 -0.365535 0.243848 0.364586 0.929788 0.050714 -0.245265 0.043347 0.968487 188.124572 52.927775 416.919060
0.897691 -0.365689 0.245809 0.364138 0.929810 0.053449 -0.248102 0.041528 0.967843 188.410528 52.971677 418.029261
0.897999 -0.364540 0.246391 0.362783 0.930297 0.054190 -0.248971 0.040724 0.967654 188.661057 53.011606 419.028255
0.897766 -0.363768 0.248372 0.361769 0.930623 0.055348 -0.251275 0.040164 0.967082 188.913192 53.047934 419.987709
0.897733 -0.363568 0.248784 0.361174 0.930761 0.056905 -0.252247 0.038769 0.966886 189.171727 53.090253 420.931392
0.898156 -0.362492 0.248829 0.360337 0.931149 0.055842 -0.251939 0.039507 0.966936 189.424913 53.130126 421.887926
0.898681 -0.361212 0.248794 0.359214 0.931630 0.055056 -0.251670 0.039893 0.966990 189.648144 53.160361 422.750959
0.899124 -0.359677 0.249416 0.357783 0.932210 0.054540 -0.252125 0.040198 0.966859 189.855811 53.190214 423.565124
0.899279 -0.358478 0.250582 0.356806 0.932633 0.053717 -0.252958 0.041103 0.966604 190.068122 53.216594 424.384439
0.898732 -0.359044 0.251729 0.357638 0.932356 0.052980 -0.253723 0.042413 0.966347 190.292074 53.243520 425.208318
0.898830 -0.358486 0.252176 0.357222 0.932546 0.052434 -0.253963 0.042953 0.966260 190.516071 53.281651 426.023742
0.898874 -0.357857 0.252912 0.356677 0.932771 0.052158 -0.254574 0.043325 0.966082 190.747436 53.312720 426.881127
0.899092 -0.356980 0.253375 0.356247 0.933031 0.050419 -0.254405 0.044933 0.966053 190.979464 53.348177 427.740429
0.899621 -0.355645 0.253375 0.355555 0.933433 0.047781 -0.253502 0.047104 0.966187 191.175407 53.377239 428.472753
0.900300 -0.354232 0.252942 0.354638 0.933891 0.045600 -0.252374 0.048649 0.966406 191.379436 53.407226 429.257795
0.900549 -0.353789 0.252675 0.354485 0.934008 0.044366 -0.251697 0.049616 0.966533 191.580497 53.425474 430.025413
0.901567 -0.352305 0.251113 0.353364 0.934523 0.042433 -0.249620 0.050478 0.967027 191.787040 53.434723 430.798911
0.901817 -0.351731 0.251020 0.353127 0.934675 0.041027 -0.249053 0.051643 0.967112 191.960485 53.449849 431.454935
0.901114 -0.352510 0.252447 0.354224 0.934295 0.040217 -0.250036 0.053183 0.966775 192.162598 53.475788 432.197029
0.900842 -0.352740 0.253096 0.354753 0.934137 0.039238 -0.250267 0.054439 0.966645 192.377347 53.499537 433.001293
0.901058 -0.350516 0.255405 0.352592 0.934956 0.039197 -0.252532 0.054735 0.966039 192.580227 53.519972 433.777000
0.900935 -0.348424 0.258682 0.350690 0.935683 0.038911 -0.255602 0.055661 0.965178 192.787774 53.532139 434.546358
0.900056 -0.347992 0.262299 0.350448 0.935772 0.038955 -0.259008 0.056860 0.964200 192.977238 53.543524 435.241677
0.898809 -0.346314 0.268716 0.348390 0.936429 0.041538 -0.266019 0.056283 0.962323 193.192605 53.558383 436.008789
0.897032 -0.344976 0.276269 0.346070 0.937059 0.046431 -0.274898 0.053958 0.959958 193.401343 53.573680 436.716937
0.895084 -0.343922 0.283799 0.343154 0.937720 0.054092 -0.284727 0.048970 0.957357 193.645868 53.604717 437.526173
0.891926 -0.344675 0.292690 0.342112 0.937635 0.061640 -0.295682 0.045154 0.954219 193.865306 53.633036 438.218208
0.887320 -0.344709 0.306330 0.340540 0.937711 0.068778 -0.310958 0.043289 0.949437 194.107993 53.677998 438.954339
0.881917 -0.344705 0.321559 0.338829 0.937774 0.075994 -0.327745 0.041933 0.943835 194.367701 53.730352 439.695447
0.874634 -0.346013 0.339545 0.338614 0.937268 0.082885 -0.346923 0.042481 0.936931 194.619953 53.783140 440.362845
0.865995 -0.347376 0.359698 0.337696 0.936781 0.091666 -0.368801 0.042087 0.928555 194.894658 53.839330 441.032367
0.856837 -0.348348 0.380110 0.336346 0.936416 0.099983 -0.390769 0.042180 0.919522 195.180888 53.896334 441.703058
0.846434 -0.349088 0.402103 0.335090 0.936059 0.107275 -0.413840 0.043940 0.909288 195.508732 53.971103 442.409417
0.836678 -0.350452 0.420895 0.335237 0.935400 0.112445 -0.433112 0.047020 0.900113 195.810713 54.041010 443.004971
0.825767 -0.352075 0.440627 0.334704 0.934703 0.119597 -0.453963 0.048721 0.889688 196.140923 54.117589 443.643261
0.814531 -0.353942 0.459635 0.334270 0.933910 0.126789 -0.474134 0.050369 0.879011 196.526114 54.214533 444.349447
0.802296 -0.355086 0.479828 0.331802 0.933491 0.136019 -0.496213 0.050080 0.866755 196.878256 54.304479 444.970130
0.790089 -0.356024 0.499005 0.329569 0.933098 0.143919 -0.516860 0.050748 0.854565 197.224798 54.394912 445.528886
0.776798 -0.357653 0.518334 0.327402 0.932458 0.152742 -0.537953 0.051054 0.841428 197.623569 54.500868 446.143502
0.764746 -0.358968 0.535076 0.325492 0.931911 0.159991 -0.556075 0.051810 0.829516 198.020585 54.606846 446.726169
0.753841 -0.359411 0.550044 0.323179 0.931689 0.165866 -0.572084 0.052726 0.818499 198.417679 54.718334 447.288075
0.742175 -0.359276 0.565771 0.320326 0.931667 0.171426 -0.588699 0.054003 0.806546 198.842465 54.841869 447.875327
0.731219 -0.359207 0.579905 0.318162 0.931582 0.175863 -0.603400 0.055909 0.795476 199.190118 54.942166 448.339344
0.720610 -0.359791 0.592681 0.317016 0.931211 0.179854 -0.616621 0.058285 0.785100 199.584599 55.050198 448.850922
0.711853 -0.359426 0.603389 0.315231 0.931239 0.182823 -0.627611 0.060064 0.776207 200.013649 55.165771 449.383970
0.702346 -0.359714 0.614260 0.314166 0.930976 0.185967 -0.638756 0.062367 0.766878 200.470400 55.287257 449.928640
0.693677 -0.360254 0.623722 0.313031 0.930666 0.189401 -0.648709 0.063861 0.758352 200.944036 55.413848 450.480226
0.685788 -0.360046 0.632504 0.312186 0.930575 0.191233 -0.657445 0.066314 0.750579 201.381380 55.533414 450.976011
0.678794 -0.359700 0.640199 0.310484 0.930638 0.193684 -0.665461 0.067300 0.743392 201.841194 55.656923 451.497088
0.671263 -0.358931 0.648517 0.307679 0.930923 0.196763 -0.674344 0.067455 0.735330 202.321240 55.785283 452.032650
0.661557 -0.358429 0.658689 0.304981 0.931051 0.200327 -0.685076 0.068360 0.725257 202.788295 55.915371 452.536729
0.652348 -0.357165 0.668487 0.300614 0.931590 0.204381 -0.695754 0.067629 0.715089 203.340012 56.074039 453.112953
0.643074 -0.357516 0.677228 0.297323 0.931524 0.209433 -0.705730 0.066675 0.705337 203.931722 56.240148 453.720140
0.631118 -0.358151 0.688054 0.293769 0.931311 0.215314 -0.717907 0.066241 0.692980 204.506334 56.400466 454.277993
0.618887 -0.357717 0.699298 0.290085 0.931433 0.219735 -0.729952 0.066865 0.680220 205.159577 56.586848 454.892941
0.606460 -0.357626 0.710148 0.288511 0.931245 0.222583 -0.740923 0.069898 0.667942 205.790716 56.771699 455.472491
0.595074 -0.356454 0.720297 0.287157 0.931399 0.223687 -0.750619 0.073728 0.656609 206.398371 56.954070 456.011013
0.583517 -0.353910 0.730928 0.283696 0.932175 0.224871 -0.760937 0.076145 0.644342 206.954742 57.117088 456.491353
0.570908 -0.351262 0.742078 0.279605 0.933009 0.226529 -0.771936 0.078162 0.630877 207.569082 57.295168 456.994876
0.555398 -0.350746 0.753996 0.274953 0.933157 0.231557 -0.784815 0.078707 0.614712 208.169697 57.462323 457.468067
0.539893 -0.351286 0.764927 0.269347 0.933070 0.238396 -0.797476 0.077322 0.598376 208.803222 57.642740 457.954770
0.525643 -0.352747 0.774125 0.264848 0.932613 0.245130 -0.808428 0.076175 0.583645 209.461534 57.834110 458.433305
0.508277 -0.353517 0.785290 0.260800 0.932229 0.250863 -0.820755 0.077297 0.566027 210.079578 58.015485 458.854647
0.490335 -0.353766 0.796505 0.256333 0.932028 0.256158 -0.832985 0.078568 0.547688 210.634308 58.184270 459.222406
0.474795 -0.354195 0.805677 0.251622 0.931861 0.261385 -0.843360 0.078622 0.531566 211.259250 58.374307 459.625256
0.459163 -0.354697 0.814469 0.248322 0.931530 0.265683 -0.852939 0.080259 0.515804 211.899072 58.561579 460.012589
0.441889 -0.355300 0.823709 0.243944 0.931212 0.270803 -0.863264 0.081274 0.498166 212.504226 58.744820 460.357759
0.424538 -0.356053 0.832462 0.239558 0.930837 0.275960 -0.873144 0.082267 0.480471 213.131591 58.933946 460.706351
0.405738 -0.358464 0.840762 0.234072 0.929956 0.283534 -0.883508 0.081758 0.461225 213.882159 59.163494 461.104141
0.389290 -0.361476 0.847224 0.229539 0.928834 0.290825 -0.892057 0.081255 0.444559 214.715577 59.428014 461.527240
0.376054 -0.361790 0.853048 0.227001 0.928541 0.293737 -0.898362 0.083182 0.431309 215.472868 59.673227 461.897451
0.362907 -0.362641 0.858365 0.223217 0.928177 0.297761 -0.904695 0.083542 0.417790 216.260939 59.930905 462.272741
0.348743 -0.365863 0.862857 0.218840 0.926996 0.304609 -0.911311 0.082598 0.403349 217.083623 60.199438 462.645427
0.335423 -0.369856 0.866428 0.213427 0.925630 0.312503 -0.917573 0.080098 0.389415 217.967326 60.497196 463.037076
0.320586 -0.373069 0.870657 0.209024 0.924376 0.319122 -0.923869 0.079682 0.374322 218.857732 60.802618 463.410944
0.302374 -0.375501 0.876110 0.202516 0.923459 0.325900 -0.931427 0.078883 0.355275 219.754683 61.118099 463.768689
0.285044 -0.379013 0.880397 0.195995 0.922142 0.333527 -0.938262 0.077483 0.337135 220.645851 61.430510 464.103687
0.266174 -0.382718 0.884691 0.189352 0.920678 0.341316 -0.945144 0.076669 0.317530 221.474415 61.728972 464.388663
0.247255 -0.387435 0.888121 0.181822 0.918850 0.350221 -0.951738 0.074886 0.297634 222.257728 62.010236 464.638379
0.229503 -0.392048 0.890857 0.175788 0.916932 0.358237 -0.957302 0.074386 0.279356 223.092489 62.323549 464.891024
0.211472 -0.394892 0.894058 0.170023 0.915662 0.364219 -0.962482 0.074988 0.260777 223.854775 62.609367 465.104164
0.192469 -0.396234 0.897750 0.163606 0.915007 0.368775 -0.967568 0.075900 0.240937 224.608368 62.888471 465.296705
0.171565 -0.395920 0.902116 0.156783 0.914996 0.371755 -0.972617 0.077656 0.219055 225.248215 63.127270 465.438052
0.148631 -0.397243 0.905598 0.148964 0.914313 0.376618 -0.977609 0.078924 0.195070 225.943106 63.395063 465.569138
0.127050 -0.401196 0.907138 0.143198 0.912388 0.383462 -0.981505 0.081182 0.173369 226.648809 63.674769 465.685950
0.109606 -0.404181 0.908088 0.137943 0.910937 0.388799 -0.984357 0.082649 0.155598 227.377145 63.966772 465.797098
0.090846 -0.406986 0.908906 0.133319 0.909434 0.393897 -0.986901 0.085390 0.136878 228.119511 64.266224 465.893491
0.068781 -0.411117 0.908984 0.126488 0.907382 0.400822 -0.989581 0.087407 0.114412 228.953961 64.613141 465.986819
0.047126 -0.413346 0.909354 0.119230 0.906185 0.405726 -0.991748 0.089302 0.091988 229.749945 64.945416 466.049362
0.021932 -0.413702 0.910148 0.110792 0.905765 0.409041 -0.993602 0.091866 0.065700 230.496870 65.261880 466.092269
-0.001637 -0.413190 0.910644 0.102023 0.905824 0.411186 -0.994781 0.093580 0.040672 231.132151 65.527272 466.105131
-0.024863 -0.413450 0.910187 0.092770 0.905586 0.413894 -0.995377 0.094729 0.015840 231.813800 65.816701 466.104015
-0.047163 -0.414537 0.908809 0.084145 0.904939 0.417139 -0.995337 0.096145 -0.007799 232.557842 66.141718 466.088326
-0.072836 -0.415939 0.906471 0.075037 0.904024 0.420845 -0.994517 0.098672 -0.034635 233.300119 66.469024 466.039937
-0.099154 -0.418463 0.902805 0.065971 0.902515 0.425574 -0.992883 0.101756 -0.061882 234.074581 66.815414 465.978670
-0.123785 -0.421238 0.898463 0.057838 0.900825 0.430313 -0.990622 0.105231 -0.087145 234.890245 67.185825 465.887643
-0.147219 -0.423354 0.893923 0.049386 0.899497 0.434127 -0.987870 0.108059 -0.111515 235.734123 67.566915 465.777842
-0.169512 -0.426328 0.888544 0.042514 0.897589 0.438778 -0.984611 0.112154 -0.134027 236.613372 67.977686 465.636237
-0.191914 -0.427466 0.883426 0.035386 0.896559 0.441508 -0.980774 0.115993 -0.156936 237.391357 68.351975 465.489643
-0.213438 -0.428044 0.878193 0.026858 0.895996 0.443249 -0.976587 0.118193 -0.179744 238.209278 68.754384 465.322883
-0.235337 -0.429928 0.871653 0.016926 0.894893 0.445960 -0.971766 0.119704 -0.203324 239.013396 69.146894 465.134808
-0.255924 -0.432727 0.864436 0.006024 0.893485 0.449052 -0.966678 0.120131 -0.226058 239.824672 69.550031 464.930332
-0.274837 -0.436648 0.856623 -0.001384 0.891111 0.453783 -0.961490 0.123531 -0.245515 240.630424 69.954751 464.687308
-0.291986 -0.439295 0.849567 -0.006748 0.889200 0.457469 -0.956399 0.127842 -0.262598 241.516288 70.410897 464.399541
-0.308637 -0.440770 0.842891 -0.011298 0.887789 0.460112 -0.951113 0.132484 -0.278985 242.374237 70.859678 464.102810
-0.322469 -0.441466 0.837330 -0.015690 0.886956 0.461588 -0.946450 0.135710 -0.292943 243.272102 71.334511 463.784036
-0.337925 -0.443098 0.830344 -0.022706 0.885825 0.463464 -0.940899 0.137763 -0.309403 244.234317 71.846120 463.420984
-0.352461 -0.443244 0.824201 -0.028811 0.885441 0.463857 -0.935383 0.139745 -0.324853 245.165254 72.349538 463.047562
-0.364893 -0.445311 0.817650 -0.034243 0.884027 0.466180 -0.930420 0.142107 -0.337824 246.054720 72.839719 462.676918
-0.378537 -0.447234 0.810365 -0.040916 0.882745 0.468067 -0.924681 0.144023 -0.352451 246.870469 73.288652 462.315227
-0.389750 -0.448363 0.804404 -0.043457 0.881459 0.470256 -0.919895 0.148325 -0.363034 247.789786 73.806681 461.891441
-0.396936 -0.448987 0.800532 -0.045690 0.880770 0.471335 -0.916708 0.150513 -0.370124 248.685776 74.311626 461.472307
-0.407513 -0.450203 0.794513 -0.050150 0.879752 0.472780 -0.911822 0.152819 -0.381088 249.660899 74.866846 461.006697
-0.417687 -0.451877 0.788254 -0.055660 0.878653 0.474206 -0.906884 0.154195 -0.392154 250.542806 75.368769 460.564265
-0.427907 -0.452958 0.782128 -0.060179 0.877714 0.475391 -0.901817 0.156355 -0.402839 251.337130 75.828761 460.145551
-0.440777 -0.453071 0.774882 -0.066733 0.877418 0.475063 -0.895133 0.157687 -0.416980 252.091487 76.261925 459.737219
-0.453370 -0.452988 0.767631 -0.073640 0.877319 0.474224 -0.888275 0.158471 -0.431108 252.812348 76.682580 459.336310
-0.461837 -0.454842 0.761463 -0.078989 0.876184 0.475460 -0.883441 0.159438 -0.440582 253.487548 77.081734 458.945457
-0.470264 -0.457151 0.754894 -0.081934 0.874300 0.478420 -0.878714 0.163132 -0.448608 254.258945 77.546807 458.479891
-0.477663 -0.459457 0.748824 -0.084945 0.872507 0.481160 -0.874427 0.166223 -0.455793 255.072754 78.044488 457.979721
-0.485158 -0.461120 0.742960 -0.086771 0.870848 0.483833 -0.870111 0.170268 -0.462511 255.937990 78.579987 457.437724
-0.489637 -0.463911 0.738270 -0.088565 0.868793 0.487190 -0.867417 0.173161 -0.466480 256.831307 79.130952 456.876593
-0.492790 -0.464987 0.735489 -0.088055 0.867556 0.489483 -0.865681 0.176449 -0.468467 257.612147 79.619364 456.380201
-0.494021 -0.465654 0.734241 -0.087164 0.866759 0.491051 -0.865070 0.178590 -0.468785 258.408358 80.120626 455.874322
-0.496023 -0.466610 0.732281 -0.086231 0.865644 0.493179 -0.864017 0.181483 -0.469616 259.187392 80.624722 455.373567
-0.496541 -0.468214 0.730905 -0.083634 0.863933 0.496614 -0.863975 0.185460 -0.468137 260.018430 81.166688 454.833446
-0.497146 -0.470573 0.728977 -0.082085 0.861897 0.500395 -0.863775 0.188931 -0.467116 260.804394 81.680679 454.325378
-0.497735 -0.472285 0.727466 -0.078247 0.859774 0.504645 -0.863792 0.194257 -0.464894 261.608503 82.212915 453.804956
-0.496738 -0.473785 0.727172 -0.075967 0.858372 0.507373 -0.864570 0.196790 -0.462378 262.474386 82.787384 453.250943
-0.496289 -0.474860 0.726777 -0.073507 0.857127 0.509834 -0.865040 0.199602 -0.460288 263.313874 83.351089 452.715274
-0.495511 -0.477997 0.725250 -0.073734 0.855097 0.513199 -0.865467 0.200820 -0.458954 264.239686 83.975873 452.135289
-0.494666 -0.480551 0.724138 -0.073322 0.853326 0.516196 -0.865984 0.202250 -0.457347 265.177011 84.616029 451.545320
-0.494373 -0.482292 0.723180 -0.072400 0.851914 0.518652 -0.866230 0.204050 -0.456081 266.003079 85.191755 451.020771
-0.495378 -0.482758 0.722181 -0.072573 0.851451 0.519389 -0.865641 0.204883 -0.456825 266.814877 85.752658 450.511739
-0.494117 -0.482332 0.723328 -0.070656 0.851517 0.519545 -0.866519 0.205608 -0.454829 267.562125 86.272180 450.039492
-0.492099 -0.482693 0.724463 -0.068036 0.850979 0.520774 -0.867877 0.206982 -0.451606 268.226772 86.727711 449.623907
-0.491415 -0.482771 0.724875 -0.065215 0.850365 0.522136 -0.868481 0.209312 -0.449366 269.001108 87.262659 449.139933
-0.490531 -0.484499 0.724320 -0.063946 0.848964 0.524568 -0.869074 0.210999 -0.447425 269.863933 87.863050 448.597420
-0.489371 -0.487681 0.722969 -0.064478 0.846985 0.527693 -0.869689 0.211622 -0.445934 270.765146 88.487220 448.053327
-0.487188 -0.490454 0.722567 -0.062734 0.844918 0.531204 -0.871041 0.213467 -0.442402 271.641622 89.099454 447.515744
-0.486181 -0.492086 0.722135 -0.059640 0.843134 0.534386 -0.871820 0.216740 -0.439264 272.568278 89.758964 446.945094
-0.483072 -0.494486 0.722582 -0.057807 0.841471 0.537201 -0.873670 0.217737 -0.435076 273.461502 90.394907 446.402206
-0.481499 -0.494325 0.723742 -0.053633 0.840839 0.538622 -0.874804 0.220529 -0.431375 274.379085 91.050054 445.850160
-0.479930 -0.494450 0.724697 -0.050973 0.840368 0.539614 -0.875825 0.222037 -0.428521 275.184822 91.626596 445.359838
-0.479688 -0.494838 0.724593 -0.049090 0.839646 0.540911 -0.876065 0.223899 -0.427060 276.004612 92.212795 444.872263
-0.478250 -0.497107 0.723990 -0.047172 0.837730 0.544043 -0.876956 0.226037 -0.424094 276.854748 92.815329 444.380168
-0.477004 -0.499997 0.722821 -0.045782 0.835433 0.547682 -0.877708 0.228154 -0.421396 277.715928 93.440317 443.877231
-0.475260 -0.501396 0.723000 -0.042862 0.833954 0.550167 -0.878801 0.230483 -0.417836 278.599706 94.076009 443.369013
-0.473649 -0.502165 0.723524 -0.040419 0.833049 0.551720 -0.879786 0.232077 -0.414870 279.407885 94.674771 442.897546
-0.471670 -0.500529 0.725946 -0.039122 0.834347 0.549850 -0.880907 0.230947 -0.413118 280.191936 95.249829 442.449786
-0.471597 -0.499255 0.726870 -0.038504 0.835162 0.548654 -0.880973 0.230756 -0.413084 281.030233 95.859132 441.978172
-0.471545 -0.501502 0.725356 -0.037967 0.833329 0.551471 -0.881024 0.232504 -0.411993 281.907445 96.500804 441.481308
-0.469622 -0.504676 0.724402 -0.036687 0.830957 0.555126 -0.882105 0.234123 -0.408750 282.768855 97.135415 440.990694
-0.468361 -0.506883 0.723676 -0.035351 0.829162 0.557889 -0.882829 0.235711 -0.406267 283.588104 97.742161 440.524429
-0.467032 -0.508230 0.723590 -0.035221 0.828361 0.559086 -0.883538 0.235626 -0.404772 284.379415 98.327030 440.077851
-0.465374 -0.510446 0.723099 -0.034247 0.826728 0.561559 -0.884451 0.236571 -0.402219 285.119211 98.877191 439.666256
-0.463811 -0.512743 0.722477 -0.032338 0.824753 0.564568 -0.885344 0.238490 -0.399111 285.921734 99.474172 439.217952
-0.461156 -0.514598 0.722858 -0.030559 0.823382 0.566664 -0.886793 0.239231 -0.395433 286.707049 100.055682 438.784220
-0.459453 -0.515941 0.722985 -0.028208 0.822053 0.568712 -0.887754 0.240902 -0.392249 287.479689 100.624737 438.358571
-0.458369 -0.517457 0.722590 -0.026839 0.820718 0.570703 -0.888357 0.242199 -0.390079 288.257034 101.202002 437.932081
-0.459195 -0.519420 0.720654 -0.026631 0.818926 0.573281 -0.887936 0.244056 -0.389879 289.067728 101.811742 437.490779
-0.458792 -0.521625 0.719317 -0.025032 0.816812 0.576360 -0.888191 0.246424 -0.387804 289.911718 102.453835 437.026744
-0.455786 -0.523766 0.719672 -0.021936 0.814904 0.579181 -0.889819 0.248196 -0.382912 290.771457 103.106862 436.570401
-0.452387 -0.525542 0.720522 -0.019826 0.813648 0.581019 -0.891601 0.248561 -0.378503 291.644715 103.771459 436.113172
-0.450364 -0.526098 0.721383 -0.019568 0.813581 0.581122 -0.892631 0.247600 -0.376702 292.428123 104.378402 435.710534
-0.449070 -0.528810 0.720205 -0.021413 0.812191 0.582999 -0.893240 0.246385 -0.376054 293.375351 105.101889 435.228779
-0.448301 -0.531682 0.718568 -0.021675 0.810103 0.585887 -0.893620 0.247079 -0.374694 294.327316 105.842971 434.732742
-0.448124 -0.531500 0.718813 -0.018965 0.809539 0.586760 -0.893770 0.249309 -0.372854 295.189274 106.520873 434.285768
-0.448056 -0.530828 0.719352 -0.017045 0.809566 0.586782 -0.893843 0.250649 -0.371779 296.077412 107.215429 433.830499
-0.448372 -0.530885 0.719113 -0.014689 0.808783 0.587924 -0.893726 0.253046 -0.370433 297.012716 107.946293 433.348002
-0.449739 -0.530397 0.718620 -0.011126 0.807846 0.589289 -0.893091 0.257031 -0.369221 297.926974 108.666499 432.876888
-0.450143 -0.531905 0.717251 -0.009269 0.805972 0.591882 -0.892908 0.259783 -0.367733 298.809469 109.365613 432.419016
-0.449569 -0.533538 0.716397 -0.007189 0.804151 0.594381 -0.893217 0.262065 -0.365357 299.705958 110.081570 431.955201
-0.447694 -0.534960 0.716511 -0.004441 0.802619 0.596475 -0.894176 0.263856 -0.361704 300.584089 110.785120 431.513325
-0.446217 -0.536586 0.716216 -0.003248 0.801275 0.598288 -0.894919 0.264640 -0.359285 301.453054 111.476448 431.080260
-0.445914 -0.537387 0.715804 -0.001598 0.800190 0.599745 -0.895074 0.266291 -0.357675 302.339040 112.184767 430.629853
-0.445414 -0.537553 0.715991 0.001800 0.799161 0.601115 -0.895323 0.269034 -0.354990 303.307173 112.963039 430.140327
-0.445420 -0.536555 0.716735 0.005191 0.798972 0.601345 -0.895307 0.271572 -0.353093 304.201905 113.681191 429.688533
-0.446419 -0.535773 0.716699 0.006999 0.798824 0.601524 -0.894797 0.273548 -0.352860 305.113401 114.409346 429.235959
-0.444531 -0.539130 0.715354 0.006566 0.796615 0.604452 -0.895739 0.273394 -0.350580 306.088231 115.185838 428.761817
-0.442094 -0.544164 0.713049 0.006782 0.792903 0.609310 -0.896943 0.274208 -0.346847 307.051589 115.957875 428.292971
-0.440798 -0.547085 0.711615 0.005564 0.791111 0.611647 -0.897589 0.273572 -0.345676 307.990173 116.724868 427.839623
-0.439069 -0.547419 0.712426 0.005524 0.791287 0.611420 -0.898436 0.272391 -0.344406 308.850405 117.434015 427.419860
-0.435954 -0.548546 0.713472 0.006918 0.790707 0.612155 -0.899942 0.271807 -0.340917 309.635305 118.083009 427.044327
-0.432505 -0.548962 0.715248 0.010086 0.790287 0.612654 -0.901575 0.272189 -0.336266 310.465498 118.761212 426.649133
-0.429214 -0.548714 0.717418 0.011377 0.790957 0.611766 -0.903131 0.270741 -0.333247 311.240201 119.382263 426.295821
-0.427332 -0.550292 0.717333 0.012974 0.789612 0.613469 -0.904002 0.271462 -0.330287 312.111676 120.088164 425.889344
-0.425812 -0.553369 0.715868 0.013605 0.787174 0.616581 -0.904709 0.272287 -0.327660 313.003997 120.810823 425.481488
-0.424093 -0.555948 0.714890 0.014282 0.785190 0.619090 -0.905506 0.272762 -0.325053 313.915811 121.558999 425.058765
-0.423540 -0.557259 0.714196 0.015241 0.783907 0.620691 -0.905749 0.273772 -0.323523 314.800798 122.293949 424.651975
-0.424018 -0.557585 0.713658 0.015671 0.783368 0.621360 -0.905518 0.274652 -0.323424 315.623482 122.983159 424.271705
-0.424880 -0.557792 0.712983 0.016328 0.782759 0.622111 -0.905102 0.275964 -0.323472 316.444451 123.669549 423.890089
-0.426066 -0.558529 0.711698 0.015990 0.781902 0.623196 -0.904551 0.276902 -0.324211 317.359341 124.428980 423.473595
-0.428726 -0.559933 0.708992 0.015668 0.780048 0.625524 -0.903299 0.279287 -0.325654 318.301942 125.228216 423.038323
-0.429943 -0.561892 0.706701 0.014520 0.778335 0.627681 -0.902739 0.280129 -0.326481 319.201504 125.994320 422.620098
-0.429794 -0.564543 0.704675 0.013588 0.776302 0.630214 -0.902824 0.280438 -0.325979 319.993728 126.674883 422.254985
-0.431120 -0.567163 0.701756 0.013104 0.773729 0.633382 -0.902199 0.282259 -0.326138 320.762887 127.350078 421.888577
-0.432151 -0.568788 0.699804 0.013409 0.771868 0.635641 -0.901701 0.284077 -0.325937 321.524838 128.011036 421.528731
-0.431534 -0.568716 0.700244 0.015582 0.771425 0.636130 -0.901962 0.285422 -0.324034 322.286311 128.674243 421.171682
-0.431252 -0.568850 0.700308 0.018366 0.770500 0.637175 -0.902045 0.287645 -0.321832 323.039626 129.328688 420.817975
-0.431536 -0.568202 0.700660 0.019815 0.770544 0.637079 -0.901878 0.288806 -0.321258 323.821032 130.007836 420.452970
-0.431807 -0.569025 0.699824 0.019492 0.769819 0.637965 -0.901756 0.289118 -0.321322 324.650029 130.735712 420.072675
-0.432557 -0.571815 0.697081 0.018891 0.767236 0.641086 -0.901409 0.290475 -0.321071 325.509120 131.493776 419.677159
-0.431612 -0.574299 0.695624 0.020065 0.764848 0.643899 -0.901836 0.291872 -0.318594 326.332197 132.217753 419.301222
-0.429136 -0.575515 0.696150 0.022418 0.763702 0.645180 -0.902962 0.292476 -0.314830 327.088326 132.884313 418.954614
-0.427855 -0.576637 0.696010 0.023697 0.762631 0.646399 -0.903537 0.293058 -0.312631 327.787327 133.500740 418.638408
-0.426946 -0.578549 0.694981 0.026145 0.760329 0.649011 -0.903899 0.295263 -0.309493 328.510298 134.138531 418.308482
-0.424694 -0.580023 0.695132 0.029521 0.758535 0.650963 -0.904856 0.296981 -0.305023 329.317883 134.862990 417.941381
-0.421550 -0.581424 0.695875 0.032166 0.757321 0.652250 -0.906234 0.297339 -0.300547 330.049914 135.522564 417.621954
-0.419265 -0.584312 0.694835 0.030789 0.755760 0.654125 -0.907341 0.295645 -0.298873 330.754529 136.153114 417.326586
-0.419026 -0.586641 0.693015 0.029585 0.754027 0.656177 -0.907492 0.295458 -0.298601 331.507040 136.835290 417.004435
-0.415474 -0.588693 0.693414 0.030724 0.752807 0.657524 -0.909086 0.294488 -0.294684 332.291212 137.544212 416.670955
-0.410502 -0.590457 0.694873 0.036015 0.750946 0.659381 -0.911148 0.295703 -0.286999 332.993458 138.179178 416.379606
-0.408467 -0.591673 0.695038 0.039132 0.749406 0.660953 -0.911934 0.297176 -0.282955 333.748757 138.858409 416.069871
-0.406176 -0.592294 0.695851 0.042745 0.748347 0.661929 -0.912794 0.298604 -0.278643 334.509668 139.550726 415.762733
-0.400461 -0.592761 0.698760 0.049702 0.747402 0.662510 -0.914965 0.300039 -0.269844 335.245325 140.223513 415.475969
-0.394079 -0.593894 0.701421 0.055918 0.746273 0.663287 -0.917374 0.300610 -0.260881 336.028561 140.925901 415.183426
-0.383426 -0.594959 0.706405 0.066697 0.745028 0.663691 -0.921160 0.301591 -0.245981 336.781095 141.603833 414.911957
-0.374259 -0.596027 0.710410 0.075318 0.744017 0.663902 -0.924260 0.301978 -0.233564 337.486044 142.230748 414.682280
-0.363900 -0.596421 0.715443 0.084074 0.743939 0.662938 -0.927636 0.301393 -0.220576 338.090814 142.763180 414.503007
-0.352751 -0.597141 0.720409 0.091001 0.744358 0.661551 -0.931282 0.298921 -0.208232 338.679345 143.274238 414.341745
-0.339163 -0.598527 0.725764 0.101509 0.743703 0.660759 -0.935235 0.297777 -0.191480 339.379549 143.882848 414.160282
-0.324299 -0.599710 0.731558 0.114239 0.742865 0.659621 -0.939031 0.297487 -0.172401 340.118376 144.510866 413.986527
-0.309911 -0.601106 0.736632 0.125677 0.742080 0.658425 -0.942423 0.296631 -0.154433 340.857264 145.140425 413.827242
-0.296244 -0.602743 0.740905 0.137750 0.740653 0.657616 -0.945127 0.296874 -0.136386 341.589695 145.755898 413.691420
-0.282297 -0.605814 0.743840 0.148963 0.738291 0.657827 -0.947691 0.296508 -0.118174 342.421768 146.463560 413.550783
-0.266979 -0.608586 0.747225 0.159301 0.736833 0.657039 -0.950445 0.294450 -0.099770 343.195337 147.114807 413.445029
-0.248523 -0.612325 0.750529 0.170289 0.735151 0.656167 -0.953540 0.290880 -0.078430 343.915732 147.720017 413.370988
-0.229652 -0.616534 0.753091 0.185073 0.731991 0.655696 -0.955515 0.289958 -0.053999 344.649578 148.325945 413.307788
-0.211463 -0.619671 0.755838 0.199449 0.729694 0.654038 -0.956819 0.289056 -0.030710 345.318010 148.867882 413.276019
-0.195394 -0.622544 0.757799 0.210683 0.728008 0.652394 -0.957828 0.287129 -0.011089 346.026755 149.444524 413.262974
-0.179968 -0.625062 0.759546 0.223661 0.725926 0.650390 -0.957908 0.286930 0.009159 346.769164 150.048525 413.269980
-0.163941 -0.627762 0.760946 0.236451 0.723889 0.648132 -0.957713 0.286182 0.029760 347.428137 150.577948 413.297585
-0.146849 -0.630131 0.762477 0.249596 0.722285 0.644986 -0.957150 0.285027 0.051211 348.131856 151.135057 413.348271
-0.132481 -0.631164 0.764252 0.261611 0.721441 0.641157 -0.956038 0.284878 0.069542 348.819573 151.686129 413.407386
-0.116239 -0.629060 0.768617 0.276639 0.722734 0.633345 -0.953918 0.286249 0.090013 349.513480 152.241563 413.484512
-0.104039 -0.627005 0.772036 0.288345 0.723895 0.626764 -0.951858 0.287821 0.105481 350.210185 152.784192 413.580536
-0.090319 -0.627396 0.773445 0.300152 0.723360 0.621819 -0.949606 0.288313 0.122981 350.964263 153.369878 413.692541
-0.072256 -0.630408 0.772893 0.315861 0.720570 0.617260 -0.946050 0.288728 0.147057 351.731318 153.960126 413.829180
-0.054856 -0.633385 0.771890 0.330114 0.718078 0.612689 -0.942346 0.288422 0.169698 352.555085 154.596033 414.003894
-0.034071 -0.636030 0.770912 0.345754 0.716228 0.606195 -0.937706 0.287199 0.195508 353.291643 155.150379 414.186815
-0.010703 -0.638767 0.769326 0.362650 0.714510 0.598299 -0.931864 0.285400 0.224001 353.897572 155.598725 414.374057
0.011507 -0.642211 0.766441 0.378307 0.712315 0.591178 -0.925609 0.283147 0.251149 354.489082 156.041701 414.570929
0.032979 -0.646556 0.762153 0.393935 0.709245 0.584626 -0.918547 0.280958 0.278091 355.172175 156.543955 414.814240
0.054532 -0.648936 0.758886 0.407979 0.708163 0.576245 -0.911361 0.278186 0.303370 355.934279 157.097257 415.110810
0.074484 -0.650026 0.756253 0.420995 0.707963 0.567055 -0.903999 0.276142 0.326390 356.648116 157.607950 415.413534
0.095333 -0.650015 0.753918 0.435021 0.708423 0.555782 -0.895359 0.274986 0.350306 357.331439 158.086139 415.731495
0.114637 -0.649325 0.751821 0.448397 0.709151 0.544101 -0.886453 0.274740 0.372450 357.983840 158.537251 416.055591
0.135103 -0.649452 0.748304 0.462680 0.709184 0.531965 -0.876170 0.274355 0.396301 358.586030 158.946316 416.379898
0.156910 -0.650844 0.742820 0.476727 0.708622 0.520178 -0.864934 0.272502 0.421465 359.176810 159.336117 416.711404
0.175324 -0.651906 0.737754 0.487688 0.708468 0.510131 -0.855232 0.270356 0.442138 359.797154 159.741913 417.077940
0.192257 -0.652172 0.733286 0.501099 0.707709 0.498044 -0.843764 0.271696 0.462865 360.447485 160.157841 417.477905
0.210335 -0.650825 0.729511 0.514257 0.708280 0.483611 -0.831444 0.273436 0.483668 361.050918 160.538655 417.879435
0.226067 -0.649253 0.726199 0.526190 0.708767 0.469865 -0.819767 0.275897 0.501859 361.631626 160.893104 418.278758
0.241087 -0.650021 0.720659 0.537621 0.707665 0.458447 -0.807985 0.276917 0.520074 362.260728 161.277357 418.727412
0.254192 -0.651257 0.715018 0.546288 0.706753 0.449522 -0.798095 0.276341 0.535425 362.895619 161.662224 419.194086
0.268527 -0.653351 0.707831 0.555906 0.705216 0.440045 -0.786678 0.275323 0.552571 363.582767 162.073268 419.724225
0.282455 -0.655452 0.700430 0.564544 0.703908 0.431050 -0.775571 0.273671 0.568854 364.250136 162.465854 420.252856
0.293718 -0.656459 0.694831 0.571987 0.703096 0.422478 -0.765873 0.273345 0.581998 364.911525 162.849827 420.794135
0.305403 -0.656685 0.689560 0.579596 0.702758 0.412553 -0.755512 0.273671 0.595236 365.520452 163.195432 421.309795
0.315885 -0.657595 0.683948 0.587624 0.701558 0.403130 -0.744926 0.274562 0.608030 366.126375 163.526690 421.828819
0.324962 -0.657469 0.679805 0.593981 0.701243 0.394266 -0.735926 0.275670 0.618401 366.764794 163.883973 422.395086
0.335127 -0.657154 0.675158 0.598777 0.701821 0.385893 -0.727431 0.274946 0.628688 367.419354 164.235840 422.992782
0.344963 -0.656949 0.670388 0.603245 0.702361 0.377868 -0.719094 0.274058 0.638589 368.120953 164.612451 423.647641
0.351021 -0.656706 0.667474 0.606934 0.702385 0.371870 -0.713033 0.274579 0.645129 368.860445 165.009172 424.343017
0.359077 -0.656248 0.663629 0.610421 0.703014 0.364908 -0.706010 0.274063 0.653023 369.610088 165.400695 425.065017
0.367445 -0.655700 0.659576 0.614154 0.703638 0.357362 -0.698425 0.273771 0.661250 370.372309 165.802285 425.812692
0.374736 -0.654943 0.656218 0.617764 0.704168 0.350023 -0.691332 0.274221 0.668477 371.007685 166.118194 426.455808
0.381400 -0.653400 0.653913 0.621193 0.705020 0.342150 -0.684583 0.275710 0.674782 371.638273 166.432449 427.099446
0.386362 -0.652209 0.652187 0.624945 0.705158 0.334958 -0.678357 0.278166 0.680041 372.240664 166.733438 427.729202
0.391548 -0.653043 0.648247 0.628026 0.704555 0.330433 -0.672513 0.277735 0.685995 372.901140 167.047762 428.419864
0.392677 -0.654238 0.646356 0.628907 0.703819 0.330325 -0.671029 0.276787 0.687829 373.536133 167.348974 429.089802
0.395342 -0.654972 0.643985 0.630190 0.703476 0.328605 -0.668255 0.275922 0.690871 374.234067 167.678230 429.821746
0.397968 -0.657390 0.639891 0.632701 0.701758 0.327452 -0.664312 0.274544 0.695208 374.950447 168.015372 430.578798
0.402315 -0.658205 0.636324 0.635186 0.701232 0.323749 -0.659304 0.273935 0.700198 375.604002 168.323548 431.285666
0.405936 -0.658635 0.633574 0.638143 0.700545 0.319391 -0.654209 0.274658 0.704679 376.274482 168.635183 432.008780
0.409699 -0.658344 0.631451 0.641275 0.700162 0.313909 -0.648778 0.276325 0.709035 376.934670 168.934530 432.726816
0.412139 -0.658210 0.630001 0.643429 0.699824 0.310235 -0.645089 0.277501 0.711936 377.568232 169.225066 433.424160
0.415752 -0.657732 0.628123 0.645826 0.699785 0.305303 -0.640359 0.278728 0.715717 378.180513 169.497074 434.102280
0.417691 -0.657697 0.626873 0.647461 0.699498 0.302484 -0.637439 0.279531 0.718007 378.823478 169.783949 434.823790
0.418774 -0.657794 0.626047 0.648053 0.699421 0.301395 -0.636126 0.279495 0.719184 379.490714 170.085662 435.574611
0.418381 -0.658879 0.625168 0.648756 0.698505 0.302004 -0.635667 0.279229 0.719693 380.138684 170.376442 436.301914
0.416060 -0.661218 0.624248 0.648942 0.696792 0.305540 -0.637000 0.277978 0.718999 380.722673 170.643000 436.952063
0.415191 -0.661946 0.624055 0.646330 0.697378 0.309710 -0.640214 0.274757 0.717381 381.383709 170.945627 437.691457
0.412304 -0.663460 0.624361 0.642925 0.697449 0.316563 -0.645487 0.270897 0.714116 382.027174 171.250679 438.411618
0.407610 -0.664014 0.626849 0.638155 0.698147 0.324576 -0.653155 0.267726 0.708315 382.608810 171.532398 439.053444
0.401782 -0.663754 0.630874 0.634035 0.698721 0.331342 -0.660735 0.266869 0.701577 383.145866 171.799447 439.641384
0.394735 -0.661976 0.637159 0.629338 0.700053 0.337430 -0.669416 0.267793 0.692942 383.691711 172.069722 440.229753
0.384733 -0.660054 0.645220 0.623271 0.701371 0.345851 -0.680819 0.269086 0.681233 384.268181 172.356190 440.826021
0.375606 -0.659213 0.651428 0.617113 0.702306 0.354878 -0.691442 0.268711 0.670599 384.888879 172.673508 441.457653
0.363552 -0.657933 0.659510 0.609937 0.703222 0.365315 -0.704135 0.269449 0.656956 385.479007 172.982902 442.032440
0.352007 -0.656402 0.667254 0.603769 0.703974 0.374009 -0.715230 0.271214 0.644119 386.097920 173.320762 442.619222
0.342800 -0.655599 0.672813 0.598670 0.704393 0.381347 -0.723935 0.272067 0.633954 386.695329 173.652112 443.173557
0.333728 -0.654841 0.678092 0.594477 0.704460 0.387728 -0.731589 0.273714 0.624386 387.290480 173.976727 443.703581
0.321840 -0.652017 0.686507 0.590290 0.705094 0.392937 -0.740254 0.278775 0.611807 387.876483 174.297050 444.201030
0.307088 -0.647755 0.697216 0.584381 0.706576 0.399061 -0.751130 0.284893 0.595516 388.430122 174.599326 444.659771
0.294679 -0.640917 0.708794 0.580030 0.709429 0.400345 -0.759427 0.293148 0.580805 388.948938 174.880639 445.084204
0.280547 -0.634424 0.720277 0.571870 0.713164 0.405416 -0.770882 0.298166 0.562884 389.449230 175.159704 445.471742
0.262346 -0.631178 0.729924 0.563155 0.714389 0.415338 -0.783601 0.302098 0.542868 389.987917 175.463175 445.853496
0.243677 -0.630898 0.736607 0.553286 0.714215 0.428686 -0.796553 0.303093 0.523104 390.507030 175.759084 446.208178
0.225246 -0.631919 0.741581 0.542132 0.713717 0.443510 -0.809542 0.302136 0.503345 391.032043 176.065678 446.547619
0.204353 -0.634555 0.745372 0.530563 0.711696 0.460426 -0.822644 0.301378 0.482109 391.565907 176.383219 446.872196
0.181241 -0.637131 0.749144 0.516946 0.709750 0.478563 -0.836611 0.300532 0.457998 392.175487 176.757010 447.231725
0.151701 -0.638948 0.754144 0.500086 0.707731 0.499029 -0.852584 0.301434 0.426893 392.741279 177.119804 447.532767
0.120406 -0.639311 0.759463 0.481622 0.706583 0.518440 -0.868068 0.303351 0.392983 393.291431 177.485930 447.792744
0.081635 -0.636448 0.766987 0.460704 0.706502 0.537222 -0.883792 0.309498 0.350890 393.824942 177.864434 448.005974
0.048236 -0.631602 0.773791 0.440395 0.708775 0.551081 -0.896508 0.314192 0.312343 394.361677 178.236384 448.203807
0.014378 -0.627581 0.778418 0.415914 0.711708 0.566115 -0.909290 0.315615 0.271253 394.914403 178.626028 448.386025
-0.022031 -0.625784 0.779685 0.389505 0.712880 0.583171 -0.920761 0.316539 0.228040 395.440307 179.019008 448.513099
-0.060223 -0.627480 0.776300 0.362102 0.711003 0.602791 -0.930191 0.317402 0.184393 396.085641 179.503392 448.643981
-0.094999 -0.629042 0.771545 0.337810 0.708689 0.619390 -0.936408 0.319477 0.145172 396.692966 179.987170 448.731073
-0.129545 -0.631986 0.764076 0.313598 0.704904 0.636213 -0.940678 0.322031 0.106873 397.284231 180.471768 448.795253
-0.162223 -0.636701 0.753854 0.288474 0.699996 0.653290 -0.943645 0.323446 0.070116 397.946243 181.040097 448.840705
-0.191479 -0.639022 0.744974 0.267183 0.696418 0.666045 -0.944431 0.326578 0.037386 398.653501 181.655757 448.866608
-0.222386 -0.640182 0.735331 0.244641 0.693447 0.677704 -0.943766 0.330604 0.002402 399.320461 182.249929 448.854410
-0.252717 -0.639609 0.725971 0.221530 0.692143 0.686922 -0.941838 0.334421 -0.033224 399.906465 182.796498 448.815882
-0.286278 -0.638074 0.714777 0.195551 0.691388 0.695516 -0.937979 0.338886 -0.073153 400.440881 183.317217 448.738728
-0.316620 -0.635803 0.703922 0.174270 0.690479 0.702046 -0.932406 0.344955 -0.107818 401.012344 183.896772 448.632177
-0.339879 -0.635338 0.693417 0.155024 0.689376 0.707621 -0.927604 0.348002 -0.135812 401.544862 184.437171 448.506233
-0.362636 -0.635775 0.681385 0.135830 0.687288 0.713572 -0.921979 0.351319 -0.162878 402.080114 184.995442 448.359034
-0.381748 -0.636789 0.669902 0.119528 0.684693 0.718963 -0.916505 0.354535 -0.185266 402.622446 185.568797 448.184359
-0.398527 -0.637493 0.659378 0.104623 0.682645 0.723222 -0.911170 0.357209 -0.205356 403.171239 186.165628 447.997575
-0.413074 -0.637181 0.650669 0.093964 0.680840 0.726380 -0.905837 0.361188 -0.221365 403.763581 186.815730 447.776313
-0.424592 -0.636965 0.643426 0.086269 0.678970 0.729080 -0.901265 0.365069 -0.233335 404.308013 187.428431 447.565986
-0.434721 -0.638616 0.634970 0.075069 0.676929 0.732211 -0.897431 0.365974 -0.246335 404.851793 188.044557 447.344915
-0.444582 -0.639262 0.627447 0.066446 0.675015 0.734806 -0.893270 0.368374 -0.257623 405.406174 188.684658 447.100552
-0.454259 -0.639684 0.620043 0.057913 0.673322 0.737078 -0.888986 0.370732 -0.268816 405.909651 189.273909 446.869080
-0.464447 -0.639956 0.612164 0.047641 0.672186 0.738848 -0.884319 0.372320 -0.281706 406.448417 189.914054 446.609361
-0.477457 -0.640645 0.601339 0.033423 0.670649 0.741022 -0.878019 0.373904 -0.298794 406.986228 190.564109 446.329750
-0.494786 -0.640583 0.587231 0.015970 0.668926 0.743157 -0.868868 0.377082 -0.320745 407.511193 191.204561 446.032410
-0.513369 -0.639189 0.572617 -0.002718 0.668462 0.743741 -0.858164 0.380257 -0.344905 407.996418 191.826350 445.715349
-0.533703 -0.636564 0.556728 -0.023878 0.669408 0.742511 -0.845335 0.382987 -0.372465 408.470154 192.454111 445.375065
-0.550861 -0.635095 0.541486 -0.045514 0.670694 0.740337 -0.833355 0.383177 -0.398365 408.925152 193.069440 445.034251
-0.571216 -0.634770 0.520364 -0.069858 0.669269 0.739729 -0.817821 0.386194 -0.426641 409.362681 193.687626 444.647319
-0.593461 -0.634741 0.494882 -0.095814 0.666208 0.739586 -0.799139 0.391499 -0.456185 409.787025 194.309748 444.233953
-0.614391 -0.633633 0.470141 -0.120258 0.664110 0.737900 -0.779783 0.396821 -0.484223 410.240954 194.996301 443.753637
-0.635256 -0.631400 0.444729 -0.145218 0.663234 0.734188 -0.758526 0.401815 -0.513014 410.676574 195.685331 443.235885
-0.655106 -0.629794 0.417368 -0.173733 0.663178 0.728019 -0.735291 0.404418 -0.543868 411.040563 196.309243 442.744839
-0.671880 -0.627602 0.393311 -0.197662 0.663704 0.721406 -0.713798 0.406956 -0.569982 411.376737 196.921800 442.231752
-0.687939 -0.625035 0.368878 -0.220309 0.664118 0.714430 -0.691522 0.410217 -0.594574 411.687733 197.521073 441.704111
-0.702821 -0.623446 0.342577 -0.245062 0.664291 0.706160 -0.667823 0.412352 -0.619660 411.924680 198.007087 441.252500
-0.718100 -0.620929 0.314292 -0.269734 0.664632 0.696784 -0.641542 0.415586 -0.644757 412.142295 198.496763 440.772735
-0.731366 -0.619188 0.285849 -0.292546 0.663462 0.688647 -0.616052 0.420029 -0.666375 412.323894 198.948339 440.304333
-0.743994 -0.615854 0.259224 -0.313819 0.664558 0.678145 -0.589908 0.423186 -0.687693 412.494420 199.412427 439.790595
-0.755372 -0.612618 0.232619 -0.334658 0.665843 0.666826 -0.563398 0.425854 -0.707977 412.640691 199.842330 439.287376
-0.763733 -0.610561 0.209589 -0.353469 0.667214 0.655657 -0.540159 0.426663 -0.725387 412.779080 200.267666 438.787213
-0.771133 -0.608878 0.186069 -0.372613 0.668574 0.643560 -0.516250 0.426938 -0.742435 412.906382 200.708015 438.258829
-0.777349 -0.607770 0.162309 -0.391187 0.669088 0.631897 -0.492647 0.427711 -0.757866 413.033864 201.189840 437.646539
-0.782229 -0.607471 0.138190 -0.408627 0.667728 0.622224 -0.470257 0.430254 -0.770545 413.155596 201.709000 436.983543
-0.787269 -0.605673 0.115620 -0.423491 0.667400 0.612562 -0.448177 0.433287 -0.781921 413.232557 202.131493 436.401592
-0.791757 -0.603586 0.093829 -0.437176 0.667218 0.603073 -0.426611 0.436468 -0.792148 413.303411 202.584253 435.767819
-0.795686 -0.601780 0.068878 -0.453217 0.666945 0.591420 -0.401843 0.439368 -0.803416 413.351596 202.994011 435.177221
-0.799000 -0.599888 0.041637 -0.470703 0.667020 0.577514 -0.374217 0.441835 -0.815318 413.377149 203.382237 434.593077
-0.801355 -0.598001 0.015006 -0.487580 0.667506 0.562763 -0.346549 0.443656 -0.826482 413.379195 203.729827 434.023935
-0.801738 -0.597579 -0.010738 -0.505193 0.667971 0.546438 -0.319367 0.443525 -0.837431 413.372222 204.131812 433.377247
-0.801495 -0.596901 -0.036258 -0.522004 0.668769 0.529395 -0.291748 0.443235 -0.847600 413.340874 204.518185 432.713535
-0.801401 -0.594825 -0.062773 -0.537469 0.670098 0.511952 -0.262458 0.444018 -0.856717 413.291936 204.897181 432.039086
-0.800921 -0.592376 -0.087269 -0.549831 0.669896 0.498924 -0.237089 0.447582 -0.862241 413.215085 205.255652 431.362379
-0.799249 -0.590508 -0.111806 -0.562038 0.668496 0.487058 -0.212870 0.452120 -0.866183 413.116973 205.664018 430.587708
-0.796416 -0.589628 -0.134388 -0.574149 0.667419 0.474242 -0.189934 0.454853 -0.870077 413.000142 206.080820 429.763255
-0.793338 -0.587980 -0.157780 -0.586284 0.668109 0.458150 -0.163969 0.455972 -0.874759 412.865482 206.459145 428.998379
-0.790543 -0.585942 -0.178082 -0.596202 0.669917 0.442442 -0.139945 0.455942 -0.878938 412.730195 206.772367 428.321383
-0.786663 -0.585023 -0.197253 -0.606187 0.671347 0.426415 -0.117038 0.455017 -0.882758 412.569377 207.110590 427.590519
-0.783034 -0.582679 -0.217584 -0.615010 0.673119 0.410699 -0.092846 0.455408 -0.885428 412.369247 207.454385 426.804943
-0.778772 -0.580998 -0.236549 -0.623350 0.674445 0.395675 -0.070348 0.455593 -0.887404 412.168691 207.747812 426.089525
-0.775393 -0.577932 -0.254481 -0.629674 0.677164 0.380735 -0.047714 0.455459 -0.888977 411.964993 208.008893 425.428194
-0.772033 -0.575451 -0.269855 -0.634924 0.678941 0.368661 -0.028930 0.455956 -0.889532 411.732136 208.293998 424.682049
-0.768312 -0.573609 -0.284024 -0.639969 0.680292 0.357271 -0.011715 0.456262 -0.889769 411.509796 208.540512 423.998741
-0.764144 -0.572754 -0.296710 -0.645038 0.680750 0.347138 0.003161 0.456653 -0.889639 411.267807 208.798300 423.294284
-0.760014 -0.571490 -0.309482 -0.649641 0.681655 0.336619 0.018586 0.456887 -0.889330 411.017930 209.038894 422.591928
-0.756503 -0.570237 -0.320208 -0.653213 0.682711 0.327442 0.031890 0.456875 -0.888959 410.750952 209.288834 421.869122
-0.752612 -0.569241 -0.330967 -0.656984 0.682851 0.319509 0.044124 0.457907 -0.887905 410.448418 209.562237 421.062164
-0.749136 -0.568433 -0.340117 -0.660213 0.682557 0.313425 0.053988 0.459348 -0.886614 410.139636 209.836151 420.237051
-0.746083 -0.565951 -0.350798 -0.662624 0.682890 0.307556 0.065495 0.461909 -0.884506 409.853813 210.072800 419.513847
-0.743577 -0.563281 -0.360288 -0.664432 0.682877 0.303659 0.074987 0.465181 -0.882034 409.528572 210.337420 418.701338
-0.743198 -0.560316 -0.365654 -0.664311 0.683044 0.303549 0.079675 0.468505 -0.879861 409.179471 210.614169 417.830984
-0.744497 -0.556692 -0.368535 -0.662456 0.684542 0.304227 0.082917 0.470634 -0.878424 408.848007 210.873359 417.026185
-0.745603 -0.554135 -0.370150 -0.660903 0.686034 0.304243 0.085344 0.471478 -0.877739 408.524928 211.128215 416.233978
-0.747009 -0.551926 -0.370614 -0.659045 0.688064 0.303690 0.087391 0.471110 -0.877735 408.191787 211.391850 415.428572
-0.747405 -0.550222 -0.372347 -0.658306 0.688883 0.303435 0.089547 0.471907 -0.877089 407.867650 211.646526 414.646558
-0.748054 -0.547069 -0.375674 -0.657249 0.689079 0.305277 0.091862 0.475275 -0.875029 407.512022 211.922853 413.802261
-0.749096 -0.544062 -0.377958 -0.656139 0.687976 0.310114 0.091304 0.480298 -0.872340 407.152956 212.214587 412.942897
-0.750703 -0.540589 -0.379747 -0.654376 0.687429 0.315013 0.090757 0.484979 -0.869804 406.781577 212.513150 412.061809
-0.751478 -0.538283 -0.381486 -0.653392 0.687328 0.317268 0.091426 0.487680 -0.868222 406.426520 212.796140 411.228464
-0.751854 -0.536721 -0.382944 -0.652884 0.687068 0.318872 0.091963 0.489763 -0.866992 406.057318 213.098529 410.378071
-0.752175 -0.535656 -0.383803 -0.652581 0.686370 0.320991 0.091490 0.491904 -0.865829 405.706372 213.387638 409.564115
-0.752780 -0.534064 -0.384834 -0.651835 0.686324 0.322599 0.091832 0.493695 -0.864773 405.380036 213.650024 408.814557
-0.753577 -0.531996 -0.386138 -0.650854 0.686269 0.324691 0.092260 0.495999 -0.863408 405.039427 213.925390 408.030938
-0.755040 -0.529982 -0.386049 -0.649406 0.685704 0.328758 0.090480 0.498928 -0.861907 404.714387 214.196252 407.273463
-0.757455 -0.527368 -0.384895 -0.647007 0.685266 0.334354 0.087428 0.502288 -0.860269 404.342097 214.504593 406.418091
-0.760683 -0.523692 -0.383547 -0.643545 0.685717 0.340061 0.084918 0.505509 -0.858632 404.000824 214.795857 405.635757
-0.763111 -0.520470 -0.383109 -0.640949 0.685405 0.345549 0.082737 0.509246 -0.856635 403.655124 215.103120 404.832760
-0.765627 -0.516622 -0.383298 -0.638149 0.685104 0.351279 0.081120 0.513550 -0.854216 403.304828 215.412646 404.036772
-0.767081 -0.514031 -0.383874 -0.636614 0.683966 0.356249 0.079434 0.517651 -0.851897 402.956943 215.726243 403.236034
-0.768251 -0.511127 -0.385409 -0.635165 0.683616 0.359491 0.079726 0.520978 -0.849839 402.624313 216.024316 402.477342
-0.769929 -0.507496 -0.386856 -0.633141 0.683181 0.363863 0.079633 0.525083 -0.847317 402.252356 216.364342 401.620900
-0.770585 -0.505193 -0.388559 -0.632480 0.681283 0.368541 0.078534 0.529749 -0.844511 401.898294 216.691099 400.812592
-0.770802 -0.503938 -0.389758 -0.632317 0.679795 0.371556 0.077714 0.532847 -0.842636 401.549155 217.016759 400.036793
-0.771795 -0.501572 -0.390842 -0.631111 0.679298 0.374503 0.077658 0.535705 -0.840827 401.197429 217.343930 399.265690
-0.772829 -0.498071 -0.393270 -0.629779 0.678279 0.378570 0.078192 0.540243 -0.837868 400.829481 217.686758 398.464279
-0.774382 -0.494068 -0.395259 -0.627977 0.676491 0.384715 0.077314 0.546130 -0.834125 400.453761 218.040371 397.634409
-0.775294 -0.491875 -0.396205 -0.627054 0.674563 0.389575 0.075643 0.550477 -0.831416 400.109829 218.372296 396.870629
-0.777125 -0.489875 -0.395094 -0.625124 0.673444 0.394580 0.072779 0.553621 -0.829582 399.713595 218.755804 396.001306
-0.779447 -0.488209 -0.392575 -0.622615 0.673093 0.399121 0.069385 0.555516 -0.828606 399.307926 219.151739 395.114178
-0.780827 -0.487752 -0.390394 -0.621293 0.671852 0.403249 0.065602 0.557417 -0.827637 398.880031 219.589362 394.162947
-0.783208 -0.486416 -0.387278 -0.618603 0.672293 0.406636 0.062570 0.558052 -0.827443 398.486103 219.991525 393.289266
-0.785456 -0.485015 -0.384473 -0.615963 0.673215 0.409111 0.060408 0.558160 -0.827531 398.088760 220.408585 392.408820
-0.786791 -0.485062 -0.381674 -0.614474 0.673839 0.410321 0.058156 0.557366 -0.828228 397.715265 220.806885 391.572964
-0.788364 -0.485108 -0.378354 -0.612732 0.674274 0.412207 0.055149 0.556799 -0.828815 397.353436 221.192978 390.772702
-0.789885 -0.484579 -0.375853 -0.611095 0.673348 0.416132 0.051430 0.558378 -0.827991 396.985170 221.591815 389.934566
-0.791108 -0.483519 -0.374643 -0.609815 0.671203 0.421441 0.047687 0.561868 -0.825851 396.602682 222.016946 389.053939
-0.792357 -0.482862 -0.372847 -0.608561 0.668401 0.427660 0.042711 0.565760 -0.823463 396.207908 222.468080 388.143806
-0.794819 -0.479435 -0.372029 -0.605532 0.666905 0.434245 0.039916 0.570421 -0.820382 395.784156 222.951519 387.180056
-0.797678 -0.476946 -0.369097 -0.602089 0.664943 0.441972 0.034632 0.574781 -0.817574 395.371727 223.446345 386.225360
-0.802279 -0.474925 -0.361656 -0.596437 0.662830 0.452679 0.024727 0.578880 -0.815038 395.035778 223.864832 385.423421
-0.808479 -0.473309 -0.349773 -0.588410 0.661837 0.464484 0.011648 0.581335 -0.813581 394.703868 224.309225 384.592757
-0.815956 -0.472303 -0.333384 -0.578093 0.661692 0.477465 -0.004911 0.582318 -0.812947 394.385545 224.765613 383.791861
-0.821511 -0.471940 -0.319986 -0.569895 0.661502 0.487478 -0.018389 0.582827 -0.812388 394.067562 225.242771 382.965463
-0.826380 -0.470590 -0.309259 -0.562351 0.661110 0.496684 -0.029280 0.584362 -0.810965 393.720492 225.787071 382.029822
-0.829799 -0.469931 -0.300997 -0.556723 0.659725 0.504799 -0.038645 0.586453 -0.809061 393.429056 226.283017 381.201537
-0.833576 -0.467507 -0.294259 -0.550499 0.658822 0.512742 -0.045847 0.589399 -0.806540 393.163762 226.749521 380.428584
-0.837854 -0.464933 -0.286075 -0.543153 0.657555 0.522117 -0.054640 0.592840 -0.803464 392.933204 227.169788 379.747789
-0.842549 -0.462304 -0.276382 -0.534794 0.656980 0.531388 -0.064085 0.595528 -0.800775 392.690318 227.634395 379.004594
-0.847151 -0.461121 -0.264013 -0.525848 0.656225 0.541158 -0.076288 0.597273 -0.798401 392.467612 228.096745 378.293764
-0.851366 -0.459032 -0.253899 -0.517357 0.654753 0.551036 -0.086702 0.600490 -0.794918 392.258343 228.554732 377.591550
-0.854519 -0.458173 -0.244694 -0.510212 0.652081 0.560780 -0.097374 0.604043 -0.790980 392.030390 229.085409 376.804668
-0.857489 -0.457421 -0.235540 -0.503265 0.650544 0.568786 -0.106945 0.606267 -0.788038 391.813839 229.625099 376.024382
-0.860619 -0.457341 -0.223997 -0.495305 0.649502 0.576905 -0.118356 0.607442 -0.785497 391.617138 230.148324 375.287723
-0.863304 -0.457240 -0.213631 -0.488017 0.648427 0.584280 -0.128631 0.608667 -0.782930 391.420825 230.698652 374.523410
-0.865537 -0.456728 -0.205536 -0.481851 0.647420 0.590481 -0.136621 0.610121 -0.780440 391.224469 231.286586 373.725500
-0.867938 -0.454955 -0.199247 -0.475577 0.645594 0.597524 -0.143214 0.613371 -0.776702 391.030455 231.883169 372.925917
-0.870358 -0.453621 -0.191587 -0.468634 0.643586 0.605127 -0.151195 0.616462 -0.772732 390.867277 232.424987 372.206845
-0.873962 -0.451115 -0.180790 -0.458805 0.643174 0.613046 -0.160275 0.618727 -0.769084 390.712104 232.968671 371.491284
-0.877881 -0.448914 -0.166737 -0.446913 0.642941 0.622010 -0.172027 0.620567 -0.765051 390.592582 233.450173 370.865665
-0.881796 -0.447017 -0.150373 -0.433570 0.642845 0.631481 -0.185616 0.622034 -0.760671 390.486827 233.942483 370.251618
-0.883955 -0.446996 -0.137177 -0.424327 0.643673 0.636891 -0.196390 0.621192 -0.758651 390.381274 234.447385 369.629395
-0.885755 -0.448072 -0.121119 -0.413897 0.644385 0.643007 -0.210066 0.619678 -0.756222 390.298139 234.945093 369.023607
-0.887341 -0.448300 -0.107952 -0.404322 0.643874 0.649576 -0.221698 0.620043 -0.752593 390.208219 235.522425 368.342450
-0.888983 -0.447597 -0.096780 -0.395206 0.643102 0.655921 -0.231349 0.621350 -0.748600 390.120846 236.139192 367.613720
-0.890659 -0.446247 -0.087122 -0.387057 0.643617 0.660260 -0.238566 0.621788 -0.745967 390.049701 236.684403 366.966907
-0.892268 -0.444546 -0.078971 -0.379545 0.643762 0.664467 -0.244548 0.622856 -0.743133 389.975128 237.317298 366.222690
-0.893171 -0.444330 -0.069405 -0.371810 0.642776 0.669774 -0.252989 0.624027 -0.739315 389.907884 237.990932 365.447285
-0.893899 -0.443931 -0.062202 -0.365567 0.641626 0.674297 -0.259431 0.625493 -0.735836 389.852479 238.677272 364.666263
-0.894811 -0.443203 -0.053713 -0.357563 0.639415 0.680659 -0.267326 0.628267 -0.730628 389.809789 239.333257 363.941919
-0.895541 -0.442738 -0.044608 -0.349034 0.636727 0.687571 -0.276011 0.631318 -0.724746 389.784909 239.965787 363.242949
-0.895841 -0.442938 -0.035705 -0.341427 0.634648 0.693289 -0.284424 0.633267 -0.719775 389.779516 240.632822 362.514675
-0.896416 -0.442375 -0.027240 -0.334026 0.633906 0.697560 -0.291315 0.634403 -0.716009 389.766457 241.246952 361.861425
-0.897068 -0.441514 -0.018264 -0.325987 0.633304 0.701896 -0.298330 0.635603 -0.712045 389.759650 241.894210 361.174787
-0.897335 -0.441236 -0.010062 -0.318912 0.632471 0.705886 -0.305098 0.636625 -0.708254 389.758428 242.546568 360.485611
-0.897239 -0.441539 -0.002389 -0.312189 0.630546 0.710598 -0.312250 0.638322 -0.703594 389.764051 243.173947 359.838649
-0.897017 -0.441964 0.005257 -0.305347 0.628248 0.715589 -0.319567 0.640290 -0.698502 389.780151 243.802677 359.199265
-0.896644 -0.442595 0.011828 -0.299474 0.625940 0.720080 -0.326107 0.642113 -0.693790 389.794582 244.448575 358.546611
-0.896609 -0.442433 0.018587 -0.292419 0.623077 0.725442 -0.332541 0.645002 -0.688033 389.819322 245.110600 357.889769
-0.897116 -0.441065 0.025389 -0.284632 0.620974 0.730326 -0.337887 0.647961 -0.682627 389.845657 245.789534 357.222275
-0.897299 -0.440120 0.033902 -0.276023 0.619360 0.734986 -0.344479 0.650145 -0.677234 389.878410 246.446079 356.580360
-0.897562 -0.438990 0.040853 -0.269119 0.618915 0.737915 -0.349223 0.651331 -0.673656 389.924556 247.173708 355.883673
-0.897347 -0.438776 0.047382 -0.263212 0.618272 0.740580 -0.354243 0.652085 -0.670296 389.974006 247.892640 355.211739
-0.897911 -0.437055 0.052334 -0.257503 0.617977 0.742830 -0.357000 0.653519 -0.667431 390.024559 248.593505 354.564341
-0.897856 -0.436402 0.058374 -0.251432 0.617041 0.745683 -0.361436 0.654839 -0.663739 390.082082 249.282980 353.934535
-0.897718 -0.435970 0.063502 -0.246399 0.616314 0.747960 -0.365225 0.655810 -0.660699 390.135511 249.897756 353.375235
-0.898051 -0.434418 0.069173 -0.240740 0.616974 0.749258 -0.368169 0.656219 -0.658656 390.188082 250.493179 352.836342
-0.897689 -0.433524 0.078812 -0.232964 0.618779 0.750227 -0.374008 0.655110 -0.656467 390.241013 251.011840 352.362012
-0.896622 -0.433442 0.090537 -0.225861 0.623554 0.748444 -0.380862 0.650622 -0.656989 390.300088 251.539855 351.886246
-0.896325 -0.432112 0.099397 -0.220610 0.629067 0.745390 -0.384619 0.646184 -0.659177 390.354876 252.016878 351.457734
-0.895538 -0.432022 0.106622 -0.217755 0.634428 0.741676 -0.388065 0.640982 -0.662230 390.415976 252.445289 351.071219
-0.895330 -0.430890 0.112775 -0.214162 0.638479 0.739242 -0.390537 0.637714 -0.663930 390.475413 252.850663 350.699171
-0.894960 -0.430316 0.117791 -0.211087 0.641009 0.737936 -0.393051 0.635559 -0.664511 390.548026 253.315132 350.271390
-0.894776 -0.429513 0.122043 -0.208954 0.644329 0.735649 -0.394606 0.632739 -0.666278 390.626815 253.798624 349.820714
-0.894266 -0.429907 0.124372 -0.208926 0.646794 0.733490 -0.395775 0.629950 -0.668225 390.714172 254.313468 349.342993
-0.894392 -0.429419 0.125151 -0.208698 0.648121 0.732382 -0.395612 0.628918 -0.669293 390.806979 254.865504 348.830362
-0.894404 -0.430030 0.122944 -0.209742 0.646056 0.733907 -0.395031 0.630623 -0.668031 390.901090 255.432315 348.302277
-0.894797 -0.430478 0.118437 -0.211397 0.642145 0.736859 -0.393255 0.634302 -0.665591 390.994048 256.014512 347.760662
-0.895281 -0.431066 0.112487 -0.214863 0.638988 0.738599 -0.390263 0.637085 -0.664694 391.090684 256.614931 347.200103
-0.896753 -0.429949 0.104774 -0.220687 0.639708 0.736255 -0.383577 0.637117 -0.668544 391.154012 257.085231 346.758431
-0.898364 -0.430003 0.089663 -0.233124 0.639756 0.732370 -0.372283 0.637032 -0.674978 391.223289 257.622665 346.252566
-0.899708 -0.430571 0.071652 -0.246752 0.637119 0.730201 -0.360054 0.639287 -0.679465 391.275104 258.198652 345.714750
-0.901252 -0.430713 0.047237 -0.264343 0.632935 0.727679 -0.343318 0.643335 -0.684290 391.312070 258.777558 345.149131
-0.902718 -0.429771 0.019919 -0.282938 0.627906 0.725038 -0.324108 0.648869 -0.688421 391.313426 259.316875 344.604297
-0.903389 -0.428752 -0.007714 -0.302163 0.623693 0.720905 -0.304279 0.653589 -0.692990 391.294378 259.757868 344.150144
-0.903427 -0.427146 -0.036959 -0.322677 0.620639 0.714623 -0.282310 0.657536 -0.698532 391.254343 260.176771 343.708330
-0.902632 -0.424977 -0.068195 -0.344289 0.617813 0.706946 -0.258304 0.661591 -0.703972 391.194113 260.603958 343.252007
-0.900149 -0.422967 -0.104069 -0.369608 0.615271 0.696299 -0.230481 0.665237 -0.710168 391.107572 261.039576 342.782057
-0.895713 -0.421505 -0.141530 -0.396540 0.613294 0.683101 -0.201131 0.667985 -0.716479 390.985656 261.531249 342.233194
-0.889502 -0.420441 -0.178930 -0.423447 0.611345 0.668543 -0.171695 0.670437 -0.721827 390.826732 262.027342 341.657309
-0.882118 -0.419553 -0.214110 -0.448712 0.610236 0.652893 -0.143265 0.672002 -0.726559 390.644425 262.485410 341.105588
-0.872271 -0.418352 -0.253229 -0.476086 0.608152 0.635211 -0.111740 0.674635 -0.729645 390.430251 262.960605 340.526646
-0.859255 -0.417141 -0.296098 -0.505667 0.605112 0.614931 -0.077341 0.678110 -0.730880 390.179358 263.434016 339.937512
-0.846888 -0.413073 -0.334889 -0.529868 0.602281 0.597074 -0.044938 0.683102 -0.728939 389.924488 263.813821 339.427646
-0.833506 -0.408574 -0.371935 -0.552346 0.599752 0.578974 -0.013485 0.688015 -0.725571 389.612638 264.246888 338.847200
-0.817262 -0.405666 -0.409288 -0.575968 0.597841 0.557536 0.018516 0.691390 -0.722244 389.320657 264.600104 338.356121
-0.799125 -0.402916 -0.446158 -0.599008 0.596473 0.534237 0.050869 0.694174 -0.718007 388.986592 264.947964 337.849708
-0.780101 -0.400448 -0.480712 -0.620207 0.596120 0.509887 0.082379 0.695904 -0.713394 388.608461 265.297976 337.319547
-0.758126 -0.397931 -0.516620 -0.641999 0.594409 0.484269 0.114378 0.698806 -0.706108 388.220541 265.631405 336.806208
-0.739016 -0.392907 -0.547248 -0.658124 0.594651 0.461805 0.143975 0.701438 -0.698038 387.798964 265.951420 336.284819
-0.720262 -0.389107 -0.574299 -0.672432 0.595052 0.440169 0.170465 0.703214 -0.690241 387.355546 266.242910 335.776023
-0.704181 -0.384962 -0.596602 -0.683192 0.596165 0.421705 0.193333 0.704551 -0.682811 386.910291 266.518668 335.275212
-0.688996 -0.382058 -0.615887 -0.692818 0.596707 0.404899 0.212809 0.705671 -0.675826 386.493556 266.756689 334.827673
-0.674506 -0.379085 -0.633510 -0.700722 0.598903 0.387691 0.232443 0.705414 -0.669597 386.012803 267.010937 334.344544
-0.660989 -0.375993 -0.649402 -0.707223 0.601449 0.371612 0.250859 0.704903 -0.663462 385.527494 267.258846 333.865561
-0.648953 -0.373685 -0.662736 -0.712925 0.602871 0.358169 0.265702 0.704916 -0.657644 385.057649 267.495961 333.402499
-0.640193 -0.371426 -0.672455 -0.716593 0.604193 0.348491 0.276854 0.704978 -0.652961 384.587686 267.721763 332.949553
-0.633175 -0.367982 -0.680940 -0.718896 0.605624 0.341187 0.286843 0.705556 -0.648007 384.091665 267.952377 332.477398
-0.628086 -0.364316 -0.687591 -0.719818 0.607675 0.335550 0.295586 0.705695 -0.643913 383.621184 268.161892 332.032637
-0.623581 -0.361527 -0.693141 -0.720895 0.608919 0.330951 0.302419 0.706056 -0.640333 383.119138 268.378760 331.572280
-0.620256 -0.358614 -0.697623 -0.721262 0.610332 0.327531 0.308325 0.706322 -0.637217 382.582666 268.607764 331.078487
-0.616601 -0.356216 -0.702078 -0.721950 0.611516 0.323786 0.313994 0.706512 -0.634231 382.111579 268.811553 330.652981
-0.615151 -0.353669 -0.704633 -0.721483 0.612879 0.322245 0.317887 0.706610 -0.632179 381.608756 269.028963 330.204034
-0.615868 -0.350309 -0.705684 -0.720082 0.613719 0.323777 0.319670 0.707554 -0.630221 381.028076 269.284495 329.688666
-0.619555 -0.346964 -0.704108 -0.717025 0.615170 0.327783 0.319417 0.707943 -0.629913 380.438884 269.543740 329.164255
-0.623580 -0.344137 -0.701938 -0.714274 0.615754 0.332655 0.317743 0.708813 -0.629780 379.840285 269.814726 328.634258
-0.627639 -0.342519 -0.699107 -0.712166 0.615351 0.337879 0.314466 0.709946 -0.630149 379.247757 270.095714 328.094443
-0.630338 -0.341848 -0.697003 -0.711217 0.614194 0.341959 0.311197 0.711271 -0.630278 378.683731 270.369309 327.579764
-0.632554 -0.341410 -0.695208 -0.709854 0.614599 0.344056 0.309810 0.711130 -0.631119 378.156345 270.616898 327.103329
-0.634216 -0.339567 -0.694597 -0.708364 0.615211 0.346029 0.309824 0.711484 -0.630714 377.617904 270.876854 326.624019
-0.635911 -0.337893 -0.693863 -0.707020 0.615516 0.348229 0.309420 0.712017 -0.630310 377.070640 271.141677 326.128435
-0.638853 -0.335164 -0.692482 -0.704797 0.615835 0.352149 0.308427 0.713031 -0.629651 376.479785 271.428973 325.589584
-0.642290 -0.334062 -0.689830 -0.702740 0.615958 0.356022 0.305973 0.713441 -0.630383 375.883897 271.729461 325.041859
-0.645891 -0.332826 -0.687060 -0.700581 0.615987 0.360205 0.303334 0.713994 -0.631032 375.228277 272.057734 324.433717
-0.648843 -0.332567 -0.684399 -0.699490 0.614738 0.364432 0.299528 0.715189 -0.631496 374.567350 272.398219 323.813330
-0.652227 -0.331423 -0.681732 -0.697590 0.614324 0.368746 0.296594 0.716076 -0.631876 373.979778 272.696172 323.261264
-0.656130 -0.330564 -0.678395 -0.694874 0.615285 0.372256 0.294352 0.715648 -0.633408 373.431726 272.974109 322.739632
-0.660024 -0.330291 -0.674742 -0.692437 0.615827 0.375882 0.291374 0.715307 -0.635166 372.873792 273.277296 322.193917
-0.664177 -0.329796 -0.670897 -0.689664 0.616638 0.379633 0.288499 0.714837 -0.637005 372.347732 273.565738 321.692235
-0.667487 -0.329322 -0.667839 -0.687317 0.617518 0.382447 0.286454 0.714296 -0.638534 371.716704 273.918595 321.080796
-0.668845 -0.328538 -0.666865 -0.686520 0.617108 0.384535 0.285194 0.715011 -0.638298 371.135928 274.249485 320.511336
-0.670842 -0.326558 -0.665830 -0.684992 0.616896 0.387590 0.284178 0.716100 -0.637530 370.499061 274.611725 319.892752
-0.673771 -0.323009 -0.664604 -0.682620 0.616471 0.392420 0.282954 0.718073 -0.635853 369.849355 274.994835 319.256044
-0.676726 -0.320471 -0.662827 -0.680680 0.615423 0.397403 0.280563 0.720106 -0.634611 369.206049 275.373602 318.619682
-0.681094 -0.317364 -0.659842 -0.677704 0.614396 0.404025 0.277181 0.722356 -0.633539 368.634938 275.717644 318.052994
-0.685483 -0.312532 -0.657599 -0.674205 0.613457 0.411240 0.274883 0.725255 -0.631225 368.048362 276.074422 317.470086
-0.689927 -0.308647 -0.654781 -0.670749 0.612723 0.417931 0.272206 0.727535 -0.629759 367.477334 276.424316 316.901434
-0.695562 -0.306730 -0.649700 -0.666660 0.612700 0.424457 0.267878 0.728365 -0.630655 366.960438 276.753747 316.375478
-0.701879 -0.304035 -0.644150 -0.661509 0.613585 0.431185 0.264145 0.728750 -0.631784 366.418431 277.111004 315.824769
-0.708385 -0.301995 -0.637957 -0.656643 0.613457 0.438737 0.258862 0.729705 -0.632867 365.843391 277.503239 315.236728
-0.719153 -0.299533 -0.626976 -0.648341 0.613830 0.450407 0.249945 0.730406 -0.635637 365.268096 277.914950 314.629140
-0.733178 -0.295868 -0.612300 -0.636347 0.616021 0.464307 0.239816 0.730055 -0.639928 364.790075 278.268125 314.114326
-0.746179 -0.292791 -0.597905 -0.624908 0.617743 0.477372 0.229581 0.729841 -0.643914 364.326632 278.627474 313.606058
-0.759473 -0.288565 -0.583036 -0.612458 0.619301 0.491285 0.219308 0.730203 -0.647076 363.807192 279.039501 313.025159
-0.773158 -0.284867 -0.566638 -0.599575 0.619539 0.506637 0.206730 0.731452 -0.649800 363.281527 279.496160 312.402604
-0.785140 -0.282651 -0.551056 -0.588089 0.619244 0.520277 0.194181 0.732561 -0.652418 362.731635 280.005721 311.726269
-0.793893 -0.280921 -0.539275 -0.579046 0.619954 0.529493 0.185580 0.732626 -0.654843 362.244083 280.469795 311.119273
-0.801445 -0.278436 -0.529301 -0.571011 0.619427 0.538755 0.177854 0.734019 -0.655426 361.758103 280.951944 310.505844
-0.810758 -0.274949 -0.516793 -0.560949 0.617304 0.551608 0.167354 0.737115 -0.654716 361.284161 281.446703 309.890530
-0.817445 -0.272420 -0.507514 -0.553495 0.615415 0.561166 0.159459 0.739629 -0.653851 360.769482 282.010397 309.200251
-0.821674 -0.270538 -0.501658 -0.548458 0.614769 0.566792 0.155065 0.740857 -0.653518 360.300507 282.529825 308.564928
-0.825575 -0.269310 -0.495881 -0.543773 0.614498 0.571580 0.150785 0.741529 -0.653758 359.843771 283.052795 307.943869
-0.829725 -0.268725 -0.489228 -0.538730 0.614862 0.575946 0.146036 0.741439 -0.654937 359.383151 283.597960 307.301866
-0.832166 -0.269533 -0.484615 -0.536025 0.614847 0.578481 0.142044 0.741158 -0.656132 358.961264 284.101562 306.719085
-0.834296 -0.270216 -0.480555 -0.533428 0.615883 0.579778 0.139300 0.740048 -0.657969 358.588192 284.549434 306.190345
-0.837350 -0.269985 -0.475344 -0.529719 0.615557 0.583513 0.135062 0.740404 -0.658453 358.121732 285.121265 305.526733
-0.840207 -0.268908 -0.470893 -0.526055 0.614941 0.587464 0.131598 0.741307 -0.658138 357.658435 285.692645 304.863798
-0.843145 -0.267523 -0.466409 -0.522394 0.612981 0.592755 0.127324 0.743428 -0.656585 357.144302 286.337922 304.117727
-0.845597 -0.266081 -0.462781 -0.519356 0.610506 0.597956 0.123426 0.745978 -0.654433 356.601175 287.025905 303.326726
-0.848261 -0.264971 -0.458523 -0.515831 0.609400 0.602121 0.119880 0.747276 -0.653611 356.082761 287.693729 302.563376
-0.850218 -0.262913 -0.456076 -0.513035 0.608012 0.605901 0.118000 0.749131 -0.651827 355.563150 288.359655 301.810972
-0.850964 -0.262186 -0.455103 -0.512324 0.605221 0.609288 0.115691 0.751642 -0.649345 355.066383 288.997675 301.089780
-0.851753 -0.261030 -0.454290 -0.511307 0.603386 0.611956 0.114373 0.753517 -0.647403 354.540351 289.678153 300.333596
-0.852102 -0.260111 -0.454164 -0.510818 0.602270 0.613462 0.113961 0.754728 -0.646064 353.997591 290.397366 299.541107
-0.852139 -0.261166 -0.453488 -0.511188 0.600888 0.614508 0.112007 0.755464 -0.645545 353.405957 291.185963 298.671561
-0.852385 -0.260805 -0.453234 -0.511065 0.598968 0.616482 0.110691 0.757112 -0.643840 352.825378 291.975766 297.803196
-0.853689 -0.260160 -0.451146 -0.509542 0.596283 0.620334 0.107625 0.759450 -0.641602 352.248850 292.755963 296.950126
-0.856165 -0.258924 -0.447146 -0.506135 0.594378 0.624934 0.103963 0.761363 -0.639936 351.687269 293.530136 296.114408
-0.858665 -0.257242 -0.443306 -0.502371 0.593823 0.628488 0.101572 0.762365 -0.639126 351.154165 294.272105 295.318488
-0.860203 -0.255791 -0.441159 -0.499673 0.595595 0.628962 0.101869 0.761470 -0.640145 350.690732 294.920505 294.632834
-0.861981 -0.254968 -0.438156 -0.496876 0.596304 0.630504 0.100516 0.761192 -0.640690 350.213051 295.594224 293.925431
-0.861549 -0.254477 -0.439290 -0.497595 0.594856 0.631305 0.100662 0.762488 -0.639123 349.686931 296.334544 293.138337
-0.862457 -0.251686 -0.439115 -0.496043 0.592675 0.634568 0.100540 0.765108 -0.636004 349.156647 297.094011 292.336883
-0.864834 -0.247836 -0.436623 -0.492317 0.589114 0.640756 0.098418 0.769104 -0.631500 348.608130 297.881553 291.518749
-0.866919 -0.242412 -0.435532 -0.488424 0.587492 0.645209 0.099466 0.772068 -0.627708 348.092473 298.617597 290.756279
-0.869610 -0.238073 -0.432550 -0.483607 0.587280 0.649020 0.099513 0.773578 -0.625838 347.595469 299.331356 290.037966
-0.872472 -0.234279 -0.428843 -0.478333 0.588948 0.651412 0.099954 0.773469 -0.625904 347.044426 300.139933 289.234128
-0.874972 -0.231471 -0.425259 -0.473823 0.589999 0.653753 0.099578 0.773513 -0.625909 346.536331 300.896923 288.480134
-0.877545 -0.230400 -0.420512 -0.469762 0.588900 0.657663 0.096114 0.774669 -0.625020 346.035302 301.660747 287.723164
-0.880261 -0.228941 -0.415604 -0.465345 0.587676 0.661884 0.092708 0.776030 -0.623845 345.514731 302.458035 286.938742
-0.880895 -0.228592 -0.414451 -0.464518 0.585545 0.664350 0.090815 0.777742 -0.621989 345.032465 303.216215 286.191409
-0.880659 -0.228493 -0.415006 -0.465184 0.582898 0.666209 0.089682 0.779757 -0.619626 344.621246 303.856790 285.550567
-0.881220 -0.226305 -0.415014 -0.464140 0.580609 0.668930 0.089578 0.782099 -0.616682 344.166345 304.565100 284.865408
-0.881499 -0.225069 -0.415095 -0.463634 0.579119 0.670571 0.089465 0.783559 -0.614843 343.700370 305.299352 284.161592
-0.881542 -0.223414 -0.415896 -0.463319 0.578573 0.671259 0.090657 0.784436 -0.613549 343.248805 306.007721 283.480367
-0.881592 -0.222627 -0.416212 -0.462987 0.579472 0.670713 0.091864 0.783996 -0.613931 342.779919 306.751543 282.772952
-0.881351 -0.222010 -0.417052 -0.463409 0.578189 0.671528 0.092049 0.785117 -0.612468 342.307145 307.504567 282.063423
-0.882107 -0.219446 -0.416811 -0.461906 0.576468 0.674038 0.092363 0.787101 -0.609870 341.795038 308.305532 281.309681
-0.883667 -0.217527 -0.414506 -0.459322 0.573740 0.678119 0.090310 0.789623 -0.606910 341.329753 309.050256 280.601867
-0.885391 -0.214413 -0.412444 -0.456061 0.572364 0.681475 0.089951 0.791471 -0.604551 340.889050 309.771272 279.931815
-0.887281 -0.210751 -0.410265 -0.452251 0.572196 0.684150 0.090567 0.792575 -0.603011 340.422708 310.523197 279.248533
-0.890756 -0.208804 -0.403677 -0.445937 0.572979 0.687631 0.087718 0.792525 -0.603497 339.971726 311.259395 278.589379
-0.892324 -0.206110 -0.401592 -0.442776 0.572687 0.689912 0.087788 0.793441 -0.602283 339.489659 312.045654 277.869208
-0.893017 -0.203213 -0.401529 -0.441366 0.569663 0.693311 0.087846 0.796360 -0.598410 338.977674 312.902959 277.110533
-0.893250 -0.200661 -0.402293 -0.440924 0.565601 0.696908 0.087695 0.799894 -0.593700 338.459360 313.776624 276.335842
-0.894706 -0.197766 -0.400487 -0.438232 0.561999 0.701506 0.086339 0.803147 -0.589491 337.948714 314.644425 275.571924
-0.896644 -0.196200 -0.396908 -0.434613 0.561136 0.704441 0.084508 0.804134 -0.588410 337.428508 315.548243 274.779639
-0.899443 -0.194157 -0.391542 -0.428970 0.563552 0.705970 0.083585 0.802940 -0.590170 336.958347 316.387493 274.056562
-0.901454 -0.192865 -0.387536 -0.424846 0.565822 0.706647 0.082989 0.801653 -0.592001 336.500135 317.215438 273.346666
-0.903270 -0.193526 -0.382949 -0.421708 0.565059 0.709134 0.079153 0.802033 -0.592012 336.026748 318.095975 272.590886
-0.904094 -0.193330 -0.381100 -0.420319 0.563215 0.711421 0.077102 0.803376 -0.590460 335.568602 318.953894 271.856727
-0.905106 -0.194296 -0.378196 -0.418737 0.561668 0.713574 0.073776 0.804225 -0.589728 335.121668 319.793576 271.149591
-0.906573 -0.193954 -0.374843 -0.416024 0.560209 0.716303 0.071061 0.805324 -0.588560 334.655745 320.670423 270.403050
-0.907939 -0.194612 -0.371179 -0.413638 0.558662 0.718888 0.067459 0.806240 -0.587730 334.227745 321.492179 269.696302
-0.909353 -0.194083 -0.367979 -0.410891 0.557526 0.721341 0.065158 0.807153 -0.586735 333.776307 322.367166 268.955329
-0.910990 -0.194096 -0.363902 -0.407689 0.557193 0.723413 0.062352 0.807380 -0.586728 333.328983 323.246446 268.213967
-0.913768 -0.193436 -0.357226 -0.402008 0.557122 0.726640 0.058460 0.807588 -0.586843 332.877137 324.146400 267.460495
-0.915221 -0.191665 -0.354452 -0.398877 0.555717 0.729435 0.057168 0.808977 -0.585054 332.418962 325.091244 266.684456
-0.916438 -0.189952 -0.352221 -0.396285 0.553226 0.732734 0.055674 0.811085 -0.582273 331.978010 326.012586 265.926993
-0.918569 -0.187325 -0.348052 -0.391499 0.552390 0.735931 0.054402 0.812265 -0.580746 331.524185 326.960296 265.154350
-0.921022 -0.185498 -0.342503 -0.386043 0.551782 0.739261 0.051856 0.813097 -0.579814 331.099371 327.856674 264.423080
-0.923515 -0.183281 -0.336940 -0.380359 0.550899 0.742857 0.049468 0.814198 -0.578476 330.691165 328.745812 263.718260
-0.926462 -0.181394 -0.329795 -0.373592 0.549791 0.747100 0.045799 0.815369 -0.577128 330.309127 329.609935 263.034857
-0.928719 -0.179586 -0.324392 -0.368215 0.549520 0.749964 0.043577 0.815952 -0.576475 329.919065 330.512107 262.315414
-0.930417 -0.176717 -0.321085 -0.364045 0.546898 0.753906 0.042373 0.818336 -0.573176 329.544911 331.353347 261.646576
-0.932236 -0.173905 -0.317321 -0.359505 0.544818 0.757581 0.041135 0.820323 -0.570419 329.198785 332.167720 261.005040
-0.934451 -0.171378 -0.312138 -0.353924 0.543535 0.761122 0.039218 0.821705 -0.568562 328.844934 333.030112 260.336725
-0.935593 -0.169559 -0.309702 -0.350945 0.542889 0.762960 0.038768 0.822509 -0.567429 328.490785 333.904558 259.661926
-0.936710 -0.166673 -0.307887 -0.347844 0.542874 0.764390 0.039740 0.823108 -0.566492 328.125976 334.820021 258.963999
-0.937498 -0.164610 -0.306596 -0.345630 0.542909 0.765369 0.040466 0.823500 -0.565871 327.727406 335.828855 258.192351
-0.938892 -0.162984 -0.303178 -0.342040 0.540536 0.768654 0.038600 0.825383 -0.563253 327.345158 336.774815 257.469957
-0.940018 -0.160211 -0.301162 -0.338926 0.538711 0.771310 0.038667 0.827117 -0.560698 326.957613 337.739379 256.748416
-0.940438 -0.158779 -0.300610 -0.337789 0.536333 0.773464 0.038417 0.828937 -0.558021 326.604505 338.611461 256.087585
-0.941159 -0.156827 -0.299375 -0.335765 0.534795 0.775407 0.038499 0.830301 -0.555984 326.241266 339.539036 255.387794
-0.942085 -0.154069 -0.297892 -0.333048 0.534247 0.776955 0.039443 0.831169 -0.554619 325.890510 340.418447 254.722403
-0.942312 -0.152132 -0.298168 -0.332265 0.533144 0.778048 0.040601 0.832234 -0.552936 325.544193 341.316177 254.058528
-0.942906 -0.148763 -0.297990 -0.330354 0.531545 0.779953 0.042367 0.833864 -0.550341 325.198360 342.211477 253.402814
-0.943155 -0.146505 -0.298319 -0.329505 0.529433 0.781746 0.043410 0.835606 -0.547612 324.836717 343.130308 252.737955
-0.942827 -0.145545 -0.299823 -0.330357 0.527057 0.782991 0.044064 0.837274 -0.545005 324.480677 344.025670 252.087257
-0.942860 -0.142464 -0.301197 -0.329900 0.525880 0.783975 0.046705 0.838543 -0.542830 324.136171 344.889719 251.463411
-0.942087 -0.141110 -0.304237 -0.331828 0.523669 0.784640 0.048599 0.840154 -0.540167 323.733951 345.899830 250.741316
-0.941649 -0.139574 -0.306293 -0.332717 0.523707 0.784239 0.050949 0.840387 -0.539587 323.327186 346.918557 250.018140
-0.940963 -0.137664 -0.309252 -0.334164 0.523650 0.783661 0.054058 0.840737 -0.538738 322.924301 347.909919 249.316056
-0.940123 -0.134873 -0.313016 -0.335811 0.523662 0.782949 0.058316 0.841182 -0.537598 322.503502 348.926659 248.596648
-0.939924 -0.131384 -0.315089 -0.335702 0.523407 0.783166 0.062025 0.841893 -0.536069 322.085364 349.925783 247.890211
-0.939496 -0.129879 -0.316985 -0.336645 0.521274 0.784183 0.063387 0.843448 -0.533458 321.684713 350.908692 247.200849
-0.938790 -0.127436 -0.320053 -0.338097 0.519004 0.785064 0.066064 0.845219 -0.530321 321.258677 351.941566 246.477189
-0.937911 -0.122909 -0.324371 -0.339427 0.517950 0.785186 0.071502 0.846535 -0.527509 320.818402 352.975177 245.759439
-0.937225 -0.120613 -0.327204 -0.340750 0.516270 0.785719 0.074158 0.847890 -0.524960 320.377952 354.000588 245.043658
-0.937529 -0.120816 -0.326255 -0.340026 0.516657 0.785778 0.073627 0.847625 -0.525462 319.961576 354.991486 244.369614
-0.937844 -0.119218 -0.325939 -0.338882 0.517221 0.785902 0.074889 0.847508 -0.525473 319.548627 355.958782 243.701228
-0.937943 -0.118665 -0.325857 -0.338582 0.516581 0.786452 0.075007 0.847975 -0.524701 319.121770 356.964246 243.005004
-0.938314 -0.118134 -0.324979 -0.337761 0.514405 0.788229 0.074054 0.849371 -0.522575 318.684014 357.990973 242.298246
-0.938250 -0.116507 -0.325749 -0.337823 0.511524 0.790076 0.074579 0.851334 -0.519296 318.250707 359.015149 241.589726
-0.938450 -0.113464 -0.326248 -0.336892 0.509189 0.791979 0.076261 0.853143 -0.516073 317.805859 360.056697 240.874780
-0.938380 -0.110937 -0.327317 -0.336590 0.508267 0.792699 0.078424 0.854025 -0.514288 317.384680 361.050271 240.200176
-0.938320 -0.108793 -0.328206 -0.336391 0.506777 0.793737 0.079974 0.855185 -0.512116 316.928178 362.126959 239.476688
-0.938571 -0.106352 -0.328288 -0.335439 0.504533 0.795567 0.081022 0.856817 -0.509215 316.470856 363.207271 238.750604
-0.938509 -0.106215 -0.328512 -0.335694 0.503102 0.796365 0.080689 0.857675 -0.507822 316.020883 364.277595 238.041964
-0.938279 -0.105570 -0.329374 -0.336062 0.503518 0.795947 0.081818 0.857511 -0.507919 315.606982 365.257581 237.392896
-0.937765 -0.105139 -0.330971 -0.337207 0.503457 0.795501 0.082992 0.857599 -0.507578 315.172212 366.288742 236.711849
-0.937057 -0.104615 -0.333135 -0.338904 0.502199 0.795576 0.084071 0.858401 -0.506043 314.710457 367.348286 236.003852
-0.937034 -0.103516 -0.333546 -0.338853 0.500669 0.796561 0.084539 0.859427 -0.504220 314.234827 368.440985 235.279170
-0.936698 -0.101314 -0.335160 -0.339302 0.498951 0.797447 0.086436 0.860688 -0.501742 313.810703 369.419479 234.633109
-0.936274 -0.099312 -0.336940 -0.340048 0.496772 0.798489 0.088083 0.862180 -0.498885 313.365924 370.451595 233.955999
-0.936340 -0.097445 -0.337302 -0.339551 0.495664 0.799389 0.089292 0.863031 -0.497197 312.942387 371.442072 233.311331
-0.935960 -0.097213 -0.338421 -0.340560 0.494056 0.799955 0.089433 0.863978 -0.495523 312.534712 372.400000 232.695038
-0.934977 -0.097945 -0.340917 -0.343082 0.493766 0.799055 0.090070 0.864061 -0.495263 312.077752 373.459860 232.009447
-0.934984 -0.098118 -0.340847 -0.343089 0.493936 0.798947 0.089966 0.863944 -0.495486 311.611730 374.532733 231.318118
-0.935114 -0.097861 -0.340565 -0.342973 0.491513 0.800491 0.089055 0.865355 -0.493184 311.165878 375.577692 230.650134
-0.934206 -0.097911 -0.343035 -0.345481 0.487939 0.801598 0.088895 0.867369 -0.489661 310.718555 376.617275 229.987389
-0.934273 -0.096665 -0.343206 -0.345278 0.485489 0.803171 0.088984 0.868882 -0.486955 310.258331 377.663120 229.331243
-0.935174 -0.095540 -0.341061 -0.342990 0.484513 0.804739 0.088364 0.869551 -0.485873 309.860342 378.572956 228.761371
-0.935930 -0.095128 -0.339095 -0.341142 0.484097 0.805775 0.087503 0.869828 -0.485533 309.477027 379.471885 228.202153
-0.936720 -0.095059 -0.336926 -0.339401 0.482480 0.807477 0.085802 0.870734 -0.484212 309.083841 380.415571 227.608440
-0.937926 -0.093661 -0.333951 -0.336297 0.481139 0.809574 0.084852 0.871626 -0.482771 308.659515 381.427878 226.973701
-0.940222 -0.092319 -0.327810 -0.330386 0.480797 0.812206 0.082628 0.871958 -0.482557 308.252278 382.416464 226.357975
-0.942402 -0.090337 -0.322052 -0.324472 0.480703 0.814643 0.081219 0.872218 -0.482327 307.853635 383.386728 225.749801
-0.944893 -0.088539 -0.315178 -0.317828 0.478926 0.818300 0.078495 0.873379 -0.480674 307.465292 384.370850 225.138718
-0.946399 -0.087955 -0.310795 -0.313854 0.477784 0.820499 0.076326 0.874063 -0.479779 307.056149 385.408036 224.508740
-0.947980 -0.086837 -0.306257 -0.309458 0.476954 0.822649 0.074634 0.874628 -0.479015 306.647890 386.457982 223.874885
-0.949696 -0.086450 -0.301005 -0.304801 0.475905 0.824991 0.071929 0.875238 -0.478315 306.229172 387.563532 223.205423
-0.951170 -0.085886 -0.296477 -0.300731 0.474257 0.827430 0.069541 0.876187 -0.476928 305.852901 388.574759 222.591718
-0.952803 -0.085545 -0.291287 -0.296232 0.471923 0.830383 0.066430 0.877480 -0.474991 305.456863 389.659004 221.937619
-0.955409 -0.081780 -0.283735 -0.287997 0.470248 0.834221 0.065203 0.878737 -0.472831 305.126213 390.607558 221.371124
-0.956493 -0.080488 -0.280432 -0.284552 0.469600 0.835767 0.064421 0.879203 -0.472072 304.749046 391.701841 220.720334
-0.957825 -0.080437 -0.275865 -0.280505 0.470051 0.836880 0.062355 0.878966 -0.472790 304.373453 392.808956 220.067674
-0.958575 -0.079863 -0.273416 -0.278196 0.468613 0.838456 0.061165 0.879786 -0.471418 304.016918 393.887737 219.435289
-0.959129 -0.077648 -0.272108 -0.276175 0.466338 0.840390 0.061640 0.881192 -0.468723 303.658720 394.960828 218.810014
-0.959909 -0.076666 -0.269623 -0.273729 0.463590 0.842708 0.060388 0.882727 -0.465990 303.308836 396.016717 218.181229
-0.960924 -0.077024 -0.265880 -0.270759 0.461291 0.844926 0.057568 0.883899 -0.464121 302.958070 397.091564 217.557361
-0.961674 -0.075961 -0.263462 -0.268132 0.461451 0.845676 0.057337 0.883908 -0.464133 302.609877 398.184971 216.928698
-0.962211 -0.074656 -0.261871 -0.266165 0.460927 0.846583 0.057501 0.884292 -0.463380 302.267755 399.256344 216.300881
-0.962348 -0.073495 -0.261695 -0.265483 0.460808 0.846862 0.058351 0.884451 -0.462970 301.932068 400.301605 215.701742
-0.962487 -0.072165 -0.261554 -0.264788 0.460180 0.847420 0.059208 0.884888 -0.462026 301.618485 401.305232 215.124792
-0.963077 -0.070214 -0.259910 -0.262536 0.458818 0.848858 0.059650 0.885752 -0.460311 301.276300 402.390280 214.506701
-0.963626 -0.069060 -0.258179 -0.260618 0.456783 0.850546 0.059193 0.886894 -0.458166 300.923981 403.514614 213.867043
-0.964139 -0.069101 -0.256244 -0.259062 0.454735 0.852117 0.057641 0.887942 -0.456329 300.596886 404.584965 213.263844
-0.964658 -0.068970 -0.254319 -0.257309 0.454630 0.852704 0.056810 0.888006 -0.456310 300.275170 405.660297 212.669416
-0.965430 -0.068996 -0.251365 -0.254771 0.453635 0.853995 0.055106 0.888513 -0.455531 299.957282 406.734166 212.071929
-0.966717 -0.068208 -0.246590 -0.250280 0.452116 0.856125 0.053093 0.889347 -0.454139 299.651395 407.765148 211.504929
-0.968337 -0.065661 -0.240859 -0.244071 0.451797 0.858084 0.052476 0.889701 -0.453518 299.336376 408.846580 210.906742
-0.969336 -0.064880 -0.237018 -0.240266 0.452628 0.858720 0.051567 0.889336 -0.454338 299.019303 409.964800 210.285958
-0.969365 -0.067908 -0.236051 -0.240802 0.452238 0.858776 0.048433 0.889309 -0.454736 298.706825 411.130009 209.648849
-0.970256 -0.068517 -0.232181 -0.237798 0.449351 0.861125 0.045329 0.890724 -0.452279 298.397217 412.264555 209.027374
-0.971150 -0.069202 -0.228209 -0.234735 0.446124 0.863639 0.042044 0.892292 -0.449497 298.069975 413.470247 208.377480
-0.971209 -0.070491 -0.227559 -0.234772 0.445311 0.864049 0.040426 0.892597 -0.449039 297.753612 414.661856 207.737678
-0.971631 -0.070087 -0.225879 -0.233143 0.444260 0.865031 0.039722 0.893152 -0.447997 297.454142 415.789466 207.131124
-0.972110 -0.069499 -0.223989 -0.231240 0.443305 0.866031 0.039108 0.893673 -0.447012 297.163722 416.882412 206.543947
-0.972512 -0.068796 -0.222456 -0.229602 0.442362 0.866948 0.038764 0.894194 -0.445998 296.879034 417.981588 205.952169
-0.973560 -0.066990 -0.218389 -0.225163 0.442601 0.867990 0.038512 0.894213 -0.445982 296.586444 419.114959 205.348701
-0.974065 -0.065836 -0.216477 -0.222983 0.441696 0.869013 0.038405 0.894746 -0.444921 296.296591 420.267436 204.741688
-0.974207 -0.066217 -0.215721 -0.222585 0.439151 0.870404 0.037098 0.895970 -0.442563 296.032796 421.349766 204.170578
-0.974540 -0.066175 -0.214225 -0.221269 0.438188 0.871224 0.036217 0.896444 -0.441674 295.765706 422.446174 203.590163
-0.975114 -0.065480 -0.211814 -0.218907 0.435642 0.873096 0.035105 0.897735 -0.439134 295.490542 423.554853 203.004568
-0.975265 -0.064123 -0.211535 -0.218170 0.432954 0.874615 0.035502 0.899132 -0.436235 295.234170 424.571511 202.466478
-0.975932 -0.061533 -0.209215 -0.215072 0.430265 0.876708 0.036072 0.900603 -0.433143 294.965951 425.654301 201.907089
-0.976372 -0.059415 -0.207768 -0.212927 0.428595 0.878048 0.036879 0.901541 -0.431119 294.704946 426.715003 201.357923
-0.976897 -0.058425 -0.205569 -0.210560 0.427698 0.879056 0.036562 0.902032 -0.430119 294.443737 427.815227 200.794766
-0.977399 -0.058420 -0.203171 -0.208379 0.428211 0.879326 0.035630 0.901789 -0.430706 294.201175 428.855703 200.262767
-0.978310 -0.056929 -0.199168 -0.204114 0.428798 0.880040 0.035303 0.901605 -0.431117 293.966771 429.889194 199.738345
-0.978737 -0.055821 -0.197378 -0.202065 0.427846 0.880975 0.035270 0.902126 -0.430029 293.733236 430.907268 199.225080
-0.979058 -0.055658 -0.195824 -0.200615 0.427344 0.881550 0.034619 0.902374 -0.429560 293.502109 431.928675 198.705853
-0.979007 -0.054518 -0.196400 -0.200723 0.425385 0.882473 0.035435 0.903369 -0.427398 293.271775 432.923178 198.197687
-0.978880 -0.053421 -0.197331 -0.201179 0.423265 0.883387 0.036332 0.904430 -0.425073 293.032007 433.981013 197.655116
-0.979096 -0.053595 -0.196209 -0.200351 0.420450 0.884919 0.035069 0.905732 -0.422398 292.786512 435.096224 197.077649
-0.979168 -0.053986 -0.195743 -0.200201 0.417639 0.886283 0.033903 0.907008 -0.419747 292.533213 436.253179 196.487125
-0.979122 -0.052452 -0.196392 -0.200254 0.414848 0.887581 0.034917 0.908378 -0.416690 292.275475 437.395619 195.914393
-0.978947 -0.050739 -0.197707 -0.200815 0.412854 0.888383 0.036549 0.909383 -0.414351 292.005892 438.555987 195.335375
-0.978179 -0.049850 -0.201694 -0.204076 0.412623 0.887747 0.038970 0.909537 -0.413792 291.741543 439.691468 194.762254
-0.977012 -0.050218 -0.207187 -0.209131 0.414407 0.885737 0.041380 0.908705 -0.415383 291.457826 440.907828 194.159858
-0.974593 -0.052090 -0.217842 -0.219521 0.415294 0.882803 0.044483 0.908195 -0.416177 291.175951 442.075996 193.576725
-0.972807 -0.052591 -0.225567 -0.226781 0.414230 0.881467 0.047079 0.908651 -0.414893 290.876217 443.268226 192.984427
-0.970823 -0.051617 -0.234176 -0.234333 0.411500 0.880770 0.050900 0.909947 -0.411590 290.565320 444.439820 192.411724
-0.968562 -0.050585 -0.243574 -0.242541 0.409767 0.879355 0.055326 0.910787 -0.409154 290.243747 445.597421 191.844572
-0.966377 -0.049173 -0.252383 -0.249926 0.410322 0.877025 0.060432 0.910614 -0.408816 289.906667 446.764928 191.275269
-0.964509 -0.048500 -0.259557 -0.256115 0.410994 0.874922 0.064243 0.910347 -0.408829 289.545049 447.971545 190.682962
-0.963146 -0.044871 -0.265211 -0.259915 0.409073 0.874702 0.069242 0.911398 -0.405659 289.153922 449.201304 190.088222
-0.962058 -0.041072 -0.269735 -0.262615 0.407552 0.874605 0.074009 0.912258 -0.402875 288.779836 450.382500 189.518615
-0.960694 -0.037600 -0.275050 -0.266389 0.403685 0.875257 0.078124 0.914125 -0.397834 288.414197 451.506420 188.989619
-0.960199 -0.035367 -0.277068 -0.267723 0.399342 0.876841 0.079634 0.916120 -0.392916 288.046812 452.664775 188.445301
-0.959606 -0.033115 -0.279390 -0.269380 0.394675 0.878445 0.081178 0.918224 -0.387653 287.687242 453.799990 187.922940
-0.957737 -0.028776 -0.286203 -0.274056 0.393511 0.877521 0.087372 0.918869 -0.384766 287.287929 454.988223 187.381889
-0.956729 -0.026729 -0.289751 -0.276541 0.393316 0.876828 0.090527 0.919015 -0.383688 286.911764 456.115820 186.865493
-0.956055 -0.024292 -0.292181 -0.277872 0.392969 0.876563 0.093525 0.919231 -0.382449 286.545008 457.203730 186.374653
-0.954596 -0.022637 -0.297043 -0.281878 0.391275 0.876041 0.096394 0.919995 -0.379891 286.164513 458.303962 185.872500
-0.952870 -0.020508 -0.302684 -0.286338 0.390463 0.874957 0.100243 0.920390 -0.377933 285.764448 459.445193 185.357472
-0.951985 -0.017347 -0.305654 -0.288064 0.388790 0.875135 0.103655 0.921163 -0.375119 285.377856 460.543292 184.871129
-0.951094 -0.014825 -0.308545 -0.290021 0.386698 0.875416 0.106335 0.922087 -0.372086 285.000741 461.602796 184.394889
-0.950731 -0.012374 -0.309770 -0.290228 0.386796 0.875304 0.108987 0.922082 -0.371330 284.629310 462.651414 183.930228
-0.950023 -0.011837 -0.311956 -0.292228 0.385238 0.875325 0.109816 0.922741 -0.369444 284.227339 463.789105 183.425918
-0.949512 -0.011603 -0.313515 -0.293752 0.383783 0.875454 0.110164 0.923350 -0.367815 283.844866 464.856392 182.957195
-0.948674 -0.011010 -0.316062 -0.296025 0.382605 0.875204 0.111291 0.923846 -0.366227 283.440864 465.955868 182.480302
-0.947970 -0.009948 -0.318205 -0.297997 0.379456 0.875905 0.112032 0.925156 -0.362678 283.060662 466.999983 182.026553
-0.947192 -0.007888 -0.320569 -0.299858 0.376035 0.876746 0.113629 0.926572 -0.358543 282.660533 468.094059 181.558628
-0.946092 -0.005497 -0.323852 -0.302347 0.373614 0.876926 0.116175 0.927568 -0.355135 282.247075 469.171041 181.098942
-0.944900 -0.004094 -0.327332 -0.305249 0.372259 0.876497 0.118264 0.928120 -0.352997 281.815621 470.304156 180.621738
-0.943312 -0.002499 -0.331897 -0.309246 0.369765 0.876151 0.120534 0.929122 -0.349576 281.420843 471.322243 180.185998
-0.940972 -0.001422 -0.338482 -0.315388 0.366740 0.875233 0.122890 0.930322 -0.345540 280.974143 472.444888 179.717672
-0.937279 0.000587 -0.348579 -0.324104 0.366634 0.872087 0.128313 0.930365 -0.343448 280.497790 473.597587 179.234575
-0.933413 0.002039 -0.358797 -0.332794 0.368869 0.867862 0.134119 0.929479 -0.343629 280.047487 474.664675 178.784272
-0.931017 0.004256 -0.364951 -0.337481 0.370713 0.865262 0.138974 0.928738 -0.343704 279.609959 475.676717 178.364820
-0.929365 0.006778 -0.369101 -0.340454 0.370831 0.864046 0.142731 0.928676 -0.342329 279.164314 476.679516 177.943741
-0.928446 0.009472 -0.371346 -0.341867 0.369263 0.864160 0.145310 0.929277 -0.339603 278.723397 477.676976 177.518639
-0.928011 0.011576 -0.372373 -0.342491 0.366837 0.864945 0.146613 0.930213 -0.336464 278.282993 478.680899 177.103436
-0.928236 0.012882 -0.371769 -0.341916 0.364132 0.866315 0.146533 0.931258 -0.333596 277.808352 479.770600 176.658817
-0.927227 0.013903 -0.374242 -0.344134 0.362549 0.866101 0.147723 0.931861 -0.331380 277.364301 480.786922 176.250010
-0.927528 0.014951 -0.373455 -0.343080 0.362369 0.866594 0.148286 0.931915 -0.330978 276.918512 481.817978 175.836362
-0.928453 0.015955 -0.371107 -0.341004 0.359520 0.868597 0.147279 0.933001 -0.328357 276.471333 482.846919 175.427003
-0.929239 0.016806 -0.369098 -0.339139 0.357650 0.870099 0.146630 0.933705 -0.326643 276.034345 483.876189 175.012291
-0.930424 0.019511 -0.365965 -0.335669 0.355436 0.872348 0.147098 0.934497 -0.324157 275.572868 484.943713 174.584159
-0.931639 0.021573 -0.362743 -0.331902 0.355911 0.873595 0.147950 0.934271 -0.324420 275.092824 486.067485 174.150117
-0.932849 0.021569 -0.359621 -0.328530 0.358732 0.873716 0.147853 0.933191 -0.327557 274.670786 487.069612 173.759612
-0.933494 0.022868 -0.357862 -0.326340 0.359460 0.874237 0.148629 0.932880 -0.328091 274.203915 488.184844 173.325762
-0.934107 0.025612 -0.356072 -0.323971 0.358151 0.875654 0.149955 0.933312 -0.326254 273.733784 489.308868 172.881388
-0.934658 0.027638 -0.354473 -0.321909 0.357525 0.876670 0.150962 0.933494 -0.325267 273.282591 490.387760 172.453174
-0.935001 0.030700 -0.353313 -0.320300 0.354598 0.878447 0.152253 0.934515 -0.321716 272.867763 491.385590 172.057512
-0.935010 0.033181 -0.353065 -0.319547 0.352882 0.879411 0.153771 0.935079 -0.319346 272.441828 492.416169 171.664684
-0.934782 0.035544 -0.353438 -0.319368 0.351511 0.880025 0.155517 0.935509 -0.317235 272.012283 493.463952 171.267453
-0.933069 0.035148 -0.357976 -0.324157 0.349178 0.879202 0.155899 0.936397 -0.314414 271.556721 494.590603 170.840067
-0.931854 0.036622 -0.360980 -0.326978 0.346467 0.879230 0.157267 0.937347 -0.310882 271.079778 495.748758 170.403359
-0.930271 0.038528 -0.364844 -0.330636 0.342902 0.879260 0.158982 0.938581 -0.306253 270.640323 496.777136 170.023682
-0.928467 0.040179 -0.369235 -0.334642 0.340793 0.878564 0.161133 0.939279 -0.302969 270.173779 497.860490 169.623689
-0.926410 0.041902 -0.374178 -0.339308 0.337850 0.877911 0.163202 0.940267 -0.298770 269.710021 498.929251 169.231627
-0.925101 0.043572 -0.377213 -0.342030 0.335871 0.877614 0.164935 0.940900 -0.295812 269.261586 499.948073 168.871691
-0.923411 0.044298 -0.381247 -0.345919 0.334304 0.876687 0.166288 0.941424 -0.293376 268.810128 500.964755 168.510876
-0.922103 0.045768 -0.384228 -0.348537 0.333066 0.876122 0.168072 0.941792 -0.291169 268.321520 502.060617 168.127001
-0.922009 0.047037 -0.384300 -0.348768 0.330075 0.877161 0.168107 0.942782 -0.287928 267.788070 503.259242 167.699627
-0.920518 0.048637 -0.387662 -0.352114 0.326684 0.877094 0.169303 0.943881 -0.283593 267.247821 504.471098 167.274079
-0.918585 0.050733 -0.391954 -0.355912 0.325006 0.876184 0.171838 0.944350 -0.280490 266.738314 505.622429 166.877335
-0.917619 0.052558 -0.393971 -0.357739 0.322726 0.876282 0.173200 0.945032 -0.277338 266.211656 506.772025 166.485347
-0.916833 0.054192 -0.395577 -0.359139 0.320976 0.876352 0.174462 0.945536 -0.274819 265.636609 508.017348 166.063017
-0.915705 0.055123 -0.398052 -0.361236 0.321031 0.875470 0.176046 0.945463 -0.274057 265.125499 509.130734 165.687677
-0.915708 0.053455 -0.398274 -0.361700 0.322175 0.874858 0.175079 0.945170 -0.275684 264.643564 510.194463 165.330981
-0.914632 0.054195 -0.400639 -0.364102 0.320303 0.874549 0.175722 0.945764 -0.273227 264.150328 511.264603 164.975855
-0.914943 0.056220 -0.399649 -0.363218 0.316972 0.876129 0.175933 0.946767 -0.269592 263.666071 512.304035 164.632051
-0.914406 0.057454 -0.400699 -0.364580 0.313259 0.876898 0.175904 0.947928 -0.265500 263.186188 513.330514 164.300556
-0.913405 0.057860 -0.402918 -0.367287 0.309558 0.877083 0.175474 0.949119 -0.261501 262.691216 514.401843 163.959102
-0.912555 0.060047 -0.404522 -0.369005 0.305504 0.877782 0.176292 0.950295 -0.256632 262.151238 515.539977 163.598604
-0.912549 0.063491 -0.404009 -0.368086 0.303021 0.879029 0.178234 0.950867 -0.253151 261.597617 516.713841 163.235137
-0.913129 0.064862 -0.402477 -0.366402 0.302257 0.879994 0.178730 0.951017 -0.252235 261.056783 517.869964 162.877355
-0.913524 0.066667 -0.401286 -0.364112 0.305835 0.879709 0.181375 0.949748 -0.255113 260.586016 518.883577 162.570267
-0.912766 0.067384 -0.402888 -0.364980 0.308377 0.878461 0.183435 0.948875 -0.256882 260.106006 519.901304 162.261187
-0.912512 0.069194 -0.403155 -0.365042 0.306960 0.878931 0.184569 0.949204 -0.254846 259.672674 520.820898 161.989580
-0.912049 0.071512 -0.403798 -0.365807 0.303165 0.879930 0.185343 0.950251 -0.250342 259.226236 521.774855 161.702258
-0.911568 0.074883 -0.404272 -0.366040 0.299979 0.880924 0.187239 0.951002 -0.246041 258.774894 522.739104 161.411526
-0.911625 0.077911 -0.403572 -0.364888 0.298569 0.881881 0.189202 0.951203 -0.243754 258.333334 523.694977 161.134649
-0.911137 0.080217 -0.404221 -0.365220 0.297200 0.882206 0.190903 0.951440 -0.241493 257.828508 524.768535 160.829008
-0.910188 0.082944 -0.405805 -0.366302 0.296135 0.882115 0.193339 0.951538 -0.239156 257.304126 525.868614 160.514485
-0.909680 0.085163 -0.406484 -0.366651 0.295015 0.882345 0.195062 0.951690 -0.237144 256.764921 527.012376 160.188798
-0.909158 0.087375 -0.407182 -0.366902 0.294494 0.882415 0.197014 0.951651 -0.235684 256.213665 528.163714 159.861482
-0.907291 0.088430 -0.411100 -0.370677 0.293422 0.881194 0.198550 0.951884 -0.233441 255.678828 529.287771 159.543020
-0.906683 0.090333 -0.412026 -0.371506 0.291603 0.881448 0.199772 0.952265 -0.230832 255.157824 530.363878 159.241208
-0.906958 0.091519 -0.411159 -0.370698 0.290110 0.882281 0.200027 0.952607 -0.229192 254.622904 531.475376 158.921690
-0.907251 0.093277 -0.410116 -0.369596 0.288572 0.883247 0.200734 0.952904 -0.227333 254.129406 532.521623 158.628571
-0.906289 0.094998 -0.411843 -0.371348 0.286366 0.883230 0.201843 0.953399 -0.224254 253.658348 533.504571 158.358369
-0.905747 0.096195 -0.412757 -0.372728 0.282766 0.883809 0.201731 0.954353 -0.220260 253.147431 534.591342 158.061027
-0.905191 0.095567 -0.414121 -0.374812 0.279861 0.883852 0.200363 0.955272 -0.217509 252.662823 535.608860 157.783014
-0.905945 0.096404 -0.412274 -0.373252 0.277810 0.885158 0.199866 0.955787 -0.215698 252.177616 536.627121 157.515270
-0.906192 0.096113 -0.411799 -0.373023 0.276990 0.885511 0.199173 0.956054 -0.215153 251.706868 537.654969 157.248988
-0.906021 0.095043 -0.412423 -0.374074 0.275996 0.885378 0.197976 0.956448 -0.214505 251.222553 538.693639 156.972499
-0.905824 0.094325 -0.413020 -0.374725 0.276432 0.884967 0.197647 0.956393 -0.215052 250.709210 539.792888 156.681525
-0.906677 0.093949 -0.411230 -0.373379 0.274876 0.886020 0.196278 0.956879 -0.214145 250.248549 540.782163 156.419626
-0.908124 0.094931 -0.407798 -0.370458 0.271705 0.888221 0.195120 0.957687 -0.211574 249.783437 541.784629 156.162331
-0.909224 0.096819 -0.404892 -0.367733 0.269133 0.890135 0.195152 0.958224 -0.209099 249.269431 542.866448 155.891156
-0.911065 0.098520 -0.400317 -0.363500 0.266130 0.892772 0.194493 0.958889 -0.206650 248.745374 543.994537 155.610605
-0.913194 0.098540 -0.395431 -0.359299 0.263195 0.895339 0.192302 0.959697 -0.204943 248.234689 545.113912 155.328281
-0.913565 0.096878 -0.394985 -0.359128 0.263609 0.895286 0.190855 0.959752 -0.206033 247.752323 546.190525 155.056926
-0.914369 0.095095 -0.393556 -0.357982 0.264230 0.895562 0.189153 0.959760 -0.207561 247.282832 547.245659 154.791252
-0.915849 0.095406 -0.390023 -0.355067 0.261105 0.897636 0.187477 0.960584 -0.205257 246.818788 548.307905 154.524163
-0.917400 0.097899 -0.385736 -0.350805 0.258745 0.899993 0.187916 0.960972 -0.203029 246.370160 549.322354 154.276012
-0.919933 0.098327 -0.379547 -0.344807 0.257913 0.902546 0.186635 0.961152 -0.203359 245.910608 550.381217 154.014640
-0.922350 0.097843 -0.373760 -0.339345 0.257317 0.904783 0.184702 0.961361 -0.204134 245.466978 551.410580 153.770159
-0.923731 0.097818 -0.370341 -0.336368 0.255371 0.906445 0.183241 0.961882 -0.202991 245.038358 552.437714 153.521160
-0.926033 0.096692 -0.364847 -0.331537 0.253643 0.908707 0.180406 0.962453 -0.202825 244.625895 553.448446 153.274691
-0.928113 0.096583 -0.359551 -0.326769 0.251457 0.911039 0.178403 0.963037 -0.201820 244.230138 554.434438 153.037117
-0.929300 0.096316 -0.356545 -0.324106 0.250194 0.912337 0.177078 0.963393 -0.201289 243.839134 555.424992 152.800133
-0.930920 0.097070 -0.352088 -0.319655 0.249760 0.914024 0.176662 0.963430 -0.201478 243.415206 556.506991 152.548208
-0.932729 0.098201 -0.346949 -0.314671 0.248149 0.916190 0.176066 0.963732 -0.200555 242.991055 557.591276 152.294175
-0.934201 0.099797 -0.342505 -0.310434 0.245659 0.918304 0.175783 0.964205 -0.198515 242.583263 558.665246 152.040869
-0.936033 0.100742 -0.337184 -0.305467 0.243151 0.920634 0.174733 0.964743 -0.196824 242.181710 559.725405 151.789210
-0.937765 0.100877 -0.332296 -0.301006 0.241076 0.922647 0.173182 0.965249 -0.195708 241.803535 560.755699 151.554310
-0.939741 0.098931 -0.327262 -0.296765 0.239254 0.924494 0.169759 0.965904 -0.195477 241.417610 561.821039 151.311592
-0.942102 0.098154 -0.320638 -0.290716 0.237455 0.926876 0.167114 0.966427 -0.195172 241.042770 562.874052 151.071157
-0.943770 0.096788 -0.316117 -0.286645 0.236842 0.928300 0.164718 0.966715 -0.195781 240.669634 563.951797 150.822754
-0.945217 0.096938 -0.311716 -0.282436 0.235965 0.929812 0.163688 0.966915 -0.195659 240.303888 565.018964 150.576569
-0.947374 0.097751 -0.304841 -0.275759 0.234488 0.932187 0.162604 0.967192 -0.195192 239.956848 566.042532 150.339589
-0.949211 0.098279 -0.298897 -0.269918 0.233815 0.934064 0.161686 0.967301 -0.195412 239.635666 567.030948 150.115306
-0.950528 0.099208 -0.294372 -0.265472 0.232672 0.935622 0.161313 0.967482 -0.194824 239.336056 567.980059 149.900499
-0.951800 0.099736 -0.290051 -0.261493 0.230386 0.937307 0.160307 0.967975 -0.193201 239.069862 568.826787 149.711697
-0.953633 0.100302 -0.283766 -0.255557 0.228173 0.939483 0.158980 0.968440 -0.191960 238.787650 569.755810 149.502504
-0.955470 0.102376 -0.276762 -0.248479 0.226776 0.941717 0.159172 0.968551 -0.191240 238.526216 570.638898 149.293587
-0.956776 0.102543 -0.272149 -0.243806 0.227360 0.942797 0.158553 0.968397 -0.192532 238.275334 571.510157 149.090645
-0.957781 0.102648 -0.268549 -0.240181 0.227705 0.943644 0.158013 0.968305 -0.193438 238.042470 572.301121 148.911360
-0.958628 0.102813 -0.265447 -0.237132 0.227464 0.944473 0.157484 0.968344 -0.193673 237.803417 573.149575 148.705732
-0.959121 0.103402 -0.263428 -0.235335 0.225564 0.945377 0.157174 0.968725 -0.192009 237.546826 574.060495 148.497692
-0.960157 0.103621 -0.259540 -0.231923 0.222695 0.946900 0.155917 0.969366 -0.189790 237.299420 574.945953 148.297147
-0.961530 0.103678 -0.254385 -0.227227 0.220192 0.948622 0.154365 0.969931 -0.188162 237.070872 575.791841 148.104648
-0.962752 0.104748 -0.249271 -0.222396 0.217555 0.950374 0.153780 0.970411 -0.186156 236.854940 576.590400 147.927771
-0.963762 0.104754 -0.245335 -0.218371 0.218431 0.951106 0.153221 0.970214 -0.187640 236.633239 577.429979 147.739065
-0.964516 0.104451 -0.242485 -0.215155 0.221367 0.951160 0.153028 0.969581 -0.191038 236.406531 578.314258 147.546707
-0.965607 0.106032 -0.237405 -0.209774 0.221767 0.952268 0.153619 0.969318 -0.191897 236.163704 579.273093 147.325124
-0.966774 0.108297 -0.231558 -0.203898 0.219671 0.954028 0.154185 0.969544 -0.190291 235.913192 580.292683 147.093248
-0.968398 0.108651 -0.224500 -0.197320 0.216782 0.956070 0.152545 0.970155 -0.188492 235.647540 581.414446 146.854715
-0.970234 0.109789 -0.215854 -0.188846 0.214989 0.958184 0.151605 0.970426 -0.187856 235.398453 582.528836 146.608464
-0.971458 0.110167 -0.210079 -0.183285 0.213605 0.959573 0.150587 0.970689 -0.187316 235.175797 583.577160 146.378332
-0.972986 0.109248 -0.203380 -0.176768 0.214105 0.960683 0.148498 0.970682 -0.189010 234.989626 584.469343 146.180307
-0.974004 0.109582 -0.198264 -0.171198 0.217089 0.961022 0.148352 0.969981 -0.192686 234.800446 585.400188 145.970535
-0.974538 0.110177 -0.195289 -0.167643 0.220368 0.960903 0.148904 0.969174 -0.196287 234.617307 586.297867 145.774122
-0.975399 0.110495 -0.190753 -0.162806 0.222330 0.961282 0.148627 0.968690 -0.198871 234.447411 587.143893 145.583639
-0.976251 0.110020 -0.186629 -0.158750 0.222907 0.961827 0.147421 0.968611 -0.200147 234.273520 588.085105 145.368431
-0.976982 0.108567 -0.183629 -0.156035 0.223284 0.962183 0.145463 0.968688 -0.201204 234.117991 588.951770 145.174193
-0.977562 0.106934 -0.181489 -0.154138 0.224121 0.962295 0.143577 0.968677 -0.202610 233.970232 589.819472 144.980481
-0.978156 0.105036 -0.179384 -0.152607 0.223097 0.962777 0.141146 0.969121 -0.202194 233.827027 590.621967 144.798320
-0.978412 0.103363 -0.178959 -0.152881 0.220675 0.963291 0.139061 0.969855 -0.200109 233.687760 591.397614 144.614751
-0.978997 0.101424 -0.176855 -0.151306 0.219953 0.963705 0.136642 0.970224 -0.199987 233.540290 592.208040 144.422324
-0.979513 0.099322 -0.175182 -0.149782 0.222146 0.963440 0.134606 0.969941 -0.202719 233.390515 593.022677 144.235237
-0.979829 0.097485 -0.174447 -0.149118 0.224473 0.963003 0.133037 0.969592 -0.205409 233.248833 593.856466 144.044748
-0.979777 0.095629 -0.175762 -0.150678 0.225351 0.962555 0.131657 0.969573 -0.206385 233.114660 594.622145 143.868851
-0.979182 0.093400 -0.180218 -0.155743 0.223700 0.962134 0.130178 0.970173 -0.204496 232.951077 595.529326 143.654671
-0.979080 0.089303 -0.182830 -0.159363 0.222125 0.961906 0.126513 0.970920 -0.203247 232.793171 596.401743 143.448408
-0.978223 0.086719 -0.188572 -0.165363 0.223455 0.960585 0.125439 0.970849 -0.204249 232.649583 597.174947 143.262372
-0.975885 0.084359 -0.201324 -0.177891 0.227143 0.957476 0.126501 0.970201 -0.206659 232.507676 597.852528 143.100179
-0.972402 0.081372 -0.218660 -0.195202 0.229575 0.953515 0.127788 0.969884 -0.207355 232.355095 598.503509 142.951042
-0.967890 0.078088 -0.238936 -0.215670 0.230321 0.948915 0.129131 0.969977 -0.206084 232.186159 599.181227 142.785687
-0.962012 0.074453 -0.262658 -0.239437 0.232108 0.942760 0.131156 0.969836 -0.205464 232.005863 599.850188 142.625420
-0.954867 0.073106 -0.287895 -0.264452 0.232101 0.936052 0.135252 0.969941 -0.202292 231.784483 600.568560 142.457636
-0.945553 0.073869 -0.316976 -0.292804 0.232182 0.927555 0.142114 0.969863 -0.197911 231.562134 601.205187 142.311631
-0.934074 0.074096 -0.349306 -0.324488 0.232158 0.916957 0.149037 0.969852 -0.192809 231.307434 601.829058 142.173087
-0.920438 0.076038 -0.383422 -0.357722 0.231561 0.904663 0.157574 0.969844 -0.185937 231.063106 602.368996 142.050668
-0.903743 0.077284 -0.421042 -0.394858 0.229387 0.889646 0.165337 0.970262 -0.176790 230.763841 602.937037 141.921704
-0.884680 0.078764 -0.459498 -0.432695 0.228174 0.872188 0.173542 0.970429 -0.167780 230.434444 603.499993 141.796434
-0.861808 0.081567 -0.500633 -0.472721 0.228689 0.851020 0.183905 0.970076 -0.158527 230.104335 603.986872 141.688066
-0.836610 0.084728 -0.541207 -0.512860 0.226041 0.828179 0.192505 0.970426 -0.145654 229.725142 604.524841 141.586252
-0.811397 0.087970 -0.577838 -0.549081 0.224175 0.805144 0.200365 0.970570 -0.133592 229.348946 604.995018 141.504363
-0.783617 0.092329 -0.614345 -0.585729 0.219766 0.780144 0.207042 0.971174 -0.118133 228.904946 605.528489 141.414007
-0.755129 0.095809 -0.648538 -0.620333 0.215565 0.754134 0.212055 0.971778 -0.103346 228.436176 606.049142 141.321903
-0.725724 0.099043 -0.680820 -0.653938 0.208152 0.727350 0.213752 0.973069 -0.086293 227.948888 606.559150 141.237709
-0.698978 0.104165 -0.707517 -0.681643 0.202214 0.703187 0.216318 0.973786 -0.070340 227.477190 607.008021 141.169849
-0.669800 0.108797 -0.734527 -0.709910 0.196197 0.676413 0.217704 0.974510 -0.054176 226.932240 607.495695 141.116394
-0.638770 0.114003 -0.760904 -0.737030 0.193161 0.647669 0.220813 0.974521 -0.039361 226.377646 607.933628 141.072719
-0.604328 0.117568 -0.788014 -0.765136 0.190147 0.615152 0.222161 0.974691 -0.024955 225.803671 608.353355 141.046883
-0.568908 0.119863 -0.813620 -0.791958 0.186837 0.581286 0.221689 0.975051 -0.011366 225.277427 608.712775 141.024470
-0.528732 0.121565 -0.840038 -0.819767 0.183451 0.542520 0.220058 0.975483 0.002658 224.784017 609.009499 141.014629
-0.484511 0.122595 -0.866152 -0.847204 0.180906 0.499518 0.217931 0.975830 0.016212 224.252754 609.279249 141.014302
-0.442223 0.124876 -0.888169 -0.870179 0.180202 0.458602 0.217319 0.975671 0.028975 223.652001 609.567837 141.016781
-0.406609 0.126504 -0.904802 -0.887654 0.179655 0.424021 0.216192 0.975562 0.039243 223.007959 609.855240 141.023823
-0.372011 0.128452 -0.919297 -0.902924 0.179592 0.390480 0.215256 0.975319 0.049172 222.394268 610.111076 141.041707
-0.328696 0.129102 -0.935570 -0.920256 0.178940 0.348008 0.212340 0.975353 0.059990 221.774003 610.337594 141.066938
-0.284223 0.129678 -0.949948 -0.935612 0.178882 0.304353 0.209397 0.975287 0.070486 221.176851 610.522344 141.104948
-0.241825 0.131972 -0.961303 -0.948144 0.178456 0.263014 0.206261 0.975057 0.081974 220.478278 610.693572 141.160115
-0.194182 0.135419 -0.971573 -0.960351 0.175732 0.216433 0.200046 0.975079 0.095926 219.848727 610.815412 141.210844
-0.154073 0.140583 -0.978007 -0.968585 0.174065 0.177609 0.195206 0.974648 0.109348 219.125170 610.926182 141.279751
-0.114192 0.145589 -0.982733 -0.975164 0.172540 0.138873 0.189779 0.974184 0.122270 218.341881 611.025566 141.361677
-0.070521 0.148283 -0.986427 -0.980442 0.171847 0.095926 0.183739 0.973900 0.133264 217.623501 611.075561 141.452639
-0.022029 0.151632 -0.988192 -0.983992 0.171552 0.048259 0.176844 0.973436 0.145426 217.016155 611.081371 141.539153
0.026638 0.152895 -0.987883 -0.985285 0.170917 -0.000115 0.168828 0.973350 0.155199 216.460226 611.056645 141.620471
0.072253 0.153896 -0.985442 -0.984367 0.170122 -0.045606 0.160626 0.973332 0.163782 215.891100 611.007433 141.708722
0.113354 0.155401 -0.981326 -0.981665 0.169859 -0.086495 0.153245 0.973138 0.171806 215.281179 610.935012 141.813486
0.153620 0.156979 -0.975581 -0.977058 0.171515 -0.126254 0.147507 0.972595 0.179726 214.651774 610.836601 141.916212
0.193459 0.159030 -0.968134 -0.970850 0.173352 -0.165526 0.141504 0.971935 0.187931 214.106107 610.718598 142.017885
0.230767 0.161516 -0.959510 -0.963644 0.174428 -0.202399 0.134675 0.971333 0.195897 213.547047 610.573647 142.122214
0.269975 0.164074 -0.948785 -0.954679 0.173849 -0.241588 0.125307 0.971008 0.203573 212.913323 610.386207 142.240817
0.306894 0.165135 -0.937308 -0.944565 0.173583 -0.278688 0.116679 0.970876 0.209252 212.319396 610.188758 142.363879
0.342241 0.165515 -0.924920 -0.933193 0.174745 -0.314031 0.109649 0.970602 0.214262 211.775390 609.968535 142.488384
0.371968 0.163986 -0.913646 -0.922260 0.176886 -0.343726 0.105245 0.970474 0.217034 211.232537 609.727552 142.608463
0.396690 0.161239 -0.903681 -0.912389 0.177481 -0.368846 0.100914 0.970826 0.217518 210.650237 609.467522 142.741892
0.419405 0.158169 -0.893914 -0.902542 0.178474 -0.391874 0.097558 0.971149 0.217607 210.015467 609.168461 142.891955
0.436866 0.155902 -0.885913 -0.894650 0.177718 -0.409900 0.093538 0.971654 0.217117 209.354490 608.839857 143.042540
0.458185 0.154486 -0.875329 -0.884496 0.176676 -0.431802 0.087942 0.972070 0.217592 208.748673 608.526179 143.186956
0.475210 0.154424 -0.866215 -0.875924 0.176184 -0.449128 0.083257 0.972169 0.218988 208.108412 608.181433 143.336803
0.486892 0.154620 -0.859668 -0.869701 0.177049 -0.460731 0.080965 0.971981 0.220677 207.543395 607.861926 143.471223
0.495289 0.154812 -0.854823 -0.865039 0.178476 -0.468886 0.079976 0.971689 0.222316 206.891560 607.495733 143.628459
0.501810 0.155830 -0.850825 -0.861255 0.181178 -0.474779 0.080166 0.971026 0.225126 206.190840 607.095134 143.795336
0.502884 0.157871 -0.849814 -0.860644 0.182453 -0.475398 0.080000 0.970457 0.227624 205.491964 606.697458 143.970551
0.501924 0.159978 -0.849988 -0.861201 0.183375 -0.474032 0.080032 0.969939 0.229813 204.784576 606.302681 144.148876
0.499614 0.161147 -0.851127 -0.862447 0.184481 -0.471330 0.081063 0.969535 0.231150 204.077341 605.910946 144.318697
0.498242 0.161498 -0.851865 -0.863091 0.186030 -0.469540 0.082642 0.969181 0.232075 203.386789 605.524377 144.486252
0.496682 0.161669 -0.852742 -0.863955 0.186041 -0.467942 0.082993 0.969150 0.232078 202.700936 605.143657 144.658661
0.496573 0.161123 -0.852910 -0.863887 0.187224 -0.467596 0.084345 0.969013 0.232162 202.000197 604.746705 144.840512
0.494280 0.161388 -0.854190 -0.865056 0.188328 -0.464985 0.085825 0.968755 0.232696 201.325890 604.368819 145.008464
0.491437 0.162344 -0.855649 -0.866524 0.189666 -0.461697 0.087333 0.968334 0.233883 200.614634 603.976337 145.181259
0.487283 0.163126 -0.857873 -0.868686 0.190800 -0.457144 0.089110 0.967980 0.234678 199.855488 603.563501 145.369352
0.483451 0.163689 -0.859931 -0.870759 0.190644 -0.453249 0.089749 0.967916 0.234701 199.114699 603.165294 145.551629
0.479189 0.165516 -0.861965 -0.873152 0.189866 -0.448950 0.089349 0.967758 0.235502 198.393740 602.781513 145.730644
0.477403 0.167565 -0.862559 -0.874069 0.191049 -0.446659 0.089947 0.967172 0.237671 197.606304 602.364937 145.928309
0.477333 0.168814 -0.862354 -0.873998 0.192837 -0.446028 0.090998 0.966600 0.239591 196.775077 601.925866 146.138104
0.478495 0.170239 -0.861430 -0.873398 0.193560 -0.446890 0.090660 0.966205 0.241304 195.874678 601.450891 146.371503
0.477995 0.170675 -0.861621 -0.873750 0.192794 -0.446533 0.089903 0.966282 0.241282 194.998309 600.990252 146.597641
0.476414 0.170388 -0.862553 -0.874634 0.191920 -0.445176 0.089689 0.966506 0.240460 194.219560 600.576295 146.801863
0.475471 0.173149 -0.862523 -0.875204 0.192439 -0.443830 0.089134 0.965912 0.243039 193.509899 600.199442 146.982423
0.475941 0.177241 -0.861433 -0.875115 0.192880 -0.443815 0.087491 0.965082 0.246906 192.795417 599.819776 147.170805
0.476488 0.180847 -0.860380 -0.874972 0.193187 -0.443962 0.085926 0.964351 0.250287 191.993387 599.401801 147.383715
0.474714 0.182657 -0.860978 -0.875880 0.194173 -0.441737 0.086492 0.963812 0.252162 191.133167 598.953638 147.615234
0.473821 0.182593 -0.861483 -0.876283 0.194746 -0.440684 0.087304 0.963708 0.252278 190.299710 598.518732 147.837565
0.473300 0.181256 -0.862052 -0.876398 0.195708 -0.440027 0.088952 0.963766 0.251481 189.489620 598.095681 148.053208
0.470840 0.179541 -0.863756 -0.877629 0.195060 -0.437857 0.089870 0.964218 0.249413 188.654336 597.671735 148.271125
0.469247 0.178886 -0.864758 -0.878491 0.194125 -0.436541 0.089780 0.964528 0.248243 187.853659 597.275710 148.479521
0.467374 0.179955 -0.865550 -0.879577 0.193120 -0.434797 0.088911 0.964531 0.248544 187.101322 596.899029 148.682193
0.468537 0.183989 -0.864072 -0.879100 0.193969 -0.435384 0.087497 0.963600 0.252626 186.361373 596.524233 148.885825
0.471190 0.187937 -0.861777 -0.877865 0.194776 -0.437510 0.085630 0.962674 0.256760 185.543438 596.108440 149.112135
0.469886 0.190362 -0.861957 -0.878461 0.196731 -0.435435 0.086683 0.961800 0.259667 184.775958 595.720135 149.318407
0.468555 0.190635 -0.862620 -0.879001 0.198301 -0.433629 0.088394 0.961423 0.260483 184.003599 595.324287 149.530565
0.469752 0.191078 -0.861871 -0.878378 0.198749 -0.434686 0.088237 0.961243 0.261201 183.206717 594.911037 149.753970
0.473213 0.193221 -0.859497 -0.876665 0.199374 -0.437845 0.086760 0.960685 0.263736 182.436297 594.507286 149.976250
0.474993 0.196058 -0.857871 -0.876026 0.197774 -0.439846 0.083429 0.960441 0.265693 181.670411 594.110347 150.197272
0.476055 0.198659 -0.856683 -0.875708 0.196442 -0.441074 0.080665 0.960180 0.267485 180.886418 593.708980 150.426332
0.471751 0.197733 -0.859274 -0.877909 0.195985 -0.436882 0.082019 0.960464 0.266047 180.161621 593.342376 150.634715
0.467428 0.194398 -0.862392 -0.880094 0.194292 -0.433226 0.083337 0.961488 0.261906 179.431234 592.980702 150.843297
0.464995 0.190309 -0.864617 -0.881410 0.191122 -0.431959 0.083041 0.962941 0.256611 178.663002 592.599397 151.055023
0.463594 0.187782 -0.865921 -0.882200 0.188799 -0.431367 0.082482 0.963895 0.253188 177.856516 592.191914 151.277180
0.461161 0.188584 -0.867045 -0.883597 0.186973 -0.429298 0.081156 0.964094 0.252857 176.998270 591.759238 151.506079
0.457526 0.191139 -0.868410 -0.885504 0.186847 -0.425406 0.080948 0.963615 0.254742 176.114768 591.321954 151.738781
0.452040 0.193031 -0.870861 -0.888128 0.188239 -0.419279 0.082996 0.962967 0.256528 175.255384 590.901608 151.977571
0.446903 0.194212 -0.873247 -0.890667 0.187827 -0.414045 0.083606 0.962810 0.256918 174.412716 590.502395 152.210240
0.440280 0.193670 -0.876724 -0.893886 0.186321 -0.407740 0.084385 0.963212 0.255152 173.616838 590.135739 152.424915
0.433527 0.191479 -0.880562 -0.897121 0.183899 -0.401691 0.085019 0.964115 0.251505 172.965661 589.835159 152.599475
