0.9972552605230387 0.0020539146625734484 -0.07401166660524242 -0.011528906495510102 -0.002117246116494859 0.999997456574305 -0.000777247581914034 0.012595361168503759 0.0740098819618629 0.0009318151534878433 0.9972570727212273 -2.726194100646973
0.9991281725495617 0.0038025028478245915 -0.04157446078863761 -0.01966178438765255 -0.0038382374660523113 0.9999923299355618 -0.0007797456003144186 0.0367765908809406 0.0415711769249786 0.0009386384497255773 0.9991351040809913 -2.717941799233113
0.9996569595439634 0.005871956888529054 -0.025524172026099336 -0.043735509109907665 -0.005800096510462077 0.9999790074802561 0.0028885081393698725 0.040459011015273806 0.02554059740468069 -0.0027394746031194654 0.9996700321421619 -2.2789644629077186
0.9996207353246714 0.005423327517614553 -0.02699950050648794 -0.06912082587307247 -0.0053073616283495 0.9999763894019058 0.004364922825709596 0.02942680957384796 0.027022535438205684 -0.004219971251698532 0.999625917241608 -1.5129681598883238
0.999670597003244 0.0038850056877522948 -0.025369355884291307 -0.09253883067883492 -0.003819762455036801 0.999989273266911 0.002619688130795895 0.01600244108507104 0.02537926125727039 -0.0025219202845597616 0.9996747136024368 -0.8618680398867936
0.9998575816843517 0.0032436020203297196 -0.01656186566343651 -0.10402310004614608 -0.003229270958122952 0.9999943880792771 0.0008919747931908607 0.009998150632756258 0.016564665930800672 -0.0008383650078439439 0.9998624450326731 -0.37006806315136453
0.9999899519783758 0.0035700744780782874 -0.0027111824923095047 -0.11369325096275228 -0.0035648657119174473 0.9999917956677691 0.0019236240814793915 0.010621475054757856 0.0027180277301063166 -0.0019139397513574384 0.9999944745646783 0.07764794232424488
0.99994727640014 0.0029004673663882803 0.009850467450760899 -0.12069327692764249 -0.0029505846882200534 0.9999827584264691 0.005077095605531735 0.007871151085032278 -0.009835571663082146 -0.005105892561206604 0.9999385938102471 0.6168785695752904
0.9998560184558463 0.003950015993588974 0.016502718905461657 -0.12122606009157415 -0.004086629908851064 0.9999575947856919 0.008252762349789812 0.012461474206666392 -0.01646942056085684 -0.008319014608979576 0.9998297616006065 1.038548533899779
0.9993450583970692 0.005968548154792967 -0.03569076477581032 -0.14868341432536916 -0.005585919573356307 0.9999259594941695 0.010810783143905364 0.007315608740363213 0.035752646893318286 -0.010604336970714901 0.9993044062134089 -0.05457008349478376
0.9974925094594007 0.007444005007329413 -0.07037954505279308 -0.14740963878443666 -0.006546495424216103 0.9998943974184965 0.01297449069375407 0.0008688198957386107 0.07046869496484236 -0.012481217911423865 0.9974359038200901 -0.51107042548936
0.9977642064285304 0.008025478959566623 -0.06634892657394277 -0.19918822676339598 -0.007102452521829653 0.9998748579323592 0.014135899084228413 -0.00046811336374812996 0.06645407089276062 -0.01363305403106316 0.9976963447359954 0.09614298919831377
0.9978144783449158 0.008372622635144144 -0.0655451447131863 -0.23578910102666242 -0.007465471160072002 0.9998731031999608 0.014072819107713063 -0.0016410769992665649 0.06565465364786566 -0.013552737269266035 0.9977503644533983 0.5934510717082289
0.9978025470712039 0.009049438469051175 -0.06563676349129911 -0.26771805341892513 -0.00817701750731058 0.9998747842257973 0.013548145780904115 -0.001717961743466685 0.06575114784475644 -0.012981661404086551 0.9977516038695639 1.0049781691097412
0.9978763905485932 0.010015334218196632 -0.06436149676793669 -0.3083871372585364 -0.009107129230386962 0.9998549990068035 0.014388924848171353 0.003132315972415109 0.0644962741783767 -0.01377221992284146 0.9978229084238871 1.4904798571448206
0.9979157694006466 0.010099854987961567 -0.06373468530351241 -0.357341125952659 -0.009156621388418853 0.9998444508374609 0.015074163800555472 0.011081920323868491 0.06387701829503915 -0.014459151384468398 0.9978530249866344 2.2063037324897166
0.9979893375281356 0.009921944470209354 -0.06260061659507438 -0.40574796821487324 -0.00895456394135792 0.9998364155644791 0.015714894075215962 0.01535018216593026 0.06274629841491493 -0.015122735503380572 0.9979149286918809 2.932282389157521
0.9980224201405844 0.011247071732560815 -0.061844581607228104 -0.46173552214018226 -0.010206031153935547 0.9998012934618139 0.017123391024240923 0.016711540998569106 0.06202488069166571 -0.016458340424441005 0.9979388945249393 3.7292022210470357
0.9980053121298418 0.011111395635065274 -0.06214445950894228 -0.510774688986532 -0.0099636998608795 0.9997745987999805 0.01874770064357035 0.01954269712455215 0.06233876519229289 -0.018091116089939574 0.9978910711460051 4.503256715917577
0.9981201440083997 0.010707601269305225 -0.06034505281885084 -0.5565308077946595 -0.009398012424323537 0.9997150312065103 0.021943877101357655 0.023080233703111252 0.060562822648259934 -0.02133550221637169 0.9979363410849672 5.147639990119612
0.9979345661229965 0.010707081935908157 -0.06334003578563553 -0.5616170825615664 -0.009182244139067017 0.999662148587083 0.024316148437382227 0.030738426173028577 0.06357899125873587 -0.023684321368280446 0.9976957275601852 5.175931955105111
0.9975736168705662 0.010422589842195552 -0.06883493694890182 -0.5447144441630354 -0.008685186743688757 0.9996373131313938 0.02549136572795281 0.029061440552868426 0.06907565747066895 -0.024831669626313002 0.9973023321583913 4.871899901279037
0.9969068646472715 0.01173644913305533 -0.07771073916065521 -0.5497790945919284 -0.00969696262923464 0.9995999183358774 0.026570136971346865 0.024734833147802032 0.07799148757983411 -0.02573439380782285 0.9966218283985306 4.870612999027838
0.9964160499848483 0.01290219877331656 -0.08359777867508136 -0.5989309850760175 -0.010633962625054814 0.9995646499840006 0.02752143421504977 0.03201219602733713 0.08391647139556693 -0.02653382311650929 0.9961194617410811 5.361888333261343
0.9965499040338257 0.012323749065387324 -0.08207566008962784 -0.6741131776560654 -0.009975110973658842 0.9995306712556082 0.028964363973311598 0.05198644054384323 0.08239408917657845 -0.028045720320374088 0.9962051252831797 6.224446318970278
0.9965964603753082 0.013104023499193311 -0.08138660661031133 -0.7563426581880061 -0.010622069641375805 0.9994674496577314 0.030854314304590034 0.06469903104338653 0.08174757980480372 -0.029884806219971635 0.9962049144394213 7.191640928689817
0.9964616284873099 0.013879699463043882 -0.08289497509038671 -0.8358396635079036 -0.011254552387830623 0.9994228320532313 0.03205211102642227 0.07326011526776406 0.08329200443601918 -0.031005752910002078 0.9960427125798955 8.072731091438127
0.996134451229843 0.014402069690330043 -0.08665295991283978 -0.9123608886532877 -0.011630237637439146 0.9994070535659245 0.03240800603517102 0.08167855082973201 0.08706832171070053 -0.03127493679152466 0.9957112963520953 8.90721759518412
0.9959836549533811 0.01591310160925655 -0.08810977393501604 -0.989582743743208 -0.013217467022195992 0.999429085480147 0.031093434384702436 0.09463098059855075 0.08855426376648008 -0.029803964392209798 0.9956253643189725 9.766721442727142
0.9956309862303788 0.015488318757902377 -0.09208176388394554 -1.0679743564311488 -0.01277384681754047 0.9994684051821647 0.02999559767872407 0.10462588823249144 0.09249739507362957 -0.028688308152895203 0.9952995593688966 10.561800736887388
0.9952119348978472 0.01548163282020334 -0.0965065991635062 -1.1279523696114837 -0.012660936475120546 0.9994765214875518 0.02977219647117569 0.10529576997229705 0.09691700224655232 -0.028407781334798488 0.9948869748042631 11.157487384790295
0.9941719939266035 0.014401836069897913 -0.1068392886995191 -1.1627335606370564 -0.01119135556912135 0.9994694053666378 0.030588581147006494 0.10609766908552523 0.10722313207759283 -0.029214634241716782 0.9938056676702925 11.50550864927024
0.9932417089798693 0.012915297669286903 -0.11534341172717277 -1.2189181507285076 -0.009579128520390669 0.999520901243766 0.029431416439598825 0.10650006090226267 0.11566826634622066 -0.02812762099725039 0.9928895654087098 12.020150053100814
0.9930335972888945 0.01213919066671117 -0.11720458483112474 -1.3010986248803735 -0.008895039621100642 0.9995637692818642 0.028162908393355536 0.11000779002817264 0.11749533150563111 -0.026924174806123906 0.9927083841115641 12.734026469847805
0.9929152236978211 0.01111705883730905 -0.118303717405309 -1.3909642422124153 -0.007805872567013215 0.9995657190947768 0.028415516254523862 0.11479311301635392 0.11856823732591698 -0.02729073493607981 0.992570797920267 13.484312885420962
0.9927725368462792 0.010937185406211518 -0.11951179046100571 -1.4909265350892873 -0.00739893861401008 0.9995222267219415 0.03000956507849143 0.12258106016369258 0.11978291109833368 -0.02890841165135599 0.9923791402204134 14.245197548736758
0.9925182092443663 0.010456296865521136 -0.12164814085804211 -1.5778670991889185 -0.006743927737284931 0.9995000673282737 0.030889073301944587 0.12575266424945988 0.12191031029831832 -0.029837581447542273 0.9920925334747417 14.976429927848216
0.9922711912457205 0.011000553324120456 -0.12359963936178729 -1.6609172383118351 -0.00720717051122153 0.999490411479345 0.031096206425769622 0.1373302576103177 0.12387872988137591 -0.02996506611731532 0.9918448241008089 15.632605793411232
0.9919380843394348 0.011312214841595409 -0.12621755279037797 -1.7524525747586979 -0.007512697308480229 0.9995053588050783 0.030538452794553715 0.14004690856025784 0.1265005779281875 -0.029344020094588596 0.9915324161461013 16.336877492136633
0.9917461841536406 0.011585664357383818 -0.1276921242602405 -1.856041152793641 -0.007797106072605427 0.9995155913599186 0.030129516513324593 0.14831669238578468 0.1279793395575521 -0.028885203994990328 0.9913561083871842 17.121179215242133
0.9916004659877133 0.012996502858294947 -0.12868413564385156 -1.9485109428995029 -0.009116063452969395 0.9994871338077062 0.030697992442175685 0.15763014019387586 0.1290171044477139 -0.029267050864628812 0.9912103845771678 17.804007870632
0.9915145799426762 0.015834294587635186 -0.1290275663415067 -2.0491437585802363 -0.01171496432073272 0.9993990805090667 0.03262265299755171 0.16671351012891436 0.12946658785981774 -0.03083428274740141 0.9911042577021814 18.546423235192425
0.9914746193261496 0.01721616527612924 -0.12915758934438995 -2.145920233193133 -0.012993861145941286 0.9993554897045308 0.03346288645560744 0.17414594259734423 0.12965044853215543 -0.03149934682824199 0.9910593081873598 19.264577494522037
0.9915571691912651 0.018826840377116707 -0.12829625990971838 -2.2584702632902527 -0.014854981549507202 0.999382408331134 0.03184543046388068 0.18090379874988846 0.12881657404453534 -0.0296707263086131 0.9912244641108044 20.098303177257552
0.9917221904635777 0.019695132520324326 -0.1268826177895653 -2.354122317296553 -0.016084825268942858 0.9994378298939111 0.029416025785629504 0.18435704566545288 0.12739064070093079 -0.027131640790046305 0.9914814666597906 20.813896678730497
0.9919593485915316 0.019688322869698148 -0.12501608170329823 -2.4278967246598424 -0.01632508056157735 0.99947823334727 0.02787028542519181 0.1861786866899784 0.12549957165873213 -0.025605292570134188 0.9917631907395414 21.38613179733435
0.9921745324365046 0.018475629238905233 -0.12348420266832934 -2.5174985664828604 -0.015075122024419187 0.9994825044655911 0.028415910387355973 0.1897049798530089 0.123945301969681 -0.026332003179019292 0.9919396089118674 22.078772935050022
0.9924949476965084 0.018492725038511213 -0.12087927000754896 -2.6127546809375253 -0.014996061868397267 0.9994441906938278 0.02977293765825214 0.19764618175927456 0.12136266693405809 -0.0277367771922584 0.9922206278170412 22.843983573259855
0.9929008172283861 0.019224364174653792 -0.11738139106897047 -2.6924026837722086 -0.015680257862156648 0.999395068125053 0.031042347216355605 0.19629935428022455 0.1179071527117103 -0.028981401439626624 0.9926016228628767 23.52799098830619
0.9933415568791244 0.021069606336267463 -0.11326351162574524 -2.7744985477497455 -0.017623611467201872 0.9993533866959046 0.031340338515766314 0.19657829427264842 0.11385060252723182 -0.029135548532067 0.9930705715687711 24.226033444101677
0.9939687178897625 0.022294122707079506 -0.10737392583540156 -2.855102117863958 -0.01904167907827053 0.9993310920064089 0.031221515132386853 0.1999582924344843 0.10799815884756922 -0.028988629529582588 0.9937283617989049 24.956085985415292
0.9944955922328266 0.022756221268400222 -0.10227742381906921 -2.929241129112026 -0.019584240038845995 0.9992988115022265 0.03191148495982674 0.21084579168208042 0.10293189287865429 -0.029732805515524357 0.9942439266621628 25.696167105014503
0.9951368949223903 0.02352578281085052 -0.09565091691856592 -2.995554622887949 -0.020503137835061542 0.9992626524689389 0.0324618656219809 0.2225479539290977 0.09634407975138992 -0.030342856224814543 0.994885485557499 26.44195699543134
0.9956934590337546 0.023402885062491156 -0.08970418389434738 -3.059217699238514 -0.020646814767606353 0.9992895363195888 0.03152985318924997 0.23112757746279122 0.09037834185993468 -0.029541962916084838 0.9954692500272 27.10792224449697
0.9963087032333394 0.022960902344013503 -0.08271496131325243 -3.110917413610377 -0.02044153025798786 0.9993048045483963 0.031177739610271708 0.2364480926226424 0.08337332728286634 -0.02937183293638334 0.996085429934473 27.68065233723948
0.9968511394189135 0.024029944681458713 -0.07556697425345782 -3.1503904502210416 -0.021765417104491223 0.9992931919330902 0.03064935846712835 0.23138477594045356 0.07625006529495074 -0.028908101196464718 0.9966695787610524 28.16132490317556
0.9972780433553424 0.02495427017672207 -0.06938147188760264 -3.1807808511921087 -0.022956321290690196 0.9993027152357866 0.029446402754605413 0.22413274282458537 0.07006790673440763 -0.02777350756269341 0.9971555148137761 28.607038797995724
0.99775540917055 0.02499315484816344 -0.062124759006751934 -3.2102773804551017 -0.02336197382959792 0.9993665605887946 0.026845777241708887 0.22738029586599462 0.06275636740360668 -0.025334162462216835 0.9977072810011182 29.158847097809847
0.9981532611615535 0.0240401693337862 -0.055786535032762624 -3.2398826846211914 -0.022647431212591957 0.9994191478101266 0.025464894461877573 0.22628266157180205 0.05636631167665386 -0.024154445737514497 0.9981179297353027 29.683910698605036
0.9984120524029612 0.02384451517113785 -0.0510373658485987 -3.273986341473742 -0.0225467365860715 0.9994114206969319 0.02585453248199103 0.2262293434549301 0.05162381510338654 -0.024662750795428325 0.9983620237355672 30.240040561013092
0.9986893947350544 0.024378336434092627 -0.04500210613338941 -3.309408793329858 -0.02320708722837049 0.9993828866098816 0.026368106751897172 0.22817653076131061 0.045617145308638724 -0.025289180769863476 0.9986388403171005 30.811771576489374
0.9990304110591288 0.024034655238201832 -0.036885947549340256 -3.3320295336507346 -0.023048899235318856 0.9993718074366479 0.02692097221222687 0.22692048105086113 0.03750981235719561 -0.026044689447028334 0.9989567999310778 31.39194760362637
0.999356779287365 0.023877090468172442 -0.026756536456783997 -3.3496910847645096 -0.023182974976291078 0.999394167334573 0.02595858179654475 0.2366822948601758 0.02736014187896632 -0.02532158858393268 0.9993048782968851 32.044759953128
0.9995609070259375 0.022247542753896746 -0.019571407381744507 -3.35814737617319 -0.021745812250625923 0.9994386429769272 0.0254856542784766 0.24493719738070072 0.020127414017930785 -0.025048867556339543 0.9994835873785517 32.71095770852328
0.9997189415256994 0.02108582973049868 -0.010836315762997439 -3.3605805215717295 -0.020803791547611524 0.999458020614841 0.02551210077416926 0.24717681451099727 0.01136838651623429 -0.02527949392777191 0.9996157796747592 33.25719348320018
0.9997792996784132 0.020728832121688964 0.0034157654216595014 -3.343639148241468 -0.020808098427883517 0.9994687258504891 0.025085635065088253 0.25456410214563496 -0.0028939547958599693 -0.025151174240462575 0.9996794703603592 33.36197966489643
0.999648629640022 0.01977945805410761 0.017646254501030755 -3.332563756343953 -0.020190390047609717 0.999521783291421 0.023421205683445804 0.2599977746768686 -0.017174557011892112 -0.02376926092722884 0.999569935935661 33.39471066705746
0.9992499809893598 0.019720428157476506 0.03332536880596472 -3.3099798090999117 -0.020423354489886133 0.999573245658272 0.02088571654437338 0.2626983336827671 -0.03289927178750625 -0.02155066768054461 0.9992263040164514 33.93085925064258
0.998671944086332 0.017870826862830258 0.04832164775821759 -3.276650349830177 -0.018847321381391644 0.9996257316566701 0.019828643085643666 0.2678720279274882 -0.047949208247655604 -0.020713043163911232 0.9986349900095213 34.43430320379801
0.997711143232935 0.015934409579657558 0.06571582199274013 -3.232951973715478 -0.017318400220042773 0.9996389312006665 0.020544591546476837 0.2724016147913259 -0.06536472812344749 -0.021635660825148402 0.9976268593507346 35.02063761621529
0.99613774687347 0.016722270062755933 0.0861971863682232 -3.199796557375615 -0.01854575263710613 0.9996199256402345 0.020397532256108134 0.2802848187307225 -0.08582333198480006 -0.02191734351977804 0.9960692675412016 35.301067546283655
0.9938569267592076 0.016530251472064484 0.10943107382739269 -3.1764684778838546 -0.018879754338775166 0.9996122143829941 0.020468896707884376 0.293747978190144 -0.1090502820209716 -0.022409186567139125 0.9937836104245976 35.366976539832955
0.991764528985676 0.01619161788492749 0.12704704072150205 -3.156839905776312 -0.01904894374026266 0.999591479202117 0.021307567878737332 0.3025579873866931 -0.12665013536590788 -0.023552201952156963 0.991667805767135 35.397287129158194
0.9896331135388496 0.0155007188782221 0.1427796494661033 -3.1026861133401753 -0.018776915038186143 0.9995897657991754 0.021627010223377784 0.30349372785031326 -0.1423858421650612 -0.024083766811104863 0.9895181878708128 35.663560354241966
0.9864956922049612 0.014972180361972866 0.16310145025800935 -3.0027517977231595 -0.018706689737290994 0.9995962881725053 0.021385051574081156 0.3026746140897396 -0.16271542342424106 -0.024147349481090718 0.9863775121589659 36.24336362526436
0.982578317792108 0.0148016598572312 0.18525863075793522 -2.9861511622366015 -0.019110525302975422 0.9995863004414828 0.021494552620553657 0.3110218448178566 -0.18486383428750597 -0.024660471106291614 0.9824546930710545 36.2223584527787
0.9967265388755169 0.015819695398633413 0.07928394502501587 -3.9820418829151 -0.01797345684695579 0.9994865437027924 0.026525531210890903 0.24821544488747893 -0.07882361036013195 -0.02786370748022928 0.9964990979701148 30.848390479375723
0.9988421758418471 0.01674038225892201 -0.04510063593068879 -4.456143711365655 -0.015282840636248374 0.9993558341002643 0.03247078120180708 0.1309939388471568 0.04561515692852982 -0.031743919915375306 0.998454596367203 24.52079859091644
0.9998385485515601 0.017731894464012233 -0.002908049007413021 -4.415917606786149 -0.017624385748798963 0.9992811412999909 0.03356458951288984 0.1343886824763086 0.0035011222900544294 -0.03350791788381358 0.9994323196604181 24.334903334957136
0.9993440692442117 0.01697540517970953 0.03198854303352888 -4.3849884222330004 -0.018094756725648458 0.9992222993049337 0.035033931420906 0.14150033830029973 -0.031368950340469465 -0.03558977649199043 0.9988740444939942 24.650963482668413
0.9975793228782015 0.014502524678834316 0.06800861227676584 -4.329802401053205 -0.01694832755086263 0.9992250592696984 0.035525133647880895 0.14824492520162064 -0.0674407055056539 -0.036591771006756826 0.9970520515677659 25.140032317884103
0.9938397558731165 0.011505253714135822 0.11022780403800357 -4.247552645088946 -0.015589913844152443 0.9992205394983286 0.03626662420194068 0.1557176070696459 -0.10972462910577123 -0.03776165491138131 0.993244462952579 25.668134828350617
0.9880028061290491 0.00794271638835101 0.15423154131857045 -4.233960039842572 -0.013817946468969219 0.999217540917509 0.03705901075515657 0.15930595591686725 -0.1538165122361978 -0.03874556980022786 0.987339486389737 25.346089132818385
0.9802198754074674 0.00632017524002074 0.19781064491353295 -4.2465843510745 -0.013639733690394926 0.9992708151698798 0.03566224354387773 0.15825438031651393 -0.19744101276337572 -0.03765492444107638 0.9795913194512862 24.93552317145667
0.9694966762724955 0.004816437054274201 0.24505712932026724 -4.135138423360778 -0.013732201455358002 0.9993038851507986 0.03468676643495808 0.17461005960872986 -0.2447194747864939 -0.03699387863722977 0.9688879355238146 25.252992336177748
0.9564460792970877 0.0035110333358063504 0.29188794089881087 -4.0048366920616765 -0.013732180585376475 0.999361801565124 0.032976003227872586 0.19228446407336774 -0.29158587862515467 -0.035548026913302944 0.955883891050043 25.534752283839257
0.9415995465111467 0.003140601884044124 0.33672010725499013 -3.840404300766477 -0.014328122757101491 0.9994245502741699 0.030745295697628315 0.2078762827741293 -0.33642978302799453 -0.03377432351777176 0.9411027022395887 25.896560737609207
0.9239006018083304 0.0036709342918195167 0.38261495294830444 -3.6204841205536633 -0.015641541591192333 0.9994804715977199 0.02818029580139647 0.2179373430485893 -0.3823127255988989 -0.03202047994999992 0.9234780282762093 26.326477315763164
0.9020354961747452 0.00193268069584888 0.43165753600060347 -3.381253398814473 -0.015154658495848496 0.9995153064225095 0.027193538809703162 0.22223071854505977 -0.43139575793771834 -0.031071159818206302 0.901627574479006 26.747364945243678
0.8755355775061251 0.0007346400588670166 0.4831530946035666 -3.217132207499923 -0.015699846384990255 0.9995140169395318 0.026930368822066883 0.22921397348329606 -0.48289850625623876 -0.031163925384789886 0.8751216157826903 26.947997422309047
0.8447689834432042 -0.0007177481210121764 0.5351306844593878 -3.018526497768789 -0.016959190265205554 0.9994608861488055 0.02811268262184237 0.23381250983831098 -0.534862365920324 -0.0328241054148116 0.8443013843562218 27.180753114348956
0.8110695493328728 -0.0021113702250700477 0.5849459190905997 -2.6472284350355157 -0.018695514114735193 0.9993890423222319 0.029529982022371632 0.24241933700746798 -0.5846508906150398 -0.0348867338974078 0.8105345470126577 27.663960447893643
0.7750060567739447 -0.0028667621217720505 0.6319473028968802 -2.25011414298288 -0.020268664443331252 0.9993624854997293 0.029390539591687675 0.25300583727022735 -0.631628683013515 -0.035586574023697394 0.7744538737354667 28.106818148791955
0.7325259831768838 -0.0028683181657033247 0.6807330289633693 -1.9473876306604136 -0.022416174448816637 0.9993471788897577 0.02833251079884893 0.2665081594897384 -0.6803698987270256 -0.03601373065911066 0.7319834780308858 28.41095063160817
0.6748922691990208 -0.005470944833859031 0.7378959911383339 -1.9188755181366828 -0.02456073712541304 0.9992519259748199 0.02987237231076636 0.28128525519469666 -0.7375074204150459 -0.038283902599415776 0.6742530293847445 28.372973968144333
0.613042815529116 -0.008675659781349127 0.7900020501590459 -1.9760152292087443 -0.025782976788561174 0.9991873924123057 0.030980525370328596 0.29467105347738265 -0.7896288649967511 -0.0393609930217638 0.612320967950866 28.255532247915
0.5519869356967719 -0.010237750243903538 0.8337899083642321 -1.9180858427153513 -0.027213254655783954 0.9991708106064703 0.030284154322888873 0.29825263066110347 -0.8334085802240878 -0.03940659465059812 0.5512506314798341 28.245474692489424
0.49060339244481693 -0.011335381025612204 0.8713092564977398 -1.8301042186565581 -0.028643150240223996 0.9991652548400647 0.029126679603215418 0.304359689265605 -0.8709120973243828 -0.0392466897635533 0.4898691826157778 28.257232860208813
0.423533436300541 -0.014181933058082413 0.9057694525154809 -1.7656853743957848 -0.02797110951032527 0.9991959540849191 0.02872389898834796 0.31586840294101565 -0.9054485326997987 -0.037500908189902475 0.42279621156854674 28.245037006257007
0.36091685472036966 -0.018134965163138478 0.932421657308157 -1.70635153970185 -0.027347868149818013 0.9991751383764197 0.030018943321282784 0.3230335718377641 -0.9321969309574117 -0.036334087149644645 0.3601231956214236 28.218871166027895
0.28595592712082923 -0.019515748643743537 0.9580440194998059 -1.8210841402698814 -0.028071092514700746 0.9991929001107214 0.02873259705214972 0.33683712325858134 -0.9578315204196928 -0.03510959873317143 0.2851773037380385 28.110724832790492
0.2244121445127037 -0.01887664030077322 0.9743114809167385 -1.8942755701181524 -0.028212009346229076 0.9992674499984975 0.025858188299892584 0.3500165799582693 -0.9740858647592932 -0.03329017609535345 0.22371520344331233 28.044360810217114
0.19529781110653532 -0.017674763700315198 0.9805847070524493 -1.989660966064181 -0.02587696453330041 0.9993966400206707 0.0231676201181814 0.35251840520010225 -0.9804025436949563 -0.0298991411839215 0.194722606989855 27.98610964849632
0.1621764044684209 -0.019025770041955832 0.9865783465635202 -2.095098362698895 -0.025814779431328237 0.999390103409881 0.023516342600478156 0.3568158256590973 -0.9864240523206078 -0.029282098297454828 0.16158634757519322 27.93215355232425
0.10868437853309641 -0.020215596014028527 0.9938707338183751 -2.1866593085014427 -0.026612876558718784 0.9993756846141525 0.023237809777771172 0.36835561170973635 -0.9937200112024246 -0.02897534606859899 0.10807853004209446 27.885941782870322
0.05589717356988293 -0.021079183733185833 0.9982139920878912 -2.4394124301738036 -0.026843306333666776 0.9993839895883908 0.022607040042245286 0.380885461707087 -0.9980756198264626 -0.028059033617310308 0.05529690534277073 27.832606352224627
0.01717303921637033 -0.02048389382721041 0.9996426845717186 -2.564134942065194 -0.026797633932920974 0.9994215400872133 0.02093972362052314 0.3954772201994189 -0.9994933584269947 -0.027147657419790444 0.016614185413300564 27.808615496105908
-0.022194992327141554 -0.01937104148718272 0.9995659783462539 -2.709732145494839 -0.026067075455060026 0.9994835764633557 0.018790634828116385 0.40170657826063444 -0.9994137731154306 -0.025638703784030478 -0.022688476710797538 27.785263281280184
-0.07012379762817564 -0.01939302100359314 0.997349770011785 -3.1029823866706154 -0.025209150443238293 0.9995261484180641 0.017662880922551406 0.40614899114495756 -0.9972197108662343 -0.02390375210941259 -0.07057945093976639 27.78148846370108
-0.10337578027040566 -0.017917880904473552 0.9944809689468076 -3.2357414470952195 -0.02404869335630753 0.9995904648508728 0.015510091136875539 0.41329012887569533 -0.9943516020006916 -0.022312600097545713 -0.10376434587828268 27.779349375345195
-0.11799766001189939 -0.016170720212195854 0.9928821984704621 -3.0869275308212245 -0.022364694811268408 0.9996570561655217 0.013623159856856333 0.41630299112486 -0.9927619919485825 -0.02059800636725599 -0.11831884666433927 27.749365335979586
-0.12629996353574355 -0.016393698004425458 0.9918566256655306 -2.867226222770512 -0.021921236313399317 0.9996653983069947 0.013731381074496679 0.41980081801735203 -0.9917498568738813 -0.020008450551220587 -0.12661707348212314 27.72043011782444
-0.13378722517308667 -0.019484594824394755 0.9908185146357621 -2.6132864019156155 -0.023405275130665364 0.9995899412126961 0.01649674278334849 0.4198787600917161 -0.9907336531462659 -0.02098332649822883 -0.13418840684844957 27.694477336765416
-0.15041398494440977 -0.026394843250501884 0.9882706842676896 -2.364272068432104 -0.025353395164306854 0.9994177420852729 0.022833794227437795 0.4316061277969796 -0.9882979502593272 -0.021621495206389053 -0.15099560410241977 27.662991772631983
-0.1767672703141233 -0.03310041590645371 0.9836959360557084 -2.2218068288521327 -0.02765734052047252 0.9992067412116096 0.028652396629488798 0.4446076823883158 -0.9838640168544789 -0.02214160753194534 -0.17754251759754044 27.64400328049125
-0.2041698892240649 -0.03676508036321929 0.9782448493092729 -2.1644342945953183 -0.02780069766515924 0.9991092302485265 0.03174692491455735 0.4433405306739858 -0.9785406366337401 -0.02071412315513645 -0.2050101157463951 27.627664078406436
-0.2334564511332955 -0.035842535569322764 0.9717064361566263 -2.278617962034587 -0.027845568767112125 0.9991569911044382 0.030165069652904473 0.4488019002090589 -0.971968471569055 -0.020015488280089016 -0.2342577010572466 27.64531977832003
-0.245560817158609 -0.02946204783915862 0.9689333686139219 -2.2213331303848856 -0.02754260066278525 0.9993465551802498 0.023406575958505225 0.4587649604134513 -0.9689898297841564 -0.02093920692132493 -0.24621181813304438 27.629451745521582
-0.24328371268262505 -0.022614536308888163 0.9696915065580879 -1.75845667279726 -0.02650764661956316 0.9995097827785783 0.01665949580912516 0.4723864857034395 -0.9695928938549683 -0.02165125579396899 -0.24376390895391742 27.516037229789834
-0.24177222368907036 -0.02101160160824867 0.9701055120193375 -1.174403439747098 -0.0254673062087189 0.9995585274754292 0.01530249867263208 0.4798286422646337 -0.9699987670955644 -0.021006254997281173 -0.24220059678719963 27.372668351703233
-0.24464333605131208 -0.025271391048310478 0.96928375356248 -0.7323998303164378 -0.025444755966216547 0.9994833505567604 0.0196366074884199 0.4904447691786286 -0.969279218037561 -0.019859223406718446 -0.2451599655860995 27.266032100159688
-0.25912294695474597 -0.030792235865902618 0.9653533739371655 -0.37957064148401126 -0.02663638726553958 0.9993393337282772 0.024726482502887368 0.5041527240826581 -0.9654769812040728 -0.01930632730231243 -0.2597719470827591 27.18527575983503
-0.280400701046086 -0.03306373790969692 0.9593134191119733 -0.18947545320655257 -0.027543618280135938 0.9992721897144495 0.026390148831136703 0.5155537935146033 -0.959487777902826 -0.01902314639407096 -0.28110731750768775 27.140485105354102
-0.2902188642852913 -0.028842070787412754 0.9565255593896337 0.2931365202730584 -0.02684009866063024 0.9993978155423774 0.021991257194934107 0.5230088986053103 -0.9565838279611695 -0.019290962698112764 -0.2908182230214204 27.002002860449704
-0.2888886127292909 -0.02254476826769791 0.9570972274848069 0.9939641316556052 -0.02623661481098314 0.9995336385003831 0.015625157581537125 0.5301097159153052 -0.9570031397433383 -0.020597061196771932 -0.2893453846036782 26.788587044344062
-0.28932410949902815 -0.02200728866991505 0.9569781809989166 1.6584820786811267 -0.02742865366203797 0.9995157754097788 0.014692980136050263 0.5359752520490274 -0.9568381412866459 -0.021997589694996694 -0.2897876419496321 26.598492611429418
-0.30013037559213473 -0.026434918782977927 0.9535318309924756 2.039279961789034 -0.030103872322412174 0.9993805091880568 0.018230598624778736 0.5512641557426328 -0.9534230511782902 -0.02323344408302907 -0.3007402410019661 26.499735708210974
-0.31725654160880806 -0.03018423609540437 0.9478592715681783 2.2846328727726553 -0.03025627826954429 0.9993066905173232 0.021695527479010965 0.5643783672727268 -0.9478569746705964 -0.021795645864564443 -0.31794984728672526 26.432924756144917
-0.3264116392409348 -0.030785319604573553 0.9447262597519411 2.581838141376821 -0.030191485557098934 0.9992990738781747 0.022132219637434867 0.5706151704875044 -0.9447454238936024 -0.021298475134817273 -0.3271123033287348 26.34360073154505
-0.31834358195999596 -0.029161728613863517 0.9475267581494111 2.7117623934030863 -0.030807571322010834 0.9993170286109438 0.020405143406387154 0.5752323666719505 -0.9474746737375725 -0.02269515173880498 -0.319024564435772 26.30866405824688
-0.31116514408634194 -0.029054728206393262 0.9499116147698061 2.8147711640821274 -0.0305277080035689 0.9993223197737146 0.02056599732890472 0.5794719473406116 -0.949865417914441 -0.022599202882763274 -0.3118412478798929 26.28487617590053
-0.32444349630841013 -0.030701241548334982 0.9454067121988119 3.0640061290804583 -0.031460149732079314 0.9992704162982567 0.021653962453686344 0.5937291838075248 -0.9453817624018408 -0.022717149436082367 -0.32517265327743794 26.21920052413179
-0.3416076249123016 -0.03328978530374314 0.9392529056629043 3.2738745118769836 -0.03183325572737052 0.9992089078281289 0.0238369953374075 0.6016687148374184 -0.9393033984988943 -0.021756578576385643 -0.342397104043065 26.157789797433015
-0.34055105703019595 -0.03380426396935551 0.939618140146894 3.421760856867444 -0.030753157519687883 0.999219235601764 0.024802469756012246 0.6101262913871238 -0.9397229489898532 -0.020449717379924136 -0.34132475474377144 26.115514004073884
-0.3304874587694722 -0.03300607700280093 0.9432330774930356 3.629389664270662 -0.028613559045475266 0.999279327400812 0.024941733462885942 0.6147844985824551 -0.9433765440346967 -0.018746325247037624 -0.3311937068467406 26.04462074546776
-0.32420890595248314 -0.03280811309439783 0.9454164230730712 3.961077621438312 -0.027855422232581736 0.9992961450533963 0.02512548374992829 0.6257525097064394 -0.9455753067595086 -0.01818906805222637 -0.32489459375319396 25.93789931668762
-0.3176330983701319 -0.03359037927218374 0.9476185420516748 4.313511282396486 -0.027326333176397953 0.9992815274686047 0.026262147192226006 0.6284129603237554 -0.9478198596436574 -0.01755321282171732 -0.3183227896094041 25.82852507740058
-0.3151702578319811 -0.03471052249914342 0.9484001730313845 4.6809678715151515 -0.027488204711581914 0.9992455313605834 0.027436593404450375 0.6336564333193144 -0.9486369733358787 -0.017422619887474535 -0.3158866017044723 25.717306102011978
-0.315679519543622 -0.03479321901752428 0.9482277536811016 4.951131096969575 -0.02775821351426672 0.9992384179983258 0.02742381408012723 0.6385150140255272 -0.9484597632599944 -0.01766397199396533 -0.3164049013055773 25.64114203785603
-0.31698789604604677 -0.033360520921835515 0.9478426817801179 5.187522060649081 -0.028217097740006598 0.9992705143386547 0.025733918638511016 0.6439608255483977 -0.9480097410656875 -0.018588028867697778 -0.31769799500056994 25.570405423540617
-0.3130318911427855 -0.03300726642135203 0.9491688761706013 5.457264093113647 -0.027713664571648304 0.9992877791043074 0.02561029731949195 0.6452643890889568 -0.9493381841702045 -0.01828810805339083 -0.3137236955989237 25.485039745490667
-0.31148547516710123 -0.03398680005289465 0.9496429308861782 5.78906738808666 -0.027790802320905698 0.9992585285224953 0.02664703513375015 0.6443995578418262 -0.9498444451942039 -0.018091174567272657 -0.31219903801339793 25.381308243439136
-0.3074799706312888 -0.03475679423574655 0.9509195722641516 6.109855914920656 -0.027044845091384925 0.9992481889899117 0.027778285662838628 0.6440219330421643 -0.9511701446190186 -0.017176206066452787 -0.3081887959199654 25.27847675311438
-0.30902379161682586 -0.034679362491029285 0.9504218211047017 6.361956468347329 -0.026521643885460817 0.9992605490117361 0.027838060176284502 0.6462146625193634 -0.9506844369297172 -0.016604126173377212 -0.3097150373708796 25.20131604502574
-0.31420023607529074 -0.03321934205613723 0.9487753616971673 6.594748445881354 -0.026122619750209797 0.9993117251823752 0.026337893811261195 0.6500886334324482 -0.948997271011681 -0.01650912554875862 -0.3148517562059928 25.12715955044452
-0.3142838769546738 -0.03085545092216017 0.9488274794896759 6.7870585929552405 -0.024643559232731305 0.9994000162955244 0.02433726395572728 0.6534331595105823 -0.9490091357171871 -0.015733676521971728 -0.3148556998823743 25.066581378616657
-0.307045413018062 -0.029068842211022974 0.9512508169547506 6.848780486271659 -0.02456312928282613 0.9994424969235752 0.022613005616397817 0.651203875726826 -0.9513778255900246 -0.016422477148186853 -0.3075882559850335 25.052081291484917
-0.29860817462684924 -0.02824387038438232 0.953957777803469 7.033847530541576 -0.024846207078175746 0.9994532693757253 0.02181348958797143 0.6504114600826082 -0.9540523172446307 -0.0171885461830354 -0.2991466694453813 25.004027246703927
-0.3011580703456415 -0.029084909333931597 0.9531305706537421 7.33112039667346 -0.025186584951233694 0.9994286387573699 0.02253956454963727 0.6532408599563401 -0.9532415499778552 -0.017218132321188507 -0.3017185498360786 24.91934902390644
-0.30701032848984666 -0.029752771486371826 0.951240995116084 7.680611074909062 -0.02480506232143141 0.9994218130240059 0.023254000409418277 0.6596724858383152 -0.9513828709219997 -0.01645637386215633 -0.3075708384673728 24.819136930224474
-0.30651821433839443 -0.028295689669400572 0.9514441330025305 8.06878422032833 -0.025027975926194827 0.9994520637557817 0.021660394164224817 0.6656643997567152 -0.9515356980690951 -0.017173415514822637 -0.307058445739106 24.711009420564178
-0.30938711886333686 -0.027994055235004072 0.9505240362836412 8.481780581180313 -0.025548703936050264 0.999450472244255 0.021119120671241293 0.6770533085012234 -0.9505929067737839 -0.017750673289707728 -0.3099323138834199 24.596209306692952
-0.31601148943290636 -0.02851048520411262 0.9483268902545282 8.886179224443277 -0.024899555223559033 0.999453319806099 0.02175025696949618 0.687109283905434 -0.9484285691057948 -0.016739586673399663 -0.31654863061137833 24.480529144740295
-0.3276124112505117 -0.02860313784295933 0.944379144464851 9.249555409285195 -0.024489321103840486 0.9994628959578696 0.02177596738113312 0.6953723796640546 -0.9444947756057196 -0.01599312693152436 -0.3281369207273905 24.366489606123153
-0.3449349800128223 -0.02504180124782435 0.9382924745269035 9.494684279574646 -0.024822745917458443 0.9995377896098292 0.017551023531868788 0.7062559077853541 -0.938298295239137 -0.017237033740274917 -0.3453971537508171 24.29077671391969
-0.3353330696657334 -0.020541808336848776 0.9418756640336399 9.381565138402802 -0.022735466181433225 0.9996475415237812 0.013707344855043374 0.7052761753389549 -0.9418252656231245 -0.01681745627954327 -0.335681906271721 24.34085097962662
-0.3132764831825956 -0.01571884031522055 0.9495318652598717 9.474588352422561 -0.021537302311071916 0.9997234396544309 0.009443982987978775 0.7026137446595047 -0.9494177108596121 -0.01749177705838759 -0.3135283847459962 24.31442641770009
-0.302336301253948 -0.012688097620549014 0.9531168727511097 9.809274875097817 -0.02179955865580622 0.9997419160693446 0.006393785765105147 0.6976189321177371 -0.9529520135801665 -0.018844453634144352 -0.3025348680412502 24.20761369196617
-0.2909436564899336 -0.012674454841980855 0.956656232375417 10.234495769115384 -0.020963425424076445 0.9997566395762482 0.006869964897971525 0.6867645610352343 -0.9565104931691845 -0.01805601887650665 -0.2911385523072729 24.080714419569244
-0.28603888272582617 -0.012885649757781215 0.9581313676105598 11.02418532958867 -0.020934344076559266 0.9997549573219006 0.007195731260309548 0.6718707414976072 -0.9579893062070393 -0.017999592790009494 -0.28623854361764195 23.85110100492854
-0.2773605012681436 -0.014410019099005161 0.9606578494374838 11.550765786185755 -0.021660825766800198 0.999727154362484 0.008742165486404363 0.6626126971844767 -0.9605217129057436 -0.01838391089669612 -0.2775969575783533 23.70320691853754
-0.2693285364914943 -0.01818771988440913 0.9628765997139802 11.922413205298211 -0.02293759543695615 0.9996591675468888 0.01246657350809096 0.662071621408197 -0.9627751586673385 -0.01872846990195346 -0.2696539231463385 23.610810279693485
-0.2682098380341858 -0.0236313864017557 0.9630706310330552 12.361817862998652 -0.024395425372341527 0.9995451093276904 0.017732389573855475 0.6666704276215747 -0.9630515801360677 -0.018738516372097884 -0.26866432960405157 23.504330996238256
-0.26732442105581294 -0.026379149306260084 0.9632454486728982 12.933746348153765 -0.023953864509626794 0.9994982347401494 0.020724167688486315 0.6798117968886158 -0.9633088114837461 -0.017533374837837068 -0.26782216951657906 23.359682338286156
-0.2692797374285459 -0.02544970813589286 0.9627256802257907 13.36929621030148 -0.023392469703030473 0.9995286859920974 0.019879593559845053 0.695706323664812 -0.9627778639808898 -0.017167359573029915 -0.26974815364277155 23.260297227954144
-0.26966489081918654 -0.02044561189679632 0.9627371518818841 13.840857087999966 -0.02215934877539623 0.9996415801673371 0.01502246525709483 0.7080232060694631 -0.9626992312873868 -0.017282596874192774 -0.2700212990190918 23.145267970307398
-0.26465183254086694 -0.01702751763148942 0.9641936896578767 14.38381271181318 -0.02200386093301374 0.9996904157364715 0.011614765976181527 0.7120906508098768 -0.9640929610970095 -0.01814211475959157 -0.2649445716281963 23.013209994818798
-0.2613415339794737 -0.014554773585267446 0.965136654149627 14.93020513838449 -0.021717171662707514 0.9997218629144592 0.009195719972685052 0.7173948050719666 -0.9650020554756484 -0.018556814832431424 -0.26158493372334524 22.881704053531486
-0.2580933350043901 -0.014583400719226824 0.9660099144676382 15.6905393626889 -0.022702387556447285 0.9997015171743618 0.009026525273679434 0.7173992709510908 -0.9658532145339409 -0.019601045450229473 -0.25834737659149876 22.686719890346488
-0.25596154028744006 -0.017117770126884965 0.9665353960613983 16.52616778591937 -0.023368089162580496 0.9996605994010817 0.011516006858290276 0.7169324255456287 -0.9664044817272782 -0.019638430460544098 -0.25627467636595636 22.468267088430892
-0.2513795418050706 -0.022425006405030545 0.9676287744014261 17.12841889795459 -0.023601049213410937 0.9995763252196168 0.017034099226923834 0.7155652533900093 -0.9676008042772062 -0.018555030266234347 -0.2518022923126801 22.312480760745466
-0.25052412646108846 -0.02773377889073458 0.9677130254209388 17.5451417148966 -0.024679119997420833 0.9994476917438284 0.0222542693451175 0.7171278546790522 -0.9677957445127863 -0.01830707448971517 -0.2510702051749007 22.213530518690572
-0.252649071182896 -0.03199016836641595 0.9670289943731298 17.955104688963537 -0.026089803946690856 0.9993151074439824 0.026241916169443272 0.7247826656715733 -0.9672061667299482 -0.018599601127691313 -0.25331065093565996 22.114796305731385
-0.25844135695846154 -0.032388946585978046 0.9654838274940278 18.24099613122692 -0.02548588675352036 0.9993185064536126 0.026701914457697488 0.7319909811023343 -0.9656907033775631 -0.01770533248403209 -0.2590906918663314 22.04393485411344
-0.27289304044263896 -0.031336373818667204 0.9615338892383701 18.428308924149032 -0.025440440998743347 0.9993549054665027 0.025348705722868282 0.7393404847221916 -0.9617079455010018 -0.017544360801461743 -0.27351420980326907 21.992141187705958
-0.2908751456164133 -0.02968687651664234 0.9563003393418376 18.52925527285864 -0.02577727981228454 0.9993988316232649 0.023184201421011862 0.7492228852628227 -0.9564137083438871 -0.017907113467460132 -0.2914655276000135 21.96831537155812
-0.31032134884477647 -0.027350282869309055 0.9502381924960315 18.625217023145982 -0.026878560158536895 0.9994388417172313 0.019988613526726373 0.7555416957900063 -0.9502516526978306 -0.019338140910793285 -0.31088234567300876 21.940891757245158
-0.3162761800411512 -0.023296442007815672 0.948381069891397 19.07279295102152 -0.026397177304380584 0.999527457708514 0.015749613236942586 0.7571801764297527 -0.9482998296788491 -0.020053355742335636 -0.3167416864805344 21.801362682947236
-0.29935997306948087 -0.020798258579630902 0.9539135385158828 19.35452221104155 -0.025802307699025532 0.9995732333763885 0.013696424163825355 0.7541013954858926 -0.9537913018272085 -0.02051300947022212 -0.2997688592920057 21.71370374982778
-0.2846889241907004 -0.021144264214048785 0.9583867364138481 19.333323121759495 -0.025540847111461738 0.9995691081410781 0.014465931662965037 0.7550727189928508 -0.9582796468526125 -0.020359718585853177 -0.28510629647051733 21.730465092208327
-0.29194662357892914 -0.02404185636536993 0.9561323957085485 19.776441076045757 -0.02610976836633022 0.9995117839263407 0.017160238583397026 0.7656670459344148 -0.9560781604956345 -0.01995452166526297 -0.29243181784544436 21.610679460489028
-0.308988011718918 -0.027012127981294643 0.9506822568849752 20.05666089822923 -0.026226590531958607 0.9994584496876019 0.01987393511920535 0.7774814509680174 -0.9507042518906997 -0.0187923465798065 -0.3095291151846073 21.532964554428247
-0.3293008245046935 -0.02978579508290566 0.9437551448293177 20.221174072618634 -0.026337608174342712 0.9994031762408557 0.022352219472390435 0.7920313679517705 -0.9438576679649217 -0.017495648915266598 -0.3298887765487788 21.484606773278532
-0.35148800039636807 -0.031209224988777144 0.9356720418249981 20.316292871836005 -0.028195728656194713 0.999343704546491 0.022741175625727125 0.8041878890709429 -0.9357676989845853 -0.018388704655135868 -0.35213728725909926 21.457756590322326
-0.3762139991282612 -0.031019126023328146 0.9260134127973894 20.30223750483184 -0.028714943651410196 0.9993496850384426 0.021809608539827767 0.8180022968748287 -0.9260877274162604 -0.018385342920736607 -0.3768600539917571 21.46551867649168
-0.39984956733986715 -0.029384134209910318 0.9161096529099854 20.37975879186761 -0.028985349040618953 0.9993914760327641 0.01940430813105648 0.829826562206055 -0.9161223570239466 -0.01879495383834381 -0.40045795868118306 21.42929726179878
-0.4103662241211498 -0.02589765360396448 0.9115530010034294 20.835426804238303 -0.0281012668006305 0.9994810722147744 0.0157450020197865 0.8352427214026591 -0.9114877294318048 -0.019154577056473113 -0.410881030558771 21.226399290104688
-0.41168196230031645 -0.023669655268658277 0.9110201476015898 21.586246946563303 -0.026753958415158898 0.9995456851952959 0.013879802469224455 0.835461779826722 -0.9109347878007941 -0.018659330827433762 -0.41212818606277307 20.88353560538345
-0.4031878011848182 -0.02347315527053628 0.9148161607434556 21.92866286247331 -0.025446927040848423 0.999571984717671 0.014432646041272139 0.8364571084395177 -0.9147633851876269 -0.017460193275568497 -0.4036125503138506 20.724874041341998
-0.3953634486614831 -0.026894375064558565 0.9181309471161424 22.07347115633449 -0.0260354181368366 0.9994977531249599 0.0180665021682408 0.8376760759313 -0.9181557060024926 -0.016761088510052737 -0.39586508490522293 20.6669614302734
-0.3998989258781849 -0.028595684810889737 0.9161130584658581 22.497159261401478 -0.02583207428812041 0.9994677794212267 0.019921391436671206 0.8471370921154426 -0.916195150074177 -0.015698557545083563 -0.4004247772947583 20.48493194812365
-0.40684880221636904 -0.02884069962599812 0.9130401229848488 22.781092215265954 -0.025154418049655087 0.9994761799049876 0.02036224582688608 0.8511010575269942 -0.9131491156364803 -0.014682637624565526 -0.4073611576533737 20.351005491634467
-0.4160488870854356 -0.02642363572802333 0.908958258133938 23.073337851673536 -0.022528603052231748 0.9995704334640058 0.018745948604797075 0.8647065963792194 -0.9090631362009368 -0.012678328734160894 -0.41646545400671975 20.206261285835698
-0.4214377558947003 -0.022511514133788955 0.9065778784185298 23.57287818358304 -0.01937129143030369 0.9996872155451457 0.015818474765741768 0.8688401222458553 -0.9066504127693092 -0.010895081780160616 -0.42174201381679116 19.96353600472902
-0.4158712151179774 -0.020207230054733922 0.9091989882802395 23.84896253552038 -0.01678685900413995 0.9997533433349726 0.014541452998865657 0.864653060448352 -0.9092685707760219 -0.00921522349474786 -0.4161078536327689 19.82176751663446
-0.40951505803015986 -0.01812614563850513 0.9121232702276847 24.136701739155946 -0.014726856146244175 0.9998036709258101 0.013256670446269752 0.8660205519877145 -0.9121844862496842 -0.00800390202119406 -0.40970159945725443 19.68794910248273
-0.42596328973434383 -0.018107201034506602 0.9045592324825338 24.452256487632976 -0.015101343990506756 0.9998027189166165 0.01290242832261245 0.8711908708718021 -0.9046144069206354 -0.008164099315645955 -0.42615269830659114 19.549777841605533
-0.43649155357289965 -0.017704912291241846 0.899534134838848 24.296278305373562 -0.01440963684121412 0.9998156902109241 0.012686527269355301 0.8724400493787056 -0.8995929557447733 -0.007424398212057693 -0.43666622526314997 19.62163214244518
-0.4239095679025718 -0.017217433013007623 0.9055408539878788 24.13667663404614 -0.012857403534872282 0.9998329423015917 0.012991330296862244 0.8714377278643494 -0.9056132537761323 -0.006135754964412565 -0.424060122029908 19.700010146315254
-0.41658639551978716 -0.016979962321624548 0.9089375423797755 24.425856189415885 -0.011404399756313301 0.9998444888219377 0.013451313638250686 0.8673049614226946 -0.9090245952305286 -0.0047622528232549284 -0.4167152579568186 19.568100354758823
-0.42046200791210125 -0.01705125535448922 0.9071499074537561 24.94985117020634 -0.0107208954645553 0.9998469607434388 0.013824525038650184 0.8712272998703694 -0.9072468034129182 -0.003912771772310774 -0.4205804654451936 19.336860479129328
-0.4182221191468414 -0.01767421322602602 0.9081728256467292 25.0698421598079 -0.010357487419302612 0.9998384732738109 0.014688424553100564 0.8763193824158075 -0.9082857378108942 -0.003263364572662302 -0.4183376255382508 19.287858918659406
-0.40569877399366033 -0.018151989599019334 0.9138265754800725 24.909621977212645 -0.010372977973174014 0.999829825804831 0.015255187938800135 0.8775011203520356 -0.9139479777908618 -0.003290091894941757 -0.4058180247195952 19.367789119661417
-0.4030055721107983 -0.019561922682414575 0.9149884371010459 25.219830945461258 -0.010592091705206245 0.9998042732290016 0.016709961889123017 0.8810078018608656 -0.9151362283512515 -0.00295743368390197 -0.4031338948104572 19.240557075870587
-0.39769915580406157 -0.021601917712248994 0.9172615431946818 25.599162984014505 -0.010887470759768305 0.9997635250607814 0.018824370865840316 0.879651017492121 -0.9174512763374352 -0.002500221828704796 -0.39784030016781285 19.082122711525574
-0.38913231479198895 -0.022540231149917243 0.9209060644627851 26.010577074621196 -0.011635553722590264 0.999741110354427 0.0195531623239009 0.8758058440923463 -0.9211083842166423 -0.0031064846699128566 -0.3892938405353964 18.91071829824135
-0.3847190852966512 -0.022561143636853593 0.9227579423696683 26.73808763445421 -0.011191140429377772 0.999741770511257 0.019777529443944952 0.8749303322107822 -0.9229658627405429 -0.002717920678280563 -0.3848722244106332 18.613861928760258
-0.3806962410420489 -0.02217048671252403 0.9244343359997956 27.44087078288675 -0.010529381258888457 0.9997516577950617 0.01964064322597364 0.8808553621649036 -0.9246402025581388 -0.0022566025247731094 -0.3808351396054285 18.335766749015292
-0.3782575927871937 -0.0215879652306412 0.9254486226993034 28.060110307367175 -0.011003511192818225 0.9997622610858005 0.018824028528362104 0.8840631982503707 -0.9256349800219653 -0.0030628525605542987 -0.3784052096548426 18.09391330950229
-0.3752265743421823 -0.021101505291117015 0.9266929072685721 28.762379963672547 -0.011799155631220108 0.9997685807979776 0.017987906370299872 0.8876461877572401 -0.9268580246369005 -0.004184653348294179 -0.37538871965275383 17.82235178226238
-0.3710409998136447 -0.020403750558608835 0.928392300388382 29.48725945891675 -0.010996315294646147 0.9997850243648787 0.01757800061607044 0.8840030126537707 -0.9285513758038529 -0.0036867355288808593 -0.37118560111338994 17.540784771392673
-0.36649986275143 -0.020857326512716268 0.9301842949297326 30.26587435442924 -0.01067299598974941 0.999777170276039 0.018212549284437093 0.880902826735785 -0.9303568873071143 -0.0032529564364130814 -0.36664080585040887 17.241704845530975
-0.3606633548962464 -0.021537941116249227 0.9324473505391367 31.05865492653921 -0.01059272848577338 0.9997634518399535 0.0189956434027955 0.8821265209415987 -0.9326359088831007 -0.0030261291334748664 -0.36080618620563704 16.94256941797287
-0.3566078212820392 -0.02195030295717788 0.9339962772948099 31.789546108719005 -0.01018127701232512 0.9997558952981253 0.019608452642690236 0.8851319914303264 -0.934198695888017 -0.0025167472519970896 -0.356744253751051 16.670631059167814
-0.34436999438327837 -0.024101451658945318 0.9385246011673805 32.22958094357302 -0.009563031991204689 0.9997086162520996 0.022163731870916636 0.8871819395067424 -0.9387853084638639 -0.0013426165655962426 -0.3445001335169 16.512687854902182
-0.325501501317869 -0.027844459954950034 0.945131450481693 32.250576449762335 -0.008979271317126643 0.999612263560838 0.02635707163912011 0.8874113701564788 -0.9454988870043278 9.267466465164614e-05 -0.325625315485421 16.52311498379459
-0.30110650660062355 -0.031163479423037144 0.9530811661306801 32.11001853621819 -0.010104226345993174 0.9995140189352912 0.029489499178005373 0.8879759715050151 -0.9535369821316388 -0.0007506677497963632 -0.3012750573897747 16.588089778379327
-0.26493726150875707 -0.03341075927720216 0.9636866547943681 31.62622677864318 -0.010344384025855757 0.999440515141655 0.03180645237223503 0.8734967556931985 -0.9642101644264914 -0.001542030447976579 -0.2651346468470909 16.757666616417435
-0.24083589507733502 -0.0336737444119669 0.9699815207412845 31.7061173368751 -0.008372756193307138 0.9994328432571862 0.03261730786841145 0.8783521405964443 -0.9705297360699578 -0.0002660002496781991 -0.24098124542760802 16.74609841116142
-0.23590233597292298 -0.03607316125565554 0.9711070048761569 32.51891924738581 -0.0083830654206345 0.9993491424659586 0.035085832848954904 0.8939393079829157 -0.9717406094718215 0.00013597637631072398 -0.23605120083099293 16.5541364200364
-0.22601471447623542 -0.03981719620004013 0.9733097861046047 33.031777401385106 -0.0078114517353288365 0.9992062291417461 0.03906267868588734 0.9037596549587671 -0.9740925675016762 0.0012257777521883996 -0.22614634068870101 16.433910561032288
-0.2181615278143935 -0.042194049677873983 0.9750001076684396 33.100458962990885 -0.008483948994246149 0.9991091554722614 0.041339062168429606 0.9035280030539186 -0.9758757966007496 0.000746741778235253 -0.21832515197650543 16.422064168140835
-0.21174548980512883 -0.04039873932185221 0.9764895234504003 33.259541505985155 -0.0075504587708520796 0.9991831032887338 0.03970033595126687 0.9106937110530973 -0.9772956758931923 0.0010334231944479245 -0.21187754462652625 16.394279192180022
-0.18221816422296372 -0.03492464729049951 0.9826376797369648 32.802817442486635 -0.005260940954224025 0.9993893151940212 0.034544452178311875 0.8944886379663116 -0.9832440506443377 0.0011250278475280744 -0.1822906228659425 16.50238491864392
-0.1602758466573343 -0.030048512990091498 0.9866147879721637 32.82498725544204 -0.002468592021464608 0.9995456095510198 0.030041312899241876 0.8946334476646942 -0.9870691764165783 0.002379347465776799 -0.16027719636283588 16.5025007719125
-0.15718731698039906 -0.03004408504191958 0.9871116959769528 33.58773212746512 -0.0016759297876032004 0.9995438115033203 0.030155598895734593 0.9092902072907741 -0.9875673843540229 0.0030857477873783043 -0.15716596171163238 16.386587171430907
-0.15454296544223767 -0.03130031451302002 0.9874901326816908 34.311847307032295 -0.0016049591156205886 0.9995046681847961 0.03142995995918341 0.9268011159843041 -0.9879847650336272 0.0032723979257901215 -0.15451665111973836 16.277206577158832
-0.15211725149902725 -0.032659879261071105 0.9878226936465024 34.93029551525322 -0.0017459310841175589 0.999461203616135 0.03277581716500961 0.9407445141049883 -0.9883609125825575 0.0032610968763417277 -0.15209231317240224 16.180895689338044
-0.13884292936752546 -0.03231418526139436 0.9897870651789373 34.987920814682575 -0.0025615177453514946 0.9994758673231864 0.03227118320424626 0.9384961047650825 -0.9903111024276559 0.0019452684786584059 -0.1388529306102738 16.17652138858293
-0.12547600797211564 -0.031320407959620225 0.991602139705548 34.95308465650001 -0.003936242764260257 0.999509395666693 0.031072076964693714 0.9351788912070976 -0.992088845525579 -4.386570508861081e-06 -0.12553773362808396 16.18574584690438
-0.11432215753764852 -0.031191003541072754 0.9929539594533245 35.017420336527124 -0.005675991896569741 0.9995111911465463 0.030743485306628307 0.9305230842448955 -0.9934275149259361 -0.0021213370570431745 -0.11444331573824397 16.19156117769463
-0.10208430835534113 -0.03248680954334809 0.9942451413978861 35.19005627578142 -0.0057748168413900925 0.9994691164466356 0.03206457172373557 0.9247765951254683 -0.9947589886389837 -0.002468293959887019 -0.10221771884985344 16.180204314715944
-0.08296597369891591 -0.035165400403288444 0.9959317455642551 35.183544747400205 -0.005699023999749068 0.9993776182670518 0.03481231437755799 0.9162579299621547 -0.9965360848126048 -0.002787601361035809 -0.08311474565328934 16.185234516100945
-0.061482288267555155 -0.03761733209001667 0.9973990498069525 34.86450413045154 -0.006784818296612243 0.9992821945107768 0.03727012173852794 0.9064521792951051 -0.9980851138405288 -0.004475718953658831 -0.061693382706581555 16.215523491909874
-0.04408529909048985 -0.039589257871694115 0.9982430450873514 34.51400759441932 -0.008071581046295987 0.999196012082955 0.03927058717321797 0.8915134663930243 -0.9989951631432005 -0.006326144061333388 -0.04436940294617664 16.24279990455204
-0.012090295754801576 -0.04009280447849133 0.9991228111586726 33.804135946838386 -0.00838309606003755 0.9991647912008405 0.03999304595834649 0.8651211719188611 -0.9998917683674592 -0.007892214747946127 -0.012416299664662976 16.277993322210893
0.005006649077074302 -0.039152750725836544 0.9992206941289884 33.696489142416915 -0.00943940820931439 0.9991868483067005 0.03919872119825172 0.8600481825319956 -0.999942913889424 -0.009628306264387716 0.004632999115280059 16.284584417005405
0.005986887128926564 -0.03922170050444539 0.9992125976948266 34.258043046922865 -0.010921330093430399 0.999168345131993 0.03928539977119597 0.8758901244228074 -0.9999224378578028 -0.011147927867184177 0.005553554967066108 16.28985779987668
0.020019267893069556 -0.039002671841275705 0.9990385480562127 34.18445234933972 -0.010677168594966797 0.9991734789675996 0.03922189437770965 0.8752703811556193 -0.9997425803594722 -0.01145209662128807 0.01958628344419845 16.289272326629597
0.034316923272314344 -0.03921867098749444 0.9986411991416613 34.14529510374035 -0.011074472024031681 0.9991534733650834 0.03961934794864702 0.8745552713592185 -0.9993496409397997 -0.012419038145592622 0.03385354700806447 16.286299014643067
0.03436187631708109 -0.03870405991776797 0.9986597304396776 34.77503378929792 -0.011372948717692203 0.9991699858538703 0.03911515571026716 0.8822061803267188 -0.9993447440665456 -0.012701776043354342 0.03389317618503834 16.309309666922097
0.047000437665499904 -0.0374787172205785 0.9981915170019977 34.86203364426578 -0.010333176890440407 0.9992241584944271 0.03800403316033486 0.8768504990281354 -0.9988414210046545 -0.012100695707308609 0.04657669856051114 16.315709170891328
0.06543505837277129 -0.035199565359784836 0.9972358014703606 34.75600812989954 -0.01049107257160486 0.999298134742829 0.03596074659677476 0.8650697982903977 -0.9978016789583212 -0.012815166716916487 0.06501985058401928 16.31456122955498
0.06606293977255702 -0.03326366530734434 0.9972608568268018 35.44189781639351 -0.011593453505539765 0.9993511330781549 0.03410138781956203 0.8753857985036133 -0.9977481043953017 -0.013814535306200615 0.06563443295901347 16.362003868651644
0.06535144007183016 -0.03267225750454568 0.9973272847315935 35.99856864728458 -0.011678585908364549 0.9993703331541435 0.03350444511635195 0.8823998515075602 -0.9977939666643182 -0.013836936110655066 0.06492872467060014 16.39475463863867
0.06033900387770458 -0.03249630134580777 0.9976488335130189 36.2373556747719 -0.012224129616737337 0.9993709179887517 0.03329172469895087 0.8865804515161676 -0.9981030884964515 -0.014204178158555424 0.05990380669607198 16.408319927078963
0.07156681933755499 -0.032460901339473755 0.9969074582197354 35.88290896527431 -0.01111456135462889 0.9993822851140298 0.03333938700924175 0.8737136310381796 -0.9973738801952835 -0.013466182996185619 0.07116182276834372 16.384468732723754
0.08913486352816925 -0.03209715358180368 0.9955022595834523 35.73103218603777 -0.011236199120947206 0.999384621570498 0.03322839144021954 0.8625953814808053 -0.995956185749717 -0.0141474697503171 0.08871936184697586 16.374991683255274
0.0812776689244489 -0.03159293258088053 0.9961906580294485 35.90989725046495 -0.01286359792041851 0.9993809996420714 0.03274363148694947 0.8709136033873203 -0.9966084829975835 -0.015475922116348404 0.08082095923644497 16.396075752661613
0.06601925273017145 -0.030497370179029107 0.9973521788621664 35.81140791632499 -0.01450732403688578 0.9993978250792996 0.03152022804567832 0.8732720652572952 -0.9977128824557864 -0.016549853139107795 0.06553706236043318 16.39273307689155
0.05261951639489746 -0.02874578030190718 0.9982008147708555 35.6992845222411 -0.016123840253829014 0.9994308460937014 0.029631160151009927 0.8782197299914529 -0.9984844556976497 -0.01765400779597314 0.05212607542203338 16.396582366657952
0.049591279906306816 -0.026153016287090523 0.998427125380886 35.85271392511184 -0.016548516103073424 0.9994983656334446 0.027003031512338276 0.8767979202749878 -0.998632490745237 -0.0178616022561581 0.04913360960485274 16.409685553366277
0.05629675018859118 -0.02133368278526817 0.9981861298861144 36.38411281717923 -0.018256643269861674 0.9995825329886153 0.02239318469038422 0.8782945110070207 -0.998247149204402 -0.019484191614696156 0.0558837667162955 16.44249241424619
0.07773864064058904 -0.015359351119469697 0.9968554529542085 36.15357989765114 -0.018792891502567122 0.999681090792673 0.016868430292738955 0.8666413088287848 -0.9967966347155879 -0.020045125211808918 0.07742520245318492 16.433137208292194
0.09934147179787786 -0.009631447511737756 0.9950067875144665 35.93270084331747 -0.017518021110234778 0.9997812512359002 0.011426662397928411 0.8520810941806796 -0.9948991863085467 -0.018565691368853002 0.09915101707286474 16.418914043738557
0.10425426434802756 -0.005801318323722419 0.9945337566271729 36.540817794512535 -0.01599498687008957 0.999843875437813 0.007509004229442297 0.8410728180717211 -0.9944220476036684 -0.016690400091039236 0.1041451956862322 16.47980356798485
0.11886698331909402 -0.004961838481927034 0.9928977895209031 36.65762609695431 -0.015388613359924756 0.9998581999299356 0.00683890427807007 0.8343437313211848 -0.9927909300832035 -0.016092240109603383 0.11877377215857751 16.498699615290818
0.13884903278490218 -0.006098282325484082 0.9902947829042493 36.65875933962595 -0.0163632282650821 0.999830395862868 0.00845128803453136 0.8197383776101553 -0.9901783631525372 -0.017377872751763463 0.13872569582878752 16.505017287832487
0.14275808005283366 -0.008612993687880476 0.9897201356541957 37.44239956535505 -0.018372536193100482 0.9997667808985334 0.01135049450967716 0.8007677801425017 -0.9895870757510213 -0.01980404381719878 0.14256654360341436 16.62403396115818
0.16622577494987043 -0.01159616745934445 0.9860195336009161 37.44780065801465 -0.018390499295840912 0.9997204813030852 0.014857617533592042 0.7928714671859223 -0.9859162141267179 -0.020603110526803158 0.1659660524283665 16.633970841764622
0.19213520503768133 -0.014344103075389773 0.9812636290478156 37.467657483946134 -0.017215872189226707 0.9996900396138859 0.017984394389269395 0.784132778746208 -0.9812174462013444 -0.02034874452508476 0.19182870449012598 16.650447414384267
0.19749426550768015 -0.014312857039784856 0.9801995496912548 37.89864100083354 -0.0161069872371604 0.9997110533477394 0.017843059616903988 0.7820565798048386 -0.9801717094742735 -0.01931196359019761 0.19720666319515318 16.742323851152385
0.20841604068721614 -0.01300450525736603 0.9779538009677523 37.91536136024895 -0.015391165396644221 0.99974416882685 0.01657434536991484 0.778369810818062 -0.9779191510610648 -0.018506208139951703 0.20816256687570542 16.761274389998572
0.2205744589808291 -0.011162973227660043 0.9753062575796545 38.244179328437454 -0.014231406163883555 0.999791227825299 0.014661781684949719 0.7801146788213155 -0.9752663098476788 -0.017113994048646115 0.220369544365344 16.842285575024405
0.22858930638028674 -0.00902846724677733 0.9734810813712568 38.889932759411856 -0.013962446030613647 0.9998237408078927 0.012551391068364096 0.776331804000144 -0.9734228162054849 -0.01646129083889467 0.22842295592714673 16.99899119624696
0.2363871802733881 -0.00910422325643145 0.9716162895512261 39.65075579386284 -0.012545697562381926 0.9998441499648044 0.012421000516392037 0.7682546929371259 -0.9715779466800725 -0.015125769403637607 0.2362361204915063 17.18364545779631
0.2603743864510686 -0.010132562289339819 0.9654545613656195 39.69835334972609 -0.01125043902815683 0.9998452033327984 0.013527638155497559 0.7653949323675235 -0.9654421818534237 -0.014384038161969545 0.2602200855895853 17.205983988000114
0.2841604280889316 -0.011762632873656639 0.9587045903594041 39.79147313058677 -0.010064093556040819 0.9998330579868483 0.015250251721205761 0.7601385378898206 -0.9587239253972992 -0.013982010747544632 0.28399460953730177 17.239529705621376
0.2912248534089959 -0.013962486807639812 0.9565527344161711 40.54807309140585 -0.007880490106462378 0.9998245466411342 0.016993346036899944 0.7601856759282248 -0.9566221733958433 -0.012486989068400699 0.29106372579113005 17.468251295944732
0.29865644132778807 -0.015592061436634672 0.9542333140661021 41.3566341593171 -0.005231251355499093 0.999824763916746 0.017974300211022663 0.7575411443543698 -0.9543463543508055 -0.010359974854052026 0.29852253995024497 17.720186829736573
0.30535416104031343 -0.015858753572837232 0.95210678827035 42.147228651544744 -0.00440194947904623 0.9998271176026896 0.018065374257927504 0.7564514815795427 -0.9522286800848558 -0.009707463181031774 0.30523156124889494 17.976572599998597
0.311782818203957 -0.015296027455608083 0.9500302657372944 42.877332551411186 -0.0037751402343834456 0.9998425765546983 0.017336966997441243 0.7599188803636155 -0.9501458954229112 -0.008991865909638082 0.3116759916298546 18.215764966253605
0.33301355581676106 -0.015367426192526104 0.9427968041176705 42.94527635006 -0.0032552987415471945 0.9998424885694507 0.01744709377945463 0.760841755200221 -0.9429164197702664 -0.008879203988143647 0.3329110768120457 18.249675982423014
0.35257404024102423 -0.014925760768209886 0.9356648800791925 43.06177342811167 -0.002644215097984363 0.9998529085220816 0.016946074661923924 0.7640563982607121 -0.9357801848055094 -0.008448845212339696 0.35248271268239634 18.297696602705848
0.36410823357991595 -0.01562053947348762 0.9312256402107224 43.379114547773725 -0.0015862762645679608 0.9998474920707379 0.017391846580121325 0.7712318181701462 -0.9313552909426797 -0.007809695667004249 0.36402792569617776 18.425397888666648
0.3900400372475146 -0.016535066203634922 0.9206494234667169 42.909600194205495 0.0008888138300639821 0.9998450492516621 0.01758088441789344 0.7626246496790963 -0.9207974692373619 -0.0060389628729817565 0.38999429684738307 18.24966892293474
0.4144625821455638 -0.018718626893140702 0.9098738269718865 42.47609627334755 0.0027324742823370894 0.9998095369483192 0.019324166514549986 0.7591623594727497 -0.9100622514891638 -0.0055229371190589184 0.41443479050394594 18.072927140767614
0.4257467779655958 -0.020168564294150933 0.9046175490593943 42.848284142047326 0.003515390845385544 0.9997808795290812 0.020635768831306123 0.765130456360771 -0.9048355226664766 -0.005605527840232943 0.42572438851739886 18.251562266674185
0.443950461270431 -0.021855520253140803 0.8957847532595291 43.049492651894575 0.004788390593487629 0.9997460882359632 0.022018864012751306 0.769140120317071 -0.8960385367010137 -0.005485917548814265 0.4439423897932597 18.34797097395194
0.46143673875388264 -0.02370529368069201 0.8868563554373914 43.18817973296022 0.005817790847837613 0.9997023156341931 0.02369458641296449 0.7696332048319421 -0.8871540392952232 -0.005774007892510109 0.4614372886915663 18.423642487446934
0.48001904428862724 -0.02454953155079735 0.8769144984665659 43.22760827512301 0.006922245790534511 0.999683236915724 0.02419727965938226 0.7607278835243234 -0.8772307562058269 -0.005544937360812436 0.4800369298670831 18.451836460444767
0.5004233318544377 -0.024224459026213247 0.865441889742223 43.25673022302163 0.007590639283855656 0.9996928259766166 0.023593132181779882 0.7625931800215675 -0.8657475793387841 -0.005237296609116845 0.5004534939365104 18.476834521476093
0.500081650736413 -0.02369385223285311 0.8656540555921352 44.05268356014108 0.007239210097410212 0.999705075613365 0.023180932467011257 0.7709080011715613 -0.8659479986892448 -0.005325707393605609 0.5001056892366317 18.938598862310997
0.4993402962153708 -0.024246146278523218 0.8660666215518211 44.86813331995617 0.006481831682201529 0.9996849190002972 0.024249713017082827 0.788509103188121 -0.8663817025039181 -0.006495160814616031 0.4993401230147658 19.416148613359937
0.49790088185884585 -0.025020849019407803 0.86687292549631 45.65392049096768 0.005796037118044586 0.9996573963932346 0.02552441556674571 0.8056386147515223 -0.867214574253632 -0.007684201366809824 0.4978753209905498 19.86928122232293
0.4953441346334972 -0.02790439339755578 0.8682485433983209 46.51212859334263 0.005043314173921225 0.9995594832076351 0.029247299222784556 0.817437269629801 -0.8686821934783362 -0.01010862793846995 0.49526665784692714 20.359702510678243
0.4952739391117126 -0.03187583109606919 0.8681518626534775 47.37512059081423 0.004370677999969646 0.9994053966177172 0.03420161378068038 0.8315121848433396 -0.8687258614836946 -0.01314475573440276 0.49511876654606135 20.851738025934083
0.49601301457927527 -0.0347429241134386 0.8676197430856605 48.178428936387164 0.005322463649509291 0.9993020839441923 0.036973184951976434 0.8457472436716003 -0.8682987738956438 -0.013721306382456886 0.49585175708318097 21.304847864658676
0.4977664806269972 -0.034980270979535454 0.8666053954403996 48.97827594018283 0.0072589839250781305 0.9993193682034582 0.036167768604317044 0.8580073723939504 -0.8672807145997123 -0.011712428255414638 0.4976816061577638 21.76166998863593
0.4980736881177601 -0.03350821322990332 0.8664870459798643 49.75880255868336 0.011411161112884751 0.9994198549880492 0.032089544367619176 0.8719641815680077 -0.8670596211373397 -0.006095334429294749 0.49816710077178467 22.19884712488412
0.4973150483486871 -0.0300296443676454 0.8670501503056758 50.59034001071448 0.013414708163642371 0.9995474614355763 0.026924300224476828 0.8888217648399737 -0.8674663038359621 -0.0017586349382973513 0.4974928330260899 22.670809698537596
0.4966877893935771 -0.02711796433480134 0.8675055365112416 51.40832729581855 0.014112588850982929 0.9996319698395374 0.02316807524692977 0.9095016656589521 -0.8678145393476898 0.000735448883832922 0.49688769798787835 23.132789097766196
0.4965639249737429 -0.02564975795606442 0.8676210914514848 52.277231516193766 0.013682164104376183 0.9996704029699623 0.021722886808441443 0.9192717474881116 -0.8678923129052881 0.0010841322182971744 0.496751203176439 23.63337939732203
0.4981124020907006 -0.02566073884542236 0.8667326931443968 53.10965121330167 0.01295171434033747 0.9996706907964682 0.02215317264315333 0.926691658295728 -0.867015736869336 0.00019090421182650907 0.4982807196515855 24.12325641999
0.49924124179247986 -0.023531179808270766 0.8661434442806423 53.89923892132689 0.012055009778376721 0.9997230419012305 0.02021178445841783 0.9309497080088722 -0.8663791659733893 0.0003508113184175772 0.4993866414900097 24.595850973580045
0.5013083077134118 -0.01984689363699353 0.8650410865562849 54.67331970490809 0.011650969201092992 0.9998011019658799 0.01618676695599204 0.9377260607565351 -0.8651902886268374 0.0019640063070875467 0.5014398340230201 25.057156428696427
0.5019504454010546 -0.01897459801211803 0.8646882183723579 55.47293026041037 0.012834460081506216 0.9998126499690969 0.01448936148312911 0.9356857454803641 -0.8648011488175182 0.00382486497161521 0.5020999336903446 25.524149737282
0.5016995677258008 -0.020402390870124024 0.8648012986753245 56.30812435899111 0.013584587360665715 0.9997843662883948 0.015706046974121243 0.9354501064761266 -0.8649352592708801 0.003868251813874356 0.5018685424470416 26.008511095877612
0.5024782347225666 -0.022621515838403976 0.8642938682249612 57.223821433173185 0.01422311456298142 0.9997386550561117 0.017897614330553722 0.9350525670351463 -0.8644728605585148 0.0032997890492840434 0.5026686629878644 26.537416805213613
0.5006312233987329 -0.024950335150920645 0.8653010221501796 58.239865511849736 0.013878621263315228 0.9996874143280479 0.020795612660651407 0.9360748779323605 -0.8655493989542812 0.0015982521575537887 0.5008210095033175 27.13118083753924
0.4978278280526587 -0.02766268788202689 0.8668346032061219 59.149383142681586 0.013473136683666438 0.9996172534465129 0.02416239226471347 0.9377258416383919 -0.8671712219650025 -0.000349730170570824 0.4980099893421123 27.651112916218175
0.4958535704380163 -0.028971514424449618 0.8679227431262679 60.11720870455328 0.011752314025969839 0.9995756895134829 0.026651905160431793 0.945733754035353 -0.8683266204596665 -0.003015341705274434 0.4959836569036253 28.206719771921232
0.4926681332009783 -0.028011654978513073 0.8697663236258509 61.038931001382714 0.009694633681375634 0.9995964390834403 0.026701555188604054 0.955721928362285 -0.8701632746824279 -0.0047229394523830145 0.4927408743314085 28.73081375814572
0.49207440508971084 -0.026339096143952342 0.8701546022804956 61.80240074251489 0.00762765024605712 0.9996342731540817 0.025944920262637287 0.9645188414642843 -0.8705197291315864 -0.006129596237144662 0.4920953456827624 29.166168108339008
0.49245160715809594 -0.024900440566275855 0.869983553101445 62.56295000306296 0.006518296281725145 0.9996681334349184 0.02492257627794446 0.9724202730798942 -0.8703154177773665 -0.006602352183250797 0.49245048738391467 29.60359353286488
0.5082345758364992 -0.023726062836656077 0.8608917991632663 62.577047601529415 0.005136967773744959 0.9996861764989224 0.024518566007354643 0.9681587588579803 -0.8612033601225585 -0.008038809565884071 0.5081969599027301 29.624694526729357
0.5359209226517814 -0.02429571640074407 0.8439185285491954 61.9801708657402 0.004325806898473777 0.9996517481453921 0.02603209220441272 0.9552865786943598 -0.8442571006860058 -0.01030051428019715 0.5358393857741531 29.282696900171523
0.5521233668539 -0.0253972089516565 0.833375527329295 61.682754939099055 0.0035043792904384265 0.9995978166524011 0.028141149044449865 0.9511066138508387 -0.8337550642123276 -0.012616922018428072 0.551990313483015 29.099075280833226
0.5557195978015175 -0.026811514345636726 0.8309373450013029 62.03630345557237 0.0030171811201005717 0.9995382991108172 0.030233842440944778 0.9523017653091879 -0.8313643155905889 -0.01429445029195184 0.5555439167639598 29.33750694955636
0.5545474811104354 -0.029394851253072857 0.831632751828523 62.75370344114214 0.003203977738020598 0.999443930319597 0.03318982786895953 0.9568537021520709 -0.8321459161233237 -0.01574080262015302 0.5543332945188719 29.816922771279238
0.5494995538658651 -0.030322100630411748 0.8349435972055689 63.126842883489076 0.0029713981602636583 0.9994058182684743 0.0343392079712827 0.9669920830827234 -0.8354887258929282 -0.016388429591666434 0.5492631503035036 30.068846379431644
0.545017055348307 -0.027973360420062873 0.8379581734706514 63.60985549046775 0.0031319171840453615 0.9995042138525966 0.03132918105625061 0.9823015206982211 -0.8384191078894926 -0.014450522402747665 0.5448344536903604 30.393589531496204
0.5435963614775409 -0.022420309084395466 0.8390472725233898 64.29931929014899 0.0037188547974317835 0.9996977038030106 0.024303726668640394 1.0024228030472355 -0.8393385287876247 -0.010091122412721932 0.543515412238766 30.850914969370006
0.5424116557051377 -0.018709885697615256 0.839904480243077 65.0721114729412 0.005028803519583543 0.9998063751316518 0.019024283988296784 1.0090507536233666 -0.8400977960275647 -0.006095278770336438 0.5424007196587574 31.357834157109487
0.5403809734458566 -0.02038782821379122 0.8411734303925874 65.95246373818084 0.005601354569416358 0.999771416841718 0.02063344114030154 1.0067335822876684 -0.8414018233666333 -0.006438208370932786 0.5403716509109956 31.928415662229735
0.5357283616386679 -0.022918326559237097 0.8440793048308152 66.86780723635546 0.004994731772017704 0.9997001141987291 0.02397361728175697 1.013718401430701 -0.8443756126218194 -0.008627396986967033 0.5356821752035003 32.51529987991986
0.5343533847957032 -0.025029737271485875 0.8448905091249961 67.78595028002789 0.004318388811489875 0.9996292680798206 0.026882669440996036 1.0228953529010627 -0.8452501473974712 -0.010716279686600882 0.5342633710766902 33.10387219228478
0.5324724589534725 -0.025036701892405817 0.8460769728661764 68.56971488560828 0.003848159375237422 0.9996237310261705 0.027158572104211624 1.0306934372768466 -0.8464385814254121 -0.01120535263468728 0.5323684513068611 33.606235483823234
0.5303705234190347 -0.024999012103144546 0.8473972842074051 69.26552778667798 0.004388592129572336 0.9996326990413706 0.02674335929504068 1.035212049082877 -0.8477545919352713 -0.010465008415200448 0.5302854282851162 34.04793781606372
0.5265627810165209 -0.02300996163045569 0.8498247933038388 69.95341360464566 0.004496513582292591 0.9996950420719074 0.02428176728433373 1.0357492910116353 -0.8501243550291633 -0.008964626183575046 0.5265056661268098 34.4732416846477
0.5245192905745105 -0.02144892749532321 0.851128343626572 70.61396654621954 0.005147000221261701 0.9997442322691561 0.02202222589286648 1.037257165145525 -0.8513830055879277 -0.007170324529229882 0.5244955331003397 34.88062828268153
0.5231881149826746 -0.01932718419111611 0.8519980377278566 71.33526573911885 0.005167039010368056 0.9997963688381027 0.01950698762005289 1.0406559053411264 -0.8522015595202465 -0.005803516984228983 0.5231814418936048 35.321234272859684
0.5224697016492456 -0.018946047779238605 0.8524473345210803 72.08174569873493 0.005029101993914827 0.9998041888381534 0.01913875948999496 1.0460213051887808 -0.8526430196698275 -0.005712377370927001 0.5224626778565983 35.782881380153526
0.5204054213132009 -0.018368995832333687 0.853721721323723 72.88026703724891 0.003967783140082738 0.9998098269119042 0.01909363001998142 1.0438306606995702 -0.8539100972378658 -0.006549045922756146 0.520379338399131 36.271545096194245
0.5165424228108937 -0.017861554136179906 0.8560752830916748 73.63890486254688 0.0028424225462320967 0.9998126679774766 0.01914548473732766 1.0374427840430798 -0.8562568808895604 -0.007456127386176432 0.5164964279582961 36.728167047835505
0.5132989818327108 -0.01654552306497879 0.8580503487068852 74.33284570629964 0.0012346722349387495 0.9998273428930553 0.018540765568964165 1.0389647099229742 -0.8582089668804287 -0.0084575451472204 0.5132307854134501 37.14546662726118
0.5067474931576978 -0.013017055768438607 0.861996249665571 75.01750611231229 0.0002654750358153291 0.9998883073385543 0.014943305211522371 1.0394453883581094 -0.8620944888475931 -0.007343643970176694 0.5066943488848517 37.54681641721092
0.5012281493618675 -0.010283288759457467 0.8652540645726933 75.6719839571696 -0.0011293280136174637 0.9999207588905323 0.012537964668091718 1.0441463631010635 -0.8653144323917832 -0.007261536481370428 0.5011768182811466 37.927720252278476
0.5130472082493346 -0.008792027347015716 0.8583153630005073 75.64710028625555 -0.0015303503529243915 0.9999365826446475 0.011157451175785087 1.045296245834483 -0.8583590275259881 -0.007037822395603068 0.513001217270062 37.91522052498044
0.525306962992031 -0.012131179126619193 0.8508263213635829 75.80740251883952 -0.003311189874964956 0.9998616553391748 0.016300497048138126 1.060021698463481 -0.8509063583342767 -0.011380012100270792 0.5251941209409101 38.0116004502841
0.5196729648997214 -0.017871612359224458 0.8541783274141382 76.60494343656656 -0.006610316795785023 0.9996671629999796 0.02493725990222394 1.0672554788935715 -0.8543396943044329 -0.01860560913416489 0.5193818614897453 38.50805729246673
0.507284637748973 -0.022225081463897976 0.8614919280282414 77.11952147098647 -0.009428614871943857 0.9994644180598571 0.0313365322565754 1.0900136986763544 -0.8617269854922088 -0.024019217018752516 0.5068033935248608 38.81256820677887
0.5076119741263352 -0.02466790563185181 0.8612325923670695 77.00888346668047 -0.012120949416507418 0.9992866750446441 0.03576623636142921 1.0975402370729292 -0.8615005318099384 -0.02859432653442299 0.5069508834011776 38.75532602163626
0.5197467559913063 -0.025607376366084955 0.8539365151532982 76.55689787625049 -0.01043363975522332 0.9992858724449648 0.03631644659603504 1.0872487217720421 -0.85425666447384 -0.02778502128036104 0.5191084123711317 38.48512288870263
0.517739867040717 -0.026231568830750913 0.8551358575532534 76.37562890044886 -0.006834659905101207 0.9993711326599849 0.034794060267223224 1.096719287741875 -0.8555107933279634 -0.023858834895592398 0.517234993495975 38.365883575655985
0.5132004807137969 -0.021845114101297084 0.857990709498086 76.72603876483221 -0.004207615858504322 0.9995999816549024 0.027967349611729985 1.1094514536022437 -0.8582584474177425 -0.01796295258076417 0.5129032752582742 38.5737345876439
0.5309109516348065 -0.019670772441780098 0.8471992812471975 76.66034581177603 -0.00438499939070047 0.9996534046910224 0.02595847202725114 1.1015753356939324 -0.8474162691467321 -0.017496605419044246 0.5306406840643123 38.54385949821013
0.5575928661467593 -0.020487744617235102 0.8298617041066186 75.90288854906919 -0.00518044645936855 0.9995900379128834 0.02815881886373732 1.0876393302276433 -0.830098402959988 -0.020000210644343406 0.5572581385475287 38.062916234346595
0.5582755078392087 -0.02214627816465569 0.8293599940377683 75.61623619151125 -0.007795619511307932 0.9994595151607826 0.0319359651647884 1.0810694595406452 -0.8296190003027336 -0.02429444212212658 0.5578011244329512 37.8719649834114
0.549870560854078 -0.022868000820718958 0.8349367765552581 75.50702646802065 -0.009794086110411404 0.9993798790727092 0.033822081276546616 1.0801220445204829 -0.8351924581695419 -0.026775209487118423 0.5493056034427795 37.79973809567011
0.5698032231190637 -0.02247500337246108 0.8214737738641044 74.87720814907408 -0.011136302365641828 0.9993229718449347 0.03506537769120446 1.060500168579864 -0.8217057074724172 -0.029128545559531167 0.56916716186094 37.38547030853087
0.6004802472369534 -0.02330821477360108 0.7992998184675854 73.9534787736854 -0.010675795194470905 0.9992523287855216 0.037159262824711194 1.0275519621378288 -0.7995683210803264 -0.030846564489063217 0.5997824517139589 36.74476265113672
0.6107117535330541 -0.024176313743145206 0.791483834295038 73.87192621236235 -0.011006857087639014 0.9991780648610221 0.03901337972585563 1.0207533948701049 -0.7917764856281306 -0.032537678994890226 0.6099436828527609 36.67321464304515
0.6270146918987697 -0.02505194321511422 0.7786045056922272 73.62383950007194 -0.012427182312949741 0.9990339187498288 0.0421520382320919 1.0048542864353311 -0.7789083009461707 -0.03610580740692168 0.6260976196957158 36.481082991945534
0.6445546679528342 -0.026226791796174764 0.7641082615783523 73.33007615434354 -0.013424934342514207 0.9988691543056322 0.04560903106457155 0.9841922874269403 -0.7644403516024711 -0.03965561711573746 0.6434736831239158 36.24559010706719
0.6369466387275737 -0.02738062259717783 0.7704214956242047 73.59776609281462 -0.011962486137377767 0.9988976879253935 0.04539061557981798 0.9993658995701951 -0.7708150740216861 -0.03812755648468289 0.635916984438572 36.47576750305273
0.6293881181074399 -0.02497833246652214 0.7766895645574022 73.90921805482093 -0.012670744535730328 0.9990205277196391 0.04239619591051086 1.0140688861530371 -0.7769878049352411 -0.03652489701510524 0.6284551558225525 36.73671999742109
0.628176826289935 -0.021317138235250763 0.7777785382290798 74.45643289729286 -0.013393382214276717 0.999180257586959 0.038202488941415966 1.0338567414915978 -0.777955327911035 -0.03441500350015851 0.6273763745224354 37.18040712352711
0.643624159055411 -0.019944996737046524 0.7650817858146765 74.1979442720457 -0.014255438970286626 0.9991745313935513 0.03803995628599443 1.0226233394882303 -0.765208941623122 -0.035390011580036775 0.6428085428340102 36.96435101322004
0.6603912886741128 -0.021885509481634292 0.7506026714035027 74.07614886656285 -0.015198456958804934 0.9989808862949165 0.04249936144806692 1.0111206135841626 -0.7507678421119379 -0.039474210469005934 0.659385648887228 36.85867612176241
0.6589003644132642 -0.02494771130921262 0.7518164147426553 74.78876338607643 -0.01662513074472182 0.9987228019126635 0.047711319070412574 1.043805039894224 -0.7520464844700678 -0.04393605171325699 0.6576440591657919 37.48791300993008
0.6611544108241793 -0.027656359237463422 0.7497399354719351 75.03449774414355 -0.01681428482146016 0.9985231172561265 0.05166105042534387 1.0573023853414683 -0.7500614140679914 -0.04676227217357469 0.6597129413824527 37.69157312678073
0.6645723110306577 -0.028254406238747753 0.7466895820483014 75.20539491312091 -0.015969343509538308 0.9985195680979556 0.05199665559769844 1.0628305588522 -0.7470532936004262 -0.04647968000715053 0.663137252661307 37.83401239799873
0.6625491066977475 -0.027169288068153916 0.7485255580138108 75.72099165420974 -0.01427820355876338 0.9987021981157014 0.048888161982220686 1.0852561313249756 -0.7488823766901921 -0.043078408335673224 0.66130132059305 38.28223871586328
0.6753127144611923 -0.023511702805969394 0.737156657379027 75.4385434342223 -0.012466096366179505 0.9989850740247695 0.04328300263514245 1.066391099431727 -0.7374261550341462 -0.038419027927426706 0.6743342228929692 38.02146983362769
0.6884262589912687 -0.019774358330184406 0.7250367305757114 75.2304571487325 -0.010882037058233934 0.9992341714725121 0.03758526082261858 1.0464264752485928 -0.7252247011793997 -0.03376455707203207 0.6876838572229086 37.819177618918836
0.6956843892098593 -0.018342349208400444 0.7181133537508011 75.30041994919029 -0.011332466300080998 0.9992693128423054 0.0365022686859844 1.0455655139002216 -0.7182581749045831 -0.03353205387660232 0.6949681975065853 37.88949714721824
0.7204704898204577 -0.021950625409699456 0.6931381127466545 74.60643684320286 -0.010554120360649651 0.9990361093876491 0.04260824665485935 1.0187009500359079 -0.6934052810884 -0.03801344740629912 0.7195443655362773 37.20371589807914
0.739886163927144 -0.03015891127742931 0.6720557302037804 74.08993768330214 -0.007322715522460888 0.9985743728961395 0.0528734303072724 0.9971488306482439 -0.6726922344330674 -0.04404159245123896 0.7386105170303253 36.66281447408342
0.7362600075964307 -0.03436948330221592 0.6758253767295539 74.05899302646647 -0.00876377817013533 0.9981413126305857 0.06030850862254066 0.9946083210248498 -0.6766420009179808 -0.050325526699967114 0.7345903238922226 36.626323163985035
0.7307032678544678 -0.03640764291418515 0.6817237108126987 73.9811274245095 -0.008305522634700167 0.9980290061004945 0.062202261018571445 0.9986173936982351 -0.6826446752451576 -0.051113467104973366 0.7289606716688771 36.54946994735339
0.7257769831278975 -0.034411625603431396 0.6870688544717323 74.19263714921685 -0.007936032191266457 0.998262841314172 0.05838081058374405 1.01595886430493 -0.6878842854396571 -0.04782404912473519 0.7242431015691391 36.76609344180443
0.7224719655709188 -0.032714019485071445 0.6906258407366644 74.7280405586423 -0.007760908612627707 0.9984333440570101 0.05541322741585596 1.0538716425771233 -0.6913566570603049 -0.04539438736523819 0.7210862100568372 37.316780548178826
0.7193025570031507 -0.03368785508426529 0.693879643676446 74.95403065364569 -0.007446627445555558 0.9983922444870182 0.056191404038871 1.0700820889993985 -0.6946570227302221 -0.04558568380527039 0.7178952334453738 37.53620871075806
0.724330524263548 -0.03472592342782723 0.6885778110440238 74.64975946420104 -0.007353815728915301 0.9982848165390588 0.058080517058665064 1.052664905204926 -0.6894136733589776 -0.047133165708038396 0.7228327964861707 37.217776291415184
0.7401616363223664 -0.03546738181776834 0.6714929760940099 74.06654898315706 -0.005843874285338324 0.9982310082042769 0.05916674228659825 1.007507297065512 -0.6724035999680061 -0.04771707332249337 0.7386450295396292 36.596337311367456
0.7598280394697483 -0.034907039110874304 0.6491862976496585 73.40105519896959 -0.004245560292548861 0.9982697817410424 0.05864655216201572 0.9564145410650605 -0.6501102411540376 -0.04731745431869291 0.7583651711830096 35.856332781836095
0.775853427324135 -0.03409991653524338 0.6299909959687391 72.79634778222658 -0.0026817864787547405 0.9983510450805494 0.05734107435212563 0.9069452234412876 -0.6309074950661755 -0.04617777039727088 0.7744826313032844 35.13579277527563
0.7867745606046829 -0.03294212445173859 0.616360776836031 72.29212579618925 -0.002708364287878086 0.9983809459947991 0.05681682354208937 0.8670162816578684 -0.6172345223237219 -0.046371360893712625 0.7854115108277129 34.510120586746964
0.7933327769265675 -0.03275510322593236 0.6079064140693373 71.90749049063493 -0.0017086678280153784 0.9984277942516202 0.0560269588688886 0.834873912797255 -0.6087858289318462 -0.04548673299437041 0.792029526983219 34.01241539538483
0.8137570527810795 -0.0320595928269737 0.5803202922152741 71.04265819408768 0.0004470557469593095 0.9985117296391407 0.05453554725322888 0.7630039372063733 -0.5812050061640998 -0.04411925068287884 0.8125602947037027 32.87000027760138
0.8244976209343584 -0.030878504375308136 0.5650222925169662 70.73975652325332 0.0022341261164437252 0.9986798739319267 0.0513178144878122 0.7253536147879378 -0.5658610092187654 -0.04104908489666681 0.8234781666049592 32.423817298914926
0.8184634074475731 -0.029280192777801237 0.5738120955332018 71.12756975749926 0.0021810442139841837 0.9988517708731983 0.04785794468645031 0.748159603756738 -0.5745545176181682 -0.03791846693063272 0.8175874853189616 32.96701759457774
0.815748663162731 -0.0292692779979866 0.5776654982891873 71.17042362416323 0.0027810832777950623 0.9989057675329266 0.04668547060120083 0.7434633980331551 -0.5783998479633449 -0.036477074374601307 0.8149374447901189 33.01034692999311
0.807880382287345 -0.03067003065225411 0.5885479055565861 70.78891634358075 0.0028405488108109466 0.9988360012299204 0.048151572450695075 0.7233823545102808 -0.5893396467214027 -0.03722891170597026 0.807027130235087 32.463443721598914
0.794562052330632 -0.03186441742339142 0.6063462739214308 70.62829396147774 0.002310165071715155 0.9987734435237557 0.04945979831174903 0.7154845048463402 -0.6071785636313887 -0.03789811887106448 0.793661089163729 32.24004815484851
0.7904263611602301 -0.03223453560575669 0.6117083474150734 70.42917139735181 0.0022424142947457303 0.9987600304757759 0.04973301822890715 0.7067188008316982 -0.612552968453447 -0.037938585085731565 0.7895185397446737 31.977894755981087
0.7924135335262533 -0.03215590644103155 0.6091361010196277 70.08989625790792 0.003106001149872361 0.9988093057204649 0.048685968852002784 0.6837828268885296 -0.6099763476080817 -0.03668744318096886 0.7915698875472374 31.538142363518237
0.8056286300932775 -0.031727408590444525 0.5915706905503052 69.47717810593284 0.005160342800311113 0.9989028162222442 0.04654604822593224 0.6419188199672592 -0.5923984142755728 -0.034446121514657035 0.8049084317339348 30.726703330369944
0.827003930412481 -0.032096988622043125 0.561279148377797 68.66923388449459 0.007845608773096549 0.9989305967986769 0.045564341347336765 0.5858018269135661 -0.5621413928054828 -0.03327831277023439 0.8263713501773134 29.622830046081795
0.8430472627066256 -0.03218043194057745 0.536875900598066 67.98729732807165 0.009678222144566007 0.9989544705369576 0.04467994863856918 0.5354275494928796 -0.5377524010722659 -0.03247130416756631 0.8424772813237567 28.6116486298195
0.862910636639014 -0.03180272970859945 0.5043548547980223 67.2030329112079 0.011436392522088928 0.9989911913408576 0.04342589722104833 0.4765087949039577 -0.5052271193248966 -0.03170466852774382 0.862403833416927 27.38025206826502
0.8778840711832725 -0.03229729148360739 0.4777828403422487 66.54768806027975 0.013781080247365615 0.9990137096122707 0.04221006792156957 0.4284727334935886 -0.4786748785866037 -0.030471182608339104 0.877463314128031 26.2374494094733
0.8874001346381645 -0.033018139125973886 0.4598160540181549 66.06567346108848 0.015832292717897406 0.9990261930398866 0.04118257067649579 0.4010470836699295 -0.46072805379254256 -0.02926547639946409 0.8870587310542899 25.331925108034557
0.8974158287611603 -0.0323409378906644 0.439998743208743 65.58209173120528 0.015844089534031356 0.9990287665194877 0.041115550505703355 0.3667512290022851 -0.4409011171632014 -0.029926366349786477 0.897056641177879 24.39042848062513
0.8991791814761154 -0.03305309230301118 0.4363304856289017 65.52533699619141 0.015903201263214938 0.9989527835633494 0.042900167839021945 0.35975154066316917 -0.43729153637993784 -0.031635886272446935 0.898763196237045 24.255545769795006
0.8936588246256807 -0.0341711803180804 0.447444114504055 65.6427645382444 0.014787992683775432 0.9987975026374595 0.0467425287886485 0.3636146764402415 -0.4485033115162401 -0.03515507304561125 0.8930895254105959 24.48210038751142
0.8932269679641188 -0.035894572303135586 0.4481709086730235 65.47526025703509 0.014398722685479828 0.9985805015885677 0.0512801972709754 0.3456507227367593 -0.44937541152877464 -0.039351766495272805 0.892475869694551 24.13912625927136
0.8941065632746656 -0.036875139181243535 0.44633359454508 65.30053132880822 0.014187812041374249 0.998436492265856 0.054067336732365655 0.3325279006112893 -0.44762948908516614 -0.04200946348403294 0.8932317982915388 23.77196221591922
0.8927511617315554 -0.03856365954981529 0.44889665557796943 65.17558821621445 0.013411346066134285 0.9981632869205519 0.05907781682369254 0.3214268099312966 -0.4503504180342846 -0.04672148120602903 0.8916286245799085 23.506105922289876
0.8835943161698663 -0.03973598710101807 0.46656418182433984 65.05318785541851 0.010975999966587607 0.9978767081943081 0.06419970925186728 0.30835413461132494 -0.4681245687389647 -0.05160548975059291 0.8821543297918788 23.256698411286713
0.8684344143856122 -0.038836807066115336 0.49428065947155014 64.98411257164958 0.008645008175159419 0.9979619649445339 0.06322325804398087 0.3019426099818066 -0.4957286876350539 -0.05063219273302013 0.8670002591203034 23.114901030732092
0.8672448797255804 -0.03411665919997813 0.49671155830602387 64.80031308220515 0.008628653041585681 0.9985295685171778 0.05351866163859241 0.27756227237215625 -0.49780705593277225 -0.04212783357746698 0.8662640363662888 22.797539433678995
0.8785795317594015 -0.03164208347486473 0.4765467290065081 64.40062332013999 0.012180774310905494 0.9989628608392401 0.04387290053172752 0.2413768391902965 -0.4774407137128333 -0.03274112425146338 0.8780537475987048 22.092136000479503
0.8919640613925189 -0.03150144943182762 0.4510075075515473 63.93183915605618 0.016285177145879747 0.9991608861454958 0.037580800979681514 0.20825071462074712 -0.4518129106051449 -0.02617598671762196 0.8917286086752326 21.216146933234292
0.8909618326780788 -0.02998219421580635 0.4530872771783903 63.718248628668675 0.015524109645185885 0.9992456715194815 0.03559620723201345 0.2019432237928775 -0.45381275293963086 -0.02468108546206725 0.8907552016630428 20.784415917687937
0.8750372516613945 -0.029662101988336673 0.48314590747569175 63.645407449408594 0.012034206743906255 0.9991452902497057 0.03954575628150505 0.20581440150504415 -0.4839059682137858 -0.028789732153404753 0.8746463086583137 20.629690962607366
0.8570940610845775 -0.029548752521800583 0.5143118136675016 63.5048003966776 0.00831041255239198 0.9990168011628223 0.04354730804092057 0.202687201974946 -0.515092911518649 -0.03304999574594772 0.8564969295242305 20.375099078200673
0.8354220246092369 -0.028396337132673227 0.5488749300480524 63.23046836324236 0.005166081669138321 0.9990259957486866 0.043822042610236075 0.19762437248109524 -0.549584709028549 -0.03377436684518476 0.8347550178023567 19.9275602803575
0.8235416266378403 -0.02631113071272001 0.5666453155152014 63.21859440511532 0.005092251208364372 0.9992263778655088 0.03899634284656764 0.20387128382277228 -0.567232984030667 -0.02922961132814284 0.8230384994939618 19.92339136195136
0.840358065981879 -0.024046991573461178 0.5414979807307365 62.971536770602356 0.005358739849505142 0.9993351707833794 0.03606245059032173 0.18529027190444106 -0.5420051704978696 -0.027403624424881395 0.8399282329591954 19.585095632741883
0.8497561957496521 -0.024302532236533957 0.5266154144268608 62.522349485830695 0.004332122130892889 0.9992250355679488 0.03912238505094662 0.16645305198414412 -0.5271580792351809 -0.030963126798237442 0.8492029464597681 18.898348689347134
0.8334954065606618 -0.025423968437163363 0.5519411463835491 62.44694305119382 0.0015880260437157686 0.9990468969969126 0.043620818127643284 0.1713476162928737 -0.5525241039226838 -0.03548125462475323 0.8327413735096205 18.776942050403925
0.8136495495656157 -0.025335980434357166 0.580803321776919 62.22517980948388 -0.001714880634283609 0.9989409579804646 0.04597849120493091 0.17036869988147013 -0.5813531368076408 -0.03840638702744142 0.8127444123212506 18.453487390778665
0.7969369121078125 -0.024075953916926386 0.6035825598566095 62.02380446829143 -0.004226267043041407 0.9989587204820135 0.04542701222642178 0.16957014389130529 -0.6040477603525638 -0.038753363930484896 0.7960053266135367 18.1821236164273
0.7771327210953625 -0.023378198597238352 0.6289023721002077 61.847783424378775 -0.006153851382582422 0.9989797382594505 0.04473938600652335 0.17258366335928912 -0.6293066533225921 -0.03863861251944343 0.7761959763529384 17.95494589943316
0.7631564648215504 -0.023361489202723903 0.6457913370612114 61.60224567830562 -0.007495623903928634 0.9989590823732036 0.04499519270297127 0.17222936015383822 -0.646170276183737 -0.03917898118018995 0.7621869728684133 17.651080761758767
0.7550598359937771 -0.02354564930809435 0.6552329711390543 61.44581401738774 -0.008116117030271154 0.9989427505829149 0.04524941659503152 0.174281296988649 -0.6556056533568052 -0.03948396454891537 0.7540704501769687 17.46670135590332
0.7410047571546033 -0.02401170364197655 0.6710703301163438 61.33215629499401 -0.0099099739977297 0.9988605884540745 0.046683158082364326 0.1772506032964418 -0.6714266469910267 -0.041242731740133126 0.7399224924199814 17.343095122663687
0.7416763910141657 -0.02438416146377019 0.6703145110184567 61.06226695199231 -0.010331376325833499 0.998805170492014 0.04776498782195928 0.16684355857117336 -0.6706783086364266 -0.04235143525462501 0.740538292228332 17.058143896275684
0.7448497018058826 -0.024413623212206022 0.6667854952841595 60.817981032875586 -0.01149240066486746 0.9987127238562866 0.049404654988310454 0.1580177663110693 -0.6671333048549201 -0.04446200860519313 0.7436103034144587 16.80314844615686
0.741219302354645 -0.025885660359523617 0.6707636531630551 60.710826202349345 -0.012546009887466186 0.9985474115875962 0.05239908823267171 0.15741730166991968 -0.6711456946541485 -0.047254623048576944 0.7398178540341787 16.701547604417033
0.7368884418079944 -0.02674264440570399 0.6754851999118695 60.568906408766246 -0.013786277128633635 0.9984149340841348 0.05456700432225231 0.15486889066915044 -0.6758737773376926 -0.04952222095143003 0.7353517435481584 16.571907856713327
0.7397678599680076 -0.02657647122680131 0.6723371211940387 60.30263637124718 -0.01399546724827814 0.9983957368751315 0.05486419129145232 0.13478998646292778 -0.6727166121442661 -0.049996437540025765 0.7382091275366669 16.29797975184997
0.7563320483423571 -0.025920482953486198 0.6536742011229408 59.82168074210872 -0.013774654192198916 0.9983621919664025 0.05552650316673158 0.10526363312729872 -0.6540428820437866 -0.051000609952212755 0.7547362759483339 15.793293793621968
0.7769079516590724 -0.02579638112199297 0.6290855119694903 59.21405902183326 -0.012711056720813432 0.9983140359520638 0.056634924367757196 0.05713300289181153 -0.6294858725070385 -0.051996464707806764 0.7752702135203844 15.106466135383663
0.7935108037633101 -0.026258522151347365 0.60798938668807 58.73185059963749 -0.011806700493879475 0.998216329201763 0.05852146562079172 0.016582593514695695 -0.6084416209747296 -0.05361576381424474 0.7917854152080971 14.520490697783266
0.7954539264848149 -0.02675908211638317 0.6054229945783219 58.55769911807458 -0.0122505083234508 0.9981104840456378 0.06021118404416366 0.0043352851629482325 -0.605890234189091 -0.0553119622005199 0.793623091241565 14.304944487336325
0.7924543781922287 -0.027418226015508376 0.6093146144366914 58.427226772031844 -0.012692788180755374 0.998031441511783 0.06141770821278759 -0.0034793299304778126 -0.6097991075855805 -0.05640463310823972 0.7905463716644048 14.147067877278351
0.7876688162074259 -0.024855629101391042 0.6155972983017143 58.31277022493321 -0.015472838618563746 0.9980726482221518 0.06009642365320074 -0.016546442676503542 -0.6159045601710381 -0.05686111652786269 0.7857661141763022 14.012454537187768
0.7864984643624083 -0.02147461780755746 0.6172187670069634 58.51978553297042 -0.015411387728632549 0.9984016419434969 0.054375090738384785 -0.002653576092629728 -0.617399914709951 -0.05227812309703893 0.7849104045441088 14.290415448770116
0.7866062692622463 -0.019904964911354003 0.6171339964134305 59.03815224484546 -0.01501832028284049 0.9985677772683834 0.05135021185119883 0.03014513831173836 -0.6172722472404024 -0.04966071458566359 0.7851807347443172 14.954530672061345
0.7867501361008646 -0.01923827950080992 0.6169717270241185 59.583780555598935 -0.015219130020704918 0.9986057961712621 0.05054544425141681 0.06255449598651502 -0.6170839500640798 -0.049156408076759625 0.7853604561717532 15.646979809547606
0.7854118403820657 -0.020816807323151883 0.6186233923159805 59.832393142765355 -0.016231104798504304 0.9983979820446377 0.0542035117516977 0.08083996967720998 -0.6187606905942562 -0.05261302103155858 0.7838157167301849 15.96213477891906
0.7741943498885429 -0.02339559494178603 0.6325154185772709 59.78248145621383 -0.018217548987062546 0.9980789908418574 0.059215276314515085 0.0863536928119541 -0.6326857272845378 -0.05736701297279007 0.7722809050552891 15.90025274405711
0.7492100683755899 -0.025655719466884316 0.6618353703930335 59.629941929982564 -0.02142372779147335 0.9977879215303198 0.06293081547002141 0.08384616747964316 -0.6619858739672354 -0.0613273813792955 0.7470031157639136 15.722179133092189
0.7247553047628903 -0.027098599339831195 0.6884732486682924 59.41033630340469 -0.023739277929727094 0.9976509006663007 0.06425828415927765 0.07636988313714953 -0.6885972661152734 -0.06291539011671622 0.7224094813781402 15.479416435372414
0.7087608581858218 -0.02749046222336091 0.7049129878151248 59.27679880688228 -0.02460119887683035 0.9976694605053336 0.06364297752949208 0.0696673572496374 -0.7050197351262752 -0.0624493559754042 0.7064327646851712 15.342432792646234
0.7018329725368546 -0.027418811808361608 0.7118136606016376 59.11930830192783 -0.024826987806680304 0.9977103343971315 0.06291032755924067 0.05786207076009987 -0.7119087717794558 -0.06182473126655425 0.6995452832142363 15.180942860049472
0.6918924139149729 -0.028115644748003817 0.7214529770451565 58.925720466539694 -0.024934199714698978 0.9977149658747628 0.06279436721640576 0.05171584307934313 -0.7215699364936867 -0.06143579892803012 0.6896103750369282 14.977653173407772
0.6735334097230019 -0.028935410010263507 0.7385902030452665 58.73674045875998 -0.026643351082999832 0.997633729987108 0.0633803805217227 0.0469322470984823 -0.7386764364929873 -0.062367321888536234 0.6711687115252576 14.796540249787977
0.6559125806475367 -0.029787893653111252 0.754248876658098 58.603945857058136 -0.028762510178599376 0.9975090849118813 0.06440763562255157 0.044485932322867114 -0.7542886745514067 -0.06393986948666953 0.6534219835095163 14.677629413156401
0.6371698675508776 -0.030835289444273876 0.7701063204584728 58.014254820169675 -0.03082569608183877 0.9973802636436481 0.06543994311731462 0.010882573002503587 -0.7701067045197504 -0.06543542327375217 0.634550131222676 14.159875142874943
0.6288691947299369 -0.031864323435877424 0.7768579025868873 57.391974366181216 -0.0325011559667375 0.9972091994664536 0.06721225602746046 -0.02268940336892615 -0.7768315202027717 -0.06751649717994022 0.6260785188999879 13.65276225426935
0.6133385706341651 -0.033682659323793565 0.7891015626858937 57.21744208979478 -0.03401863049530003 0.9970364952351128 0.0689997097711817 -0.028004963698550725 -0.7890871501625571 -0.0691643378495039 0.6103751009159648 13.510538665391985
0.5808970693774695 -0.03396340557658335 0.8132681488109016 56.94786589561864 -0.03825093438280164 0.9968863077795833 0.06895328404385725 -0.031035305635743825 -0.8130777704546549 -0.0711630272208171 0.5777892026935579 13.302769003142146
0.5671764025813004 -0.031760374527279554 0.8229837221748825 56.56980753925981 -0.04146670611678071 0.9968876100865377 0.06704927396904095 -0.046652170439065326 -0.8225517859920805 -0.07215519015176869 0.5640941303500693 13.030250783118456
0.5885009487222955 -0.02947067904312109 0.8079592269599365 55.80179084697417 -0.03999997415815694 0.9970503276491001 0.06550302437421426 -0.09755072178177289 -0.8075064305752044 -0.0708669401876465 0.5855862373452211 12.494233176624029
0.6182900682887986 -0.02759145032497808 0.7854655328685021 54.83352023034184 -0.03896876312667719 0.9970782254425765 0.06569967921275904 -0.16224393474992904 -0.7849833290941995 -0.07123007944153072 0.6154083594061275 11.788887551257153
0.6288718378262781 -0.028682862514857518 0.7769797326745119 54.350832350484765 -0.03870746535393328 0.9969251962259273 0.0681313823121904 -0.18717770805530912 -0.7765448755319142 -0.0729208236915188 0.6258279394188747 11.413893834651022
0.6173753806199084 -0.030645904902723335 0.7860715412207208 54.224063473314665 -0.04065238667784298 0.9966629244843254 0.0707841678325488 -0.18530582315969912 -0.7856176060029593 -0.07565608680763583 0.6140693231770618 11.314850735584033
0.5962079205696809 -0.032939909240827805 0.8021540237567758 54.070264573093965 -0.04302468072106315 0.9964111279234171 0.07289541137296307 -0.18505434321052217 -0.8016763638144947 -0.07797324239499696 0.5926509775336417 11.20466091670858
0.567938723795011 -0.034440640336543364 0.8223499548898309 53.79740937866751 -0.04675656659196269 0.9961606974486904 0.07401140681725955 -0.19536683385359277 -0.8217417048529475 -0.08048420436177142 0.56414790911039 11.01123317551759
0.5509139442051485 -0.03470604683328105 0.8338401024138478 53.583987161126 -0.048964257718385716 0.9960696578855688 0.0738087942308566 -0.20164908162232772 -0.8331244370119129 -0.08149065561726399 0.5470493081072787 10.872789578219638
0.5648054856988555 -0.03349292987578344 0.8245441085671639 52.87700183422402 -0.047947102161837875 0.9961561813899132 0.07330714612469576 -0.25515485318401476 -0.8238299816823644 -0.0809387788825669 0.561028586931392 10.406704483497766
0.5967081804865103 -0.03233340824640787 0.8018066463004985 51.717836245178205 -0.0441200208571924 0.9963546175409123 0.07301301161068922 -0.3448777714713114 -0.801244513928203 -0.0789431872682681 0.5931064003059533 9.612888972395018
0.6079652240079748 -0.03446716826761242 0.7932151667161615 51.03302190266288 -0.04312099863297125 0.9961493179833957 0.07633554714620075 -0.3946216939115758 -0.7927918174866784 -0.08061358814013074 0.6041378845374149 9.114646330606975
0.579554598673447 -0.03723462410568713 0.8140823360841156 50.78287645736944 -0.04695658131829094 0.9957701775300944 0.07897362225820695 -0.40332938897228426 -0.8135794654656426 -0.08399604936776135 0.5753547749547647 8.930720972718177
0.5535058175483195 -0.036244048992644565 0.8320562954829368 50.515030017265204 -0.05036970043024432 0.9957670297800767 0.07688247967859703 -0.41770149729291806 -0.831320758323005 -0.08446532611421807 0.5493372420159429 8.747727203577831
0.5472662650233164 -0.029470731036735337 0.8364395442466793 50.290732161137676 -0.05093029081317749 0.9963552262661041 0.06842783475972676 -0.42561453704897806 -0.8354075296794473 -0.08004835478871315 0.5437706504129326 8.602967820625377
0.5749807771300356 -0.022401657771024798 0.8178601785513543 49.26584091841844 -0.04701128274581652 0.9970689694250294 0.0603606618941621 -0.5002983726888333 -0.8168151842525552 -0.07315487638441019 0.5722423602247968 7.9437872898975215
0.6085368880274192 -0.01820622094888262 0.7933167018465369 48.65880902470692 -0.04378816295085435 0.9974430446088334 0.05647981539318788 -0.5391085105591551 -0.7923165104270488 -0.06910793210782405 0.6061836693812233 7.515384938129967
0.5988215319350992 -0.01977430549120998 0.8006383389104242 49.03550313875277 -0.04641303380683332 0.997158158885175 0.0593416924393962 -0.5098074811210538 -0.7995364927154661 -0.072695137465077 0.596201990775932 7.814320468087711
0.5697612512886853 -0.025391402432255114 0.8214179162962527 48.861425364736604 -0.05016311870273706 0.9965842645800403 0.06560080116487833 -0.5023868518697079 -0.8202778663672263 -0.07858167899696503 0.5665413856674981 7.690188182592583
0.5340102103017242 -0.030065541650593452 0.844943287149361 48.63219750798754 -0.05332862407407726 0.9961797981411757 0.06915104937577242 -0.5017253114227538 -0.8437944969883818 -0.08198702934404437 0.5303668295354288 7.53339735596302
0.5233959647564504 -0.031278394575957595 0.8515153117292831 48.24490888276928 -0.055821865396230214 0.995920625197235 0.07089448251050415 -0.5127724296264544 -0.8502591272196682 -0.0846390591836755 0.5195148181141231 7.301792102138545
0.5175304732435657 -0.03216655533496461 0.8550599522736266 47.93046362071417 -0.058449183052051726 0.995630091151673 0.07283141213691843 -0.5288913307072507 -0.8536661538709621 -0.0876700308611362 0.5133888033683308 7.112980330511046
0.49658595306499326 -0.03393022324973231 0.8673241211731397 47.86206290179771 -0.06292028999992003 0.9951996635601847 0.07495776648233383 -0.5253080496252441 -0.8657040073401885 -0.09179525913639247 0.49206727393235794 7.072468543112155
0.4781525533142086 -0.03585262217490889 0.8775447140985408 47.774108584316465 -0.06571426413786992 0.9949052671873048 0.0764535467573294 -0.5268805626359147 -0.8758149183748379 -0.09422366372700713 0.47336046512772556 7.032147602161393
0.4504465748398235 -0.03534274258205439 0.8921035667240957 47.408970594893084 -0.06906093910632398 0.9948429627431451 0.07428368710688021 -0.5441905798331524 -0.8901283446249908 -0.09507034252183438 0.4456828020778402 6.8440967957769585
0.4457102485833864 -0.03235963774742268 0.8945922133310765 46.674238103691415 -0.06990229518866575 0.9950367674211928 0.07082019914783098 -0.5936657343465642 -0.8924438601027488 -0.09409933753665528 0.44123607200688864 6.483143854387674
0.45341363912893845 -0.03079307668646835 0.8907681282354218 45.97361741199203 -0.06975310157470103 0.995111918326214 0.0699054706430809 -0.6440224547890196 -0.8885665853905179 -0.09382993356761204 0.44904940362295703 6.142593358984132
0.43715470682194923 -0.03279762187527426 0.898788116467249 45.71448224963173 -0.07145336343189024 0.9949095727405057 0.0710588412766038 -0.6572459285667114 -0.89654346194576 -0.09528514085957945 0.43258590219016896 6.015175393704489
0.40510234087365155 -0.03632356277391556 0.9135495017819781 45.2727920423952 -0.07422894445529844 0.9946050851960281 0.07246232336361516 -0.6767683366601343 -0.9112530698020954 -0.09716647204468387 0.4002205885341832 5.807702186016714
0.3584242360658798 -0.03890232777404175 0.9327479165853738 44.65837470979995 -0.07863134180294905 0.9943230090029185 0.07168588322431273 -0.7046832794588608 -0.9302414627863356 -0.0990371781763951 0.35333052267246495 5.544892089267191
0.30600455103063534 -0.039000755425216756 0.9512308635787665 43.800049912511305 -0.08358047421115478 0.9942020922788634 0.06764986355469553 -0.7451888939670908 -0.9483541105932851 -0.10020549278653772 0.300970663248477 5.226739852316917
0.2916013554513625 -0.03754170290711017 0.9558029451941267 42.75247713498314 -0.08544706751832 0.9942124108088569 0.06511897454782664 -0.8009791690534307 -0.9527158275957478 -0.10065934003596048 0.286705858175371 4.902625197405842
0.32945877680776203 -0.0363130169890286 0.9434713981788171 41.408785166190405 -0.08335598381319688 0.9942396168649469 0.0673748040351699 -0.8826269745886334 -0.9404832238519037 -0.10084120711989725 0.3245340607697955 4.503485563361785
0.3673240507604157 -0.03679592411849161 0.9293648915798517 40.12544071371222 -0.0813374841405839 0.99411813588066 0.07150766103601133 -0.9581185058963948 -0.9265296840396654 -0.10185868584184189 0.36217061271164946 4.0717763845006525
0.356859059498758 -0.03907653653345414 0.9333405787525878 39.34978038634247 -0.08309203463073848 0.9938366055306107 0.07337925652605688 -0.9979709337700997 -0.9304554397898852 -0.10373922016259006 0.3514126474182027 3.77890169981254
0.2995446099060582 -0.04226051458738669 0.9531458836836264 38.459704208551585 -0.0878759126370456 0.9935499118894556 0.07166865816143822 -1.037692355472695 -0.9500267631253534 -0.10522652465640037 0.29389883949124557 3.454456083182394
0.2397212323518045 -0.04456361394569091 0.9698184443862863 37.505234609664534 -0.09334106607812118 0.9932602748228185 0.06871296706080225 -1.0794620731505062 -0.9663442327365205 -0.10699584464360522 0.23394596189263134 3.171692632052748
0.19352085930093327 -0.04526688971481748 0.9800513178966597 36.79555291327794 -0.09702630033759936 0.9931550104734715 0.06503093274924203 -1.109096850444842 -0.9762866249510073 -0.1076755955032756 0.18780413220903266 3.009301328601238
0.15704368382117323 -0.044068603283419064 0.9866079462362587 36.324961672894055 -0.10098745000902394 0.9930506623045997 0.0604310932969967 -1.12498616418351 -0.9824147883213853 -0.10912534215774104 0.15150195835831645 2.9306800936771196
0.16526353767069582 -0.042307086495688415 0.9853416024652656 35.440959508955416 -0.10187897916751157 0.9930024133270413 0.05972336837835996 -1.167231320389437 -0.9809733109113391 -0.11025569173025888 0.159796888958231 2.806569574190075
0.179832728395562 -0.041329838363340025 0.9828285884418873 34.604322723639335 -0.10316717776737551 0.9928146506253497 0.06062675098649912 -1.2105341965576 -0.9782723154773035 -0.1122983257423031 0.17427668463151372 2.677546919699437
0.1662750333694821 -0.04164885043451206 0.9851994653548416 34.2906558878348 -0.1056710756623654 0.9926016516356044 0.05979619501798212 -1.2238593788575343 -0.9804010592845861 -0.11404970156801615 0.16064379392279535 2.62724463851136
0.1557102103545116 -0.04156778796955814 0.9869277832722495 33.98680017772006 -0.10802119718328165 0.9924057246595593 0.05884130030875798 -1.2369189082653171 -0.9818786846400356 -0.11577131193112011 0.15003750192302706 2.5862956882580552
0.15384383084535935 -0.04254512667381811 0.987178802399615 33.66729275497493 -0.10938546136820032 0.9921984619453573 0.0598083017191889 -1.2528958669056287 -0.9820218411787452 -0.11718414700622412 0.14798979403436116 2.550397924520041
0.15157160753148505 -0.043834002725307665 0.9874738619302306 33.47370174287333 -0.11147056505560826 0.9918851866933657 0.06113991776614389 -1.2563937423707956 -0.9821407032174704 -0.11934134498716341 0.1454554311813395 2.5335156572511246
0.14186059442004537 -0.046498434029009814 0.9887939458672094 33.26928044964664 -0.11377622630685506 0.9915101298173937 0.06294944635869384 -1.254190827855852 -0.9833262643081211 -0.12143128963469256 0.1353658000363909 2.518369447532971
0.12141731201209889 -0.04904608157811175 0.9913890851858288 32.97794253711595 -0.11699915591342597 0.9911087429546963 0.0633613222266353 -1.2557742492569397 -0.9856820145763563 -0.1236848475788157 0.11459940933574747 2.4963345685482836
0.09669006372773552 -0.0510397374631284 0.9940050184863383 32.64625575704328 -0.1199806292594425 0.9908040230048915 0.06254627566714334 -1.256487381677836 -0.9880565166926617 -0.12530895098522293 0.08967712430797493 2.473244660922026
0.08017235258477763 -0.052513544020814984 0.9953967659056369 32.26364947011707 -0.12241015506744862 0.9905338563382043 0.062116289201215105 -1.2640070328162734 -0.9892361436064634 -0.12682668150724333 0.07298523851077486 2.455991295073053
0.09990386771797498 -0.05281115165415573 0.9935945850677511 31.343263157268588 -0.12299250009770525 0.990276556636993 0.06500143302187145 -1.310591496773789 -0.9873662249311081 -0.12869857666712026 0.0924370825434883 2.403326205107563
0.12631490089532224 -0.053755876530730294 0.9905326100387727 30.40932870165679 -0.12191715906962658 0.9901193894432683 0.06928059593336089 -1.3605860925822293 -0.9844697822362038 -0.1295140933910404 0.11851306880213718 2.3324631668570697
0.12218286647965455 -0.0561630876877541 0.990917279453839 30.089417706006877 -0.1225085196223133 0.9899093746631608 0.07121160420843928 -1.3738067736230775 -0.9849177680186129 -0.13009664690286132 0.11406950822138046 2.3115961281257222
0.11163312812809248 -0.05968136043833639 0.9919557348594601 29.875299023046924 -0.12429218254856289 0.989518023511866 0.07352234015919948 -1.3795865630227062 -0.9859459914527031 -0.1314998720965146 0.10304506575740675 2.3025513492710235
0.12264449308740288 -0.06150317817084382 0.9905431274761463 29.45794369992672 -0.12458608908772716 0.9892283916537118 0.07684722214911834 -1.409898015989981 -0.9845997332526357 -0.13283278293063225 0.11366097420726327 2.2799066221523066
0.13430355189013238 -0.06137681227599593 0.9890376347058473 28.941394278260322 -0.12452140099573271 0.9891233063881624 0.07829115820965762 -1.449206533479947 -0.983085437102878 -0.13367113254022667 0.1252000466519808 2.2369975780308056
0.13007317080614825 -0.06057476588227898 0.9896522965035481 28.538860177392788 -0.12539458164527895 0.9891125800745483 0.07702274230560663 -1.47417826753803 -0.9835431709540979 -0.13411562801022667 0.12106126214847567 2.199163299954634
0.13999727287534836 -0.059531323992044714 0.9883606553537149 27.964806278624646 -0.1257793915670867 0.989035200409595 0.0773880934496122 -1.5164389658381563 -0.9821304945089939 -0.13514952391520518 0.13097441712416247 2.1423355305837375
0.15077999597619096 -0.05866021060141022 0.9868254012263887 27.885009747059442 -0.1249565552314245 0.9891002634235784 0.07788792075863621 -1.522992868484969 -0.9806381861411056 -0.13505424313069847 0.1418065558931525 2.1442959253604723
0.14307776412569348 -0.05864747541861998 0.9879722805017455 28.04942007073207 -0.12514298709272173 0.9891585742982416 0.07684105461132558 -1.5066015256639107 -0.9817677862887462 -0.13463204863364514 0.13418727691701604 2.1815082843790385
0.12215975603547836 -0.05927661988362311 0.990738752820606 27.67332159158862 -0.1268773291160593 0.9890923950652003 0.07482230536785701 -1.518784318885651 -0.984367379265348 -0.1348425613794032 0.11330642646784793 2.1465600387373702
0.10704570447401623 -0.059823564637710595 0.9924526982520142 27.22143727841633 -0.12828194327879938 0.9890138717770673 0.0734527362400415 -1.5379736300268314 -0.9859436901680936 -0.13517656064041525 0.09819540351335827 2.107465593031095
0.1161853938218633 -0.06034544699865052 0.9913926473849782 26.56183425289824 -0.12663984160899006 0.9891057550303833 0.07504769072413081 -1.5731962014181338 -0.9851209594662524 -0.13426925333935516 0.10727750382994183 2.0573247042666227
0.1397335404188224 -0.059959876118565104 0.9883720711037275 25.70104568521568 -0.12337027188730007 0.9893329736521423 0.07745994615969326 -1.626823652860315 -0.9824735689556622 -0.13275948365542573 0.13084573284241727 1.97697010695218
0.16883297574473524 -0.05917149797893295 0.983866942288494 24.710837581341536 -0.12032563434584059 0.9894930272104466 0.08015791178153775 -1.6931766420049836 -0.9782725428123035 -0.13191771271832628 0.1599392042330953 1.853732596735813
0.18658912055064225 -0.059532120149247025 0.9806326665794267 23.929708060137404 -0.11869769732865067 0.989484246913335 0.08265459309212818 -1.7471509929897424 -0.9752411787558066 -0.13182128728276352 0.17756066985146357 1.7374737779216056
0.19604115445185133 -0.06047530463984453 0.9787290755310721 23.436871399839394 -0.11679493534932804 0.9895515283306318 0.0845382508410046 -1.7837013686387355 -0.9736153289867273 -0.13088357539136963 0.18692961470788735 1.6588733325259521
0.21306592966468751 -0.06128487695944358 0.9751138771816303 22.763131925325943 -0.11449863753571543 0.9895877775278078 0.0872129151561728 -1.8372994915892389 -0.9703056073313132 -0.13023131122598286 0.20383040489037213 1.5415068060285935
0.23865167618351907 -0.06224996669983551 0.96910800177311 21.98672122405422 -0.11091127546170527 0.9896660520734659 0.09088341074572971 -1.8976256944767385 -0.9647507794400876 -0.12917448284854352 0.22928123898512903 1.3905229923028912
0.25302561455950323 -0.0632018406775399 0.9653929592201097 21.30467074702561 -0.1084386502600601 0.9897231101973724 0.09321600866275903 -1.9493920372687792 -0.9613631454900713 -0.12827194734707226 0.24357177590440723 1.241057556497942
0.25571872317886307 -0.06327184949530383 0.9646784996449436 20.76809742979845 -0.107689251747427 0.9897814709581355 0.09346477842496546 -1.9906376166501503 -0.9607345937738752 -0.12778619960462173 0.24629195585068425 1.1138772276908766
0.25962080286323913 -0.06319128309777247 0.9636409603483592 20.180820178481504 -0.10672371383349732 0.9898671949666477 0.09366421533566376 -2.036750325365336 -0.9597953363224029 -0.1271605208754549 0.25024610747112336 0.9731423966362349
0.2523225281159974 -0.06334606345568451 0.9655675108711059 19.624707224233862 -0.10654842480895416 0.9899683926633683 0.0927901648788061 -2.078047152982227 -0.961759208417514 -0.12629274631653942 0.2430419043126984 0.8367909829202199
0.23993194401824341 -0.06298795167419557 0.9687441252381964 19.096649312301764 -0.10740140532969795 0.9900448387963091 0.09097337690772052 -2.1137368948187985 -0.9648303479746233 -0.12587189963084477 0.23077838830897732 0.7145534790609
0.2286615838552816 -0.06264219483002682 0.9714884639025176 18.574954428859964 -0.10786682485797251 0.9901524859219814 0.08923453769464754 -2.152049706529622 -0.9675115648734404 -0.12519588671116538 0.2196528210307134 0.6010259496222182
0.2321564920499146 -0.06215015075677796 0.9706908477780091 17.82998180455454 -0.10735117085645704 0.9902228445340446 0.08907549763347151 -2.213383807979779 -0.9667363080565586 -0.12488425410680323 0.2232147704820645 0.4392891008237438
0.2419787586033032 -0.06108606061469983 0.9683567388020715 17.59133568508721 -0.10585878535235632 0.9903966621491079 0.08892901195687877 -2.241807599471821 -0.9644896048939706 -0.12402800007449996 0.23318845865306193 0.3861493160358529
0.2371573833125964 -0.06100003773472253 0.9695542124794706 17.609394444069242 -0.10550538931299855 0.990506202254162 0.0881253432444215 -2.2448850241964746 -0.9657251101458606 -0.12319277045507551 0.22847002635218314 0.3967109223052995
0.20930860731369702 -0.06277757017947225 0.9758324054809635 17.03471379409214 -0.1076833861571651 0.9903878534508139 0.08681122094990443 -2.2841449732443224 -0.9719023589075843 -0.1232512735003079 0.20053660097454531 0.26972185569709833
0.1784955054490537 -0.06474738688061175 0.9818080924634002 16.471044242403813 -0.10914210005031261 0.9903720077366325 0.08515449658306865 -2.3220017402350903 -0.977868782879939 -0.12235629196670142 0.1697102863266226 0.155409362295856
0.15509215862341977 -0.06452110707463164 0.9857907734785275 15.939869734671676 -0.11009752007082296 0.9905198545713727 0.08215201625132819 -2.3586161032693806 -0.9817458726207009 -0.12127425300436888 0.14651824852368728 0.06902975665178496
0.13129144157097944 -0.0626947515042252 0.9893593510469487 15.393917602735165 -0.11126792315978694 0.9907601008381681 0.07754915771849481 -2.3961402996740095 -0.9850796955809824 -0.12026550095918483 0.1231024070971562 -0.002144588827397903
0.11840024004712711 -0.057362670627955005 0.991307675333553 15.394888669165296 -0.11089321964206962 0.9913209141357794 0.07060834960835166 -2.3980018440475863 -0.9867543144036397 -0.11828934531659331 0.1110115029642105 -0.00487947002916082
0.11755755807121182 -0.051627450951679144 0.9917231603872961 15.964883366787495 -0.10918700195880315 0.9919211357001824 0.06458064070993037 -2.3692027135540576 -0.9870452974122211 -0.11587522107633176 0.11097077992394583 0.05630568134442092
0.1415715593672388 -0.04905843266871832 0.9887116686690911 15.372703182933748 -0.10797147929705961 0.99204743797214 0.06468415935385066 -2.409168704183638 -0.984022181272725 -0.1159100987705495 0.13514879121275153 -0.00920470691134842
0.17805652334331495 -0.04933526265563623 0.982782736088497 13.910255464865445 -0.10591908898197851 0.9919788083716412 0.06898688520873368 -2.4934971994276354 -0.9783031335348559 -0.11637901701026114 0.17140275177372555 -0.20405303424943247
0.16999452210848176 -0.05153261135927833 0.9840966682290941 13.130864464583793 -0.10740620485521606 0.9917135532289487 0.07048500195508936 -2.5327345929248666 -0.9795742797826549 -0.11768015256832036 0.16305094933727893 -0.3413142919960743
0.14234652162870692 -0.05365913483578988 0.9883613534678923 12.750928650369277 -0.10895657492788047 0.9916119927172325 0.06952784103753817 -2.542575225163092 -0.9838017750340727 -0.11758551419299283 0.13530600242330598 -0.40201725853138087
0.1350576005071224 -0.05501646111086383 0.9893091698514157 12.425605289745166 -0.11015493381587001 0.9914341570715557 0.07017266382169307 -2.5593833572118956 -0.9846955545249909 -0.11845463772536662 0.12784038368243344 -0.44010563346269166
0.13450037890876598 -0.05375240460004445 0.9894545603882541 11.939580782649262 -0.11078155975193267 0.9914522148736349 0.06891989292714816 -2.5870531034547497 -0.9847015253833654 -0.11888307121652646 0.1273959233484275 -0.4931179259445944
0.15979276115172902 -0.05332157369726164 0.9857094314563272 10.867520439015923 -0.10934020504317535 0.9914398370883174 0.07135663245560352 -2.651298975187433 -0.9810764460757492 -0.11917994467499637 0.15259471728287752 -0.6210760586653499
0.18643442859822634 -0.0541817934088727 0.980972240736838 9.791134153007885 -0.1054424938818224 0.991607558327659 0.07480862752007504 -2.7175370432520025 -0.9767927540257628 -0.1173830632180542 0.17915672511047656 -0.7851278566873119
0.18634264505005627 -0.055543485169622084 0.9809135231461349 9.443146490609196 -0.10368189360565959 0.9917139902561339 0.07585134454048194 -2.733190210503749 -0.9769987121660364 -0.11583731171546659 0.17903975435762767 -0.842725484322364
0.1823176663792073 -0.05663912207006762 0.9816069877385626 9.093436904819722 -0.10224772804053671 0.9918346104228138 0.07622012646257674 -2.7508245489335352 -0.977908825318899 -0.11426335991276781 0.17503775005654085 -0.9009198530323589
0.1900480692481815 -0.0566200882281703 0.9801407536594295 8.578479613700864 -0.10161749310157867 0.9918391908441816 0.07699938052547683 -2.779625557108288 -0.9765017237418421 -0.11423302987573589 0.18274353179967673 -0.9795712259051409
0.22606635919310425 -0.05474424547731366 0.9725723977310355 7.366698333185142 -0.09959836906037738 0.991888078930392 0.07898230027219068 -2.867069839288783 -0.9690067936406261 -0.1147218656703823 0.2187800891658531 -1.1955844263338133
0.25253927688694977 -0.051375616351669186 0.9662217445669002 6.893202265725513 -0.09898692559711104 0.9919782936377431 0.07861713243549694 -2.9093432452105055 -0.962510001085832 -0.11549723371594037 0.24542796664951597 -1.2930755012654358
0.2740835031881315 -0.0482030292244842 0.9604971115280392 6.57439739265263 -0.09765697474643033 0.9921854616868571 0.07766031741249951 -2.9360558564147565 -0.9567347326001584 -0.11508465401963294 0.26723430514378893 -1.3699372986874319
0.3035610461998959 -0.04798173679619808 0.9516030917163136 5.53392143723885 -0.09592925125288279 0.9921174502642557 0.08062594889494636 -3.0119871031176753 -0.9479706060759935 -0.11576146947568337 0.29656535907071685 -1.6520512339112088
0.3210665130320796 -0.04838577183743602 0.9458198091037842 4.833919362361693 -0.09491408881338972 0.9920219267593297 0.08296874455738104 -3.0700393771516987 -0.9422884961380702 -0.11641011086842736 0.3139125294304987 -1.8619306163753295
0.3370261768818641 -0.0465347606207555 0.9403445496999305 3.985197731906723 -0.09457936053822437 0.9920519907731091 0.08299151862261872 -3.137048149540165 -0.9367326729951164 -0.11690750043122498 0.32994626181599135 -2.1433572353314703
0.34198665562098884 -0.041017104107405125 0.9388092056151854 3.9657482672607824 -0.09477072276858843 0.9924478249328873 0.07788340575435745 -3.1433175922331302 -0.9349137059018291 -0.11560671242026044 0.33551669192498784 -2.1467692146710937
0.3414616485789937 -0.035191044018476544 0.9392366756950069 4.764158157795295 -0.09291782503978811 0.9931397351256753 0.0709911565223185 -3.0914885751142833 -0.9352915162341593 -0.11151258644382091 0.33584925595424026 -1.867480617610255
0.33952315898428886 -0.03140667047662898 0.9400732128738187 5.481209283103082 -0.09234441181167996 0.9935011278443051 0.0665433586411631 -3.0428452466681475 -0.9360537025836102 -0.10940351923802094 0.33441641086802304 -1.6074239330850983
0.36608166450682894 -0.03240501690016748 0.9300183491693119 5.002263439629001 -0.08831484122383086 0.9936730069512718 0.06938619514013976 -3.0769222413385844 -0.9263825903650831 -0.10753543665283483 0.36090362443783175 -1.7844954482057895
0.402944757105133 -0.0360229746803531 0.9145150999391244 3.74245782755989 -0.08345736154098549 0.9936158198765265 0.0759109431881433 -3.15871058515414 -0.9114112087999054 -0.10691093389487769 0.3973659027742828 -2.271053530699451
0.4211879742637857 -0.03835989702648336 0.9061618004725693 3.0469557828944294 -0.08050558910756968 0.9935802937348158 0.07947987181845542 -3.213337043713379 -0.9033933475834398 -0.10642705577978055 0.4153958850783598 -2.573581499764681
0.4415296692831674 -0.03748681771246793 0.8964632115377025 2.3366460225451466 -0.0794487905305775 0.9935688063973068 0.08067785716947064 -3.278747630874297 -0.8937222391917566 -0.10684458550633845 0.43571182417057674 -2.891583079626721
0.45118785473805517 -0.03492149741009313 0.8917454842921894 2.3328151205649634 -0.07983964518237002 0.9936477789095092 0.07930777090141267 -3.282258328250148 -0.8888504659356531 -0.1069793460759344 0.4455336897689541 -2.8925851360454984
0.4525513502342167 -0.033680243615305604 0.891102079781662 3.032586418779475 -0.08054085739730933 0.9936585216085089 0.0784596248047177 -3.2367247305436004 -0.8880937144755029 -0.1072771346783854 0.4469688699275376 -2.5333896507073383
0.4477567679400667 -0.03433787843122012 0.8934958236436871 3.209490423248661 -0.08197900511756136 0.9934771900201473 0.07926232162639142 -3.2208894791357934 -0.8903894201324511 -0.10873813964986435 0.4420211505139597 -2.438664066841682
0.45711266226938335 -0.036251408448133196 0.8886697076971436 2.5912637642069587 -0.08128637924151486 0.9932845231211855 0.08233092175922051 -3.265950511550224 -0.8856864786948057 -0.10987124971276548 0.4510961870197441 -2.734839694142231
0.4773374168169285 -0.03777150305037441 0.8779079132026664 1.8171536179916332 -0.07941866854263593 0.9931324391281737 0.0859106130710159 -3.3372649219850805 -0.875123800152561 -0.11073062769007685 0.4710595105694213 -3.1163309004289825
0.5001853537058779 -0.03849210312193917 0.8650624081159572 0.8630368867356241 -0.0774323855526801 0.9930210183624911 0.08895775827852637 -3.4243555363414493 -0.8624493246595709 -0.1114792137017911 0.49371403393734037 -3.622689526900534
0.5327827814155146 -0.0393405454940808 0.8453371098605453 -0.22588001761698895 -0.07503969440459596 0.9927876486021591 0.0934972141117574 -3.5290857111113003 -0.8429184729799296 -0.11324754418186338 0.525988062265639 -4.234850957072611
0.5665802688726059 -0.040141048893077375 0.8230282468530551 -1.2703759642901473 -0.07171842090516782 0.992620140228865 0.09778407495547085 -3.6370452099527704 -0.8208795691373485 -0.11442881370437914 0.5595201332991435 -4.87057938273683
0.5938593956165992 -0.04055970883285247 0.8035458470163894 -2.1816780683384476 -0.06880390905501012 0.992509784208701 0.1009472651870671 -3.7333372314399136 -0.8016215069074946 -0.11523557727278658 0.5866205940759049 -5.483861764722018
0.6204626235037565 -0.041819929330336056 0.7831201863990266 -3.079836973384298 -0.06449457661402336 0.99247365092659 0.10409851970044033 -3.834640678502716 -0.7815795432470187 -0.11509624549589259 0.6130956465760729 -6.131084795548082
0.635130130470045 -0.04118621847213005 0.7713063028246785 -3.266054074041673 -0.06269795179404059 0.9925331230800728 0.10462775171888944 -3.860103359228908 -0.7698562750344645 -0.11481156299294669 0.627805400417341 -6.273757454266437
0.6470821708349295 -0.04139734895708591 0.7612955560666865 -3.4018010660668176 -0.06118892025443327 0.9924840607099275 0.10597785275627077 -3.884050731201968 -0.7599609070377614 -0.11515923209217072 0.6396856814391634 -6.376429468851172
0.6666128231088448 -0.041771747254846815 0.7442328030919748 -4.101321779064277 -0.05954467897600543 0.9922537774735923 0.10902693380551119 -3.973827126270896 -0.7430220557106672 -0.11699385548251688 0.6589618065615279 -6.95412942334438
0.6899010128486998 -0.04115775761469347 0.7227327524462092 -4.969700450309863 -0.05733373453698896 0.9921395830388079 0.1112290009467982 -4.093651768276395 -0.721629707921165 -0.11817396818128299 0.6821183752765393 -7.7031527582411545
0.7168616626781084 -0.0398247569254229 0.6960771116178247 -5.908418728116354 -0.0546595443830978 0.9920844708600434 0.11305192119632435 -4.224487167918144 -0.695069558238753 -0.11908984597428422 0.7090105202291486 -8.558144381257044
0.7455471906553485 -0.038842426441187794 0.6653199624346797 -6.830890495305523 -0.050961965569973136 0.9920545111246208 0.11502488870907454 -4.363461709712082 -0.6645015158531756 -0.11966249565110622 0.7376439673469737 -9.473782780451781
0.7693180923779158 -0.03820664808197138 0.6377224512139661 -7.204236065811497 -0.0468465788416062 0.9921491897194786 0.11595422971939721 -4.426855378140183 -0.637146035686362 -0.11908080190073439 0.7614884712376364 -9.870260155841102
0.770247263932457 -0.03554924379246721 0.6367538014573227 -6.626433222336652 -0.048874712204700216 0.9922184463102425 0.11451557670725535 -4.338504694036853 -0.6358698097185275 -0.11932646842788598 0.7625160844343243 -9.170974748844177
0.7711714384379148 -0.03398659646768816 0.6357196896417036 -6.071510231133864 -0.05046473097252567 0.9921683047295538 0.11426008059665044 -4.25257618736448 -0.6346242380066118 -0.12019553382145676 0.7634167342833819 -8.494885475346173
0.779223628323463 -0.03359035482372701 0.6258452085981306 -6.060182540328508 -0.0504780302370453 0.9919552865279956 0.11608909506301227 -4.259566865027385 -0.6247099371114646 -0.12205079922711387 0.7712594225565181 -8.472685789009391
0.8071062109799146 -0.03446686558538298 0.5893993547454635 -6.900859190275911 -0.04591933911794404 0.9916059790736602 0.12086768203427167 -4.411115912190326 -0.5886178543780518 -0.12461788572306011 0.7987486488660208 -9.50396079972664
0.8259488796468746 -0.03597169798660132 0.5625962007995057 -7.482273336033472 -0.042076536390265554 0.9912449917665664 0.12515163356144146 -4.5266007215793636 -0.5621725831944103 -0.12704095104201396 0.8172041259458163 -10.284850837608461
0.8314625896517525 -0.037003249807430555 0.5543471128393248 -7.721268196032866 -0.04125689121609151 0.9909123838071244 0.1280254527227495 -4.578104728508584 -0.5540467768490224 -0.12931901299256135 0.8223799377063139 -10.618954142298769
0.8501798207825562 -0.03608445252663514 0.5252543999054156 -8.402525149199672 -0.038474510431386964 0.9907229909429428 0.13033674564041278 -4.727024920898053 -0.5250847401907723 -0.1310185769382402 0.8409043632398803 -11.609838918844428
0.8685124258461617 -0.034082357541975805 0.4944942457250649 -8.704513507537868 -0.035057159673347035 0.9909110333967805 0.12987039481021312 -4.810087956328205 -0.4944260932702259 -0.13012961537215154 0.8594237147627698 -12.087346264907538
0.8677025190186387 -0.03328500220337917 0.4959681916383699 -8.259678422966623 -0.03606506904020405 0.9909105973184508 0.1295974495008119 -4.704236646159629 -0.4957737884195168 -0.1303391604634279 0.8586151955130135 -11.314051464122445
0.8776957000376768 -0.03438751837314137 0.4779830088146581 -8.417710631308905 -0.03342243772256876 0.9906007887627205 0.13263867444812374 -4.741612363019639 -0.4780514604015539 -0.1323917515663691 0.8682967380597091 -11.584309984853043
0.8966123111069926 -0.03350814286184193 0.4415467901970656 -9.096453383241487 -0.03018078383715334 0.9901899741731501 0.13642923196276133 -4.9236468019373625 -0.44178669497661077 -0.13565035720160967 0.8868052191618624 -12.806168629925741
0.9042228698570489 -0.03175375106485113 0.42587873969100365 -9.199748225487916 -0.02994104518608098 0.9900643523893163 0.13739036334869478 -4.958526652399846 -0.4260100180050371 -0.13698276322673877 0.8942880895651666 -12.99738817986703
0.9108676502220152 -0.029663920917991863 0.41163111589723167 -9.295826711683109 -0.029477220192288666 0.9901896550614926 0.13658528653898308 -4.987523370524613 -0.41164452780131205 -0.13654486004596403 0.9010573144513415 -13.172239422955636
0.919193287698358 -0.028012148145091495 0.39280913864953015 -9.658773539449355 -0.02874365167555518 0.9900341006264639 0.1378632731553323 -5.0992363411530155 -0.39275628873213925 -0.1380137643608233 0.9092275284593581 -13.94276232401071
0.9269779299171682 -0.02801630997790013 0.37406818071269876 -10.04963411836804 -0.02602874832829285 0.9899994638220063 0.13864907461862477 -5.227625501905314 -0.37421173379111095 -0.13826115870829664 0.9169784241113261 -14.819868997717013
0.9327307554970459 -0.03010599742603888 0.3593145789818411 -10.099824527726513 -0.02164899260727412 0.9900346304528341 0.13915010464677535 -5.253432981102188 -0.35992312911093316 -0.1375683808987431 0.9227839843147984 -14.931351486511701
0.9387264778312538 -0.03121991353455291 0.343246146107174 -10.134677362509493 -0.018188312548623103 0.9900142631949468 0.13978892644697505 -5.275613498201479 -0.34418277862956315 -0.13746663474988838 0.9287847647465878 -15.010442358692995
0.9432191029791613 -0.03217271393664943 0.3306094981290469 -10.401397603908011 -0.015786063522824214 0.9898322350530121 0.14136105067665994 -5.3766392042623545 -0.3317959071080352 -0.1385534659541448 0.9331207923406539 -15.699899069789542
0.9507242040718384 -0.03180186656447809 0.30840254388540306 -10.719876021820545 -0.012899916089394345 0.9898064054702481 0.14183395875089572 -5.507655678155245 -0.3097693980316006 -0.13882334448168043 0.9406226656157403 -16.57037753438335
0.9592330717103009 -0.03225754981414405 0.28076923730567754 -10.856115207448257 -0.007922666403410723 0.9900050860689118 0.14080895182744516 -5.5719186888705865 -0.28250512472216294 -0.13729304438926065 0.9493900539125336 -16.962738104655962
0.9673129474738738 -0.031939029955106654 0.2515662139774282 -10.975943777429599 -0.003861402270371495 0.9900664386013283 0.14054727577504292 -5.628926820884543 -0.2535562091961414 -0.13692459793918102 0.9575807554756289 -17.321294837002064
0.9765433924743866 -0.033164874226563994 0.21275124848553997 -11.2763593198634 0.002411952195429782 0.9896897561493933 0.14320743367422947 -5.787321709975552 -0.21530718776024957 -0.13933512726691727 0.9665549840584781 -18.432112928659038
0.977155212088855 -0.033252001605287504 0.20990949448948354 -11.39916728475795 0.002396643560346232 0.9893455411369222 0.1455666731505964 -5.85715553747841 -0.2125134056647576 -0.14173815513731594 0.9668238452743273 -18.912062567698097
0.9775902016827818 -0.032487731157969005 0.20799505979236485 -11.536498337913521 0.002143525815415532 0.9895052829170659 0.1444807958736846 -5.942059936642792 -0.21050606373903144 -0.14079716759729993 0.9674003073834929 -19.473004000722515
0.9795118386974289 -0.02966115375078198 0.1991902954708339 -11.553901938757559 0.0016461567478776268 0.9902403576751765 0.13936041116219777 -5.953470990741976 -0.20137986001471858 -0.1361772741301126 0.9700009804072077 -19.509701022346146
0.9801920240181595 -0.028473798611107857 0.19599193566022394 -11.383125249800662 0.0017120994522176818 0.9907922401820476 0.13538022569970162 -5.835658986850527 -0.19804207827291045 -0.13236305975494245 0.9712154012605317 -18.605547634179487
0.9823953662833894 -0.02722670358320381 0.18481896795762207 -11.374878721061295 0.0023561512025671036 0.9910496483795379 0.13347300475489893 -5.8219006791058225 -0.18679880314509348 -0.1306877999615226 0.9736667325552296 -18.512272197587887
0.98251190581307 -0.026102891701584585 0.18436104246935436 -11.47904882363611 0.001238446931074593 0.9910191705933593 0.13371413450209832 -5.875256434778236 -0.18619565296958793 -0.1311474077565456 0.9737204610430892 -18.962067866736273
0.9870799023062083 -0.023608439382788952 0.15847999259552667 -11.698485549826708 0.0025099385884004358 0.9912424886268546 0.13203040918333445 -6.012241272111805 -0.1602091341698468 -0.12992678834922924 0.978494794568577 -20.011690826949014
0.9945231639157438 -0.02287916794056859 0.10198146944111366 -11.859412096299078 0.009273083295777041 0.9912137868536579 0.13194407405191594 -6.138467089877025 -0.10410420914262533 -0.13027575532529112 0.9859972318486563 -20.935567148602804
0.9954861771758468 -0.02087822845639321 0.09258169704830702 -11.841570577603509 0.008341919792458342 0.9909759778883034 0.13377975789518518 -6.106217609040699 -0.09453932211518316 -0.13240359067956123 0.986677052408315 -20.6794802666363
0.9954840433059531 -0.019755412283356054 0.09285065001791389 -11.905445920620505 0.0068488452708964165 0.9905035977805062 0.13731611741644037 -6.164513004926525 -0.09468163941171565 -0.1360600840415179 0.986165828189623 -21.182232263361662
0.9962883571344552 -0.017687679327686136 0.08424164907177982 -11.974185428135517 0.005744632488570322 0.9901412827755313 0.13995441879838647 -6.235207421015881 -0.08588660335525858 -0.13895102066420312 0.9865678411647488 -21.72453580272023
0.9982979755887255 -0.017175912475932247 0.05573275487606838 -12.05441815889205 0.009152885742060992 0.9899477744973478 0.14113691384729526 -6.341625897444134 -0.05759667193553625 -0.14038657983712385 0.9884200683836736 -22.538467900809593
0.9994820469560791 -0.015882457595182968 0.027989022012702213 -12.123559094745056 0.011735068399216215 0.9897164662325433 0.14256088046105267 -6.4673740134903746 -0.029965413098372962 -0.14215858753132718 0.989390221302466 -23.499397386635767
0.9998734659876463 -0.015305762058017158 -0.00433424291870076 -12.165258673664251 0.015769460595060535 0.9895197180313434 0.14353414834006753 -6.6157343343646415 0.0020919193090970485 -0.14358433506128376 0.9896358737427688 -24.58949089232461
0.9996333158387603 -0.014704308481645466 -0.022738011726749337 -12.180536462892299 0.017805272975261903 0.9895879047924157 0.1428241959292269 -6.621141854448904 0.020401130348231062 -0.14317668106444695 0.9894868528080019 -24.642300399182187
0.9994244936655805 -0.012384545109032745 -0.031580128304746005 -12.19916372097765 0.016767681813626107 0.9896456873340638 0.1425491437634131 -6.60061256834223 0.02948773148105444 -0.14299663137125826 0.9892838000839668 -24.51279200290251
0.9980848805465744 -0.01031361259564456 -0.06099344734937511 -12.182401222911079 0.018967684693083443 0.9895322823534942 0.14305973968124355 -6.750435061636813 0.05887952243112686 -0.14394266766844474 0.9878328351815272 -25.66736827681874
0.9936999275523002 -0.008565258658836231 -0.11174565014649925 -12.10522797075448 0.024538069873023434 0.9895108069746643 0.14235956591410218 -6.97538681217294 0.10935418194775522 -0.14420471290652112 0.9834869921183933 -27.271317334559
0.9840405235197706 -0.007330148355261312 -0.1777934672478953 -11.911324202878012 0.03296915084182647 0.989362508992713 0.1416857822521662 -7.242741475342321 0.17486361303515005 -0.1452862509831167 0.9738144700668413 -29.182194681679302
0.9655182407850178 -0.004704426352275014 -0.2602929024850718 -11.517276228991086 0.04252248736030449 0.9892590200581329 0.13985145441614455 -7.5689325931735905 0.2568391807729083 -0.14609743189500013 0.955347672637342 -31.4353833148015
0.9525720140537893 -0.00273063932183861 -0.30430100501050583 -11.33244625383757 0.04689648514438988 0.9893317766322126 0.13792518053947786 -7.687078287334532 0.30067802999655713 -0.14565431457612074 0.9425378204203525 -32.18882409977324
0.9496118706565126 -0.0008470479606520032 -0.3134271488208923 -11.512788025449469 0.04613756533132229 0.9894804736991435 0.13711206086049643 -7.629369070475129 0.31001390319393407 -0.1446640061586393 0.93966148433816 -31.674735286548156
0.9469511793531736 0.0008963640655658213 -0.321376197707762 -11.706971456471543 0.04555776426821036 0.9895231129306082 0.13699817185275637 -7.5694741713857905 0.3181319758158825 -0.14437176146178005 0.9369892424440661 -31.129190023379582
0.9441480256806261 0.002062554219552417 -0.32951517639324357 -11.894257610228307 0.04552132075086092 0.9895764215354905 0.1366247243294814 -7.510188814295175 0.32636224499852107 -0.14399392977171266 0.9342127344606386 -30.620351165995558
0.9414483587941735 0.0022799965040093276 -0.3371495059164433 -12.112683405304331 0.046476663052532285 0.9895530514023406 0.13647226184032574 -7.433703737678239 0.33393847863829634 -0.14415117091530932 0.9315071295532227 -30.017948333312443
0.9389886783265123 0.0022762439048912542 -0.34394051911386936 -12.339089973757561 0.047637010320470165 0.9894799896209482 0.13660184986833834 -7.357735738509658 0.3406332004111729 -0.14465188852348262 0.9290020742303166 -29.40875059407229
0.9365750716091791 0.0019057317047485526 -0.3504618430399138 -12.587956917892715 0.04899141713657602 0.9894547643053011 0.13630521061385384 -7.273778970791416 0.3470259014644469 -0.14482968473419575 0.9266053022363837 -28.74841865339821
0.919659418502879 0.002566429734397454 -0.3927085018144722 -12.340795924013927 0.05472132339871558 0.9893859580113413 0.13461427433771458 -7.373701281485012 0.3888857553632431 -0.14528881418882417 0.9097576763881489 -29.436115568532546
0.900981359154258 0.0035976548656615303 -0.43384288323771747 -12.058218975642395 0.059726013377488306 0.9894166214413445 0.13224051021386388 -7.474921620528748 0.429727115484441 -0.14505794047572337 0.8912310587734036 -30.12362450507195
0.8812898588288757 0.005228762881742656 -0.4725471878702796 -11.751826843803544 0.06400525002631252 0.9894043785868996 0.13031616784626646 -7.573292614990769 0.4682216491091048 -0.14509181807322408 0.871617376853947 -30.78775426161405
0.859959597947653 0.006867173511935936 -0.5103159137491893 -11.404078047929872 0.06846852712627824 0.989318059578626 0.12869280393532428 -7.673726113812044 0.5057485053768015 -0.1456111909144852 0.8503033755017059 -31.45619602178763
0.8570931196088768 0.007306916375067827 -0.5151096905438814 -11.783585361629946 0.06909044220986678 0.989235809195284 0.12899234318746236 -7.592967988277403 0.5105074878142024 -0.14614760613446517 0.847362367648455 -30.837247622015216
0.8533768501087338 0.007999735172609677 -0.5212331109356595 -12.11231256617491 0.07003741490825864 0.9890574007574079 0.12984690416010708 -7.53279575792471 0.5165682067369838 -0.14731416172304587 0.8434784084636494 -30.31263538354334
0.8517330319085373 0.009290268222852718 -0.5238936278217547 -12.115692607818328 0.07008327204890892 0.9888390707822464 0.1314748153579875 -7.539379341539388 0.5192679244232284 -0.1486976227477956 0.8415758074317156 -30.331795847120667
0.8500415483709237 0.010864687212528881 -0.5266035744418546 -12.116210892587922 0.06951704715870208 0.9887270188461148 0.13261320582055325 -7.5488633413820585 0.5221079832730927 -0.14933466032855044 0.8397037650428024 -30.361298113716963
0.837337269941889 0.010986580201044118 -0.5465762448384962 -11.958397935475968 0.07193147866700877 0.9888915895313211 0.1300741578138793 -7.595748872725325 0.5419337217253052 -0.14823197768935806 0.827245502887298 -30.633243509017063
0.8230703063475121 0.009759626644171815 -0.5678556334992025 -11.75591915611558 0.07424649798814464 0.9894226473699973 0.12462055371341253 -7.649291017605717 0.5630654742971795 -0.14473276947225006 0.8136397833779898 -30.96038201411136
0.8202591894214766 0.008370247352814874 -0.571930766027564 -12.16015971957132 0.0746228951377842 0.9897812619422015 0.12150916438422688 -7.573939545688477 0.5671034171038609 -0.1423481382644343 0.8112525635347914 -30.392206923645098
0.8087241941355486 0.009866682102348215 -0.5881052851353232 -11.955375948210154 0.07587899921652698 0.9897543661630053 0.1209490476984438 -7.618511745218677 0.5832731395304466 -0.1424392616014045 0.7996896282038047 -30.706106505893846
0.7959916700969617 0.013214106702342384 -0.6051633238393663 -11.779348165512289 0.07741047004702144 0.9893302423535324 0.12342321779873598 -7.656426354309712 0.6003373054070075 -0.14508983061798006 0.7864757216773417 -30.9700459347292
0.7940088943226459 0.015177930177514891 -0.6077166331211092 -12.178165554076623 0.07710392050392346 0.9891001380036952 0.1254428253986253 -7.5919509071605695 0.6029965681323999 -0.14646005406455317 0.7841840290288706 -30.460355701546778
0.7762950997526804 0.015460850584537784 -0.6301800379250201 -11.809239517359401 0.08008797402020325 0.9891790224935934 0.12292590400705962 -7.676546887221536 0.6252614129444685 -0.1458966194187384 0.7666565997399796 -30.950206055059617
0.7584866445621095 0.01362894868724407 -0.6515460549942681 -11.438273668067401 0.08306396116376698 0.9896050202342835 0.11739796541201979 -7.752258053489322 0.6463732577827568 -0.14316478507223085 0.7494701167748613 -31.409211244947002
0.7569726601334599 0.011287949206079959 -0.6533490445490798 -11.967261729077165 0.08293634000015046 0.9901051081903869 0.1131964586136692 -7.673157836643028 0.648161982314491 -0.13987300289197213 0.7485463163653457 -30.807845422644526
0.7573232227893641 0.010765573428197653 -0.6529514826177315 -12.496429141287742 0.08366900060811679 0.990024037210135 0.11336623872819489 -7.58929081821018 0.6476581154908562 -0.14048668326535868 0.7488674497292077 -30.198910317875473
0.7559857271489703 0.012326378303261342 -0.6544720320571138 -13.033537783075193 0.08476590597463474 0.9895607882403438 0.11655122290839566 -7.512399111778402 0.6490765143889732 -0.14358797573288662 0.7470489754317242 -29.589513264533824
0.7423174769386061 0.015427497257700491 -0.669870700777296 -12.88106078574397 0.08700958393470193 0.9890506289960835 0.11919809388557749 -7.544982508964762 0.6643749662163744 -0.1467679992737127 0.7328472273633697 -29.782990039724005
0.7292304154565411 0.017704115168511815 -0.6840391549313389 -12.68432030937731 0.08907168911896517 0.9887036932396891 0.12054559789426667 -7.585556111075539 0.6784461919493475 -0.14883403938713713 0.7194158695421811 -30.018937170422323
0.7294639736265057 0.01788573247227026 -0.6837853550310642 -13.20322701901801 0.08930047748303224 0.9886122329164526 0.12112504963565887 -7.514649887253763 0.6781649769063033 -0.14941871871311424 0.7195598033491027 -29.477553042876625
0.7292861913110432 0.017680608920723644 -0.6839802973998769 -13.67862242287712 0.08914909996733121 0.9886886904425305 0.12061140645080506 -7.448376395439352 0.6783760676336118 -0.14893646114776243 0.7194607990729815 -28.978375897266005
0.7291747730354361 0.01793827643662565 -0.6840923684760726 -14.16249210540289 0.08890959694972282 0.9887001125264971 0.12069453616598444 -7.381328034015377 0.6785272536449465 -0.14882978777303787 0.7193402952236679 -28.468880048511085
0.7289521885587223 0.01822918654915774 -0.6843218566969816 -14.75971173914888 0.08915589271075383 0.9886031912658719 0.12130522253338821 -7.291585862477324 0.6787340669145708 -0.14943703348461618 0.7190192204892158 -27.84069524935087
0.7226700788097687 0.01875302042141196 -0.690938695846568 -14.6925547973158 0.0901275869885065 0.9885406033124474 0.12109704235151353 -7.312125262289321 0.6852918905522722 -0.14978584655343502 0.712698551223137 -27.92215827663136
0.7161232423910098 0.018155085058326147 -0.6977376975582673 -14.59925925246167 0.08957298879581108 0.9890051229902933 0.11766709980760731 -7.3330911673438015 0.6922024135941515 -0.14676259600277203 0.7066233501866138 -28.035176856941032
0.714952817344985 0.013602946786778189 -0.6990403627897206 -15.030165402211916 0.08941030023661913 0.9898230951978451 0.11070699356656667 -7.273377963098868 0.6934322369071559 -0.14165168566475408 0.7064605670285262 -27.604631716630657
0.7149528108954317 0.009387202157160025 -0.699109689983182 -15.497062848038405 0.09040495944805402 0.9902745975500739 0.10575048347041925 -7.207752071575019 0.6933032680580067 -0.13880958858339837 0.7071509574464213 -27.132230235690834
0.7139026269597821 0.009193960598513648 -0.7001846258726585 -15.986179687019193 0.09070435912368406 0.9902755861579612 0.10548451400779577 -7.141251272773168 0.6943455612703806 -0.13881546941177736 0.7061264100684123 -26.643247019548497
0.7142640887679543 0.01056987478299621 -0.6997964627258095 -16.486322759600654 0.09010068407075056 0.990176820626493 0.10691927152756617 -7.075901123338215 0.6940523598594437 -0.13942073605125752 0.7062953915554444 -26.139444200588983
0.7137886533148631 0.011653290676581027 -0.7002642067215494 -16.917026172747782 0.08964265907315888 0.9901173686477797 0.10785077642874376 -7.0280215417440575 0.6946005701647844 -0.13975620601031136 0.7056899112275556 -25.704031403517604
0.7141058384924219 0.010907768145096006 -0.6999527641385005 -17.353863253441236 0.08991638094417874 0.9901670272307525 0.10716483855681479 -6.981729584456497 0.6942390768812514 -0.13946425627772763 0.7061032681923824 -25.26511046058991
0.7150292080459589 0.010175137765774781 -0.6990205277476592 -17.88558809104736 0.08878151418512227 0.9904766445671774 0.10523240615863104 -6.920996641021492 0.693434261037167 -0.13730434493629715 0.7073163666150023 -24.73405896624241
0.6896649696035739 0.010585019395859237 -0.7240512323489896 -17.3688802528361 0.09187683693875899 0.9905331008342758 0.10199423015914168 -6.99942931306647 0.7182763232460235 -0.13686538465228001 0.6821634627771801 -25.266038070893877
0.6639318456513036 0.012011211344878064 -0.747696619714228 -16.769594520104942 0.09522875567795769 0.9903722993778146 0.10046985974471122 -7.082489327969496 0.741704785222583 -0.13790735813263477 0.6563958958972822 -25.832619559036555
0.6644806884297448 0.013361045986045877 -0.7471859856515589 -17.365250905295394 0.09464647531973851 0.990284237100564 0.1018782334932124 -7.015817353930047 0.7412877035358667 -0.13841463867780082 0.6567601757005455 -25.311463045765784
0.6640635471151664 0.013126264011801458 -0.7475609049341175 -17.95760708514098 0.09483083771401166 0.9902923906281085 0.10162722707285926 -6.95419203875529 0.7416378615006648 -0.13837876375062833 0.6563723029893672 -24.79957337745804
0.6390450248214498 0.012818868745260448 -0.7690625025672786 -17.438464144883756 0.09762989109632103 0.9904222200265759 0.09763314212983008 -7.02617590608053 0.7629481375660276 -0.13747546210766087 0.6316728874210227 -25.26649529814914
0.6124708381149572 0.012289611175497714 -0.7903976454392545 -16.907705620811868 0.10047710251800641 0.9905588479863607 0.09326049831259553 -7.089362726107715 0.7840815163797348 -0.13653620081532478 0.605453583306408 -25.71048625111144
0.6121026873419293 0.011675140178030815 -0.7906920963628081 -17.531113129130382 0.10038982545165061 0.9906536469350191 0.09234302767468595 -7.029108797410065 0.7843801266570769 -0.1359008569368274 0.6052096942294141 -25.233513877335028
0.6117629441215907 0.010890390458644117 -0.7909661810692937 -18.15680361696343 0.0999785705953758 0.9908223225706206 0.09096928337335118 -6.969855390970384 0.7846976396175702 -0.13473130479370374 0.6050595754859165 -24.75564112526716
0.5790734653430293 0.010924935050126051 -0.8152021635948763 -17.43923565864784 0.10342194111307831 0.9908478139879889 0.08674394279499612 -7.052767919587534 0.808688953697289 -0.13454090571037916 0.5726437992841735 -25.306283768598743
0.5446366189145216 0.013794573527288205 -0.8385586819528854 -16.840123834043474 0.10630649269327708 0.9906642660151943 0.08534191028929336 -7.117219295334204 0.8319073764239684 -0.13562456186757554 0.5380855835920679 -25.73333589252731
0.5440291454381115 0.016974960664983507 -0.8388945938699942 -17.705413360823563 0.10504615567127389 0.9905513121805019 0.08816690488027616 -7.04910260737408 0.8324647704813476 -0.1360880180173973 0.5371056295176326 -25.181169648154487
0.5433642616937601 0.019135632032940168 -0.8392789206817344 -18.44472903689054 0.10348697648899534 0.9905882114408016 0.08958482601241649 -6.993707510140775 0.8330940672043938 -0.13553163077750058 0.5362699434497803 -24.715290424748826
0.5410362301593745 0.018361005210669062 -0.8407988291753192 -19.121276394563367 0.10221436624676106 0.9909144137585253 0.08741194391137704 -6.942111035647895 0.8347646500587473 -0.13323474806988803 0.5342438403192391 -24.287071296775895
0.538804928594169 0.01658239021781916 -0.8422673407281668 -19.806923058110627 0.10092131339284034 0.9913354057048169 0.08407735663735222 -6.889224449487939 0.8363636394689179 -0.13030402039355654 0.5324628858836825 -23.85058489689609
0.5133187724035294 0.015311375986358488 -0.8580614195170059 -19.294552934472264 0.10203176629299576 0.9916604733178763 0.07873388296084043 -6.943703420440895 0.8521111174989223 -0.12796510236921704 0.507475690068373 -24.179078791937183
0.4880685832043173 0.014866081562870365 -0.8726786680719875 -18.710539804882156 0.10314578592646625 0.9918660478947552 0.0745834423933717 -6.992610097965855 0.8666891051204805 -0.12641496213898057 0.4825652830580115 -24.532949069761347
0.4874349924930281 0.01568550993754364 -0.8730183806033653 -19.32072479609012 0.10282975571147629 0.9918497450113869 0.07523379999149163 -6.950857938120588 0.8670831387091072 -0.1264438535431473 0.4818493358587516 -24.198535932165317
0.48512191080468675 0.016000190079450253 -0.8743001347218429 -19.963076098977098 0.10305079912877817 0.9918194607278931 0.07533053909502209 -6.912225604121661 0.8683531910784499 -0.1266418226292085 0.4795045195876917 -23.85267220549012
0.4601118214974084 0.01636704188139492 -0.8877101056416962 -19.400026049168066 0.10452555947161941 0.9918786659357053 0.07246460845644419 -6.964113820248917 0.8816867466030548 -0.1261302184317996 0.45466432547855046 -24.169223042836684
0.4356165069686885 0.017079736124520357 -0.8999703003268037 -18.16721809884855 0.10643020336715037 0.991829143049375 0.07033891390379278 -7.052641282007773 0.8938181418317841 -0.12642481406691852 0.4302393470157282 -24.81418216929181
0.4147793205479876 0.018236635217985492 -0.909739270550457 -16.99495381943822 0.10851024555003938 0.9916732189711283 0.06935238558338472 -7.131922909059913 0.9034288250085988 -0.1274819670046021 0.409346682204972 -25.3880645474219
0.37166948808541084 0.020144805796941216 -0.9281465285318553 -15.324891274262523 0.11185314021697991 0.9915098325438483 0.06631083616171893 -7.246644658052008 0.9216022279974843 -0.1284618183285183 0.3662606921057762 -26.15112019788204
0.30813946298127914 0.022755823933547924 -0.951069000562376 -13.145478631270684 0.11560941274452605 0.9914089776053157 0.06117763323670491 -7.381514013953065 0.9442904929302597 -0.1288037716865634 0.3028614425126474 -27.01429390177307
0.26699935947940995 0.023627075280409325 -0.9634070289090072 -12.156984674328879 0.11810877626893287 0.991360752335698 0.05704538278116652 -7.446310488022127 0.9564317325381032 -0.12901790589716045 0.26190212093847604 -27.328013781030748
0.2661751744983718 0.021394949223051636 -0.9636872068407393 -12.757337713049168 0.11791811447647026 0.9915220980568309 0.054582482018406334 -7.424771102903271 0.956684950628509 -0.1281646800515597 0.2613957153975685 -27.158944735407328
0.2672867428069133 0.017021679807143142 -0.9634666883375966 -13.357796800613603 0.11784121885148964 0.9917621037983742 0.05021331107399319 -7.405563298356924 0.9563844646685054 -0.1269574412390286 0.26307900686822766 -26.990217536173834
0.26858972074851634 0.011794370213666545 -0.963182461810585 -14.029065151475479 0.11660371393631869 0.9921736765508347 0.04466508094532878 -7.386978125024094 0.9561710808241843 -0.12430723386375629 0.26511238334836595 -26.80754164320238
0.27021982528159616 0.007437106768184957 -0.9627699286266189 -14.757878868038905 0.11631503980889175 0.9923939515952916 0.040311987687712096 -7.36993443172163 0.9557468585033579 -0.12287772084473632 0.26729947284079 -26.604084637134488
0.2717340663423491 0.00648826371572575 -0.9623505076753529 -15.57091913822567 0.1163323169711225 0.9924230170612022 0.0395391860723948 -7.352193089503154 0.9553153349638955 -0.1226966081075283 0.26892034720661473 -26.37952182513744
0.27191772327650066 0.009025295194371038 -0.9622781800575037 -16.40258407889976 0.11503593473431374 0.9924808474438386 0.04181508312749468 -7.329752278691284 0.955420057088988 -0.12206683211999504 0.26883489916352477 -26.156705378214518
0.2709297137933603 0.0121487503063103 -0.9625224662572013 -17.239290601903456 0.11373511326250732 0.9925121643587579 0.04454130230533292 -7.308972795803521 0.9558563773888891 -0.12154016400303796 0.26751929713406253 -25.93175389853403
0.2696708205733621 0.013425860661572786 -0.9628589693183462 -17.963789581241674 0.1126280918705914 0.9926001944581512 0.04538465471089305 -7.299718323287907 0.9563433282314867 -0.12068388553213479 0.2661631798727768 -25.741042018090237
0.26897962213794746 0.013299017775594939 -0.9630540478087062 -18.62737895547956 0.11205335461428195 0.9926825475170041 0.045004506161423145 -7.293554944367738 0.9566054613027309 -0.12001873179363305 0.2655211769792303 -25.56666220003081
0.26853370907429586 0.012039297349787297 -0.9631950489958552 -19.333112845070378 0.11229930600562289 0.9927123027966306 0.043716698718725557 -7.2833505108495045 0.9567018934660134 -0.11990554280570925 0.26522471197648995 -25.3776324966661
0.2680492294544917 0.010999789610130527 -0.9633424184667614 -20.04127075804906 0.11255357736543088 0.992729766624606 0.04265328451240888 -7.270902146761237 0.9568078714199081 -0.11986081547355423 0.26486238332937745 -25.183317226385252
0.26753785039037126 0.010354647181135821 -0.9634917124138931 -20.78384543294669 0.11194697085513072 0.9928365434280763 0.04175492486099269 -7.2544922989335126 0.9570221388896172 -0.11903100148927945 0.26446218323155396 -24.98649982841494
0.2674335592847945 0.009156927792523478 -0.9635327924059831 -21.525824475129166 0.11225502882624626 0.9928499667094831 0.04059251295736736 -7.2396590321664505 0.9570152035738423 -0.11901720160706998 0.2644934892395989 -24.787904419772065
0.26725740954229066 0.007839815157336552 -0.9635932826369459 -22.224665844791478 0.11363325298007988 0.9927335123906845 0.03959365092557511 -7.224960317898925 0.9569017508929049 -0.12007793583648053 0.2644245231882649 -24.60049341539363
0.22522978133642924 0.007685490805290548 -0.9742753608863503 -21.238976797173294 0.11533551223751942 0.9927274994250355 0.034493934281575114 -7.264686350568093 0.9674550455788893 -0.12013760908389357 0.22270538760333777 -24.877214587664113
0.1831492392159017 0.00812212765539916 -0.9830515689509822 -20.24307874795895 0.11638017242352633 0.9927550346579528 0.02988472231682202 -7.298469016588255 0.9761721219340902 -0.11988107525223778 0.18087707470838074 -25.111744880710965
0.14616605899657809 0.009585862553673274 -0.9892136242675357 -19.344969963956466 0.11662405800639265 0.9928130439989024 0.026853095906275076 -7.323652836594533 0.9823615995607361 -0.1192911182977683 0.14399762777121675 -25.294602206192234
0.10871052224801295 0.011147315117691679 -0.9940109454720474 -18.50647636691043 0.11737631989970444 0.9927981708839216 0.023970636544291088 -7.345556210381438 0.9871194567423764 -0.11927920713688182 0.10661917681838795 -25.430814956357054
0.10983949776000251 0.012215351925788041 -0.9938742726870246 -19.345542824936565 0.1180262474577304 0.9926895351452201 0.025244637533747227 -7.336490619973606 0.9869169618781891 -0.12007610915787062 0.10759478782278684 -25.349483576658447
0.06478651827828484 0.014505727130156451 -0.997793711610674 -18.371783486929534 0.11869974258289877 0.9926833605626665 0.022138581091862463 -7.356985947662228 0.990814351006347 -0.11987213830758535 0.06259067260731695 -25.46877225542331
-0.0035987822494878427 0.01784338951986397 -0.9998343173830174 -16.046666098616658 0.11786001631195306 0.9928795988372371 0.017295050382959493 -7.390070123431317 0.993023698267702 -0.11777824783569074 -0.005676179656043852 -25.630731034547143
-0.02909062316510317 0.01909431797320857 -0.9993943879495244 -15.563810208232862 0.11659086225220762 0.9930578281935604 0.01557949622969529 -7.396558635831846 0.9927539002608599 -0.11606703616713224 -0.03111489405774695 -25.64090281414843
-0.02823022887690473 0.018790986943765405 -0.9994248110724673 -16.39282166121367 0.11689842771212572 0.9930249548635346 0.015368689492036713 -7.398246546292618 0.9927425707483218 -0.11639732740896157 -0.03022995858515894 -25.674844561889973
-0.0646734638054512 0.01945446889946486 -0.9977168269199657 -15.559202229862098 0.11718235652395326 0.9930406963564831 0.011767357363436006 -7.4086405784094085 0.9910023402590402 -0.11615377316155293 -0.06650310204371047 -25.66023405360761
-0.14747681753464556 0.02161884990628243 -0.9888292135746104 -12.984828396948657 0.11760916093477701 0.9930512028352279 0.004170588893565178 -7.4155901201132455 0.9820482032741912 -0.11568030893903715 -0.1489946058409422 -25.50737351465858
-0.19309727348445402 0.0240102940448677 -0.9808857980176638 -12.044446542938372 0.11811969699605675 0.9929988050378324 0.0010537433231279166 -7.417009651416002 0.974043725997158 -0.11565845828693344 -0.19458145048349065 -25.374501372099953
-0.22910961516141667 0.025588203065553098 -0.9730642466479097 -11.292080050453675 0.11805903312755399 0.9930051494110073 -0.0016846187120338444 -7.417838402740869 0.9662147012634262 -0.11526498647505184 -0.23052794614824998 -25.237814643421224
-0.2953399698616348 0.02726478173700739 -0.9550031067378592 -9.031982863427512 0.11656651661542233 0.9931530777172901 -0.0076948960237181434 -7.404055027350695 0.9482544750257039 -0.11359399586907203 -0.2964959606743754 -24.71531619577981
-0.34245345076397826 0.029211858890126785 -0.9390805616985306 -7.179477858319641 0.11585878990972145 0.9932007908939601 -0.01135472449081469 -7.381609044234011 0.932363863982564 -0.11268920209048712 -0.3435094887651711 -24.15510728347065
-0.38499815090783845 0.03091578190409549 -0.922399391926732 -5.413121426955379 0.11508738710156624 0.9932459195130339 -0.014745735004994858 -7.349321220485391 0.9157135562651012 -0.11183361659162121 -0.38595585896881646 -23.52599591023167
-0.4447452195471659 0.03304946211142788 -0.8950471623015683 -3.178988601690877 0.11428152639931623 0.9932448316544192 -0.02011062196010876 -7.298118406119073 0.8883363228044799 -0.11123145888607845 -0.4455178336950014 -22.605374123031446
-0.4790279086396726 0.03432723131675508 -0.8771282140795773 -2.2331003852091396 0.11268510663948797 0.9933722319991471 -0.0226644089857916 -7.279748234528786 0.8705368053597436 -0.10969617077707886 -0.4797211905168407 -22.14740953393631
-0.5086475982565838 0.03516385144367638 -0.8602564294089626 -1.4191012675636703 0.11091768403123002 0.9935158153946451 -0.024971822717962004 -7.259152646624147 0.8538002624484 -0.10811950847259812 -0.5092497262941672 -21.721919277252407
-0.5605334812322758 0.03638748100728655 -0.8273319573445547 0.6155483047067736 0.10768413499794745 0.9937547499081968 -0.02925105305175835 -7.183951229817784 0.8211006902246337 -0.1054867207796193 -0.5609511638741738 -20.536320453642812
-0.5840674278750191 0.037184215746769805 -0.8108529914816611 1.3445028155005079 0.10601502417686709 0.9938878367822885 -0.030786077129065476 -7.156237148402072 0.8047521695181927 -0.10394374437894863 -0.5844395979570884 -20.052424840670096
-0.6043307169288694 0.03824993266715825 -0.795814882511755 2.002904598904177 0.10487255297333226 0.9939750513130339 -0.031864478657323385 -7.134158763847244 0.7898013245171818 -0.10271582165472522 -0.6047010234592772 -19.586383743306396
-0.6428745524398093 0.03879106758558076 -0.7649886031182994 3.6766877340169937 0.10174063904380456 0.9941920271053658 -0.03508640202524126 -7.0551683046886815 0.7591845310543894 -0.1003865843411835 -0.6430873824699361 -18.330223980467316
-0.6885022128605329 0.04001953987499604 -0.7241292283248508 5.476300533675496 0.09824645813907863 0.9944188309542881 -0.03845545613600217 -6.958836224023034 0.7185487710303844 -0.09761979856409957 -0.6885913436712847 -16.83371717798614
-0.7345197802941295 0.04121458124290998 -0.6773345190152619 7.220880853834885 0.09485884343532594 0.9945895655652631 -0.042348505177962986 -6.853921017331687 0.6719244691025742 -0.09535698381171286 -0.7344552766912038 -15.190352179950553
-0.7823305442313846 0.04207118205975461 -0.6214410150631526 8.97501007702338 0.09099300301397463 0.9947319577052177 -0.04720811076963962 -6.7286723316999435 0.6161811364892023 -0.09347913114719669 -0.7820373770318377 -13.306219775276283
-0.8281806425709467 0.041555173613952015 -0.5589185905091089 10.681739433482894 0.08555147107298686 0.9949340503181302 -0.05279376208230256 -6.58000231160318 0.5538932831042658 -0.09153907943315377 -0.8275402273415502 -11.176769297497703
-0.8699281304469284 0.040954514749117654 -0.4914751016875396 12.303661507441188 0.08028888753784498 0.9950120878052569 -0.05919999712292288 -6.410383114469421 0.48659915987910257 -0.09095973198664976 -0.8688771977453805 -8.79899250602879
-0.8909470190103967 0.039906803257698506 -0.4523503690395755 12.970938623509786 0.07705613578805542 0.9949710404415287 -0.06399203559904308 -6.3258598440054215 0.44752179975270673 -0.09186988481786527 -0.8895415465337451 -7.628362861162749
-0.8901086823944347 0.03951464935100643 -0.45403207597339595 12.70248742359711 0.07788255815498578 0.9947682069601338 -0.06610992025823782 -6.373766685555484 0.4490443638008165 -0.09420619357548828 -0.8885293199612123 -8.153341489349916
-0.8899589953633074 0.03868302872905041 -0.454396973867874 12.446634570956736 0.07765884062614062 0.9946977945800003 -0.06741959604063315 -6.422226347109499 0.44937967359966097 -0.09528861813472785 -0.8882443291175198 -8.665272466435948
-0.8899490586035732 0.03730391285505299 -0.4545317273593979 12.190215506429995 0.07632571868781624 0.9947751609788903 -0.06779943780155206 -6.47152744606282 0.44962768793458885 -0.09503050660246348 -0.8881464659939103 -9.17911798636745
-0.8897360429661528 0.03713114508111607 -0.45496269287920577 11.940065211544223 0.07608882003118386 0.9948061050886507 -0.06761142466037273 -6.524781542424999 0.450089174845603 -0.094773895896013 -0.8879401124757753 -9.670936651083798
-0.899968145586119 0.03741827335537162 -0.4343468772184119 12.271613291137474 0.07379904227422569 0.9950068925488262 -0.06719363913147203 -6.47960189501391 0.4296638666326166 -0.09252651835785339 -0.898235940669755 -9.044834312735647
-0.9092607150079529 0.03735166420179592 -0.4145477117589533 12.57462916553369 0.07134354553770529 0.9952116130494312 -0.06681275148992132 -6.437682705240373 0.4100671294475305 -0.09032551374280105 -0.9075716230214331 -8.44028394153557
-0.9085371313722947 0.03837788898595064 -0.41603776097222966 12.349976564494721 0.07230280284123368 0.9951905583136337 -0.06609128039836666 -6.4905880032007675 0.4115004077994409 -0.09012707850793754 -0.906942403959874 -8.931133718596241
-0.9075896304988036 0.03985385348782175 -0.4179625975768872 12.112493347594938 0.0737985552051849 0.9951288942715172 -0.06536250481407911 -6.542839351931243 0.41332170988308303 -0.09016736742366682 -0.9061098222573285 -9.451134122754366
-0.9246163593559901 0.04072367847769089 -0.37871647709404316 12.62659590549583 0.07135215246339965 0.9951856357702181 -0.06718943886848827 -6.460708210041977 0.3741569969279174 -0.08914669016776934 -0.923070641544845 -8.35291897069903
-0.9525770538228233 0.0417488505480184 -0.30141995622080375 13.71781985839968 0.06593955369907112 0.995327936273464 -0.07052853700148409 -6.252149915782454 0.2970672176262469 -0.08705936337650119 -0.950879453695512 -5.722022547242634
-0.9717227319870946 0.042160593513512805 -0.23233040372307726 14.537165805757668 0.06059983475184675 0.9955033068686152 -0.07280677194943223 -6.0426097421584455 0.22821610847525448 -0.08482717941931209 -0.9699081180525155 -3.1644140592394616
-0.9840343308556355 0.04357700268069745 -0.1725615268096293 15.122187549970892 0.05704778183603383 0.9956335130127727 -0.0738881475842309 -5.840454440733339 0.1685882151429709 -0.08255272620093985 -0.9822235290969654 -0.7467114654338327
-0.9937070602564133 0.044193864894579334 -0.10292317864426309 15.59754603623931 0.05208500403871779 0.9958005580544542 -0.07528878357843495 -5.614570516065337 0.09916365640115464 -0.08017574997537216 -0.9918358827775077 1.9280185207711829
-0.9986791174321066 0.04418627483084218 -0.02622200453063626 15.90125257778363 0.04607952818304123 0.9959942530582384 -0.07662979157864348 -5.3655056529634075 0.022730980785258478 -0.07773687021955135 -0.9967147443080224 4.829380569758685
-0.9982915873853476 0.0448242176245147 0.03747927520637908 15.971418613718566 0.0418458184990304 0.9961685395250407 -0.07679302269535955 -5.152301261197297 -0.040777862006134986 -0.07509347757890829 -0.9963423787008723 7.288636183638107
-0.994161292904507 0.04503863113359724 0.0980553180406518 15.881895051022395 0.03754189725983939 0.9963239624597523 -0.0770010894638916 -4.943192626051995 -0.10116288667576091 -0.07287031998081518 -0.9921975543334698 9.761975940383591
-0.9839925693626274 0.04508975233243496 0.17241095578221624 15.604938572855549 0.03197642754514288 0.996433015349224 -0.07809451967647846 -4.699213611149615 -0.17531723110004643 -0.07133134063403955 -0.9819244921697194 12.61764069922948
-0.975623780783101 0.04543927855603027 0.21469399231184294 15.367431361821776 0.029001072541950754 0.9964442714261698 -0.07910595257869467 -4.581843846011971 -0.21752511616341152 -0.07095129249191814 -0.9734725152421193 13.98744670698405
-0.9760229070126012 0.04577823151560618 0.21279952656427042 15.458878221837617 0.029315453933076024 0.9963728637696472 -0.07988567145719284 -4.623143121196226 -0.2156846984544123 -0.0717319305663278 -0.9738247486020545 13.562125300131063
-0.97645423501188 0.0453803604403796 0.21089748650391393 15.558372505944716 0.029033399415301968 0.9963741446441009 -0.07997265534621754 -4.669168251354321 -0.21376199064791165 -0.07196656703660831 -0.9742312993243472 13.100671555894323
-0.9766822541314553 0.045321991566385895 0.20985159409725393 15.651993524706068 0.029192560133976277 0.9964207200602576 -0.07933185405257258 -4.708635277367903 -0.21269595411649314 -0.07135590876059945 -0.974509499895933 12.658978613581292
-0.9685716242201087 0.04450567780832915 0.24472076617738092 15.402559366567784 0.02596259557545181 0.9965772298959475 -0.078484192573422 -4.6073133709516245 -0.24737613544278578 -0.0696639755952652 -0.9664119091348433 13.828962525691109
-0.958822399729191 0.04233321950097174 0.28083358827647537 15.127717362908271 0.021254197481753438 0.9967513356390746 -0.0776854812119002 -4.515720796937695 -0.2832099307350708 -0.0685176869749736 -0.9566072661780455 14.938974825196846
-0.9581180696757485 0.041025652220632584 0.28341958369296294 15.23643837003198 0.020005157824583678 0.9968559229188487 -0.07666852419357718 -4.555526257306424 -0.28567386688535734 -0.06778764490288315 -0.9559263972593739 14.574000714865978
-0.9572858803680486 0.04023237371829803 0.2863304024251781 15.341050914523896 0.019270990653730957 0.9969479735095149 -0.07565293804269985 -4.59154427054075 -0.28850021172816437 -0.06690361888762081 -0.9551395362001003 14.224119097074832
-0.9565267832664804 0.03972730647574191 0.28892603554208274 15.434152840337278 0.018801611012012876 0.9970179361688809 -0.07484473515816037 -4.627868674445197 -0.2910378193933461 -0.06615871883376163 -0.9544212967055165 13.913791383891935
-0.9552199282134983 0.03891863690509071 0.2933261468830414 15.52390712215082 0.017759924086518622 0.9970661584355598 -0.07445576404143013 -4.665078050075616 -0.2953632912875965 -0.06591217948150233 -0.9531086563219089 13.62326779218817
-0.9536538580859076 0.03775570043547535 0.29852776427410066 15.617629485102594 0.016257113971384223 0.997112785586553 -0.07417411317395631 -4.69668961163993 -0.3004663462073354 -0.06588322931101769 -0.9515142536464514 13.330554059416526
-0.9515255912637691 0.036711938372463976 0.3053707300169317 15.714412885594694 0.014744068164037435 0.997153940387111 -0.07393667306843794 -4.727754630811231 -0.30721598530042366 -0.06585022969884999 -0.9493587760296403 13.036469636770216
-0.9485794965059834 0.03674784957122253 0.31439868695710027 15.814212989649862 0.014075288685398854 0.997152722959868 -0.07408328652361773 -4.759206236878754 -0.3162259082631894 -0.06584863434885037 -0.9463958644761242 12.747605672104324
-0.9446072542483317 0.03752977067324261 0.32605007519496754 15.928767295639998 0.013885137171019286 0.9971209064076088 -0.07454596548846447 -4.798063320977681 -0.3279090395020707 -0.06588940975664613 -0.9424087475690939 12.432201056152712
-0.9395486285258424 0.03860399340877494 0.3402324298595102 16.06880492351803 0.013813100020561514 0.9970887220991066 -0.0749885226590655 -4.838128438911097 -0.3421367751397554 -0.06575569903561604 -0.9373465821889488 12.075070726423423
-0.9333318628579713 0.03813452994374021 0.35698374108639996 16.20428893465634 0.01204268079268441 0.9971085649651471 -0.07502988412937416 -4.878533700240297 -0.3588127751535549 -0.06572874028240479 -0.9310924363818507 11.756741519771559
-0.9265148163498984 0.038138048801565676 0.37432043000312687 16.35515796435478 0.010693495415839704 0.997116868320238 -0.07512389810858405 -4.917180361999346 -0.3761062938052299 -0.06560061085726976 -0.9242513811811399 11.419794136404946
-0.9181408326280368 0.03914164045127453 0.3943162987296887 16.50425887047837 0.009967762455189462 0.9970758787212678 -0.0757650036880174 -4.956022669727139 -0.3961288365831663 -0.0656324923722356 -0.9158462320566011 11.098831740369075
-0.9091502057803187 0.04022019627669774 0.41452169924030535 16.656178256645397 0.00892463894287646 0.9969787137641644 -0.07716083929616167 -4.989964910688244 -0.41637273463729996 -0.06645133642458025 -0.9067623535072691 10.79970859039563
-0.8972128753995502 0.040810051072014755 0.43970853522392883 16.82574618339049 0.006394675810048026 0.9968169055138041 -0.07946801245258892 -5.024546203327065 -0.44155199505670406 -0.06848793042120656 -0.8946179290893194 10.49575400786998
-0.8852493586086664 0.0419554572954855 0.46322058750240575 17.002899504043135 0.0044411710653030284 0.9966403727008858 -0.08178168194776324 -5.0604716979606685 -0.46509552683563143 -0.0703399396201271 -0.8824615820599339 10.206071291964003
-0.8737535645055909 0.04229210176665119 0.4845266624675416 17.16862523384247 0.0026809255750082778 0.9966159200421079 -0.0821554657748362 -5.093816412014799 -0.4863615128192552 -0.0704846511431977 -0.8709100945570584 9.951009638904441
-0.8646105496251372 0.04179798655119574 0.5007010343480285 17.3399534525236 0.00018046247724951524 0.9965595098365259 -0.08288009886380053 -5.132420940238035 -0.5024425986221822 -0.07156865008259657 -0.8616434085021137 9.695022069857083
-0.860190949682405 0.04281980795757968 0.5081712252095348 17.537937847531396 -0.00037447376040709705 0.9964153997636912 -0.08459439037644517 -5.169845559830191 -0.5099719500657699 -0.0729576257853535 -0.8570914741063974 9.37075443819069
-0.8609567498400418 0.043248677089267044 0.5068362919473126 17.742663174020823 -0.00024122934842120137 0.9963442751615834 -0.08542849150685283 -5.212450436860361 -0.5086781071692315 -0.07367250017994043 -0.8577988960146554 9.023293242735036
-0.8649491501509294 0.0437491580962298 0.4999489762156309 17.9330119763338 0.0004494481354325928 0.9962602178601421 -0.08640240914252258 -5.25621290168509 -0.5018593086210092 -0.07450898922364638 -0.8617340917448434 8.691746495727415
-0.8721644034001507 0.044519102742357666 0.48718302816567466 18.135750844794266 0.002063485189944066 0.9961766703365075 -0.08733718283833246 -5.304494435657843 -0.4892085398585449 -0.07516708700143224 -0.8689216958743675 8.308524769147624
-0.8814509442325349 0.04471815642649187 0.47015371890200985 18.382268964770276 0.003673282120579819 0.9961261721318874 -0.08785872860639415 -5.360804991751369 -0.47226130469268235 -0.07571615203960941 -0.8782006174048599 7.830725026797181
-0.8698045478861854 0.0439103391074558 0.4914386336013675 17.69301909750841 0.0009944161714795304 0.9961859695021366 -0.08724978683964117 -5.2255068197293575 -0.4933954393921637 -0.07540156687067724 -0.8665307519646709 9.074239624918027
-0.8442590783560541 0.04290642827190447 0.5342149820309575 16.267737092002697 -0.0034811706489495733 0.996330065681751 -0.08552357376482281 -4.950325472455184 -0.5359239592183749 -0.0740637470800807 -0.8410113383921507 11.547516550636079
-0.8543192407710974 0.04199698653700646 0.518049117333587 15.359920823612809 -0.0019605742823073434 0.9964626445522423 -0.08401401169109685 -4.786129022981511 -0.5197449287840901 -0.0727904604584883 -0.8512148717388929 12.93888390738557
-0.8524078624180743 0.04150707427782008 0.521227396510148 14.191386313029374 -0.001925961953935003 0.9965882651766154 -0.08251133487474777 -4.5734809838805734 -0.5228739109559787 -0.07133717472087289 -0.8494197317842577 14.83182158824327
-0.8400963530323341 0.04167926820788042 0.5408335753477492 13.426465512491076 -0.0026956094301123588 0.9967105735947306 -0.08099855661837331 -4.447056092380287 -0.5424305036698907 -0.06950446810180734 -0.837220566877278 16.046322207323477
-0.8523895722985603 0.04242248704321254 0.5211836045289111 13.703175207337281 -9.398523543975945e-05 0.9966912354119081 -0.08128082442899254 -4.503058130274721 -0.5229072653955504 -0.06933191073488242 -0.8495652287790474 15.571182563781953
-0.8642099421802927 0.043719951025789024 0.5012282331623392 13.960858184207881 0.0029680186420541588 0.9966430799888402 -0.08181541404708137 -4.5613453941658575 -0.5031226159715695 -0.0692180395031353 -0.8614386201612186 15.097897212555711
-0.874019703272612 0.045053649715314295 0.4837971960838421 14.217201069839653 0.005972371057588855 0.9966127839529103 -0.08202005636170326 -4.62225041061301 -0.48585377334667856 -0.06879772895202511 -0.8713282868218128 14.607159698373131
-0.8830984999580634 0.046826434209557725 0.46684507540622006 14.448927064087004 0.009101749944019613 0.9965297049272968 -0.08273877776151035 -4.675191323383357 -0.46909934717474877 -0.06881738339060904 -0.8804600900798925 14.142512659538701
-0.8909424295396287 0.04857680201338889 0.45151066604475587 14.656023331662984 0.012085059784026674 0.9964463724588294 -0.08335813183879211 -4.727503934448215 -0.4539554367733041 -0.0688107631100616 -0.8883634055408675 13.708014987181565
-0.8977984542347147 0.050025131530271334 0.4375561927217339 14.879231156966386 0.0151926612031652 0.9964545164302828 -0.08275010411627469 -4.788368604187549 -0.44014442927216946 -0.06764527256998502 -0.8953753394412908 13.227545316007017
-0.9030835484104199 0.05158865768494184 0.4263551512398018 15.104476594193137 0.01850508944896255 0.9965112942370205 -0.08138060040662044 -4.853475381559882 -0.42906603950316574 -0.06560374117626283 -0.9008876083556395 12.736418778546177
-0.9073295539670514 0.05340157181371527 0.41701481103886534 15.32485659401459 0.021672305708628024 0.9965224098235334 -0.0804574290216129 -4.911564094481517 -0.41986115760239795 -0.06396373071765575 -0.9053315688130248 12.24251122687772
-0.9098242501088917 0.05492109071439042 0.4113435397675994 15.502223709581337 0.023812229306951177 0.9964800107235467 -0.08037764592118424 -4.961783313522714 -0.4143100429017236 -0.06333452473288047 -0.9079294721109293 11.827934190647156
-0.9102804077444837 0.05632789100053071 0.4101423508636633 15.650747052389429 0.025047836865393292 0.9963791024647932 -0.08124832330463955 -5.0057319340536495 -0.41323381413541477 -0.06368557817028109 -0.9083952674844871 11.498599470851143
-0.9094920356358591 0.05871676406594509 0.4115538588478655 15.835971250824116 0.02757587657543418 0.9963158392736475 -0.08120541511217852 -5.051025905256697 -0.4148057474843363 -0.0625067198792979 -0.9077604870360299 11.100968347625189
-0.891585131316725 0.05955810004479388 0.4489195766882924 15.355839282491573 0.025575247594415828 0.9963539818854011 -0.08139194979595381 -4.951195525877079 -0.45213035766847515 -0.06108662292316645 -0.8898576089321354 12.186115047073885
-0.8703070639772932 0.05991871574114607 0.48885106310118553 14.83596260447512 0.02270802553298432 0.9963981059300334 -0.0817016528317089 -4.847175837598424 -0.4919857314675073 -0.06000468317532852 -0.8685329458514562 13.251467009656423
-0.8451461000257346 0.0595334713885846 0.5312097847326602 14.282084618663372 0.018589070411758214 0.9964508168602012 -0.08209881874827557 -4.751801731887914 -0.5342120515979758 -0.05951080039001452 -0.8432531936283549 14.276651587434221
-0.8107038775142787 0.05921392876758047 0.5824542330717704 13.049829971361135 0.014069987099062637 0.9965552758415382 -0.08172892789841829 -4.54479389427481 -0.5852873298187354 -0.05806283520721852 -0.8087443654958913 16.277546645450407
-0.7953044938011078 0.05929115633142252 0.6033036722253968 12.65238784601256 0.012822959415432367 0.9966281790799395 -0.08104223821952844 -4.483376495206548 -0.6060745282979585 -0.05671711773956342 -0.7933831575624232 16.86261125764704
-0.7868282531917544 0.06044881476376827 0.6142045593878888 12.913286634054382 0.013149937043493437 0.9966079435968564 -0.08123845096623789 -4.529032547594076 -0.6170319109535288 -0.05584395717799174 -0.7849541854858386 16.54197817379964
-0.7772543157382638 0.06272663645284388 0.6260519928452898 13.142102929475142 0.014175892490323073 0.9965113318251305 -0.08224481513265136 -4.566601691485139 -0.6290268458009922 -0.05505029176502174 -0.775431939397803 16.264647279118595
-0.7510696697061019 0.0642283789403962 0.6570913685221098 12.495900651674903 0.010942150187907593 0.9963310329187274 -0.08488075277920379 -4.469328725537458 -0.6601322750758607 -0.05656136651273535 -0.7490168163808996 17.098968380906832
-0.7242241292995654 0.06703778782532818 0.6862982919574956 11.83308528157356 0.007679420269220036 0.9959855339517143 -0.08918431848281574 -4.371400843197764 -0.6895218901852314 -0.05931906238640302 -0.7218315674677726 17.887960205032165
-0.7127513525013822 0.06918309273795759 0.6979965681768533 12.093629335364 0.0065765705498138545 0.9957392508858096 -0.09197876366404983 -4.4009111730249115 -0.7013859552537764 -0.06096756452881362 -0.7101694852978196 17.653121395803403
-0.7013868111093496 0.06813869845463429 0.7095164966191901 12.403134167215674 0.00475069563732306 0.9958450316577151 -0.09094011113696261 -4.442004610992441 -0.7127650188475989 -0.06041349762718666 -0.6987962773309756 17.372677400120544
-0.6903238068638403 0.06656698290125472 0.7204317306063375 12.682732155110758 0.003992264989584006 0.9960936894768762 -0.08821237784231055 -4.485156191603217 -0.7234895324033838 -0.058018950109130336 -0.6878929407480243 17.121265209785626
-0.6805181143019685 0.06584150885420327 0.7297670805254901 12.935790283765606 0.0033871076067391944 0.9962266474155822 -0.08672366736460309 -4.523800127516452 -0.7327234291388198 -0.05654522695071529 -0.6781732917921038 16.89672273141255
-0.6708934888935584 0.06546307439100624 0.7386585899124901 13.169677762454898 0.0018178390331023372 0.9962380445321481 -0.08663979505981967 -4.554274010673178 -0.7415514965405139 -0.05678331196782623 -0.6684886187965248 16.692090159681182
-0.6613863965044471 0.06534409938973122 0.74719353797648 13.372274744210419 0.0001918022180328325 0.9962125093578466 -0.0869517073486673 -4.582289372228987 -0.7500453304506128 -0.0573653630153608 -0.6588939348600379 16.52380897518239
-0.652363037320839 0.06488546570093048 0.7551240586011712 13.546166168771412 -0.002077136736437484 0.996171797722225 -0.08739241915546912 -4.611073506456481 -0.7579037887756632 -0.05858007992176614 -0.6497308836709637 16.387705977765954
-0.6428939383213729 0.0645868389841094 0.7632273084079721 13.792828309759754 -0.003965360416177503 0.9961445628593223 -0.08763723981605413 -4.6494672424577255 -0.7659449457933658 -0.05936792160626451 -0.6401591910593392 16.19828787969257
-0.6344922342570477 0.06324729350869719 0.7703371888538981 13.973778772856942 -0.006056478806164572 0.9962090386086557 -0.08678058803030364 -4.68696563520174 -0.7729055076346444 -0.05972714004738197 -0.6317038428011895 16.060169129276062
-0.6031858887811544 0.061869696135501064 0.7951974121407785 13.032093611389286 -0.010095162818437895 0.9963148614896565 -0.08517502252722095 -4.582299448127734 -0.7975367522960649 -0.059404019013398424 -0.6003384805774968 16.850687462075744
-0.5695504931050391 0.061680309513659895 0.8196388077818839 12.050957185577797 -0.014047364832170185 0.9963043984150508 -0.08473616252871728 -4.472225466847027 -0.8218363020365284 -0.05977528851557697 -0.5665792155893128 17.607187778745367
-0.559484235083138 0.06233552942177256 0.8264936009825761 12.336166263889346 -0.016036970415420754 0.9961670418814852 -0.0859886053438714 -4.511009490052462 -0.8286858308631373 -0.061363722514174025 -0.5563400824009292 17.425466453827745
-0.5511749861538764 0.06285969476980491 0.8320185054502836 12.595354931644433 -0.017530749006334403 0.996065665082219 -0.08686693089773227 -4.553616543871727 -0.8342054947538696 -0.06246478702246188 -0.5479045016284203 17.264638971577906
-0.5450066581270134 0.06271342626632113 0.8360829915523733 12.803412925670482 -0.018768492416650285 0.9960362410949041 -0.08694567337100992 -4.593912100769894 -0.8382216212253345 -0.06307798816917815 -0.5416693466672251 17.13740021228018
-0.539227361926714 0.0622844395418803 0.8398538567753993 13.041552691502424 -0.018987093100458707 0.9961087447469635 -0.0860631101821295 -4.62564872493711 -0.8419461636263617 -0.0623539672320918 -0.535946490169745 16.99193716931427
-0.5333736416602676 0.062034585367004874 0.8436019609984385 13.271667799764817 -0.01876033064365049 0.9961943416549984 -0.08511688227786315 -4.658840309470467 -0.845671690655542 -0.06122535318727496 -0.5301800144770533 16.852137510149895
-0.527785070048436 0.06153638346703335 0.8471459103033957 13.493116202322941 -0.019092302721306274 0.9962606385958614 -0.0842628266874733 -4.689524003733395 -0.8491633551977872 -0.06064662805435646 -0.52463661966629 16.717383316316635
-0.5211437854362136 0.06058896288115688 0.8513155305045265 13.706561310175772 -0.020377234494772512 0.9963092530647624 -0.08338249559637693 -4.719487282813835 -0.8532255992500208 -0.0608017255883468 -0.517985740102873 16.59501622270482
