0.9999997625762298 0.0006632097603929025 0.0001870836668236858 -0.006463283672510147 -0.0006627520402033279 0.9999968129614726 -0.0024361499608304455 -0.016341626008788124 -0.00018869874901263526 0.0024360253923486597 0.9999970150820805 0.8607409145927429
0.9999973389246066 0.001955805341229777 0.001223506915869894 -0.013411021726354347 -0.0019512899244290215 0.9999913215951438 -0.0036809240727387043 -0.0297335109344221 -0.001230695468743657 0.0036785268608048216 0.9999924768861006 1.852292635492578
0.9999927687402166 0.0036834661856140305 0.0009458034337357779 -0.017928997435673028 -0.003682923318274566 0.9999930526573628 -0.0005750763780905996 -0.04787719421441254 -0.0009479151373080986 0.0005715888980433042 0.9999993873713245 2.8142512319988064
0.999994065084807 0.0031412808738155874 -0.0014149733688456827 -0.022778501597650814 -0.0031401160112524908 0.9999947297480387 0.0008247106053924244 -0.06598882660102506 0.0014175565592306628 -0.000820262530273915 0.9999986588504921 3.7094665257845536
0.9999936775611988 0.0016015990157087908 -0.0031748571970717683 -0.029826482810646208 -0.0016049753731783942 0.9999981489471448 -0.0010612051334360222 -0.08763906726036 0.003173151695146113 0.0010662939916461689 0.9999943970470249 4.525372307952548
0.9999884434261903 0.0009228135602737218 -0.0047182019030140385 -0.03150335063212322 -0.0009375339084893614 0.9999946975211246 -0.0031186471112725433 -0.10705684717444208 0.004715298955004128 0.0031230345446681906 0.9999840061775975 5.307688333028211
0.9999781585252621 0.0011092807094442918 -0.006515517533779314 -0.0380077720412257 -0.0011261061853239465 0.9999960396199677 -0.002579269128799146 -0.1256739184149876 0.006512630596364733 0.0025865499583530038 0.9999754473995989 6.173347632857848
0.999979889714378 0.0003267505833057011 -0.0063335141016952045 -0.04934100159753537 -0.0003255695063301306 0.9999999294221278 0.000187510628523708 -0.14562722781382417 0.006333574923896502 -0.0001854448585719876 0.9999799255179516 7.072383498868653
0.9999687301551007 0.0012582809476821063 -0.007807396560476165 -0.05928920241392968 -0.0012349035481243932 0.999994742406179 0.0029983617571701974 -0.15684325134868526 0.007811128293829555 -0.0029886266171489525 0.9999650265812906 7.933699057753893
0.9999606225558825 0.0028789604731257953 -0.008394338821286408 -0.07553194216076584 -0.002839160318808084 0.9999846911762362 0.00474937699618508 -0.1662383257318021 0.008407883582476768 -0.004725357104173794 0.9999534881652756 8.863389749452965
0.9999525250281968 0.003982333496478874 -0.008893183325238434 -0.09795953185393257 -0.003926140488230239 0.9999722755647622 0.006327204967292495 -0.17467133417106248 0.00891813380703361 -0.006291988696292608 0.999940437109954 9.76070720997676
0.9999512193980035 0.004407178184305533 -0.008839434648091976 -0.11397816645519952 -0.004342299976028326 0.9999635937728623 0.007345444832050381 -0.18603418647695216 0.008871485521844236 -0.007306703039969028 0.9999339522365074 10.577239043708929
0.9999474209762412 0.004677692689881962 -0.009125484867282554 -0.12354103084369776 -0.004612253659091488 0.9999635943561208 0.007178932968902356 -0.19475185686583393 0.009158733490400034 -0.007136466456645114 0.9999325919517602 11.274069294329836
0.9999216978408582 0.005293809889148583 -0.011339037168719184 -0.1343416041590527 -0.005220222468088259 0.9999651869965501 0.00650953702951666 -0.20291644060588868 0.011373102674279741 -0.0064498350221175995 0.9999145224286665 11.931634597013705
0.9998671017213738 0.006119578863401656 -0.015110580724623584 -0.15129447015915554 -0.006011676905694909 0.9999561817913898 0.007175948576167566 -0.20838036132140933 0.015153832389276731 -0.007084154975780424 0.9998600782670533 12.664356929155707
0.999841523317166 0.006122894746294805 -0.0167164114191949 -0.16684270156936845 -0.005993730030733658 0.999951880923721 0.007766018119523359 -0.20910007037157596 0.016763157552462358 -0.00766459372960362 0.9998301108447537 13.511242116359522
0.9998366655416212 0.0058723059034134495 -0.017092637654553676 -0.182576581358614 -0.0057303599595920456 0.9999487884291411 0.008341672124188376 -0.21267269064923144 0.017140747164188466 -0.008242362675270528 0.9998191127619953 14.33493219405397
0.999817944838231 0.007096402759561273 -0.0177120932509512 -0.2039655602625954 -0.006925794026897622 0.9999292098673244 0.009675155358247969 -0.2197963101485368 0.017779498208703448 -0.009550723636632794 0.9997963158171087 15.239991976573135
0.9998139070656978 0.006888747960194603 -0.018019333771420554 -0.21873650663342664 -0.006685804539991385 0.9999138166992245 0.011298636716176775 -0.2227460500575831 0.018095614266389885 -0.011176060376180061 0.9997737966254122 16.0154572140513
0.999787097234352 0.006242280039513763 -0.019667082742932194 -0.2400442575268033 -0.005960562279682587 0.9998792596862021 0.014350531233513887 -0.2283473244362273 0.01975428816786569 -0.014230249094176832 0.999703590125443 16.89012245818822
0.9997667680572664 0.005772737401699598 -0.020810694155172966 -0.26284558052517487 -0.005437057347716257 0.9998547841038117 0.016150823883618787 -0.22617706827784223 0.02090090657667213 -0.016033908058020196 0.9996529727343693 17.861589355734235
0.9997424997099188 0.004928930834815047 -0.02215039310237489 -0.2828587967138041 -0.004561228323869664 0.9998514703137811 0.016620243907641687 -0.2293729245831746 0.022229023144116275 -0.01651493118961084 0.9996164902490665 18.71858702377464
0.9997147634629058 0.005801839946149436 -0.023167441972453833 -0.30936844349353854 -0.005405792220020754 0.999838807941322 0.017121201621152455 -0.23521920399864332 0.023263042036279647 -0.01699107965131866 0.9995849809233343 19.70040272591891
0.9996946076712775 0.006711533996080075 -0.023783328286663342 -0.3448877498567817 -0.006290513545735927 0.9998229667209193 0.01773315134746112 -0.23334238359956774 0.023898134494195405 -0.01757812643032558 0.9995598474523166 20.768607049570306
0.9997140431950463 0.005988347745329386 -0.023151058936787046 -0.3714284798630477 -0.00554698461346411 0.9998025359910019 0.019081928300369616 -0.22350271144399358 0.02326075665819088 -0.018948053125412725 0.9995498529250285 21.770592881087733
0.9997252964490947 0.0066587800615828035 -0.02247203346077183 -0.39637306314896226 -0.0061875280672818505 0.9997608455431041 0.02097537163808381 -0.22039716390342937 0.022606329560262116 -0.02083056329124584 0.9995274090773018 22.741034447507605
0.9996849839751668 0.00736700566783273 -0.023992916497601956 -0.4236628120940783 -0.0068353315593668515 0.999730920465547 0.022166752301241523 -0.22061166187169626 0.024149763084641288 -0.021995769879710806 0.9994663451314184 23.62532408586311
0.9995834616399928 0.007872610051591716 -0.027765540275400305 -0.45073746859880154 -0.007248533611598762 0.9997204274310035 0.022506126669280025 -0.22051108298931915 0.027934959751014902 -0.022295492552256647 0.9993610704022657 24.462916496136934
0.999528200789413 0.009467870631058823 -0.029218748302980418 -0.4770531270906537 -0.008850556309991188 0.9997364005258116 0.021184832232008167 -0.21611779553756205 0.02941162150720464 -0.020916235067721695 0.9993485216034043 25.325567079759995
0.999407281427972 0.009109631969160531 -0.03319789803793564 -0.5083327370330625 -0.008446216912806467 0.9997629124318953 0.020069388270619354 -0.21407673013840717 0.033372851970015154 -0.01977709612358448 0.9992472763136795 26.12394897282538
0.9992878912525917 0.009064274118343587 -0.03662716656603686 -0.5379935715230193 -0.008344351544078714 0.9997699164361808 0.019760718268865867 -0.2196873031402936 0.0367978558241851 -0.019441016534641 0.9991336070230263 26.8761738657628
0.9991387411296645 0.007811957669630394 -0.04075229185207654 -0.5668724367487734 -0.0069868105560282855 0.9997684808134853 0.0203511486199228 -0.22114110978310764 0.040901839226165526 -0.020048892469757947 0.9989620020094127 27.642408503571716
0.9990247335949775 0.006338260700916132 -0.043696774672408616 -0.5998684160786604 -0.005510339508998842 0.9998035104146547 0.019041447451020366 -0.22412176521495542 0.04380887836933965 -0.018782092903125196 0.9988633616076825 28.433410432584385
0.9989456039664178 0.005650619067927772 -0.045560408473993334 -0.6304579159958428 -0.004845387251550426 0.9998304483274069 0.017765044885943066 -0.22807927387169682 0.04565306713190764 -0.017525555670683608 0.9988036105060315 29.151347820873237
0.9988998547023321 0.0046047519780267705 -0.04666772476648421 -0.6660971189098088 -0.003767480502123342 0.9998306504860787 0.018013229561952247 -0.23115832687684618 0.04674276806443523 -0.01781759264901767 0.998748039810777 29.90616488515864
0.9988431456617097 0.004309085386682741 -0.0478936545666632 -0.711057289959268 -0.003373288736293972 0.9998021573159722 0.01960273321327495 -0.23139231211657116 0.04796864900872417 -0.01941849658082515 0.9986600676420482 30.672309200061044
0.9987396733441029 0.003762657758382278 -0.05004904889314048 -0.7451434854892396 -0.0027406143312771725 0.9997866333251818 0.020473809059064818 -0.23588189915152155 0.05011540603050003 -0.0203108402310966 0.998536887574769 31.40789569252946
0.9986371016699112 0.004296362332759184 -0.05201423304274834 -0.780790792280967 -0.00322451909896471 0.9997810879666559 0.020673137661989513 -0.23120605897919513 0.052091665791181005 -0.02047724138932795 0.99843234169381 32.06842997541031
0.9984949934116818 0.004651854200706249 -0.05464529608576546 -0.8213986634713568 -0.0035576076086517626 0.9997915490915716 0.020104770408524188 -0.23590900816528207 0.05472742968483415 -0.01988010607547099 0.9983034056951431 32.77745296989126
0.9984113365111922 0.004957575810019133 -0.05612687028529617 -0.8682920314521986 -0.0038575757032471166 0.9997986938983199 0.019689865131790368 -0.2359109385617825 0.05621318560291942 -0.019442070910844086 0.9982294744411582 33.56721824370732
0.9983466702856673 0.0063373781848544645 -0.057129358190538104 -0.91140545212127 -0.005187440497825227 0.9997813981406977 0.020254540056831152 -0.23381111437562777 0.05724523028691731 -0.019924697477612694 0.9981613046195613 34.25498942564971
0.9983051154236203 0.009055348847003371 -0.05748823511198664 -0.958369880662734 -0.007791058747700405 0.9997236724578793 0.022178325701502095 -0.23257128771880994 0.05767318200534682 -0.02169284178228159 0.9980998069796371 35.002774722388175
0.9982842766435702 0.010385938160808836 -0.05762495375047504 -1.0032271343570647 -0.009071897088866777 0.9996938831577221 0.023018267967976208 -0.23272302087497185 0.05784638008928081 -0.022456007337823963 0.9980729051752745 35.726068764291064
0.9983149933396777 0.012123940227259428 -0.05674666639165877 -1.0554936896550924 -0.01092425221086516 0.9997112272996623 0.02140380163986141 -0.23477076743447114 0.05698977791528743 -0.020747821195753705 0.998159152204095 36.56575662646292
0.9983824898726783 0.013172511532703528 -0.055307222453791126 -1.0993958152320742 -0.012139103746738409 0.9997461795208049 0.018979428173230988 -0.2388703103304903 0.055543191084580903 -0.01827734864463949 0.998288982434779 37.28637517799907
0.9984839761595286 0.013275420470616145 -0.0534182793057514 -1.1317904376276384 -0.012359467087975353 0.9997715050153225 0.017440795070767994 -0.243074076115208 0.05363760738474618 -0.01675413294466821 0.9984199047010807 37.862423725705305
0.9985810552732814 0.012013549861769 -0.051880156794476454 -1.1713108079400114 -0.01109314327105937 0.9997765778622938 0.017992679909646186 -0.2468426948244215 0.05208472157618223 -0.017391635279122693 0.9984912181890497 38.55971606633512
0.9987143517043688 0.011929643092803447 -0.04926791364977345 -1.2112663211085242 -0.010986960224014632 0.9997521979324907 0.019360512239923553 -0.24694138429512527 0.04948666896002525 -0.018794316822769486 0.9985979387373124 39.329837912594556
0.9988734906535853 0.012569996517345914 -0.04575745684669615 -1.2414583036175153 -0.01163493687646959 0.9997191784621671 0.020644429244066568 -0.25544555694958987 0.04600410757099759 -0.020088787979532622 0.9987392365798555 40.01775352179224
0.999029831815052 0.014399523083264802 -0.041617891327706824 -1.2730887220175506 -0.01353588761239921 0.9996886937646255 0.020959372741674837 -0.26247519143971887 0.041906740390237805 -0.0203757035253875 0.9989137379252094 40.71985976706677
0.9992404457346769 0.015631527272291938 -0.03569575553341293 -1.3009403111455486 -0.01489291192566151 0.9996713733851301 0.02086495647407551 -0.2667115448415671 0.036010176094266405 -0.02031749466411077 0.9991448676884832 41.453815770703294
0.9994036742012946 0.01603899395515081 -0.030578532761729164 -1.3216561515011347 -0.01538275649738564 0.9996488505107463 0.021576526019914704 -0.26350578454919754 0.030913860895974286 -0.02109327725728157 0.9992994580500152 42.19738538497975
0.9995731963433097 0.01676279604760545 -0.023925589244289655 -1.3341595616786102 -0.016233322043311613 0.9996227398950507 0.0221552959842986 -0.259500630902041 0.024287947781939483 -0.021757448227678892 0.9994682131209394 42.94609400933516
0.9996994800544741 0.016697754108614418 -0.0179481081605651 -1.3497520071884899 -0.0163152888940868 0.9996410861433919 0.0212487703729932 -0.2578173793639657 0.018296473078645 -0.020949556123936272 0.9996131027408025 43.61496645793857
0.9998078947925435 0.016269101565902246 -0.010931141053966666 -1.3601096238659578 -0.016037767939582215 0.9996523595879792 0.020927254232311957 -0.25841162069228274 0.011267808572187732 -0.020747922894257798 0.999721241239555 44.189956278835034
0.9998420912203058 0.01736879613699371 -0.0037573321597271143 -1.3648527948365465 -0.017288539702184812 0.9996417837254815 0.020430629581728216 -0.2684178575430564 0.004110841662354186 -0.02036244461972483 0.9997842126328751 44.67214633575439
0.9998282062706316 0.018372351392069382 0.0024524783341212325 -1.3630438092499768 -0.018416215944040207 0.9996449733844639 0.01925539346468227 -0.28022058883910284 -0.0020978407841129036 -0.01929725087942776 0.9998115898370771 45.11879437123239
0.999779796551469 0.01858645730402166 0.009741766389633023 -1.352752891427354 -0.018747296611794736 0.999684982776291 0.016687542698624457 -0.2825650929361937 -0.009428535265553923 -0.01686649982820397 0.9998132945236793 45.67129920550443
0.9997133547872604 0.017720645675274906 0.016099284979587007 -1.344476202703678 -0.01796774858021134 0.9997209456461267 0.01533593320848656 -0.2889915575233928 -0.01582302976553193 -0.015620805141483838 0.9997527805291533 46.19709351955937
0.9996295991038753 0.01748894267343524 0.0208518939090099 -1.3384543749774662 -0.01781897352322962 0.9997172016686908 0.01574804338016869 -0.2947034660973653 -0.02057058040031324 -0.016113769636262293 0.9996585405277677 46.7542062530405
0.9994767773529157 0.017976404951995494 0.026889038607468687 -1.332633806075395 -0.018418642638661636 0.9996976408458158 0.01629050308194839 -0.29857563335238235 -0.026588063780225647 -0.016777239114811646 0.9995056773786262 47.32699419197589
0.9992325343563032 0.017579279214142974 0.0350044458061014 -1.3134224273639228 -0.018178791544988044 0.9996922046577041 0.016882757019692104 -0.3056669263330715 -0.03469688490116891 -0.01750613860716554 0.999244545288702 47.90725114756529
0.9988279724953113 0.017474080646839616 0.04513687922813098 -1.2840854162974902 -0.018211138793121435 0.9997066119845672 0.015970108897511052 -0.3024307548886775 -0.04484457363789745 -0.016773385462942134 0.9988531512466433 48.55970808410172
0.9985043795336734 0.01586821028783982 0.05231829464284999 -1.2445966825939516 -0.016701728237293257 0.999739853326166 0.015533124130907646 -0.30078502632218473 -0.05205820133238159 -0.01638369841151497 0.9985096484763683 49.2248374196912
0.9980271717528184 0.01469283284606126 0.061040028719109636 -1.2077094959875914 -0.0156726312854838 0.9997554109391853 0.015604067623959102 -0.3039405922215261 -0.06079583103849561 -0.01652994134234955 0.9980133405759465 49.769827176921936
0.9972537765497977 0.01416744331237422 0.07269242537677706 -1.1548626608894217 -0.015292577897766429 0.9997713682297827 0.014944842896194495 -0.30142830979637564 -0.07246407536433754 -0.016015455595825293 0.9972424293839752 50.328495755842674
0.9963216717166187 0.013135401619636514 0.08467932269506333 -1.1059975500425299 -0.014288543314463166 0.9998130619710285 0.013026075466916373 -0.3007910095801393 -0.08449239017659836 -0.014188105455272755 0.9963231070620808 50.8403594867393
0.9948680910408314 0.013225380764909884 0.10031236580002062 -1.0474389446845958 -0.014358679298511487 0.9998408899961605 0.01058409280435691 -0.30359041038840345 -0.10015642644172418 -0.011970129293867008 0.9948996965760493 51.373778350734604
0.9932718365259687 0.011436027970936352 0.11524007995736393 -0.980370023375033 -0.012628057990452118 0.9998739944668283 0.009619113282535128 -0.30351200176338694 -0.11511555462109137 -0.011009652728420916 0.9932910936030193 51.87387352925823
0.9911349114554268 0.009441930961697419 0.1325233459959404 -0.8973807056521618 -0.01092189934538899 0.9998857992072231 0.010445126060757218 -0.3048885848526772 -0.1324095895656142 -0.011799935739251179 0.9911248468823787 52.455963716926625
0.9885532379651764 0.010143868041306741 0.15053105211127582 -0.8154032451912901 -0.011826665376254946 0.9998771357568997 0.010288021027348637 -0.3033524305242729 -0.15040819689978732 -0.011950536880894954 0.9885517482527741 52.95638747173345
0.9853923886402147 0.009791681163065008 0.17001753847746023 -0.7222882260183253 -0.011705353666182534 0.9998788819098419 0.010257007666807165 -0.29724368874637414 -0.1698965129291458 -0.01209729270242856 0.9853876548870456 53.447916472248565
0.9816514516960031 0.009259338884052058 0.1904591610465664 -0.6135011827133052 -0.011559609201465012 0.9998730087936427 0.010970037422923726 -0.29334826312342466 -0.19033339911387354 -0.012970386631909733 0.9816338249328925 53.97962575840959
0.9775932934955005 0.008474937541608666 0.2103319470415463 -0.4820070979889745 -0.01109104111329241 0.9998750761573669 0.011261477981396461 -0.29659519652014416 -0.21021023124397464 -0.01334194562153704 0.9775651646654506 54.55102097714117
0.9730657547371724 0.007943251625768578 0.2303908455459742 -0.34245757187680603 -0.010809150339358017 0.9998790798920756 0.01117979709656585 -0.3033870531088885 -0.23027418271860264 -0.013369006985896525 0.9730339513220974 55.12254453039109
0.9675644440793206 0.007577978448127741 0.25251063501586934 -0.21047084342704314 -0.010736642760105317 0.9998803779201094 0.011133478907525824 -0.30029818806197106 -0.25239605990529995 -0.013483474811121771 0.9675300640555319 55.59120558868979
0.9603313162680809 0.006341584622593083 0.2787894318285629 -0.046557822963034956 -0.010036071517489486 0.999879697123169 0.01182660345912772 -0.29815619982459457 -0.2786808932512494 -0.014155408343036448 0.9602794302448281 56.117282235236274
0.9514846976374957 0.004436812967659362 0.3076640779362717 0.14995652746680418 -0.00883421553543111 0.9998777455607735 0.012901572314328685 -0.30239247179158585 -0.30756922277360554 -0.014993619409545985 0.9514075701713989 56.655571681465545
0.9411346098109745 0.004728262781890577 0.3379989493282679 0.32979314000263804 -0.00997016144178841 0.9998554223938616 0.013774258253009866 -0.3036028322686241 -0.3378849539366503 -0.016333335258339698 0.9410456843653074 57.10412466255011
0.9294969298340692 0.0032742856451070646 0.36881531486986274 0.5359346428299389 -0.00963143700314243 0.9998350704679608 0.015396989432521213 -0.3049853392473344 -0.3687040721910951 -0.017863675877179273 0.92937516441632 57.58257959565087
0.9156031669741301 0.0006081420420492946 0.40208266661247893 0.7537021963584105 -0.00778120117487812 0.9998383842059395 0.016206738621168646 -0.3075431457551146 -0.4020078277039159 -0.017967627325707086 0.9154599231168264 58.02399783521676
0.8977447683344457 -0.0026082481355101847 0.4405082609552268 1.0101665913282778 -0.005610876582188226 0.9998336500009601 0.017354837646602252 -0.30993769695374324 -0.4404802481293732 -0.018051852188184975 0.8975807939347101 58.49296841545481
0.8777632858885923 -0.006365973744434944 0.47905228141023304 1.3089177571051944 -0.0025625925971247986 0.999835028474648 0.017981906302843017 -0.3039806108321639 -0.4790877237680436 -0.017011472992901858 0.8776021665432291 58.98742848497237
0.85633208235982 -0.0075516796958090176 0.5163703485436294 1.583725439554089 -0.0011129158890776257 0.9998637710598073 0.016468173556549674 -0.30035772464159227 -0.5164243663301736 -0.014676902119885836 0.8562070207634631 59.38190371245046
0.8313061602077854 -0.00873413931102389 0.5557461496142696 1.901367118045481 -0.00018127658908257592 0.9998722119170385 0.015985211131875187 -0.29177466622948756 -0.5558147489401382 -0.013389348252547737 0.8311983458922343 59.817885931929965
0.8043539472900679 -0.00945773147345048 0.5940751457469546 2.231565509128013 0.000812944622055246 0.9998898821913914 0.01481764530317072 -0.28094822315538176 -0.5941498688041014 -0.011435681294317813 0.8042730622079836 60.208069686913696
0.7753959568859167 -0.009215168497902033 0.6314081015591511 2.507283109311668 0.0010586865025967705 0.9999110807669431 0.013293221670322758 -0.2717656131173412 -0.6314744565125856 -0.009639047102405582 0.7753367652466217 60.49456917724258
0.743402982737508 -0.008130083562336892 0.6687943682465096 2.8580388688217075 0.0005850384922141494 0.9999336416478248 0.01150521755055244 -0.26910663964436654 -0.6688435265343765 -0.008161742595324347 0.7433584081523993 60.82661992908768
0.7064132145046489 -0.009451997051701553 0.7077365541816713 3.223991097522859 0.001944497628475565 0.999932973331346 0.011413490864321576 -0.27185228147463353 -0.7077969972401578 -0.006686448718993113 0.7063842453660378 61.14358616657415
0.6647768022349256 -0.010579705605583805 0.7469671164379378 3.633967015310902 0.00242897298847474 0.9999250378815615 0.012000779465625482 -0.27056321711911857 -0.7470380869142682 -0.006163476848378445 0.6647526669766823 61.46487075707694
0.6188783404756879 -0.012454264009942895 0.7853881148820823 4.107293467375872 0.002189180406184484 0.9998977589082594 0.014130789765361543 -0.2721938603193944 -0.7854838045301821 -0.007025883447247758 0.6188423303092463 61.80269850326949
0.5705431862291664 -0.014454352299606366 0.8211403925925649 4.618124150357874 0.0012587642161749804 0.9998593235101831 0.016725689893407985 -0.27102161875661346 -0.8212666364586598 -0.008509106261014554 0.5704811188378808 62.13507824878451
0.5209129031773897 -0.01539943773820823 0.8534709160953595 5.139884312145026 0.00040891612882630986 0.999841646341189 0.01779086926891745 -0.2667556736159741 -0.8536097352367209 -0.008918495337845628 0.520836711791715 62.42088047667841
0.47125004786655345 -0.015313182814082471 0.88186671261471 5.746830726763647 -0.0008322433579163141 0.9998411056487948 0.0178064826957015 -0.26136724856707944 -0.881999262900353 -0.009125233536825365 0.47116242460125596 62.740955987898694
0.4196427380318767 -0.017793814000348008 0.907514932439369 6.346281463444185 -0.0015763918825906832 0.9997920398311803 0.02033204561384873 -0.2563783462496647 -0.9076879901187103 -0.009962794464011736 0.4195274190332805 63.00638706435219
0.3740589509882599 -0.02021635942463519 0.9271845555212715 6.991079299592268 -0.0012693048870667915 0.9997502803218277 0.022310666989892192 -0.25240888034695536 -0.92740405975533 -0.009522384577623468 0.3739398803835847 63.24945097833054
0.32307880961572394 -0.02104801892424424 0.946137972854199 7.616857291403565 -0.0015076674361066925 0.9997399281264603 0.022755286168394555 -0.2552068617828947 -0.9463708626728691 -0.00877821217948633 0.32296305249167906 63.4531793540155
0.27168603666777075 -0.02144542129127395 0.9621469697428767 8.243781382127954 -0.0019128964517603675 0.9997376813160995 0.02282343935250157 -0.25498966819484525 -0.9623840388882835 -0.008041297305301521 0.27157374547390295 63.624739776029806
0.21821759882997047 -0.023150183085332284 0.9756255165707786 8.871171124300005 -0.00022113700919323704 0.999717398023168 0.02377131019133651 -0.24976354473472243 -0.9759001130542542 -0.005403065139822935 0.2181508107429116 63.75661342453097
0.17426419594256953 -0.02599435671852541 0.9843557707614055 9.563456225139804 0.0014237960251669618 0.9996571113720797 0.026146366633068605 -0.24847628698348823 -0.9846979043429357 -0.0031548537243710905 0.17424145339329963 63.85976643447896
0.12679475910189236 -0.02605794966083371 0.9915866438812937 10.22122943882445 0.0018550795332600504 0.9996593658258756 0.02603288298549057 -0.23916424282579488 -0.9919272391381433 -0.0014613610383548325 0.12679990804293684 63.91407029569913
0.08622995195011143 -0.024330779694051865 0.9959781164996356 10.775083051878838 0.0024862854899848977 0.9997038870944333 0.024206538636188088 -0.22983381052349097 -0.9962721584843894 0.0003889572759185013 0.08626491141300595 63.94071686568837
0.05532575110273829 -0.022237798831330053 0.9982206878080896 11.355412531267786 0.004969156503185931 0.9997457014842466 0.02199635986749766 -0.22326606406420313 -0.9984559923945395 0.0037433496912408462 0.055422184949029216 63.95453027031617
0.025671688333928643 -0.022889858939885363 0.9994083343537804 12.048972662667662 0.005290139359578153 0.9997269322531475 0.02276126870955652 -0.2180332877819595 -0.9996564304017863 0.004702689169458821 0.025785768767550565 63.95931509604006
-0.00052895850292658 -0.02302881964958356 0.999734661632 12.698099797951215 0.005237187029737507 0.9997210271728538 0.023031276570609036 -0.21440511648758268 -0.9999861459414915 0.005247979992653381 -0.00040820470229849536 63.943872634661105
-0.021487761510152133 -0.02264517164164954 0.9995126173823937 13.266175504884352 0.005811536955201526 0.9997237269938354 0.022774892398778775 -0.21033804324919209 -0.9997522203743793 0.006298085969392297 -0.021350221769831503 63.916474130039994
-0.03690795023766886 -0.021097891973236263 0.9990959324126686 13.812979758083301 0.006433084678116804 0.9997513787947051 0.021349379841403542 -0.20250760398027448 -0.9992979628873353 0.007215230583564348 -0.03676304961300205 63.886727395790714
-0.05245928613353747 -0.01901511907949999 0.9984420106069016 14.344580355651695 0.007693083939762839 0.9997813336223481 0.019444829642268822 -0.20388199591854925 -0.9985934306602741 0.008701160078606118 -0.05230153014426108 63.84491292847652
-0.06403844886912813 -0.017667332520863388 0.9977910314429735 14.876354996812392 0.009266813816043645 0.9997896423068473 0.01829746697350625 -0.2121557159725213 -0.9979044058566605 0.0104180851189176 -0.0638612580076538 63.80226679625129
-0.07377958408000544 -0.015279711273878687 0.9971575118286817 15.438313390662593 0.010884854548813699 0.9998107223701274 0.016125736422761924 -0.21464024784090938 -0.9972151688148511 0.012043664604767324 -0.07359930182043359 63.75332957999795
-0.0806670699677178 -0.013174962380313848 0.9966540243179172 15.996864532976762 0.01280287251889207 0.9998164523131714 0.014253004566389851 -0.21700062913594473 -0.9966588735761537 0.013909782535390203 -0.08048358634982548 63.696893228673396
-0.08364626334053332 -0.013058847649738359 0.9964099402992855 16.61555620536413 0.013473786789643493 0.9998078999646179 0.014234473572577278 -0.21923512154155722 -0.9964044157362575 0.014616075615639617 -0.08345424276143487 63.64338548637545
-0.08566234905821798 -0.01573603024382135 0.9961999494609465 17.27409589320975 0.012252421898337263 0.9997830182524531 0.016846203478553166 -0.22538147182841883 -0.9962488846224384 0.013648947438583341 -0.08545095741046792 63.5935439757803
-0.08633679943416823 -0.02189843454471211 0.9960253087286258 18.10913406156138 0.010834634348393655 0.9996786382637497 0.02291791652120034 -0.2230459456459576 -0.996207090800904 0.012770229583960421 -0.08607179255930542 63.52288920236014
-0.0876454942841428 -0.02756159126270248 0.9957703681164425 18.98429000365175 0.009386183295919141 0.9995499413362029 0.028492355780626442 -0.21878506022837682 -0.996107507699256 0.011843709801498436 -0.08734735052257833 63.44856755527715
-0.0881262712921522 -0.030331427970707703 0.9956474098722896 19.79498254779232 0.010220873676390017 0.9994561411905407 0.031352122381209914 -0.2245968618347421 -0.9960568728990493 0.01293933204508082 -0.08776832934945186 63.36969516769981
-0.08888666929994846 -0.028423463933604714 0.9956361115983972 20.456505527180745 0.011133936094289873 0.9995019475642261 0.029527822174491184 -0.22142370577864656 -0.9959795155964852 0.01370997860447547 -0.08852593404678051 63.303894614583506
-0.0889710810817563 -0.021272954729347038 0.9958070134962022 21.175757148852103 0.011806935613527155 0.9996791297898985 0.022410571923308552 -0.2107759501151252 -0.9959642277725442 0.013751322103525622 -0.08869136450547761 63.23731298975986
-0.0886933287789458 -0.014228476799219437 0.9959573504312735 21.933001002156946 0.012863427389732332 0.9997982205986004 0.015428879533582034 -0.1970936376060243 -0.9959759162077655 0.014179863745705604 -0.08849240531398322 63.17384107446065
-0.08718062150445761 -0.012592926639007372 0.9961129240366073 22.75917440979925 0.013995406936796734 0.9998059332337932 0.01386450342341671 -0.1924107628051453 -0.99609420629716 0.015149721752198942 -0.08698745951032802 63.10324334085662
-0.08540995125549296 -0.01656085820211195 0.9962082504186275 23.691355162291075 0.014299958464823303 0.9997384895372825 0.01784555198412178 -0.18922899977799026 -0.9962432691940447 0.01576992432839185 -0.08515079607518723 63.02443760268513
-0.08373589423379903 -0.02137022436132281 0.9962588085069116 24.637363848555896 0.013677602060402498 0.9996511879865229 0.022592599651459495 -0.1856999664169793 -0.9963941103894292 0.01551824306680943 -0.08341439272317516 62.95055640621112
-0.08322961388415358 -0.02274496969639044 0.9962707953795509 25.512569687497173 0.01348718471129696 0.9996222179910773 0.023948218037307373 -0.18296378252872958 -0.9964391236905826 0.01543008918021334 -0.08289140562587033 62.88215521638785
-0.0824526841199357 -0.018102509020749603 0.9964305565610531 26.355370979157907 0.014481918755710114 0.9997076818183286 0.01936039624017899 -0.180320966747628 -0.9964897535401804 0.016026543001452433 -0.08216642263632665 62.81395765002304
-0.08106034876660968 -0.011670671626823106 0.9966408657493496 27.08545319944571 0.015081829100864514 0.9998026009703297 0.012934354407422839 -0.17512686264468666 -0.9965950824125147 0.016079630491505955 -0.08086833245745016 62.75305571287101
-0.08034886996373677 -0.010675207156152717 0.9967096362771468 27.988004665376003 0.013996316269045387 0.999831980762521 0.011836949581350953 -0.1744947277946437 -0.9966685317729492 0.014901348820419397 -0.08018595623227788 62.68946401821604
-0.07869355581040607 -0.01406414016194766 0.9967996409687445 28.953682594652008 0.011717660790202205 0.9998183542545186 0.015031797011405989 -0.17215942568133732 -0.9968299858549194 0.012863065625714848 -0.07851446263707255 62.62659833127675
-0.07451329145855666 -0.017153900199828567 0.9970724713399446 29.87924809395176 0.012172056129351357 0.9997619095181315 0.018109812982013387 -0.17335739233489297 -0.9971457317993165 0.013485843859169577 -0.0742867523170179 62.562578233143014
-0.06974636443822956 -0.01719939205211751 0.9974164754808721 30.730222371700805 0.012681245215357137 0.9997552783552727 0.018126483954669495 -0.17667014463644193 -0.9974841505845773 0.013912739263296272 -0.06951118628504235 62.50777588001254
-0.0650771187274357 -0.014871243653169037 0.9977694196207562 31.501137044468166 0.012132779016668788 0.9998032451101998 0.015692888212364496 -0.173795756319718 -0.9978064763727811 0.013126963827220913 -0.06488388497316488 62.46262041804266
-0.05833823650619137 -0.014312649070931766 0.9981942687863505 32.28839212130418 0.01252928395751017 0.9998079670821863 0.015068045742461317 -0.17430910477895217 -0.9982182462792678 0.013385702654593226 -0.058147706400020954 62.42072106561673
-0.053899386020332715 -0.015087493326051776 0.998432383154595 33.14881526068307 0.01211103394227747 0.9998024216125405 0.015761998431267844 -0.1735844975523839 -0.9984729235404819 0.012941610519353062 -0.05370601152278195 62.38489804865507
-0.049655948485354554 -0.01693625999868515 0.9986227765664434 34.04007194498001 0.012386321175534077 0.999768882248061 0.017571600274226096 -0.17985377670361474 -0.9986895743061267 0.013241796921777784 -0.04943469415831405 62.34568881836952
-0.04352849402008889 -0.017192604691851257 0.998904241933254 34.91392745517218 0.013709955697548385 0.9997474857373733 0.017804546514018738 -0.17753678529020425 -0.9989581108951018 0.014469937999463925 -0.0432817926058673 62.31226046498034
-0.03797922978904524 -0.01658655007739249 0.9991408631725341 35.72138354720527 0.01586844936340339 0.9997261480167935 0.0171994559885799 -0.17522963128644536 -0.9991525261037114 0.016508038285397368 -0.03770562627163008 62.280463858851256
-0.033203420859081345 -0.01621399129969689 0.9993170864792534 36.585050352201335 0.01672222437958923 0.9997194249127414 0.016776133760019192 -0.1697212932393668 -0.9993087110873443 0.017267829576085615 -0.03292297080577416 62.25611268754842
-0.028109140912289193 -0.016812365414310748 0.9994634663489929 37.46496390312313 0.01734187039257767 0.999699869327888 0.017304068801538112 -0.17327493114123368 -0.9994544190349334 0.017818968403839036 -0.027809146634926934 62.23679715007679
-0.022474279758385934 -0.01757851383924328 0.9995928684222097 38.25574520653481 0.017394708565505262 0.9996871799433331 0.017971265143697526 -0.17606466231227924 -0.9995960838575045 0.017791517870813376 -0.022161476227669886 62.224991448910004
-0.016332784322889874 -0.01716322228389331 0.9997192925802179 38.959084928999886 0.017413030999185578 0.9996961427331704 0.017447307982603532 -0.17954170820068543 -0.99971497263354 0.01769310615047811 -0.016028957766010304 62.22118007912911
-0.012092268725950484 -0.01510039344194638 0.9998128600667995 39.642732026721454 0.017209717284772188 0.9997347200433625 0.01530735675405438 -0.18171949865017667 -0.9997787768641793 0.017391597330783132 -0.011829187387402327 62.216729791742566
-0.006085784949651476 -0.014527640281636599 0.9998759477502144 40.34332630752485 0.01787058851284963 0.9997332035428754 0.014634336339639004 -0.18785236747273673 -0.999821786763895 0.01795743304998353 -0.00582454380225209 62.21184108766772
-0.0011971893233568604 -0.01518008897702876 0.9998840590970379 41.09108902684767 0.018009878526501023 0.9997222757846044 0.015199196541586147 -0.19785428902564475 -0.999837092237121 0.018025986760745613 -0.0009234652763934082 62.21144651784799
0.0048723655812607245 -0.015863700692513655 0.9998622920452475 41.852783544014926 0.0189213633096602 0.9996966163916727 0.01576886760492222 -0.20659145499993856 -0.9998091028112029 0.018841925999644026 0.0051710502296485415 62.2116062448676
0.010210538205419246 -0.015510648017976511 0.9998275674873209 42.58874244089605 0.019737441331158036 0.9996880171616236 0.015306918473607536 -0.21403170692389814 -0.9997530586696153 0.019577746078673453 0.010513493197991823 62.218183742361894
0.01649725421974079 -0.013620670537413062 0.9997711327785554 43.28888426792607 0.020513195405164414 0.9997013642649534 0.013281231157469412 -0.2214873064399995 -0.9996534646653686 0.02028939676037318 0.01677173102638416 62.22572461985738
0.024132764442211057 -0.011227330758591662 0.9996457156034879 43.886502343491216 0.02222985441496315 0.9996957192465077 0.010691234395273442 -0.22804473734648031 -0.9994615766766939 0.021963969683149606 0.02437500323469509 62.23757656237797
0.029841279823909213 -0.008988048883822144 0.9995142385157545 44.456121075718286 0.022342834965957282 0.9997157239739576 0.008322797901386637 -0.2365241384134065 -0.999304906294446 0.022083618736188856 0.03003361515634629 62.25578323430268
0.03445100324138439 -0.0076425035792904465 0.999377166296438 45.19387919706954 0.02207441511507729 0.9997326278217693 0.00688426219029636 -0.24673655320515406 -0.9991625736450431 0.021823496686324773 0.034610495798133474 62.28765580346587
0.03894389733777344 -0.00795812853093032 0.9992097082446837 45.97792900454445 0.022006384836255104 0.999732586082335 0.007104600732147324 -0.2595440799407813 -0.9989990449878221 0.021712312530216084 0.03910861283664548 62.32130298448497
0.043098890234322874 -0.008338103611776471 0.9990360162119906 46.79062662569835 0.022734436614613728 0.9997144250991394 0.007362991274691784 -0.27064266561345157 -0.9988121099848474 0.022395184233543503 0.04327614436106527 62.36144651820639
0.0476905069613967 -0.006321287961825532 0.998842158133238 47.62995633259213 0.02270994511736098 0.9997283499136375 0.005242592080293218 -0.28076403153745677 -0.998603962508926 0.022433628718011255 0.0478211079337463 62.41289824117461
0.05142145937903612 -0.00534681509312831 0.9986627283941689 48.548595200028 0.022463014913595356 0.9997388693919319 0.004195948990586274 -0.28907828701797583 -0.9984243819520429 0.022217213940994116 0.051528137249258144 62.473134381152256
0.055598922894540985 -0.005656385786584871 0.9984371613040031 49.435662000276146 0.02345894138692635 0.9997153055064949 0.0043572933179460704 -0.3004786698585319 -0.9981775582740622 0.023180018030346364 0.05571578700997768 62.53277534952011
0.05959781598577725 -0.005308095990444469 0.9982083572314334 50.384392711557545 0.024316716989211958 0.9996968367136753 0.003864186788434449 -0.3156807663618737 -0.997926248579818 0.02404285302591119 0.059708823583976695 62.590811023510916
0.06424221677172182 -0.0005776458724769984 0.9979341681240785 51.337478454934036 0.02443079546811469 0.9997010293382149 -0.0009940688642065762 -0.3306812015270168 -0.9976352408656419 0.02444418673954294 0.06423712258182279 62.65511858985446
0.07240814678849579 0.004048417393936094 0.9973668686071621 52.14596927182674 0.02651650678625947 0.99963047289465 -0.005982685707222094 -0.3490634779109381 -0.9970225349241147 0.02687988052469016 0.07227404012830964 62.71351504323617
0.08069895286217581 0.008935351068282147 0.9966984692013082 52.84686446146791 0.02753106550059589 0.99955831376134 -0.011190076987569986 -0.36415154942750677 -0.9963582284697349 0.028343198335268913 0.08041730950969089 62.76975269557742
0.08563074037962282 0.012386555241103235 0.9962499433130688 53.558450365156745 0.0272208975253676 0.9995203651347596 -0.014766936675871326 -0.3856868797099493 -0.9959550185826412 0.028383321337272206 0.08525249574009032 62.82957500848516
0.09062974184832 0.012271568464584985 0.9958090472073058 54.39354164826985 0.028011133297292195 0.9994970576606508 -0.01486634249243224 -0.4179525741053821 -0.9954906460152736 0.02924107274229123 0.09024041977391214 62.90732610409799
0.09572992591192622 0.012054684046931387 0.9953343487880951 55.21116001598117 0.02792822024602311 0.9995004921146063 -0.014791239858368577 -0.4511934819119193 -0.9950154751554292 0.029213881207173078 0.09534544218800649 62.99068673505261
0.09995233876904841 0.010912467168795471 0.9949323836497044 56.07427850495412 0.027160644430438273 0.9995373130899533 -0.013691571678878156 -0.4827062147649462 -0.9946214502858453 0.028391509315365975 0.09960970248964132 63.08094636826204
0.10525022628015403 0.007866844736457034 0.9944146532618395 57.01382488230062 0.025935477384367283 0.9996068553688355 -0.010652967308280237 -0.5119350837635153 -0.9941075097195572 0.02691184597010746 0.1050048173450148 63.187515683005174
0.11240627203753563 0.0032024726843280734 0.9936571713500213 57.87829750436821 0.02463290799508379 0.9996785075253471 -0.006008447020534522 -0.5355262140779234 -0.993356959934508 0.025152052810833606 0.11229124805198233 63.292904522217924
0.1190919456952843 0.0006195210697944875 0.9928830367491186 58.90066291728137 0.025243206444732033 0.9996746703621059 -0.003651570183121391 -0.5527772878936098 -0.99256228469497 0.02549842407008127 0.11903756285745383 63.42123518375263
0.12549044047153998 0.0018285478309990446 0.9920931436932146 59.80153564879749 0.025992178791709928 0.9996489820327229 -0.005130240013851926 -0.5648322900888203 -0.9917542820638174 0.02643045844796659 0.12539886313006077 63.548930789159755
0.1314126059697167 0.006775259853978014 0.9913046064889218 60.521654658499784 0.027240576865652635 0.9995743574372516 -0.010442936652650371 -0.5747606256768181 -0.9909534186652136 0.02837604284983846 0.13117210918449762 63.65585000735798
0.1384887371268572 0.010441033058318209 0.9903089692200514 61.27982006001022 0.027321526144053667 0.9995235641002568 -0.01435893510952092 -0.5938398682196108 -0.9899870725914395 0.029045303183040508 0.13813749116310645 63.77478018981674
0.14383553739213434 0.013069024072387674 0.9895153049816401 62.0434369995527 0.027571955603094018 0.9994716900575695 -0.017208371151441117 -0.6128943348250827 -0.9892174308246577 0.02975804736974665 0.14339920909615603 63.89858016489781
0.14713481104330656 0.013457863966323824 0.9890248901199158 62.81842537131751 0.026498276868585392 0.9994949249379498 -0.017542415634024075 -0.6341306133204203 -0.9887614417554145 0.028788555377875044 0.14670388671405016 64.02133602287002
0.14929683829308363 0.011147342258642353 0.9887295842829094 63.67180525183521 0.025774248165021676 0.999552812408553 -0.015161244595303342 -0.6577717828343143 -0.9884564442640942 0.027747287556073297 0.14894276023380248 64.15241073802004
0.15103166257373696 0.005987018680242858 0.9885107953419284 64.58470510558803 0.025569168683089866 0.9996234275238343 -0.009960961718402979 -0.6860745997247025 -0.9881981858478934 0.02677981988031683 0.1508217051160387 64.29225850956195
0.15260156719705853 0.001378828362265207 0.9882868310978072 65.53151223301094 0.02468500504965852 0.9996817216099197 -0.005206342739712066 -0.7142475188411763 -0.9879794594093032 0.02519036147760546 0.15251896103084273 64.44368281490493
0.15450765576344938 -0.0020323994704204568 0.987989500785749 66.40134294043798 0.023546420966580592 0.9997214226214346 -0.0016257956324277705 -0.7332862108184781 -0.9877109649943892 0.02351481456797989 0.15451246915924177 64.5832981406409
0.15606003328106507 -0.002277055805727398 0.987744947356942 67.18184009166177 0.02449712452796325 0.999698674115899 -0.0015658418738454837 -0.7494631161820842 -0.987443748728085 0.024441276312214693 0.15606878967319435 64.70736633308651
0.15697066036681848 -0.0007318900567740685 0.9876029951964234 67.88785878088488 0.025088689750966925 0.999679956810325 -0.003246782759062015 -0.7658075558778107 -0.9872845432956919 0.025287314777366288 0.15693878513855605 64.81549101645105
0.16007744437744534 0.001791118173663657 0.9871028333954223 68.62777298999181 0.02533853688298848 0.9996613807994426 -0.005923030202477371 -0.7828679398123043 -0.9867791902701504 0.02595988508907532 0.15997785476729837 64.93593519658242
0.16234210539936872 0.005443361819077044 0.9867195197352712 69.38492296140566 0.024788082112129343 0.9996467003767144 -0.009592987602831712 -0.8057480884493806 -0.9864231302031098 0.02601623028135245 0.16214981949495097 65.0583193335879
0.16553266747291878 0.009760265200127355 0.9861560085617899 70.14102293555786 0.025397343155170147 0.9995771990028511 -0.014156206916822772 -0.8312289146144309 -0.9858772291517629 0.02738905724621692 0.16521479529147795 65.18780989429118
0.16944204059187745 0.012353877044518801 0.9854627220762981 71.00222966881815 0.025831618853422868 0.9995222310030183 -0.0169716586743655 -0.8582139450377186 -0.9852015643245149 0.02833180990894483 0.16904196579492178 65.33691622597938
0.17297417630306489 0.01234644625090265 0.9848489729888776 71.77497863082856 0.026061400469212122 0.9995139487258894 -0.017107592114662507 -0.8835033713109754 -0.9845815038572774 0.02862571514131795 0.17256833630416876 65.4773516714417
0.1749608393535104 0.010109437466119277 0.9845234908151412 72.73524600479527 0.025812225619047065 0.999556491198079 -0.014850922946902666 -0.9123629418506247 -0.9842369804581138 0.028011072416136606 0.17462229560050901 65.65531108324473
0.17607390487439736 0.007700370922776909 0.9843468313099457 73.62235134280368 0.026252579437203275 0.9995769937795994 -0.012515413673975476 -0.9395861880251462 -0.9840268198048129 0.02804528113941895 0.17579726991803962 65.81829411914333
0.1769976156100558 0.0055071919331557695 0.9841958722253227 74.44234876812754 0.026824536743544916 0.9995858749542713 -0.010417428684510035 -0.9613277535380466 -0.9838456628439481 0.028244458375299458 0.1767765885920332 65.96776532129547
0.17699986702708081 0.0056589795650552645 0.9841946062759516 75.21756135605571 0.02570200792637456 0.9996158615882449 -0.010369959003889024 -0.9828435084464745 -0.9838752227091334 0.02713125893636421 0.1767864274416444 66.11104281736614
0.17695436163495024 0.006855866315098083 0.984195179319343 75.93464167094687 0.025962799199818743 0.9995952427876905 -0.011631150154929246 -1.0009210920167892 -0.9838765608327477 0.027610644564843443 0.17670474060034969 66.24029149304312
0.17580156381198103 0.009437889515571703 0.9843803819676372 76.72773249753598 0.026403811498509386 0.9995490897664514 -0.014298807132366798 -1.0235480537181527 -0.9840714653416244 0.028505146702820127 0.17547309683207193 66.3762855289508
0.17502318761751326 0.012979056621545002 0.9844787594892114 77.54733798281288 0.02757367738463163 0.9994562798128712 -0.018078635404871066 -1.0505092901884243 -0.984178122146439 0.030309880102513224 0.17457014365715118 66.51753468884112
0.1736571007735452 0.014539763276911373 0.984698840577552 78.36042599129215 0.02896837844576457 0.999382910696749 -0.019865317956554645 -1.0779593997944856 -0.9843800304766182 0.03197488219123604 0.17312874546910742 66.65689329947564
0.17287079003090344 0.014211123850020832 0.9848419842355463 79.2193063582608 0.030296838939169467 0.9993460334448173 -0.01973846469213417 -1.1056895392584734 -0.9844784362820669 0.03324980296224273 0.17232718618542708 66.80312998751333
0.17146788091045428 0.011374183895259017 0.985124049933201 80.17296026224054 0.029851553485354065 0.9994142398070134 -0.016735053793724922 -1.1396566495257097 -0.9847373510589447 0.03227700747722202 0.17102790479254015 66.97315795144222
0.1700847086247283 0.009789209009626133 0.9853808214487454 81.11301118465006 0.030396559505170943 0.9994227115767962 -0.015175399656387204 -1.1672085576739977 -0.9849605276671182 0.03253329020324142 0.16968896241730616 67.13476613282953
0.1658059104439556 0.009434656090398324 0.9861132730707481 81.89737245026295 0.031507103441272194 0.9993930670180062 -0.01485934147539266 -1.1929725005046334 -0.985654961177891 0.033533339541376654 0.16540801868292518 67.25834254003063
0.16185057687983695 0.010794776052514358 0.9867562331060477 82.67841837347792 0.034590185300793004 0.999263622352424 -0.016605183647491206 -1.209575989321048 -0.9862088571111691 0.036819639502392774 0.1613580004288389 67.37428922017281
0.15819608765622367 0.013284472616042507 0.9873183481722472 83.4768782905564 0.0380073099806899 0.9990865427478023 -0.019532651849500378 -1.2350534408996225 -0.9866759560454963 0.04061530361274738 0.1575466752240374 67.49073628160767
0.15502508293041736 0.014458217151442208 0.9878047294983029 84.25291335788383 0.04069683657053859 0.9989506593237554 -0.02100827764913867 -1.2647848463940803 -0.9870719280556842 0.04345733762478048 0.1542740051045472 67.6007444487272
0.15205564255397197 0.01574509352010107 0.9882465145891175 85.0619437380126 0.042859361675689045 0.9988275409081998 -0.022508190509885524 -1.2916712005599054 -0.9874422295426954 0.045778112164221965 0.15120253887560495 67.72387610409342
0.1497063504304751 0.016485547108200257 0.9885930585318349 85.8413960051403 0.0429053168426236 0.9988108233523125 -0.023153249035675064 -1.3225145208876188 -0.9877991407302498 0.04588208681846556 0.1488210055125318 67.84473995047719
0.14628991139548375 0.017241804473264025 0.9890914932413503 86.54862415527793 0.044092482513558386 0.9987407768863318 -0.023931434772626756 -1.3552841341135482 -0.9882586274906437 0.04711242684250797 0.14534546579551894 67.94709600431003
0.14401695666602224 0.017322667066869676 0.9894235904800044 87.2621182670202 0.045788251870241034 0.9986592287482242 -0.024149137182670272 -1.3836816707413138 -0.9885153272374292 0.04878186181041515 0.14303068822803447 68.05057040827619
0.14335265640060987 0.016970573277220315 0.9895261570800071 88.0381032052111 0.04727963721052534 0.9985939173980044 -0.02397548833593601 -1.4173712279475668 -0.9885416793479813 0.050221387658526365 0.14234872817669394 68.16432556176778
0.1438243655407861 0.016722827365104536 0.9894619239372999 88.8637908416409 0.04812360183947238 0.9985560906735342 -0.023871588233347223 -1.4490517344144511 -0.9884324310861029 0.05104978769498904 0.14281193351226065 68.28978026181801
0.1459802075368096 0.01629740466057325 0.9891532609301935 89.60383565921343 0.04863057986902 0.9985372995919654 -0.023628965808657188 -1.4769327901684708 -0.9880915168693183 0.05155245799099535 0.1449741299886772 68.40035074137872
0.14820291001580957 0.016331016073401865 0.9888221252464224 90.25169323797665 0.048655760483175686 0.9985323963531898 -0.023783826541537458 -1.5017330218501324 -0.9877593403429029 0.05163672479122183 0.14719080887808864 68.49884898845046
0.15077781297038156 0.015188984899593673 0.9884509830303088 90.8827893177235 0.04848776989870886 0.9985648685809339 -0.022740699333787574 -1.5255129643298702 -0.9873778341071442 0.05135657673229175 0.14982494698888374 68.60116311521217
0.1539688572011479 0.01339093155417715 0.9879849563451254 91.59063937918961 0.04813238201074241 0.9986194255420916 -0.021036081668240413 -1.5560878476369557 -0.9869026622793869 0.050792970794119284 0.15311175429653776 68.71476857490012
0.15802806217737184 0.013121948179444853 0.9873474292468868 92.415892776656 0.047249101603007944 0.99866582803331 -0.020834738209296336 -1.5926131186746564 -0.9863035303405188 0.04994375230714284 0.15719722530410493 68.84727897888564
0.16276611865808363 0.012898318515477028 0.9865803687467392 93.18973044456484 0.047498758140811004 0.9986527782110246 -0.020892499766212144 -1.625764678754528 -0.985520704293959 0.0502619334175848 0.1619341824849312 68.97946189412343
0.16708292707819128 0.012985204066758167 0.9858573324545111 93.9328776362932 0.04798160869619828 0.9986214016174647 -0.021285240390788832 -1.6513698874003164 -0.9847746243206649 0.050859421024166185 0.166229535844801 69.11493445006953
0.1696622959248015 0.013906483069776597 0.9854041379404449 94.58593441867862 0.047400477981795676 0.998628029293679 -0.02225429837400051 -1.6760615774264118 -0.9843616713528726 0.05048434249994494 0.16877035028027276 69.2368693692659
0.1728548185993328 0.014913454731679206 0.9848344026053079 95.32511217146585 0.046471852381584834 0.9986483088151393 -0.023279223287820675 -1.7042236332714487 -0.9838503842674523 0.049791004896729794 0.17192811639798183 69.3774549995876
0.17732392566521474 0.015241398618184635 0.9840345142091484 96.08853255309582 0.0470863792022696 0.9986036108193422 -0.02395206363112787 -1.7405665565569204 -0.9830254820096451 0.05058189623502776 0.17635865017903576 69.52102397186029
0.18213913459454484 0.014626878905200575 0.9831639690624544 96.90678971360622 0.04720556402815715 0.9986063228732246 -0.02360183557265432 -1.7789219914537604 -0.9821389771177661 0.05070962759780084 0.18119482138007867 69.67813427899327
0.18829563672310065 0.013929450842691479 0.9820136066217507 97.73721344668512 0.04702272316554722 0.9986247970741846 -0.023181418736509238 -1.8138135524610632 -0.9809860430694904 0.05054191397011103 0.18738169130173732 69.84294792974057
0.19257337277040354 0.013309800523097723 0.9811923080160493 98.50082897621351 0.04724964395765203 0.9986224179488474 -0.022819673877378436 -1.8442568131582464 -0.9801443604111101 0.05075544877183265 0.19167920381268191 69.99827324954327
0.19653743023084055 0.01105388876916946 0.9804340110692465 99.43159996077162 0.04764793905807449 0.9986473790658273 -0.020810722920387242 -1.8801317062889606 -0.9793378949176701 0.05080574601391 0.19574489456993424 70.1879939385378
0.20248834640663693 0.007499389823934251 0.9792559566945557 100.30998384074324 0.0478934406445094 0.9986982328620531 -0.017551581736151744 -1.913263839604223 -0.9781128196239607 0.05045392780030731 0.20186558215006548 70.3780483402077
0.20853003385191135 0.005423165618127353 0.9780009275335039 101.15040650889087 0.046230598223569834 0.9988121437224788 -0.01539588712592829 -1.9381681550533412 -0.9769226974380365 0.04842407280663013 0.20803161395135777 70.56497771654662
0.21482764305416946 0.004204082083364654 0.9766429283385107 101.93363542009615 0.04506041186678526 0.998883171924904 -0.01421154909345213 -1.965441608098507 -0.975611932615722 0.04706096619361152 0.21439827984090232 70.74514634982462
0.22137269320958886 0.0036137744882796478 0.9751825835888764 102.73304520955692 0.04631550113670774 0.998825710247431 -0.014215305243555321 -1.9832648577384693 -0.9740888075815197 0.04831295046527047 0.22094536374803522 70.92970374915001
0.22632012694968842 0.0012887210924800285 0.9740521235208194 103.54532628117205 0.046066827625852784 0.9988659787378847 -0.012025136693377712 -2.007307558573339 -0.9729630247496381 0.047593021735862086 0.2260041078212585 71.12299296453982
0.22960995383838942 -0.0023647858567673458 0.9732798553788005 104.4815163809488 0.0463652874712079 0.998888291891475 -0.008511194971345885 -2.034305744971393 -0.9721777251182228 0.047080655369054036 0.22946433856696685 71.34274368654202
0.23169973700845267 -0.003846108175076213 0.9727797486184189 105.30142120255317 0.04561445095938025 0.9989351848951278 -0.006915073550442155 -2.0585291170652087 -0.9717173219274657 0.04597503486066471 0.23162845774142837 71.53722313573853
0.23591978141182382 -0.0019133245173789805 0.9717706498592572 106.09236416965352 0.04646549382652474 0.9988764736144514 -0.009313879052899455 -2.077378896926649 -0.9706610194202981 0.0473511314420895 0.23574362288108594 71.73089723953659
0.24072777494041162 0.0034397173817612577 0.9705865786814524 106.78281292697397 0.047920939319704765 0.9987320232436112 -0.015424957777489812 -2.096384723203816 -0.9694089549550046 0.05022463630583869 0.24025770322924236 71.90521898095862
0.24472313191364883 0.007640519904188272 0.9695628969602561 107.53138239369555 0.05012724026687658 0.998531992444865 -0.020521204821183883 -2.1173336101821585 -0.9682963639762366 0.053623525804257284 0.24398087833008283 72.09345527565355
0.24778214310973115 0.007364117849557461 0.9687877885916205 108.27746100177181 0.050759605711274684 0.9984989907929767 -0.02057250138999192 -2.1420938840317576 -0.9674851275259913 0.05427278465034855 0.24703642011313323 72.28886295868247
0.25037560440070056 0.006136485033945551 0.968129330344044 108.98562106993306 0.05069454830420877 0.9985249932360247 -0.019439667055446176 -2.162042308411205 -0.9668206242593371 0.05394609749020322 0.2496952123537045 72.47520918974936
0.2527445152233815 0.0048924984490842024 0.9675206837496646 109.59155366488685 0.05042904916255682 0.9985613818967788 -0.018222996047672895 -2.17996257324554 -0.9662179469586851 0.053396910428589184 0.2521341883434754 72.63164750409878
0.25411994679304456 0.005907765659392369 0.9671546675412415 110.18982607836367 0.049304536751840315 0.9986020147117105 -0.01905462855573869 -2.2022827353272105 -0.9659151698247549 0.05252727404524666 0.2534734111968929 72.79057621803977
0.2552512778741424 0.007749973819276261 0.966843691115277 110.70649776166206 0.04763312691620923 0.9986528604855454 -0.020580317398419635 -2.221561878826375 -0.9657007146957073 0.05130694056203232 0.25453826330507295 72.92899833020134
0.2564341913948723 0.00882100340885326 0.9665214407257166 111.25662712313179 0.04567023707818501 0.9987309097281121 -0.021232037087337553 -2.2472419843769638 -0.9654821256392472 0.04958588360124982 0.25570589594024445 73.08638652776007
0.25857144199184434 0.007935125885299857 0.9659595453037559 111.92896136323165 0.045279017589251666 0.9987675913785109 -0.020325082487382313 -2.280367682743 -0.9649303705202825 0.048993185129679984 0.25789348161292985 73.27109400467927
0.26031734166381554 0.0057259167838474324 0.9655061343699818 112.6079412327288 0.04484183551166263 0.9988316757724464 -0.018013696498795438 -2.3106432480265697 -0.9644812550884693 0.047984344849025216 0.2597564459881231 73.45490391488686
0.2614086420133361 0.004342845718454911 0.9652184527721199 113.33399065759488 0.04325216449840736 0.9989326985547677 -0.016208455333274606 -2.3370681621728817 -0.9642586645433606 0.04598481759400315 0.26094180271451384 73.65108907663291
0.26265300246938694 0.003407019831686625 0.9648843415195827 113.90745516106918 0.041549360378873405 0.9990262710100707 -0.014837805896356148 -2.3619026247541823 -0.9639953583632662 0.04398752149846506 0.26225569013178635 73.80895924759942
0.2647366339712407 0.003742445149702836 0.9643134909031783 114.46326979918719 0.04026367516333405 0.9990775238531667 -0.014931101558984214 -2.383238001884609 -0.9634798135383624 0.042779614721554525 0.2643417361453857 73.9611252552428
0.26561166689139337 0.005305576227000084 0.9640655025837561 115.01810050968582 0.038698331426863034 0.9991202541224933 -0.016160351078466046 -2.4003423382357854 -0.9633031099067163 0.041600104123693 0.26517267917518567 74.11724116828286
0.2664915535122315 0.005635224022803444 0.963820780102217 115.55894910243664 0.037165422470221865 0.9991791337116506 -0.016118006323495294 -2.4157242826197582 -0.9631204406922568 0.04011611902274596 0.2660633640983022 74.2684620625471
0.2663248978263226 0.006113799782101702 0.9638639272480418 116.09158140466148 0.03702817269437047 0.9991768520289115 -0.016569031248359296 -2.429246830751606 -0.9631718243515608 0.040102865506315095 0.2658792901928767 74.4140650048496
0.265980838179598 0.006331287057081756 0.963957524233031 116.67598717041311 0.03624094336528828 0.9992058215783769 -0.016562612954281047 -2.445591174953359 -0.9632968326249555 0.03934006771829676 0.26554015012168614 74.57163646147386
0.266010960883952 0.0068978815689905194 0.9639453241338182 117.28274608510213 0.03594058175360606 0.9992081585776075 -0.01706840400146845 -2.473403389494867 -0.963299768126624 0.03918513827722393 0.26555240850985734 74.73965115958629
0.266064388244574 0.008161843413871673 0.9639207050479425 117.93587954034939 0.03665013752352634 0.9991554844304184 -0.018576473080758403 -2.5008488162668776 -0.9632582772691576 0.04027036434775539 0.26554056004262716 74.92144067148423
0.26620001003835025 0.010742400624674934 0.9638579539975772 118.55202339566955 0.03600364581044371 0.999129326350366 -0.021079058684331468 -2.5283412143740325 -0.9632451879682226 0.04031364602067578 0.2655814711168336 75.09339692625223
0.266756380184165 0.012841376795756552 0.9636784384186591 119.21378896445906 0.03486776446992567 0.9991280317410005 -0.022965521771159042 -2.5573540328589974 -0.9631330503268534 0.03972751227224264 0.26607602698617555 75.27785958976953
0.26606605365691455 0.013425279417813504 0.9638613058754792 119.75199119996431 0.03482346297299223 0.999116464354092 -0.023529068896675085 -2.5819674658595733 -0.9633255843784087 0.03982527500381473 0.2653634600936351 75.42186221631611
0.26556845798846196 0.013956806423421071 0.9639909759308353 120.28936232982258 0.03461304490936082 0.9991125556098023 -0.024000798839822257 -2.6068083764847874 -0.963470462050462 0.039740518080495474 0.2648496931826823 75.56586311817864
0.26732380736857214 0.014327767088962643 0.9635002320208386 120.84542441211207 0.03561514436631383 0.9990593540939128 -0.024737996871573097 -2.636318171781195 -0.9629483597295002 0.040928255370779834 0.26656206483025174 75.71295734440646
0.270003839145716 0.015015527824721483 0.9627421569510262 121.32634057417754 0.03500531745328941 0.9990643120200263 -0.02539937396755087 -2.661961024337976 -0.9622227156934962 0.04055902331287179 0.2692255764806484 75.84582097775171
0.27243466252420656 0.016164040802889214 0.9620385015373548 121.80542338254419 0.03368004217501173 0.9990859283362487 -0.02632418203065718 -2.682846526109824 -0.9615846345561107 0.039573116953511116 0.27164123214301045 75.98354123647007
0.27502763452152745 0.018186737872585696 0.9612642939457606 122.29190431419214 0.032651321469484566 0.9990676536509812 -0.02824384241948752 -2.7098591512960692 -0.9608817260494588 0.03915438664919061 0.2741773924858439 76.12270380025333
0.2789946133647944 0.020856005281264287 0.9600661606145335 122.7537861287793 0.031511886568631006 0.9990268663850608 -0.03085970261892987 -2.734432515701008 -0.9597754980818755 0.038863186752387174 0.2780659022554451 76.26332591747743
0.28434426249100164 0.023775090830209053 0.9584274022817056 123.17650282169619 0.031077449422285772 0.9989385321052814 -0.03400001783452983 -2.7633770370376576 -0.9582184158770125 0.03945318911518277 0.2833035710025348 76.38920565171284
0.2906830475751865 0.028840572891677012 0.9563846439627084 123.68445438391909 0.02896248436094263 0.9988223876486904 -0.038923160604050835 -2.794646363657779 -0.9563809598439534 0.03901357823945959 0.2895054409867107 76.54563695306618
0.2947111134507944 0.03496418559842912 0.9549465248557253 124.14504334869228 0.02804019561622161 0.9985836482314246 -0.04521553842009978 -2.827522727332082 -0.9551749091336071 0.04010240903305039 0.2933132962402987 76.68718249909234
0.2989546645008946 0.04046463750772048 0.9534090002116201 124.62573535496102 0.029001664517703803 0.99825376774645 -0.05146181725528461 -2.869005584966314 -0.9538265104453523 0.04303519828445681 0.2972590783815655 76.83613824865863
0.30373222835282926 0.043831325860820405 0.9517486791864236 125.2075400128333 0.030210353026717315 0.9979958555558676 -0.05560221994947731 -2.918409562809081 -0.9522783563800152 0.04564084975755271 0.30179934526698854 77.01696283130168
0.30735186636899553 0.04473215623828263 0.9505439834314684 125.84905502412953 0.03066273522564203 0.9979102878705169 -0.05687577718731712 -2.9709906029749145 -0.9511017962910042 0.046627154753995294 0.3053379791830195 77.22559239750663
0.31009947079804795 0.044052008698827035 0.949682967489869 126.54164207719195 0.02954599704028759 0.997996827777543 -0.05594073475432608 -3.035186225757989 -0.9502448906832719 0.04540652239003776 0.3081767276333135 77.4524314133895
0.3137445185356251 0.0420036032374412 0.9485779221571177 127.2903125456169 0.02728652681961305 0.9982095945582018 -0.05322641060667225 -3.1055335450667623 -0.9491152841161967 0.04258289148260294 0.3120366561960469 77.70374921986766
0.31824187846139057 0.03940323831274903 0.9471903143528383 128.02779773094113 0.0268800636688146 0.998359067821186 -0.050563167190851306 -3.163568184150566 -0.9476283918132273 0.04155185326406273 0.3166605035677741 77.95405303996685
0.32454781601914184 0.03687592756053911 0.9451501896967222 128.8074165781975 0.027475323679637093 0.9984505553719156 -0.04839003064898683 -3.2236692261688025 -0.9454701590774308 0.041673186152015894 0.3230317691033429 78.2263649493506
0.32999431583959304 0.03698535736028633 0.9432580955679551 129.52533472337058 0.0283358880283721 0.9983937866380612 -0.049060414308836724 -3.2779208053825055 -0.9435575387665558 0.042917713632520685 0.32841626161527826 78.47770970149338
0.33640954916885346 0.03861394012542065 0.9409237901424289 130.24576934048605 0.028779415705876544 0.9982707425336024 -0.05125690034557239 -3.3347365492444676 -0.9412759215339754 0.04432254764110482 0.3347165238092756 78.74169911739257
0.34422949240298256 0.04047437384249626 0.9380127299893309 130.9494599814912 0.02943673327534925 0.9981139560614065 -0.05387030211092393 -3.384706631594201 -0.9384239635122597 0.04615577729281685 0.3423888271080636 79.00191457580651
0.35194097145333153 0.04250517964027736 0.9350566091506052 131.56845537999357 0.029140145052440596 0.9979866554421851 -0.05633371553201066 -3.4344429043539892 -0.9355684927138183 0.0470738277928034 0.3499937859135874 79.23842980847606
0.35949400643760604 0.042257947715766804 0.9321900692403265 132.29757051761058 0.029999882965140223 0.9979343210963895 -0.056807550554162485 -3.4966515082341143 -0.932665034381323 0.04838756692309853 0.35748367376671464 79.51688147660475
0.3658316026555677 0.041365543571983035 0.9297613297526675 133.0552998116549 0.0307860674986639 0.997927179275163 -0.05651161749483473 -3.5554846206914106 -0.9301717349750125 0.04929743065220697 0.36379981691125807 79.81700558184178
0.37175734849359643 0.03993103132216629 0.927470747020387 133.8701164994198 0.03144648827796512 0.9979594370341459 -0.05557049945315455 -3.6206621269508057 -0.9277971719163587 0.04982443950550177 0.3697430635075778 80.14276235263023
0.378695010145403 0.03760330572997508 0.9247573090758175 134.6010336353824 0.033100707666466576 0.9979847914032179 -0.05413593335164307 -3.676740816112767 -0.9249294202494325 0.05111112917997828 0.3766871646751399 80.43835056246202
0.38600490195770926 0.03578393240938018 0.9218024331959296 135.3813100601464 0.03518797895109976 0.9979490185212737 -0.053474877931250275 -3.7398061375493308 -0.9218253748958939 0.05307792962942368 0.38395404879268863 80.76152384951658
0.3925082857190743 0.03545781002423324 0.9190647362129368 136.14338343347396 0.03551207307186099 0.9979272451462609 -0.05366661961529299 -3.8005807902757462 -0.9190626411230148 0.05370248693570078 0.39043553192416947 81.08759917355938
0.3987372038587374 0.03595116732747325 0.9163602762160218 136.84714682604223 0.03565153512184176 0.9978682425473537 -0.054662039469002686 -3.85239191888103 -0.9163719824953025 0.05446543934686222 0.3966054785481185 81.3914238100894
0.40430043781997 0.036066585047826685 0.9139148523913836 137.57359315583395 0.03563406148357519 0.9978424264483821 -0.055142593716555166 -3.904929722050122 -0.9139318189234712 0.05486067282299911 0.40214293097932613 81.71630449259025
0.4078649867653851 0.03668240698584224 0.9123050770376065 138.36783312025008 0.03586248694750722 0.997777936712964 -0.05615221312432318 -3.9606217015298255 -0.912337675754329 0.05562005058020492 0.40564316261049427 82.07133639443629
0.410711985569751 0.03615797881573396 0.9110478941731381 139.17981870446232 0.03670441217192866 0.9977476830958408 -0.056145765681786954 -4.017420398906184 -0.9110260430067106 0.056499216320599246 0.4084597746641558 82.43911208150104
0.41417431865062926 0.035606506618499074 0.9095008578647465 139.8583878719153 0.03882532210084788 0.997633931978388 -0.05673739621366205 -4.075403802711747 -0.9093691374431241 0.058810836176400566 0.41181191995154864 82.748113292721
0.4163411413470066 0.0338403217657186 0.9085784977890798 140.57406817157258 0.040385147765048215 0.9976325327153002 -0.055662999452516994 -4.131674346791553 -0.9083111217319023 0.059867873612216294 0.4139888209206683 83.07596284122677
0.4190579406097371 0.03261301279149396 0.907373591090563 141.4654457561782 0.04091806943608822 0.9976610332395772 -0.05475558737665748 -4.196921275831653 -0.907037019093239 0.060073739287655026 0.41674331649403795 83.48944700178556
0.42238094988076036 0.0311395716799411 0.9058833590774324 142.34417112880138 0.04175092395813087 0.9976805616327744 -0.05376204319735107 -4.259178087696839 -0.9054563454559628 0.060529530113005714 0.42010115741072446 83.8929699788322
0.424549425278641 0.02949962511560753 0.9049240617939223 143.1808884846435 0.04239092118528303 0.9977253693432151 -0.05241275770275751 -4.320948434416787 -0.9044118504844116 0.06061237074214676 0.4223332158573113 84.28594531774947
0.4258491166484994 0.028877339096497763 0.9043332511504788 143.96814582014036 0.04311558041566774 0.9977074562096109 -0.05216204126726213 -4.38583109019392 -0.903766328524753 0.06120401220878691 0.42362777566447923 84.65868229577684
0.42850504886226853 0.02943765189064421 0.9030597143880944 144.7766639864387 0.04328871968163505 0.9976525102231247 -0.05306180918346982 -4.441309326942075 -0.9025018060080926 0.061829551968806774 0.4262248193799459 85.04439190743481
0.4281298169039488 0.02995926409160047 0.9032205170238758 145.60661284370778 0.042968974632150755 0.997645143512773 -0.05345872093906232 -4.50355018571357 -0.9026951462685795 0.061697731890797095 0.42583431376848785 85.43700893127127
0.42731603605654817 0.029313994919407216 0.9036269667461126 146.45774276596882 0.04228024404610832 0.9977327977712686 -0.05236072206261762 -4.558575384015299 -0.9031131636136855 0.0605801448775267 0.4251078213280697 85.84428274246636
0.4257791082763565 0.02844538935262274 0.9043799040115637 147.27735194627888 0.04172429125883159 0.9978252394788772 -0.051028178273086595 -4.610942961121398 -0.9038646106991568 0.059461342765694425 0.423666276970639 86.22974673302551
0.4230752305443731 0.025374295035532783 0.9057391978109771 148.17176468043652 0.041199719141049064 0.9980352261268831 -0.047204560717801394 -4.67471194531795 -0.9051574075499377 0.05728728097328103 0.421198569556171 86.64583899796473
0.4229655247941315 0.021167993916639448 0.9058984936896448 149.0711919966937 0.04053591281760638 0.9982842881672238 -0.042253044511653716 -4.736556277383066 -0.9052386451139106 0.05459300350782579 0.4213817738824577 87.06328123417613
0.42378699824259436 0.018262304754846012 0.9055777538928227 149.90808131187234 0.041418923782911767 0.998360119475605 -0.03951638385938337 -4.792654870805913 -0.9048143748157391 0.05425458566515744 0.4223356331889437 87.44705810016966
0.4257189790267183 0.018189347932532223 0.9046725918906989 150.74171903080844 0.0431930940534637 0.998249706837142 -0.040396527395924545 -4.850810809761926 -0.9038239361305594 0.0562731767483436 0.42418819179240835 87.8346894114997
0.426266763081076 0.020113768885178077 0.904373862400729 151.55463194392846 0.047300228505993566 0.9978895235969246 -0.04448805546194179 -4.90497995853024 -0.9033600251702879 0.06174086974393578 0.4244157512717928 88.2045255132702
0.42558701708402313 0.02393320116963389 0.904600957755017 152.42128177842085 0.049361512537144485 0.9975478704199963 -0.04961539378636777 -4.961138140032361 -0.9035702141890074 0.06576813896032663 0.42336204356097745 88.6048400223733
0.4249722636846204 0.027037203138182753 0.9048025004083659 153.27384522140878 0.05011139066106578 0.9973183401649464 -0.0533383248391896 -5.012140080426176 -0.9038182470080937 0.0680082202171288 0.42247776078524596 88.9966182759276
0.42481946340274696 0.02852871109374266 0.9048284567571518 154.17961566415198 0.04969389037943659 0.9972613864577768 -0.05477448620726598 -5.079152635901263 -0.9039131267844045 0.0682337139810166 0.4222383444255136 89.42178867606815
0.4263920102251762 0.028445617746358766 0.9040910907907228 155.0480816846235 0.0488303567020141 0.9973240673825116 -0.05440864714325273 -5.145998155620843 -0.9032194915304299 0.06734650288346784 0.4238620042760146 89.83922795587709
0.4275185360029173 0.03058084462235833 0.9034891882674102 155.87235119838073 0.04783810672042121 0.9972620287450814 -0.05639114796359625 -5.212723075429451 -0.9027399497747564 0.06732947323000366 0.4248850728317515 90.24288628355265
0.4296500752777888 0.03438226461383567 0.9023406633272232 156.68041089612242 0.04725307190175727 0.9970496661433573 -0.06049058140958489 -5.275405899837346 -0.9017582602946533 0.06862815110030597 0.4267577964922449 90.63678993902724
0.4303845124419309 0.035401426968288435 0.9019511685333798 157.51386315758597 0.04837428177136914 0.9968900527072049 -0.06221054313002984 -5.348504102606302 -0.9013484899378419 0.07040569424441494 0.42733352068932856 91.03362483446115
0.43016448239735555 0.03398237158714384 0.9021107008040237 158.3842314350987 0.04914316296476626 0.9969280088254124 -0.060987660663606634 -5.422730143021305 -0.9014119300395549 0.07056729866385753 0.42717301967897364 91.44484827731704
0.43101130143065153 0.031725346638689034 0.9017886450935769 159.338312428534 0.04970967324898875 0.9970292963455412 -0.05883477385183091 -5.504101019182235 -0.9009762518649072 0.07018607133450569 0.42815383796725837 91.89356954664775
0.42906744173432493 0.02926728659810348 0.9027981814219304 160.39758316142064 0.04953041507067973 0.9972088596973498 -0.055867952567101746 -5.593408508115991 -0.9019134484120358 0.06868708813378396 0.4264202334519486 92.39841806639105
0.42612436892752437 0.026406572375698146 0.9042791135161117 161.3448994136162 0.04937446324670402 0.9974052119712477 -0.05239280018946295 -5.671817470942096 -0.9033162151678786 0.0669741447721441 0.4237148561790362 92.83887052215586
0.4239731885021956 0.02488629446184303 0.9053327608008221 162.35347359912242 0.04783542293458561 0.9976117914851631 -0.0498245501980214 -5.749186623785844 -0.9044105858203744 0.06443124892258617 0.42177020570249524 93.31029554217083
0.420543324614787 0.025704743072919846 0.9069082524188957 163.31372316523533 0.04606656531441123 0.9977042471125456 -0.049639770887101586 -5.82016747495668 -0.9061021927366011 0.0626538225262116 0.41839373183734413 93.75439998038625
0.4198120117919849 0.027257758307932322 0.9072016806461456 164.10923407511905 0.04406041534758339 0.9977583700699584 -0.05036779481713257 -5.878525810420026 -0.9065409833838547 0.06111668812500119 0.41766996046886956 94.12352534997594
0.420144047411772 0.028653229594077758 0.9070049458841349 164.9019573432698 0.0429226131143562 0.9977551814039186 -0.05140279433135333 -5.937778430973253 -0.9064417403826303 0.06052760044364196 0.41797102875276576 94.49489788457346
0.4190695361707505 0.029901153127991305 0.9074616492696796 165.691266486645 0.04137761367999933 0.9977902400961525 -0.05198586206858049 -5.997463601257696 -0.9070108141250479 0.059334288657412464 0.4169062547500799 94.8689877147076
0.4179429707688506 0.02952127671802891 0.9079934842309408 166.50607538105757 0.040214282578057946 0.9978910046834811 -0.05095443306059792 -6.059392884167944 -0.907582770143661 0.057810353681087265 0.41587435403692335 95.24922276377326
0.41605764168192066 0.028568536325867876 0.9088893648460601 167.3579583323819 0.03934427959054529 0.9980048275528682 -0.04938007538140094 -6.120407971934016 -0.9084866903051365 0.05630455499663764 0.4141035264581207 95.6403050181864
0.4132033756481034 0.027155878402152434 0.9102337769063606 168.26454329478935 0.03905900774446764 0.9981068792708997 -0.04750843573646085 -6.1895579232002795 -0.9098007277789085 0.05518347415952816 0.4113604501075123 96.05472493886512
0.4119325631497082 0.024371416221240276 0.9108883562151187 169.04916436123668 0.0393544749355267 0.9982336723607085 -0.04450573747062863 -6.25203051587418 -0.910364096787358 0.054180895494875043 0.41024583098907075 96.40826411179283
0.40990007584002425 0.02364013448859951 0.911824035583457 169.80166576214964 0.03959716039472833 0.9982604803900617 -0.043681554231499824 -6.303099033087635 -0.911270537609451 0.05401071498106851 0.40825096442288744 96.7476906426064
0.4083973155485442 0.026574553767172902 0.9124173528297322 170.68497399069514 0.0401644270787776 0.9980848548518447 -0.0470472242837648 -6.3599855170957635 -0.911920200154694 0.055860680334640894 0.4065478236842194 97.14720325859497
0.4068871615898744 0.03273580545035616 0.9128916719824154 171.43677816980062 0.04088152312071557 0.9977037938761196 -0.053998525466249704 -6.404996913796106 -0.9125631697590402 0.05929170875185869 0.40461457521030975 97.49024291176545
0.4056753001390695 0.03701858320951148 0.9132673077222427 172.27767025637232 0.042296378507610706 0.9973487913455147 -0.059214903248948576 -6.47089503337628 -0.9130380973553168 0.06264992337426975 0.4030340182651853 97.86810093667556
0.4035032830515415 0.03530855287828145 0.9142966732195115 173.2339803428897 0.04305522510754651 0.997415516458861 -0.05751986715946199 -6.555287445922837 -0.9139646317870106 0.06257470432007844 0.4009402177653036 98.29111118869137
0.39842075390992354 0.03247058155983635 0.9166278220668467 174.22784682707638 0.04288161642312644 0.997620910559638 -0.053978567849640176 -6.6332052918793325 -0.916199797984472 0.060812664366267956 0.3960804842779912 98.72526993064491
0.3968913410651388 0.030061506908363126 0.9173731897052099 175.224859011173 0.042334792024770924 0.9978003150412182 -0.05101271104210235 -6.709190955789073 -0.9168887766636338 0.05908330649213924 0.39474565750901075 99.160793885908
0.3948260440615038 0.02997884868935864 0.9182666625561449 176.0759373203368 0.042039447418796984 0.9978311749137659 -0.05065206048065166 -6.77408616154319 -0.917793593239496 0.05860217574010301 0.3927094411992927 99.53250744189822
0.3925800806020308 0.030130785303805592 0.9192241381140271 176.83071288527674 0.04277041863446742 0.9977838102184854 -0.0509721429382177 -6.833778279930699 -0.9187227936675652 0.05932624918918821 0.3904213423377458 99.85812632806176
0.38846447173403503 0.03232786316817524 0.9208964455699533 177.57491378157107 0.04322573180988563 0.997644886642354 -0.05325613829282894 -6.895867429575317 -0.9204492872015803 0.06049454040940227 0.38615219832438935 100.16857846813103
0.3862912208681927 0.034147359166210735 0.9217445690331632 178.2894430168374 0.04405945762852594 0.9974906435283901 -0.05541823045531229 -6.954426183067988 -0.9213239695534037 0.06201914168457803 0.3838173643688716 100.46575711289375
0.38485294696924005 0.03645413653695163 0.922257721647498 179.06912607453532 0.044200279485382445 0.9973453690656867 -0.05786665790110736 -7.016311561532508 -0.9219189468182687 0.06303420287887351 0.38222002140772254 100.7861978174931
0.3840683873070926 0.03684459873334382 0.9225692111790339 179.87700575992415 0.04412806400770473 0.9973291160853456 -0.058200929334122804 -7.078933585519466 -0.9222495257999653 0.06306433027157671 0.3814167044180638 101.12352268367489
0.381776738757003 0.037285007077657896 0.9235022198085301 180.73996242560892 0.04325798383216451 0.997370192096276 -0.05815020853456707 -7.153440644833051 -0.9232417173085513 0.062149241065812134 0.3791598650386147 101.47875196966183
0.3775405822884494 0.03764572708937037 0.9252274898408541 181.5583960325566 0.042485467085892376 0.9974168371854742 -0.057919236747547925 -7.227953880650946 -0.9250178883739448 0.06117558443396827 0.37496593719612786 101.8084335893622
0.37394925437203014 0.03879015524010454 0.9266376201142752 182.30738995826258 0.04117511147929409 0.9974454742159231 -0.05837067894790664 -7.288747106995564 -0.926534708119059 0.05998207917887194 0.3713968023934904 102.11010797137313
0.36683249744276086 0.04244600451638128 0.9293181670022915 183.04470939577052 0.04079382326621937 0.9972637013856646 -0.06165203874883859 -7.348979858337452 -0.9293921577048254 0.06052641240945277 0.3640971993817169 102.39746457777815
0.36081255596022427 0.04515711562906037 0.9315444886689582 183.74933934854536 0.03989254113341501 0.9971657189869914 -0.06378960761029591 -7.40212879417044 -0.9317847844987429 0.06017776819740313 0.3579884796909127 102.66971978969173
0.3564174401047814 0.04694338788237949 0.9331467873401674 184.53381242524065 0.03988084159417927 0.997062431112789 -0.06539133686654772 -7.464696171357243 -0.9334752952611516 0.060521292101034886 0.3534982975058393 102.97093995304141
0.35210363085646096 0.04316103798706873 0.9349653244573152 185.53432313266234 0.03838218559726046 0.9974300270017405 -0.06049916581312693 -7.53243190584573 -0.9351736956129991 0.0571879885569126 0.34954211906198096 103.34892733357788
0.3457383273344933 0.03614501826255152 0.9376345485671609 186.411066407276 0.035600440356698265 0.9980330669384215 -0.05160044519088059 -7.597472091921383 -0.9376553832076878 0.05122045443265517 0.3437715046209568 103.6801134501243
0.3380630014996127 0.031209488111055984 0.9406058552172187 187.3577928442827 0.03380080776557239 0.9984025396553284 -0.04527553648698821 -7.651891882613884 -0.9405163009812575 0.04709922145466549 0.33646805335261304 104.017346712704
0.3342585359449496 0.02861312357124035 0.9420469841294712 188.2726764331762 0.03166716349172478 0.9986337109087142 -0.041568042930573 -7.705582081517226 -0.9419492671605656 0.04372642903538435 0.3328957456914798 104.34760019563785
0.32927663009758895 0.028480586217370988 0.943803876385495 189.03293662844993 0.03345617882115579 0.9985654687403758 -0.04180536733481961 -7.749648998651411 -0.9436406015905959 0.04534160173645436 0.3278514208932309 104.60881416846686
0.3222024896009449 0.029379421590279387 0.946214777564782 189.81010164887084 0.03781669093244525 0.9983210523936207 -0.043874528312135445 -7.785627243819715 -0.9459151407932279 0.04991919405111698 0.3205504959962067 104.8671399197414
0.31767803736619843 0.03529748485023164 0.9475414250249982 190.64559837245238 0.04099618797817328 0.997861119417496 -0.05091658792691128 -7.835782427901013 -0.9473119745608718 0.05502066809943567 0.31555149965651147 105.14432428635683
0.3152462623704296 0.03781554140146261 0.9482561778812649 191.52867942558373 0.040673846009825834 0.9977492424069275 -0.053311232654763785 -7.900489145611651 -0.948137876214342 0.05537539259378327 0.3129986159439707 105.44442174978816
0.30905815419707766 0.0369897590412207 0.9503235317776596 192.388961437184 0.0398015281212751 0.9978648367887136 -0.05178422404404871 -7.959934045891512 -0.9502099219033161 0.053828665473939614 0.3069260156614101 105.71859057879752
0.301160740277911 0.03490141207740038 0.9529344678152118 193.2321427897003 0.03797751815006147 0.9980981170438242 -0.04855776836648876 -8.023840928395753 -0.9528168326758412 0.050813779514766455 0.29926249878827527 105.98758433001446
0.29271530103276033 0.034238347062813645 0.9555864629282398 194.04819826604074 0.037107661385619946 0.9981991780704845 -0.04713196755811339 -8.08271825132954 -0.95547934253326 0.04925582696306282 0.29091766791034585 106.24022449003462
0.2858753269736685 0.03454004070853096 0.9576441317188495 194.8967022343726 0.035711124174371854 0.9982720136743225 -0.0466658582350759 -8.139306400264587 -0.9576011763975133 0.04753916598412949 0.2841478746350794 106.49442498442495
0.2781497204009357 0.03383518796999881 0.9599416196289824 195.74186539630796 0.03565181169646491 0.9983271068089875 -0.045518525164555276 -8.195711646040605 -0.9598758676847966 0.04688462291019599 0.27647811987737425 106.7405645197592
0.2714190328021501 0.032740079755572894 0.9619042550120784 196.52551155287387 0.035367881400284504 0.9984069495112845 -0.04396221255608559 -8.245625880735304 -0.9618112193138529 0.045952696821511464 0.2698287013214672 106.95542337388085
0.26430563027391596 0.030863147993771753 0.9639450191278648 197.31256366720427 0.03365968179151527 0.9985837324675193 -0.04120139649248583 -8.296554382961782 -0.9638514198916768 0.04333584367647197 0.2628924590505526 107.17293372632837
0.2587121201611899 0.028644603370406117 0.9655296606419977 198.05351376534918 0.0321352314552246 0.9987517051878548 -0.03824079344980885 -8.344486238153923 -0.965419787336587 0.040920875871661204 0.25746867020450265 107.3730267743097
0.25598180090295386 0.028669859702333496 0.9662563618166384 198.79847565921662 0.034337618785495815 0.9986596342522389 -0.03872806283983567 -8.38626837969621 -0.9660715530138658 0.0430926218723437 0.25465423695188105 107.57301908423034
0.25283482201919366 0.03197053307553101 0.9669810948459054 199.6115290405372 0.03435240003416295 0.9985270574456059 -0.04199557311088744 -8.43394685903655 -0.9668994081011815 0.04383606464870464 0.251364146309093 107.78781353872097
0.2512861418781094 0.036176316216441046 0.9672365527858322 200.29248366668853 0.03376331253163543 0.9983655144897479 -0.04611223486789204 -8.473651518274274 -0.9673237894453467 0.04424447561705953 0.24965398604962355 107.9650654669774
0.24659135120412934 0.037325751419714656 0.9684004821313718 200.984033332391 0.032629393629973795 0.9983717009215415 -0.0467896299447681 -8.5155662257606 -0.9685700946150786 0.04313623859334244 0.24497191009859937 108.1354343700448
0.2433747847622166 0.03411180257736706 0.96933229548327 201.86929218904902 0.03115627600771419 0.9985906980518059 -0.042963987591215974 -8.574880498152513 -0.9694317926534473 0.0406571357738066 0.24196899946768877 108.35433227018046
0.24136747868169633 0.029344863408343268 0.9699900098590627 202.7904845661184 0.02990286823863145 0.9988431538456863 -0.03765863097226899 -8.623591611727273 -0.9699729680284621 0.038095052265985314 0.2402107580582267 108.58640686684991
0.23740941691504455 0.025984165861956586 0.9710620947624898 203.70426612718342 0.02990291368313717 0.9989729580197009 -0.034041811036248065 -8.670251302077597 -0.9709493212899 0.03711943250949682 0.23638858520845607 108.80163973819215
0.23390305437940298 0.025949823552934504 0.9719135598444729 204.5548515707932 0.030832520504215158 0.9989429961648287 -0.034091730560247356 -8.715732418994826 -0.9717709178769158 0.037940704669350886 0.23285571948708902 109.00014902224906
0.231387681726565 0.02851220036492703 0.9724437233976855 205.22045350499002 0.03275109827045934 0.9987755738080831 -0.03707719954922939 -8.75179609369869 -0.9723101903751111 0.04042780719609835 0.2301705587125133 109.15155316455989
0.22543472315986074 0.03433547019391666 0.9736530496436591 205.84340830270446 0.03431772608873598 0.998478739720072 -0.04315669129017437 -8.786124483250866 -0.9736536752202681 0.04314257541662952 0.2239134630085583 109.2883987244956
0.22008132869330643 0.040291089636828474 0.9746490839560996 206.56831062903024 0.035728470972073885 0.9981432894974477 -0.04933001108060389 -8.836202141984689 -0.9748270026638505 0.04567933588715868 0.21823316235238324 109.44376923003746
0.21708626289750163 0.04198349103111839 0.9752491686446265 207.41086902417996 0.035295761088760993 0.9980837707474363 -0.05082318191283 -8.893928110585229 -0.9755141022611422 0.04545517628850962 0.2151884365811012 109.63292939602918
0.21299020636748248 0.03726037324990853 0.976343605795016 208.2876453964053 0.03530052266098513 0.9983267093620389 -0.045800158015285995 -8.951914620238618 -0.976416430162561 0.04422042468861389 0.21131850119892517 109.81184270570198
0.2116396702478733 0.027874992764839696 0.9769501700474444 209.22877123074753 0.03763596191766289 0.9986193324019514 -0.03664646399878365 -9.008046924889127 -0.9766228465215755 0.044524304951812955 0.2102983640465477 110.00761052127703
0.21102595396989013 0.0215681361186073 0.9772424787408017 210.0950963637666 0.03696984485409165 0.9988651119086116 -0.03002863272382355 -9.061374947898036 -0.9767810795273235 0.042465323690831634 0.2099890924816589 110.1872899268915
0.21063150254837357 0.020277699605406197 0.9773551990105372 210.87608517791824 0.03833851179528859 0.998844318972742 -0.028985944338646367 -9.09649006146734 -0.9768134564222272 0.04357569683428462 0.20961066289163227 110.35618542484806
0.20646302428971672 0.024225431937726503 0.9781544602201502 211.63040352062887 0.039441187421731555 0.9986748808470669 -0.03305866149531047 -9.13053451415691 -0.977659149364393 0.04540496462423733 0.2052339563804296 110.50896537881158
0.20180059106633055 0.027006212244803724 0.9790542303393958 212.38429859613612 0.04005261253632749 0.998556041997458 -0.03579970976678782 -9.162483902774971 -0.9786073317088396 0.046438082330776946 0.20042753013282769 110.65719469575184
0.19672958874881252 0.026481690567354752 0.9801000913046668 213.19369010224673 0.041010566530473906 0.9985380669882178 -0.035211677158057474 -9.202839954592578 -0.979599715365196 0.047121638767434124 0.19535595413577436 110.80870441037918
0.192581756922386 0.025500889908414093 0.980949525467322 213.96526547448434 0.041244780843167926 0.9985684982823059 -0.034056163780137844 -9.243339820203893 -0.9804137570199054 0.04701764405092468 0.19125429719097675 110.95548496524542
0.1875622042550357 0.02532173406151142 0.98192628507394 214.70216797321828 0.04200887776242676 0.9985462074446608 -0.03377463230037522 -9.28484372119952 -0.981354000207944 0.04758446576354661 0.18622579008790405 111.0883346514178
0.18198732586135133 0.026792484861295103 0.9829357944346055 215.47582400458265 0.042556659480628 0.9984774648970878 -0.03509533909985846 -9.324491211569116 -0.9823795315252062 0.04821737080805459 0.18057004511456032 111.22548654120438
0.17427284478019092 0.02893785142638475 0.9842721048201263 216.24500406809412 0.04345800969916493 0.9983681347056708 -0.03704684868253178 -9.366706144046042 -0.983737961535086 0.04923076638793656 0.17273087354508931 111.35315235456338
0.16432510649424023 0.030462106744473857 0.9859357582664006 217.04654063432093 0.04327672234346914 0.9983379685891358 -0.03805818934898297 -9.411679739023555 -0.9854564346935191 0.04892198407674226 0.16273369287007555 111.4857719945275
0.1539149196024982 0.03201448147684677 0.9875653246745363 217.86073542075763 0.04451873639117621 0.9982352880724481 -0.03929875006979745 -9.459897905770394 -0.9870806854730206 0.050013824315723536 0.15221805984647963 111.6108500043956
0.14186845729421202 0.03430030035838127 0.9892910745681891 218.4931532320289 0.045813679867276594 0.9981010341591463 -0.04117562807608599 -9.498294669086606 -0.9888247810213788 0.051164587419095596 0.14002763095994547 111.69439382850346
0.13103201500623332 0.03779964407059719 0.9906572555387354 219.16165053348928 0.047398766056203565 0.9978912158212294 -0.044344992537788695 -9.545767167041262 -0.9902443981259142 0.052766545224824 0.12896404027976582 111.77331609983463
0.12057086582392963 0.04119730570522274 0.9918495089060112 219.8242139518339 0.04835402997957497 0.9977087907252733 -0.04731867172952172 -9.586256052502979 -0.9915263758968803 0.05366517410893468 0.11830255698274399 111.84650179394801
0.11103422613254928 0.042682498159783616 0.9928995946106448 220.46746565074523 0.04983429303755871 0.9975813237893935 -0.0484566369452797 -9.633719213854683 -0.9925663422988872 0.05486079453890513 0.1086386181703697 111.9101175036896
0.10271834924095671 0.04235498648411887 0.9938083295329837 221.09963981548174 0.05134813398826729 0.9975352192142949 -0.04782107864749495 -9.679499746334665 -0.9933842709974496 0.055942305521108376 0.10029032150635052 111.96943450576295
0.09337205000797473 0.04209430908978317 0.9947410363604984 221.79190174437878 0.052714625566892964 0.9974954639127379 -0.04715896229617535 -9.73083388719521 -0.9942347954727038 0.05684073025360942 0.09091921059702318 112.03191701633672
0.08412109311942396 0.042667532877988024 0.9955416231029697 222.51530690260444 0.05381979010059328 0.9974299510976344 -0.04729611872973209 -9.777754441364001 -0.9950010411481587 0.057558442399656906 0.08160854013278313 112.09232177902435
0.07665229550870752 0.04449853610032161 0.9960644084988535 223.17887645395476 0.055291663314185335 0.9972766132730473 -0.04880766934191699 -9.824703652781947 -0.9955236097457433 0.058815277807449676 0.07398314358849553 112.140752036314
0.06727167921855974 0.04736141488924694 0.9966099626006154 223.87095289693494 0.057260086810179966 0.9970431378291774 -0.05124708544138145 -9.87177492878432 -0.9960902587785929 0.06051345046710019 0.06436084740709944 112.17842316196163
0.059138761555995095 0.048953961927503384 0.9970487031701206 224.5558244410068 0.05919576910311159 0.996867197978975 -0.05245617707987591 -9.921703755909379 -0.9964930846734021 0.06212325816588117 0.05605562409732854 112.21553936554209
0.04995556736705451 0.050443963736269956 0.9974767404865166 225.20456640837634 0.060705498901699434 0.9967238097729857 -0.0534461358258815 -9.971903614230676 -0.9969048518751074 0.06322225521283355 0.04672967744027206 112.24336918769252
0.0397717945555625 0.052201473579187065 0.9978442816962911 225.88044773251778 0.06188493714402558 0.9965885987290933 -0.05460237575288849 -10.024548589955948 -0.9972905589207732 0.06392316512298986 0.03640563209379584 112.27005017170109
0.027899402446845484 0.05392815519723271 0.9981549866729755 226.55028503373882 0.0641059666636753 0.9963916482400095 -0.05562470993785497 -10.073613009553094 -0.9975530303604029 0.0655395864693843 0.02434161506961632 112.2786670795002
0.016205444656457194 0.05555325407775373 0.9983242056190234 227.25018781513702 0.06646027028670573 0.9961873788209125 -0.0565131732548658 -10.117551177833452 -0.9976574642816551 0.06726471764074363 0.012451575153629784 112.28173003823989
0.004516327480630586 0.05616178370240434 0.9984114666997006 227.9524050391738 0.06670747737807685 0.996180774662891 -0.056338056887797555 -10.16907158071877 -0.9977623540943699 0.06685595144341053 0.0007526676924451416 112.28179373046049
-0.00934017822391543 0.05476882828956441 0.9984553753265736 228.70931034515218 0.0676001950612017 0.9962492388729233 -0.05401543920774364 -10.223027779897807 -0.9976687700326349 0.06699126430293838 -0.013007528922161409 112.27125904782052
-0.021048954272764896 0.051572810376079345 0.9984473880750709 229.465384546852 0.06788195420708008 0.9964377776169719 -0.050037941911862616 -10.28104409375802 -0.9974712937308262 0.06672331352428466 -0.024474836368994786 112.25140907030413
-0.02882145145732773 0.0479547252929646 0.9984336073359934 230.24345547490935 0.06834520017664264 0.9966055748990624 -0.04589402676733931 -10.340191936543308 -0.9972453346838505 0.06691541229180975 -0.032001094498619334 112.2228376438639
-0.03885336954084284 0.04606192229880979 0.9981827062163804 231.11221677123186 0.06892248424278487 0.9966814655160408 -0.04330990028386102 -10.39255093843039 -0.9968651397461562 0.06711449628011296 -0.041899135408035894 112.18111017920373
-0.05074975101374946 0.041991817323484025 0.9978282167036117 232.03301546360055 0.06924154525716594 0.9968594629563298 -0.03842940963397337 -10.448252278078408 -0.9963082209750358 0.0671408846552308 -0.05349794786036867 112.12978093835757
-0.05969228927294211 0.038308315726190305 0.9974814803030551 232.93381719241543 0.06881392591566717 0.9970440394553757 -0.03417348367636009 -10.505910572596362 -0.9958420930054257 0.06660072321475102 -0.06215198682136932 112.07243996096291
-0.06884109979318637 0.040868988575025564 0.9967901628487886 233.7505766194123 0.06916449879750607 0.9969519243574188 -0.03609892832380101 -10.556440663367859 -0.9952271977218834 0.06645740209255509 -0.07145795002485121 112.00998056271762
-0.07433102890700623 0.05165827630972076 0.9958947337095071 234.5950455587418 0.06989466673095455 0.9964713453072002 -0.0464714271808511 -10.611050355390608 -0.9947811989096866 0.06615346151460907 -0.07767937837959668 111.94643266535996
-0.07954625790107116 0.06228080381327014 0.9948836586909572 235.46542956638459 0.07313821312200354 0.9957209439234987 -0.05648542832815158 -10.666410778348384 -0.9941444536058408 0.06827080861149427 -0.08376098170554161 111.86983734067795
-0.08476737403008519 0.0694534789486636 0.9939772163193513 236.2841998338512 0.0769452561715138 0.9950450716081897 -0.06296612598016654 -10.724457861852722 -0.9934253468946433 0.0711443583861545 -0.08969147349151245 111.79058171738787
-0.09303693784397779 0.07252891727611584 0.9930174642751081 237.16803468726184 0.07723933359335604 0.9948634975903069 -0.06542710836062385 -10.792503576706002 -0.9926621850068978 0.0706128693733151 -0.09816113862520698 111.70116266257945
-0.10063429157105416 0.07027275274201879 0.9924386528053242 238.0040586576741 0.07596046914839209 0.9951336843392501 -0.06276111391732654 -10.865857777775897 -0.9920195292869729 0.06907018543081031 -0.10548252460860656 111.60670939728274
-0.10521655964707118 0.0679719214142568 0.9921236281206511 238.75763082595896 0.07445433474612427 0.9953996285480006 -0.06030034431089199 -10.935855473310871 -0.9916582211697462 0.06752330994370842 -0.10979332858010793 111.51983683276148
-0.1080881974607671 0.06957899978220387 0.9917034356898162 239.3795653481353 0.07364473137240313 0.9953672985568808 -0.06180933994681548 -10.990195234925356 -0.9914098018028504 0.06635287298137475 -0.11271158386052779 111.44960293815501
-0.10661893767892952 0.07554375584977961 0.9914260149301716 239.99816778938737 0.07448501922932163 0.9949146821406805 -0.06779938916622658 -11.041560152492115 -0.9915061190121939 0.06661768693834018 -0.11170362459813563 111.38367156793262
-0.10478921599372834 0.07872289225808442 0.9913737571904641 240.77138917601465 0.07381780726846408 0.9947278007345436 -0.07118661233610794 -11.109894062629426 -0.9917510532091681 0.06572144764334859 -0.11004789765446221 111.30522832383186
-0.10827977831558426 0.07651703989930322 0.9911713435188548 241.65426249559275 0.07285997041150453 0.9949628505196543 -0.06885020550031781 -11.187847381759516 -0.9914468792222613 0.06476162977295814 -0.11330938614954954 111.20704521958649
-0.11433363498100997 0.07334341124001004 0.9907313278279348 242.5090555175097 0.07223479549457754 0.9952450112474533 -0.06534142565715714 -11.26442449351024 -0.990812774560302 0.06409455214549793 -0.11908792614443478 111.10309937187468
-0.11802532271308923 0.07233710638460922 0.9903723371734329 243.15910403256964 0.07115490507658456 0.9953955100081961 -0.06422427998087718 -11.32197799694561 -0.9904579762322133 0.062889758271292 -0.12262901623418952 111.02512367731434
-0.12114441258243117 0.07403707974744757 0.9898699622286365 243.81814442628095 0.07050385985137535 0.9953377638963994 -0.06581748633736881 -11.378085357927027 -0.9901278892376041 0.06181623236806129 -0.12579950862265948 110.94391046271997
-0.1229317606818255 0.0760807028030043 0.9894945724341601 244.63510427397816 0.07053220133444418 0.9952055980927681 -0.06775711106392657 -11.447729458737667 -0.9899055463985345 0.061461729440463506 -0.1277085158617212 110.83725639666253
-0.1233736159060871 0.07710433071079795 0.9893603353095834 245.3946822995894 0.0706200756698314 0.9951314249767186 -0.06874774131700043 -11.51170931117344 -0.9898443088741996 0.061387044312637966 -0.12821807587042355 110.73330746276963
-0.12421076850652885 0.07791624261511329 0.9891919652543455 246.17555105409878 0.07102557513701609 0.9950531453890239 -0.06945938041663051 -11.57714747771267 -0.9897105903563277 0.061630325231568174 -0.12913036183786367 110.6269546433493
-0.12498329461312539 0.07748856900555932 0.9891282514118752 246.98362076847036 0.07068071799044119 0.9951078566131502 -0.0690260082225129 -11.64967362450066 -0.9896380207793161 0.061285197072778665 -0.12984880610828234 110.52027424787926
-0.12506453051086727 0.07747210837952077 0.989119272702399 247.804263908275 0.0706570096687981 0.99511082396738 -0.06900749964766068 -11.722999793077818 -0.9896294509526066 0.061257819469764455 -0.12992701551659713 110.41548945130855
-0.12492496249576954 0.07678853506422868 0.9891902115509003 248.6919267153746 0.06970547829134964 0.9952162101705154 -0.06845320525736596 -11.800519750772255 -0.9897145548296248 0.060400462717785215 -0.12967992929467814 110.30346967021613
-0.12463868741446878 0.07473635733667225 0.9893834820187967 249.573792319426 0.0693569640593231 0.995376200708808 -0.0664517162981474 -11.878445548598698 -0.9897751305908177 0.06033817990742588 -0.12924586998967139 110.19415661547932
-0.12403033348853135 0.07349237991688322 0.9895531044208141 250.412289638166 0.06885935420838506 0.9954868181671677 -0.0653022525906198 -11.95164203003927 -0.9898862892841407 0.06004052755895304 -0.12853119986102507 110.0970967082486
-0.12195421592110793 0.07429723733874008 0.9897510241181329 251.24898585984442 0.06871700546936364 0.9954335853512267 -0.06625670014513002 -12.030024628641566 -0.9901541003189295 0.05993244262191475 -0.12650280606761136 109.99320642061285
-0.11881500460924188 0.07484004026521933 0.9900918962666045 252.0770461131432 0.06780436689165274 0.9954391791498607 -0.06710743955680554 -12.099765069317401 -0.9905985879810882 0.05915918345065677 -0.12334759220724005 109.89840112753477
-0.11811381860603119 0.07508318159391425 0.9901573822862865 252.91265899160993 0.06750866624768419 0.9954374387880726 -0.06743059721296644 -12.176763165999798 -0.9907026323956942 0.05887971892573689 -0.12264368252570491 109.79861428699105
-0.11809308676238121 0.0744800382281994 0.9902054063498404 253.81948056196887 0.06734148760892385 0.9954881789043293 -0.06684616449995551 -12.259079452971159 -0.9907164815957931 0.05878783519797153 -0.12257586845373072 109.6860266320236
-0.11834162640690546 0.07377656799767411 0.9902283966206217 254.68027490671847 0.06715733947128522 0.9955473253672013 -0.06614691761031996 -12.335153462150192 -0.9906993243232302 0.05867317077414869 -0.12276932767104587 109.58068806293092
-0.11745931565148345 0.07358382510047563 0.9903477822715926 255.50589817408184 0.06739452074105125 0.9955426032827551 -0.06597653842901045 -12.408941182881401 -0.9907882153824634 0.058994455100231595 -0.12189489951042902 109.48054492287257
-0.1175305663620778 0.07561769613522708 0.9901861087703686 256.3379119299512 0.0655114594089065 0.9955151215551555 -0.06824874680999848 -12.490071556167285 -0.9909060574326521 0.056847223205891896 -0.12195728168934852 109.38034356594888
-0.11698327974306316 0.08184620179342592 0.9897555817031498 257.212296785616 0.06583966774165126 0.9950450383417518 -0.0745017437589661 -12.569667734757237 -0.9909490654984358 0.05644972031327901 -0.12179235880927589 109.27768620260578
-0.11676569252254553 0.08489196326865357 0.9895246978333178 258.0459199712998 0.06620719640141545 0.9947891962651169 -0.07753103984123846 -12.645698602227483 -0.9909502410284753 0.05646069045444646 -0.12177770830087271 109.1770853828478
-0.11655979650109932 0.0856679945792648 0.9894820910680416 258.9175244487096 0.06597801807918685 0.9947401701550197 -0.0783511008876161 -12.726821298164886 -0.9909897653204917 0.056151478918421205 -0.12159891629989682 109.06767253566325
-0.11745508180859611 0.08242073772237835 0.9896520225567315 259.8378909510413 0.06538630584437972 0.9950293321025148 -0.0751083168739953 -12.812571996357933 -0.9909232739043721 0.05588783632346235 -0.1222604391686889 108.95042052449833
-0.11969625333598646 0.07833783080999404 0.9897151060791719 260.83838723984803 0.06507253787882787 0.9953575687293507 -0.07091456258907791 -12.905127843843944 -0.9906757147277477 0.055915066280712106 -0.12423821316924892 108.82165937563545
-0.12435984491977009 0.07548623475319842 0.9893616413295546 261.7426623189017 0.06504456817080399 0.995577448140216 -0.06778457719927859 -12.991438034671193 -0.9901029406698086 0.05592292121658426 -0.1287198265986999 108.70685076470285
-0.12798117872293252 0.07499604401625311 0.9889370107719679 262.5337303566937 0.065718850570547 0.9955865821106902 -0.06699544910540997 -13.064304925686987 -0.9895968121272285 0.05641764708902376 -0.13234499810934855 108.60115781815882
-0.1311788004250681 0.07646361091667475 0.988405503082929 263.36996931493496 0.06696030134001374 0.9954275361146238 -0.06812002928081615 -13.14188133434953 -0.9890947580305401 0.0572480266065828 -0.13569901652612412 108.48515046575667
-0.13503155370579956 0.07812946370057589 0.9877561776094609 264.20312392054524 0.06805228250479378 0.9952636463558694 -0.06942017781814055 -13.219286988696659 -0.9885015763010618 0.05784514797521786 -0.13970888485003263 108.36210119186057
-0.1390602351561699 0.07919588480742752 0.9871120822013445 264.9805018780031 0.06953211534066935 0.9951177285039895 -0.07004278230701359 -13.285298143754758 -0.9878398331382274 0.05889582537518642 -0.14388796273077534 108.23731101637676
-0.14399282765215407 0.07927617446566766 0.98639817201109 265.7228544425551 0.07020070374287796 0.9950929510988125 -0.06972718169735652 -13.352061000825017 -0.987085572166233 0.05920563178904901 -0.1488514910429783 108.12277369812689
-0.14796132991385175 0.07885199938074577 0.9858447175107132 266.55927771039615 0.07032223009470358 0.995132250236639 -0.0690404844527251 -13.428390426573035 -0.9864898523576564 0.05911147716491459 -0.15278613962905774 107.99158684846888
-0.15406355116052636 0.07891369707391976 0.9849045896014132 267.3575429104085 0.07104440002668355 0.9951101564570229 -0.06861829013407389 -13.502757135487153 -0.985503483214877 0.059400378199140645 -0.15891658076218051 107.85571194991319
-0.1574835755101968 0.07842034161971757 0.9844029527915718 268.20310465014956 0.0710781014397177 0.9951566086787237 -0.06790602107900792 -13.577004744198474 -0.984960317444438 0.059275409937884 -0.16229478992391128 107.71736145181603
-0.16352628598749508 0.07729483635117079 0.9835063101295163 269.0855526308925 0.07177197368609736 0.9952163176772594 -0.06628170805067278 -13.653806818460776 -0.9839247621563028 0.05974938746429238 -0.16829163114458126 107.56467458723252
-0.16850119943342232 0.07744665249697087 0.9826542432648961 269.9218840914048 0.07110045669816487 0.9952667156100581 -0.06624869701417448 -13.723027725713711 -0.9831338010905785 0.05870418056473395 -0.17321012769873692 107.41655641324135
-0.17228081773109394 0.07979139386204342 0.9818109050664758 270.74494012557 0.06969073010393854 0.9952036180077386 -0.06865100758097523 -13.790001366437147 -0.982579524506533 0.056595867073977464 -0.17701521361357378 107.26295392870523
-0.1760364757802839 0.08341451015901466 0.980843095856714 271.5517998925119 0.07021983231151972 0.9949290281795435 -0.07200974958883419 -13.856327902138148 -0.9818759261459656 0.05619829517553124 -0.1810011526879438 107.1048813330098
-0.18116596124271073 0.08550988747970079 0.9797279998194437 272.39399307126297 0.06973691031865357 0.9948220121100299 -0.073931911652246 -13.927670822458825 -0.9809768895474609 0.0549292578190921 -0.18619108144385185 106.94219023330425
-0.18225946523036288 0.08465847088915238 0.9795991173131214 273.2741271592748 0.06965949896703265 0.9948947971575435 -0.07301983834895677 -14.002771611452536 -0.9807798129741467 0.05492982701189111 -0.18722626035585838 106.77279065257689
-0.1847241733165878 0.08252899317718176 0.9793191232063521 274.1334523921201 0.06938964770048109 0.9950763443837788 -0.07076825305046171 -14.078443288515944 -0.980337725778471 0.0548820019038272 -0.18954131286482648 106.60545381440058
-0.1870615910270106 0.08075997320624989 0.9790228740382747 275.01849818204465 0.06956865912380887 0.995201723864962 -0.06880211104260614 -14.158025039855282 -0.979881708590459 0.05523907624073348 -0.19178238090583766 106.43622499162592
-0.19036787265610383 0.07954449728294824 0.9784849237532416 275.78450957366107 0.06906721706331852 0.9953274109929529 -0.06747639923106481 -14.22911034732233 -0.9792802421102532 0.05473589204593807 -0.19497227888707058 106.28679073264576
-0.19309146608699454 0.08000058157360347 0.977913898394053 276.5893516069054 0.06899533115627929 0.995310375557354 -0.06780044680169743 -14.299003131233361 -0.9787519246484311 0.05437980558773277 -0.19770560624633304 106.12748071844031
-0.197472504754064 0.08237569611144809 0.9768412637457042 277.34390886850247 0.06957911906719703 0.9951278481815159 -0.0698520720054496 -14.365057171843349 -0.9778360578624552 0.05417389097873628 -0.20224201709890827 105.96795699654542
-0.20366506514134083 0.0858118303274375 0.9752727162270163 278.06527216446455 0.07157592333504706 0.9947907978949305 -0.07258206129822135 -14.42669786961898 -0.9764207230695723 0.05502361492503305 -0.2087461936440349 105.81000118275051
-0.20636057781396386 0.08436499835777064 0.9748322209366979 278.8433016465092 0.07221316299789686 0.9948722674385874 -0.0708126441494703 -14.497845347007981 -0.9758076506228696 0.05578277990288432 -0.21139467933744294 105.645010399772
-0.21236251895626151 0.08166009255464197 0.9737729662639611 279.67639815408353 0.07205428704248622 0.9950980840156278 -0.06773465071307395 -14.574789823446254 -0.9745308308418718 0.055780215779345825 -0.21720549547895712 105.46351076360676
-0.217555518006043 0.08356971138228834 0.9724637267911839 280.4631406637664 0.07186868908813294 0.9949948113722092 -0.06942778169531023 -14.648189091688906 -0.9733984220831027 0.05478529621950899 -0.22247265720592543 105.28696268930202
-0.22247821169036783 0.09265428181681604 0.9705249246588471 281.35792698492 0.0726150904845433 0.9942835754268384 -0.07827656271414025 -14.72332195764776 -0.9722296508320326 0.053059925531695924 -0.22793453083197718 105.08015760207728
-0.22897068824304154 0.10377684640366927 0.9678857319312092 282.1740453352388 0.07561155552670204 0.9931930302621004 -0.08860303216942572 -14.805114746343769 -0.9704923063045576 0.052895848507165506 -0.2352588204815429 104.88987997826166
-0.23495186213157251 0.11032430208254433 0.9657257223719894 283.15964210890013 0.07749645822009125 0.9925011697912146 -0.09452897400484578 -14.904081734333484 -0.9689127522353324 0.0526305646280428 -0.24173974067721135 104.64442464998892
-0.23668415118181643 0.1072759749008412 0.9656461452252639 284.1459919021414 0.07598682250996516 0.9928853252753548 -0.09167733448180095 -15.013112873901564 -0.9686106624357282 0.05167781015022767 -0.24315178089805364 104.4027546078381
-0.2404762247798157 0.10093151829673981 0.9653931913629579 285.09211127840723 0.0754090985681542 0.9935157641224146 -0.08508756838333573 -15.115452185057075 -0.9677213716606572 0.052337893103995274 -0.24652807502726537 104.16303776646696
-0.24433319703017659 0.09719439762124282 0.9648080316311898 286.0333839125012 0.07600846422317101 0.993822418118838 -0.08086850196990433 -15.214582821664806 -0.9667078163516863 0.05357471712911949 -0.25021140559352445 103.9175705190296
-0.24885101690008826 0.09589843587876862 0.9637824761759225 286.92334326111353 0.07522447906421169 0.9939939563628856 -0.079481396965407 -15.297910701801332 -0.9656160982177693 0.05272100824206865 -0.2545703167155 103.69178798767236
-0.2537145163817978 0.09439799965222723 0.9626619146090718 287.8377100472525 0.07394899231152169 0.9942068652716964 -0.07800163833365499 -15.389007496492109 -0.9644482830682317 0.0513977305752098 -0.25922535095637816 103.44676237748232
-0.2578010158748738 0.09165452738195755 0.9618409867666633 288.79528409489967 0.07207105203974921 0.99454137122044 -0.07545345842867622 -15.484201529569127 -0.9635063049465561 0.04986891357703859 -0.26299941404284405 103.18274689562193
-0.2615862255533878 0.08993541274986062 0.9609808885374566 289.7224126330923 0.07163945839894403 0.994712064597137 -0.07359141624675974 -15.578160558104745 -0.9625177580704871 0.049593649577441216 -0.2666458987506692 102.93090929757872
-0.26616677588572 0.09127609887668868 0.9595957071540331 290.3885087586168 0.07140156232506514 0.994638684803737 -0.07480443562669817 -15.644736605412085 -0.9612788691696803 0.048606177238514486 -0.27125702796815726 102.748376414908
-0.26907307638179573 0.09556656892917519 0.9583666889398527 291.0133928504592 0.07159185634100149 0.99429665437674 -0.07904915686373666 -15.709948524002671 -0.9604552491772245 0.04734125049387038 -0.2743802477030574 102.57190171226931
-0.2721221868102783 0.0980362621087199 0.9572556642597303 291.6204137412147 0.07184893181056885 0.9940897341955164 -0.08138385199021095 -15.77817954190462 -0.9595765974862408 0.04663144517205786 -0.27755767306614565 102.39681334640527
-0.27487847995482334 0.09688821144248791 0.9565848084415709 292.3627862685132 0.07210584171507821 0.9941853324875535 -0.07997669821373038 -15.859790596351532 -0.958771385080033 0.04699147954774041 -0.2802663590258893 102.17804414095694
-0.2755676566709343 0.09479327497550795 0.9565964152223774 293.0579433740817 0.07241976027534296 0.9943452359832898 -0.07767193829817033 -15.935944237369862 -0.9585498656400464 0.04787260904474074 -0.2808742928512642 101.97292476013263
-0.27639817274781275 0.09389333369436675 0.9564455509799937 293.7830141758332 0.07223385489145034 0.994430513217886 -0.07674779859207631 -16.015164189094946 -0.9583247467895161 0.04787479784779502 -0.28164105421944763 101.76007204457325
-0.2783247241203227 0.09552886837794525 0.9557246377747988 294.3270666321591 0.07173759973764651 0.994329947515463 -0.07849632002695835 -16.076219664163602 -0.9578042935418625 0.04671392490813189 -0.28359962004990447 101.60142879835165
-0.2805437625551109 0.09824930647182255 0.9547995973340281 294.82770392774717 0.07149362861021047 0.9941231015057409 -0.0812891144049964 -16.132057735901213 -0.9571749361321396 0.045456933799026884 -0.2859192347674851 101.4552513813493
-0.28206565376621295 0.10030609960902298 0.9541371250227391 295.43706311210747 0.07161947651088629 0.9939459980775827 -0.08331868631862353 -16.198109139067938 -0.9567181494827741 0.044833461686326015 -0.2875418981009124 101.27179239242223
-0.2826647691408003 0.10044252548977657 0.9539454530316752 296.0867497150216 0.07139886371352552 0.9939468184337507 -0.08349805019183894 -16.263796472167485 -0.9565578030349206 0.04450866430996278 -0.2881252301592969 101.08149300300273
-0.2835959918801171 0.09917500809838908 0.9538016728640243 296.8040693116078 0.07102313283118739 0.9940781673743653 -0.0822454360585653 -16.339624608354935 -0.9563101107864407 0.04441750688978873 -0.2889603036566091 100.86906946714836
-0.2842541524159391 0.09842783874165327 0.9536831430799947 297.4683682270557 0.07129225980899902 0.9941323204930628 -0.08135319933721964 -16.41415047690606 -0.9560946556307178 0.04486524168799543 -0.28960338320305534 100.67320774471315
-0.2833572306109893 0.09838671987482236 0.9539542615936775 298.16204217771894 0.07068062735335488 0.994160782646497 -0.0815388690419335 -16.492929654530027 -0.9564062571822737 0.04432145755697311 -0.28865668123675714 100.46896560751675
-0.282098855219441 0.0996700380171923 0.9541939631990589 298.8167534143886 0.07047191091184597 0.99405474016008 -0.08299929721211789 -16.569077575595237 -0.956793575258693 0.043829865239628694 -0.28744564226434616 100.2743151735352
-0.2831775637705068 0.10190191325667994 0.9536385412993873 299.51272829562953 0.06927901952466851 0.9939151312746958 -0.08563369241660423 -16.648880661983117 -0.9565620130606796 0.04181760272694972 -0.2885141301071233 100.07077927566229
-0.28164176159617216 0.10440489492957555 0.9538225914915961 300.2220255368975 0.06819557468328306 0.9937268162828045 -0.08863621265631318 -16.729819374923714 -0.9570931416108991 0.04008282069893073 -0.28699492289271583 99.86295144669279
-0.28136975638901995 0.10560363734196024 0.9537709011967844 300.9388267576411 0.06645971358400524 0.9936840104429517 -0.09041677864390421 -16.814737895872366 -0.9572952348465517 0.03794679393778154 -0.28661101543717443 99.64838379005009
-0.28074530641343987 0.10583609560020457 0.9539291345770521 301.6437148992178 0.06514410654944193 0.9937107818065406 -0.09107759056599048 -16.901020609227988 -0.9575689626907807 0.03657325511265754 -0.28587423581317367 99.43567809002447
-0.2789161922765621 0.10643483338623105 0.9543989647563457 302.3654677875694 0.06366492567718235 0.9937020016406485 -0.09221230489411188 -16.990165018869043 -0.9582027629497119 0.03504223419548138 -0.28393574431220636 99.2219083727751
-0.2748692401531353 0.10614409607239227 0.9556046942573104 303.1193125834626 0.062439308251169716 0.9937602627331761 -0.09242225380070035 -17.08515134587399 -0.9594520486208532 0.03426326139555821 -0.27978169224555505 99.00405598176218
-0.2716788810847839 0.10528190756265281 0.9566118886531171 304.0171424283779 0.060607587577361295 0.9938968275114143 -0.09217275405885991 -17.18933791429324 -0.960477644664659 0.03293654812987469 -0.2764016604449336 98.74792280489832
-0.2656022566055007 0.10334753539298375 0.9585273747860602 304.85454112362464 0.05878218394654489 0.9941239013052077 -0.09089732506616813 -17.28333844990631 -0.9622889878495642 0.032201797805494904 -0.2701165453680206 98.51638930148077
-0.25975849063265033 0.10171395027769292 0.9603019310941477 305.65907655849514 0.05674730189601868 0.994326671514508 -0.08996785004877321 -17.374886681904623 -0.9640048082202538 0.03112463066099532 -0.2640567876318414 98.30306864013103
-0.2547513764024928 0.10092549736608479 0.961725418299027 306.43877062837356 0.05528692757392151 0.9944319793161364 -0.08971284274184943 -17.460326141226062 -0.9654248245515907 0.03031637337803108 -0.2589127761326826 98.10006829530292
-0.24791823278500108 0.10049802287483237 0.9635542004739569 307.10877643112656 0.053672987133755935 0.9945020444314412 -0.08991603902430144 -17.53671946826318 -0.9672930064385351 0.029425006710783106 -0.2519492184452432 97.93268108758444
-0.24118734923223403 0.10086288678992655 0.9652229486697494 307.7829959969005 0.05165412194790633 0.9945088949706737 -0.09101598491472071 -17.616732909954706 -0.9691029430644186 0.027905839758162406 -0.24507294802012064 97.76670273316375
-0.2346376885981192 0.10086049869841068 0.9668362399556788 308.4551794488729 0.050791660185884775 0.9945161091273244 -0.09142163825816041 -17.695260199365233 -0.9707550475505611 0.027656255866479167 -0.23847383329529961 97.60789588153362
-0.22761831238146646 0.09965206590784283 0.9686378939670423 309.1874357547237 0.05027699544688865 0.9946255357734908 -0.0905111447067496 -17.78234518884018 -0.9724516068151899 0.02809820897479967 -0.23140519236819637 97.43958844790154
-0.22389389154233763 0.09717954785656396 0.9697564956257921 310.0290689529965 0.04938459414205866 0.9948694702830236 -0.08829438804474868 -17.879245940258745 -0.9733615398152172 0.02812245681241672 -0.22754436980813614 97.24886005335338
-0.217351131317145 0.09621712516295519 0.9713396679537643 310.9299744470517 0.04811350842731653 0.9949761747130472 -0.08779238042224047 -17.98803138864143 -0.9749069576231214 0.02765278609408106 -0.22088854066986682 97.05176662106427
-0.21243030440157107 0.09722938709838945 0.9723270088073884 311.75076633828985 0.047262703856786575 0.9948953041931432 -0.08916036405587505 -18.08755012614134 -0.9760325827532608 0.027014440192274197 -0.2159412360460517 96.87521745902876
-0.2069946333825971 0.09906012936808345 0.9733140872916501 312.4084750064386 0.046624028322361136 0.9947291595000809 -0.09132414370392389 -18.166703372683372 -0.977230485470955 0.026476215927465567 -0.21052217996297315 96.73692292084107
-0.2024386462351692 0.10081208914247403 0.9740921502574572 313.0759616160681 0.04544309407855547 0.9945827287864567 -0.09348861321171312 -18.250984707402733 -0.9782400113014382 0.025340052928349403 -0.20592319443556859 96.60002820670212
-0.198781708303857 0.10221203263257587 0.9746992012046138 313.69020545828386 0.045295202953222466 0.9944419707429895 -0.09504478636001958 -18.32318311247011 -0.9789965153325241 0.025256033138886917 -0.20230658851570024 96.47945501955164
-0.1953132949757772 0.10307718416456335 0.9753090848087107 314.3789751849323 0.04559464909912852 0.9943405926541388 -0.09595787499595836 -18.402635429879403 -0.9796804809626611 0.025727026740710902 -0.1989077055215571 96.34696493988658
-0.19163144538692833 0.1039160086002386 0.9759502304398042 315.09062344133616 0.04553148182339967 0.9942497584297089 -0.09692420763373619 -18.486517421982903 -0.9804102576482362 0.025862734175976974 -0.19526096814023208 96.2134935512967
-0.18952495394701388 0.10466326005392561 0.9762816672591277 315.7217049208255 0.0454616021125274 0.9941715445672259 -0.0977557297869317 -18.562231424041197 -0.9808228864401277 0.025856178520764293 -0.1931784756839073 96.09541831137228
-0.1859332734228901 0.10558039394996786 0.9768733788202101 316.34538562129063 0.046508401789501067 0.9940413559387834 -0.09858372708702158 -18.636165955591753 -0.9814610468058497 0.027102824516118985 -0.18973573861034573 95.98311244974504
-0.17981813374841177 0.10752808159047662 0.9778052722524592 316.9598398026243 0.04782319260930212 0.9937879552708607 -0.10049100560355011 -18.710812455943035 -0.9825367072144895 0.028691664783188825 -0.18384343161526695 95.8722938399736
-0.17441734870422557 0.10968434567790751 0.9785437817411102 317.59761221419865 0.04849137613120146 0.9935275777989597 -0.10272068240540437 -18.78910320842094 -0.9834770840807073 0.02953466549901701 -0.1786071908461984 95.75590980509341
-0.1701766164230576 0.11052990238136924 0.979195108189558 318.27163971769454 0.04867298675889049 0.9934194071835021 -0.10367652478331764 -18.87504196088602 -0.9842107800581987 0.03001703034515437 -0.1744365738785584 95.63872843798765
-0.1652165534155456 0.11110176344391028 0.9799795348052617 319.0127324923025 0.04968353645624579 0.9933107340074366 -0.1042369028262347 -18.972442193185728 -0.9850050947496103 0.03146718712021032 -0.16963130445779362 95.51152889281957
-0.1591121544082572 0.11167841956683945 0.980923673341923 319.67840912963567 0.05029469791339292 0.9932081706740826 -0.1049188880423389 -19.062383002882942 -0.9859785827701144 0.03264138951229241 -0.16364832418739705 95.40171561801758
-0.14997151646583262 0.11229205089622897 0.9822927463615174 320.36556889345974 0.05102795124674221 0.993084214894532 -0.10573500044388498 -19.150797602280726 -0.9873726208683821 0.03426714801127907 -0.1546643789845437 95.29328788313269
-0.14086496288761644 0.11290550060912877 0.9835697281651503 320.9679199876384 0.05160288906665286 0.9929627464862881 -0.10659327338242172 -19.22796077512833 -0.9886830655324509 0.03573978207273975 -0.14569991045552486 95.20549242452864
-0.1343003780406974 0.11417264700482889 0.9843414118759972 321.5326878128881 0.051792087575597896 0.9927914719511085 -0.10808641397377465 -19.30229659152487 -0.9895862711874526 0.036465050350428053 -0.13924550973102665 95.12486251091308
-0.13098151552936918 0.11559585164305898 0.9846224868814145 322.0929860417414 0.0524332001523446 0.9925966082614665 -0.10955698421193909 -19.37639370318695 -0.9899972737898896 0.03727696810024553 -0.13607286848538006 95.04961277599942
-0.12766325831529438 0.11704315164420524 0.984887299709723 322.64007384947183 0.053378318768189846 0.9923842053495918 -0.11101506230299865 -19.450182789209013 -0.9903801530532624 0.03839908365897109 -0.13293856781366142 94.9767743629456
-0.1256839345349457 0.1188149299435563 0.9849297239002989 323.1704960684984 0.05389263613940254 0.9921540385128058 -0.11280934195656639 -19.52136935532069 -0.9906054372805355 0.0389021372836416 -0.13110107301240256 94.91081229392024
-0.12428357610703214 0.12062695360249084 0.9848871665194068 323.70308535732266 0.05472567960716725 0.9919054245277225 -0.11458066496582242 -19.597611283877736 -0.9907364395749156 0.039658124729477676 -0.1298789453351082 94.84508650647344
-0.12255477080575032 0.12240395018564047 0.9848845623379913 324.2408100184225 0.0551757227791765 0.9916708014069513 -0.11638153312569768 -19.677549628703275 -0.9909268226102997 0.04007860546280985 -0.12828771420370313 94.77502280223999
-0.12244682487411089 0.12427072098571333 0.9846641879259825 324.77292871775427 0.05601342592230515 0.9914138390579564 -0.11815708121313796 -19.75827789548885 -0.9908931684065108 0.040686455117797574 -0.1283563055531447 94.70308389556294
-0.12186058988989977 0.12525650221489298 0.9846120074854718 325.32089273336413 0.0569554670185101 0.9912530650395728 -0.11905223990481154 -19.841376168358767 -0.990911737446069 0.041571260535853624 -0.12792872581664827 94.6333939702102
-0.12266102071938623 0.12522961571482588 0.9845160320401035 325.9412122257457 0.05782320156039497 0.991223663698611 -0.11887861828439043 -19.935143566242928 -0.9907627119332775 0.04234609629962157 -0.12882568366129088 94.55537269866676
-0.12409397137303903 0.1253192726917344 0.984325030749943 326.5627576070371 0.05970105289883814 0.991138506250362 -0.11866021115170716 -20.028948787833105 -0.9904728520013233 0.04404022388467414 -0.13047600594956274 94.46976972951481
-0.12513765441638014 0.1272831514663977 0.9839408350098816 327.10914849275173 0.0612716972813156 0.9908349247165963 -0.12038243673443594 -20.11320186084208 -0.9902455991113677 0.045223349219574806 -0.13178961311852688 94.39669737964257
-0.12423542243170446 0.13078026520734254 0.9835965036769434 327.6456089792646 0.062292983707266956 0.9903487614163277 -0.1238099953234327 -20.200199578529144 -0.9902954831736133 0.045889573907798596 -0.13118308965906628 94.32830408698099
-0.1275574700827859 0.1370861552624768 0.9823118027700907 328.1775300573497 0.06424908234728395 0.9894641266048544 -0.12974127168954813 -20.281397318308436 -0.9897480220963359 0.04656316352484242 -0.1350212004055205 94.25046133555978
-0.1280479898352484 0.14319889905758887 0.9813754570029966 328.73918462242693 0.06610137974585964 0.9885531977773425 -0.13562146865404484 -20.36686443885069 -0.9895626912403496 0.04750421531696709 -0.1360478946263907 94.1685681806726
-0.13101967020511157 0.1462611198342186 0.9805312492950836 329.3377111087005 0.06649370846815861 0.9881264181552607 -0.13850909167921813 -20.463705735510494 -0.9891473261114809 0.04705174352232599 -0.13918944169014394 94.0827371751789
-0.13479357642390224 0.14703623354132306 0.9799035859618171 329.93228984103223 0.0671600886436304 0.9880104026632363 -0.13901426805405645 -20.56146263365429 -0.9885950709204604 0.04707218133044972 -0.14305242219745876 93.99844229503354
-0.13962153078137218 0.14602187131308383 0.9793791100694791 330.61675515441476 0.06740393631387773 0.9881744778899719 -0.1377240379028718 -20.67029816813125 -0.9879081624886282 0.04678476616487478 -0.14781288219650207 93.89208319254678
-0.1416593298311039 0.14558938154810486 0.9791508393767718 331.36957290118966 0.06857017019227539 0.9881930246707461 -0.13701342179465772 -20.787953612618942 -0.9875377289155095 0.04773131019067701 -0.14996985028957166 93.77548965568761
-0.14443139491654305 0.14527754892038666 0.9787921157948405 332.212974093398 0.06870134676480502 0.9882489478765992 -0.13654355339412114 -20.924585607703573 -0.9871269913821428 0.04752316067430416 -0.15271493733214425 93.64623387515459
-0.1466356999603388 0.14755716384868478 0.9781231286980528 332.9568164253107 0.06887521937673872 0.9879348254787197 -0.1387118767883048 -21.046000782938407 -0.9867898335780241 0.04702833192087513 -0.15502954667995536 93.5338487642833
-0.14804741751844733 0.14911270108009073 0.9776744675722653 333.6928748437492 0.06924787559161043 0.9877048670807277 -0.1401564385645107 -21.166173121420066 -0.9865529351698087 0.04695208112147948 -0.1565528926152267 93.42200698744108
-0.1488506911650982 0.1501028931682024 0.9774009377948243 334.4260708226296 0.0718102558152289 0.9874432995632171 -0.1407089809054653 -21.284375358536543 -0.9862488321409669 0.04924278231617587 -0.1577605447833451 93.30219988514901
-0.1478839153929053 0.15052664662231527 0.9774825196517319 335.2716990081967 0.07390013210956468 0.9872685224854637 -0.14085323916599993 -21.41945885494999 -0.9862398886894862 0.05140615883341179 -0.1571250737207184 93.16608092684645
-0.1468601559435141 0.15122682442174692 0.977528793525569 336.06546759945076 0.07594596804088627 0.9870508205601585 -0.14129008305555787 -21.548828148937012 -0.9862374483533752 0.053489486881327736 -0.15644350500609774 93.0382522112588
-0.14551468556400507 0.15243966155145772 0.9775416236003864 336.89285958225975 0.0762248219538419 0.9868489594398326 -0.14254440631122808 -21.68282633017803 -0.9864153551133067 0.0537706317481229 -0.15522070209251723 92.91333565796828
-0.14651958164594447 0.15520155953856823 0.9769567483318222 337.67487808600697 0.07606066489230175 0.9864590997103457 -0.14530388795483348 -21.815308545038675 -0.9862792644329674 0.05301811497446814 -0.15634030841122118 92.79310532621017
-0.14912870900977696 0.15861336159365944 0.9760135396975953 338.45515987381714 0.07522924345448848 0.9860101274635795 -0.14874336781354683 -21.950007736357325 -0.9859519202670782 0.051242853776986834 -0.15897478057367415 92.67282729467827
-0.15188384071213049 0.16227375270221478 0.9749864245795762 339.2755120018262 0.07555944076511857 0.9854503226530335 -0.15224464684937203 -22.089386319837377 -0.9855059968573459 0.050545927303470684 -0.1619352938405881 92.53949300317504
-0.15296342958090345 0.16336039067515737 0.9746361228526782 340.0764419239779 0.07553129779676339 0.9852901133720892 -0.15329192915593243 -22.231799393510105 -0.9853411654163146 0.05016747202790422 -0.16305217718983356 92.40768475644968
-0.15498654363358974 0.16386761713524345 0.974231274055049 340.9494377241285 0.07584375266151805 0.9852105411525285 -0.15364867322614922 -22.392711559685452 -0.9850009626770567 0.050075878987339 -0.16512271154784733 92.26224607368688
-0.1576910976453603 0.16638771789183027 0.9733697370774086 341.63141598783227 0.07568307635346826 0.9848394938032414 -0.15608729416274053 -22.51574521292556 -0.9845839678143623 0.04905403938636805 -0.16789315513982153 92.14083249634525
-0.15840048690538552 0.1723602770213061 0.9722145959885959 342.3066035477972 0.07541195152577997 0.9838816038656477 -0.16214199684791653 -22.640414702095715 -0.9844908954963509 0.047633228736826294 -0.16884534996527165 92.02313735338998
-0.15853411370448714 0.17936240867803277 0.9709253633236391 343.1269019402046 0.0773623024641431 0.9825947733812638 -0.16888630933638496 -22.790646860647414 -0.9843180425804335 0.04833878026008577 -0.16965068043950793 91.87251342860478
-0.16038089805223774 0.1836376226503772 0.969822247160411 343.86835251815955 0.07841608159901192 0.9818060014153527 -0.17293898846543998 -22.925767484643405 -0.9839354072735731 0.048313550191535035 -0.17186307102247206 91.74542516677501
-0.16355011841609982 0.18440011379717142 0.9691480572119329 344.6831441909681 0.08143358588667363 0.9815466259718311 -0.1730167394587827 -23.083850560558645 -0.9831683120685465 0.05062429332741941 -0.17554842941303123 91.59100170148385
-0.16708295459222838 0.18299077599570795 0.9688125010471395 345.51644142753895 0.08456411712094329 0.9816641989288021 -0.1708341612120499 -23.2463921970071 -0.9823096234794219 0.05338329740618995 -0.17949380818779134 91.43662906886644
-0.16994160027069907 0.1825605307215722 0.9683963574487906 346.4332707100317 0.08698492662911657 0.9816336204561356 -0.16979121805765796 -23.428800963183892 -0.981607597279462 0.055381294791957185 -0.18270040271002494 91.259156506148
-0.17050254388046712 0.18420140976710236 0.9679869436981551 347.31867644076965 0.08682773349651844 0.9813588257893261 -0.17145203335408069 -23.6120840938548 -0.9815242366982815 0.054815104535183345 -0.18331796717356993 91.09071413702266
-0.17098705175724963 0.18674972974884188 0.96741302791005 348.12725901126294 0.08589526804872123 0.980959860047462 -0.17418311026760722 -23.7704488602483 -0.9815219972360265 0.05331314485559271 -0.18377235245652354 90.93395317405277
-0.16969229129430294 0.18755199176077586 0.9674858017882475 348.88719120997115 0.08482469850417522 0.9808599884718283 -0.17526680672253891 -23.925546706995075 -0.9818397510790451 0.052325265423174956 -0.18235342003765428 90.79530871396433
-0.17017926826133112 0.18681077492438683 0.967543668795461 349.6359347065549 0.08410474010874014 0.9810368017325019 -0.1746229834177059 -24.073969926682008 -0.9818174012235041 0.051657797268263445 -0.18266379673080244 90.65545009373656
-0.1691343165251908 0.1858311787029223 0.9679154694473231 350.37783138802644 0.08421662464558974 0.9811972281680328 -0.17366507872531087 -24.22312606737026 -0.981988362001738 0.05214184938460608 -0.1816041971868842 90.51775509327275
-0.16696763029878484 0.18529357322720597 0.9683946004357392 351.1282816493453 0.08425801791459117 0.9812706210342669 -0.17322977432336384 -24.38264565121097 -0.9823555348495314 0.05267124467594253 -0.17945289948834578 90.37939313004672
-0.16483275766603786 0.18543640077411552 0.9687329370203862 351.73386519861236 0.08405464836670565 0.9812354560942806 -0.17352750730473052 -24.508813250868617 -0.9827334216806484 0.05282348882254229 -0.17732653760916922 90.26541643096527
-0.16248882605331644 0.18483718709700753 0.9692433108739381 352.4518124895108 0.08305677501904617 0.981373620058073 -0.17322641247091353 -24.656398375736 -0.983208499521463 0.05235486720614575 -0.17481422810679995 90.135477437838
-0.15906039597306665 0.18466741554697721 0.969844181334344 353.2380747168317 0.08241640834327295 0.9814054327236093 -0.17335198947913666 -24.816827297299792 -0.9838228123339497 0.05235763798892817 -0.17132236186655342 89.99913498451696
-0.15638244446853053 0.1850035485802546 0.9702155523772812 353.9994415817911 0.08204095051272865 0.9813397390504284 -0.17390111845356068 -24.9663882795604 -0.9842834010085767 0.052402324119684894 -0.16864217422056849 89.86389679819476
-0.15344436821807755 0.18546956015802574 0.9705956254367397 354.758418710911 0.08293556737751881 0.9811794642072318 -0.17438047677928997 -25.116870458914956 -0.9846707660563095 0.053739196800768434 -0.16593848619679602 89.73276179350196
-0.15070095341758294 0.18670164971864409 0.9707892235863359 355.45912874259346 0.08254225670916215 0.9809516591754237 -0.17584259500569321 -25.256188123955255 -0.9851274021650124 0.05363148658497167 -0.16324112579339736 89.61144129816691
-0.1486654693774716 0.18689666419069595 0.9710655050660378 356.1627292812424 0.0823003321717457 0.9809093820322918 -0.1761914855077907 -25.402419579988678 -0.9854568653874163 0.05372542373412923 -0.16120901124128245 89.494419816521
-0.14651730806181892 0.18644762068373114 0.9714782360813271 356.95762381629083 0.08123741628926458 0.9810273042574591 -0.1760281525665204 -25.56456016870499 -0.9858667053070405 0.053129210823357476 -0.15888400273257366 89.36344534648448
-0.14432841645834804 0.18709437068753546 0.9716815345881868 357.64124593387277 0.08003705327340381 0.9809526882174485 -0.17699122459112548 -25.70836248615674 -0.9862876752276345 0.052225663576356496 -0.15655383022485678 89.25978237157813
-0.1413933824708831 0.18834347129063653 0.9718717241568604 358.3331789617314 0.07842696612391015 0.9807802269248885 -0.1786598932546353 -25.85052984466211 -0.986841994636445 0.05095962416807644 -0.15344704078804125 89.16486820328954
-0.13834254412201857 0.1896457020294168 0.9720575333732101 359.1022384633372 0.0772820976161094 0.9805695452556912 -0.1803076379555103 -26.010276884588123 -0.9873645820434804 0.05017842782322581 -0.15031070323595672 89.0540016247318
-0.13541694753296699 0.19116263335487105 0.9721723601963168 359.9519651791628 0.07697670117211465 0.9802746521249145 -0.18203349658244528 -26.18368653154521 -0.9877939247624009 0.05018420080267377 -0.14746087003773 88.93067846809298
-0.1345447725609294 0.19233781828715463 0.972061658452311 360.83514693103467 0.07457818956144739 0.9801644302339917 -0.18361858115617063 -26.367298608810913 -0.9880970589057836 0.04778967838985384 -0.1462202066102006 88.8005299068613
-0.13356451838838534 0.192418366849508 0.9721808944464189 361.68730122338457 0.07260475375027563 0.9802340514684679 -0.1840373714074645 -26.543987792256125 -0.9883769873689571 0.04600409156450252 -0.14489497713442098 88.67791696037294
-0.13448015589896564 0.19164446178676242 0.972207533367153 362.58772685466164 0.07153413494262999 0.9804374706019439 -0.18337184565157713 -26.737002847331926 -0.9883308935813928 0.044886150493422185 -0.14555850468619955 88.5441352029008
-0.13524588168646826 0.19027386964582735 0.9723705086112211 363.5362830320094 0.07131533717502961 0.9807114287537881 -0.1819868572048803 -26.93878013048289 -0.9882422143232178 0.04473195772264079 -0.14620662703119247 88.39821871748212
-0.1357141088783159 0.18869997038100614 0.9726119482247606 364.5190358383424 0.071738596156317 0.9809892989627907 -0.18031519387452485 -27.145726292022378 -0.9881473849952145 0.04530249991660286 -0.1466711594977715 88.24728330643846
-0.134673156448274 0.18747628316366446 0.9729932087036314 365.56111661848513 0.07158949907134624 0.9812133986203418 -0.17915136056035413 -27.36398499096868 -0.9883006043481748 0.045529217202249075 -0.14556443874098512 88.08972528003461
-0.13466166049748032 0.18759702724807176 0.9729715271063895 366.4142813987083 0.07038059582684568 0.9812459972909708 -0.17945156597672887 -27.542014263444976 -0.988388996763478 0.04431306994700413 -0.14533940590477312 87.96621734831739
-0.13546880663981234 0.18984125568404772 0.9724240330575343 367.3018912764273 0.06959361788192962 0.980870663665548 -0.18179513060146843 -27.729312929009637 -0.9883344225401055 0.04304693718030115 -0.1460891180810745 87.8321240942853
-0.13726268009705248 0.18994157777118106 0.9721528448172955 368.17331338050957 0.0691201161869272 0.980886805941045 -0.18188865679055988 -27.903291260905863 -0.9881201172888218 0.04222879307489804 -0.14776793577957822 87.70012917847947
-0.13810015621930488 0.18827613164317716 0.972358187658065 368.94084757516987 0.06950112458428519 0.9811871817940263 -0.18011470779647598 -28.05652327067843 -0.98797669027853 0.042706118256885105 -0.14858750596771494 87.58169580163893
-0.139966009749338 0.18671273244522388 0.9723928587035584 369.7129706050151 0.06804734378307149 0.9815519357691572 -0.17867668116428226 -28.220906259155097 -0.9878153041530139 0.04116008905058537 -0.15008921330472494 87.46198965431117
-0.14103846630845593 0.1865787053949023 0.9722636153402602 370.4976781797204 0.06632584314391024 0.9816546852029615 -0.1787595075802073 -28.38342478370418 -0.9877798507524858 0.039274237258421864 -0.15082606119355257 87.34379562828005
-0.14076451061572598 0.18819352023355834 0.9719920532047619 371.23094282888565 0.06482329671959315 0.9814126716282784 -0.18062975438681877 -28.53290760842713 -0.9879186670741239 0.03758147029507946 -0.1503473988366322 87.23772704681143
-0.14051245576670382 0.1884500214719269 0.9719788265089073 372.04704385681947 0.0631533620213186 0.9814253158965516 -0.18115187601223476 -28.704153914212068 -0.9880627017754536 0.03592963574234883 -0.14980373371718012 87.1143629559195
-0.14025551932177738 0.18945899606129388 0.971819776559017 372.7565406267121 0.06353041957301511 0.9812212348944522 -0.18212296390372368 -28.85634568697974 -0.9880750351510003 0.03619636727140998 -0.149658103381334 87.00892617922418
-0.13905556252173928 0.19030714880008018 0.97182649667898 373.57723695878104 0.06582196835231431 0.9809668330368038 -0.18267879177388094 -29.03216719156872 -0.9880946407171658 0.038565030757435545 -0.14893528590864055 86.88233576038496
-0.13849438118916937 0.19080573430076037 0.9718088691388701 374.46582672737355 0.06709640405219829 0.9808182597930669 -0.18301260563075575 -29.22248979885801 -0.9880877384839306 0.03985866297860243 -0.14864019659319966 86.74517733574481
-0.13800049980069726 0.1908723578491463 0.9718660427568495 375.33017476603715 0.06803828177040645 0.980763437051707 -0.18295866406444886 -29.408269379137693 -0.9880924320469638 0.04087570857641852 -0.148332471764908 86.61662472990875
-0.1379062953712845 0.19201933295560786 0.9716534513231788 376.25407053222114 0.06810543933462147 0.9805432998414821 -0.18410998416438554 -29.607996837917636 -0.9881009578125112 0.04078495932638998 -0.14830065496395667 86.47751017893779
-0.139136245493892 0.19415919163318018 0.9710526831713133 377.16158401725255 0.0695851322766281 0.9800836515686768 -0.18599447651435094 -29.79963650480825 -0.9878253967963687 0.04169225626124175 -0.1498757525817282 86.34215400531583
-0.1404495010998132 0.1952417822460977 0.9706464774088324 378.12476985950457 0.06995196358527173 0.979870869730006 -0.18697540331584117 -30.002444226380895 -0.9876136189985305 0.04163802492822858 -0.1512799208378226 86.20277173926466
-0.140364417235773 0.19407315659646043 0.9708931147467992 379.1331208725958 0.07110435521365562 0.9800450698624176 -0.18562282108624087 -30.21911383170813 -0.9875434172955173 0.04297988979801847 -0.1513629017601014 86.04653185387063
-0.1394944453057857 0.1930291712701165 0.9712265640763729 380.0458000580723 0.07099522342358233 0.9802416211581507 -0.18462405693806844 -30.418277841993888 -0.9876745303893703 0.043198416498840535 -0.15044241035069184 85.91304074288706
-0.138987152404005 0.19532857453384506 0.9708394921083481 380.8335717992659 0.07079327885245205 0.9798061837251413 -0.18699773796302585 -30.59349121295524 -0.9877605393697103 0.04273862778032784 -0.15000842162861983 85.7983159033477
-0.13975185884937907 0.20071754493481098 0.9696297670263009 381.62184495444296 0.06934926217296054 0.9788189231349781 -0.19262449363708353 -30.763791883652406 -0.987755079857454 0.04032347787851065 -0.15071137763145853 85.68169295017196
-0.1365536171065956 0.2045519244260782 0.969284075938879 382.5208700319173 0.06829660620657202 0.9780653717340948 -0.1967833890228198 -30.95474151855058 -0.9882756109688056 0.039327329279138165 -0.14752856650832266 85.55587624981064
-0.13244565357829347 0.2069002395139943 0.9693556827796824 383.38048847147695 0.06679214727388777 0.977611400595713 -0.19953635881168966 -31.140827423156658 -0.9889372871475515 0.03831762406955333 -0.14329969216611205 85.43167625302068
-0.1287642275834338 0.20794144282142737 0.969628862014832 384.3334666872782 0.0653121674650623 0.9774239110268039 -0.20093983909140015 -31.356401908554258 -0.9895221546159811 0.037454699443526744 -0.13943834126142568 85.30156648452522
-0.12542665402704417 0.21069259736598858 0.9694724255360477 385.26183445498157 0.06287885397056979 0.9769129849824069 -0.20417460541435575 -31.571045693540686 -0.9901082790194843 0.03535037747936043 -0.13577903604437191 85.18097643768769
-0.12169535128602763 0.21113611741196014 0.9698514223320844 386.2624735340194 0.06172889143702669 0.9768323033623375 -0.2049102122144775 -31.80053538618591 -0.9906461454209181 0.034931232901647694 -0.13190914877537788 85.04802337989295
-0.12015199487895055 0.20961716749105463 0.9703731968782059 387.29955421845665 0.0594204321569063 0.9772203979595945 -0.20373881823053308 -32.034417185605896 -0.9909756356081069 0.03318036926730311 -0.12987052293107282 84.91154416475221
-0.11719635378258057 0.20741550849138335 0.9712074039551606 388.21872716220264 0.05783499118520742 0.9777123718688165 -0.20182574585333696 -32.24532422572224 -0.991423284200382 0.03251653013329386 -0.1265801991364188 84.79737081058865
-0.11392906880425498 0.2059430333097469 0.9719092726754742 389.2823480593179 0.05532762259807103 0.9780759798751502 -0.2007641197248803 -32.49020133017382 -0.9919470860177155 0.030900560228592593 -0.12282562403064924 84.66836664708923
-0.10938226097610004 0.2058199443558844 0.9724575422552342 390.292431444518 0.05429028891319667 0.9781044571666551 -0.200908524957107 -32.71638150966046 -0.9925160379124734 0.030819172215672052 -0.11816130123886923 84.54437926165649
-0.1046444949496246 0.20525538428706716 0.9730980201901038 391.1127767694113 0.052440587661492274 0.9782477088473428 -0.20070227926119105 -32.900413182574276 -0.9931261321919042 0.030027443382477682 -0.11313195040065732 84.45260136386766
-0.09867942408746945 0.2050679994689674 0.9737604874174935 391.8725047639545 0.05113422192102395 0.9782886541281566 -0.2008397384798314 -33.074354084723055 -0.9938046400627708 0.029973735134462644 -0.10702295357441914 84.36804954432608
-0.0889422310787522 0.20605087919118686 0.9744907976555071 392.6410130272491 0.0487587251659271 0.9780960189286735 -0.20236295233087742 -33.24362061169338 -0.9948426339129842 0.02951631651161835 -0.0970408203214428 84.29555373607903
-0.0799997515753949 0.20661797574654844 0.9751456567335304 393.4172510281366 0.044749567633296614 0.9780392870703429 -0.20355989080259482 -33.41552610338543 -0.9957898954822273 0.027352605823390264 -0.08748896507652915 84.23031451402159
-0.07075341722239269 0.2066864348148588 0.9758456187404191 394.0009428310787 0.04125719957965993 0.9780666084227978 -0.20416550387165217 -33.54652461936933 -0.9966402547731028 0.025815250373458973 -0.07772885830859412 84.19127168074904
-0.05962016691652933 0.2073783318741917 0.9764423501497242 394.5302472999588 0.037729605983218284 0.9779515882292078 -0.205395150654335 -33.6767660965745 -0.9975078508609309 0.024595091970619425 -0.06612993967758095 84.16411397312773
-0.04669672379750398 0.2073340199815768 0.9771550645342081 395.08755420075613 0.034488772154265844 0.9779736073264326 -0.2058595345574539 -33.81278407339798 -0.9983135482311493 0.024087912553794895 -0.052818859197543894 84.14283102780246
-0.03371632273883531 0.20712259310401623 0.9777338293251556 395.707192046213 0.029907009088689117 0.9780610318818345 -0.20616058964216735 -33.97102223577617 -0.9989838739380812 0.022290117543542144 -0.0391710386836411 84.1198384687386
-0.020903324646587864 0.20755212290286243 0.9780005967775419 396.2993573674688 0.02544149264648068 0.9780079880646515 -0.2070099169934801 -34.118499970938046 -0.9994577437143777 0.02055459949119143 -0.025724054290066422 84.11278925081321
-0.011954286485397543 0.2078801322509319 0.9780812571816075 396.83141508485653 0.021397587273453207 0.9779803486676155 -0.20759716009338927 -34.249096286450104 -0.9996995740188631 0.018446903135760757 -0.01613919053731809 84.11285189795342
-0.004117836273536063 0.2075987642107756 0.9782053958768462 397.3964650902736 0.017949185063771068 0.9780714412434874 -0.20749477723410387 -34.38918599485932 -0.9998304207114163 0.016703560160708855 -0.007753766696691611 84.11560924488671
0.0040475884642903 0.20758039050682223 0.9782095882297684 397.92661870122305 0.014962594381756412 0.9780955203152587 -0.2076180962936203 -34.517155554195334 -0.999879861681886 0.015476905900562735 0.0008529869602418086 84.12390264098428
0.011937548612896606 0.2073640935785608 0.9781909975191199 398.55534327778 0.013133023639011136 0.9781438101259685 -0.20751436191827058 -34.662455019936594 -0.9998424969079923 0.015323818277159836 0.008953321740933252 84.13041722561452
0.019040329686148463 0.20689722257529572 0.9781773894013628 399.1924464419291 0.011807319363958655 0.9782399937684422 -0.20714029497263983 -34.81115723376156 -0.9997489950256898 0.015493672338830117 0.016183110411064378 84.14225641758662
0.025926914924203875 0.2068491187966194 0.9780292619014876 399.8846725170997 0.010767610278314374 0.9782436047385957 -0.20717989370817003 -34.97111747226518 -0.9996058491482548 0.015902573411119784 0.023135568017589342 84.15830476812631
0.03238361698537284 0.20686153598280854 0.9778341404766819 400.70157152429675 0.009268327606045946 0.9782430518023716 -0.20725498716259128 -35.158448971604884 -0.9994325387210122 0.01577455328089574 0.029761787823591727 84.18670761669854
0.03815515665728798 0.20734075957973738 0.9775244208905212 401.5148362094931 0.0073130647964862235 0.978152610719816 -0.2077594503874295 -35.34589727354741 -0.9992450665896412 0.01507579380668425 0.03580526968699054 84.22150046841172
0.044063399201038154 0.2072817347302507 0.9772884422206481 402.2894041373562 0.004904586752359383 0.978181897310159 -0.20769237059526832 -35.52589061308653 -0.999016697497912 0.01394482778349837 0.042085388182242445 84.26213189460464
0.04979258317917331 0.20673528314265763 0.97712907098513 403.04415428640357 0.002799745866609809 0.9783098909020259 -0.20712778371417098 -35.70216806427031 -0.9987556558455243 0.013049140476940353 0.048133770363286116 84.30465640910472
0.055233263530454546 0.20606497143739594 0.9769782567418138 403.75476379839756 0.001546715212482811 0.9784530834635773 -0.20646348619711194 -35.86602488099333 -0.9984722801719748 0.012914759274508726 0.05372443318504766 84.34743330297971
0.062243711118999324 0.20472711871658833 0.9768380251035129 404.3575137424104 8.925718480958421e-05 0.9787346673723778 -0.2051303071626216 -36.01351076271698 -0.9980609763232329 0.01285526139291729 0.060901804531805506 84.39033659833952
0.06851079661384356 0.2035810573255135 0.9766580895305969 404.98579694848047 -0.0013615616404534883 0.9789764425981943 -0.2039687990543629 -36.16232441866195 -0.9976494458963182 0.012644284717039716 0.06734764410696654 84.43946819147288
0.0746574738255177 0.20296632340584955 0.9763354613887059 405.6063757941085 -0.0034305448818148032 0.9791142887654933 -0.20328167870482355 -36.31020287077057 -0.9972033358166232 0.01182713398711112 0.0737944844676411 84.49545414040752
0.07948979305900622 0.20448919859882392 0.9756359671803004 406.3556229612548 -0.004852477396664345 0.9788007730203283 -0.2047571737398182 -36.48431416417888 -0.9968238692279328 0.011541853889809738 0.07879695010744421 84.5601802995109
0.0852538687023312 0.2087138926316744 0.9742537086887648 407.0618087480428 -0.006721955498116559 0.9779119034711656 -0.20890936877909103 -36.64895655671588 -0.996336586292786 0.011261441822898396 0.08477373851908657 84.62586792141565
0.09000460780795315 0.21143480340724322 0.9732391764008832 407.74194481110743 -0.007985667461692367 0.9773271073770282 -0.21158439049522715 -36.80676932761031 -0.9959093330662798 0.01127160566137869 0.08965239102938956 84.69236059733554
0.09334839987364997 0.2112175262109593 0.9729713422616023 408.3757344494051 -0.009605622655299611 0.9773840249723716 -0.2112538750939372 -36.95594827809837 -0.9955871675822402 0.010374215638941404 0.09326611064820707 84.76100044001628
0.09782406726335491 0.20787715089249462 0.9732510169534198 409.07430554972694 -0.011406712450648473 0.9781114572802966 -0.20776877544057723 -37.119550922386956 -0.9951383515748538 0.009223192171234813 0.09805403587333691 84.83933799105652
0.10084131284706387 0.2057141479306688 0.9734026499678495 409.70323870850024 -0.01278228185933166 0.9785771041983143 -0.20548348938370797 -37.26965686930675 -0.9948204073568977 0.008278917803339178 0.10131049613073845 84.90939377599038
0.10427101274920547 0.206647523904707 0.9728434389789045 410.3053132947235 -0.013779719187213477 0.9783818378191795 -0.20634703478528896 -37.41757911126052 -0.9944534555419735 0.008110504892605015 0.10486440993497494 84.97830677860058
0.10646424843673548 0.21051545111618022 0.9717760074452058 410.95366008570284 -0.014267855124666932 0.9775534542823665 -0.21020388276801452 -37.57199209094081 -0.9942141580740728 0.008514039109524632 0.10707809777493676 85.05050618976897
0.10862590380570696 0.21449234951224252 0.9706664952614279 411.7318045880878 -0.015147781114495105 0.9766881898959415 -0.21412782267863092 -37.75573683300022 -0.9939672820318057 0.008556384663019993 0.10934272052495222 85.1424576356687
0.10828949151137188 0.21428186928202522 0.9707505686453144 412.5174322740199 -0.014254527257278615 0.9767272344799778 -0.21401102279499556 -37.937340117828974 -0.9940172002942775 0.009337554395525105 0.10882378231356694 85.22999719691362
0.11047575283267662 0.21089202354312145 0.971246447840059 413.30546765640787 -0.013843328477384525 0.9774599529557244 -0.21066656741033718 -38.12676002130303 -0.9937824059082121 0.009828264021389737 0.1109050717217445 85.3242475682377
0.11397169174858955 0.20717611547902529 0.9716421721266416 414.0890686317252 -0.01451709078380566 0.9782577933118655 -0.2068838898990662 -38.31329987395716 -0.993377927857839 0.009473489305188697 0.11450129014664098 85.42377462317539
0.11601391875628217 0.20481713127532067 0.9719005676461717 414.8204598874363 -0.014933186475947368 0.9787569356088271 -0.2044794878203855 -38.48561418763014 -0.9931353234058689 0.009208894274580777 0.11660800002467356 85.52122427871856
0.11574456282689706 0.20424522627365393 0.9720530251588265 415.5477002248951 -0.014598376917558208 0.9788744828666945 -0.2039402711183561 -38.65875205654361 -0.9931717291422353 0.009414581078271514 0.11628104787856568 85.61360073332756
0.11595489137078925 0.20474918121398022 0.9719219289425384 416.2167769512231 -0.014830885124063458 0.978770392473048 -0.20442251261685035 -38.817101621584314 -0.9931437499242591 0.009289327766525489 0.11652982612198808 85.69625990078771
0.1160530996471157 0.20468411213062665 0.9719239128160111 416.89870804260585 -0.015118527550998115 0.9787865359182312 -0.20432412297590516 -38.97908698254867 -0.9931279414994729 0.009018389350649253 0.11668573377467258 85.77957917691572
0.11641729396303853 0.20403052108241027 0.9720177776836981 417.7421957772218 -0.014981797667864413 0.9789217667273603 -0.20368534646855901 -39.17223736992346 -0.9930873875973639 0.00914992318096897 0.11702016706884218 85.88235300427166
0.11806880708333561 0.204061429453055 0.9718120650637578 418.46498639091465 -0.015204057704515717 0.9789141396821565 -0.20370553198098293 -39.34389063022893 -0.9928890136481671 0.009275782442096736 0.11868178645795263 85.9745578444881
0.11909103865415793 0.2074395356606404 0.9709717624921761 419.1813185919414 -0.016868613127148317 0.9782129423040591 -0.20691759084233396 -39.51004190530235 -0.9927400336459864 0.008263083790363529 0.11999561259826537 86.07095684158534
0.12063379142774142 0.21416053473490476 0.9693207692646528 419.77237451622204 -0.01756816281165832 0.9767593727209404 -0.2136176197255528 -39.64826478777048 -0.9925416102215486 0.008740318292099371 0.1215925935859646 86.14945667364636
0.12086691771043617 0.21888800926405974 0.9682351096730515 420.4174548269968 -0.016592715192758987 0.9756951561849238 -0.21850318990761194 -39.79893869347845 -0.9925300348129036 0.010344157659596207 0.12156121254990342 86.23089320440003
0.1223530251595531 0.21899770476716354 0.9680236270572176 421.0881375767203 -0.016782588547927964 0.9756688632408073 -0.2186060704189502 -39.957121526608404 -0.9923447394710823 0.010501171796426465 0.12305138534354347 86.31991603636448
0.12172465672659338 0.217708721713148 0.9683935256055831 421.7758671092761 -0.01720838298217888 0.9759647870270847 -0.21724779869611852 -40.12250977185215 -0.9924147215251924 0.009779927054809524 0.12254539373991566 86.40883079250642
0.12225787034293141 0.21680396850466044 0.9685293244811084 422.3664905510001 -0.017876260231511468 0.9761725065760216 -0.2162583564286374 -40.273312139492475 -0.992337368267133 0.00912560385455325 0.12322041590151984 86.48501992745298
0.12189475841182928 0.2174745389370955 0.9684247481274992 422.9627885797237 -0.01746195537402638 0.9760193870969276 -0.21698211015069088 -40.427587338606116 -0.9923894134795224 0.009538392161602028 0.12276917808934872 86.56407053401375
0.12038278643265432 0.21960207604813814 0.9681337267785111 423.6876901532682 -0.018149374756601572 0.9755498739157284 -0.21902749530354465 -40.610276335578355 -0.9925616277726275 0.008796118368197058 0.12142505250152585 86.66193739281817
0.11961753458938969 0.22033779280942448 0.968061414621313 424.4569798895166 -0.018247896656496888 0.9753855328117604 -0.21975003219368314 -40.79941200231305 -0.9926523357582769 0.00862087242579524 0.12069391398180856 86.76205664056036
0.11811003000482345 0.2193059015117507 0.9684807392893101 425.1486082095654 -0.017792362898031756 0.9756181992741448 -0.21875228242825903 -40.97029970335761 -0.9928411014028163 0.008605277868035558 0.11913226497489866 86.84673794994248
0.11727834098073911 0.21805758711328072 0.9688636020819081 425.91457585526604 -0.018129967628042108 0.9759036335900718 -0.21744747002320827 -41.156655654503965 -0.9929335803620525 0.007936412793047354 0.11840573609993196 86.94379884771911
0.11784933325265289 0.21823609003645 0.9687541192983381 426.6703547530801 -0.018126396071122156 0.9758624884697986 -0.21763234447801733 -41.34452917061664 -0.9928660374981972 0.008087805829012966 0.11896057741745465 87.04487483573902
0.11758134774145539 0.21974338736550855 0.9684459047218003 427.4122919651982 -0.018215352138010264 0.9755238658480805 -0.2191378290193143 -41.52674026186974 -0.9928961816875846 0.008125938096105812 0.1187061140812344 87.14157866929557
0.11797709888110142 0.22141737891005553 0.9680163988570601 428.17400574547474 -0.018369134953730562 0.975144077365498 -0.22080897459124463 -41.70937016477111 -0.9928464025319547 0.008268778361156021 0.11911191495297031 87.23780960775281
0.11839672551013389 0.22228385568493214 0.9677665539221274 428.9328632276139 -0.018599982719163778 0.9749471467098032 -0.2216576228449052 -41.895920632500044 -0.9927921514754833 0.008243095550060527 0.11956502559037807 87.33322631220686
0.11870485728149398 0.22363795667895386 0.9674167773975364 429.6935584272536 -0.019136840631694952 0.9746398374810129 -0.22295956701970976 -42.08406842606132 -0.9927451526894563 0.007953082889133522 0.11997420674520555 87.42968947062246
0.1187283888048514 0.2244157093362305 0.967233766519197 430.42225240408163 -0.018960221842511404 0.9744587653078428 -0.22376466365892497 -42.268377676310564 -0.9927457276057557 0.008228251200911545 0.11995089079572488 87.51865924690229
0.11923570733233914 0.22228021657047048 0.9676643795336962 431.3250784379758 -0.01950540821908402 0.9749536510706334 -0.22155116184358595 -42.49347490025432 -0.9926743600734118 0.007542120750849869 0.12058495456488737 87.63295102164376
0.11961844945276993 0.2196068512076743 0.9682273790041044 432.3154854224142 -0.02096003525527499 0.9755708274051498 -0.21868296147190636 -42.74011229574028 -0.9925986618329721 0.00586443677396048 0.12129923704917303 87.76147109821618
0.11999200221758548 0.21834028830084354 0.9684675719447251 433.1573393239559 -0.022727103605627404 0.9758642883048078 -0.21719201084074 -42.951913840161914 -0.9925146841057355 0.004050841400165479 0.12205815219982921 87.87602174516579
0.12230648285740094 0.22037362600665075 0.9677172051853395 433.9291212239585 -0.02481580544357827 0.9754116037770743 -0.21898944955685865 -43.14538550267487 -0.9921820901685497 0.002769147469894633 0.12476791162414808 87.97932498591328
0.12450038098336755 0.2235570673320568 0.9667067253210136 434.71295034703064 -0.026886415463879904 0.9746894617007354 -0.2219404738055399 -43.341567273696874 -0.9918552191718775 0.00164039489571095 0.12735985751439174 88.082054407462
0.125298834254355 0.22659420155159402 0.9658960968746517 435.44626079272143 -0.028077837531178984 0.9739886850305064 -0.22485034238824514 -43.52798816869272 -0.9917216530731118 0.0010532121028930387 0.128401921987928 88.18015739183838
0.12499191916697985 0.22851062558400814 0.9654842899489107 436.128415068381 -0.028817131964727644 0.9735412843440776 -0.2266868778359368 -43.69656701696202 -0.9917391759168719 0.0005115397173550472 0.12826981437125004 88.27473975212975
0.12560137786196357 0.22785214741339718 0.9655608177625434 436.7986147201194 -0.02934305260882173 0.9736957413074527 -0.22595483757450227 -43.864129165819634 -0.9916467511885296 4.7737061310141196e-05 0.12898340427512694 88.36777988338487
0.12816280731748397 0.22748987937114715 0.9653096133387434 437.499117375342 -0.029919489346603132 0.9737804446313728 -0.22551379073298 -44.04396609088621 -0.9913017295343197 2.090981668391262e-05 0.13160881651713008 88.47114371356338
0.13122819740466884 0.22812681355269415 0.9647472814909656 438.1143367984673 -0.030947455528908343 0.9736314078288573 -0.22601800079966683 -44.20526814936983 -0.9908690202050934 -0.00019653876462987578 0.13482783900332496 88.55936450238579
0.1323097505114591 0.22871305698098457 0.9644607132931863 438.77568749328043 -0.030659610749952274 0.9734937919303096 -0.2266491238496274 -44.375356714231245 -0.9907341309293083 0.0004178989769943118 0.1358149740352226 88.6561743316086
0.13252796920890977 0.22852728610571882 0.9644747881010215 439.44488080648017 -0.029640981224311407 0.9735364385121632 -0.22660144554064074 -44.54732845007017 -0.9907359636196805 0.0014430503118801148 0.13579458014359455 88.75472556889004
0.13186903021011911 0.2277349309616216 0.9647524864395745 440.11072000564513 -0.02869922737742274 0.9737208883840006 -0.22592916118245318 -44.71996084562165 -0.9908516100907222 0.0021054084100522318 0.13493944581198347 88.85133418878652
0.1316917412493128 0.22663755312465061 0.9650350795698507 440.755962013037 -0.02861490383101065 0.9739771263142059 -0.2248327037943065 -44.88117514790213 -0.9908776274421887 0.0019942242570199576 0.13474995548847754 88.93586935483046
0.13240874963645952 0.22646794623179406 0.9649767833213685 441.41175203687783 -0.028477701607903434 0.9740159745314005 -0.22468177912054246 -45.05203615732801 -0.9907860230800772 0.00226951254546553 0.13541752391018455 89.02388916119746
0.1331738000965791 0.22879860728135482 0.9643214901027256 442.01100089306533 -0.028903441520393706 0.973470929152652 -0.22697784288988204 -45.20658973644161 -0.9906711513091051 0.002355292079326583 0.13625389008431105 89.10442522728661
0.13205774371510834 0.23317984076397158 0.9634250952648866 442.609536047908 -0.028655081854784176 0.9724291378908886 -0.23143132472652292 -45.36330917089838 -0.9908277542584102 0.0029552736026143543 0.13509858529667634 89.1855646790738
0.13045942140672737 0.2388761861698535 0.9622465936791671 443.2757182675061 -0.02948269019769658 0.9710466654938241 -0.23706358727570714 -45.539991857335565 -0.9910151917831144 0.0025575602173600006 0.13372489873170976 89.28200931611643
0.128776563338809 0.2433151960366498 0.9613606566280345 443.9998775927697 -0.029288963805251818 0.9699427868769093 -0.24156396002852887 -45.735881419928106 -0.9912410167733452 0.0029505191232154747 0.1320323486992608 89.38238473716935
0.12728446298629087 0.2442306779201698 0.9613272291186488 444.8065072517828 -0.028830080137908776 0.9697120242485184 -0.2425436383562304 -45.95510729317162 -0.9914471705348338 0.003156895704669225 0.13047046427439643 89.49669266516229
0.12677517873471983 0.24221294244822006 0.9619048521383746 445.63046930759936 -0.03004048239190066 0.9702218369025474 -0.24034799066167392 -46.17382010134126 -0.9914764865968514 0.001574073701317563 0.13027624041835525 89.61944677170374
0.1274222598967646 0.23962996885933727 0.9624661270440988 446.45917030034485 -0.031596988157623476 0.9708642837443505 -0.23753772940089232 -46.39573128543831 -0.9913451457601247 -0.0001434365273185563 0.13128130637601942 89.7424217762848
0.12838508393658252 0.2388204798191807 0.9625393751122736 447.1727319129666 -0.033043026700798325 0.9710626699475371 -0.23652790410606223 -46.59531689529747 -0.9911737630753962 -0.0014385594504041262 0.13256131388025952 89.85355614088839
0.12892165792331067 0.2391904529236052 0.9623757755411857 447.8255160554355 -0.03380446798402624 0.9709706022484955 -0.2367981155193309 -46.78025589893944 -0.9910784348691157 -0.00200419544701693 0.13326484584461262 89.95586740156173
0.12942442757052766 0.24035871291520836 0.9620171550828912 448.5220876342577 -0.03369476957312847 0.970682794181081 -0.23799070482735055 -46.97423234569202 -0.9910166396440828 -0.0016131356265286338 0.13372889643601873 90.06102374144211
0.12996727990690662 0.24130361196550945 0.9617073738960268 449.2233272259584 -0.03358813571862719 0.9704488735463708 -0.2389577807302438 -47.167759619279316 -0.9909492132761101 -0.001245265021923761 0.1342315388516362 90.16207444730986
0.13031783346712233 0.24219919923043454 0.9614347664675774 449.9572075397333 -0.034328004277489554 0.9702249500027827 -0.23976057748182503 -47.36603579828975 -0.9908778181000695 -0.0017590577675688996 0.13475182860729695 90.27401086202633
0.13049905380141075 0.24327272032344383 0.9611391056987336 450.6907155282262 -0.0340582410741641 0.9699570575119686 -0.24088034954652038 -47.56604719546282 -0.9908632767298751 -0.001300049672520261 0.13486391918885626 90.38425846060824
0.13102276696780163 0.24403778871096096 0.9608738690468996 451.3819198331656 -0.0327665470515549 0.9697657023699144 -0.24182811230562132 -47.753815758253836 -0.9908377202803763 0.00020046956414764808 0.13505766132113517 90.48768849674522
0.13026185408195418 0.2448652637370658 0.9607668041653512 452.11177891238935 -0.03209462631030481 0.9695567980206515 -0.2427540944535012 -47.95317673756065 -0.9909600316527037 0.0007861468784658501 0.13415512528394846 90.59345804729278
0.12896162501653485 0.24525505978129286 0.9608427836669028 452.84468920347774 -0.03175343795973474 0.9694582141829201 -0.2431922904431732 -48.153189757338794 -0.9911410688952537 0.0008524112468186161 0.1328105980117339 90.69957131235425
0.12765053017537537 0.2447395784256207 0.9611492500636872 453.5384377219496 -0.03193337784016741 0.9695888095483222 -0.24264748046987955 -48.34123025505241 -0.9913049992437527 0.00028133736462159897 0.1315838870212633 90.80965364078133
0.12679319269574726 0.24397716155075955 0.9614565153597154 454.3034567900157 -0.03159547163174473 0.9697809323396934 -0.2419228584543394 -48.54866260806253 -0.9914258481895558 0.0002964995533027176 0.13067019411337913 90.9254996354891
0.12587473240180083 0.2427853931452858 0.9618787889427945 455.11019324574244 -0.03066112443548796 0.970079674203419 -0.24084293874999887 -48.7620252353681 -0.9915722097714922 0.0008237552263876455 0.1295525925491283 91.04542536045372
0.12584438600379405 0.24136984677926562 0.9622389451571136 455.91180480202354 -0.03073552584290938 0.97043304320021 -0.2394055891501592 -48.974195563800826 -0.9915737582058538 0.0005529294065477438 0.12954217964270728 91.16372301188325
0.12483178688535006 0.2398309396545734 0.9627554961501948 456.6794318860018 -0.0321349202655517 0.9708138389000597 -0.23767170024984297 -49.17751803901678 -0.9916573863399245 -0.0012690880697412814 0.1288953743659332 91.27428235045642
0.12403202164711899 0.2394979641953778 0.9629417338304489 457.518438922485 -0.03337525869152306 0.9708930536860648 -0.23717666498080625 -49.39726534185532 -0.9917167688979528 -0.0027209282263644255 0.12841513476294167 91.39640839878318
0.12328631514065566 0.23975920540444043 0.9629724855481919 458.31277522574845 -0.03285875567863353 0.9708295171656578 -0.23750863305392225 -49.6068576151385 -0.9918269943262703 -0.002360513444562591 0.12756818295322406 91.51266585769461
0.12281325970020134 0.23983105507570207 0.9630150405175811 459.0598028984925 -0.032598066474432995 0.9708121242408594 -0.2376156255153966 -49.8042112582118 -0.9918942833306035 -0.002210078781423003 0.12704663021048834 91.61902117159411
0.12327623516594313 0.23917972327034248 0.9631178691207142 459.91403840204646 -0.03228739905880833 0.9709734930520735 -0.2369978895523468 -50.02374376824508 -0.9918470112397981 -0.0018803634146826044 0.12742044784139 91.74129102815151
0.12403676661431545 0.23760980919581695 0.963408770513215 460.77308023102603 -0.03173647225949441 0.9713597229960308 -0.23548478691752173 -50.24934357874097 -0.9917699717456563 -0.0013664241638361141 0.12802521637793204 91.86051696571937
0.12640691893769648 0.23674105943474932 0.9633145704401977 461.52615042789995 -0.03202658003077594 0.9715720401286803 -0.23456783456331043 -50.4486297760744 -0.9914613401521023 -0.0012006739359804615 0.13039543460523662 91.9700184254661
0.1280048346636194 0.23625163288945997 0.9632237166202852 462.2306533474021 -0.03297002629085371 0.971690220973363 -0.2339467713628718 -50.64180803056861 -0.9912253727932473 -0.0018111934725529519 0.1321702686275742 92.07069676369022
0.1309678773223658 0.23558529433379713 0.9629885690927615 462.85074689482815 -0.03329711113202168 0.9718524885815413 -0.23322530486231938 -50.81448782534088 -0.9908272894404595 -0.0015197142882689065 0.13512576722648614 92.16286136340308
0.13451922791554816 0.23513320205837046 0.9626094507175662 463.4255718650911 -0.03369600454463554 0.971962496851802 -0.23270901140981512 -50.97173371390759 -0.9903379002132177 -0.001132255882249714 0.1386706940845268 92.25170779836961
0.13594406528584393 0.23436873376911196 0.9625957135500933 463.98763148389276 -0.03302782658021037 0.9721477431237912 -0.2320300157537843 -51.123101612574914 -0.990165831457003 -0.00024934068407878317 0.13989840615345672 92.3376375479255
0.1372307639281671 0.2333760441608725 0.9626543198072226 464.5272164598129 -0.03380074330470927 0.9723861888723527 -0.2309168886035512 -51.27134384144216 -0.9899622352310886 -0.0008495305279929332 0.1413295832943026 92.42515745639518
0.1381758645786202 0.23272688559187818 0.9626762836855639 465.0995503771364 -0.034673924621528844 0.9725408465133702 -0.23013478836193568 -51.42344893671802 -0.9898005604157255 -0.0015806915439188088 0.1424512267934245 92.52361349364557
0.13862805045937301 0.23190065145538005 0.9628106519354656 465.6292469914838 -0.03575330179667084 0.9727358444551746 -0.22914335757928853 -51.564059897688665 -0.989698926460195 -0.00265796287476663 0.143139687707102 92.60992237826414
0.1394974938905659 0.23119677635266037 0.962854350253652 466.1234969550461 -0.03645924995095828 0.9729015689167907 -0.22832709057896838 -51.69464276875492 -0.9895509952959767 -0.003253890499175386 0.14414659172298985 92.68871716850475
0.14091925899015947 0.23037983080442534 0.9628431315661867 466.5920251453726 -0.036828915640068786 0.9730948100484204 -0.22744256776074467 -51.82350818606785 -0.9893358344962715 -0.0034094303554077494 0.14561243891306336 92.76311911251004
0.14187027410543382 0.23008436285167733 0.9627741226769546 467.09133327806524 -0.03793309150127396 0.9731610997509583 -0.22697699112609887 -51.95917147052571 -0.9891581804213107 -0.004319710943877705 0.1467904431594793 92.84329649650986
0.14239449806835072 0.22892525242320955 0.9629730192081317 467.6366284854586 -0.038705640488817986 0.9734304559763685 -0.2256878835294119 -52.104527655769495 -0.9890529208865446 -0.0051357745866228485 0.14747183970230587 92.93111804871049
0.14316104383076417 0.22802134090707915 0.9630738204417232 468.2308269293048 -0.03899632445866367 0.9736412470095398 -0.22472652002026564 -52.262783158233695 -0.9889308379295255 -0.00538425599703418 0.14827949143208505 93.02598521690838
0.1439603435845428 0.2275788328039269 0.9630593410245373 468.85301251392997 -0.039105719361784856 0.9737448149147613 -0.22425828443964121 -52.42414562231423 -0.9888104783972563 -0.005376828639240434 0.14908027208710936 93.12619746921736
0.14310632660754777 0.22793658276690978 0.9631020161547951 469.44829182643036 -0.03982934557436466 0.9736560485619639 -0.22451619614143 -52.57565910863937 -0.9889055579356429 -0.006230034931097237 0.14841490541298616 93.22170556057918
0.1424688466752558 0.2292641079850213 0.9628814031420736 469.9399929812207 -0.03979453633170014 0.9733448975187331 -0.22586745084758983 -52.70535619453575 -0.9889990003054406 -0.006138343756719815 0.14779478384150405 93.30312674751465
0.14047925829580749 0.23130153934575734 0.9626864369486755 470.4347950029414 -0.039425213585600444 0.972864062313994 -0.22799379112519533 -52.83394630170756 -0.9892983526330076 -0.005925719719345827 0.1457863344879011 93.38033889430942
0.1389247439325792 0.233384858077376 0.9624091767764187 471.00194337781164 -0.03832141309473332 0.9723721448729374 -0.230269149417855 -52.97869763649554 -0.9895612082239701 -0.004890797010963341 0.1440301887900848 93.46609112001988
0.138528893166508 0.23471267073180338 0.9621432886820963 471.5514155278875 -0.03848192353503664 0.9720522238383265 -0.23158932551394518 -53.12050969483349 -0.9896104725189094 -0.004943311532188462 0.14368951371617186 93.55470287264531
0.1380822416633116 0.23527670080455348 0.962069731670087 472.10260880704936 -0.039762230896847994 0.9719085127575293 -0.23197587767599873 -53.263429620056186 -0.9896222812423607 -0.0062222896082188206 0.14355843263525456 93.6440248595557
0.13754630681866004 0.23516844628882766 0.9621729654020836 472.6316905004094 -0.039912351727135496 0.9719328096301852 -0.23184826448343263 -53.407001568602155 -0.989690869746786 -0.006512713295457171 0.14307189418391977 93.72622233589269
0.13789750209196203 0.23387390238671044 0.9624381937034721 473.1766102715884 -0.04043903198040643 0.9722407206166719 -0.23046185338849107 -53.55630624755268 -0.989620615998514 -0.007139954984582709 0.1435272010231272 93.81410249676502
0.1370485499469193 0.23278529506744766 0.962823297058085 473.75767479855773 -0.04093468195793417 0.9724953458717912 -0.22929708692154005 -53.71443098269884 -0.9897181653230595 -0.007988032177112801 0.14280806899992696 93.90777175775129
0.13564373716943062 0.23208658515895583 0.9631908396345757 474.2756678143899 -0.03972407516455259 0.9726682612611908 -0.22877598516332454 -53.85495840369507 -0.9899609964130027 -0.007229835709281151 0.1411557829370991 93.98610785954078
0.13389319913244999 0.23134925028181128 0.9636130632261665 474.8248325387349 -0.03790967184179133 0.972852493293367 -0.22829998483075664 -54.00002443278234 -0.990270401459581 -0.005962439678487771 0.13902870677005752 94.06919128037683
0.1326223244988083 0.2308042188881292 0.9639194632270721 475.39991327544607 -0.03685151794023681 0.972985795514092 -0.2279048208206796 -54.15058077569218 -0.9904813398898672 -0.00529662829033325 0.13754512371843966 94.15598758075275
0.1321597859309214 0.23001037660093723 0.9641727115193528 476.01198283572893 -0.035815262466755635 0.9731777776076268 -0.2272493787562764 -54.31235347098902 -0.9905811718163855 -0.004498869476985015 0.13685284876939405 94.24690549794005
0.13023838064470603 0.22927077581836325 0.9646102194994018 476.554864224913 -0.03490434782002511 0.9733538253842686 -0.22663631022646352 -54.45372180057232 -0.9908681298287361 -0.004152344572972349 0.13477057291650857 94.32441590949679
0.12839347321049582 0.2281661957787985 0.9651193206753095 477.0499164666991 -0.032856463607358374 0.9736184038839041 -0.22580446500849813 -54.58202011643479 -0.9911788783242699 -0.0027185883076480803 0.13250298276434955 94.39134544001944
0.12655783242733343 0.22722452205378743 0.9655838294155078 477.54627963349986 -0.031471343272061955 0.9738405304389013 -0.22504260891468464 -54.70671042478711 -0.9914598678736021 -0.0019073153654532498 0.13039820759561724 94.45668760021505
0.12397430339662885 0.2263325457484344 0.9661283304159687 478.0100255774362 -0.03037928990505424 0.9740488665447061 -0.2242897775821145 -54.819544058885505 -0.9918202815239155 -0.001544123700465558 0.1276328517263968 94.51360564883436
0.12246923442326035 0.2251522919843708 0.9665959507643093 478.5925421173001 -0.02869764683339429 0.9743235056083023 -0.2233162588916691 -54.96364917565446 -0.992057322782308 -0.0003896579648940831 0.12578599477153302 94.58807262288511
0.12087983286427671 0.22440777514796842 0.9669690876443968 479.0871407486591 -0.027286830052968454 0.9744951817384789 -0.22274328199554283 -55.09217796843519 -0.9922920411412957 0.000539649538234783 0.12392019151861795 94.64845248482425
0.11919492975025982 0.2243744380517985 0.9671859595086993 479.5423643104205 -0.02593910187291406 0.9745018872062644 -0.2228749309039749 -55.20822268272562 -0.992531980198044 0.001477626598444738 0.12197575539335007 94.70456136007645
0.11804568131211206 0.22478845998091773 0.9672307715240246 479.9584130604463 -0.02486866034892626 0.9744048262171162 -0.22342064447413354 -55.3130120160254 -0.9926967144380011 0.0023201086600791163 0.12061446944623357 94.75657561959775
0.1162426312085249 0.22558001966869834 0.967264857945321 480.3797488622607 -0.024283298323887703 0.9742212186663701 -0.22428405766509982 -55.41733093925934 -0.9929239508201146 0.0025829878974163653 0.1187238647504783 94.80717366135428
0.11426536471881017 0.225770044188135 0.9674561042098804 480.83672334207625 -0.024275159882773806 0.9741782195610295 -0.2244716310484799 -55.53170895392396 -0.9931536351634308 0.0021641811815201503 0.11679543347867032 94.8623912111448
0.11321783667662541 0.22517067869659127 0.9677189090400038 481.274655410142 -0.023958694435631048 0.974316930118647 -0.22390288217240967 -55.63669050584484 -0.9932812806145089 0.0021645183039496188 0.11570485055219959 94.91347520180102
0.11309862543929393 0.2241577479113483 0.9679679772466899 481.67403503898726 -0.023991328978069066 0.9745508534330747 -0.22287900351250692 -55.73978215297056 -0.9932940738057395 0.0019844707541824113 0.11559820421709607 94.9602081039298
0.11393911099002767 0.22342212341001386 0.9680394794416993 482.1312341790643 -0.025662914398711496 0.9747216815169155 -0.22194381812836575 -55.86040692873742 -0.99315622830014 0.00044536703179253844 0.1167925846825921 95.0176504488021
0.11627196846627716 0.22250203436961163 0.9679740048422557 482.49931690518537 -0.0272712644641686 0.9749319583190016 -0.2208256207571898 -55.95512622210459 -0.9928429420021558 -0.0007220454672677986 0.1194251697375423 95.06406376017152
0.11905685879631442 0.2215186385353256 0.9678610216115763 482.8525662780441 -0.028425712773562456 0.9751551943402355 -0.2196914331615338 -56.0438110458909 -0.9924804497957948 -0.0013563674683849964 0.12239573947005404 95.10887570964333
0.12158775036588891 0.22071697806650978 0.9677295255153393 483.16527899684615 -0.029274625446838072 0.9753363643944611 -0.21877379320827703 -56.12679575423609 -0.9921488876503884 -0.0017297060381015797 0.1250503612594228 95.14906294839895
0.12586777999620552 0.22034502717740445 0.9672669595085988 483.45800151599366 -0.030960359994404496 0.9754188275031606 -0.2181732501049842 -56.207640909508335 -0.991563794250192 -0.002485950631808312 0.12959576374871418 95.18933593845522
0.13088034611940572 0.22012372601917612 0.9666518919668511 483.7543783611815 -0.03321969370440051 0.9754652135066358 -0.2176328770857812 -56.28327461302419 -0.9908414539924356 -0.00362801348996922 0.13498166752661722 95.23298006777246
0.13759124616453972 0.21991816808984915 0.9657663528633038 484.0526983688182 -0.03573874313816496 0.9755072320655821 -0.21704465537452525 -56.35856679419723 -0.9898441247074142 -0.004651831010130309 0.1420808546232035 95.2793909519271
0.1467700738453046 0.21992261152614698 0.9644130807713865 484.3463968082058 -0.03776591093320718 0.9755063998292268 -0.21670486811237388 -56.433432679412604 -0.9884494328972134 -0.004616149015742307 0.15148072409859797 95.32966997646395
0.15879988725100933 0.22009208533824 0.9624666590487823 484.66736405139994 -0.03972489524552524 0.9754714947841554 -0.2165116522529282 -56.51962009855481 -0.986511291626605 -0.0038518612417290862 0.16364789842272856 95.39020419279731
0.17351179447673315 0.2201419184571129 0.959912075617074 485.03315967605204 -0.041952110868700404 0.9754639217281822 -0.2161253289189647 -56.613286644413485 -0.9839378423310683 -0.002770044167888353 0.17848991367633002 95.46880420858331
0.19055202416305086 0.22003786586022084 0.9566991500336128 485.3603435857351 -0.04622773881649469 0.9754859887404136 -0.21515130010076053 -56.70137682473456 -0.9805880492088777 -0.003228522698204683 0.19605268268990642 95.54950610199539
0.2083599156118048 0.21991496797294205 0.9530076350311654 485.7085652735318 -0.05017931077828284 0.9755137845853626 -0.21413755591617956 -56.790519374839086 -0.9767641385391111 -0.003203583212292181 0.2142931513570693 95.64215506126517
0.2291861794560386 0.22011255000210103 0.9481688459751832 486.0408902380945 -0.05392622568069763 0.9754719579237551 -0.21341607598357354 -56.877419099220035 -0.971887677321908 -0.002219152082289796 0.23543453024961467 95.73577781798865
0.2502864804799676 0.2210808045891699 0.9425921469708675 486.3531718478245 -0.058018441418692786 0.9752546370086039 -0.21333601066992383 -56.956129411769666 -0.9664318590279867 -0.001292607990537366 0.25691981437850664 95.83573339505986
0.27647603853435854 0.22314089227056222 0.934756194049036 486.67309835141083 -0.06432369790323363 0.974785635684271 -0.2136713044647353 -57.0361470127791 -0.9588657163567773 -0.001051979232308081 0.2838581183184539 95.95227416754439
0.30116395959371156 0.22511465185915594 0.9266194812112262 486.9802333067276 -0.06980924402838619 0.9743322531492399 -0.21401712529913866 -57.11528549572694 -0.9510136375941287 -0.00023236060937928407 0.30914884298428924 96.07874644046174
0.3235829298481256 0.22530980472286238 0.9189829048500529 487.2520813931348 -0.07475745865561594 0.9742871682425103 -0.21254608011755896 -57.18662403344274 -0.9432419678355339 7.545681762821858e-05 0.3321062848246202 96.19975373481903
0.340438016131817 0.2262717190677237 0.912635231799848 487.52500644779377 -0.07965329447283452 0.9740640415648272 -0.2117890356227482 -57.26328223328138 -0.9368870315314701 -0.0005933637389580492 0.3496317177654462 96.32627937869987
0.348445954736694 0.22777825988604808 0.9092318081495556 487.86917328182005 -0.08133651580037701 0.9737130127424952 -0.21276122770228562 -57.34911290217668 -0.9337932254118587 0.0001820417879120645 0.35781305039880607 96.46745376163835
0.3470744605732745 0.22853740154200006 0.9095658167027793 488.236304920492 -0.0810098545210518 0.973535012437101 -0.21369834587466255 -57.44358297488954 -0.9343322333561238 0.0004854436314354167 0.3564029209423403 96.61149084869625
0.3398521812683151 0.22942533187560762 0.9120660677719177 488.5852947910272 -0.07929954361775618 0.9733259027212455 -0.21528648232967043 -57.53681627415629 -0.9371297014123378 0.0008391576937662151 0.3489802552368558 96.74409811656832
0.32653570695832596 0.2301860212823227 0.9167272373434932 488.98605043822715 -0.0757970320032939 0.9731455080591453 -0.217353698113915 -57.64236738787688 -0.9421407761161341 0.0014885397264175356 0.33521417366926004 96.88028519620471
0.3086791075376261 0.23074727732645317 0.9227528935615407 489.4852176190209 -0.0716495628228712 0.9730124131788954 -0.21934717674743162 -57.770149300468375 -0.9484637835558402 0.0015930493420710352 0.31688154486610215 97.04380450523918
0.2873451778987518 0.2309512018016924 0.9295667222554177 489.93909153461675 -0.06676037615537443 0.9729642199211908 -0.22109653757744963 -57.885859497506274 -0.9554976718516488 0.0014727998836998575 0.29499496596819214 97.17448312485286
0.26455150173763653 0.2307834195473102 0.9363501034284151 490.38818602025896 -0.060787756201334295 0.9730031272290641 -0.22264268031638404 -58.00154116581767 -0.9624538179177025 0.001981833622290981 0.27143824474661815 97.28908823873252
0.23878025002281406 0.23098079906384011 0.9432029806265799 490.93678048881816 -0.054063395945528475 0.972954747278304 -0.2245800725074324 -58.14581266859825 -0.9695675022492624 0.0026325296648487084 0.24480998421160058 97.4189228990977
0.2146445385498345 0.23118759902660482 0.9489362550387855 491.41755388222026 -0.04727208503036189 0.97290206737194 -0.22633364151244273 -58.271779825017234 -0.975547575491634 0.003723084704154996 0.2197568351443811 97.52110950007705
0.19135085388812714 0.23033144865464453 0.9541133446697673 491.8901459133746 -0.04020127139109389 0.9730991229088883 -0.22685227521999307 -58.39478816251535 -0.9806980720358426 0.005051807062876189 0.19546296516367265 97.61008941300008
0.16932619062192905 0.2304411745562092 0.9582408393710914 492.41907394912596 -0.034222154256657505 0.97306893359991 -0.22795985308988848 -58.53198696561157 -0.9849657279964081 0.005806507718458649 0.17265224916176353 97.69299771029404
0.14730379337906915 0.23080265995876215 0.961785695782636 492.93900962280065 -0.027773204101280084 0.9729750030041643 -0.22923414375478854 -58.67025714496799 -0.9887012903754497 0.007055188516420098 0.14973303818767764 97.75891582713099
0.12831728115866597 0.23089857943069875 0.9644794043280166 493.47409071138065 -0.021840985582872847 0.9729411290439174 -0.23001854439047298 -58.813564662509066 -0.9914926357289856 0.00845017346735313 0.1298882129508099 97.81718750059945
0.11008899366760747 0.23155084893608183 0.966573648425316 493.97743186672426 -0.01589466735209279 0.9727704542544313 -0.23122500487488415 -58.94405061705308 -0.9937946332230894 0.01009196148444427 0.1107717440973853 97.86210569687421
0.09376852514529721 0.23217076480565646 0.9681447204119978 494.4441864802295 -0.010384507706117822 0.9726043991099076 -0.23223446090482266 -59.06838008285781 -0.9955398664502453 0.011722576577202461 0.0936106591506235 97.89521181879121
0.07905178531081745 0.23162981565648846 0.969586738635645 494.95775180929667 -0.004991341394595782 0.9727103534152755 -0.23196908171092318 -59.20856580052977 -0.9968580148397513 0.013498031621955888 0.07805063351490234 97.92645223426042
0.06744950995535352 0.23033354181412513 0.9707713547082736 495.4812062086542 0.00013454219075808077 0.9729850406775468 -0.23086812797809148 -59.35457849637363 -0.9977226796586197 0.015702551801219496 0.06559637460826925 97.95570047686068
0.05792533760275847 0.22949016999396177 0.9715857744634506 496.00650522176977 0.004796685428179994 0.973144678290076 -0.23014436105324226 -59.493820120373954 -0.9983093944627114 0.017991581137975745 0.055268941871959555 97.97934428050816
0.05224061127779538 0.2294601587164625 0.9719150961350133 496.4444312479471 0.00783228438709743 0.9731199571493688 -0.23016560194539826 -59.61177235981492 -0.9986038122571922 0.019636307173791646 0.049039184189528934 97.99212111198939
0.05127308064335749 0.2302806133315992 0.9717725610064094 496.79448078217376 0.009230676150495408 0.9729016050458292 -0.2310351954076497 -59.709848854351456 -0.9986420108422936 0.020816004008177742 0.047758016688165005 98.00939383834296
0.05338841385052175 0.2300597165064167 0.9717109673701876 497.22045447284745 0.011464707908184223 0.9728934249916219 -0.23096957392836012 -59.82087117044802 -0.998508005846273 0.023471481611844067 0.049303669354718235 98.03567154473917
0.05884142252268916 0.22988764260080108 0.9714367497551994 497.6603781610242 0.011953518753697894 0.9728908152072402 -0.23095578597383865 -59.939805174551346 -0.9981957725741514 0.02520185439277628 0.05449831327898037 98.06497876657852
0.06774942310425329 0.2298556594196441 0.9708637347752747 498.1046385396288 0.01105352453745985 0.9728669106769564 -0.2311012628809539 -60.05562950714181 -0.9976411355113302 0.02638844335371719 0.06337045678411161 98.10174994695483
0.07946385399130777 0.2300126689603083 0.9699379712263034 498.58568273758243 0.008550615755660651 0.9728218140779041 -0.2313970722035433 -60.18802848352646 -0.9968010748785552 0.02668127005837939 0.07533742064223195 98.14965215523091
0.09196263607239258 0.23012635160895867 0.9688058298037645 498.9551894848744 0.0067822524337695575 0.9727613302700903 -0.23170972224549968 -60.29567030944556 -0.9957393607860129 0.027879322558334533 0.08789692119265022 98.19454431366549
0.10547587351031645 0.2297678520216622 0.9675130873970547 499.3129796828815 0.004740410863637194 0.9728130513921545 -0.23154329086787728 -60.393376052056325 -0.9944105634053146 0.029008640409950572 0.10151911233598565 98.24254918335664
0.1191318502771182 0.22962172569259592 0.9659614202127838 499.71079525489546 0.0029596321674175328 0.9728034619085564 -0.23161317984121446 -60.50116990248134 -0.9928740317013934 0.030451397154796677 0.11521228052745457 98.29806029623117
0.1343339126288566 0.23010627281006915 0.9638493155733807 500.0567954404292 0.001645158785718415 0.972612306766836 -0.23242761061943804 -60.59277778660404 -0.9909347573732533 0.03280859550710952 0.13027625528260436 98.34878139583039
0.15043507524495237 0.23285738908985942 0.9608052479468943 500.34861069905776 -0.0017099905624418346 0.9719250140107805 -0.2352846001599289 -60.669784052860734 -0.9886184117587118 0.03375208862270346 0.14660979655290163 98.40595058547021
0.16549820760328604 0.23731948795309266 0.9572302773720518 500.66530964138315 -0.004824800899542881 0.9707981891924082 -0.23984911331297 -60.754101784342424 -0.9861982886703745 0.035076152845199424 0.1618103795348145 98.47284982323293
0.18139315481435844 0.23981870690669627 0.9537208769886963 500.9972647719808 -0.008426758650187107 0.970152818881055 -0.24234788580837982 -60.8362019358353 -0.9833745538324354 0.03592347191934317 0.17799997483178023 98.55632848066573
0.1967208651640771 0.23880340232961367 0.9509331397342778 501.3918888808172 -0.012675202762300608 0.9704235164860917 -0.24107579282395825 -60.939872146926746 -0.9803776009497704 0.035371368174921564 0.1939294352835652 98.65458857610328
0.21150818824309067 0.23601061422360411 0.9484530965102682 501.7458797641001 -0.01576197559981577 0.9711048326694145 -0.23813224076402698 -61.039253235176844 -0.9772491219905556 0.03541742424150206 0.20911661729470774 98.74436071567904
0.22440251959481552 0.2344224722522604 0.9458803379406033 502.063870193873 -0.01839934064371918 0.9714810812843213 -0.23640214248292943 -61.12843688369957 -0.9743228281546984 0.03564566186481639 0.22231602130040987 98.8273032154248
0.23671748266969636 0.23440996214829546 0.9428768758667007 502.3561941212444 -0.021923863359456154 0.9715003856600902 -0.2360219160961298 -61.20533870898794 -0.9713311369527452 0.0351990100418615 0.23511029768633054 98.90565709477464
0.24868501857544223 0.2348170689716178 0.9396896858302234 502.60181156486556 -0.025453469886909698 0.9714173872325141 -0.23600928086214984 -61.27248483632475 -0.9682499070006891 0.034773609273861084 0.2475538601824271 98.9785434688685
0.2597666894529495 0.23555228366716754 0.9365022096662828 502.80507905801466 -0.029496445308736498 0.9712768038664128 -0.23611719544580367 -61.333808966471196 -0.9652208176188485 0.03371189597493889 0.2592533149353567 99.04571829388112
0.2713024816771325 0.23602835846314696 0.9331053410183734 503.0907984430466 -0.03322770060219819 0.9711849158587356 -0.23599953203586868 -61.417955866628766 -0.9619204142487646 0.033022313814302366 0.2713275574685141 99.14307967662432
0.2813319424131741 0.23559166553309133 0.9302413156323297 503.29829386970215 -0.03692851069732835 0.9713345752211144 -0.23483063700823129 -61.488809422512276 -0.9588996940638277 0.03171293287222323 0.28196749212087197 99.21485300248963
0.2902237724306103 0.23520352466247257 0.9276041525901488 503.5500163044957 -0.039426229855122175 0.9714408799005082 -0.23398330978412696 -61.57249779260653 -0.9561462933649594 0.031335584316764226 0.29120842508411476 99.3028108055908
0.3004894868633749 0.2360126200195011 0.9241234287020912 503.79657156655486 -0.0420663261719171 0.9712376757108586 -0.2343668096855096 -61.64806390553013 -0.9528570157620595 0.03155028480531228 0.30177489465116225 99.39014355837868
0.3116087508607363 0.23763171841304892 0.9200169307089223 504.1046112358977 -0.045870407798908226 0.9708574182277427 -0.23522707998978515 -61.73711749146752 -0.9491026773091349 0.03109726477071708 0.3134279311873886 99.504389257116
0.32070448785769035 0.2387951477391051 0.9165836071434992 504.3800384631014 -0.048849042402775766 0.9705801673763957 -0.23577088402077223 -61.8248486344307 -0.9459188139181198 0.0308385491205945 0.32293432980076336 99.61070338902657
0.32737315290705066 0.2391839185443002 0.914121366048012 504.59874064328267 -0.05117863386691728 0.9704998996447931 -0.23560707167858883 -61.90109051906574 -0.9435081166535915 0.0303479471997194 0.3299567182367258 99.69706364645296
0.33373480660248256 0.2383691191617117 0.9120313820763332 504.85112366752696 -0.052427235484842474 0.9706971077139402 -0.23451761139668215 -61.974123082668555 -0.9412079811823818 0.030451405646665385 0.33645244545510683 99.7962922309426
0.3402099194423246 0.2373464877170625 0.9099032121502896 505.09401916986684 -0.05324393700573395 0.9709320887516332 -0.23335801294259767 -62.04710574919186 -0.9388409310874613 0.030943881475376873 0.34295798913870085 99.89259329203293
0.34625694467949636 0.23660315878001667 0.907813347289261 505.32813099962067 -0.054558464185886404 0.9711147739401793 -0.23229177734218157 -62.11612088216219 -0.9365519218104743 0.030903739101122624 0.34916393952221364 99.98515753694004
0.35323877543052884 0.23616300733457446 0.905234445599053 505.5478243691986 -0.05699091175832264 0.9712483974799446 -0.2311462445500534 -62.182204022296524 -0.9337956968787612 0.030059679960496428 0.3565417396762641 100.07895604285582
