0.9999966924966315 -0.002323440265162162 -0.001103005499290961 -0.007979204602180481 0.002322649794635379 0.9999970453187306 -0.0007173923193307397 -0.006547479399323463 0.0011046690584619234 0.0007148280510568172 0.9999991343631895 0.9961789690256119
0.999985058443301 -0.004666068589339138 -0.002847928030605265 -0.016622098899349576 0.0046685320615190255 0.999988733425118 0.0008589710232372874 -0.0030028006975617097 0.0028438879265001694 -0.0008722538321928202 0.9999955757275697 2.251986641837806
0.9999575603079984 -0.005862530476121669 -0.007106920521032468 -0.019850369061006574 0.005897565824289526 0.9999705113400732 0.004918858365557723 -0.009692548192430516 0.007077873990394288 -0.004960563142304472 0.9999626475589412 3.364816704478906
0.999888376587848 -0.008237359073387605 -0.012465162654956757 -0.023757343710008358 0.008299760105619648 0.9999532421469213 0.004962610406830148 -0.026923960457653447 0.012423701006850342 -0.005065514323037025 0.999909992058253 4.12309932589711
0.9998067599068651 -0.011842123853549888 -0.015690982989395363 -0.03513141838527807 0.01187941203366883 0.999926825731409 0.0022853342079936956 -0.04524885587764307 0.01566277160245383 -0.0024712922419428142 0.9998742772470867 4.793964022806351
0.9996654499842161 -0.016017005361207873 -0.02030870865204983 -0.0405653421919432 0.01602318156336972 0.9998716105845441 0.0001414201425505394 -0.05620578461285732 0.020303836101635914 -0.00046678295648898833 0.9997937469064453 5.570646865599331
0.9993933514274713 -0.021035806313258576 -0.027756512304657074 -0.05424191394390502 0.021085476226653726 0.9997765544048894 0.0014979835054593602 -0.06068941503311487 0.02771879894336566 -0.002082334036238769 0.9996135913792384 6.612401142358945
0.9990818952627882 -0.026914108259857884 -0.03333162664336261 -0.07843506146530471 0.027086553069876198 0.9996218879768749 0.004732834282070131 -0.06732338711294819 0.03319164354033482 -0.005631327918476062 0.9994331408078113 7.613563895789987
0.9986478027374113 -0.03150726833956882 -0.04135043082628924 -0.10088814151905123 0.03183834364923439 0.9994658408534206 0.007372437916927771 -0.06580378189983792 0.041096057735682895 -0.008678998153249183 0.999117505116211 8.455693037785586
0.9981424678000499 -0.03578144601742374 -0.04930823556901332 -0.1323393881193078 0.03623540021962352 0.999308453965479 0.008343237024588902 -0.06464519126478793 0.04897560356903042 -0.010114442843130582 0.9987487613514334 9.298540658853819
0.9976975187699152 -0.039207315089042856 -0.05533938456347099 -0.17512142818161258 0.039748649038567445 0.99917170285402 0.008715108456414287 -0.06742486102623407 0.054951851105890945 -0.010894707857798964 0.9984295665697852 10.05186565954087
0.997346065968117 -0.04232250437454618 -0.05924213299153898 -0.21478239510740532 0.04291359062009847 0.9990405539177286 0.008740444373658032 -0.07430157324220867 0.0588153758638952 -0.011259540453541333 0.9982053768192013 10.720065847441775
0.9970341542204857 -0.04484165692104713 -0.06254695134389852 -0.24338503139471127 0.045380506329121516 0.9989436785547714 0.007220576207912806 -0.08240227008517544 0.06215709905677278 -0.01003757341376995 0.9980159027574708 11.252727915893402
0.9964806130667693 -0.04794381825150275 -0.06875883996652532 -0.27311196043045816 0.04841179408948815 0.9988141591305604 0.005154969771810848 -0.08873214100422033 0.06843015399012607 -0.008465566240846233 0.9976199918872459 11.789504803551091
0.9956435467775915 -0.05173389087308666 -0.07757275485161502 -0.31556805195700416 0.052242544900721194 0.9986241022714154 0.004540800029235639 -0.089855764784575 0.07723110942122566 -0.008573616374724105 0.9969763531999265 12.407531357910733
0.995168731377918 -0.05407566941532131 -0.0819452138013506 -0.37235296234464005 0.0546139097565785 0.9984981169769087 0.004339499356731604 -0.09031474702223452 0.08158748034327618 -0.008793882581184381 0.9966273880846254 13.157511814587362
0.9940955804170502 -0.057462514665432875 -0.09204366574410058 -0.41135787327568346 0.05785393756972976 0.9983237955519654 0.0015878105663805805 -0.1082528740407995 0.09179814215421035 -0.006903523958226703 0.9957537057194376 13.937957671065039
0.9929386515926156 -0.05944249784193724 -0.10266169501692664 -0.4675673790736972 0.05970263239933466 0.9982160609944007 -0.0005396826957965079 -0.13285683710233742 0.10251063290228524 -0.005593301630836131 0.9947161831994281 14.781175338010637
0.9928917978660527 -0.059510693197266325 -0.10307451249216727 -0.5475175268586412 0.05993895788524523 0.9982014817504951 0.0010597918413315617 -0.14377466869652913 0.10282606215326881 -0.00723043749001367 0.9946730727810794 15.55257795090596
0.9919227732260385 -0.0637395219084134 -0.1096653331844251 -0.6285311010051671 0.06447537875620198 0.9979142521531115 0.0031734656040724074 -0.15423939766061892 0.109234323771461 -0.01021854669621985 0.993963502254287 16.362855205799217
0.9897467976638056 -0.07329876081076762 -0.12259106075830642 -0.7046147196767265 0.07421874837434124 0.9972376258741009 0.0029487167941982004 -0.15268076892532678 0.12203628109700454 -0.012017038095639485 0.9924528890035133 17.201355693477876
0.9853700201052843 -0.08651306169013454 -0.14683805240709666 -0.7384580563359078 0.08688451665933991 0.996210778093152 -0.0038944031517976966 -0.175750608828256 0.14661856718227456 -0.008920525098604451 0.9891528799884174 17.966407731503566
0.9810471872356299 -0.09584717417913695 -0.1684034905188494 -0.7958037350619753 0.09525552385441094 0.9953851807596289 -0.011607200323170875 -0.2133320293057156 0.1687388562017645 -0.004654151479557057 0.9856498045866616 18.724024618191024
0.9762976125648054 -0.10320705271511262 -0.19024004828142863 -0.895279992937781 0.10146585439766796 0.9946595275258675 -0.018897213904937284 -0.2588968144028408 0.19117440229175967 -0.0008535642200120606 0.9815557138219457 19.57081725293256
0.9722589476888458 -0.10918443288163229 -0.20686057685140014 -1.0313740095357427 0.10657826315198124 0.9940209747341205 -0.023735534797764593 -0.30470097439032245 0.20821530314192738 0.0010302450898674082 0.9780824740953951 20.50874829441859
0.9724649988160757 -0.10818229925148416 -0.20641806172501428 -1.2327918925223236 0.10596984600593225 0.9941308295171063 -0.021778097738538685 -0.34333363212647106 0.2075625636166803 -0.0006956524223183904 0.9782214975416244 21.45760395502548
0.9722213827619157 -0.10727527810967688 -0.20803268398739438 -1.4204186790021218 0.10526030033800376 0.9942278873549641 -0.020764806246086804 -0.3820744729593805 0.20905944626651252 -0.0017095941552803904 0.9779014394173691 22.321321661893062
0.9714820304455891 -0.10672593160824106 -0.21173625113255315 -1.5993700696312896 0.10468689162406207 0.9942866416058748 -0.020850156982666873 -0.4186065461937503 0.21275177847295762 -0.0019104571345682961 0.9771044114679501 23.139206678448787
0.9713490591565254 -0.10542180443267007 -0.21299588828400423 -1.7826519611747462 0.10303100199142128 0.9944275619661284 -0.022325694406778087 -0.4517954417671036 0.21416259688464717 -0.0002591375329137965 0.9767979908575579 23.981930885840846
0.97046183896133 -0.10598204672182496 -0.21672938170088007 -1.9587982542886682 0.10325998419782254 0.9943677263680837 -0.023878869760367755 -0.4853048289678915 0.21803943400967243 0.0007940593303278493 0.9759396368047156 24.760548784114725
0.9679336693272207 -0.10868088200463122 -0.22647930958354137 -2.0830958728192694 0.10525013937476055 0.9940735545612419 -0.027206180980997818 -0.5271424664507786 0.22809388405727946 0.0024967996861503788 0.9736359412259752 25.383616541791916
0.9639004061482374 -0.11420680926371556 -0.2405261144762954 -2.1703809870540454 0.10989632226463324 0.993449950084704 -0.031304872295004074 -0.5632274810529689 0.2425258859997641 0.0037418437300260907 0.970137718690253 25.86165955116478
0.961873572407712 -0.11776626553306722 -0.2468407126185239 -2.311028860916851 0.1127081902811721 0.9930264754957003 -0.03457286230745107 -0.6021362305354891 0.2491908797431574 0.005433752569079168 0.9684391461448923 26.460121900402584
0.961338883364453 -0.11869147359733927 -0.24847512033778762 -2.4853988245742906 0.11326902086992403 0.992909767455147 -0.0360599861804454 -0.6443817446401865 0.25099338685063927 0.006521333257649214 0.9679668341269688 27.15596376835471
0.9609364182580628 -0.1196479577340649 -0.24957076406388704 -2.672241567854671 0.11427973822078068 0.9927981322413706 -0.035944541313467436 -0.6881435599622976 0.252074079384523 0.006019537200911117 0.9676892185378171 27.88685577589848
0.9605831147684425 -0.1196076846266531 -0.2509463715617507 -2.87078865849127 0.1146046267510195 0.9928115195324917 -0.03451182711542109 -0.7307531222917021 0.25327032820489775 0.004391863139524074 0.9673855758637022 28.6269652684636
0.9599677306460715 -0.11995582871921481 -0.2531255721465486 -3.052054676356276 0.1151159232078189 0.9927733880930528 -0.03390168311828697 -0.7747987500085136 0.2553630363663518 0.0034057378829868497 0.9668392423806708 29.33933604724796
0.9595303330376905 -0.11940325851079504 -0.2550380399814562 -3.220831038388887 0.11452840780895523 0.9928401776089345 -0.03393560858752376 -0.8063232942291403 0.2572640351571207 0.0033531451600305228 0.9663353313587428 29.978177870827523
0.9589019224816057 -0.11918016758473071 -0.2574940595733348 -3.403030790441674 0.11405385510714434 0.9928645426400072 -0.034809741502176424 -0.8500841005461244 0.25980535251660836 0.004010937885997172 0.9656526762666768 30.66321288147937
0.9585585785279939 -0.11897280712245045 -0.25886468027870335 -3.608260996579717 0.11367466524598742 0.9928873029928482 -0.035395960741318094 -0.8938359731086463 0.2612346110522184 0.004502745939139371 0.9652648358183381 31.426032985977074
0.9584569815278162 -0.1175332520681885 -0.2598964201732341 -3.7894652641988418 0.11229845604351138 0.9930595710823545 -0.03495346981307503 -0.9301278143282096 0.26220082252126925 0.004315430454273627 0.9650036817179318 32.089915724622486
0.9586626923388699 -0.1145292600462451 -0.26047819661316846 -3.9864343386207994 0.10969118247167542 0.9934148928002714 -0.033086179147666116 -0.9706315655969293 0.26255225538081844 0.003146324186319753 0.9649126457035164 32.81168623842249
0.9587710549524685 -0.11307916599461856 -0.2607128044482905 -4.176227267754786 0.10841029932911948 0.993582382672031 -0.032268496140069554 -1.011079779386101 0.26268854406825926 0.0026741469167707635 0.9648769754500136 33.50990472380953
0.9592107197987387 -0.11173923640771999 -0.25967121147752603 -4.396508194491534 0.1066186198650332 0.9937264260832628 -0.03376773610804614 -1.0599157513647843 0.2618153259862034 0.004704588271757791 0.9651065236169175 34.320400284009786
0.959723960551862 -0.11122511797429221 -0.25799010189201765 -4.584328400605401 0.10549195177372436 0.9937681411724653 -0.03600457889761826 -1.1040343388220082 0.2603869575336275 0.0073385776707332135 0.9654764510976702 35.016110295520555
0.960235978624481 -0.1114364400226512 -0.25598590818669004 -4.731728343611442 0.1053776081396498 0.9937321525852851 -0.037309095687022134 -1.1398956522970196 0.2585390203776847 0.00885035328645269 0.965960271537527 35.572784558908985
0.960482483785977 -0.11253342399144012 -0.2545773493951972 -4.910619462655325 0.10671984482452776 0.9936160071172939 -0.03658011920314 -1.1820331133765247 0.2570686154725043 0.007966108526123974 0.9663603199914619 36.246590964606206
0.9611236984085652 -0.11232814526705112 -0.2522372378105716 -5.1051287329778035 0.10696652853672738 0.9936494057813297 -0.03491446925292315 -1.2240978510305927 0.2545572590405626 0.006576182120051822 0.9670353435622095 36.991628421693385
0.96206520074002 -0.11144040539509534 -0.24902125525834798 -5.272461216670598 0.10651121017417471 0.993756220197155 -0.03322554629645955 -1.2693552938831163 0.25116908972303753 0.005441586610741465 0.9679279299115506 37.65808424611525
0.9632883655448573 -0.10960206915844233 -0.24507735766917949 -5.4442482322025105 0.10484282859097702 0.9939601164511399 -0.0324232662987806 -1.3140085040671432 0.2471507760436166 0.005538351796938656 0.9689612069429884 38.3381565885154
0.9648585597527402 -0.10841538147154099 -0.23936178628229157 -5.619163250278339 0.10380711890807653 0.9940884710537724 -0.031814993037553495 -1.3569737055337439 0.24139602676074365 0.005849510950101866 0.9704090588436259 39.05022666996502
0.9661101491304641 -0.10785999355286889 -0.2345152479858997 -5.790044280307541 0.10358694799281798 0.9941526279162896 -0.03050076413256371 -1.3921643269701056 0.23643376229431828 0.005174378988066029 0.9716338311573152 39.77334248914961
0.9677232287506577 -0.10701956243253827 -0.22816346287946798 -5.954092519080443 0.10308365986451057 0.9942459301630698 -0.02913399085451523 -1.4258214488135406 0.22996850133298744 0.00467371489514765 0.9731868498822508 40.50320025214916
0.9690678518122465 -0.10724842373290622 -0.22227297224540174 -6.104699881728703 0.10330666146481945 0.9942173117537972 -0.029320141644389158 -1.4583009256837158 0.2241321759163359 0.005450927981624057 0.9745435111390089 41.15427537538136
0.9705589320664708 -0.10770684701483121 -0.21544046623630406 -6.230949447523771 0.10393400379105631 0.9941671506744008 -0.02879929471194494 -1.4878788048172469 0.21728571568778524 0.005559822485341869 0.9760922119000738 41.71454952584973
0.9721991217485837 -0.10671566728607766 -0.2084241685289171 -6.331780196473961 0.10304321855287586 0.9942704725467254 -0.028431013558737568 -1.5216358544000514 0.21026403111694483 0.006163909262800098 0.9776252060176501 42.18499983683727
0.9735851486787328 -0.10595703992866708 -0.20225000361375936 -6.4188325337464125 0.10222294783828459 0.9943430739080069 -0.028849961983153143 -1.5546705238535643 0.20416274686500033 0.007413302957041743 0.9789088904141211 42.62199828727017
0.9750627745983788 -0.10624578064756311 -0.19484460394658526 -6.520262618654681 0.10224251993727554 0.9942912477094353 -0.03051854920030859 -1.5824128983694492 0.1969747514515188 0.009836097956290726 0.9803592190965549 43.164506619109225
0.9761917074976588 -0.10734294777195619 -0.18848671511921783 -6.617725901013535 0.10331599810892736 0.9941625592924568 -0.031090355993944867 -1.6131565641042207 0.19072376555521925 0.010876454601624069 0.981583490074959 43.680379858699
0.9770513782749872 -0.10746776519588326 -0.1839056379090961 -6.723802763886696 0.1036824872388737 0.9941547332837439 -0.03010495190979213 -1.6449742242694048 0.18606597230796895 0.010346290800697822 0.9824827775669956 44.226437384771245
0.97819638920088 -0.10685779271581296 -0.1780821054746 -6.833479736954857 0.1033598098269056 0.9942260401104881 -0.028832809068251638 -1.6757482000697956 0.18013487687537952 0.009797617165652538 0.9835931236191968 44.78782746277716
0.9795682777090733 -0.1070953070126975 -0.1702250995650681 -6.931253650360726 0.10395945384287872 0.9942080019548333 -0.027255839845259488 -1.7084621700750988 0.1721581286572658 0.009002447713601041 0.9850281897856494 45.35921835878601
0.9812315508628728 -0.10734746240899815 -0.1601910294167291 -7.035114625648534 0.10436826554520603 0.9941742681535355 -0.02692191836532313 -1.7332002021755561 0.16214779905483767 0.009697775813684575 0.9867188274305607 46.00355686814153
0.9821831977074265 -0.10898976754880924 -0.1530927715826977 -7.131477842470179 0.10617399932715331 0.9939950757224028 -0.026473974134871715 -1.7589043486766502 0.1550588533689489 0.009747820744798616 0.9878571414848581 46.66235314080111
0.9833552132569516 -0.11010344554849663 -0.1445328884327917 -7.205460381003189 0.10755851013046762 0.9938760386636105 -0.025329561165663622 -1.7838860807816224 0.14643664657076344 0.009362213877081978 0.9891757465144555 47.20298883576727
0.9680298658431031 -0.1328291132779209 -0.21277830129406175 -7.108212581872817 0.1245659300256811 0.990856029181338 -0.05184263218462539 -1.9146144546063955 0.21771887357926142 0.02368028928865685 0.9757242110281903 48.27030114424346
0.9471580682055879 -0.15751342072341482 -0.2794299842985163 -7.071100445039914 0.1402390090703956 0.9868068082705295 -0.08090329712617146 -2.065983476848903 0.28848676601884893 0.03744122651490708 0.9567515562511758 49.254114930086416
0.9514154709080135 -0.15822571821786036 -0.26414621672726507 -7.206859373613803 0.14162557233040055 0.9866111844030082 -0.08087377864908833 -2.1169825782518696 0.2734059234526048 0.03953470507462382 0.961085952511893 49.77077849212747
0.9549763066141074 -0.16021614164351744 -0.24970190580479193 -7.323439203536247 0.14468744848398218 0.9862805471729823 -0.07947467847912362 -2.1603625688621313 0.25900925863157065 0.039767703290854085 0.9650558189649431 50.259778240190826
0.9588767930702962 -0.1617671759912866 -0.23320951199089346 -7.454357132978399 0.14789498018030883 0.9860854801627453 -0.07591113653263411 -2.2115807462038566 0.24224444379323268 0.03829891100298084 0.9694590361986911 50.830703193645576
0.9513654417002442 -0.17312196478994635 -0.254818723106779 -7.473169744256924 0.1551827467109854 0.9838635653742812 -0.08905503833160062 -2.3029028629551282 0.2661242406503679 0.045180416512879344 0.9628793374571857 51.47337771488508
0.9342377333024193 -0.19354239167440604 -0.2995683566381965 -7.422900289088562 0.1668435349588591 0.9795405705335104 -0.11253224214116506 -2.416738918915367 0.31521911825964943 0.05515082323806807 0.9474150590843347 52.09344817673346
0.9253290374412051 -0.20658070888442165 -0.3179474534965541 -7.40798540743054 0.17506718870570184 0.9765868633193797 -0.12501830998176944 -2.4871510907244416 0.3363296774101504 0.06002090559817825 0.9398296861582736 52.45619726432525
0.9260145037391492 -0.2119024343890014 -0.3124011798389255 -7.484008377987283 0.18031973375613577 0.9753629584073157 -0.1270900979032023 -2.553148138283584 0.33163524011005535 0.061355176366335966 0.9414104364464002 52.854839908486625
0.9321341511586451 -0.2123353084847052 -0.2933251455543115 -7.649741120555543 0.18339351168476548 0.9752876815768479 -0.12321021887971524 -2.637832041997429 0.3122382809901483 0.061054524280864005 0.9480398730797955 53.412980272522454
0.9143014782104154 -0.2320524112054422 -0.3319706092352014 -7.6893713975948925 0.19327093978639662 0.970235458180924 -0.14590921671551893 -2.8057257011548358 0.35594824170984957 0.06924474089917271 0.931936701220353 54.26521088882946
0.7824337399522915 -0.30715818605301626 -0.5417114465514755 -7.752640271153432 0.20047825422963086 0.9478246447461605 -0.24786470582326875 -3.4682693477078868 0.5895811328098203 0.08533634367862673 0.8031885185199383 57.012984127966185
0.5900682149330677 -0.38165312746928715 -0.7114495006805592 -9.030932871814736 0.17849776551043847 0.9210753684642646 -0.34606171894071386 -4.662392639077768 0.7873741483141832 0.07720787460701885 0.6116215289418636 60.58411785005682
0.5155532239617521 -0.4110855568855587 -0.7518068489863173 -9.918008990089497 0.16829483495972136 0.9088902187163626 -0.3815696775788201 -5.305027646407054 0.8401676748057647 0.07019426787006636 0.5377648584369021 61.84704736608715
0.5139105408000845 -0.4191868118839115 -0.7484506482041209 -10.249087777326395 0.1767310048133812 0.9054986038798806 -0.38579584019172874 -5.535383918199811 0.8394415453098679 0.06599011376101332 0.5394285836823914 62.22509017238256
0.5395489980113869 -0.41963096621482177 -0.7299292643390352 -10.591743898326662 0.19269520504046891 0.9054807894918475 -0.3781178358866901 -5.726420857329251 0.8196068793631014 0.06335923022604852 0.5694121277649802 62.52236274527562
0.5687899852416106 -0.42019912217057964 -0.7070435986669594 -10.950900980078547 0.2111214635539724 0.9054333452023012 -0.3682637438339553 -5.928465708012304 0.7949249526311769 0.06019265007329956 0.6037144727116253 62.86279951448754
0.46528092228550383 -0.46423582297124605 -0.7536569272735193 -11.637016242070965 0.20106910561307106 0.8846062485685007 -0.42076477961151415 -6.599852685368677 0.8620237108833565 0.04423670041692002 0.5049338929118472 64.11354981149445
0.35605861980032427 -0.5062964366904404 -0.7854210192377413 -12.351595237407942 0.18227268662396576 0.8619893786555085 -0.47302323282897424 -7.306754831781269 0.9165145536088182 0.025263200107175265 0.399202760190326 65.2024580728644
0.37361947817092744 -0.5129360192989987 -0.7728551776607196 -12.640760630929831 0.2010099772831176 0.8581665065506952 -0.47238251033163586 -7.507142883263785 0.9055404323186931 0.021139705302457366 0.42373297994822245 65.45519467284724
0.3909711990156956 -0.5201798876266247 -0.7593117976490175 -12.900414695949307 0.21982903617837501 0.8538767795935569 -0.4717728692112598 -7.688608984859875 0.8937654705755403 0.017530823702548243 0.4481918716656896 65.71643652823202
0.4258963608080991 -0.5217269445104936 -0.7391977308015512 -13.181412029845827 0.24266838487667625 0.8529337736991335 -0.46218614503758315 -7.860506065319084 0.8716216752879449 0.017463477749314324 0.489868025199784 65.93932296884586
0.46164046735996567 -0.5231183839902921 -0.7164043796816562 -13.506954940474706 0.26526002692126577 0.8520639511341016 -0.45124731721692696 -8.0699750391654 0.8464781137238001 0.01828057737408393 0.532109597242399 66.22818095662764
0.49839532397605435 -0.5241788285048148 -0.6905350510916332 -13.819002555009483 0.2907851071789433 0.8514439371620424 -0.436448442903548 -8.277875249290144 0.8167289161537842 0.0167265542572605 0.5767790737370284 66.53444874278867
0.5091373227703436 -0.5338790476834889 -0.6750943260069799 -14.13256582383404 0.3089514040674239 0.8454576519417286 -0.43560347645300945 -8.54142504269209 0.8033232328813944 0.013210647892931887 0.5953967268093053 67.00125347856819
0.5211897145121571 -0.5423668641207616 -0.6589381353287636 -14.460949631183666 0.327587410451551 0.8400882370568529 -0.4323635535892882 -8.82297965928176 0.7880658411582014 0.009483599660539431 0.6155179049687307 67.50239496804633
0.5599033821203776 -0.5407628751390567 -0.6277608745067695 -14.828083096251067 0.35292347905991256 0.8411380374770526 -0.4097948509162865 -9.073667338823283 0.749635391786174 0.007893971154922309 0.6618039472540151 67.91928147803252
0.5960187386200996 -0.5402422871559879 -0.5940538143823109 -15.161092650165559 0.37669181406044405 0.8414797904809308 -0.3873177499573473 -9.298660385179312 0.7091297063538924 0.007073427785554147 0.7050425704777019 68.35793572032172
0.6213340729379351 -0.5424837872995747 -0.5653806773524074 -15.58114199957423 0.3966415857771501 0.8400467879021184 -0.37013085060221934 -9.554628198901584 0.6757362075829183 0.005721420491841114 0.73712132183855 68.93660326869133
0.6301007282866066 -0.5459451993374266 -0.5521928209720817 -16.4655390593304 0.412523979218722 0.8378172719290722 -0.35761178032452945 -10.06692355117711 0.6578731175403348 -0.0024613365770586 0.7531247592796396 70.23938188020162
0.6269549593268902 -0.5504725895649415 -0.5512779762634142 -17.711161774068966 0.42392041151882626 0.8347460377595135 -0.3514122040318229 -10.790010619973435 0.6536198923480886 -0.013378362473108 0.756704734850002 72.13302051546746
0.6340630216928929 -0.556333823586322 -0.5370817081743725 -18.470553009246125 0.4389252464968581 0.8307491239209905 -0.34234561643488387 -11.236408765656051 0.6366386043190838 -0.018670025129371572 0.7709362604342322 73.34322404327517
0.6430607135884411 -0.5621987740054785 -0.5200052472291621 -19.038319293995055 0.4539857552291913 0.8267001645196504 -0.33236090629339177 -11.559447901971161 0.616741317480924 -0.02234673331654402 0.7868486327254904 74.29648883963996
0.65144664748308 -0.5683470268935189 -0.5025922029880223 -19.60251104667223 0.4709199558976005 0.8222932706014023 -0.3194810984409752 -11.859517990088117 0.5948543188213883 -0.028555807552012185 0.8033261512204087 75.27159696512379
0.6510725791333982 -0.5739985601260199 -0.49661871659638523 -20.375177633479908 0.4834852814377732 0.8180097161404036 -0.3116120776429157 -12.289689009178785 0.5851038192779315 -0.03722576088077919 0.8101035510311166 76.67591237500929
0.6464884899221027 -0.5802808173001924 -0.49530476019483166 -21.469310794814835 0.49424354803273635 0.8131165084140036 -0.3075139980108755 -12.8792629317018 0.5811849513074572 -0.045996921832237886 0.812470513653085 78.67769206002812
0.6451185018222183 -0.5872120171935244 -0.4888805226946237 -22.141648760766454 0.5044350514399498 0.8078863627505602 -0.3047374341305091 -13.221299060488672 0.5739053907095071 -0.050016714658031175 0.8173927640794145 79.92639414775255
0.6450060216911078 -0.5955490051141848 -0.4788409072852016 -22.31416073865438 0.514759808811044 0.801725469001305 -0.30374102717192497 -13.310038159986847 0.564791617514839 -0.050573262324503356 0.8236824472591542 80.3306791405521
0.6411294308159271 -0.6010078740112638 -0.4772238346081502 -22.751862112547048 0.521642789083808 0.7973887294449064 -0.30341393302072595 -13.548992226972421 0.562887069969201 -0.054412769923065624 0.824740805908613 81.21003031444089
0.6291223074806891 -0.6060154460804517 -0.4867755143206003 -23.652933181519035 0.5252164800612781 0.7930673665633147 -0.3085316858352988 -14.02936625524456 0.5730207424711734 -0.06155835608787389 0.8172256710930856 82.90675204333377
0.6094834084097396 -0.6116621545177341 -0.5043801974740584 -24.83591066191911 0.5263398237441953 0.7879511823845387 -0.31952984855837474 -14.677175561841004 0.5928712885729718 -0.07072724305055228 0.8021853229000717 85.06393356860427
0.5934468720418827 -0.6177074067189443 -0.5160022962625862 -25.689802784795184 0.5273604211036541 0.7827282205738739 -0.3304958683109891 -15.139801673817997 0.6080393049113534 -0.07598744897556761 0.7902620522846227 86.53878882437355
0.5765318181527096 -0.6241447867599091 -0.5273085887959327 -26.58909679073033 0.528447913689267 0.7770463549295806 -0.3419674908644296 -15.645463158150775 0.6231804435113409 -0.0814999843624527 0.7778199581997932 88.0481221458517
0.5442455668067449 -0.6298581946926741 -0.5541438600126236 -28.276340238184563 0.5241920181050138 0.7710374012373648 -0.36155781563689715 -16.63898383479976 0.6549957947698578 -0.09370154999580803 0.7498003256615626 90.7298974154012
0.5212428898179552 -0.6363107059195288 -0.5686954680199393 -29.400229605516042 0.5223261063507519 0.7648573281368513 -0.37705265709158003 -17.305169217626652 0.674893538596044 -0.10050847291421999 0.7310381374687381 92.38058902938769
0.5086278026875262 -0.6440156805600256 -0.5714381519692795 -29.67470571682571 0.5235175796481099 0.7582466811307558 -0.38857600846369694 -17.475874310955394 0.6835401247422445 -0.10151735687556647 0.7228188736608607 92.82127922506913
0.492845989178965 -0.6508554532750152 -0.5774859391295877 -29.945583034183016 0.5214980377555564 0.7522270875044766 -0.4027334173391096 -17.664377829136487 0.6965218069574788 -0.10267223464358645 0.7101519447737793 93.25486233522224
0.47577124112647273 -0.6555591872897147 -0.5864161304713785 -30.27453716399086 0.5165615429037893 0.7478720143439891 -0.41695518050975455 -17.906495442714977 0.7119030120106478 -0.10454473741472692 0.694452661719324 93.75175330809022
0.45223756489299816 -0.6564827514180032 -0.6037479457441656 -31.112101669066952 0.5077691973269971 0.746021678370574 -0.43083883024519737 -18.46069986584951 0.7332473164939293 -0.11172310634690275 0.6707207469302338 94.8270199317585
0.4257182220920267 -0.6554586536773486 -0.6238092246017866 -32.324286191656455 0.4968879377802431 0.7454993313031291 -0.44422193137561994 -19.24235504618192 0.7562184688747701 -0.12084990834115927 0.6430621486191149 96.2355368672467
0.3949028289334089 -0.6565700206442314 -0.6426255236851593 -33.67712038479805 0.4860973984892491 0.7428698898072027 -0.4602756196017993 -20.133597782172707 0.7795903250312793 -0.13061445099631946 0.6125183999755073 97.72452528361096
0.36184724191115336 -0.6603186368715903 -0.6580622093095279 -35.12219658714179 0.4738445562101715 0.7381835680838178 -0.480162843586455 -21.07954079346354 0.8028311840426214 -0.13807359490898324 0.5799980795809875 99.19946920175543
0.33540284664478875 -0.6693842831994209 -0.6628948724105282 -35.93373801881305 0.46416539340069224 0.7297377419679435 -0.5020291978727024 -21.63166444900036 0.8197898621181854 -0.13931083717043047 0.5554611351076879 99.99310983459746
0.3245082307442769 -0.6774169370745852 -0.6601520291142852 -36.2893791218814 0.4613512796192598 0.7226296621933356 -0.5147439830751004 -21.907322162164043 0.8257417301874067 -0.13752332414116367 0.5470264439168128 100.32071077885192
0.30846945043584556 -0.6828588862432691 -0.6622313339207155 -36.739991775824855 0.45561971770613663 0.7171914033697779 -0.5273017767558442 -22.279630015106648 0.8350193237196301 -0.13906916412739476 0.5323556110380729 100.7508203027902
0.281212857659643 -0.6867365500538231 -0.6703075708263118 -37.316525829897635 0.44420779330626475 0.7123094522097159 -0.5434102323831181 -22.745291315089503 0.8506460868380437 -0.1449419025432916 0.5053643040760347 101.30229404653659
0.25462338959482544 -0.6865997528844671 -0.6809902413472834 -38.320887537264426 0.4308215637541601 0.7109958618741892 -0.5557676354396686 -23.511097033324216 0.8657711647286843 -0.15187384151581004 0.47683815554920594 102.11195778613384
0.22563715897604605 -0.6871222466462248 -0.6906163121828676 -39.501055896952984 0.41565548656886125 0.7090365731293712 -0.5696469559737525 -24.397340131730193 0.8810893195212518 -0.15852493850749227 0.4455911297330481 102.98368045370759
0.21009056830083403 -0.6912016572066457 -0.6914493634286027 -40.3428691120882 0.4083801556136445 0.7046221891409779 -0.5802871867197765 -25.06508338981607 0.8883060292556888 -0.16046133380027836 0.4303075164844644 103.55410919773443
0.20872106826813774 -0.6957392671328768 -0.6873007986539926 -40.843072095937906 0.4079664890579326 0.7006524691765098 -0.5853626749653632 -25.496300938235887 0.8888188001312486 -0.1582181709105173 0.430079237963168 103.8712912809758
0.19122541459168516 -0.7006066666503928 -0.6874468266413519 -41.39588974309434 0.3982277855986839 0.6955163231072459 -0.5980565818286324 -25.996071048135274 0.8971329174606225 -0.1593968096807618 0.4120014386773284 104.27544445580628
0.15841376539192345 -0.702705815702727 -0.6936206567800001 -42.36046684660015 0.37807873759991745 0.6921205442058461 -0.6148378814476687 -26.810242064370446 0.9121192614506101 -0.1648444383828901 0.37531954921776234 104.92967735058212
0.126462663488496 -0.7014755393273221 -0.7013838196514368 -43.604838969919335 0.35943613569778293 0.6914154758507086 -0.6266979368952676 -27.834784277946568 0.9245609006972129 -0.17284879947394252 0.33957389979557706 105.64501781310372
0.08755287694266557 -0.7060551234104544 -0.7027237411991367 -44.58318825179009 0.3370390652131121 0.684825211118157 -0.646079792856304 -28.696208366539217 0.9374108823025977 -0.18027920823772747 0.2979265762194509 106.21589140880573
0.05177204004050846 -0.7137980453728162 -0.6984353987964758 -45.12479127247613 0.3151134700568887 0.675320948051384 -0.6668171549320608 -29.223720898627633 0.947640837479449 -0.18556391768048408 0.2598901221599628 106.54972535462758
0.024350283719141032 -0.7167908141302161 -0.6968629653391982 -45.66566398923119 0.2975925761161063 0.6706655941687247 -0.6794455971149512 -29.727807258113675 0.9543823774166087 -0.19083655199373092 0.2296425224120467 106.79536233247826
-0.004688561281139845 -0.7167138125132451 -0.6973516532896752 -46.70347355716808 0.27742027348610987 0.6690541664620183 -0.689495840595654 -30.669209015879527 0.960737221747969 -0.19669222987333662 0.19569404041883764 107.17119837559896
-0.03661189004215501 -0.7149091423273666 -0.698258181279884 -47.95467627363739 0.2551108980200353 0.6688891858809919 -0.6982160745234075 -31.826708074456 0.9662184014077528 -0.20369628182226424 0.15789181597800614 107.56904018654588
-0.06784883638335676 -0.7160472196441778 -0.6947466550054547 -48.75513238861739 0.23470341053765822 0.6653535785487513 -0.7086740609013171 -32.596556877049295 0.9696962640349902 -0.21114211979663283 0.12291525846846099 107.80121828769475
-0.1061196282629635 -0.7212496325627005 -0.6844980584526893 -49.15436942043584 0.21111933147251316 0.6563474827906273 -0.7243180307799938 -33.045848501270314 0.9716826911991029 -0.22137513266529998 0.08261838936635983 107.97199383323354
-0.14295817852721449 -0.726092679646732 -0.6725714681397147 -49.59248718393682 0.18634768998386947 0.6476509897134771 -0.7387981686230898 -33.54705801772468 0.9720275189673689 -0.23094937992249445 0.042718687755579805 108.11878006937944
-0.17005958867396048 -0.728582288832134 -0.6635115558150998 -50.015061835757905 0.16759663914799894 0.6421258250361128 -0.7480546713763568 -34.041365501728635 0.9710772898417206 -0.2384161765103687 0.012908289268453459 108.20482781053975
-0.19836575796952194 -0.7310521272185275 -0.6528505291063532 -50.466153085258846 0.14664023056755837 0.6364537055923779 -0.7572472009963634 -34.57606725966184 0.9690963155663491 -0.24594606711025072 -0.019048969230114073 108.28034674655242
-0.22854522242325342 -0.733570125293921 -0.64003277461687 -51.03866942536629 0.12308141464734224 0.6303851950788202 -0.7664629613972548 -35.251209432760135 0.9657215161090268 -0.25394758731222905 -0.053782675857411 108.33862958425081
-0.2567284518121653 -0.7368593728667342 -0.625402883466789 -51.56385805754151 0.10061445113714801 0.6231985435245111 -0.7755645089683393 -35.88720427165409 0.9612321437886384 -0.2620340435275047 -0.08585409588439434 108.37316108242247
-0.2846510405351749 -0.7391150950400661 -0.6104774045009022 -51.91698158701994 0.07839680501047862 0.6167407038533377 -0.7832527339081817 -36.351635569901504 0.9554201830013817 -0.2708131837529448 -0.11761162110609112 108.39759991898015
-0.3116546421390023 -0.7404474597062426 -0.5954905065975312 -52.325704692310026 0.05594248020330518 0.6113178115103677 -0.7894054549082363 -36.90659504017532 0.9485472170334566 -0.27933509042859134 -0.1490975664232574 108.39439256884545
-0.3390802778636148 -0.7411787533082644 -0.5793777876380329 -52.70385183701205 0.03301432041687782 0.6061087178160577 -0.7946963425326605 -37.43731649295466 0.9401779724133867 -0.2885936205666769 -0.18104999960472687 108.3757796313006
-0.36353618963324047 -0.7410360536689852 -0.5645414121122051 -53.19585233584896 0.01157354360721517 0.602364768690421 -0.7981370424487946 -38.09917381334629 0.9315081813464218 -0.29668544386813833 -0.2104049796973671 108.28584595040977
-0.38820279293856813 -0.7411070068621672 -0.5477764105312459 -53.79796234082349 -0.011071371344409645 0.5980997618355485 -0.8013451813225161 -38.91467098034414 0.9215074694712199 -0.305019801442565 -0.24038906887936715 108.13576096970222
-0.4159937756563801 -0.7417791887851434 -0.5260349928478194 -54.23667714522316 -0.03607180599987875 0.5914674155787432 -0.805521645345742 -39.55297732516581 0.9086517503571203 -0.31611695840916076 -0.2728040783769275 108.03072097089812
-0.4391901484885452 -0.7429353653413402 -0.5051327116666875 -54.47600177753668 -0.05915101404503113 0.5849546683985604 -0.8089061709841117 -39.93626734977189 0.8964447395171977 -0.3253845092254117 -0.30085170790288707 107.9772192589198
-0.46057757753100875 -0.7434994676743042 -0.48484723021143067 -54.728654424564944 -0.0813457915050292 0.5792906785375199 -0.8110518922756808 -40.36680962036897 0.8838841311394219 -0.3341120340957037 -0.32728885008863895 107.88559815928618
-0.4822328821819615 -0.7420392729126633 -0.46564918640294733 -55.2104992174273 -0.10507105546948013 0.576690847425526 -0.8101775976896427 -41.151502134624664 0.8697192194294724 -0.34176802651927163 -0.35606613908670787 107.63456464424506
-0.506556295899855 -0.7396872612943267 -0.44301633667746304 -55.769655084636696 -0.13096141276583145 0.5738630101993866 -0.8084122425416865 -42.09651950957227 0.8522029262156984 -0.35148826581238796 -0.38756440954453514 107.30037328873213
-0.5369903198344687 -0.7388826522910782 -0.40705506083007836 -56.19705739394202 -0.16609191527478412 0.5656869780546548 -0.807720074369672 -42.91286932751289 0.8270760981218305 -0.3661293063969293 -0.42649086615410015 107.04582397027146
-0.5613548583020981 -0.7368392500944745 -0.376760723245996 -56.65699509358616 -0.19641766988070822 0.5608750928061881 -0.8042631591887601 -43.81345776707107 0.8039283687115831 -0.37747456840145505 -0.4595782068275983 106.6671753759863
-0.5784413267311685 -0.7335249879081521 -0.3568567270541965 -57.13208084534378 -0.21692233128964172 0.5600427441403206 -0.799560396045007 -44.76744364365154 0.7863525505251162 -0.38508858312098443 -0.48306981838293334 106.16791405635135
-0.5964496657557221 -0.7295174248296072 -0.3347418753156956 -57.72297573149188 -0.24036737535157493 0.5602484371247515 -0.7926822904328511 -45.97914048772514 0.7658141557104348 -0.392334061189256 -0.5095121817427554 105.48642640502659
-0.6150335074381104 -0.7263747687367574 -0.3067792041045175 -58.438900953333075 -0.2688889041901677 0.5589544642994756 -0.78439063230198 -47.484918489541734 0.7412371698260892 -0.3999369977662879 -0.5390898402733086 104.55685577720585
-0.6319530808821976 -0.7229468978205267 -0.27925451920278566 -58.822040058901955 -0.2931012573073441 0.5565081201596465 -0.7774254724159955 -48.36743551624998 0.7174447410974291 -0.4094465717624913 -0.5635836657884881 103.99562960155943
-0.6397618986110002 -0.7223743885417366 -0.26244991115373606 -58.94401875372164 -0.305295894576366 0.5522339321662563 -0.7757783838951781 -48.727051758535154 0.7053361821432876 -0.41618857137498416 -0.5738361640890062 103.76015954868195
-0.6479789594775511 -0.7216953669203418 -0.2434729254765438 -59.10266946402246 -0.31995082325802354 0.5480057821992812 -0.7728655338237499 -49.219299628968244 0.6911980459831373 -0.42290124147591535 -0.5860032433248354 103.4545852595919
-0.6569451525375819 -0.7191573832428483 -0.22635309736046305 -59.26486704192842 -0.3342576347654951 0.5469282392166835 -0.7675554278020043 -49.78154787997275 0.6757920539325346 -0.42858156665288394 -0.5996857014862115 103.0891653571647
-0.6580915259936336 -0.7191128453299919 -0.22314179146178809 -59.42960355364253 -0.3381888695222278 0.5470934119653565 -0.7657134497417322 -50.420708086420376 0.6727137815941124 -0.42844546241675885 -0.603233498562407 102.59836003917603
-0.6641025455203663 -0.7175956834628721 -0.2098195513026035 -59.588810227332424 -0.35050500153048314 0.5467188625070885 -0.760424045701524 -51.00908360363267 0.6603893192166945 -0.43145674227483266 -0.6145982644053779 102.18142366391474
-0.6761378482393334 -0.7136128779039097 -0.1832873990976656 -59.77329806263915 -0.3739234512360518 0.5467124183598046 -0.7491907528973489 -51.663674258768886 0.6348376664896375 -0.43802076674614027 -0.6364895483078407 101.73974062629931
-0.68775232029624 -0.709004180928651 -0.1559160586752817 -59.98136071540723 -0.39867070235787716 0.548372244013673 -0.7350847251010512 -52.44376490521932 0.6066781824069651 -0.4433970606816245 -0.6598034779919553 101.16467931132982
-0.7006416977327048 -0.7027489879708348 -0.12347093303366556 -60.18996828273029 -0.4237825303290231 0.5490773689951497 -0.720362693263121 -53.322006321405276 0.5740292487201045 -0.4523913159680839 -0.6825192443078081 100.47955808693116
-0.712823978610355 -0.6960977463655061 -0.08561485281755349 -60.38631931283491 -0.45040165457043513 0.547924511119399 -0.7049234566070168 -54.26971906567912 0.5376061058789443 -0.4639252715895466 -0.7040973067000376 99.68754012600303
-0.7188915906282932 -0.6923318137454784 -0.06222170521468056 -60.4974250768619 -0.46470976142757586 0.5452397520895941 -0.6976807653756883 -55.01860290445665 0.5169523368337281 -0.4726418013857618 -0.7137016246478455 98.9835752178815
-0.7237743404888078 -0.6890160582296957 -0.03751766985845266 -60.55047009121222 -0.4803435671819747 0.542117861678412 -0.6894768172434261 -55.59838018457339 0.4953995978166427 -0.4810042573105175 -0.7233354290592094 98.44855615229389
-0.7281213591757659 -0.6852912966795979 -0.014667140390494705 -60.587468496249016 -0.4944576225764501 0.5399394490299334 -0.6811586091779942 -56.17189610160092 0.4747114342293476 -0.48871385296147574 -0.7319889508288149 97.90436551353739
-0.727469468089353 -0.6860340069288121 -0.012062932271888175 -60.58619917945763 -0.49728429365755944 0.539269864557765 -0.6796295641460535 -56.705294939118254 0.47275416897082995 -0.48841105077286273 -0.7334562980871133 97.32850873834799
-0.7270235577348718 -0.6865051660681674 -0.012140982672388216 -60.58748005276353 -0.4991450945688327 0.5405820118759759 -0.6772187704161751 -57.29445620185689 0.4714773812882274 -0.48629388788863437 -0.7356815435606333 96.696936040892
-0.7297198421126698 -0.6837451961148503 -0.0012078149396956154 -60.60324754498887 -0.5084642717502951 0.5438324482510413 -0.6676154226669145 -57.88079025265144 0.45713568705637714 -0.48655809007676204 -0.7445053314787957 96.11894154892941
-0.7346260552798913 -0.6779834255370749 0.025749438846760748 -60.63457855404826 -0.5273018727554675 0.5466507846564203 -0.6504810947468795 -58.601011120353846 0.42693944991355187 -0.491438087994344 -0.7590858395306692 95.43466830982608
-0.7387050968768104 -0.6715800343105234 0.057402416009273684 -60.648917978118064 -0.5478702749933514 0.5486519799714132 -0.6315213113206549 -59.320369686326465 0.3926231547259216 -0.49795708890317764 -0.7732307520941867 94.7335900148255
-0.7427052189091565 -0.6634242812044638 0.09086903165240032 -60.638329778665714 -0.566959848872518 0.5508192637040721 -0.6124987089773796 -60.089019613230896 0.3562941026337033 -0.506425080185457 -0.7852312720387546 93.92405937981525
-0.7448056828782011 -0.6557263468418363 0.12364243935558199 -60.58124920546473 -0.5856961232874974 0.5536388076820061 -0.5919832107369639 -61.06366133994499 0.3197257354645315 -0.513329356929748 -0.7964097095062057 92.78548073201682
-0.7440461258166262 -0.6490142123198758 0.15866919948144573 -60.4460288692025 -0.606962269968308 0.5573272319118642 -0.5665537568531156 -62.19675715043129 0.27927077450422616 -0.5178483453447277 -0.8086043072674918 91.32848600310848
-0.7412081279369287 -0.6434574931463123 0.1912405960932441 -60.24119459549365 -0.6263087076514574 0.5603827511225459 -0.5419488674813239 -63.28856295464877 0.24155312831796838 -0.5214725560930243 -0.8183632808488012 89.82123841258179
-0.7398402666938438 -0.6390729715747306 0.210290553237723 -60.04566724490704 -0.6353265218385084 0.5608072699776108 -0.5309005712832149 -63.949239766141105 0.22135173463735788 -0.5263847860101055 -0.8209278084156554 88.86497667277706
-0.7387272886589489 -0.6354235259088458 0.22476417800034407 -59.90218380346001 -0.6414363787842989 0.5603814686670702 -0.5239579959754638 -64.33485395039429 0.20698155705928292 -0.5312339901551006 -0.8215528484164655 88.32239059764285
-0.7351462162809611 -0.6267921384726867 0.2582472765328315 -59.78483089625293 -0.6562766055511601 0.5625581037658097 -0.5028214363903601 -64.75345411839533 0.16988542519602792 -0.5391289224631293 -0.8249114784446345 87.8207268241914
-0.7275573039458493 -0.6165973651563814 0.30077908630298267 -59.44251214481453 -0.6755671236022839 0.567578333978695 -0.47059950733687234 -65.66055158655296 0.11945472356832618 -0.5455845709696885 -0.8294986708470596 86.55232011171138
-0.7181460125308624 -0.6082140425617562 0.33814491437357225 -58.90340470489499 -0.6923187753783906 0.575258734352396 -0.4356283987641831 -66.73414654108369 0.07043449399682858 -0.5469488705372445 -0.8341977673630191 84.82377516208017
-0.7079437570580459 -0.602531303310352 0.36847206864790805 -58.30213387514639 -0.705737936078784 0.5832816509002217 -0.40213987778181254 -67.67777284027851 0.027378868161370043 -0.5447371331699742 -0.8381598017824301 83.09535477219711
-0.6958115932957389 -0.5984241474497551 0.39715836436399066 -57.64673372649608 -0.7181213425920522 0.5890319860208689 -0.37059824170940153 -68.53047282284781 -0.012164043284793933 -0.5430744508751503 -0.8395964369014568 81.37279714020362
-0.681500714401345 -0.5939330449006207 0.42755153425702497 -56.862682842478634 -0.7297281762615134 0.5956326576807724 -0.3357357977252155 -69.39637294528106 -0.055259072019926955 -0.5408005873510302 -0.8393337594069956 79.45695444035273
-0.6655447384856278 -0.5871741778145325 0.46073494113419217 -55.98495874443054 -0.7394624408661513 0.6024782849943378 -0.30035847692142253 -70.23260657815926 -0.10122005543553322 -0.5405981881380214 -0.8351695033701358 77.49527664412632
-0.6580423807147363 -0.5809665715464596 0.4790178158783205 -55.36971523963366 -0.7425859366660527 0.6060483143688522 -0.2850816853403165 -70.71003739146468 -0.12468501052285455 -0.5433077244032403 -0.8302230813189256 76.29212329313194
-0.6595102764222045 -0.579189300768823 0.47915128004465485 -54.96992623017942 -0.7413535260969951 0.6065409741412399 -0.2872333477006963 -70.95625084041222 -0.12426240234705192 -0.5446538355347547 -0.8294040359199024 75.61327564756992
-0.655882695227581 -0.5744538919015052 0.4897148314889187 -54.64960468680149 -0.7421011137099474 0.6094778697830597 -0.2789671365504561 -71.19547446418 -0.13821659499300754 -0.5463876392488392 -0.8260488608699987 75.04751704449107
-0.6421715363979213 -0.5659727007819286 0.5170015665449628 -54.21252889578408 -0.7464885004122739 0.6150468011990575 -0.2539140624050652 -71.56224097805227 -0.1742717320524745 -0.5489921076886436 -0.817457661963612 74.26747832160544
-0.6232950037531886 -0.5532678825867396 0.5526282551537712 -53.68012419789467 -0.7502258049568575 0.6224410293548746 -0.2229986693962129 -71.98131172982878 -0.22060049835199788 -0.5535899340429097 -0.8030402262982979 73.35747520064798
-0.6007614199198117 -0.5372355542995947 0.5919997259563067 -53.18723337153955 -0.7519513682579788 0.6311484214874733 -0.19031765506338708 -72.37422845777633 -0.2713942816473613 -0.5594905086328821 -0.7831446320053761 72.56677816492092
-0.5738025976269502 -0.5174697056752419 0.6348036567829034 -52.57193997687824 -0.7507618380861005 0.6420777737653732 -0.15521853919581916 -72.7820735004928 -0.32727242693228253 -0.5656511611805317 -0.7569224018517184 71.6551918630889
-0.5626380084824469 -0.5061846225806732 0.653617318676434 -52.021410187191854 -0.7481933598960568 0.6480720395177345 -0.14215951534377083 -73.01639632774217 -0.3516321481582108 -0.5690164843466213 -0.7433539351637671 70.95989228836979
-0.5582579166265343 -0.4994289951238771 0.662509454538846 -51.619162706561966 -0.745597943335541 0.6522503950458259 -0.1365764586463485 -73.16102681422822 -0.3639118099452327 -0.5702105760086547 -0.7364971782636155 70.4881323917522
-0.5530672403980318 -0.4927487184653494 0.6718000655323465 -51.20762858180661 -0.743231659822379 0.6561646162275508 -0.1305936301992734 -73.29166554043705 -0.3764615882612452 -0.5715301364422616 -0.729129601444157 70.02015569844968
-0.5265335203021938 -0.48763636690445744 0.6964001907455254 -49.69165699594854 -0.7420520660237965 0.6633520343507096 -0.09655469865621531 -73.69506730101195 -0.41487490079299416 -0.5676044857072571 -0.7111286553760916 68.2560828790509
-0.48771016131649547 -0.4767210531332842 0.7313520602610851 -48.25669962250831 -0.7362954595883908 0.6747203372409171 -0.051200221708756016 -74.05883551912552 -0.4690498851275423 -0.5634620697198693 -0.6800755114315211 66.65061182804314
-0.46730363709925926 -0.4656223010126736 0.7515471931645216 -47.92737402678857 -0.7303563899681408 0.6823451311041336 -0.03137938321876464 -74.18261563893068 -0.49820362743210866 -0.5635609947983885 -0.6589325843782079 66.31278244542402
-0.4580348414592276 -0.46041924939329104 0.7604066009692068 -47.455377994062374 -0.7268539986833947 0.6864332731216203 -0.022195183024722218 -74.25008228346854 -0.5117493024981883 -0.5628707456776031 -0.649067927918921 65.89573250085564
-0.4270909947331582 -0.4481214860843305 0.7853536884279694 -46.48595859500831 -0.7192836436131704 0.6946968157253233 0.005232040869470203 -74.41638825564787 -0.5479272964987282 -0.5626575049980854 -0.6190252093581721 65.02364780986682
-0.37818972234867143 -0.4309626361363272 0.8192946601585208 -45.64874233164479 -0.7062901480786069 0.7064536024521717 0.04557997706724541 -74.60056302709374 -0.5984369312107475 -0.5614218679716527 -0.5715581558566792 64.2909745876635
-0.3321005075221179 -0.41595246026339144 0.8465771103121008 -45.13121238627083 -0.692700612108421 0.7167280422894217 0.0804162631598464 -74.73284238428248 -0.6402148974275537 -0.5597182007017529 -0.5261562704321063 63.87732649254576
-0.29641305239601823 -0.4061333121627854 0.8644044395541732 -44.48867308743151 -0.6812122349035978 0.7242690033110115 0.10669724392186108 -74.79117440253921 -0.6693946469661401 -0.5572164243761686 -0.49134576727445095 63.446461609819146
-0.27468076086021975 -0.4015727402287149 0.8736645889118176 -43.876865020946816 -0.6739167777128199 0.7285016060613476 0.12296986087333979 -74.7829922647724 -0.6858474001776367 -0.5549997696136829 -0.4707319825530664 63.08590250466933
-0.2527561698605552 -0.3964311345154183 0.8825852220518103 -43.22138914949273 -0.6669545131404353 0.7322278323848342 0.13789154753868405 -74.7567073909076 -0.7009179666687317 -0.5537912576664856 -0.4494766366933292 62.72453679123444
-0.24865938619457606 -0.3964931861470513 0.883720353390313 -42.51918274144364 -0.6660287646066761 0.7324375519300153 0.14121231263339806 -74.65392764095998 -0.703259691987138 -0.5534694082437879 -0.4462033390332616 62.38728529933768
-0.24502359494967899 -0.396188005309356 0.8848720259828156 -41.844340212139336 -0.6649838244983359 0.7328470337119977 0.1439852017920386 -74.54477209692949 -0.7055210493482847 -0.5531458122670031 -0.4430234297393054 62.06487435574601
-0.24249256930820362 -0.3955677186407352 0.8858462246912123 -41.24931142521307 -0.6649889954619191 0.7326202519435753 0.1451110001229466 -74.44830962661648 -0.70639011158485 -0.5538896518364461 -0.44070314707708713 61.78452332641754
-0.23927058685736358 -0.39499963937756577 0.8869751243166455 -40.57477611307517 -0.6651411643152203 0.7321785475227762 0.1466349415413392 -74.33743475831268 -0.7073449072399747 -0.5548782383902193 -0.4379193107898337 61.468849369120484
-0.23553605490929366 -0.3944183823241813 0.8882324619842179 -39.875624225601406 -0.6639418752673296 0.7327269644496588 0.1493063355483998 -74.22914620628146 -0.7097210389330941 -0.5545677012350853 -0.4344544989323591 61.146043290024544
-0.23128173265252003 -0.39488026463168857 0.8891447220479122 -39.12531795558249 -0.6630296933208902 0.7327955179311106 0.1529782817098002 -74.11035053378215 -0.71196937147328 -0.5541482703252673 -0.43129955782432916 60.801619629272516
-0.22569229315391356 -0.39552616346425357 0.8902932341797163 -38.3635985434646 -0.6620830702855858 0.7326601514173441 0.1576550366031089 -73.98313389313519 -0.7146390675383921 -0.5538665512019706 -0.42722692636056614 60.45293065538867
-0.22194449637831867 -0.3959585191991494 0.8910429235457704 -37.66247094370156 -0.6611495977041795 0.7327863908976875 0.16095128073657633 -73.86230787682148 -0.7166741588636908 -0.5533904194949172 -0.424425722156734 60.13358352973556
-0.20317425142694653 -0.3931619888846256 0.8967406949912486 -36.92637645174744 -0.6533424915704943 0.7365790378523366 0.17491400660034476 -73.78005180430638 -0.7292899370384599 -0.550340777603126 -0.40652332804112207 59.77744195438957
-0.1635803928107944 -0.38639093822875226 0.9077133346726671 -36.27941541286028 -0.6362554747283111 0.7444950796241543 0.20225243458034536 -73.75497734436769 -0.753936619329583 -0.5444530459737835 -0.3676281474040758 59.454617376555944
-0.12738018332195847 -0.38062512410529453 0.9159141901928891 -35.719941552175634 -0.6217692382000185 0.7501102720298427 0.22525007041838033 -73.71178101270907 -0.7727724783693036 -0.5407948730296419 -0.33221017741758263 59.20021834564723
-0.09659340204379967 -0.3756554179252625 0.9217118430751573 -35.28527397622246 -0.6087031778174842 0.7549759541389969 0.243909306888459 -73.67182148140178 -0.7874961307819256 -0.537488898169357 -0.3015883425270125 59.02717865237068
-0.07928158439284197 -0.3728450398950217 0.9245004091950648 -34.70044447754156 -0.5999197106892893 0.7585166066980071 0.2544580477992808 -73.54559856049269 -0.796122334256892 -0.5344521808253963 -0.28381348683305885 58.82992287063435
-0.07452128156566482 -0.3751026269685528 0.9239830073302775 -33.92319223883795 -0.5987536903970773 0.7577837458140739 0.25934111285307754 -73.3362424528822 -0.7974588370754281 -0.5339118034107162 -0.28106509806275476 58.606789974829866
-0.05473278002559285 -0.37414695920707663 0.9257528696724463 -33.12589933389339 -0.5883356534105236 0.7611908365376929 0.2728546669878662 -73.17011990156743 -0.8067623452521095 -0.529719325008203 -0.26178608633037137 58.35023530277444
-0.013353721277414602 -0.36668811637518844 0.9302480870376797 -32.204656450574326 -0.5663448492127067 0.7694908215485227 0.2951904255270081 -73.0207988153459 -0.8240601858470554 -0.5228993219175146 -0.2179474919330861 58.030940828560865
0.033534295460406156 -0.35523841647239907 0.9341740300876265 -31.356090497771685 -0.5398116816280558 0.7801969796597467 0.31606331851023 -72.87806587246659 -0.8411175895235259 -0.5148770148219785 -0.16559849094162776 57.76818531542358
0.06514698334964465 -0.34380340813723914 0.9367791026243387 -30.977692753032102 -0.5203184623468834 0.7893483097134274 0.3258802597481627 -72.82786637325829 -0.8514837451774508 -0.5086535780919808 -0.1274635994816162 57.66800757118786
0.07892166178112066 -0.3371384608140679 0.9381412631057375 -30.460121741937076 -0.510294479116425 0.7947694160727228 0.32854393900773693 -72.6790704964515 -0.8563707817791338 -0.5046575408287733 -0.10931537220195861 57.58743724134668
0.08164176855480429 -0.33729563020545744 0.9378519496549272 -29.73403544107118 -0.5087016317882266 0.7950896084942677 0.3302350137105809 -72.42835591607623 -0.8570631665421408 -0.5040477877232833 -0.10667031568353623 57.51414736442654
0.08415635571932092 -0.3384858720813951 0.9372006307047286 -29.04598528262794 -0.5078232247419205 0.7946626706350934 0.3326060918140511 -72.18714179578996 -0.8573408191639782 -0.5039231630917539 -0.10501507270312352 57.44332175290819
0.08652517065728502 -0.3397248200347025 0.9365364069245343 -28.457364114997617 -0.5071804008957604 0.7941031145289649 0.3349153392166629 -71.98325212865136 -0.8574855309507821 -0.5039715171989252 -0.103591862915341 57.380851629110666
0.1026605644503046 -0.3358834778737251 0.9362922074855671 -27.98957345441958 -0.49848357673447546 0.7971722500036247 0.34063254035714513 -71.86276275836914 -0.8607990080342511 -0.5016958173192292 -0.08559424426701882 57.31255283200613
0.1188346879117212 -0.33134929525531065 0.9359946375288339 -27.605685010989543 -0.4901578852551128 0.8002268581926604 0.34551732655445605 -71.76814612918065 -0.8634949707271959 -0.4998445958104506 -0.06731876089121376 57.25927307223496
0.1361592767785593 -0.3274257979078139 0.9350149721857783 -27.177030676744334 -0.4813067197912715 0.8030719571159953 0.3513107928567678 -71.65635955646503 -0.865912520310746 -0.4978632126983441 -0.04824653988399421 57.21841633904013
0.1539619984293869 -0.3252861523640056 0.9329976538662097 -26.64341639404971 -0.4705138171658239 0.8061874965834346 0.3587178113902069 -71.50986722545991 -0.8688569795401758 -0.49421719864120084 -0.028929391137202578 57.17823318635575
0.1670701306684621 -0.32545561203446316 0.9306805123315397 -26.118984343583808 -0.46267562077472957 0.8076770071917946 0.36549845689745947 -71.34847048493127 -0.8706427748388796 -0.4916670587389185 -0.015641674203219862 57.15239901962404
0.20200985830114093 -0.3210878249577488 0.9252538169675695 -25.53069407542332 -0.44096936123203895 0.8137322196105384 0.37866330324222586 -71.21739139273977 -0.8744930186135069 -0.4845023048774991 0.02279203730759398 57.08598355108226
0.23833144291562078 -0.3162786458140305 0.9182406773389005 -25.045265523849878 -0.41780659502038076 0.8201298311073603 0.39092801036161173 -71.12635597504755 -0.8767187533498053 -0.47681744759378986 0.06331942194074391 57.03831076178271
0.2663339424290237 -0.3119524841898375 0.9120043194623612 -24.749845215895977 -0.39966073907864974 0.8252705265020639 0.39899856105769876 -71.07934594861479 -0.8771188772049797 -0.4707591801492527 0.09512239250503893 57.01430853154855
0.28041476321257275 -0.3085222040528808 0.9089453284872482 -24.35617078071813 -0.39127359221620356 0.8279544640744866 0.4017416849834709 -70.94623175402675 -0.876511572431687 -0.46830060327260264 0.11145406393600793 57.03674684253934
0.28172063070646225 -0.30816547619873175 0.9086624926305502 -23.844376970865536 -0.3921606832021419 0.8273282206368459 0.4021666493983568 -70.7246670208614 -0.8756960002105677 -0.4696403460277674 0.11222504443365877 57.10455339509578
0.2951211911211639 -0.3057232826184624 0.9052274614792791 -23.44234941595319 -0.3824544172449509 0.8304138477419516 0.4051437525227716 -70.58903486863076 -0.8755752973223118 -0.46577474807400215 0.12814750397705563 57.126462771021544
0.3087840636589566 -0.3035272524180162 0.9014009147265348 -23.007521773896276 -0.3730741382306082 0.8331142772122925 0.4083335505301145 -70.43959147168209 -0.8749103322133959 -0.4623762625228624 0.14401424388454986 57.158493679675196
0.3089050778986634 -0.3029793528886123 0.9015437674187652 -22.434861658189973 -0.3733105255110821 0.8332084058063158 0.4079252431957822 -70.19625251045663 -0.874766771425998 -0.4625659566125643 0.14427692605556514 57.25852057827285
0.3220202191520056 -0.2999907043974781 0.8979468557394705 -21.92868002391769 -0.36265258892953955 0.8370379026667418 0.40969580085957097 -70.01836301973444 -0.8745204847229141 -0.4575730835335142 0.16075072325073717 57.318612202205145
0.33369695113780024 -0.2960258171200068 0.8949944471334843 -21.489211471558267 -0.35467838318350464 0.8402254481316243 0.4101517290154304 -69.85982678400903 -0.8734126111430243 -0.45430156494386514 0.17538671211321452 57.3814494122372
0.33455756693948974 -0.29397889469622723 0.8953477781715415 -20.870528812666564 -0.3553808583873412 0.8405909942093531 0.4087923995697677 -69.58909308031187 -0.872797616802091 -0.4549540525452182 0.17675160586902033 57.510820642318556
0.3339347585316401 -0.29343103386163855 0.8957599038868104 -20.36648141869961 -0.3557243312370416 0.8408098656913425 0.40804285304618065 -69.37265798886305 -0.8728962007079529 -0.45490328436162997 0.17639508118603361 57.61130098698312
0.3914759064589396 -0.2858134065094079 0.8746755463151132 -19.299108825640975 -0.31340695421759 0.8522951525895555 0.4187708847572864 -69.09396368280507 -0.8651720613324317 -0.43806811060819695 0.24407710822188855 57.68202301234201
0.46220067742772963 -0.27881980141808205 0.8418016703015808 -18.351102939000953 -0.25818340768022524 0.8658477855235088 0.4285428103499846 -68.88761824413875 -0.848358333361545 -0.41541200107991344 0.3282087865594209 57.76516927499625
0.47737183051421267 -0.27703765548238857 0.8338862469643769 -18.020452848151802 -0.2468667179519759 0.8684925209685862 0.4298576096677246 -68.76982079279581 -0.8433107132007358 -0.4110606749209319 0.34620248776462936 57.862596958237354
0.5039253185330509 -0.27699835815474627 0.8181266301257649 -16.94888255248012 -0.22713362964892356 0.8713513414910109 0.43492200905946504 -68.27133287108822 -0.8333484191044419 -0.40499228296523254 0.3761803598205786 58.22339171931368
0.5529577569775188 -0.27634595939644263 0.786047472945275 -15.301215839121507 -0.18743219634145178 0.877962524420478 0.44051217632188205 -67.52532652021404 -0.8118539836528577 -0.3909152292230138 0.43368005809410654 58.79873872837116
0.5990467390947921 -0.2762094472850963 0.7515659289845165 -13.81930414015228 -0.14768744794988342 0.8844013332542074 0.44274450810397453 -66.81554208425824 -0.7869761254942554 -0.37622150784962016 0.48900506636783575 59.43669691836131
0.6230175439702266 -0.27514105305858644 0.7322202816278177 -12.965870390727236 -0.1268405804743637 0.8881689130751398 0.44166440765795356 -66.38162322354057 -0.7718553018864591 -0.36803992007489744 0.5184457639725004 59.90098359149225
0.6284047158853139 -0.2705133917204381 0.7293353261381246 -12.57660649867068 -0.1255708486822273 0.890012732746916 0.4383027464089083 -66.15728191437483 -0.7676844892365137 -0.3670147687059359 0.5253196022778942 60.18665457660948
0.6410753156007665 -0.26562539260658397 0.7200455475384719 -12.317131042627434 -0.1149648702732527 0.8943750756127481 0.4322919184136403 -66.04661755913496 -0.7588185015736213 -0.3599116209922787 0.542824195061604 60.33943539180859
0.6532144706743801 -0.2622038939732554 0.7103238509911192 -12.053553597965472 -0.10254315630989409 0.8988488573846024 0.42609345532687987 -65.93876530161023 -0.7501971450196263 -0.3511692605619935 0.5602538657079918 60.50312857367121
0.6563394427173375 -0.26033277159623613 0.7081280844356613 -11.614817080466567 -0.09911317381959042 0.9006964708598365 0.4229922530685918 -65.69460152270736 -0.7479272121730206 -0.34781132157199557 0.5653602124994641 60.851739043854494
0.6708843565500225 -0.2602368173354641 0.6943997256908822 -11.183216215565562 -0.08461309703005436 0.9034226637116248 0.42031906274064595 -65.49479630294286 -0.7367189450173304 -0.34074079531999235 0.5840726893608827 61.14815542280327
0.6826986332011583 -0.260532684334451 0.682675103265644 -10.746345347846558 -0.07456184001698057 0.9045598784558598 0.4197760811447009 -65.28480258676278 -0.7268858976748387 -0.33748206868129427 0.5981159963418816 61.4796808380334
0.6859113238121091 -0.26105888768820545 0.6792451052641594 -10.204637903311172 -0.07475689226473745 0.9032143066193524 0.42262906120739113 -64.97487810470722 -0.72383496939927 -0.34066431200981334 0.600008969597657 61.96867645706907
0.6977241111926563 -0.2633154161065952 0.6662177243972353 -9.762992717921396 -0.06369257457683347 0.9035101311020025 0.4238073842440886 -64.74379950400174 -0.7135294812439049 -0.3381337525841703 0.6136295663991062 62.32866189393561
0.7105588251682904 -0.2661569879735827 0.6513575160603361 -9.3158346103797 -0.050428746356815886 0.9040568389760691 0.4244268764363035 -64.50351635318793 -0.7018283960601356 -0.3344274056554391 0.6289636021505806 62.71407912145396
0.7345387177831415 -0.26803578039198184 0.6233856691544662 -8.652302745447031 -0.02404625571584531 0.9078210940010408 0.418667695043218 -64.18272792815742 -0.6781405825222011 -0.32251772310435006 0.6603844854477121 63.2359054101952
0.7740342325546314 -0.2710133443567792 0.5722086804777767 -7.976521855505073 0.02122881684908248 0.9143586992027839 0.4043482490717381 -63.91833252389231 -0.6327877560199424 -0.30083207337773366 0.713498226668086 63.72373659935394
0.7935616036307792 -0.27276107065621585 0.5439314107287999 -7.495508452324339 0.044771324491797625 0.9176539557935355 0.3948502829171145 -63.66751133113419 -0.6068405966530248 -0.2889854940147517 0.7404268191407266 64.21145509265665
0.7979693921392343 -0.2716814337166962 0.5379907506477994 -7.138658395880851 0.04815399825094775 0.9185232081910137 0.3924236339301373 -63.41822768970558 -0.6007712057525655 -0.2872356429625807 0.7460359533899723 64.71353492576314
0.8019057276610401 -0.27260803414958734 0.5316315111630583 -6.717236404010708 0.05251219955230395 0.9185498117809971 0.39180187872861594 -63.12786243782698 -0.5951383644519986 -0.28627103065834575 0.750905602697977 65.30607661294839
0.8132007834492118 -0.2753541205461295 0.512722726330575 -6.336271531827468 0.06712329826348894 0.9194883890954177 0.3873442463093313 -62.899369960728215 -0.5780994279774216 -0.2805730040773361 0.7662113551463465 65.78431724200038
0.8239082816345338 -0.27847626859406366 0.4935849585268559 -5.935473793411815 0.08146672392605538 0.9200974191268803 0.383123886241525 -62.654328557032684 -0.5608371567102061 -0.27544819321603853 0.7807624328227089 66.31530195973545
0.8269612342737218 -0.2810026403089111 0.4870037301170341 -5.545562688065984 0.08620583571736136 0.9192810825314063 0.3840453686586473 -62.36297778055323 -0.5556110788103101 -0.2756080685308502 0.7844338861012705 66.93807087657882
0.830032671893489 -0.28353436924246744 0.48026453652922724 -5.132968820618439 0.09151813508205639 0.9187005868063689 0.3842052351969386 -62.05397669194804 -0.5501547005529089 -0.2749499831967782 0.7885000394417453 67.61003377366579
0.8331928738422635 -0.28414595035018275 0.47439510313457417 -4.736450213548954 0.09486563480027271 0.9186131580252275 0.38360184728030067 -61.750278667963386 -0.5447844952937025 -0.2746105329416725 0.7923376230402542 68.27434921543573
0.8362409475755336 -0.28421254850241173 0.46896087776246304 -4.373084480747186 0.09792306921090774 0.9188538480059993 0.3822547298868686 -61.46563619119152 -0.5395480980545595 -0.27373496904548283 0.7962141775975731 68.88853218505619
0.8456004290568704 -0.28628908834859745 0.4505535176550814 -4.039829819902735 0.11100457572291181 0.9198768108731044 0.37617102092865007 -61.24316701726232 -0.5221473915930407 -0.2680768746282596 0.8096276247399985 69.38588171111402
0.8536776857829076 -0.2883917686908601 0.43366415178995193 -3.6878659633150512 0.12350238925700621 0.9210344500619151 0.36938151232425764 -61.0006787653337 -0.5059462112163238 -0.26177419573079064 0.8218836303305647 69.93648372861823
0.8635158760470885 -0.2924313256524483 0.41088228434891544 -3.285535821663638 0.14057081381984052 0.9219984617290303 0.3607751139856084 -60.733673347043 -0.48433477896663574 -0.25377698151418854 0.837267618827392 70.56807634930718
0.8786561119186902 -0.3002446026834337 0.37123660318912366 -2.965836157161363 0.17020247685524145 0.9234183851587359 0.3439907016521994 -60.598167610260276 -0.44608805617307623 -0.23906414308778826 0.8624695830169499 70.95606621397944
0.8913144292572228 -0.3086308174221879 0.3321228789697945 -2.653506523919451 0.19778703885012142 0.9238464468234493 0.3277011290102414 -60.45112261383012 -0.4079692089616248 -0.22639514400489777 0.8844808439475843 71.38804959403664
0.898058375083281 -0.3135415829835367 0.3085171481181498 -2.309851212236138 0.2132966278846969 0.9237991745615467 0.3179616857616978 -60.19592029299224 -0.3847020970514668 -0.21974248751568606 0.8965029479620384 72.12832796225908
0.9028584004855131 -0.3178093335774375 0.28955817405800766 -2.014001502424656 0.22544889353591668 0.923430018332025 0.31056367728172224 -59.9576792705588 -0.3660867452888371 -0.2151144549638164 0.9053763119219818 72.83671195794388
0.907024200551783 -0.3220870621399611 0.271232416970114 -1.7533208753781904 0.23703588443745055 0.9229375716944509 0.30331539401043445 -59.74692978377249 -0.3480245524418602 -0.21082258692274475 0.9134729047655701 73.50037755567539
0.9101865540109462 -0.3257791332955745 0.25578974413933153 -1.5227254568368251 0.24707688701832717 0.9226883173784507 0.295971756886793 -59.56043395174506 -0.33243563106113305 -0.20618977977219496 0.9203109941310508 74.13117429347955
0.9136481315727178 -0.32899086650360737 0.23877207003937534 -1.3074495214386386 0.25732798217697694 0.9227827415388328 0.28680014209689625 -59.37073965866218 -0.31468937265565344 -0.20059167897816677 0.9277572834865347 74.76061943987267
0.9136639817128334 -0.3285790520338209 0.23927794525448487 -1.084615776617032 0.2568964069914268 0.922989750509028 0.2865207785312895 -59.119556416583634 -0.31499581679055416 -0.20031407094819015 0.9277132684103523 75.61740953006789
0.9136959793534334 -0.328160454003802 0.23972979318680834 -0.8621939336668627 0.2559646842606024 0.9228734535492814 0.2877267265051875 -58.854138935449924 -0.31566079535593583 -0.20153239233939366 0.9272232509558966 76.49684341546741
0.9135037115098803 -0.32787582651372804 0.2408493542561708 -0.6431970488801027 0.2548856338744419 0.9226730718744328 0.28932285786335754 -58.597626702187156 -0.31708718470177766 -0.2029084641549883 0.9264361135405764 77.33905829199152
0.9130070993533931 -0.32815827690732785 0.2423431076542486 -0.3988346820773476 0.25340139312739124 0.9217631631203305 0.29349685701127975 -58.323531558770114 -0.31969637234632975 -0.20655463299479782 0.9247320763859037 78.25684491281184
0.9132019570258456 -0.3287441311691022 0.24081005358173893 -0.1530595730042438 0.25275379997027586 0.9204665815112286 0.2980885588572933 -58.04575594614019 -0.31965247110691053 -0.21134939920166357 0.9236632119838625 79.17852139835303
0.913111364481387 -0.33025147546824574 0.2390849200723219 0.07863928197043846 0.25386630652961834 0.9194021022743275 0.30041916174331534 -57.785723671071096 -0.3190290495612466 -0.2136205450901034 0.9233562304178484 80.03263750137522
0.9129949552983042 -0.33176188707743176 0.237432647044738 0.30615105527141584 0.2562058567713983 0.9191651137229595 0.29915556600319504 -57.52907012003737 -0.3174882211293579 -0.21229588784872744 0.9241924504380246 80.88759910340394
0.9117398406506656 -0.33456687806330393 0.23831799569750364 0.5333038867810032 0.26016279736250253 0.9193084148691122 0.29527505349988037 -57.27603630904458 -0.3178769916788868 -0.20721255380360987 0.9252119625833699 81.71519557802186
0.9108687882740003 -0.3351748542131377 0.24078178430159103 0.7705111465162229 0.26179369924598456 0.9202961955872975 0.2907214670825818 -57.00513627144187 -0.3190330854055102 -0.2017739564233883 0.9260157455064663 82.60110373845924
0.9104598644303485 -0.3349159158277047 0.24268119949176695 1.0040924449711452 0.2622504165291151 0.9211977421917222 0.28743597341178045 -56.734642662079914 -0.3198242553212297 -0.19805567173439334 0.9265454098974656 83.4701427516847
0.9105648923568447 -0.3341752351234525 0.24330739618300762 1.2494714873509851 0.26181221051403497 0.9217248801270183 0.28614264236668313 -56.459498472474706 -0.31988426537253273 -0.19685059711623415 0.9267814732622037 84.40275491500955
0.9112491474660176 -0.3335844448922211 0.241550014217361 1.4782582125958281 0.2616074290245269 0.921796360060256 0.2860996743424214 -56.19858042239929 -0.318098324927429 -0.19751680613459446 0.9272543162330155 85.30416243108884
0.9118648186495678 -0.33227741736700744 0.2410275304132401 1.6908448533169214 0.2611191933231732 0.9225868657922665 0.28398986239980134 -55.95434299857632 -0.31673225189021975 -0.1960234500653281 0.9280385162465193 86.16553778058876
0.9125850534455839 -0.33090738995224 0.24018496935220612 1.8997780944280864 0.26137601685007883 0.9238304637578096 0.27967812222020194 -55.712310439847926 -0.31443774907493505 -0.192451483517345 0.9295651286750523 87.00804406701074
0.9123814588360426 -0.33157136361461764 0.2400427137052103 2.1248421827920367 0.26267310569848973 0.9239940896924175 0.2779168252484751 -55.46991281850486 -0.31394730945642624 -0.1905133933460435 0.9301299553507844 87.87294493006786
0.9120654553711733 -0.3325507013990209 0.23988879948342054 2.3616086637523814 0.26329394684145474 0.9234577681165497 0.27910938368648625 -55.21467610426019 -0.3143451966791081 -0.19140475831133386 0.9298125164895112 88.77347311770313
0.9120769012858339 -0.3336463629210985 0.23831875849449416 2.6226756452639384 0.2641258123215199 0.9226760359101573 0.2809029868524281 -54.934787015666714 -0.31361326726771643 -0.19325899013148296 0.9296761163582896 89.75924624998166
0.9116660401776016 -0.33405507006699064 0.23931619533460993 2.9072687612368804 0.2632405313669806 0.9219455270739568 0.2841141808392429 -54.62344342712655 -0.3155462784323805 -0.19601952777940806 0.9284432620772352 90.85787005694772
0.910997166336611 -0.3345503971674003 0.241164248349135 3.169546540869172 0.2620051433590371 0.9210821098668092 0.2880296021882443 -54.34308359889711 -0.31849249250191036 -0.1992078779527617 0.9267571168226783 91.83263317993753
0.9109889986010603 -0.3336312003055844 0.2424649801734167 3.4450921969935258 0.25979970401827696 0.9208033932005152 0.2909041506449047 -54.039126113250695 -0.3203172774295143 -0.2020181508010421 0.9255190481708498 92.87048377674228
0.9107299723392045 -0.3318492074014119 0.2458597588668986 3.710144598721635 0.2569083409123711 0.9213066898683973 0.29187683630838174 -53.74702434980203 -0.32337133740127333 -0.2026575603099759 0.9243164454863525 93.85474494463621
0.9112236654119006 -0.3297953718878037 0.246792309999094 3.9286912483494825 0.2548029460107466 0.9220533347466843 0.29136421638005533 -53.50469110976658 -0.3236462425203615 -0.20261456157913296 0.9242296517308629 94.67083856931855
0.9116911490988557 -0.3285229211557887 0.24676292049268445 4.144171963196939 0.25388648151280435 0.9226348045815094 0.29032166966984896 -53.26440158685611 -0.32304938192149574 -0.20203392697789083 0.9245655137360669 95.48672313166283
0.9152583783479826 -0.33054974652773517 0.23030190171658357 4.366839542107918 0.2628363532694085 0.9231762152453051 0.2804687629761882 -53.08333345586068 -0.30531811650123886 -0.19616967318065348 0.931825255646324 96.13039815578455
0.9214871692058829 -0.33817899288953 0.1910402202604354 4.622275296941789 0.28482549013576564 0.9227576929041347 0.2596010022229506 -52.95215068868991 -0.2640754383842876 -0.18480586829011306 0.946631371700563 96.65049289165214
0.9263746701755042 -0.34887129792733623 0.14184071326570957 4.931108539150843 0.31140332778414215 0.9214024178574972 0.2324769920042 -52.785862344727825 -0.21179692609240536 -0.17119112666506514 0.9622035440845972 97.34826831142921
0.9275202032757371 -0.35542786017224853 0.11566031613615595 5.1638103108658555 0.32540251241152207 0.9201042168703294 0.21799411692453446 -52.59020013471994 -0.18390072711005903 -0.16455779018574226 0.9690723689475323 98.26463182188584
0.9272755477177841 -0.35598437026239077 0.1159102529268929 5.271341914885928 0.3253074307170497 0.9193804878127592 0.22116643992578355 -52.42193953098711 -0.18529742071858235 -0.1673757651455617 0.9683234062631058 99.10406515033492
0.9275484303097005 -0.3655045731689423 0.07784803416017577 5.564751066104049 0.34483296680763537 0.917401378219431 0.1986578371062494 -52.15580582249021 -0.14402824178840384 -0.15742019639702554 0.9769722346789945 100.34476747998272
0.9259599367992031 -0.3754221471757946 0.04069897852201668 5.816198501985727 0.3637177218384255 0.9156477042678817 0.17116863173380717 -51.892705542394616 -0.10152642150438139 -0.14369235567306252 0.984400778472694 101.72215579425398
0.925650213115312 -0.3757078915605327 0.0448916827343377 5.845014601054737 0.3640164851510922 0.9166005690360404 0.165334193018419 -51.75911633414283 -0.10326510300109193 -0.13670031844127536 0.9852153781992207 102.53838818093918
0.9250819154315161 -0.3767020526268221 0.04815613448252966 5.887474328590402 0.36502020682450237 0.9169746643038146 0.16098979357308174 -51.6227825397101 -0.10480314094223554 -0.1313507844348286 0.9857805400174026 103.45153056767042
0.924730453304935 -0.3773539579289763 0.049775286697201084 5.944666017754767 0.3651994288354172 0.9164892604157655 0.16333037905070566 -51.47501796246134 -0.10725188067692454 -0.13285866918608824 0.9853149791378231 104.48858576127482
0.9246266127137315 -0.37707828646810626 0.0536432002756206 6.005419183895815 0.3638387131882749 0.916116169427964 0.16838216918110008 -51.311287597660446 -0.11263666297895095 -0.13617316177172767 0.9842610691102545 105.56182246059551
0.9247771458873145 -0.37664769559517736 0.05407165474958041 6.06563269174461 0.36297746962392335 0.9158533912887891 0.1716389297631423 -51.14503164374629 -0.11416911574471011 -0.1391009671701302 0.9836749127340849 106.638029468204
0.9248083258182913 -0.3762832763972626 0.056039775168295204 6.117096245568968 0.3622168968888382 0.9159560893691879 0.1726944178476071 -51.00312678331301 -0.11631199467549601 -0.13941068198400125 0.9833799782603707 107.55668672582462
0.924438616580801 -0.3768202299522379 0.05847870101943353 6.166886950656346 0.3623466912260646 0.9158097481412032 0.17319751894027838 -50.87839788394424 -0.11881969336646521 -0.1389209109827873 0.9831494601331051 108.3698537128596
0.9240814372933313 -0.3768742386935875 0.063555530514842 6.226079118034432 0.36177573127558227 0.9161583830336877 0.17254604445514135 -50.7561555984684 -0.12325509121294743 -0.1364537482307708 0.9829489086844065 109.16711382021803
0.9236600456088739 -0.3773785335731565 0.06661503241753809 6.283313433088826 0.36201253194140426 0.9162935115022 0.1713275444764798 -50.63762729365494 -0.1256942594679229 -0.13413293099436938 0.9829594650643911 109.9319481661402
0.9235343221545473 -0.37725585778263504 0.06900995269692964 6.348339408387192 0.36179439242129613 0.9167047205571697 0.1695796948950723 -50.505629022376944 -0.12723668266286073 -0.1316452546690868 0.9830973265694838 110.76427370017669
0.923521442737756 -0.3771176529216296 0.06993154265750175 6.410712273853294 0.36153949502994776 0.9168118874684591 0.16954396636274266 -50.368592276239795 -0.12805209227914677 -0.13129447380374257 0.9830383628381627 111.62897580215078
0.92373012558372 -0.3761763378395535 0.07220815700950571 6.484245147363998 0.3601938571177069 0.9171876460189564 0.1703737282707429 -50.228148783911934 -0.13031899471587535 -0.13137041082308443 0.982730265523771 112.5516360301525
0.9237830128600304 -0.37521949851443637 0.07638895918797604 6.561419694520308 0.35846355443166933 0.9175546635422109 0.17203871528278739 -50.09697221378958 -0.13464332621953876 -0.131543784902644 0.98212392668035 113.42393904997063
0.9240596731487515 -0.3737522828627639 0.08014331859298976 6.629565484575754 0.3563956712180435 0.918209361773409 0.172840080677797 -49.97010832204181 -0.13818772013918337 -0.1311518166345382 0.9816839384426124 114.2207808499183
0.9237300277122943 -0.3726708497833374 0.08853967260167463 6.704942473757528 0.354305698644224 0.919130187576258 0.1722416041328565 -49.843549791713976 -0.14556891086655485 -0.1277346311999857 0.9810675594378465 115.00061609175405
0.9236268866530702 -0.3712427930045247 0.09535283369548611 6.7774838767535845 0.3519999547799591 0.9200056395080113 0.17229525561767706 -49.71804193254045 -0.15168851665985203 -0.12557233738229723 0.9804193908720311 115.74387688197429
0.9231989167278573 -0.3760921496040227 0.07911039854999494 6.911307571609132 0.36084495551674434 0.9190824739571323 0.15836137200389044 -49.615789387540225 -0.13226744962624987 -0.11765245883984336 0.9842068993348454 116.38739969390637
0.9229250558708464 -0.38025588232477514 0.06012325010513618 7.049702199339883 0.3682537522913649 0.9175280034757728 0.1501050857269365 -49.47493326855956 -0.1122431074459727 -0.11639513217986178 0.9868402393679072 117.25898045968404
0.9237135886072313 -0.3778697313607935 0.06298946216372554 7.106022370403698 0.3643173963421625 0.9173395948490013 0.16050203252525072 -49.342637756348644 -0.1184315876142066 -0.12530975159017155 0.9850235658153527 118.18737648238036
0.9218383001212321 -0.3867478186038767 0.02530362098084591 7.376557509941444 0.37964818512567344 0.9141950722340559 0.1418260393360467 -49.06554673639182 -0.0779833569448115 -0.12113420123198157 0.9895681388017258 119.84914893186792
0.9142525405914993 -0.4028971069320313 -0.04261705348555346 7.660448755623083 0.40514261077517016 0.9088314154738485 0.09942295098254807 -48.85344339642566 -0.0013255022709136033 -0.10816366984158017 0.9941322163425422 121.36764585488292
0.9027012278639525 -0.4199999886206871 -0.09343715947917855 7.830031000704665 0.42620553605356654 0.9026103450980291 0.06036063252904931 -48.79402265466332 0.05898588178714279 -0.0943110517417628 0.9937937870952703 122.0485255458717
0.8828132733669478 -0.4438435877053044 -0.15376473594430248 7.987983288712981 0.45045814600286105 0.8927491456605767 0.009296323035167583 -48.725665994447645 0.13314722327860415 -0.07747149524304206 0.988063755209151 123.0742108919982
0.8693293951187618 -0.4590993883810254 -0.18301408243798795 7.970782240521131 0.46273749898735894 0.8861455078005602 -0.02490273149295039 -48.71705188165741 0.1736099358140951 -0.06303880228124857 0.9827948410495324 124.1332127297732
0.8630616544167032 -0.4649286876977047 -0.19739781161703845 7.895738115711542 0.4665883138052631 0.883526411049222 -0.04094418638636327 -48.74892637583784 0.19344230689243477 -0.05676615482988159 0.9794680584735611 124.87643965443169
0.8473211260738166 -0.4771872564202306 -0.23310776825137106 7.941676740762901 0.47432461475997445 0.8774021679094888 -0.07198330070599399 -48.767733983870116 0.23887877499226176 -0.04957578096067518 0.9697830545025725 125.4369825514183
0.8197163367176767 -0.4947637661053539 -0.28857224930232195 7.853403753673376 0.482155927130876 0.8680169725562333 -0.11862629256145267 -48.85748105963985 0.30917760146996437 -0.041896910429729116 0.950080975309856 126.87027042298078
0.7820946501697094 -0.5166833327904384 -0.3483766521919742 7.663138249821518 0.48748953877387136 0.8555249475233394 -0.1744448731010021 -49.02978548166487 0.3881776755069267 -0.03339757149482246 0.9209792041388838 128.4870052159419
0.754094862931061 -0.5318391063070151 -0.3853415403295407 7.577677577404089 0.48798392316315065 0.8464070323393688 -0.21322951564162632 -49.153183356720696 0.43955958462452843 -0.02724519423711112 0.8978001286231245 129.23812681827545
0.732679721334777 -0.5435382084621202 -0.40956884877464206 7.503136282461371 0.4883996592034292 0.8390310460382439 -0.23977630548897913 -49.259205989469294 0.4739685631292134 -0.024354049473527522 0.8802049087794698 129.75134421652055
0.7220268958005649 -0.5493403030394596 -0.4205976619016306 7.317957373880429 0.488656739357602 0.8352675965985082 -0.25207664142666614 -49.40980231059896 0.4897874567820214 -0.023521767133153185 0.8715245112157994 130.34436783809386
0.7150132214817261 -0.5520690561369003 -0.4289240613004128 7.111589236016467 0.4877707749060219 0.8334652604864538 -0.25964462388007686 -49.5696475261936 0.5008350669171511 -0.023567282795434637 0.8652218322070577 130.9091520829066
0.7069245052742559 -0.5549018155420061 -0.4385678042799513 6.922208162067033 0.4865599905123633 0.8315687826529995 -0.2678670105660959 -49.72208548694929 0.5133391856028149 -0.024027792765749015 0.8578493723838992 131.42476515772822
0.6753747060615091 -0.5699171654005971 -0.46804212523455896 6.402356729253424 0.48421496522965746 0.8213790447248814 -0.30145038121469103 -50.11635513518262 0.556241740486972 -0.023041038791464276 0.8307010513243854 132.81863253260602
0.6434126947954193 -0.5847168617245394 -0.49409138404864555 5.811051718714093 0.4781525184112416 0.8110065307367463 -0.3371032130362058 -50.57912003854028 0.5978212720479991 -0.019354552884335557 0.8013957374291207 134.22183117360777
0.6445759311250251 -0.5863486003343961 -0.490629379369199 5.46840522308389 0.47815197454393765 0.8099083965286938 -0.33973383474722274 -50.82514707127506 0.5965673124250478 -0.015611153647781819 0.8024111998394249 134.78641773659768
0.6336909021058419 -0.591628204519364 -0.4984093781275405 5.266570842165147 0.4754493550309449 0.8060948641948311 -0.35236200237734905 -51.00130962275126 0.6102325387825094 -0.013679822217789501 0.7921042299313567 135.24804987720964
0.6216988164849042 -0.5945976170608317 -0.5098472863190049 4.972686477236302 0.4717874249506207 0.8038768532936924 -0.3622135149288235 -51.255240513020574 0.6252257250303569 -0.015351824784417604 0.7802929669272032 135.84620961858778
0.6235263450021767 -0.5910836294359333 -0.5116981923957461 4.490921393236504 0.4714398391791899 0.8063954088235186 -0.35703070268962733 -51.60711762659135 0.6236660766170702 -0.01861686442970976 0.7814691530929936 136.58709536373308
0.5996609646869248 -0.5993122187324862 -0.5303127302910005 4.1046585874007695 0.4661999663867049 0.8002387476453666 -0.3771942975550007 -51.94236614088073 0.6504339465093946 -0.021043080689866628 0.7592712756211041 137.40541859828423
0.5753760677661424 -0.609521077795191 -0.5453681658892131 3.7484725802461742 0.46093985115609387 0.79247609933363 -0.39939464893905724 -52.26509208085263 0.675630693691586 -0.02157979861685131 0.7369243367086523 138.12615812369947
0.5756946136495908 -0.6122430706218153 -0.5419724479071085 3.3879846091337535 0.46344104199351943 0.7904026373646272 -0.400607128547412 -52.5449132333537 0.6736453906995976 -0.020544909895473615 0.7387691075475328 138.63507686283646
0.5624026758132792 -0.6222588257770753 -0.5445155498060668 3.2083248257576473 0.46212676573169115 0.782625189933331 -0.4170571477341974 -52.71843573579267 0.6856690766196433 -0.017081154069723672 0.727712959581741 139.00606421670832
0.548707838082751 -0.6322036745697832 -0.5470267107619341 2.9787150968918543 0.4601363963886121 0.7746810770291076 -0.4337553753113884 -52.945568949398535 0.6979929835930009 -0.013701925174426926 0.7159734995804379 139.44471960614786
0.5281834929048749 -0.6407873777473002 -0.5571478568051287 2.638518642527033 0.45297515010467676 0.7676102420976714 -0.4534181619811886 -53.27907241094995 0.7182170362853106 -0.012886145525068754 0.6956998174809704 140.04668473416123
0.4918098112584545 -0.6509254183769451 -0.5782899007078761 2.4198787226181815 0.43975117890262816 0.75892572190142 -0.48026102203921994 -53.545292458447626 0.7514931870640448 -0.018106582979870275 0.6594923361564722 140.57960253710363
0.4390121738125903 -0.6623664769780436 -0.607074098788642 1.9607110681368813 0.4200394628513733 0.7485880338312406 -0.5130134552350517 -54.03626020370649 0.7942513209884372 -0.029775926188313914 0.60685931922296 141.41479239883432
0.3600475428501061 -0.679523060169361 -0.6392293622680915 1.1023300445353656 0.382214167265444 0.7324804320144411 -0.5633691037477294 -54.93088630679154 0.8510452968139757 -0.04148285686888221 0.5234511203128824 142.72361036929297
0.27108945359403525 -0.7002085652439419 -0.6604683741929745 0.12964889976933003 0.3358597943444922 0.7118466807990406 -0.6168245306229833 -55.95504559735149 0.9020580395367956 -0.05461014735751107 0.42814603246162186 143.95106125120992
0.22721251577197848 -0.7135603060495513 -0.6627263102571398 -0.5663037495015166 0.3120955875982199 0.6979862046121608 -0.6445243225610904 -56.699745606969856 0.9224807948560746 -0.060389964411166085 0.3812902245273642 144.61663427657908
0.23005028547793044 -0.7156030294459347 -0.6595370879634644 -1.0687909238113336 0.3154871668082146 0.6959533021604398 -0.6450711966839819 -57.19719146170054 0.9206219168208266 -0.05967667433579265 0.3858678281605908 144.91896644485283
0.18908295835577357 -0.7251962368998244 -0.662071033081622 -1.6916453265522309 0.293405211533084 0.6851567494528313 -0.6666885408678148 -57.89938086192193 0.9371024579546572 -0.0681956499020596 0.34232782041455617 145.48285446102707
0.11660842068719313 -0.7398348902545022 -0.6626060755735274 -2.214705838877336 0.24901178226131268 0.6676264434587066 -0.7016181755696778 -58.57524548221163 0.9614549435724425 -0.08318213243712749 0.26207846978210336 146.05941395203254
0.06321053945768636 -0.7505685270326163 -0.657762353688291 -2.498357843469056 0.21594391976153635 0.6537530474822328 -0.7252414607740765 -58.991942412735206 0.9743575581989892 -0.09619687695441306 0.20340479258052382 146.3898630129617
0.010960704821413307 -0.7612440729329352 -0.6483728282202278 -2.7769023698279467 0.1812591025252156 0.639182345768732 -0.747389501270478 -59.41253518129417 0.9833742932889674 -0.10933156123488462 0.14498830648149277 146.6823385290669
-0.041000726918442934 -0.7715935235502679 -0.6347931748273954 -3.0685057392176835 0.14587733676622686 0.623896876200199 -0.7677711185539772 -59.8668136533816 0.988452701453214 -0.12408111170889678 0.08697778283522753 146.95815866978077
-0.09316197390404242 -0.7808189986562162 -0.6177722379290029 -3.47938136093356 0.10727743545577657 0.6089866200112295 -0.7858923898914713 -60.48275600623068 0.9898547360397576 -0.13948830769925352 0.027029864129588535 147.2287935614365
-0.15026550169158906 -0.7893264708116325 -0.5953016054719072 -3.9110770915829596 0.06455756099345865 0.5930193943357307 -0.8025959875680025 -61.16468724322879 0.9865356558786688 -0.15903370843231832 -0.03815336501952819 147.47730694556043
-0.18392081935703744 -0.7948441892365354 -0.5782697009561822 -4.079647186507858 0.040393102691825285 0.5816968712705957 -0.8124020846901647 -61.47134059660923 0.9821107521364214 -0.1727757644778742 -0.07487994222168196 147.6151217938506
-0.1950594862917017 -0.7982928524507248 -0.5698072643742834 -4.3303209749672185 0.03549002062656329 0.5748414464987799 -0.8174948133310169 -61.873831339187966 0.9801490984761181 -0.1796825899002873 -0.08379684745371735 147.65188355672794
-0.18941637636087283 -0.8001880568986005 -0.569052291062219 -4.703974129089858 0.04441162926128843 0.5719688249544571 -0.8190722010095164 -62.42576464402256 0.9808919632419658 -0.18041822767408872 -0.07280260689196906 147.61018551809443
-0.21902570653203324 -0.8039235828305019 -0.5529327380858494 -5.115126785503158 0.021756274041534723 0.5625277784409061 -0.826492082855103 -63.102238107047484 0.9754765012126005 -0.19305276856680223 -0.10571766234040257 147.69643919410746
-0.2819524919061077 -0.8043688655971506 -0.5229660795557309 -6.2630442581020835 -0.0367087954464063 0.5537261061689098 -0.8318893337962022 -64.86146546002607 0.9587258506188374 -0.2153558158141304 -0.18565186761845484 147.74804308618982
-0.3516831667858678 -0.8053979394192984 -0.47713007595268375 -7.4455141833856615 -0.10858052445480462 0.5413448229190377 -0.8337601887880434 -66.83814271659574 0.9298006344956894 -0.2414123896528587 -0.2778323923042696 147.65676789244327
-0.41487520382904775 -0.8055340354401582 -0.4230762141686792 -8.029338304901984 -0.17541617214463018 0.5270695821621049 -0.8315207887416816 -67.99445539433154 0.8928088999320823 -0.27076294670238404 -0.359971797360725 147.60972232058813
-0.46773129464971697 -0.8035839338624069 -0.36807648287213396 -8.42129720454805 -0.23510340637732297 0.5145469701960053 -0.824601603061678 -68.88302938087845 0.8520292391198098 -0.29915594043964744 -0.42959504068900956 147.53778402962905
-0.5019741463155089 -0.8009250549897065 -0.3264062081525924 -8.629864272880608 -0.2735508507657453 0.5050520741478006 -0.8185916774829438 -69.41771076391252 0.8204827167443297 -0.32162316255011836 -0.47261681395725635 147.49396693680302
-0.5268156690605392 -0.7976264196715618 -0.293696008611326 -8.762063645979836 -0.30229582674783245 0.4987637884573623 -0.8123126962288001 -69.79969085082529 0.7944070014565229 -0.3391559788144464 -0.5038757168898643 147.45196651181584
-0.5522094881280629 -0.7933081409930866 -0.2563725310079808 -8.889724292688564 -0.3342670918680238 0.49238637050930073 -0.8036299978415258 -70.203012990759 0.7637605596752428 -0.35807520937754267 -0.5370772308651643 147.40850873101297
-0.5714261743940369 -0.7892775795201356 -0.22475103933960836 -8.99555236417516 -0.3594751894384267 0.4869310853727526 -0.7960375030586935 -70.56822971376215 0.7377328211457087 -0.3740842426039216 -0.5619708747255933 147.33759295774672
-0.5916489890904856 -0.78343298552742 -0.19022153110466047 -9.111204243267895 -0.38535682082165834 0.4820692335308228 -0.786835036541477 -70.97119928854951 0.7081324694959503 -0.39222698947242024 -0.5871170193198051 147.25551179108746
-0.6132200504745582 -0.7757817512082686 -0.14874086253687713 -9.241916651813927 -0.41612482858396216 0.4773184089737659 -0.773955595296474 -71.45221868542296 0.6714173789320252 -0.412710323286182 -0.6155232670834369 147.12755831932034
-0.6308465551331953 -0.7684636642976425 -0.1072204296336394 -9.348396966190066 -0.44736355082883283 0.4731420972128328 -0.7589482256615787 -71.93305007876565 0.6339546334450128 -0.4308133615607602 -0.6422626956583422 146.97803825218338
-0.6383960380521687 -0.7641101997142223 -0.0926612178421273 -9.435625753964189 -0.4563434986403509 0.47268370456545783 -0.7538704972917806 -72.48272688628279 0.6198395839634474 -0.4389825943371392 -0.6504561261307774 146.64220496728086
-0.6512708295006712 -0.7565496953831332 -0.05898190448940951 -9.576735433866771 -0.4824577838580265 0.47280588808989354 -0.737352750711847 -73.45968104858218 0.5857309906743127 -0.4517600586630202 -0.6729279723421195 146.03271750622437
-0.6715727540029572 -0.7406152452873936 0.02188822808677293 -9.718192688112708 -0.5437316539203275 0.4725450475122938 -0.6935827755911094 -74.56928645950617 0.5033348036902976 -0.47769261719174316 -0.7200443311870148 145.46690818213787
-0.6834017060974643 -0.7233489169550924 0.0986329176440154 -9.775211934834925 -0.5949491958786679 0.473534995829586 -0.6494613630139966 -75.56998512546852 0.42308103529513447 -0.5025245785676241 -0.7539704805289342 144.87047608062952
-0.6883743233557431 -0.706109669762305 0.16598170143932206 -9.730644321784748 -0.6362610837763285 0.47792272471043246 -0.605608538973094 -76.6340027703077 0.34829961845556967 -0.5224930654788863 -0.7782598359867888 144.07079642269935
-0.6849159487428438 -0.6897205862762377 0.23489498935578412 -9.45466821471196 -0.6788430382547788 0.48693853562309886 -0.5496025763569984 -78.32659104118031 0.26469278904177107 -0.5358883982621697 -0.8017239874403764 142.32863912882934
-0.6727594291477189 -0.6680984512343002 0.31786665435550965 -8.896402000608393 -0.7207892377896857 0.49492425356851094 -0.4852966700032185 -80.27970489802696 0.16690603697709328 -0.5556027741903202 -0.8145231317357555 140.05496812181562
-0.6545243718563672 -0.6419026670456052 0.3994481351637118 -8.4563665376192 -0.7520625946982002 0.49865817437825366 -0.4309778170411492 -81.36898047871 0.07745773235667197 -0.5824954859614659 -0.8091349136779845 138.81329736662923
-0.6398400363169087 -0.6183468296155176 0.4563462788611469 -8.24628633676389 -0.7683677444202485 0.5033765174970634 -0.39525066852197155 -81.84963267263524 0.014687997158106782 -0.6035389630644946 -0.7971982079774892 138.34208013446053
-0.6243576783799815 -0.5969897775876299 0.5037665083189161 -8.048287915169709 -0.7800725197911182 0.5101996678820254 -0.36219216275314875 -82.23997097070108 -0.04079648654841413 -0.6191118673946913 -0.7842424002413829 137.95696208866465
-0.5933678366259235 -0.5744525819773182 0.5638429227342173 -7.2074968604839285 -0.7965027651708261 0.5201378954419278 -0.308285443705127 -83.1784393932906 -0.11618070206836854 -0.6320291138743794 -0.7661861677699942 136.54742458883857
-0.5443219490200416 -0.5549449352040604 0.6290864286458459 -5.480972365701687 -0.8122567175046501 0.5360768588489954 -0.22991438901287167 -84.52305670248337 -0.2096488508997694 -0.6361271258938371 -0.7425561520979099 134.02275000562034
-0.4870214318411308 -0.5390465552543939 0.6871964320307455 -3.41621960102269 -0.819901422823851 0.5532952457685686 -0.14705790649033698 -85.62799137767541 -0.300951460835197 -0.6350536845639658 -0.7114316804464739 131.40067857785087
-0.4222603454992682 -0.5256406563948669 0.7385107317863518 -1.001096796613551 -0.8184123726486071 0.5713544861313106 -0.06128000875734531 -86.43346930692158 -0.3897401556351564 -0.6302824378978027 -0.6714511594770602 128.68258457709373
-0.38601278947419326 -0.517553759025162 0.7636309533284242 0.6634538558024541 -0.8135793002340883 0.5811949288362512 -0.017354449735824357 -86.68238678113865 -0.4348365768802845 -0.6279733761983449 -0.6454197008095516 127.05363463002864
-0.3689017486444373 -0.5091749521277662 0.7775939608643863 1.1280679925904917 -0.8107556807910158 0.5853831929848903 -0.0013203923312285802 -86.75569791333498 -0.4545181249545205 -0.6309258161594754 -0.6287653684732719 126.66698858090695
-0.3151901708743903 -0.49298883492166984 0.8109359807202714 2.456155226746988 -0.7979772712457858 0.6001980790035746 0.05472239519196593 -87.00867330583146 -0.5136997476729988 -0.6298605199589762 -0.5825704203250524 125.52638381086385
-0.23645972040824442 -0.4763069167977102 0.8468875495808845 5.074601446363523 -0.7722463420070267 0.621096138154975 0.13369807188489924 -87.17651587867383 -0.589679902897514 -0.6223916035581084 -0.5146904933444441 123.49925988788105
-0.15209972384840392 -0.46381644117769166 0.8727771668063395 8.038598717823474 -0.7377432317503468 0.6409186300115477 0.2120335674148599 -87.0114940447594 -0.6577238007034516 -0.6116352005872289 -0.4396609868874299 121.52040043004496
-0.06288183740963012 -0.4466494105984184 0.8924965986131684 10.828513468173979 -0.692913045526106 0.6631403967888544 0.28304827412731953 -86.66280822993384 -0.7182738933469083 -0.6006239407139912 -0.35118868999082564 119.9516797993738
0.030995298948561966 -0.43597443010017345 0.8994251429340405 14.057503176462294 -0.637951505583597 0.684101418162488 0.3535860944546486 -85.92900750467228 -0.7694525118333893 -0.5847491307961898 -0.25692661611127554 118.48720206090421
0.12185968884994491 -0.42792211455849566 0.8955628845062648 16.707234474773955 -0.5769030956607502 0.7036866404205125 0.41473838779492406 -85.15576342859852 -0.8076713653773043 -0.5671928913213526 -0.16111855754098403 117.54586037077942
0.21272302187619674 -0.4143907441182925 0.8848893869591543 19.031910528714363 -0.5074495692237451 0.7270610171489849 0.4624686065420187 -84.42815635153858 -0.8350112877431635 -0.5474144577295791 -0.05561978793682155 116.94985940261321
0.31117108286802003 -0.4048110950965107 0.8598258745080358 22.066972836211935 -0.42550364598953233 0.7496469875973044 0.5069280434498561 -83.23176866545055 -0.8497759730872367 -0.523600392735766 0.06101986799882184 116.5298687610786
0.39021497589822607 -0.3971520114004423 0.8306639226698911 23.93122482725266 -0.35226874832289357 0.7691436923704187 0.5332210699529965 -82.45905738091993 -0.8506697370541464 -0.5006877872760425 0.16022714543064231 116.47226596144219
0.46450006095230334 -0.39163236400872004 0.7942693402343114 25.604348672497782 -0.278905940080516 0.7865603556874164 0.5509394553385024 -81.70258554037946 -0.840506496086206 -0.4774378476009453 0.25612874050966383 116.59277301439683
0.5458331251783296 -0.38995983401255097 0.7416181816237802 27.54506204005567 -0.19080608297229015 0.803994510406991 0.5631925655903064 -80.73281795534784 -0.8158794262382348 -0.44891441845002444 0.3644401277972102 116.94888642992905
0.6224821168353109 -0.3910599118327974 0.6779293175380131 29.48145447636719 -0.09917922178708817 0.8198153927314524 0.5639735843160382 -79.65521331287606 -0.7763243498602502 -0.41829997274431696 0.47153540335394273 117.57774485136541
0.6839206900170334 -0.393917223187336 0.6140697932995925 31.04922030088536 -0.01687049766125301 0.8329386697178941 0.5531080896147188 -78.72064206492422 -0.7293612795283889 -0.3886417293150084 0.5630184101428238 118.32433493155149
0.7297012871421319 -0.3968467893232439 0.5568201301560037 31.82258702869145 0.049501227132227675 0.8428659968284257 0.5358418982338209 -78.31501491891918 -0.6819718909570399 -0.36344124311125336 0.634684805829025 118.73780460144556
0.7635838260912479 -0.4014959925755042 0.5057081257777667 32.461479649936756 0.10510472952133997 0.8500215399571609 0.5161553811025312 -77.96962186419192 -0.637097116901417 -0.340975584983241 0.6912618274440154 119.16260902993733
0.7937686230062198 -0.4086574454574631 0.45047804097757016 33.19774602131548 0.16089531625235332 0.8553485046910264 0.49243439434190245 -77.509422446909 -0.5865527003934642 -0.31839916424984704 0.7446998736847846 119.79365796634619
0.8282610197023279 -0.420668949434694 0.37016390723998177 34.2068168782117 0.23439669289621862 0.8601356597140525 0.45301748006846626 -76.82783359927313 -0.5089615639721488 -0.28845152429789245 0.811020249148717 120.83740732581194
0.8560647783950722 -0.43718955876843957 0.27571431753764947 35.36804187232501 0.3113944523110151 0.8619985743813618 0.39998994091654155 -75.92115577098657 -0.4125367744351022 -0.2565613912270354 0.8740650217634439 122.46354417328992
0.8731066437693645 -0.4547046113622478 0.1758650192952022 36.41213972177371 0.38193649228540116 0.8621423492510247 0.3329190374379981 -75.03617765377146 -0.30300050241958193 -0.2235045548391038 0.9264104972956939 124.41000621337933
0.8758801344805738 -0.4651411421078191 0.12836552473668436 36.86556769389572 0.4150658883115245 0.8619404146947808 0.2911683874941607 -74.57528191616663 -0.24607782992877753 -0.2017484558414701 0.9480207076763282 125.72686305252658
0.8757258443647155 -0.4650860828896745 0.12961165462273916 36.97739152177697 0.41545113595924155 0.8626599007064489 0.2884757344098652 -74.34229886840576 -0.2459768264326577 -0.19877834694823635 0.9486741114010887 126.52938605184058
0.8758540768463677 -0.4647948791689531 0.12978966203020326 37.09883256491081 0.41533288449894523 0.8629813844981795 0.28768337641126657 -74.09842252352134 -0.24571982241036738 -0.19806274336158808 0.9488903617208363 127.36844673463678
0.8757148269900349 -0.4761158348484483 0.08023249713412665 37.4908780619345 0.44404487648996 0.8594275989284437 0.2533936657911989 -73.68332326045311 -0.18959875910150156 -0.1862737609183057 0.9640302881862794 128.74593330444947
0.8655982343899286 -0.5003295064280489 -0.020250472056289045 38.1454127951558 0.4952496413998645 0.8494366694577153 0.18216788211395857 -72.86152684133803 -0.07394247300667932 -0.16771323614444983 0.9830588899489252 131.70534662714965
0.8418405162283498 -0.5253952634315773 -0.12354902832498522 38.44903257199256 0.537842979864466 0.8357345319898241 0.1107823137971781 -71.97098745410545 0.045049686423951296 -0.15971101778965632 0.9861353439308908 135.9452499738228
0.8019116506163488 -0.5529152275592133 -0.2263237851815513 38.34098502533441 0.5725137770576578 0.8194648289080237 0.02655878878851232 -71.38366476963714 0.17077962315491965 -0.1508712872480423 0.9736899788943002 140.16154893406554
0.7447435782516938 -0.5850752635149855 -0.3210045773438936 38.022814795138444 0.5958694841300152 0.7995804173362024 -0.07490470008676693 -71.20211932297948 0.3004938610612391 -0.1354920375347902 0.9441108765548566 143.61847517255697
0.679978109565934 -0.616371250762508 -0.39713505479194133 37.70046465377204 0.6042036193723227 0.7778738852974026 -0.1727721184384305 -71.30020150303555 0.41541275479758955 -0.12246917900345054 0.9013509545929922 145.89602967170424
0.6029798043438201 -0.6475571816366827 -0.4659238693866657 37.06797500610495 0.5993476846392569 0.7531724989778004 -0.27113380405455045 -71.64864859094357 0.5264956870393607 -0.11576218421525271 0.8422597035562518 148.43222911050913
0.5053999556989505 -0.6794132995505542 -0.5319477917740859 35.858701448581876 0.5762859706806326 0.7246022886279702 -0.37794973648857494 -72.4774382942251 0.6422346648820654 -0.11553826945619197 0.7577503173967594 151.6698209622074
0.3966383378814746 -0.7091324442010329 -0.5829315615954314 34.34751583255608 0.5353270915753536 0.6945434492958659 -0.4806602771871917 -73.71473423910345 0.7457230946860188 -0.12141076402718455 0.6551003682110415 154.71679504501645
0.1939001058491735 -0.7525894303526366 -0.6292947626297011 32.24667406383116 0.4241707338053029 0.6427243209616337 -0.6379534746574174 -75.80434124301325 0.8845800910798016 -0.1432291749815528 0.44385072479309295 158.4111377275952
-0.004012006500577337 -0.7844634144504464 -0.6201621200884367 30.333673761698364 0.2820189481142666 0.5941057873182566 -0.7533283655747147 -78.12260228078037 0.9594004464812189 -0.17791982706740947 0.21884999069668978 160.75747792723016
-0.10082906472203346 -0.7943002114534335 -0.5990998863230641 28.624021708784515 0.20568130236468515 0.5725181242632542 -0.7936738620161592 -80.3432059475804 0.9734108595885125 -0.2032490380668764 0.10564623495441008 161.8024947826993
-0.20020177489249544 -0.7959450513293341 -0.5713061566220305 25.995421952304984 0.11692340112013538 0.5595345770927763 -0.8205181139427097 -83.84856842367505 0.9727528810547902 -0.2310682416558941 -0.018955212941529836 162.69062653426926
-0.28565748694055804 -0.7988074450283046 -0.5294397660944583 24.34127022849579 0.03252699590659932 0.5440598234994837 -0.8384157101289291 -86.2762521482675 0.9577796169746446 -0.25672080987145895 -0.12943195543159056 162.9983155089574
-0.34065623581218896 -0.8031472186314385 -0.4887820313870514 23.902635314379616 -0.022151618338976827 0.5265889022960455 -0.8498314149192203 -87.07428493576592 0.9399269305681344 -0.2786730578710928 -0.19717680393377932 163.13217337751905
-0.3786974386002304 -0.8054685605152809 -0.45586033828253114 23.594607730183167 -0.06294250454603081 0.5138181391155587 -0.8555870271557949 -87.68395012056703 0.9233777618716499 -0.2953156242687825 -0.24527982172131868 163.1836661902541
-0.4406572664564421 -0.8038688137408656 -0.3995198415773462 22.83634455082242 -0.13698142730009305 0.5000638400796497 -0.8550861035121655 -89.21246644756312 0.8871624778438081 -0.32207310682458984 -0.3304718622914683 163.07971615798428
-0.5147168210372794 -0.7971639752560398 -0.31558864158151057 21.672699682915272 -0.23845367318583405 0.4866748716066587 -0.8404090760402456 -91.8095345111345 0.8235329015197024 -0.3573194171894744 -0.44058642082333205 162.56948503726
-0.5774962711357009 -0.7845392271918503 -0.2258235103384347 20.364705394457786 -0.33752296065747217 0.4813037240265982 -0.8089653739605522 -95.25523991204726 0.7433547658106283 -0.3909538671446259 -0.5427511086228085 161.2779820334389
-0.6253031198915949 -0.7688540716815931 -0.13363915860432338 19.246393576523523 -0.4286565013233234 0.48149985360475994 -0.7644681123839215 -99.00163684989914 0.6521116561809671 -0.4207390015641835 -0.6306576570816294 159.2951178197754
-0.6602702647894566 -0.7505311764082844 -0.027315392621296855 18.69206623110162 -0.515685627693853 0.47950915570743224 -0.7100276776173842 -101.75659402222337 0.5459958890182743 -0.45472400731865675 -0.7036437780178307 157.60063033533635
-0.6758267538652645 -0.7353112800644998 0.05074958295241743 18.58775570275533 -0.5688117703882297 0.47653031998701695 -0.6703521641651295 -102.85868784111673 0.46873379292274747 -0.4819088871799044 -0.7403056502751286 156.93123912184015
-0.6834390324279838 -0.7235536702674185 0.09685646698309751 18.570191551905353 -0.5949893677555154 0.47523554024164877 -0.6481811733991619 -103.35129834070867 0.42296423159859703 -0.5006208820392658 -0.75530125860774 156.6448975790489
-0.687106541685018 -0.7052829056039511 0.17452972078274157 18.66097275548466 -0.6435161935560438 0.4792371484018874 -0.5968405685128668 -104.81126127897305 0.3373003246437708 -0.5224057605487062 -0.7831479504798152 155.41251801249544
-0.6780695521076717 -0.6811373044805722 0.2761768544781418 19.181333340924077 -0.7039896892402052 0.4938813193663814 -0.510372177753055 -107.57598744713866 0.21123494016847374 -0.5404934919366366 -0.8143995243283008 152.44287343313843
-0.6530228597760115 -0.6545959169043807 0.3808744283646141 20.0634682736372 -0.7529454709426043 0.507070726290522 -0.4194668000285798 -109.9136317253428 0.08145098155932204 -0.5606990851707464 -0.8240038067216141 149.4892522888715
-0.6179570555324665 -0.6210724091412775 0.4820769027044257 20.805744629180307 -0.7852790223883092 0.5174397242650314 -0.33998968918098643 -111.24612718763355 -0.03828752426708991 -0.5886639061093978 -0.807470662705168 147.7571071068555
-0.5972023837785984 -0.59657539738155 0.5361409404701379 21.132961694985664 -0.7958746585864116 0.5237978621745643 -0.3036763530492834 -111.70856891963155 -0.0996636374467636 -0.6080572298890935 -0.7876125726208807 147.19044794285904
-0.5940473341876742 -0.5870417588005159 0.5499906709835296 21.549351873872528 -0.7964082863940194 0.5255033863800493 -0.29929923532484376 -112.00711667656927 -0.11332081056653574 -0.6158150406798242 -0.779698806953717 146.572657798488
-0.5610678143875478 -0.5723321524414846 0.5980291087732065 22.849100614980458 -0.808041891004686 0.535472320123079 -0.2456373277080902 -112.99186604657976 -0.1796418938887819 -0.6210517705181267 -0.7629046390580879 144.66960364568675
-0.48615848372751636 -0.5499403136322588 0.6791285446377685 25.42424928311019 -0.817634833640698 0.5605428454537159 -0.13139633643292203 -114.55961372272424 -0.30842050437204666 -0.6191585983031329 -0.7221630166591141 141.17959270671736
-0.3998352126206742 -0.5302840360743759 0.7476166422928591 28.77031792424212 -0.8090878498478553 0.5874693503350588 -0.016019164943042934 -115.68256065421029 -0.4307071557069283 -0.6112925678442113 -0.6639373031554093 137.3968668527766
-0.320698406110803 -0.5076284380380257 0.7996661185851649 31.038510658664855 -0.7891270169851355 0.6101313492104798 0.0708398741863315 -116.11540723132906 -0.5238617025342946 -0.6083199040025481 -0.5962514662558077 135.25422223984472
-0.23690432989496388 -0.48361326885515993 0.8426117401652101 33.15197522367353 -0.7593561468774703 0.6331709994856982 0.14990906446802352 -116.32343604571601 -0.606015330397192 -0.6043282978625976 -0.517235659758758 133.57158879461076
-0.12629238530769313 -0.45919647643422484 0.8793115656260208 36.37879654343537 -0.7105016040223778 0.6604592906137112 0.2428600340188883 -116.23782528799616 -0.6922699647499662 -0.5940809048205646 -0.4096708122781746 131.43155834974266
-0.009607774988455053 -0.43553500935841716 0.9001205176435726 39.513271878705844 -0.6458115674740311 0.6899508535751454 0.3269483735510203 -115.86114412766548 -0.7634363824029509 -0.5781669960090136 -0.2879024396378195 129.81058080422517
0.10615276031059379 -0.4177814780363938 0.9023249016225621 43.17054764338671 -0.5704053289027361 0.7177117369172547 0.3994090928491403 -114.98685296586184 -0.8144748935589124 -0.5570893099862341 -0.16211769940774343 128.42368335937994
0.19338736498449163 -0.4035401373711425 0.8942911632096299 45.66873643350322 -0.5057981946430278 0.7400307683877005 0.4433087503482844 -114.2145310127129 -0.8406958506857326 -0.5380611669410675 -0.06099727264237716 127.79686908521447
0.2767211558376888 -0.38826844206259087 0.8790182130138947 47.08375693137498 -0.4384332768343963 0.7629692554472204 0.4750307116456391 -113.85775465873267 -0.8551033058502968 -0.516841883113779 0.04089992889108852 127.54476712819715
0.38514778062394106 -0.3791999828083024 0.8413492497878836 50.00549223405191 -0.34392953328104675 0.7870242804499966 0.5121574544212368 -112.74134665439202 -0.8563723858331336 -0.4866211617062527 0.17270258180503084 127.40927161597791
0.4945010849455026 -0.3858896866591698 0.7788182244386733 54.02477805845872 -0.2376761483783318 0.8018552483273105 0.5482136528963718 -110.69438533369691 -0.8360494754975699 -0.4561987620106283 0.3048015158430289 127.87482217862934
0.5947947000774209 -0.4051753433026535 0.6942997954337786 58.60006315505328 -0.12370589154176782 0.8072666632138153 0.5770765866516192 -107.79427666331254 -0.7943022832383569 -0.42913107047055443 0.4300353557547667 129.23930062700103
0.6804715709201439 -0.4280469433869156 0.5947556266455905 62.82164059341659 -0.00645304103183312 0.8081170005869398 0.5889866480861888 -104.5900212846994 -0.7327460674960409 -0.4046266521368566 0.5471384403874453 131.36369329333792
0.7336569713205078 -0.4415666069988283 0.51649431750636 64.96428294842046 0.08240331585287483 0.812291015641865 0.5774019392450578 -102.77750768891488 -0.674505108927479 -0.38105411359942537 0.6323295189532789 132.90330018610146
0.7585347267942817 -0.44545821641228184 0.4755965156284389 65.46555042293787 0.13222521303481943 0.8198885847405508 0.5570450624949725 -102.48383331115531 -0.6380764541064186 -0.3596521736941394 0.6808147711911511 133.2219596383884
0.7813750453729256 -0.4512215899273766 0.4311056891898654 65.96399807226929 0.1816787551351612 0.8253587789395017 0.5345799434696634 -102.16484565239234 -0.5970308772592897 -0.3393846826403635 0.7268921300909118 133.60920912973427
0.8144915046888883 -0.46950551427760745 0.34083450654613817 67.6425502972433 0.2645566523585527 0.8233935947776266 0.5020286503497668 -100.47009582090797 -0.516346169233845 -0.3187280347601876 0.794857895082789 135.7781579011385
0.8411079564940794 -0.501309822607878 0.2030415407723543 70.18040463110076 0.36986364692522306 0.8070174578295248 0.4603517192772719 -97.12093438300334 -0.394636906796017 -0.3121078091224625 0.8642050840392277 140.68972624056894
0.8445676547772479 -0.5326190460565232 0.05497661577342195 71.92085112500858 0.47002635914781254 0.7866384299045465 0.4003438550840469 -93.80049005413213 -0.2564774809029266 -0.3122770122425657 0.914714364932871 146.43481630722496
0.8227985529943106 -0.5627229671257455 -0.0796580407722009 72.68435903429665 0.5566332812379718 0.7696120818170197 0.3128204496824285 -91.35587013163753 -0.11472546103074753 -0.3017285299577496 0.9464660389051567 151.59940972619594
0.780504908534355 -0.5932428240278167 -0.19716754168290285 72.80158259531183 0.624523767206271 0.7540369537022863 0.20346581198289435 -89.64051472326841 0.02796697960570013 -0.28194188087418265 0.9590237869108682 156.3736374602411
0.738539412669617 -0.617000098186825 -0.2717911234221329 72.62245883802436 0.6613545790270581 0.7413306953080988 0.11418809479953713 -88.9915730007896 0.13103303680201905 -0.26408271248124815 0.955557776502806 159.05273377346242
0.6891464300840698 -0.6410002544657404 -0.33792879675641446 72.42408983973483 0.6865782723250337 0.726733438733436 0.02165144332006243 -88.67669291575794 0.23170557583613205 -0.2469355843160846 0.9409226021968651 161.06044132446345
0.6052648496227897 -0.6740216346398145 -0.42349651456484716 71.85287957777287 0.7039538600509888 0.7015922505624977 -0.11053179121844015 -88.46024761620133 0.371622691355646 -0.2312209981556967 0.8991292594958019 164.17946049233805
0.5080425847137681 -0.7062197977383566 -0.49309870147846485 71.04733438575894 0.6988623318018666 0.6726121637188556 -0.2432782736001959 -88.63293497534218 0.5034721177044572 -0.22101238539916512 0.83526603677772 167.07103856409367
0.40700310673487317 -0.7347640027641308 -0.542651205978752 70.22102654193442 0.6743791244814327 0.6424095359081777 -0.3640367902257835 -89.09251478208986 0.6160854385325281 -0.21778854059905856 0.7569721817952855 169.3650396954726
0.29850637228893384 -0.7609110386792686 -0.5761148643447217 69.16390592125141 0.6305822963247295 0.6103559895913653 -0.4794074817227732 -89.89494177788322 0.716421603013708 -0.22018164588806566 0.6620121823269502 171.62025433206605
0.17045099680485554 -0.7846475095123338 -0.5960492794260587 67.50481266645399 0.5591915525494384 0.5750876063814174 -0.5971424055816468 -91.3971389473935 0.8113268547543463 -0.23152220369239024 0.5367925148060838 174.3120184827803
0.040068122490561506 -0.801634463306223 -0.596470227924098 65.12461718706835 0.46798036654410613 0.542484307090978 -0.6976425682892785 -93.89654430801475 0.8828300641059554 -0.25118312801572085 0.39688551763816304 177.16089586268842
-0.08899709182305354 -0.8135271771140186 -0.5746764739781294 62.49702895623498 0.3608265386582662 0.5114428538040747 -0.7798912849190159 -97.0806225406078 0.9283769313414321 -0.2767665792498022 0.24802526880023565 179.55771636925542
-0.21570751546014236 -0.8223974922066386 -0.5264338824451218 60.337181095567175 0.2357744099287226 0.4793069491467311 -0.8453846912041939 -100.16302961501546 0.9475656681184557 -0.30647546934768133 0.09051017230865864 181.10441803923584
-0.2972306380108936 -0.8268010234700888 -0.47755001352366333 59.252574109384874 0.14250676945718752 0.45613705278220523 -0.8784251873313029 -102.03105257790698 0.9441110996522143 -0.32914898855681535 -0.017753164380245885 181.67136426572787
-0.3717746533318643 -0.828147204888531 -0.41947087404882527 58.593914274179994 0.048070427312341506 0.4340787152751644 -0.8995915200595581 -103.3857082085317 0.9270775809812148 -0.35460946967103557 -0.12157007387365365 181.98801325140624
-0.46566868205059486 -0.8231188028820408 -0.32500479211743616 57.44710837452485 -0.09101026776783881 0.4098501648938962 -0.907601219422532 -106.018188249406 0.8802668968659948 -0.39306269051956483 -0.2657666487793988 182.16564882744777
-0.5412067703524379 -0.8119503140022112 -0.21870509668591287 56.372875552434934 -0.22836976711542958 0.39223571551206 -0.8910658746379989 -109.13011001229661 0.8092851667937132 -0.4323052521869825 -0.39770552892714645 181.8195779110982
-0.5891621820436702 -0.7990834654837992 -0.11980625375974177 55.85697096078163 -0.3400047433060733 0.3796798416091594 -0.8603720081482255 -111.31817170933704 0.7329970653276263 -0.46616395513386005 -0.49538517252239617 181.31173222870916
-0.6217815223324958 -0.7830045415225364 -0.017077073548105646 55.57684689828861 -0.4428266710395125 0.3694646322717118 -0.8169457906840502 -113.25124864504713 0.6459816389820596 -0.500399613764249 -0.5764615760331674 180.68053137999595
-0.6415467088461317 -0.7585378668606957 0.11418460888895086 55.44510983815667 -0.5617656859327925 0.3632338271058081 -0.7432903207727937 -115.71633296223914 0.5223381418938845 -0.5410004541444411 -0.6591520114043143 179.58730277098746
-0.6395272264759807 -0.7351753311358183 0.2247713484527769 55.566978879666905 -0.6499777412671066 0.36094698805430686 -0.6687646878176431 -117.23749401755244 0.41052875959334356 -0.573789599333991 -0.7086830273421888 178.80252477809412
-0.6344213684866432 -0.7227500539275415 0.27412020493803557 55.754483483739314 -0.6852208561487824 0.3617142467512055 -0.6321670522859706 -117.99945598467394 0.3577455876824529 -0.5888931679387542 -0.7247226581588265 178.25583553193152
-0.6195381248285783 -0.7034165984285585 0.34839288302013993 56.34002832516063 -0.736445234399696 0.3672341713452904 -0.5681438903361629 -119.75832421879036 0.2717000710597339 -0.6085590788506337 -0.7455433715985974 176.7119634413022
-0.5658830238381679 -0.6651870669133169 0.48713711554656774 57.705765507567484 -0.8189168090866751 0.3849110370264542 -0.42569796026116097 -122.78652586099125 0.09566432525799783 -0.6398200212454094 -0.7625474918235955 173.78495666207175
-0.49428233835879 -0.6281816848112974 0.6008932857456528 59.27809241954491 -0.8669412157419578 0.40711483137829985 -0.2875246815834598 -124.7944387456947 -0.06401482980076542 -0.663057527624456 -0.7458262643713504 171.36209971411128
-0.42741258450105185 -0.5970577431485481 0.6788523653611979 60.26352263675587 -0.8852473659843294 0.4287739156073344 -0.18024991071441862 -125.68418033117635 -0.1834545819213449 -0.6779933485227668 -0.7118071618991695 170.19428476985195
-0.3616243525562166 -0.5693965734105406 0.7382515626984016 61.02689279014478 -0.8885917994748811 0.4501658710110973 -0.08806419523738312 -126.22575824320352 -0.28219220673910844 -0.6878504421494198 -0.6687520674289988 169.43774733342468
-0.2935644268125983 -0.5438625193045924 0.7861510588976223 61.79452692331006 -0.8819140439943252 0.47139932771744725 -0.0032082445526530677 -126.63467989746452 -0.36884623668374905 -0.6942594860159983 -0.6180260672180732 168.77178596576363
-0.2082917824598385 -0.5172285219359287 0.8301139617279534 62.99975991917997 -0.8626390148158924 0.4971398160541671 0.0933055915317571 -127.01948465504981 -0.4609430154337609 -0.6966539021563009 -0.5497316410151699 167.84437135289758
-0.11011262313494045 -0.49066204422154397 0.8643644882725565 64.45754228690335 -0.8274362978835086 0.5270646852153624 0.19378335982137462 -127.2733256952323 -0.5506581363887898 -0.693868558128385 -0.464028060433485 166.88612626758848
-0.015144031029021484 -0.4680671557922384 0.8835631250752586 65.74958055836137 -0.7821089156667695 0.5560939114698695 0.28118535819044177 -127.36820320397501 -0.6229577051122663 -0.686784317886411 -0.37450099912624674 166.18315797395056
0.078152952635689 -0.4489992268106138 0.8901077520827437 66.92657557686843 -0.7282185930854955 0.5840652466166418 0.35856027161304266 -127.35000508096178 -0.6808742884548548 -0.6762155588406035 -0.2813231616895185 165.65593555115598
0.19361186579024514 -0.4299178937710282 0.8818645304357712 68.60554769782948 -0.6495717387672747 0.6174550753151986 0.4436279817170662 -127.12952994705893 -0.7352353375757174 -0.658725917649353 -0.15971588461057934 165.0550995035032
0.3188687981279832 -0.4130286801255073 0.8530709225933077 70.58997453871262 -0.5486977637293954 0.6534480290891224 0.521475250954346 -126.6628462605272 -0.7728217476616299 -0.6343602940548215 -0.01826372546622138 164.57216488792474
0.4279150164450995 -0.4017466960819931 0.8096223384319344 72.2746907828525 -0.4449637071093658 0.6860594170766242 0.5756125220979558 -126.13730553219138 -0.7866994585331055 -0.6065657989267794 0.11481242753307644 164.37804228236612
0.548749628327809 -0.39690509006591956 0.7357582448670602 74.89801714315018 -0.31117828424466853 0.7198863303095556 0.6204286799044533 -124.91338118684419 -0.7759136039693059 -0.5694119957580825 0.27152911126095164 164.47060135103388
0.6565223969966483 -0.3985570959587561 0.640414384209708 77.53565194210005 -0.16893051121362254 0.7497578003414587 0.6397856853730305 -123.38081021912556 -0.7351468048103595 -0.5282191610383487 0.42490433427898083 165.05226398069252
0.7400610744737112 -0.4068970800481562 0.535485174675361 79.72868841036984 -0.032718338335201914 0.7734882596479247 0.6329655776765472 -121.8948214771347 -0.6717433411544926 -0.4859533706386917 0.5591155561952244 166.00799011987422
0.798298447145102 -0.41874058919705415 0.4328693893596826 81.241358417594 0.08574584762217724 0.7904403266259232 0.6065078232463745 -120.7813097729179 -0.5961268647706419 -0.44705750077859613 0.6669125520608548 166.99751857539096
0.8163987097053798 -0.42501752249050295 0.3909645154837305 81.76324799245972 0.1329998074910618 0.7971887525868863 0.5888982458424397 -120.36244451296042 -0.5619645878511689 -0.4287775627583563 0.7073511176751417 167.48558075005235
0.838130349320549 -0.43605792929426457 0.32770566038354415 82.65099259740555 0.19864745027288055 0.8035253244881505 0.5611472564365733 -119.50353477680238 -0.5080125077671812 -0.40521665218227076 0.7600807567267404 168.54269972073234
0.8651786276090437 -0.46482108871702377 0.1881682699406423 84.61977786985489 0.32420090158487724 0.8047450281213536 0.4972717718969293 -117.16800814540056 -0.382569886086303 -0.3692245863940794 0.846943615042959 171.65312862173266
0.8659611492440353 -0.49768808722639135 0.049171697478199536 86.04144108600481 0.43575046986541144 0.799112301831215 0.4141751526517343 -114.96068855090316 -0.2454237478566924 -0.3372330008984137 0.9088680251241249 175.3235892821294
0.8420682040476821 -0.5327397579068792 -0.0843177921748025 86.83398730614269 0.5306669676886191 0.7903227712826515 0.306239263642455 -113.37424495086829 -0.09650755999443746 -0.30261901383988765 0.9482130685275836 178.7238637210036
0.7917125752989529 -0.5712430371171799 -0.21650078673908477 87.11951616193153 0.6072506253266514 0.7745575607869497 0.1769385855831309 -112.06098178362261 0.066617386273356 -0.27155474139279523 0.9601146526708154 182.59258248761566
0.7581413839663353 -0.5934992417871396 -0.2701486478139441 86.99775299782567 0.6361610665697948 0.7641748007275347 0.10647051851949782 -111.66071636751145 0.14325061709602896 -0.25257775818769124 0.9569136516794443 184.53043765324287
0.7572888631943258 -0.5964490364350001 -0.2660115121899942 86.85245206662468 0.6374361088972553 0.7636724516406159 0.10236988658357574 -111.60582332122449 0.14208724346602733 -0.24708891828847215 0.9585187956963911 185.08301467126358
0.7455923989858636 -0.6045812841869288 -0.2803095527901088 86.77273765803213 0.6453762339119798 0.7599099926303342 0.07762937460878995 -111.52929561067901 0.16607676320333437 -0.23878499515557097 0.9567655067008107 185.74245906136235
0.7100788972919672 -0.6241826844064863 -0.3258587671181156 86.7796788276833 0.6635780053834658 0.7479901529384412 0.013227315616754574 -111.42377948473776 0.23548288768385459 -0.22562514840823167 0.9453259236971331 186.61737343663032
0.6332411918215218 -0.655939215154304 -0.41079111358842224 86.17085764993969 0.6819284844844992 0.7238890957197381 -0.1046810352773163 -111.23638604485393 0.36603160386657135 -0.21384181798893329 0.9057000286242982 189.94916645476113
0.5176281121475921 -0.6937199483295469 -0.5008131096568583 84.87032675338604 0.6781506213523468 0.6895483417531675 -0.2542337883619712 -111.51229459346897 0.5217018998182269 -0.20802816558126117 0.8273762203803958 194.35461707694046
0.4115409897799839 -0.7248274123205127 -0.5525027023279271 84.01416743149912 0.6526211419210463 0.6575257510705309 -0.37649107797768605 -112.0245296845601 0.6361758081289965 -0.20563343363344502 0.7436364919256845 196.72874025663756
0.2921775775497901 -0.7564718058079289 -0.585134745332072 83.30694992735128 0.6048436138568011 0.6200934822019163 -0.49964815231054616 -112.64410494742772 0.740807981837252 -0.2079290271905048 0.6387245522898183 198.5207592351828
0.20159124208702292 -0.7780196877472804 -0.5950179296386259 82.70829286561464 0.5577894132380383 0.590550071564681 -0.5831994371177934 -113.28421293297944 0.8051285248911363 -0.21432680292621234 0.5530208675575019 199.7070668597187
0.12438184312275972 -0.7943138110231928 -0.5946383158855455 82.08641270109788 0.5136993403541161 0.564274679375723 -0.6463026179238075 -114.01043619114185 0.8489064405581643 -0.2250769997872588 0.478224005405035 200.70443410134337
0.00877476490033816 -0.8130547069113142 -0.582121161847172 81.04491665240491 0.4318713985199038 0.5281325075460052 -0.7311382561551728 -115.32460811844811 0.9018925094718366 -0.2449859139675642 0.35576931193692185 202.13954635334318
-0.10950544708530881 -0.8276211298932411 -0.5505014281660697 79.88098644592364 0.33207901445127036 0.4915486189804884 -0.8050487459399236 -116.99082399541375 0.9368735694957567 -0.27096719456902346 0.22100835786836925 203.43696814396574
-0.20720873134750337 -0.8369260832383684 -0.5065760286952425 78.95201155817887 0.2347351650946625 0.4601538028904682 -0.8562463897462098 -118.5386038477064 0.9497178233145576 -0.29633293586896803 0.10110809659932375 204.2724699431387
-0.2647529301661065 -0.8423175061887297 -0.4694753505099715 78.45826305556375 0.1712119535831296 0.4380536538163014 -0.8824938885501883 -119.50977360302143 0.9489954440979734 -0.31402263476728043 0.028238837354006247 204.6433276761956
-0.28129775131961204 -0.8454167171035167 -0.4540287981443936 78.10962297426869 0.15133473591103208 0.4281312017292904 -0.8909553702697838 -120.23530725140417 0.9476124591884957 -0.3193340704462076 0.007508571301418783 204.74976723676522
-0.3002148007857131 -0.8479979560559514 -0.4367728699382824 77.73818492454015 0.1295350538325649 0.41740919553841327 -0.8994388435622317 -121.02924787053337 0.9450353132120458 -0.32660225045902685 -0.015466957597077946 204.85368661718923
-0.35688058751990936 -0.8491981901729331 -0.38922831353649 77.24465242737243 0.055135095506048705 0.3967912229033377 -0.9162515193277491 -122.19415665699306 0.9325215104730744 -0.34845252077418937 -0.09478646143373935 205.1257148263736
-0.4179672655172549 -0.8472752825891948 -0.3277620485495991 76.72157673825056 -0.03475528865704397 0.3754369984127868 -0.9261960538315624 -123.6115347617181 0.9077970229442236 -0.37572816734468506 -0.18636767261896586 205.33420682358212
-0.4715231893934422 -0.8432680480074166 -0.25800170750209783 76.30945344228549 -0.12624951492229167 0.3541051058003306 -0.9266448262565427 -124.93006081419999 0.8727696957652247 -0.4043619334901545 -0.27343095087787994 205.440506994966
-0.4986348931917566 -0.8406476285059884 -0.21136415963664298 76.03232527205613 -0.1791728524393934 0.33853305199698125 -0.9237383079933063 -126.03128234849217 0.8480921720192789 -0.4227374331578237 -0.3194256257202253 205.33476055396363
-0.5001341551316371 -0.8411361119953952 -0.20580541287350768 75.86116669691388 -0.17808881776488028 0.3324938480929804 -0.9261383341420575 -126.819825053784 0.8474374312348213 -0.42654177061290377 -0.31608846556705916 205.07581680552903
-0.5003218546056842 -0.8416536676661942 -0.20321699118915665 75.71030967129023 -0.17596251945443073 0.3286461953225107 -0.9279164132869315 -127.52910090824585 0.8477707435098121 -0.4284982870491793 -0.3125283738234678 204.83430513092284
-0.5115536533452506 -0.8383991418642082 -0.18814818274564338 75.5311876263705 -0.19157507528665704 0.3247418598129185 -0.9261974492591493 -128.3898494981591 0.837622737440932 -0.4377551866130259 -0.32673926350433574 204.63694334582092
-0.5413689010408425 -0.8294288776202893 -0.13772236548716038 75.3099945103033 -0.25166069788469014 0.3161442913140511 -0.9147238272887194 -129.55729486284662 0.8022384970356524 -0.46054372652233844 -0.37988533774666294 204.48986708763093
-0.5743686724306447 -0.8162177974135999 -0.062362932223810716 75.09810499129273 -0.3370869124012033 0.30525362304661635 -0.8906136306528962 -131.03229356412032 0.7459712069631663 -0.4905188404151309 -0.45046445540099284 204.2592729865792
-0.5973714679170382 -0.801673583939672 0.021605419041661595 74.99343625498967 -0.4254017247036576 0.2939223546581647 -0.8559456887275906 -132.4880234836464 0.679838732301858 -0.5205085150557295 -0.5166141537130813 203.92611936319656
-0.6049783708849193 -0.7933881551514406 0.06735284720651157 75.00433489437732 -0.46951569122758907 0.28713811739872314 -0.8349291689884789 -133.54597112812024 0.6430833433175741 -0.5367373070712614 -0.5462205385605549 203.50744668525402
-0.6042218227931807 -0.7938202595188156 0.06903176397838157 75.07570771466935 -0.4710022429970201 0.28593695763957394 -0.8345040103843695 -134.2053026264784 0.6427074575203421 -0.5367396499545224 -0.546660472518761 203.08204984604552
-0.6107320159814081 -0.7807691929194915 0.1319313156272287 75.16798077578825 -0.5337771727886023 0.28287158633920423 -0.7969100297095929 -135.88573496702236 0.5848831801865152 -0.5571203936581272 -0.5895155065858085 202.3174251775384
-0.6096173944083668 -0.7578135412700439 0.23256239829884265 75.35306903850882 -0.6270425636288027 0.2815168892748864 -0.7263372938592685 -137.5936681751182 0.48495799388459576 -0.5886143709770815 -0.6467989381922974 201.5847807703117
-0.5977901183770175 -0.7352588624256503 0.31943916415388107 75.64430692363068 -0.6997018224748786 0.2840824060617004 -0.6555261598071611 -138.8739163290739 0.39123437220689533 -0.615379225998678 -0.6842836211784882 200.93640109891007
-0.5767403852085965 -0.712618681240696 0.39943102435365613 75.9779950269594 -0.7600590304164011 0.28884191356127215 -0.5821345370726064 -139.90596870769042 0.29946752470329446 -0.6393316542429538 -0.7082190604121368 200.3568857687747
-0.5521586237009487 -0.6933391583334673 0.463035274891787 76.37888362550156 -0.8037098100418322 0.2949277981388447 -0.5167863534648427 -140.75717931558015 0.22174624126508594 -0.6574940345025264 -0.7200904103502532 199.76389992033327
-0.5219080675061643 -0.6733059469721783 0.5237089562379839 76.87030893613385 -0.8409256626991397 0.30318534031841304 -0.4482439951968291 -141.55953372321218 0.14302446953577888 -0.6743424583903221 -0.7244351247186355 199.11529059378515
-0.48192375075043387 -0.6504557388676888 0.5870748080412936 77.46065325459172 -0.8744527979514809 0.31458687654423295 -0.36927957059789307 -142.36244068160133 0.05551398578247869 -0.6913338042365854 -0.7203997282775115 198.40405278686637
-0.4355501375294277 -0.6266242104860106 0.6462493145302975 78.13696341232202 -0.8995440336304164 0.3296376136546601 -0.2866349162680211 -143.08603555596477 -0.03341570376355593 -0.7061735923247494 -0.7072497778332233 197.67580906887446
-0.409039606275547 -0.614014636563827 0.675035278028738 78.73162756598238 -0.9092057350941296 0.33719526064778105 -0.24422179974075267 -143.50004988403398 -0.07766293691256712 -0.7136423349844532 -0.6961918456489208 197.0789564960038
-0.3802716907108606 -0.6015894580592648 0.702483854046385 79.39596948163559 -0.9166736934373884 0.34608133537206315 -0.19984256069951875 -143.89702786599807 -0.12289337249728885 -0.719942937502026 -0.6830661649775924 196.45546562324827
-0.3129014319452621 -0.5766487450601926 0.7546978989682614 80.38368471556083 -0.9248396608348265 0.3659009220791562 -0.10386586045732385 -144.52236478274662 -0.21625053903637784 -0.7304743253818878 -0.6477985522709591 195.59097998088097
-0.2460137799624758 -0.5535331828919333 0.7956621365291289 81.25706590301458 -0.9226016927426961 0.3853719251612479 -0.017163794621776463 -144.94989273627476 -0.29712511946464903 -0.738301764006449 -0.6054974555256873 194.9242487491608
-0.18060617858054528 -0.5322890646033062 0.8270730076373354 82.13985397709325 -0.9123996558387528 0.4046966714745181 0.06121660005884761 -145.24430463579878 -0.3672986200407696 -0.7435650313195065 -0.5587510786700692 194.31975745916594
-0.11702935547829829 -0.5127971323958977 0.8504958735719277 83.03894463145345 -0.8957542749690407 0.42431881185866616 0.13258138925781285 -145.4417300553246 -0.42886875478521214 -0.7463194000623253 -0.5089979806046292 193.76724168192158
-0.09508403133346294 -0.5051345714689139 0.8577867402171077 83.80583358280026 -0.8884630946792154 0.4317141941425276 0.1557439692857902 -145.40966704331515 -0.4489903744830224 -0.7473030973325213 -0.48984255055968084 193.33392034920726
-0.09283239776326742 -0.5040416348152579 0.8586758272469782 84.59689397057755 -0.8892027786437585 0.4299961593859057 0.15627450644805424 -145.27079230601512 -0.4479961655837438 -0.7490295943993988 -0.4881127967346613 192.90310795386853
-0.09078099409070163 -0.5039236453013823 0.858964359457404 85.35968053612392 -0.8897450710164599 0.4284826810417793 0.1573413507287796 -145.13404544592976 -0.44733937867553586 -0.7499757007753054 -0.48726166331117515 192.4885275734328
-0.0501265396665558 -0.49366328447732644 0.8682072860671657 86.44358310429332 -0.8749287321101301 0.44093090734059703 0.20019902267481626 -145.12071012192848 -0.48165033348811614 -0.749584215756209 -0.45402253219409 191.91012188637237
0.007623666682120183 -0.47944588223870827 0.8775383329009989 87.50232236687616 -0.8493256746020291 0.4600994909030461 0.25875539981333606 -145.1384775838309 -0.5278141511631951 -0.7472885015006582 -0.4036980522082991 191.39012997308106
0.0814540177214892 -0.4641416670396287 0.8820077981031117 88.88204348105879 -0.8096947590596788 0.4852050174031023 0.33010678308410635 -145.06561619077206 -0.5811709216300417 -0.7410456153331751 -0.33629117717710294 190.78166594134507
0.1918620640674084 -0.4457378675815525 0.8743607389262409 90.9863112827899 -0.7391805150399837 0.5204312465675967 0.4275084604792231 -144.77420782671896 -0.6456013588562332 -0.7283330769640648 -0.2296297333601229 189.98696328739044
0.271568966161788 -0.43256549260625804 0.8597309993388172 92.64348831034289 -0.6790145880603191 0.5469504821365471 0.4896778117210008 -144.3393894586833 -0.682048008441554 -0.7167511874401735 -0.14518350279563358 189.5342744606805
0.288734764975534 -0.42707031089007264 0.856879912852891 93.53136067910661 -0.6647906967235233 0.5546312186040407 0.5004373496249487 -143.93366268798897 -0.6889742847482574 -0.7141394548028052 -0.12377105497481111 189.38918609673337
0.28762629851687394 -0.4266567997055017 0.8574585049240226 94.30583959417673 -0.6660764516081057 0.5542089335343884 0.49919396891771933 -143.49036120176046 -0.6881956647746588 -0.7147142318827365 -0.12478098304483023 189.28558202504422
0.31569910003504786 -0.4237546959433265 0.8489794084093196 95.18548353933241 -0.6412148930397409 0.5642411691175776 0.5200724603522636 -143.12623988148883 -0.6994122812626984 -0.7085646482423482 -0.0935873927412452 189.1420297783204
0.3752276290357301 -0.4161478453103238 0.8282663806118162 96.26977390394818 -0.5877512268256534 0.5841396755564896 0.5597582824806547 -142.77334870197706 -0.7167654579938695 -0.6968513545113681 -0.02540606113723233 188.98415704055637
0.408649833699193 -0.41145978096589975 0.8146816323356721 97.18976086702187 -0.5563523674902096 0.5953017924202972 0.5797308160941723 -142.33352747395492 -0.7235173505906126 -0.6901569564879212 0.014353355206005206 188.9324510511686
0.44690496763189375 -0.40567933750959034 0.797308111725772 98.11333823997668 -0.5182735902836955 0.6090385621268648 0.6003869714250009 -141.87774358291037 -0.7291559747546362 -0.6815396576577307 0.061929472138875924 188.9147786671114
0.5339415662886582 -0.39936087249155056 0.7452632402795686 99.68537982069547 -0.4218212098692516 0.6380838410383994 0.6441396422439151 -141.19028155723288 -0.7327846004752385 -0.6583007711741388 0.17224059909870149 188.91301434142545
0.6125648486128044 -0.3975245253117456 0.6831826681200593 101.0954621914955 -0.3193249004318192 0.6661936595929583 0.6739566869483125 -140.489650730025 -0.723046273905191 -0.6309994133862633 0.2811473387709927 189.0671213884707
0.6432144814377714 -0.399288016976331 0.6533331541930564 101.98175558149802 -0.2714423278707005 0.6789378787775909 0.6821747718884918 -139.86511317496723 -0.7159568377415457 -0.6161269643994572 0.32831900680745907 189.33723592550373
0.6690865142031375 -0.4010508179280377 0.6256848071918852 102.8539851576339 -0.2291302608822012 0.6895657254450736 0.6870214216743603 -139.1887365108317 -0.7069813010678213 -0.6030400913128884 0.36948624901313215 189.6780741399702
0.7354853581309517 -0.40857049523826394 0.5404918485932465 104.52457470286497 -0.11226884261795149 0.7132082182652573 0.6919029876912788 -137.99419313109308 -0.6681743746599471 -0.569564910979997 0.47868446520451957 190.32970255711385
0.7846554655687585 -0.4175966156655276 0.45817995038824194 105.96549115319168 -0.007838831863046092 0.73233835686798 0.6808957950927036 -136.78474583717605 -0.6198825316687813 -0.5378602026963879 0.5713598247053276 191.1954800640904
0.7941035344435354 -0.4206000947468201 0.43874267729872146 106.51877963619303 0.019026428781122515 0.7387238005441412 0.6737396689504422 -136.15185627557236 -0.6074846266302725 -0.5266713461055007 0.5946256987377001 191.75445522922956
0.8019812439590654 -0.42315151181608235 0.4216264725863802 107.08083553373191 0.04153447874497548 0.7436222348667882 0.6673086683740154 -135.4509763150954 -0.5959034916941279 -0.5176570002033022 0.6139464624275189 192.40304659138985
0.8275906545393049 -0.43539383133079257 0.35429637333494945 108.03012939173112 0.11984548477100555 0.753667824513798 0.6462366981784899 -134.50114695740803 -0.5483892488909753 -0.49235863141791925 0.675908432976735 193.31661989440235
0.8582663240589146 -0.4575877299518096 0.2323626183015408 109.44487623810333 0.24653347305241483 0.7647182084683932 0.5953379782120406 -132.97102700402803 -0.45011127918672833 -0.45367337483528236 0.7691425780142797 194.96983990706005
0.8689909607223044 -0.482694680437401 0.10890617824697292 110.50576260386205 0.36354453751597465 0.7720925757101939 0.5212565815176723 -131.6714198455597 -0.3356934307150246 -0.41337501135243754 0.8464224834939991 196.70736876762342
0.8679523585206553 -0.49269014426652585 0.06257096036550157 110.83817411263782 0.4061840459654425 0.7766966216842677 0.4814113404017231 -131.1034096943413 -0.2857852762854926 -0.3924267824790622 0.8742585408513635 197.66936262299228
0.8683606667967083 -0.4920914651278194 0.06160959591436558 110.88920861404902 0.4074919951816886 0.778783092047844 0.47691421597939476 -130.67180449754508 -0.2826659268875943 -0.38902812943121357 0.8767879380374868 198.4889052569348
0.8630911379368774 -0.5050016676119297 0.0068558970233904525 111.19563421718247 0.45274883423399903 0.779659642613282 0.4326075990778236 -130.02807849652993 -0.22381282517894457 -0.3702757855832502 0.9015562444440867 199.70104370692974
0.8322715044302244 -0.5394503526288814 -0.12773981353526906 111.7975581760199 0.5495393061004602 0.7724733505430579 0.3182632145746676 -128.65134739646226 -0.07301160157177093 -0.3350794528904312 0.9393567300480544 202.57142316937234
0.7928278835704548 -0.567453299189814 -0.22230767029454487 111.88957544598624 0.6077441138366892 0.7633773450925592 0.21886553199690406 -127.76175691041983 0.04550867093258523 -0.3086288746018833 0.9500932473351887 205.15479525596396
0.784207491904658 -0.5731984111620866 -0.23761774151326417 111.73715861052763 0.6169351938351523 0.7612496794842877 0.1997245405368273 -127.55552313480977 0.06640464026096622 -0.30322022842535146 0.9506039747578845 206.10478506918724
0.7566703003884868 -0.5880510459459952 -0.2857376836747602 111.58504198359532 0.6405938176193755 0.7542233611029207 0.1441758731357023 -127.21840695999288 0.1307272631773149 -0.2921353948572955 0.9474002816833761 207.6565138720744
0.6720951645028526 -0.6254907188436774 -0.3962946511023108 111.2264269977606 0.6825349030388576 0.7308419367414999 0.0040211483017962854 -126.65393653825183 0.28711355939004374 -0.27318752559431886 0.9181145788375392 210.84594270050434
0.5776844661484171 -0.6592306330548 -0.48134772255925873 110.4823949136867 0.6970271695848801 0.7052755256516063 -0.1293814429403829 -126.52879394022635 0.4247749785843188 -0.2607707908470804 0.8669283777854307 213.89615645684162
0.4922981112692543 -0.6875083697099879 -0.5338303206257945 109.9525644350109 0.6932077657628076 0.6805783105569436 -0.23722596123861958 -126.67619284420662 0.5264081715996252 -0.25326943119564366 0.8116335577678964 215.66875318127938
0.4007824057191599 -0.7136994631827684 -0.5744619565459401 109.36269510002283 0.6743444759927731 0.6542530014176093 -0.3423631665849521 -126.98774597541005 0.6201878674756492 -0.2501721135312079 0.7434923823734397 217.2784863845832
0.3082261366366626 -0.7373813875601517 -0.6010535233853151 108.75069064407904 0.6435155950563164 0.626936378947135 -0.43913375601513854 -127.43347734930208 0.7006313778395533 -0.251434814678703 0.6677546003990789 218.68337199978617
0.24857311336562962 -0.7510642022616795 -0.6116485685364953 108.13968152740665 0.6163512777303954 0.6097763487561346 -0.4982809518110641 -127.94502237164969 0.7472098164182704 -0.2531311292169701 0.6144933861885857 219.679419206474
0.1783649087054132 -0.7654679540873999 -0.6182594686761846 107.30452526850158 0.5775313197331898 0.5901606835204357 -0.5640637750768309 -128.7099017706093 0.7966451745097988 -0.2564550231364875 0.5473456741752086 220.89386060026132
0.07156744662784062 -0.7849311819166125 -0.6154357320128224 106.51324265053246 0.5095705883100433 0.5591932470489925 -0.6539424500551663 -129.56601424533994 0.8574473255614743 -0.2668069566367933 0.4399978770149743 222.1343916118448
-0.00760843192365765 -0.7980892403253086 -0.6024912250320599 106.01755695608787 0.45022956584793433 0.5352497171146161 -0.7147034898229451 -130.22160462454187 0.8928804230130934 -0.27669713552129266 0.35525096114474836 222.848779529415
-0.0716534236506746 -0.8070258167600428 -0.5861528111012688 105.52565536476017 0.39702710524070944 0.5160239327592862 -0.759005124174939 -130.91995474268379 0.9150056090447294 -0.2871038695357809 0.283436242414871 223.40603647131624
-0.11846889222119018 -0.81317046087273 -0.5698411385113514 105.05185893659599 0.3529199608726051 0.5019285848979501 -0.7896297846966088 -131.6407076832434 0.928123172210219 -0.29465487816489094 0.2275211638069524 223.83245071808372
-0.14645642213927124 -0.816628652850321 -0.5582724780589052 104.66151025263756 0.3226260104392437 0.49406705475409995 -0.8073476344144812 -132.2596026095682 0.9351272500586311 -0.298354468293124 0.19110635114330016 224.08723488652373
-0.15008926416316473 -0.8171467588503359 -0.5565468419489488 104.37216657212625 0.3138247276826973 0.4944357362946991 -0.8105845686722591 -132.71475765211858 0.9375432006461557 -0.2963182025713295 0.18223136323656125 224.1834374746955
-0.15332250516838808 -0.8172598295270533 -0.5554984972529623 104.06622667858447 0.306155149637668 0.4951991657582315 -0.8130478525786056 -133.1998396187071 0.9395537418153495 -0.2947272591291102 0.17428312875036184 224.2834899869895
-0.1570955812791792 -0.8174398578801365 -0.5541778208223938 103.77762023523677 0.29853772245605004 0.4955853735704265 -0.8156410765611357 -133.65434328837978 0.9413799480620505 -0.2935765935015212 0.16618236108182752 224.3709003688128
-0.1614545874216665 -0.8173409672275612 -0.5530697600592643 103.43043621930823 0.2918480446933706 0.49581186724818543 -0.8179213355234825 -134.18812792975723 0.9427391659463149 -0.2934694798226499 0.15848826266782984 224.47571536505674
-0.16559077781108605 -0.8170499685075275 -0.5522762381868024 103.08038670163658 0.28601995056216756 0.4961495992175226 -0.8197732388146737 -134.7315186260258 0.9438073331905895 -0.2937089105868838 0.15153479355425506 224.57742496646367
-0.1697622284184166 -0.8169593160546338 -0.5511426872543588 102.69940462717847 0.280515716300658 0.49606614500640184 -0.8217233796642328 -135.321793741817 0.9447177984513362 -0.2941017777743385 0.1449566335123407 224.6844282992274
-0.1911361417865967 -0.8190389972884086 -0.5409640433741689 102.19444289746161 0.259060801812684 0.489490231877206 -0.8326384652782748 -136.13238506250707 0.9467599887337342 -0.29928988258474615 0.11862162499015556 224.89538840965753
-0.21148718737408076 -0.8212880548265307 -0.5298670593421068 101.70125624614141 0.2373856918588974 0.48273385248637474 -0.8429804629790232 -136.95177444000856 0.9481145515586556 -0.3040624256018992 0.09287000839784565 225.08002291900453
-0.23220828635864338 -0.8232419998768578 -0.5180269504428624 101.2350630806015 0.21400792319432638 0.47629136514761394 -0.8528464951536511 -137.75858347773232 0.9488308176679505 -0.3088998949895713 0.06558150897164318 225.23976122513074
-0.2526239496538456 -0.8246935945050452 -0.5060253108725268 100.78673010451607 0.19066456064699758 0.47030362160836087 -0.8616620734460466 -138.56235939559548 0.9485927289277399 -0.31415756983463267 0.038429883437484956 225.37549893279308
-0.2553680888021617 -0.8243692501715424 -0.5051756908176979 100.42970818908402 0.18579959112659045 0.4709183114163275 -0.8623888078529195 -139.1992031539213 0.948823298174492 -0.31408801846679557 0.03290996045087687 225.40020069295775
-0.2590043468475208 -0.8236736144917289 -0.5044586455837761 100.13428730715098 0.179620943432847 0.472095340755706 -0.8630540573550656 -139.7463106936027 0.9490274311074368 -0.3141460902619654 0.02567428633355717 225.41752453807638
-0.3244615036338268 -0.8255490180376379 -0.4617288722581316 99.35547202446703 0.10325300956529634 0.45430926727599863 -0.8848400452527265 -141.23437867275692 0.9402465361145357 -0.33477142722196523 -0.06216544731909259 225.75988620797258
-0.3848734894367108 -0.8257555559631945 -0.4123107552862563 98.64002742477294 0.024436310854065744 0.4374489035306736 -0.8989111877775509 -142.7657341653664 0.9226457954386671 -0.35604243931829405 -0.14818406649712648 225.9536369559955
-0.4171139198929709 -0.8259752651337631 -0.3791844395788514 98.23674841474123 -0.021134249616580284 0.42591365110554624 -0.9045169458308008 -143.75434400843585 0.9086084532540194 -0.36927283028832086 -0.19511087997902132 225.95969306008962
-0.44721836360611494 -0.826525776678181 -0.3418345736463704 97.88848107028583 -0.06781973895206858 0.4124195041853052 -0.908466089392451 -144.69073718164358 0.8918498854975196 -0.3830995863402501 -0.24049633819246932 225.9256074389681
-0.4486997954724464 -0.8275717563652616 -0.3373328943484428 97.66160584432583 -0.07239517196980408 0.409882611595709 -0.909260789755577 -145.3320868219196 0.89074543648477 -0.38356385749701544 -0.24382644361012473 225.7549924289224
-0.4783409733546277 -0.8254681260978288 -0.29965361003445784 97.34192093416391 -0.12188453179994627 0.4003266911451907 -0.9082305331052478 -146.2974546643918 0.86967469442203 -0.3979207372747434 -0.29210445516744304 225.68231111141213
-0.5061827544077099 -0.8215791898641196 -0.2622720990163409 97.03723595217109 -0.17238904363443394 0.3943601597572056 -0.9026417240694493 -147.3258023480215 0.8450213232664755 -0.41168883781137583 -0.3412495627051979 225.54038689116288
-0.5064455667361214 -0.8213408920406866 -0.2625110035696305 96.88267432583811 -0.1756069343779721 0.3963055144470539 -0.9011682106117692 -147.917639224683 0.844200860300258 -0.41029389257050664 -0.3449403269953247 225.31939743078797
-0.5255089451046461 -0.8187521440869618 -0.2312688374338432 96.67692343715497 -0.21145156019732606 0.38898966563747417 -0.8966466849976942 -148.73512244965212 0.8240925835760899 -0.4222936970643088 -0.3775439671278546 225.1565123890891
-0.5432035762028127 -0.8161305595054023 -0.1971313892861067 96.48442831921213 -0.24628047877845594 0.3793474441097698 -0.8918752392683806 -149.57302957011956 0.8026679267126137 -0.4359202065616797 -0.4070599132045459 224.95806045623044
-0.5433289470842627 -0.8171362205717995 -0.1925670072726331 96.34130312873526 -0.24849473621789722 0.375634305880263 -0.8928321422965475 -150.29491267603768 0.8019002564735219 -0.4372496601204875 -0.4071470414877327 224.63229055818812
-0.5438815165514963 -0.8166768326520898 -0.19295555696323127 96.19116392042274 -0.24772697848161523 0.37594657078727606 -0.8929140608399266 -151.02235016287815 0.8017632069919455 -0.43783915645203664 -0.4067832752109589 224.30648891667434
-0.5449900033405474 -0.815546289376024 -0.19460253375499614 96.04929823327241 -0.24923770340896068 0.3791892663574475 -0.891120680648092 -151.75511284107668 0.8005413564946489 -0.4371495741325752 -0.40991924372662775 223.97679848540443
-0.5660382052934798 -0.809528482962249 -0.15577029697914757 95.83301020270521 -0.2956695998454795 0.3757400566330286 -0.8782931729033384 -152.85646554847867 0.7695324800652313 -0.4510909499360863 -0.4520361899343993 223.6665712780886
-0.5844934539746669 -0.8031431717547837 -0.11544889745868146 95.66874218632653 -0.34018875557349987 0.37173738992330324 -0.8637609180290309 -153.89046410340853 0.7366403551544759 -0.4655881856283169 -0.4904983471544159 223.3344692910949
-0.5846733927722821 -0.8029196376224795 -0.11609082351473729 95.60039743663856 -0.33979861664284816 0.37231013167822324 -0.863667798390875 -154.5465381994117 0.7366776254996145 -0.4655160806781246 -0.49051080999130076 222.9707600456956
-0.5845549433241445 -0.8030848928162865 -0.11554294944112556 95.53550608189308 -0.34008758467141337 0.3718186314574188 -0.863765790045824 -155.15018739519644 0.7366382782530819 -0.4656238398443291 -0.49046762052244763 222.63764212522995
-0.5843631209494352 -0.8032262671301805 -0.11553054430039852 95.4692961288253 -0.3403195462960635 0.371814501348747 -0.863676202633611 -155.76598099570083 0.73668334397017 -0.46538321884108597 -0.49062828122523894 222.2990777206799
-0.5845689549612141 -0.8030294178088647 -0.11585720102395339 95.38180576573671 -0.340527580754136 0.3724446313740778 -0.8633226299051548 -156.52379714128335 0.7364238614013564 -0.4652190351803919 -0.49117323386411765 221.87788748332738
-0.6051558142863899 -0.7939229614151598 -0.05893022800866509 95.21937857024083 -0.3981805284147026 0.36594304434112196 -0.8411527537193998 -157.80559121171547 0.689375592276633 -0.4855636102882147 -0.5375772252775498 221.43355624258535
-0.6200469719936822 -0.784561525412018 0.002228309814002486 95.12965098287752 -0.45507275270940756 0.35733213724823504 -0.8156117541030657 -159.0225270689114 0.6391013552347873 -0.5067316415350108 -0.5785952827359419 220.943882780263
-0.6197578424342008 -0.7847452837615239 0.008663507104116236 95.14362320819467 -0.45656091434237805 0.3515492260428425 -0.8172914248684605 -159.52351668419507 0.6383199419069947 -0.5104781888413197 -0.5761594141217596 220.59255803476927
-0.6205443126910795 -0.7840701543231869 0.012599566911710753 95.15615132695336 -0.4562236850518903 0.34791215415036647 -0.8190342374968909 -160.0717145838798 0.6377967585245493 -0.513995258824491 -0.573606283718645 220.21205146350755
-0.6206359677642606 -0.7839802804339624 0.013635080051071597 95.17298787779234 -0.4574047173950793 0.347869669541309 -0.8183933146830665 -160.640920145693 0.6368609895589781 -0.5141610768075475 -0.5744967076268195 219.8139512461734
-0.620208776587806 -0.7843417367726985 0.012211199770615452 95.1912202236613 -0.4571685489256147 0.3487630473560721 -0.8181450083402959 -161.22711445632618 0.6374464615296709 -0.5130032911739301 -0.5748822765819196 219.40864293486044
-0.6197807458934205 -0.7846856777889301 0.011841203178593915 95.21341444025052 -0.4579038848024294 0.349337284045248 -0.8174885285181205 -161.73521142429746 0.6373349663266814 -0.5120857829004901 -0.575823142682328 219.06407497904894
-0.6200411586738813 -0.7844753702484916 0.012138987759953968 95.23865252357551 -0.45742421325107235 0.34888636473933626 -0.8179495055506769 -162.24849475465695 0.6374261139002553 -0.5127150260841331 -0.5751619348892606 218.71547142708198
-0.619270946654732 -0.7850707709406376 0.01293751305385606 95.26673030545408 -0.45667999059891917 0.3467320528601883 -0.8192803364575031 -162.86929152390496 0.6387071948991309 -0.5132648128734554 -0.5732471989029282 218.28855399659895
-0.6243076868993589 -0.7803577054490259 0.03580172656028634 95.27977127133869 -0.4761802260278221 0.3438257786499687 -0.809343083170434 -163.73744976172316 0.619267554792319 -0.5223271824077942 -0.5862439851286069 217.80242916009843
-0.6290629011772798 -0.7752747167349876 0.05682411419373909 95.30776077545426 -0.49457317891831504 0.34275915787532546 -0.7986948919250827 -164.5358178462664 0.5997309705668451 -0.5305330086658829 -0.5990471514487566 217.35128928308777
-0.6287074674738239 -0.7756724854969093 0.05530927214936107 95.36458733461762 -0.49415552042767186 0.34358490615369863 -0.7985986062435874 -165.173281921015 0.6004475347384658 -0.5294162894229762 -0.5993172369622783 216.88089998873298
-0.6287760640828419 -0.7755805331693069 0.05581664451844451 95.42700027964607 -0.4945588397029286 0.3434888918433106 -0.7983902149024231 -165.80222013084233 0.6000435111791287 -0.5296132718777542 -0.5995478020498088 216.41479280330896
-0.6330196894817827 -0.7696355414340913 0.08334990155864389 95.47903680086235 -0.5170747612875998 0.3402315190237323 -0.7854146705417244 -166.63805643694639 0.5761247815948848 -0.5402810813125412 -0.6133323643898075 215.92793286577674
-0.6363371199445473 -0.7632865479841063 0.11166340245210327 95.55187327639489 -0.5398038023005955 0.3371869519114341 -0.7713085079800985 -167.47227603870851 0.5510779661740186 -0.5510885637782503 -0.6265895547089231 215.4184647451244
-0.6361847123894802 -0.7632716503250531 0.11262947896523284 95.65090016195994 -0.5402057734988138 0.3364377946520725 -0.7713542199328325 -168.0828633883823 0.5508599949174541 -0.5515668573615643 -0.626360333881245 214.93148746942157
-0.6357900397674736 -0.7634083221550265 0.11392435646918303 95.75155521665287 -0.5406847319958512 0.33515560507306086 -0.7715767887739209 -168.69514815753666 0.550845755106676 -0.5521579973635722 -0.6258518195454897 214.44328890189527
-0.6380873178325931 -0.7579493684512277 0.13548922350352474 95.85497418797846 -0.5575673015155995 0.3335032610107702 -0.7601935800674624 -169.47887055407554 0.5310021460425701 -0.5606142432721093 -0.6354119853595933 213.9303123119668
-0.6393360540406603 -0.7530907717923213 0.15525366161530507 96.00353472674149 -0.5748877357674635 0.3340672601925097 -0.7469291512128978 -170.38192724390302 0.5106402855904263 -0.5667921621800258 -0.6465238925387167 213.29623553016776
-0.6382228480258644 -0.7543943981001251 0.15349491318249103 96.18077293672641 -0.5758564153252521 0.3354837752051404 -0.7455467963198881 -171.15393393568647 0.5109412737159728 -0.5642160301597693 -0.6485362643092865 212.63984715845353
-0.6368671672213255 -0.7556726633508263 0.15283663559418215 96.33649611862441 -0.5769714748827701 0.33566322208469235 -0.7446033296402282 -171.80866566830528 0.5113747436929991 -0.5623957923064361 -0.6497744564915816 212.07968969362918
-0.6352885283352954 -0.7563504135485992 0.15602095272889777 96.47761860250678 -0.5795197846508493 0.3333585333431896 -0.7436591339084737 -172.40937611917116 0.5104559774983566 -0.5628553456902872 -0.6500988808358763 211.56687243214174
-0.6337160145204154 -0.7568327673927768 0.16002554527620616 96.61929353298683 -0.581975304280158 0.33016765849425317 -0.7431648958962136 -173.02036401714346 0.5096162852071869 -0.5640864113635475 -0.6496905127571249 211.04720838863474
-0.6333119996663941 -0.7489466350351232 0.19492267427909485 96.76975437960559 -0.6086809594868079 0.3265015590767924 -0.7231211665264905 -173.8495712475746 0.4779366073411476 -0.5766070323799228 -0.6626469116907177 210.5087435911968
-0.6318976294316863 -0.7406264287742976 0.22842477737679842 96.93391439098161 -0.6339082548981363 0.3242929893481608 -0.7021355862165244 -174.6001360982628 0.44594361783818415 -0.5884781644722725 -0.674409178206176 210.00250042150347
-0.6314570465980591 -0.7410288223663232 0.22833808864057534 97.1028012409019 -0.6345340924092132 0.32456903414071386 -0.7014423908257681 -175.09040725098978 0.44567755594383063 -0.5878190423075248 -0.6751594549649669 209.5366543721784
-0.6308667775629645 -0.74110029904694 0.22973344493097167 97.2868799987 -0.6363820032150241 0.32484379121817025 -0.6996388048779373 -175.6018673567377 0.44387504429889707 -0.5875771081820099 -0.6765560486678927 209.04854276389983
-0.6266399644083677 -0.7312204110212881 0.2695163548138266 97.48514737995202 -0.6670718644721705 0.324488490439297 -0.6706134111409028 -176.3531017190058 0.40291125900859986 -0.6000199414005136 -0.6911140190198878 208.54497394883902
-0.6046269925513681 -0.7016943625915452 0.3768968312224543 97.90841306389383 -0.7445091994766144 0.32971111250491825 -0.5805141119606386 -177.91809602328465 0.28307640624568414 -0.6315976597470934 -0.7217701465349033 207.59134975567204
-0.5662087678642419 -0.6693108826298388 0.48107231637968634 98.54397320520944 -0.8094108465361475 0.3411935879869268 -0.477955036615614 -179.38967814814578 0.15576171770780647 -0.6600074832226253 -0.734934289162536 206.5156474799736
-0.5329273312893966 -0.645595954468487 0.5469865840573045 99.11065428405631 -0.8432993005952385 0.35211278046288175 -0.4060331014218776 -180.26825602606644 0.06953236066994548 -0.6776595409264243 -0.7320811412753677 205.75350237567287
-0.5047962249611512 -0.6275950413816008 0.5927100769332267 99.69611333031438 -0.8632125782500841 0.36166315416198336 -0.3522269263875729 -180.94377285791072 0.00669447651465965 -0.6894376164344551 -0.7243141286964963 205.03234680790047
-0.4938596053882803 -0.6201447641923541 0.6095269982622062 100.20465890415252 -0.8693757633150548 0.3658383804361019 -0.33218678715482436 -181.33546008322378 -0.016984473088380712 -0.6939616349948245 -0.7198116259336277 204.4505120712375
-0.4931920869396124 -0.6188085124452997 0.6114225955142472 100.59206754162437 -0.8697458308940376 0.36483779703778474 -0.33231847901530337 -181.5515031209771 -0.017428569148998846 -0.6956790975570861 -0.7181412383365608 204.01152230842916
-0.4938886754028395 -0.6160338188435713 0.6136581380132003 100.98112189168353 -0.8693668633202971 0.3633075728725991 -0.33497591622986445 -181.76778829827367 -0.01659015579938748 -0.6989348621541333 -0.7149928847171327 203.57420508016435
-0.4940051063255556 -0.6130777792995667 0.6165181193228486 101.41928311397358 -0.8693332907610114 0.36034277230510997 -0.33824948783713965 -182.0045305707066 -0.014784603440719286 -0.7030566996882757 -0.710980092917181 203.0881135978957
-0.49491818202734605 -0.6103539573320411 0.6184852786185441 101.89581568356529 -0.8688358140445801 0.3585946876087438 -0.34137102725959106 -182.26726882673861 -0.013428377870429017 -0.7063128887312589 -0.7077724082499026 202.5620527713879
-0.4959398483436122 -0.6097184561437805 0.618293677035884 102.42879162870355 -0.8682687247051367 0.358335180724901 -0.3430820892348612 -182.5583530082716 -0.012372894722855568 -0.7069931417577462 -0.7071121615300375 201.97640412768902
-0.49527143242895977 -0.6117634275679104 0.6168076822722969 102.97283963475915 -0.8686646115644664 0.3579859022025393 -0.34244399022289473 -182.84841618294416 -0.011313745414916138 -0.7054017312954282 -0.7087174307508547 201.37499540280928
-0.49381765192561594 -0.6141977609080467 0.6155527898906863 103.5211505123466 -0.869494919154403 0.35778642419676254 -0.3405399539336927 -183.14142838925628 -0.011077554393527127 -0.703384663719666 -0.7107230843532691 200.77116447512518
-0.49230060754383376 -0.6153902683686283 0.6155769077939444 104.00245517331203 -0.8703535599979394 0.35710404416861397 -0.33905955559064155 -183.393319667319 -0.011171052362155556 -0.7026887783618008 -0.7114096487632956 200.2551683074699
-0.49148756757077944 -0.6155045481693333 0.616112101898849 104.44484193003497 -0.8708119769529753 0.356469310110304 -0.338550043191142 -183.62430324900237 -0.011245964547420719 -0.7029109347081893 -0.7111889665546361 199.78427797176903
-0.4913398270019892 -0.614625580071701 0.6171066121207708 104.91216302165427 -0.8708888692774368 0.35624554754644694 -0.338587783627806 -183.87252925840227 -0.01173677001206582 -0.7037929426861638 -0.7103082021593362 199.28040147130517
-0.49117132109164624 -0.6138844127262097 0.6179778807925719 105.37860036625705 -0.8709766981327749 0.35610619747062683 -0.3385084451424072 -184.12555268404353 -0.012260695200890905 -0.7045099743330818 -0.709588170292026 198.77264526466288
-0.4904587391132719 -0.6136723047157419 0.6187540122312611 105.86717946069416 -0.871379211412046 0.3552682956430472 -0.3383529341232245 -184.38336051398994 -0.012185858456965421 -0.7051175366814714 -0.7089857292766298 198.2385580898064
-0.49057725071359753 -0.6128052759619773 0.6195188898132546 106.35591418479204 -0.8713083269961112 0.35514256255099746 -0.3386673287636976 -184.643207887409 -0.012480400214685761 -0.7059344544770909 -0.7081672017204748 197.70581915452644
-0.4913013867753602 -0.6115176967503393 0.6202169410083557 106.81568575489801 -0.870883556452529 0.35601167135968126 -0.3388473416691801 -184.88812190098642 -0.013593323846462124 -0.7066129042246808 -0.707469734426824 197.20347920390492
-0.48063364864634917 -0.6032135206575864 0.6364941038884582 107.40571520781594 -0.876183856665701 0.3601027641881638 -0.32035581552775183 -185.2928209259045 -0.03596032685207564 -0.7116596431721519 -0.7016034543620568 196.57053121347653
-0.46959410539133417 -0.5954124842277148 0.651893664494055 108.01403718689225 -0.8810054023424603 0.36414088189629246 -0.30204453177499957 -185.6811824409613 -0.057540048879922714 -0.7161601718593145 -0.6955600268972668 195.93834819859634
-0.45522243022523196 -0.5873135458695389 0.6692050043581386 108.62913111919565 -0.886526299302991 0.36880830275813004 -0.2793770864992325 -186.05306330456315 -0.0827264145480083 -0.7204465522540915 -0.6885587162190431 195.32570561992384
-0.44052544658528525 -0.5790371296545727 0.6860417869140492 109.30900321613478 -0.8911735947712257 0.3743176990587583 -0.25631208351124646 -186.4278004633326 -0.10838337000369205 -0.7242943204614689 -0.6809190718829181 194.66960665665528
-0.44169396788870474 -0.5795240147116963 0.6848783505872869 109.89745706325992 -0.8906283635342425 0.3752208435524852 -0.2568860382194149 -186.63882343679867 -0.10810900424590035 -0.723437098119933 -0.6818733080747209 194.10399117444956
-0.42858007549886257 -0.5731000319367765 0.6984808317194163 110.59739195225136 -0.894118086640473 0.3801696857160158 -0.236693593502133 -186.9758630782135 -0.12989213227813062 -0.7259665029852558 -0.6753522566154581 193.44117043755094
-0.37917667669604405 -0.5525572912100877 0.7422300773886134 111.51007067750194 -0.9034768496498967 0.39435358397644477 -0.16797271490221005 -187.55800425980433 -0.1998865428097462 -0.7342790278466992 -0.6487524021289375 192.6254671729233
-0.3473210099352227 -0.5401013095856043 0.7665889977305211 112.28522361060118 -0.9065556731637852 0.4024718053691465 -0.1271741221217755 -187.8892570284476 -0.2398435479893592 -0.7391258494105082 -0.6294188201992879 191.993351935116
-0.34815063742258584 -0.5397492277378533 0.7664606348786808 112.931861744552 -0.9063165268780897 0.40272470312770525 -0.12807484764123805 -187.99135029966908 -0.23954433153359012 -0.7392452804361231 -0.6293925075682387 191.48359614245965
-0.32814970878047484 -0.5304128957546432 0.7816520508797095 113.71021583879276 -0.9064099126962663 0.4097859218549294 -0.10245276187317028 -188.22828033224135 -0.2659677401363313 -0.7421170111691751 -0.6152426374529775 190.8788940870228
-0.2897780976462564 -0.5143015360931745 0.8071694890769288 114.70959133021839 -0.9042836369179952 0.42339130386107365 -0.05487173969514223 -188.5496474864818 -0.3135279224038438 -0.7458107895351279 -0.5877639901236812 190.13201255195813
-0.2724450778704253 -0.5079111755082777 0.817190257735596 115.58082815376044 -0.9020420748283349 0.4303657929120976 -0.033247248465434594 -188.69567044950583 -0.33480408417992935 -0.7461980448144653 -0.5754082925466928 189.52452124585835
-0.24605767905854148 -0.49896470968560647 0.8309571812462266 116.42744951605425 -0.8985396044507613 0.4388851396825758 -0.0025324690053615054 -188.84789408063 -0.36343114589944475 -0.7472710703982551 -0.5563306117193757 188.96168353174852
-0.19046982018776096 -0.48042771659872285 0.8561018962257775 117.4519421493482 -0.8880942663575976 0.45595133803066384 0.058283371649178586 -189.10760520832085 -0.41834175223182474 -0.7491979621380284 -0.5135100698796712 188.3232286672945
-0.10468787072095902 -0.45654597079217396 0.8835192280178942 118.68094884809534 -0.8640493468130052 0.4816215819988311 0.14649019770943913 -189.39186158712343 -0.4924014378491614 -0.7480684649859024 -0.4448981857658072 187.63407071847166
-0.00786516922921749 -0.4329611025306279 0.901378290624115 119.96469565441744 -0.8263960765667521 0.5103526351577966 0.2379279563703271 -189.57695739047173 -0.5630343362070076 -0.7430241392330034 -0.3618113662794213 187.01751595280172
0.057046912192872244 -0.41721216639893244 0.9070169006242169 121.03418798875727 -0.7935571579577951 0.5323302973788325 0.2947736276305921 -189.5780733709362 -0.6058157202179526 -0.7365856791312618 -0.30071390130077724 186.5978557875555
0.08426600491717406 -0.41141288441117696 0.9075454142662872 121.80701377831478 -0.7788241715457411 0.5409311607430297 0.31753171361814747 -189.4472413277977 -0.621556232557747 -0.7335754343471865 -0.2748361910137551 186.35482953332573
0.11660831898379301 -0.4045802019292118 0.907037683974974 122.61684119120267 -0.7605464556975426 0.5509601010645268 0.34352882813653524 -189.2988907849643 -0.6387265366881755 -0.7299026149027513 -0.24345550741038402 186.11948816837003
0.1868546830504145 -0.39074554598003053 0.9013341476494107 123.70364400720628 -0.7170573344506008 0.5728953335825379 0.39701349582846784 -189.1928563514008 -0.6715013823758814 -0.7204920922925594 -0.17313878367125934 185.8147553640294
0.2256471142672192 -0.384061030564766 0.8953102839934317 124.49271169221312 -0.6908125514264233 0.5849229685481218 0.4250213402366494 -189.01801401656527 -0.6869216830284102 -0.7143964205302071 -0.13332800050640867 185.65351386881935
0.2701832342338064 -0.37736141277529894 0.885776147842774 125.31494502572588 -0.6585489999028372 0.5986974818000307 0.455932604683263 -188.82998450039588 -0.702363320985603 -0.706512342025617 -0.08675295902472706 185.51570739532082
0.3563392570875787 -0.36511919338470755 0.860064130446309 126.52149073067494 -0.5906777874354223 0.6251884771196959 0.5101363734406109 -188.60571842669 -0.723962765125844 -0.6898023939497782 0.007111400177862591 185.33920643765023
0.4232903334678179 -0.35755896528699954 0.83245232892676 127.65725812026645 -0.5307488133224012 0.6467918601913645 0.5476915069152037 -188.26869607683506 -0.7342553988562552 -0.6736556063249781 0.08400674566581329 185.28079234262447
0.48172618646544096 -0.35221153740236866 0.8024256440282278 128.76538948732176 -0.4725717847703594 0.666710731846639 0.5763442619472026 -187.86009668140346 -0.7379808869560326 -0.6568438421429923 0.15472678348111651 185.31359911457858
0.5323623860986272 -0.34856688029457594 0.771421687424638 129.82177038270837 -0.41737635170930304 0.6847406968298243 0.5974338115128974 -187.39634508102338 -0.7364694636583384 -0.6400244589597358 0.2190466183991203 185.42769757432995
0.5744349182325567 -0.34532580245003786 0.7421419102014027 130.79248342090426 -0.3683527435632454 0.7006107289339029 0.6111144433018462 -186.91374023792363 -0.7309861702006263 -0.6244154840047869 0.27525356003234974 185.60508230105194
0.6132047010539408 -0.3428979646747301 0.7116185638579621 131.65747528449992 -0.3192018921907654 0.7164784456657888 0.6202973391190393 -186.47033067940063 -0.722558057616947 -0.6075192365005838 0.3298942719335485 185.81792222153476
0.6267991783273826 -0.3411127095686251 0.7005461508129655 132.23071485521672 -0.3001789719829903 0.7239691260017393 0.6210968437977304 -186.0883610890784 -0.7190378118203145 -0.5995922147318269 0.351388390823644 186.03460916422233
0.6253023151505893 -0.33996862586627774 0.7024374335796046 132.64888443914816 -0.30076975068099404 0.7255897733326399 0.6189160184632249 -185.72849983558305 -0.7200934465349612 -0.5982815509955761 0.35146068627333316 186.24814545987834
0.6251400149890711 -0.33886872223396836 0.7031130426545755 133.05197842847627 -0.30116713387045085 0.7263461216761585 0.6178346615416221 -185.37863755884544 -0.7200682739405445 -0.5979877094201097 0.3520119035583439 186.46026327946439
0.6255018026086854 -0.3377491023103585 0.7033299643992327 133.45645445078617 -0.3022302841696772 0.726181328083422 0.6175091368341878 -185.02789489647046 -0.7193082442624961 -0.5988206932225486 0.35214972256763916 186.67379848857738
0.6252483528611993 -0.33768580361306566 0.7035856701799352 133.8498283588997 -0.30273041338144246 0.7260057000782693 0.6174706634875481 -184.69624840896287 -0.7193182842513121 -0.5990692960685341 0.3517061052209543 186.8801097667798
0.6600386626391918 -0.3386179997116359 0.6705869176272016 134.63949264322451 -0.25739868836493124 0.7366780142768385 0.6253410417597243 -184.24985792276792 -0.7057583715759054 -0.5853574579284129 0.399076142356451 187.16256662865663
0.6922253554297026 -0.3400858503886864 0.6365262537127745 135.4259818306886 -0.21244801613070677 0.7468937663587287 0.6300916934991206 -183.7704484453546 -0.6897027604282459 -0.5713941863021235 0.44476823865670256 187.50344724883334
0.6908745906886579 -0.34106082600449256 0.6374714212464012 135.77620782103932 -0.21286012993388878 0.74669398399211 0.6301893837208853 -183.4411580286651 -0.690928986962699 -0.5710740820901553 0.44327364882155934 187.75466596331475
0.6890409631564941 -0.34236698163167234 0.6387545702230107 136.14551132070156 -0.21319503546623234 0.746621708477635 0.6301618056360445 -183.08972797747225 -0.6926546238529827 -0.5703866007528098 0.4414620003315483 188.01856129547062
0.7022285958413923 -0.34397393545728344 0.6233433491332435 136.7431133688747 -0.19101380654432235 0.7524148742249159 0.6303852653374303 -182.63460275611402 -0.6858489082094309 -0.5617417456190361 0.4626634698534167 188.36168808966153
0.7319114196091293 -0.34753191016550605 0.5861119733143634 137.59336053635496 -0.1410980725747811 0.7642172251596357 0.6293356550243904 -182.06285816698474 -0.6666310882050314 -0.5433172224272025 0.510303231473757 188.81969365413354
0.7629091388048499 -0.3522504140111124 0.5421155704801659 138.4197937949852 -0.08528731711089525 0.7763674556036191 0.6244835045215992 -181.513951193879 -0.6408554591076382 -0.5226597552027049 0.5622553341884631 189.3061845246035
0.7969355021775928 -0.3604655007303216 0.48472510575807776 139.24989339425215 -0.016678399671080858 0.7890032216307047 0.614162639079235 -180.98110779892994 -0.603834113273963 -0.49753245023776715 0.6227726909611915 189.8364978235151
0.8231730338510325 -0.3690874325427188 0.431463351258834 139.98344397238827 0.043922259192277276 0.7990148661042034 0.599704993219098 -180.45153057621263 -0.5660892080652365 -0.47471013353781977 0.6739386452998312 190.4205319047866
0.8414185540203365 -0.37742541283787573 0.3867361822928882 140.60784044880876 0.09355494144928164 0.8066054487717419 0.5836395488160034 -179.94751444218673 -0.5322239095350196 -0.4549040643431143 0.7140028027699665 191.024812940567
0.8612330589260132 -0.3896727185914875 0.3262403877487502 141.3071307001808 0.15649232638947813 0.814089650572333 0.5592568216948416 -179.3772554189287 -0.4835160493656285 -0.43059634603248187 0.7621017102653184 191.78049255791146
0.876728669477093 -0.40343165561589195 0.26189642869642105 141.93768779130318 0.21962840085665383 0.8202043239641138 0.5282312301328933 -178.86395933534797 -0.4279137829680982 -0.40559556974599675 0.8077016950262915 192.54974016668098
0.8845258284969638 -0.41584667451834567 0.21138969230732582 142.42145111434758 0.2682383829546209 0.8241367998784567 0.4988453718297652 -178.40710825738898 -0.38165721351972826 -0.3845387865718077 0.8405163252371908 193.30548239643582
0.8861997597610232 -0.42169306115453753 0.1918982750667998 142.65588083266655 0.28770993810759066 0.8255532341747308 0.48547383972543584 -178.1031319369689 -0.36314319119821653 -0.37501575929252096 0.8529303623207596 193.84844534220562
0.8857637356364699 -0.42167643849499203 0.19393706672397126 142.74446795509482 0.28692180971432407 0.8259130467028721 0.48532825427356524 -177.89603493544536 -0.3648266434096837 -0.3742413933601508 0.8525519924053133 194.22291778600453
0.8855704137701322 -0.4212596904568916 0.19571743777996403 142.84084468667916 0.28561658595613665 0.8261086646222935 0.4857650049794878 -177.67234797637641 -0.3663170868001538 -0.3742789700639399 0.8518961465378972 194.62989770344245
0.8853245806007732 -0.421443113901998 0.19643342060007457 142.93257377783627 0.2851414515286255 0.8257911084477194 0.48658339247124455 -177.45438026453297 -0.3672801922295935 -0.3747729271882682 0.8512640679850896 195.01653842428627
0.8881755533191568 -0.4288402501954842 0.1650461338489263 143.20573533745042 0.3123102814606066 0.8268480445524677 0.46774416010651276 -177.1469120586367 -0.3370555956814844 -0.36389332369806343 0.8683174387214446 195.59565146670312
0.8905134983169934 -0.43528306683396806 0.13234183406178934 143.4658184077399 0.33826738692468517 0.8280015528244191 0.44720085360326106 -176.82829771565872 -0.3042382031539902 -0.3534714702036843 0.8845886250080713 196.2402619941206
0.8913162855030937 -0.4344903512871364 0.12951221500438315 143.51931863306567 0.33858554943062497 0.8278753691037982 0.44719369287591854 -176.66604520281177 -0.3015213175112549 -0.35474005675933906 0.8850109531619659 196.58293192458126
0.8919198334465384 -0.4341755269110467 0.12637492843205633 143.56937241741664 0.33950384279554857 0.8275656350470602 0.4470707554920149 -176.50885728216446 -0.29869072873416785 -0.3558464999415608 0.8855264632113407 196.91071966761825
0.8923710647712368 -0.43404344522259186 0.12361298644699388 143.61536566696145 0.34047777556121933 0.8272718395286621 0.44687379412059586 -176.37298380868646 -0.29622418386743193 -0.3566897688218074 0.8860155990217737 197.2034887586778
0.8932321419359278 -0.43347466280034913 0.11931495012223288 143.6576196819228 0.34194302729812603 0.8272996124654367 0.4457020499130787 -176.24876123641428 -0.2919097577929534 -0.3573164814623724 0.8871942433202564 197.48030580445507
0.8943441858362492 -0.43253341838764825 0.11429487844512144 143.69494392168156 0.34344923446085124 0.8275103787536595 0.4441499706216578 -176.11945151260733 -0.28668990322148613 -0.35796845536004807 0.8886323673814662 197.75842519959016
0.8955657085462595 -0.43169078333333455 0.1077271055077645 143.72995780979463 0.3458108064633178 0.8276949208745091 0.4419683292858429 -175.98941141164772 -0.27995883234722063 -0.358558482738284 0.8905385262004073 198.03892708808962
0.8965340442689866 -0.4317208120241241 0.09921616769417452 143.7607949997758 0.35002373262992365 0.8276871452632742 0.4386540506614943 -175.8632031240065 -0.2714960295520061 -0.35854027672097155 0.8931622338110464 198.31733719965328
0.8973748031022208 -0.43234603959687135 0.08829136312314813 143.79172193028398 0.35600185186502914 0.827557428018462 0.43406380268357697 -175.72991554599338 -0.26073193940503975 -0.3580860306914482 0.8965451747668505 198.6261908547812
0.8981461005314888 -0.4332761050201131 0.07486921208796993 143.81644259764278 0.36337306772124306 0.8272783090236181 0.42845141273412257 -175.57754859915116 -0.24757543447387262 -0.3576065103400822 0.9004576547553219 198.97964668713456
0.8995268077366747 -0.4329018992643469 0.058715140946621225 143.83156995751168 0.3706205963007677 0.8273553438542611 0.422046808533663 -175.44722500791417 -0.23128315062002267 -0.35788137784621754 0.9046706713661948 199.3023058118704
0.9004425987313933 -0.4329530828587992 0.04188978912466991 143.83959872419345 0.37846426809917644 0.8272870346893297 0.4151637749215119 -175.30721229446067 -0.21440131567227516 -0.35797736000756497 0.9087817590378915 199.64599251036458
0.9007454433613469 -0.43376263182996067 0.022530545748152005 143.843608862867 0.38813417084089574 0.8271085512859239 0.40650130358381426 -175.17634277446783 -0.19496028233826063 -0.3574093222310169 0.9133723581830927 199.97707218698375
0.9007455357006812 -0.4343362650291226 0.003080388910072722 143.83556026276324 0.39757838806073237 0.8273296791763058 0.3968085524545179 -175.0546995020301 -0.17489684177341688 -0.35619883609379027 0.9178962271973374 200.29146742990557
0.9006393859798546 -0.43404932713047917 -0.021210328601931738 143.81473107224934 0.40821823017527464 0.8282859319161134 0.3837972010612009 -174.93365123851953 -0.14901870008287746 -0.35432131830786384 0.9231737812666583 200.61895941231606
0.8996954131554985 -0.4342844877115212 -0.04410382387153739 143.78315831445897 0.4183644004272988 0.829032375770692 0.37104790577376784 -174.8231994132181 -0.12457685179060063 -0.35228156871617994 0.9275657951546096 200.94050811987168
0.8982650489927395 -0.43450472245755395 -0.06576889781764302 143.74794944117386 0.42741958427579535 0.8290417408983609 0.3605583043360814 -174.72890968485905 -0.10213912441160994 -0.35198783787268406 0.9304150478437754 201.22947717825392
0.8973048503585602 -0.43368980684528396 -0.08220192796701363 143.71062161683835 0.43326044764124755 0.8297067004759827 0.3519547921181813 -174.6391958038222 -0.08443571538573054 -0.35142558618254544 0.9324004865633362 201.5243184180801
0.8964775603368854 -0.43399713595964423 -0.08929988684900099 143.674359517457 0.4364637658973962 0.8302305286360567 0.3467227283858754 -174.51327928231606 -0.07633717882579708 -0.34980531056504516 0.933707063178491 201.88289617746432
0.8966089042507362 -0.4340755683851615 -0.08758352441746953 143.642764811664 0.4359445678718886 0.8305184458705649 0.346686378174457 -174.3791389387425 -0.07774835407440665 -0.34902365535852764 0.9338831197954508 202.26429499758868
0.8972696838625319 -0.43416586428433307 -0.08004446708837833 143.6181144747522 0.4331919616007577 0.8308548997472894 0.34932056906285686 -174.2528042899733 -0.08515772910143023 -0.34810937628301186 0.9335780756413101 202.62692839750017
0.8981940285674535 -0.4345436618563071 -0.06647776309618605 143.60307211176732 0.4283190858267193 0.83104412419066 0.354835770976844 -174.10211450569207 -0.09894568086745938 -0.347185065330694 0.9325622138222139 203.036024184889
0.8993505520254007 -0.43449680864930706 -0.048796596655575356 143.58788912922265 0.42128852761170377 0.8312898925447231 0.3625921828387011 -173.91011013650672 -0.11698102869424014 -0.34665492615357096 0.930669544521089 203.54113650432794
0.8959562213885933 -0.44143217323794487 -0.04899067039234786 143.66953664990976 0.42871599728796855 0.8307410926624142 0.3550659525094308 -173.64766999536155 -0.11603897200703557 -0.33912663326915343 0.9335566847187542 204.22318556544076
0.8824190679981025 -0.46156902623553936 -0.09105285527279691 143.91651729552098 0.46529320780523487 0.8276032846885772 0.31396661278387716 -173.2801783933164 -0.06956162162908401 -0.3194164009449759 0.9450578519877407 205.23131487252178
0.8338715058362315 -0.5056252976907297 -0.22136253090703786 144.2868649863391 0.5462148565101018 0.813630956046076 0.19913311600832578 -172.09454293270431 0.07942066659288137 -0.2869629343638246 0.954643719939139 208.80228369669302
0.7741473334656721 -0.5457706474063341 -0.32067164907059204 144.111248697222 0.5991901361403782 0.7951643958068245 0.09319208331843942 -171.33416976261802 0.20412517443974787 -0.2642876918640485 0.9425947852015243 212.24609245520563
0.7688417276047551 -0.55466229967271 -0.31816997220905224 143.98337382985366 0.6063817983932107 0.7903459372623133 0.0874895081158846 -171.251078226516 0.20293721312549898 -0.26019806450995014 0.9439880585866134 212.96839853485872
0.775616071327597 -0.5552965314838604 -0.30010910019579706 143.8335367090052 0.604760213646431 0.7899330358469104 0.1013453643142873 -171.19627157701908 0.18078936331726067 -0.26009913686836017 0.9485060068927691 213.49755563130716
0.7817197908147923 -0.5563751088829391 -0.2817106793573292 143.7007041969437 0.603174856587191 0.7892866502358526 0.11492030343014606 -171.13592725177594 0.1584116821118067 -0.25975627417822367 0.9525924716244336 214.01958152294142
0.7864449561025074 -0.5575279691576327 -0.2658324559339659 143.57234060397903 0.6018316897818751 0.7884985534291522 0.12676217264790005 -171.06906971299904 0.13893505027605982 -0.25967786745714105 0.9556487100172805 214.55744513146914
0.7905468266363324 -0.5589728873271311 -0.2501699944605443 143.45754297555746 0.6005073604922441 0.7876820071700453 0.1376516094173834 -170.99736930350412 0.12011088580914096 -0.2590489660541573 0.958366844322365 215.06150574601816
0.7938679063084196 -0.5604017625445261 -0.23605849247690414 143.35974871058025 0.5992754508421961 0.7868628736489544 0.14736265500723578 -170.92839060992475 0.10316337214032256 -0.25845054190287026 0.9605002009571589 215.53064530113343
0.7964417316411172 -0.5617549230141529 -0.22385704047417324 143.25808237580497 0.598325668043117 0.7857149053092867 0.1570301962539873 -170.85197480687103 0.08767532755142772 -0.25900481471233505 0.9618885293497222 216.04852745726043
0.7978922343205863 -0.5633289247684236 -0.21454254806482695 143.1581416540796 0.5981103497573266 0.7841549472840247 0.16542378354742857 -170.77486691550732 0.07504659835105876 -0.26031047072530467 0.9626040031636571 216.5779100225948
0.7987556460448921 -0.5650435082853653 -0.2066766838711326 143.05889148972886 0.5981923530791168 0.7826359251439204 0.17218280225324303 -170.68893251770018 0.06446182303558505 -0.26116439730307067 0.9631395698195804 217.10578405741296
0.7990992546356892 -0.5663696769501501 -0.20165755694261264 142.98276123457939 0.5983926153493312 0.7816631667676888 0.17586634588256436 -170.6146701658209 0.05802291905848811 -0.2612050588141063 0.9635378861849931 217.54685601294804
0.7987084594074696 -0.5674601788846663 -0.2001343105295123 142.9180165514705 0.5990590048062341 0.7811412798495413 0.17591648494548343 -170.5621085547606 0.056507571452904415 -0.26039824556857605 0.9638462782380266 217.90111217072155
0.796883912977498 -0.5695681412111592 -0.20141539602257408 142.83077173294032 0.6014086042978519 0.779527928680803 0.1750539890522807 -170.49512725018093 0.05730375130979608 -0.2606306599843372 0.9637364469407321 218.328162406815
0.7806263783628773 -0.580919297535519 -0.2305541740131629 142.81448194999018 0.6175124098987644 0.7738034182272657 0.1410910824992476 -170.36533303145958 0.09644107540396196 -0.25250948435777304 0.9627762353134254 219.06269400094297
0.7623361879680758 -0.5919421678746387 -0.26162569905529237 142.76967758998646 0.6320133088836989 0.7679346034257059 0.10409429501789404 -170.25778367725314 0.13929362479372628 -0.24470577180211184 0.9595396663705732 219.79947459274393
0.7427914476408262 -0.6020673123936211 -0.292875087125488 142.68906787876062 0.6438252056576202 0.7623461066176832 0.06570782514109846 -170.18160499550214 0.18371164870950124 -0.2373675737584476 0.9538902793594545 220.56605927768422
0.6821132366646813 -0.6310017629537221 -0.3695379649185199 142.6792606721065 0.6673810695033152 0.7437420268966299 -0.038082876680910135 -170.05411891344542 0.29887127736776165 -0.22064580797508296 0.9284349126285473 221.90641469038735
0.632414321932906 -0.6505494483580034 -0.4205205591350245 142.54420173779374 0.6749875709262091 0.7291421923791639 -0.11288685657609271 -170.05739319700297 0.38005776470067265 -0.21245488587837466 0.9002327571006996 222.93251845344165
0.6256153177871194 -0.6514689338764021 -0.429177937858016 142.36849191887754 0.6744243040416525 0.7281617668697401 -0.12219778797940692 -170.12221715256229 0.39211902818920624 -0.21299922409030447 0.8949156375149968 223.30384329977014
0.6175329274159732 -0.6532319018162445 -0.438110906057569 142.21284072728037 0.6741392848335149 0.7265239797717526 -0.13303808274610765 -170.17862707508337 0.40520279885658333 -0.2131923761914006 0.8890217671871977 223.6252019622688
0.5733467512181618 -0.6692896797925784 -0.4725725630955742 142.07851998024736 0.6723263813649971 0.7139766609350792 -0.19548545869356265 -170.24266181069592 0.4682421807016333 -0.20564204862608293 0.8593373074926045 224.31139024014905
0.5270061689870835 -0.6860745582832912 -0.5015637530024847 141.9032452106396 0.6658092771207852 0.7000816370295807 -0.25803819095992137 -170.3534269195439 0.528169011159731 -0.19795808134642687 0.8257421472107291 225.0078886837744
0.5183833345593507 -0.6876390962575377 -0.5083612807337298 141.71161732192837 0.6617134333164096 0.6991075171866237 -0.2708948349115449 -170.46055543173898 0.5416770722669833 -0.19596212060309215 0.8174257132418827 225.28303512477444
0.5103219245262668 -0.6868782575590068 -0.517464774299182 141.4877522654004 0.6570069233430922 0.6996496142394073 -0.280770938620581 -170.59173128333723 0.5548994828138197 -0.196694373552832 0.8083303083428252 225.61289582070728
0.5018416917472448 -0.6857286079579684 -0.5271917987338984 141.2894205348145 0.6530536188802826 0.7000396913188596 -0.28890379271576105 -170.71521290311344 0.5671647796642727 -0.19930054391850516 0.799126651978369 225.9106574660101
0.49429337182504096 -0.6851949870554147 -0.5349597108978904 141.1097718379792 0.6495128311992426 0.7001171089694419 -0.29659587966761003 -170.82761960369783 0.5777604561385009 -0.20085781897250013 0.7911061824307997 226.17719484470996
0.4875125570097601 -0.684919481713716 -0.5414949771944448 140.94052010133174 0.6452559814957779 0.7004319563747433 -0.3050242495818297 -170.92861938079105 0.588197437177108 -0.20069972112101436 0.783417766482367 226.41939186022546
0.4808716413636747 -0.6848343527358725 -0.5475074189862972 140.79529179689348 0.6409248551101092 0.70066926058379 -0.3134930898361864 -171.02010223480488 0.5983124556904055 -0.20016117651980556 0.7758593356916677 226.62110596872395
0.475037068797986 -0.6845023173762284 -0.5529885720106549 140.67397524344182 0.6362238499912807 0.7013024309851896 -0.32154954983100864 -171.10468025561448 0.6079136418687132 -0.19907656266076523 0.7686413508451676 226.78759810691477
0.46860966535074994 -0.6842855390866799 -0.55871126938402 140.50048723688286 0.6315834967457229 0.7017132047245641 -0.32969814217495386 -171.22403048582805 0.6176627463092589 -0.19837308111743196 0.7610130435870812 227.0196604708754
0.4631774458388613 -0.6833066141123344 -0.564410067926254 140.37917213195476 0.6271098943289343 0.702693175045654 -0.33608850349126673 -171.318618769984 0.6262586000215355 -0.19827852343252977 0.7539799685962975 227.191595605699
0.42077034816751285 -0.6949342690418695 -0.5831112036432037 140.16599862074844 0.6142022527189732 0.6912799733318499 -0.3806410267236633 -171.5138537714758 0.6676135909775364 -0.19798575752197237 0.7177003085972038 227.75847275330858
0.3761456286563302 -0.7071229345891438 -0.5987416984149051 139.94218636390806 0.597980983271617 0.6788714121642166 -0.42608960253878725 -171.72556228391278 0.7077663524696812 -0.19776440813298496 0.6782005818248502 228.29776263893004
0.3694255594191461 -0.7076378668060752 -0.6023067370617667 139.7410876736832 0.5920482978238006 0.6788117688718812 -0.4343885305633168 -171.88485941342464 0.7162426747212038 -0.19612045253661234 0.6697262119739996 228.52149193977434
0.36379025695128697 -0.7080431317755119 -0.6052533126657264 139.5634996494659 0.5872166864940582 0.6787207403350399 -0.4410382293429717 -172.03606030248673 0.7230720655994453 -0.19496943397509975 0.6626867342607465 228.7226396227738
0.3596977241935008 -0.7079586220117333 -0.6077928403076643 139.42509562352205 0.5835156033565178 0.6789729996737709 -0.445539230992592 -172.16226495283732 0.7280982679896226 -0.19439715850094055 0.657329945246118 228.88394143455506
0.3552458493655226 -0.7076328665572854 -0.6107831961313945 139.25721255820915 0.580699400822359 0.6790916010047604 -0.449024279220327 -172.29663879152156 0.732522076386176 -0.19516742456849953 0.6521664542079552 229.06459637113673
0.35044466896490817 -0.7074205576099093 -0.6137953149584602 139.0967055426894 0.5781488273924835 0.6789857742096473 -0.45246243137481806 -172.42848329713178 0.7368395126340372 -0.1963019946200282 0.64694131073029 229.2391045753744
0.34622714326935117 -0.7070494124765736 -0.616610001200168 138.9413987442474 0.5753087068012177 0.6791870775817958 -0.4557683682799856 -172.5544127688687 0.7410443017406237 -0.1969417222490528 0.6419246847530647 229.4069173977408
0.3418083167646524 -0.7063834367222385 -0.6198302307204688 138.79250491881578 0.5712813512592323 0.6798802564212796 -0.45978305170150824 -172.6782491083426 0.7461934684074466 -0.19693978077830326 0.6359324102867006 229.56159612133462
