0.9999987209247416 0.001346520704108892 -0.0008631517097554969 -0.006889101125656127 -0.00134828706688361 0.9999969916395124 -0.0020491056366818794 0.004038045407056809 0.0008603899499193002 0.002050266792008579 0.9999975280645526 0.5922872357368469
0.9999939232289022 0.00341462931143618 -0.0007027175349097903 -0.01458615797355211 -0.003416600513405642 0.9999901778745591 -0.002823295120841157 0.012473239279372193 0.0006930701264555541 0.0028256788694135176 0.9999957675874066 1.3011299341636775
0.9999836803156433 0.005525331929848288 -0.0014525183120129629 -0.019605900412537635 -0.005524545537084753 0.9999845911458385 0.0005448554847588822 0.012426980995888503 0.0014555064377772171 -0.000536822089331186 0.999998796660803 2.01266721267384
0.9999796227916637 0.004814054528300419 -0.004192717548441786 -0.023962625358873876 -0.004805963390911978 0.9999865738317733 0.001937749229681206 0.009414776762780661 0.00420198968676451 -0.0019175596967152032 0.9999893330668493 2.668112073449471
0.9999728091071307 0.0032625341655358416 -0.006613389237989038 -0.03013736662905185 -0.0032619605241443815 0.9999946750371272 9.75239947481734e-05 0.00479711171889934 0.006613672197301706 -7.594872835855814e-05 0.9999781265467048 3.2016010604411704
0.9999544140824221 0.00295835735845823 -0.009078429314611914 -0.03140862438931605 -0.0029743402216053233 0.9999940496921152 -0.0017475355820068996 0.004985660070557166 0.00907320546041418 0.0017744582564533443 0.9999572632070682 3.6755916889135154
0.9999237228832489 0.0037628281186813 -0.011763908357923772 -0.038598681775951965 -0.0037729696854698442 0.9999925295074987 -0.0008400172304925627 0.006917353917363022 0.01176065963527952 0.0008843380260172909 0.9999304499969982 4.2487005207205675
0.9999187284111458 0.003459637689404634 -0.012270594105271017 -0.05091554153327083 -0.003432340348397884 0.9999915895247274 0.0022449765126922963 0.005737810643756531 0.012278257709097849 -0.0022026772046378333 0.9999221932734376 4.8852660513530815
0.999885358667221 0.00473159567343726 -0.014383376700443243 -0.06285972673424164 -0.004656182963911799 0.9999752625754387 0.005272020237969818 0.009580186668397408 0.014407965960895427 -0.005204444212987167 0.9998826552537573 5.534684884684012
0.999857276677781 0.006598765616795723 -0.015552574282965297 -0.0821960303179811 -0.006487338135949916 0.9999530061384361 0.007204162589453879 0.013744501245240015 0.01559938198783557 -0.007102239579177227 0.9998530979471726 6.284127898660446
0.9998296730173837 0.007876820301339483 -0.016690735630676787 -0.10716409438098987 -0.007728583620711916 0.9999302833411693 0.008927342967921685 0.019398628847028636 0.01675989108468193 -0.008796826654518293 0.9998208448975449 6.97947226696515
0.999815215179523 0.008396784563645015 -0.017292469589879626 -0.12391912274919764 -0.008223722241502905 0.9999156314418238 0.010054869009280614 0.023460394781165215 0.01737543921803962 -0.009910802555339004 0.9997999150353484 7.541664806609177
0.9997976618891666 0.00859941866672759 -0.018184754041533125 -0.13302208000265756 -0.00842077948129283 0.999915759888001 0.009877428842034124 0.029229393717550407 0.01826816230177945 -0.009722300458037032 0.9997858526304121 7.973499990758702
0.9997351165225513 0.009245983851475221 -0.021076256172759822 -0.1440304817796374 -0.009053160441306383 0.9999164573476246 0.00922597482113418 0.03487320882442826 0.021159798620627328 -0.009032724284206633 0.999735301374489 8.383960479984191
0.9996189887604512 0.010266660714463052 -0.025621728811852925 -0.16217834085512203 -0.01001263734013789 0.9998996377262963 0.010023051846440192 0.044053717114244745 0.025722060629524018 -0.00976269187241167 0.9996214610763297 8.875433785838865
0.9995649653052288 0.010341870350310494 -0.027621112432617095 -0.18261066089503888 -0.010049414225769174 0.999892189075438 0.010706049675185814 0.05284569019611867 0.027728855152653057 -0.010423816171921249 0.9995611310211785 9.591006632094109
0.9995492040357723 0.009986174088405268 -0.028313689949042615 -0.20057308573880608 -0.009670270132803646 0.9998897039117275 0.011272350547955126 0.06056939683199417 0.02842313471475409 -0.010993467987557057 0.9995355266695594 10.226851032307774
0.9995095120383359 0.011109807382832414 -0.029279814289115712 -0.22494311414040202 -0.010744113612506422 0.9998626719786875 0.012617496040060763 0.06541861903962143 0.029415971300813713 -0.012296721658871414 0.9994916164074986 10.937321553848612
0.9995027414380738 0.010920977172501636 -0.029580434671815484 -0.2487269843762328 -0.01050320289133282 0.9998434106526962 0.014242082130328728 0.0647551438140469 0.02973134014469148 -0.013924310826077866 0.999460935195178 11.712568087495061
0.9994498471477584 0.01045323481820911 -0.03147591012437432 -0.2764461343310361 -0.009908257685607656 0.9997991546889211 0.01742058302563515 0.06783432962351142 0.03165168978045099 -0.01709912761379456 0.9993526856765277 12.471804201039566
0.9993942862583894 0.010316448249054231 -0.03323599689505871 -0.30209654620656123 -0.009671081918501209 0.9997626862408748 0.019520281118721356 0.08577683971754077 0.033429489505665586 -0.01918702936759249 0.9992568874595945 13.193770568220753
0.9993257741502759 0.009801985425900437 -0.0353824561140376 -0.3201070241992609 -0.009089258925159036 0.9997536623539192 0.020248456289686592 0.10148425206236544 0.03557221515653443 -0.01991320395201052 0.9991686953749213 13.702470905740759
0.9992473140896291 0.010855870952423819 -0.037241849450935886 -0.34475638874318726 -0.010079363416431524 0.9997291876105397 0.02097517276896203 0.11585625879959675 0.037459467665482846 -0.020584010917035232 0.9990861258053709 14.314953956055474
0.9991894424974889 0.011626922842030006 -0.03853923542031436 -0.37830280451410714 -0.01079540156722189 0.9997059310404327 0.02171429822909288 0.137406764865484 0.03878037269753032 -0.021280651019295542 0.9990211291987946 15.008637058989203
0.9992109785934224 0.010748401662730646 -0.038234697855099094 -0.4084311956653471 -0.009869677308801767 0.9996845009160644 0.02309736127822957 0.16024314891057337 0.038470894559318916 -0.022701772835916248 0.9990018117010153 15.77740869548876
0.9992292979451652 0.011447137539843093 -0.037546946216107914 -0.44808885059372794 -0.01051282147417614 0.9996324805506761 0.02498768522196715 0.1672583545403688 0.03781918445264897 -0.024573702819150594 0.9989824034571838 16.747340030314326
0.9991626648510217 0.012172826999211055 -0.03906138055229804 -0.4887985499452071 -0.011154392747729456 0.9995948669389966 0.026185521030473422 0.17062661862318096 0.03936430731301605 -0.02572788899337146 0.9988936515153705 17.63110718069375
0.9990018520425035 0.012682870491965089 -0.04283041456408375 -0.5285829651971645 -0.011552319130985507 0.9995809682783318 0.026541133706883054 0.17412616477695483 0.04314908502324356 -0.026019851110927195 0.9987297551439134 18.468184845070517
0.9989170166832196 0.014257068524975559 -0.04428916095129169 -0.5679696238056042 -0.013148289560259792 0.9995952980551562 0.025226228169520366 0.18201310787239444 0.04463088910535876 -0.02461658187269896 0.9987002090890783 19.33031257925832
0.9987377950373238 0.013881702647039352 -0.04827126573441486 -0.6113546126331043 -0.012727913937451164 0.9996278512698326 0.0241279748933854 0.18731815340120223 0.04858823901711348 -0.023483127927816188 0.9985428011517284 20.128113170224168
0.9985554168367837 0.013673112283186037 -0.051962731899000365 -0.64079698185491 -0.012448287260436008 0.9996387057404479 0.023822219246771817 0.1915087618035368 0.05226968194085046 -0.023140959056421717 0.9983648513262824 20.67769336772643
0.9983267469267066 0.012076899576981649 -0.05654957884322649 -0.6567133842028731 -0.01071102950974982 0.9996450252426595 0.024394617325176213 0.2065386968627494 0.05682411651385401 -0.02374809474901133 0.998101722159726 21.041711463105027
0.998160819159249 0.010381170173156321 -0.059726128295515976 -0.688554200354168 -0.009016091574921357 0.9996929668691683 0.023079906521272873 0.21355433748776975 0.05994738683253087 -0.02249896215726475 0.9979479482988058 21.626248974857802
0.9980544510852313 0.009673462215202567 -0.0615933178009386 -0.7307309918879432 -0.00834369810325811 0.9997273129012779 0.02181014766455526 0.212496733170835 0.06178750173714792 -0.02125379890652648 0.9978630069609363 22.343609010385343
0.997995169936403 0.008632448009981785 -0.06269865728198813 -0.778548197764432 -0.0072614075820954535 0.9997302295319941 0.022062187557701427 0.2124793325881856 0.0628721937229482 -0.0215626761154424 0.9977886240357743 23.09775886491609
0.9979201763816015 0.008362529437850772 -0.06391705306030399 -0.8358570929403835 -0.0068622531466010946 0.9996966093815306 0.02365583802830763 0.21538523396878845 0.06409548386793407 -0.023168023059178804 0.9976748025560553 23.863073022481178
0.9977844691863171 0.007830507137545123 -0.06606690706054716 -0.8818166841010834 -0.006220872142941478 0.9996796317948264 0.02453435396213686 0.21387694220247613 0.06623785775792641 -0.02406900356323669 0.9975135233504919 24.598025352570602
0.9976482338531169 0.008366801116918125 -0.06802939165409003 -0.9280926701549957 -0.00669672002672923 0.9996714767069367 0.024740505238464643 0.22124831030127864 0.06821404130118107 -0.024226747566291888 0.9973765132946127 25.257875548492333
0.997462397330829 0.008712654817810783 -0.07066014121879274 -0.9801455073210349 -0.007019048029234343 0.999682947934419 0.024181326967534455 0.2194475279814723 0.07084842182996988 -0.023623997442710362 0.9972073043600452 25.966163595347673
0.9973536717935999 0.009011297634528315 -0.07214187324130425 -1.0397673622306176 -0.007312935380421575 0.999690668343729 0.02377159234439209 0.22268429911405455 0.07233377037003007 -0.023181116051823866 0.9971110577677122 26.75506346541238
0.9972673968318134 0.010398628888298737 -0.07314101266416903 -1.093957264396666 -0.008638536751933728 0.9996664221153304 0.024339683192627325 0.2276129102107852 0.07336971377266086 -0.023641341171249428 0.9970245594209507 27.442036145650903
0.9972092052357032 0.013144523385241781 -0.07349164917288604 -1.1529685923592472 -0.011240304437531143 0.9995918318771618 0.02626452361284581 0.23192869787037904 0.07380688686923016 -0.025365156207540866 0.9969499246708625 28.188955893024364
0.9971807841270034 0.014487125157692023 -0.07362477145987945 -1.209483330726146 -0.012520375642049827 0.9995541842074498 0.02710485246520128 0.23475011075166438 0.07398461976408388 -0.026106628239658387 0.9969176094343603 28.9114271717768
0.9972183783769436 0.016197409099508446 -0.07275403607856717 -1.2752902767032335 -0.014376142419679404 0.9995717649371363 0.02548751203209295 0.23615468372744977 0.07313571190866594 -0.024370693033234584 0.9970241907620355 29.750163801750553
0.9973046462562376 0.01720613034805329 -0.07132595344028804 -1.3308216371149137 -0.015596840109906073 0.9996124497279366 0.023058380851615764 0.23501443980863446 0.07169505655417502 -0.021883770866967467 0.9971865018332003 30.46999035557578
0.9974360214902857 0.01728455777557176 -0.06944513731092401 -1.3725162862640963 -0.01582497142308267 0.9996433098876863 0.021513327874800623 0.23316635308622777 0.06979221527569372 -0.020359200851039753 0.997353773556614 31.045452911745258
0.9975628655386444 0.016033158895164438 -0.0679063112985159 -1.423289123679382 -0.014565051944084207 0.9996505506920974 0.022059822366730868 0.232250346716334 0.06823627012223528 -0.021017000662035466 0.9974477916778286 31.742025952360304
0.9977384343833962 0.015971789334355547 -0.06529102924313906 -1.475657684248001 -0.01446944627223187 0.9996210341422991 0.023418437711652723 0.23528856817924676 0.06564032052591197 -0.02242075033843713 0.997591428529494 32.51139742038414
0.9979512829811705 0.016632805669836437 -0.06177852840417383 -1.5169699314479352 -0.015131520733787878 0.9995806333433839 0.02468996810693997 0.22956634897542333 0.06216328399078346 -0.023704582265634242 0.9977844551320153 33.19876361942213
0.9981665597593284 0.018466593657140613 -0.05764116495118022 -1.5599437159359109 -0.01704892668166302 0.9995423034315531 0.024990353133706834 0.22537903240424148 0.05807626948444936 -0.023961814819544562 0.998024537951509 33.90028959700025
0.9984671489313894 0.019697425636304305 -0.05172392027026507 -1.599642318780097 -0.018429599161780417 0.9995206761227963 0.024875045281628122 0.22409470299430814 0.05218910211489149 -0.02388366442422955 0.9983515754452995 34.63371131597587
0.9987106999540507 0.020117261330360955 -0.04660722684150816 -1.6323333242830858 -0.01893982283686592 0.9994936424415684 0.025568375579857906 0.23026344813391106 0.04709799261325224 -0.024652677652752142 0.9985860126080028 35.37683202293245
0.9989838585626998 0.020851576656921417 -0.03995575155219188 -1.6568928993419079 -0.019816724570779334 0.9994622904168715 0.02612331261432633 0.23722131225547358 0.04047897921719149 -0.02530497551037107 0.9988599053200369 36.125220628175754
0.9992064303527554 0.020773584542082175 -0.03398481612393922 -1.6832624200882436 -0.019922415488881406 0.9994840122642203 0.025195368409761606 0.24155871693492906 0.0344906784913456 -0.024498314503006092 0.9991047120716219 36.79374295173411
0.9994292051845015 0.0203417816864136 -0.02697175823149681 -1.7028925062375009 -0.0196725853102172 0.9994976455807921 0.024848458013818332 0.24323491255033108 0.0274636707577165 -0.024303670428035214 0.9993273129421795 37.36848889779195
0.9995741224552485 0.021435069443363004 -0.019801805871657623 -1.7154477383623787 -0.02095125019868302 0.9994845201329414 0.02432568867956054 0.23511831263914218 0.020313021265503373 -0.023900456325788424 0.9995079536224241 37.8505743261523
0.9996561344973393 0.022421323305433002 -0.013597684474628441 -1.7208853258340402 -0.022102963931134607 0.9994881526352454 0.02312772637425679 0.22504314326228175 0.01410927876602012 -0.02281922441751202 0.9996400408395442 38.297235235700484
0.9997246994263856 0.022596354023093627 -0.006319030122275356 -1.7195136801612803 -0.022462322257909992 0.9995368107060864 0.0205330982144874 0.22480582728234919 0.006780076371620293 -0.020385505349806866 0.999769204234671 38.8498390847701
0.999764294219183 0.021710708872014747 3.3536461552381064e-05 -1.7197405554789116 -0.02170736667460441 0.9995807950434977 0.019157881204936972 0.2203903196289587 0.0003824087785435372 -0.01915409356985663 0.9998164703899626 39.37571914675993
0.9997576605031379 0.02148697282744585 0.004788555523980187 -1.7227243190169916 -0.021576717493356032 0.9995759898019986 0.019552132200000103 0.2168192530803345 -0.004366408994304309 -0.01965071525586232 0.9997973714020394 39.932874305583184
0.9996996473105412 0.0219849940611234 0.010829367632175175 -1.7261551923728062 -0.022199178330569516 0.9995520598053161 0.02007177671250019 0.21514949676053816 -0.010383238831309219 -0.020306151163656305 0.9997398904596588 40.505692196988655
0.9995870892304477 0.021599656632473846 0.018950089106937684 -1.716329570558452 -0.021989914161834392 0.9995452550442844 0.020633147932652127 0.2102403828317828 -0.018495802738913637 -0.021041339116481622 0.9996075066390948 41.08620653608051
0.999346092326951 0.021482710548644306 0.02908403167266349 -1.6975052782811397 -0.022060169156986723 0.9995628940576782 0.019681711302697837 0.21590163416978123 -0.028648502362574876 -0.02031043993912437 0.9993831844402126 41.73903481348159
0.9991445104133401 0.01987090108226377 0.03626836915365769 -1.6687409459179852 -0.02057759567888642 0.9996035566187886 0.019216975598234997 0.21998431283216224 -0.03587213217754662 -0.01994685151210016 0.9991573015535591 42.40470372125631
0.998812111846428 0.018698101394323756 0.04499718027972879 -1.6406585276071501 -0.019580680636730248 0.999622871040013 0.01925389933293448 0.21880891660591492 -0.04462019917796427 -0.020112103270617552 0.9988015524253804 42.95022583339075
0.9982746288277926 0.01798697383012643 0.055894849594284285 -1.618966660630713 -0.019049443091558763 0.9996467421203373 0.018534014300635206 0.24452746449783766 -0.05554173346803987 -0.01956680200311315 0.9982646222834581 42.92470053158683
0.9976054101629153 0.016737968560325722 0.06710652741839314 -1.6074418382723465 -0.017891326743151675 0.9997017446179034 0.01662294303933184 0.2698075952475557 -0.0668082782374444 -0.01778376271750814 0.9976073334446549 42.84501207253422
0.996428578072355 0.016788840446670797 0.08275399469005355 -1.5583264196149773 -0.01801761257134951 0.9997379036739062 0.014124078551563862 0.2688905836387159 -0.08249517827081729 -0.015564664922773908 0.9964699126255178 43.37938967979839
0.9951026814824834 0.014982918939847175 0.09770448017575215 -1.5001036459241013 -0.0163399535727292 0.9997806241623365 0.013103795893135895 0.27069376427845676 -0.09748671306189896 -0.014636109100778094 0.9951292001980329 43.88058860622029
0.9932773719870754 0.013003146196980904 0.1150259991803131 -1.4274166047707402 -0.014694061332539084 0.9997959082739699 0.013864572124008302 0.2713085790182804 -0.11482224026731501 -0.015461564849852326 0.9932657213215345 44.46405610681441
0.9910811399141094 0.013543885092842928 0.13256974497652912 -1.3962790923078137 -0.015485125191977084 0.9997872883492803 0.013623103647136082 0.2906490449392967 -0.132357036096835 -0.015554460189401702 0.9910800541650896 44.57772446229251
0.988411596826566 0.012785616015801604 0.15125820070943347 -1.4058288734484004 -0.01499992297398742 0.9997962571011271 0.013507279420760002 0.32975495835349655 -0.15105468403705063 -0.015619612980881421 0.9884019982379609 44.32384358009025
0.9851681405862258 0.011731762518430932 0.1711902465740694 -1.405079483012361 -0.0143573374898265 0.9997974071298482 0.014107145587794813 0.36370454827028764 -0.170990062968825 -0.016355746532737504 0.9851369894188697 44.17611590428106
0.9815433543250025 0.010639335462898645 0.19094357313439844 -1.3386564478170697 -0.013622671236049478 0.9998046856622343 0.014318287475619425 0.3758627169173754 -0.1907539420531537 -0.016655181438455624 0.9814965810039453 44.42081000561005
0.9774147680491739 0.01010829858075173 0.21108811785409204 -1.2104708643594022 -0.013403137705118055 0.9998095684200174 0.01418389211166575 0.37082770874085247 -0.2109045449937916 -0.01669278872987085 0.9773641203284382 44.995007250824834
0.9725156762476241 0.009517171106399554 0.23264282259884786 -1.2066622303145877 -0.013156039896724234 0.9998141103956377 0.014094795777687495 0.39973548893209127 -0.2324654341334712 -0.016768068103106874 0.9724601039761099 44.895151929013174
0.9664329628510991 0.007991657337125658 0.2567945905346391 -1.4587517474738925 -0.01223895729642401 0.9998134001161747 0.014945664000965156 0.4797508265259907 -0.2566272320685068 -0.017586880369735894 0.9663504361253827 43.68267422106192
0.9588714378382229 0.006223708213783744 0.2837724989390797 -1.7111349486329772 -0.011339245662576325 0.9998014110649446 0.016387798520519276 0.5500023047599997 -0.2836141519844593 -0.01893155800812681 0.9587515887368955 42.5480935316655
0.949627903025208 0.006553189385915828 0.31331118956210185 -1.7932379315867477 -0.012619295844705959 0.9997700602152315 0.01733724515647172 0.5847937566682673 -0.31312553260366793 -0.02041769835471508 0.9494922424251633 42.13761762551413
0.9388893483976053 0.0049133135041667005 0.3441840362595732 -1.7160224184242199 -0.012154825432509269 0.9997477741438511 0.018885134712789506 0.5996221479792451 -0.3440044355589425 -0.021914548702283466 0.9387122566958146 42.25845194980108
0.9258812826307584 0.0022508458149062345 0.3778078667353826 -1.5099801976945861 -0.01042888987902813 0.9997534781934381 0.01960155850980929 0.5986760475729028 -0.3776706087716042 -0.022088832772237894 0.9256765065274405 42.7054698686
0.9090467050101663 -0.0009622059800444659 0.4166931272169164 -1.265981390286978 -0.00840024182810272 0.9997517995866315 0.020634319967489857 0.5979672083561177 -0.4166095582765602 -0.022257883613302575 0.9088129964792904 43.181050741008484
0.890417885969234 -0.005011601758159803 0.4551163281996147 -1.3058410797890896 -0.005192673191524468 0.9997624404012234 0.021168346844189057 0.6343681139684821 -0.4551142982715525 -0.021211945002933486 0.8901803350434032 42.96098498442185
0.8703608731993676 -0.006528993813532602 0.4923711228772644 -1.4003965519032306 -0.003561898193055083 0.9998024568379291 0.019554032374486285 0.6677747958397601 -0.49240152648514146 -0.018772840504915594 0.8701656837490662 42.650325032840804
0.8465185612201893 -0.008027991855975376 0.5322986726044522 -1.2752975298275417 -0.002430052579162871 0.9998176022547258 0.018943523063896843 0.6908573176755806 -0.5323536609756373 -0.017329557650738833 0.846344649700975 42.769558386228766
0.8207378927762636 -0.009073596113831003 0.5712328607623544 -1.153264385358427 -0.00122588806761722 0.9998435971487803 0.017643084736885428 0.7161734527091715 -0.5713036045393253 -0.0151806157368638 0.8205984038165227 42.849091375977416
0.7928405674405248 -0.008881631332803992 0.6093643829807065 -0.8857088783957365 -0.0011113288381178193 0.9998710651256254 0.016019303129699423 0.7263650223000406 -0.6094280922051446 -0.013377957595080973 0.7927284722285325 43.1431943212762
0.7619106657227466 -0.007838500734910353 0.6476346928355152 -0.5444256263649396 -0.0017164286808720776 0.9998988156250986 0.014121344982278333 0.7301946356624582 -0.6476798524969775 -0.011870822117858887 0.7618201180408278 43.48496249287762
0.7260305906261294 -0.00920136319955562 0.6876008408883357 -0.18752818221882023 -0.000494146923968774 0.9999032361448911 0.013902307930419884 0.7285677052306649 -0.6876622261647746 -0.010433276678232363 0.7259557902819314 43.81209819886013
0.6856826632108398 -0.010532806778956724 0.7278243918373786 -0.09334250126651066 0.00013964862846676496 0.9998971875067455 0.01433858132317407 0.7492016171701896 -0.727900587903563 -0.009730076950254437 0.6856136373586736 43.81599237733476
0.6410619409049667 -0.012589227155914236 0.7673858868149562 0.04472203485600175 4.546142495043417e-05 0.9998660806660263 0.01636516626310004 0.7673996540000029 -0.7674891438036229 -0.010456198791953907 0.6409766626410096 43.85558892181881
0.5937689465111076 -0.014546118865693214 0.8045041010368051 0.5458496322290269 -0.001015403047864321 0.9998222395623797 0.018827061191773325 0.7698101519124855 -0.8046349527057238 -0.011995820205951493 0.5936486277098987 44.20241888196448
0.5450830632296789 -0.015479117803959021 0.8382391371751644 1.0592316561274084 -0.0019857071407020505 0.9998029019521675 0.01975384051714639 0.7751761744845703 -0.838379693902055 -0.01243198133994132 0.5449448914272538 44.50299320740421
0.4964148616502999 -0.0155302912314847 0.8679464817527528 1.3954117187450832 -0.003417299659000764 0.9997972480626898 0.01984401242978638 0.7941919807586852 -0.8680786872143309 -0.012816895901043806 0.49626114091646034 44.668398684280334
0.44586141696184955 -0.018326749241102207 0.8949143686001632 1.5093455674612641 -0.004560895642263088 0.9997308822438368 0.022745578007629157 0.8239040987629032 -0.895090383757816 -0.014222986684044892 0.44565784134700553 44.67532104427461
0.40115784308937347 -0.021188073393714122 0.9157638617426155 1.7048668818391264 -0.004761576594334245 0.9996707043624865 0.025215277665495202 0.8511058368718069 -0.9159965678517692 -0.014475786171200445 0.40092485492733826 44.7152889879638
0.3510704987282423 -0.022421401337229814 0.9360805444430421 1.7791260356734993 -0.005273626975984718 0.9996500611993023 0.02592188270074446 0.8713011922366093 -0.9363341784754118 -0.0140369478985946 0.3508294034320246 44.69530235088344
0.3005561779203697 -0.02319564489863066 0.9534820113518869 1.8254888323411556 -0.0059786045171727155 0.999638762008541 0.026203087185684964 0.8939812647481683 -0.9537453749308193 -0.013575991594354964 0.30030892802296655 44.66646882621562
0.24780269169313723 -0.02536577560006459 0.9684783959479157 1.8806485837684197 -0.004691154608042078 0.9996140466588461 0.027381577580041762 0.9213037908877332 -0.9687991634276336 -0.01132851051707903 0.24758805664123767 44.635389781956476
0.20440637206434237 -0.02874405196832949 0.9784640077876856 2.019712459332297 -0.0034215002907344457 0.9995416981582763 0.030078014871862204 0.9450119652085792 -0.9788801399534354 -0.009495952785973406 0.20421434446539785 44.6162453715995
0.15751647520774176 -0.0294082147639072 0.9870783742654549 2.1798429253226916 -0.003516309682776092 0.9995334384532328 0.030340418258069345 0.9747799141759925 -0.9875100989885354 -0.00824998898542816 0.15733957568709928 44.58551587385248
0.1176068610506958 -0.02814043392375947 0.9926614439034032 2.163974449735318 -0.003257514041961335 0.9995821141864599 0.02872256257362404 1.0038601319146891 -0.99305489014257 -0.0066115790180450345 0.11746604695323351 44.53616904431584
0.08716924350717285 -0.02631296831357514 0.995845947265399 2.0468123233719373 -0.0005403916530581315 0.9996497063013476 0.02646077603723384 1.0321606431493506 -0.9961933702666621 -0.0028447126674123646 0.08712448936201152 44.48035566317013
0.057970412449181705 -0.02729731767983302 0.9979450324180996 2.110948002912047 -0.00017755388388473992 0.9996258043239337 0.02735360678866851 1.0607522488621441 -0.9983182857962148 -0.0017628888839211416 0.05794387342672915 44.447858889468634
0.032382321718975336 -0.02800832022281941 0.9990830392106499 2.254767565709759 -0.0007196910043299248 0.9996063655766805 0.028046317823210324 1.0861820832717624 -0.9994752959853236 -0.0016272359626823096 0.03234941758632842 44.42252733223417
0.012028752505946972 -0.028242082943319723 0.9995287358871567 2.339469646228265 -0.0005835693276303552 0.9996006865743904 0.028251138859336736 1.1121271604642624 -0.9999274816505412 -0.0009231202696989651 0.012007468050223364 44.3967429332227
-0.0026770153189226305 -0.027164749060901536 0.9996273855779686 2.3278175805304504 -0.00020388923167127427 0.999630961516709 0.027164300218538377 1.1422850716536919 -0.9999963960025886 -0.0001310940117901937 -0.0026815659970646677 44.376082655608
-0.01760885270064785 -0.025574796391069143 0.9995178127958134 2.2953277345838905 0.0008254896467344307 0.9996720973528818 0.025593287028746577 1.1641691826533604 -0.9998446113638924 0.0012757600276042057 -0.017581966981596905 44.351395606907644
-0.028671502811015916 -0.02493740515291932 0.9992777745706154 2.3529567739241073 0.002048626247574018 0.9996851931907974 0.025006352104575434 1.1810314016360044 -0.9995867886567222 0.002764116372262319 -0.02861138940395874 44.334092723727906
-0.0377716848611096 -0.02305231015217701 0.9990204656659468 2.341051538543729 0.003546481231350186 0.9997244919524326 0.023202643412514802 1.2048197416611026 -0.9992801020202653 0.004419410266141225 -0.03767952387266667 44.31855121733213
-0.04392389606056896 -0.02116896017630873 0.9988105758750849 2.212557154320038 0.005656155033349859 0.9997541863501663 0.021437695434864724 1.2297855923042065 -0.9990188683228673 0.00659105457215807 -0.043793364046711795 44.3036898194509
-0.046106856016423295 -0.0212033066824756 0.9987114586375859 2.1382166109237324 0.006618811528185721 0.9997462748820025 0.021530842842685978 1.2568526111714793 -0.9989145855188215 0.0076030023866215934 -0.04595481685823482 44.29862182031123
-0.04729304649590918 -0.024016959072166402 0.9985922858855193 2.1190553552800613 0.0056134950253717685 0.9996887277044778 0.02430918291933103 1.280168194077485 -0.9988652844236504 0.006755248147274474 -0.0471435064004884 44.30036255447205
-0.047175884463802054 -0.03061248550592493 0.9984174035223008 2.374949786993864 0.0040502986476778965 0.9995162031082065 0.030837555107728173 1.3111009481855354 -0.9988783864945355 0.005498677596212775 -0.047029071208884554 44.28645341641645
-0.04770134225977879 -0.036902434115169816 0.998179739477313 2.753259700626217 0.0021600333432938734 0.9993111717302536 0.03704748724362414 1.3405700284595135 -0.9988593075116111 0.003923316388744307 -0.04758877373858833 44.26869457983994
-0.04751864230185249 -0.0403627487033298 0.998054521131439 3.0589601994779603 0.0026225451525494128 0.9991747619982965 0.040532915544944904 1.3572317017027484 -0.998866908497181 0.004543512161604729 -0.04737357498148055 44.24496828377746
-0.047458385601643734 -0.03906038723401484 0.9981092063422822 3.2054063413958547 0.0032088290995541087 0.99922401074806 0.039256588751115276 1.3799980907900384 -0.9988680618840007 0.005065816192199563 -0.04729622029730647 44.22916489396693
-0.04662671552942763 -0.03217926395065993 0.9983939324587952 3.268787051039434 0.004080895833119941 0.9994665076517326 0.03240441901425588 1.4115068540091225 -0.9989040472878971 0.005585253266057423 -0.04647052030929913 44.21938009255865
-0.045902667215347685 -0.02516125001684161 0.9986289884837675 3.636979700981492 0.0054879063136490155 0.9996612996138885 0.02543951529741041 1.4423866568022166 -0.9989308424644889 0.0066481239357097785 -0.04574903738141198 44.202785092941276
-0.04406909162033147 -0.02359463471635404 0.9987498227165629 4.08878912466743 0.006915299539645462 0.9996899107716987 0.023921975954190315 1.4672151755009197 -0.999004551439101 0.007960873939317414 -0.04389226230312729 44.18181871810318
-0.041634974782986944 -0.027851943592469383 0.9987446110557731 4.314543944830166 0.007526627638102164 0.999574278817944 0.028188845346832882 1.504837584389037 -0.999104538449917 0.008690820658154883 -0.041407618683889924 44.16929009410082
-0.03920748422933996 -0.033178246891531926 0.9986801175119164 4.662689734441432 0.006739834689797359 0.9994170862729611 0.033467331743379305 1.5391824884937613 -0.9992083605578786 0.008043108781544357 -0.038961013749234226 44.15906323300471
-0.03790011620011807 -0.03515012457220746 0.9986631313584077 4.973994485496287 0.006220045302953899 0.9993534955064612 0.03541047945804623 1.569019804573527 -0.9992621739205632 0.007553791205600953 -0.03765697823744589 44.14999139150097
-0.03674880184084929 -0.030847912434745942 0.9988483027275386 5.517632858752243 0.007091692653201359 0.9994902276191492 0.03112864900916776 1.5901113365997215 -0.9992993712889934 0.008227465724126795 -0.03651130440266182 44.130264724395055
-0.035360417874831095 -0.02442691550949471 0.9990760564873994 6.2496268902729835 0.007708052892158322 0.9996648428553642 0.024714123079196924 1.6039244131536672 -0.9993448988053782 0.008574832806184245 -0.03516028262140401 44.1028774504135
-0.03421050509449265 -0.02347029587176219 0.9991390226354265 6.774392509245008 0.006848298369852074 0.9996952358252142 0.023717847242291288 1.6279579426438475 -0.9993911857479131 0.007653801673882598 -0.03403934736918044 44.091138345255274
-0.03166721328920681 -0.0271996324618477 0.9991283038711495 7.094307758621927 0.004605808360432508 0.9996150654545313 0.027358864115347187 1.666580592395446 -0.9994878559201434 0.00546817248040563 -0.031529747190260055 44.091293254793705
-0.026715310249857956 -0.030947110026168873 0.9991639347871226 7.46078611171507 0.004785651939898451 0.9995052679026276 0.031085639295475215 1.6981047647521155 -0.999631627017556 0.005612113320884375 -0.02655399123125557 44.08666221708395
-0.021050546472139792 -0.03147743006788145 0.9992827657322769 7.638601166803013 0.005235091952762369 0.9994870703171496 0.03159414631049065 1.7261862826037946 -0.9997647064712137 0.005896411210575751 -0.02087496178117248 44.087218376264495
-0.015476928396096504 -0.02926691551825417 0.9994518059133577 7.644436089114833 0.005122376337975801 0.99955609164871 0.029349291449859757 1.7594163889574763 -0.9998671041433835 0.005573805163803429 -0.015320141902793401 44.09005884344607
-0.008019715361845122 -0.028942997594366582 0.999548891778571 7.729420665368683 0.005900495557456565 0.9995622651591045 0.028990726485847138 1.7900582596410257 -0.9999504329303991 0.006130331169949707 -0.007845426824292633 44.09307143736793
-0.002678487193132883 -0.03022515987047968 0.9995395266907467 7.976483149535743 0.005321329510843562 0.9995285293925129 0.030239087001399677 1.8235650553784788 -0.9999822544218445 0.0053998741878993756 -0.0025163863299605396 44.10293358368051
0.002354218801069439 -0.032693072841812915 0.9994626659570622 8.285648035729787 0.005349299779622202 0.999451547335219 0.03268010895184591 1.850194941307363 -0.9999829211770096 0.005269489291829319 0.002527812670841898 44.108931416901434
0.009137737358930397 -0.03334228975865067 0.9994022180631836 8.483409359227762 0.006976734260412702 0.9994217444373534 0.03327915150447356 1.8844534836375104 -0.9999339112836508 0.006668467548717946 0.009365073706751874 44.114793066157716
0.015259625652286786 -0.03294730874462555 0.9993405919262164 8.489355171666956 0.009823917904054073 0.9994136629480025 0.032799709600418545 1.918214596388397 -0.9998353036685432 0.009316928643265865 0.015574350024633452 44.111405234906734
0.020716357842626168 -0.0327613128125933 0.9992484820606602 8.554051083592103 0.011314889990353127 0.9994066477276148 0.032531918823796704 1.9568790962065612 -0.9997213640721317 0.0106324437758827 0.021074756395038228 44.11426775105013
0.026385836833608612 -0.033558473441932475 0.9990883927235064 8.678683037105 0.012558703493773474 0.9993686172780276 0.03323621167280106 1.9863248440015564 -0.9995729421013491 0.011670289630119434 0.026790628189787474 44.120540445662215
0.03270027360566909 -0.0345083638807466 0.9988692932152787 8.725889512335925 0.013136080455044467 0.9993322874651667 0.03409431946698253 2.014354356157011 -0.9993788748499711 0.012006333824779902 0.033131743867399026 44.12656609980021
0.03960697926589294 -0.03432772675098744 0.9986255025631692 8.696788291118933 0.013509123269277045 0.9993367579315293 0.03381638412656938 2.0397985420850686 -0.9991240117132244 0.012151190189021107 0.04004444774327138 44.13280049791452
0.044617125247025935 -0.03246271599308666 0.9984765817008652 8.636986152003498 0.013676560895442825 0.9993980785151473 0.03188153607190962 2.066521662460779 -0.9989105384451427 0.01223326328431753 0.04503424755285778 44.13213065527378
0.0512234596922946 -0.032059346648565946 0.9981725078710693 8.578322065794506 0.014933651059135133 0.9993974538707289 0.03133233573719016 2.090932738538802 -0.9985755571028144 0.013301409292668988 0.051671358290962144 44.127234046288
0.05671421752136197 -0.03290258011229926 0.9978481436335362 8.573008719548488 0.015591325291384203 0.9993641257720427 0.03206641070557705 2.1130326624128393 -0.9982687053627388 0.013739153606908925 0.05719114924153753 44.12551206745111
0.0633079006992573 -0.033810298581769815 0.9974211615054422 8.574133110790289 0.017091852478668092 0.9993161186769305 0.03278968635595562 2.1363165456517224 -0.9978476728879518 0.014971929143770194 0.06384248624398516 44.1207784804522
0.06928879089709528 -0.03378623030120883 0.9970243498019763 8.58693409389703 0.018239813924472128 0.9993021669670126 0.032595832295454506 2.1600120951368154 -0.9974298835727854 0.015927012810519343 0.06985669344389442 44.120010127150934
0.07634088329964824 -0.032290615727131704 0.9965587718107713 8.579573432619398 0.01918733335394229 0.9993379642237777 0.030910831432356803 2.1835911780455994 -0.996897144030313 0.01676154518645595 0.07690991371187547 44.11617355230635
0.08465836844851235 -0.030210520410165937 0.9959519491964377 8.427377494471862 0.02133751573315796 0.9993660195816423 0.028500339083613043 2.2075032990656966 -0.9961815452386044 0.018838348178400296 0.08524931415522417 44.10178664359339
0.09098101892152953 -0.028075381938006544 0.9954567931984973 8.228665178548285 0.022074630452158815 0.9994137636102596 0.026169443952360844 2.2303251765265633 -0.9956079373359783 0.01959341816555228 0.09154743621854627 44.0837660801857
0.09616803664435682 -0.02685328577005208 0.9950028189765705 8.190325821051037 0.02246198493977719 0.9994400016431543 0.024802063383834994 2.2569777184697943 -0.9951116359286203 0.0199645725945353 0.09671736080240485 44.084249979181074
0.10134818054170779 -0.027483100158501316 0.9944713296553919 8.237896950957204 0.02268866907584415 0.9994222058130235 0.025307683090231573 2.283232441096594 -0.9945922634911513 0.019998343269044816 0.10191317711680421 44.0912009768336
0.1062328714352116 -0.028287324242785697 0.993938833285939 8.309160598918627 0.023621234371844685 0.9993849667961591 0.025917666341498564 2.312359645068546 -0.9940606693322999 0.020724754015967923 0.10683571620763031 44.103043972255335
0.11161939538589226 -0.026534544887379 0.9933967125480677 8.314052117694494 0.024081932379453688 0.9994221125842592 0.02398961046967873 2.3445891554234657 -0.9934591944848865 0.02124520664138557 0.11219389505764311 44.11339672862233
0.11615594622338477 -0.025903875656486598 0.9928931389545018 8.435209469148834 0.0241479015058996 0.9994380089215743 0.023249627432264792 2.38154502428705 -0.9929373973266448 0.02127570325162094 0.11671619185587458 44.13881764386435
0.12101117287656055 -0.02670572304237725 0.9922918423507388 8.594551782011349 0.02530641007757976 0.9993961339694053 0.0238107752076782 2.4139998082184833 -0.992328514982828 0.022229974444183676 0.12161392431866618 44.167908078259885
0.12572159516543988 -0.026950619942934528 0.9916994225034867 8.848635695115574 0.026173572245144664 0.9993730780647572 0.023841035113845954 2.4441053362513747 -0.9917202350587516 0.0229589835154553 0.12634817153782435 44.20139233770592
0.1313176141609617 -0.02286565675692777 0.9910766095273095 9.133455340024621 0.026129395063897238 0.9994664622603165 0.019597079640602564 2.4754221253989894 -0.9909959328497102 0.02332279052600063 0.13184501703671844 44.243317207417135
0.14003953866878208 -0.01874116980126667 0.989968532916029 9.209432609338416 0.0286620992769152 0.9994785966310801 0.014866705802077315 2.5031827775106326 -0.9897309794456649 0.026292649749413925 0.14050368285094716 44.25568625919719
0.1484663863436259 -0.014023460734222736 0.9888180189878728 9.503171300544386 0.030265585576180244 0.9994954951589383 0.009630653493826928 2.5195390456907267 -0.9884542106014808 0.028497328050590406 0.148815912583906 44.29945755182414
0.15363083105502795 -0.010617142428150381 0.9880712747752574 9.805733877535657 0.030377059124418182 0.999520400152913 0.006016972420664155 2.53139740576402 -0.9876612789961413 0.029090307059565435 0.15387966729521793 44.34443537894865
0.15872000138950074 -0.010903849815843773 0.9872634234175348 10.21371838120745 0.03164247761199622 0.9994815309933954 0.005951706786399601 2.538321696128676 -0.9868164544480862 0.030294805863224864 0.158982734811734 44.41086738172758
0.16377566251791179 -0.011118355601862216 0.9864349520042005 11.02412311950719 0.031666166377968194 0.999480444376171 0.006007929471361717 2.522162241387775 -0.9859892424736398 0.030252660681674953 0.16404264764974183 44.55064152101601
0.16820678350801133 -0.012275507771146842 0.9856752963785029 11.492363468002 0.031275403041804095 0.9994855139778321 0.007110310333590532 2.528217252986267 -0.9852554628858762 0.02963138973163036 0.1685041649221476 44.63331874685384
0.17402103551012627 -0.015536828476141976 0.9846193610532377 11.64076286013179 0.030625055440659046 0.9994772658054761 0.010358625259383872 2.559306336600589 -0.9842656070285296 0.02835140382610238 0.17440588499775214 44.665885923408965
0.18180977714590127 -0.020457986331669422 0.9831208856134682 11.74131099595699 0.02970670943161808 0.9994414949646391 0.015303906612054934 2.5914424415778097 -0.9828848947607765 0.026422886634474972 0.18231597492539803 44.69363790068198
0.1890672994369716 -0.02348691958326825 0.981683208011678 11.962110640782996 0.03078530410085404 0.9993642750508767 0.01798084545987944 2.631831649951609 -0.9814814421755658 0.02682182619664854 0.18967015659941894 44.742600687928416
0.19623654590417963 -0.022760018389347575 0.9802924051600689 12.051723820404375 0.03190507910707046 0.999349438046954 0.016815665386971972 2.6732692691438995 -0.9800373890718496 0.027976458642072533 0.19683504206080735 44.775595507702604
0.20257280116818846 -0.01817851276397383 0.979098463843429 12.365916377934722 0.03332005041280426 0.999376701277364 0.011661182807071955 2.696581501576873 -0.9787001759820834 0.030261371708199408 0.20305224676170464 44.85314488188573
0.2099507690133243 -0.014707049788787277 0.9776013386228677 12.70176110616121 0.03377887044477347 0.9993990446196728 0.007780586401938818 2.7136492455333685 -0.9771282733102079 0.03138872886551733 0.2103213854985219 44.93906799686345
0.21559845520091375 -0.012276526369360174 0.9764049329122015 13.03605518578787 0.03438882976386005 0.9993961602204056 0.004972255441855891 2.732891256551439 -0.9758763827977655 0.03250541242638246 0.21589044365265153 45.02583160214594
0.21887915084482923 -0.011818006056540329 0.9756804046706548 13.80018588092697 0.03338945858451975 0.9994317601936826 0.004615275895019528 2.7289916952914726 -0.9751805275849584 0.031567252794661854 0.21914937182232247 45.20531969066284
0.22102902206145864 -0.014046315489993669 0.9751660742805347 14.641917518287315 0.03271410852494597 0.9994403693988538 0.006981054311342252 2.7244555569864946 -0.9747183995954789 0.030358673176465067 0.22136484014628666 45.39887588415734
0.2228473696062498 -0.019308616220796847 0.9746621092456669 15.147991376326594 0.03281557061992333 0.9993857916944948 0.012295433463441986 2.7371908759938224 -0.9743008714891221 0.029244088271017942 0.22334411816014396 45.513049456245966
0.22490385834696025 -0.024206599328831284 0.9740802302939848 15.286056151997565 0.03235391444077593 0.9993256335806087 0.01736382126927426 2.768248516011203 -0.9738436623611656 0.027610118030276146 0.22553536898088639 45.54649647474777
0.2274046168265735 -0.027880480210964967 0.9734011604005638 15.338278949930668 0.03160027243989688 0.9992748976943554 0.02123915298823328 2.802997029128079 -0.9732875027594273 0.025929860414959465 0.22812075598501963 45.55904272476286
0.22956537695150317 -0.02859511481193875 0.9728730940436195 15.294723318493467 0.032849880236254674 0.9992264694382041 0.02161823634164877 2.8359792263609793 -0.9727387229228499 0.02699596604961019 0.23032714721341474 45.54635346917227
0.23133036245184013 -0.027598909782591358 0.9724837086484853 15.207185654806311 0.03340129842741719 0.9992335436646181 0.020412703858402288 2.8669545328850465 -0.9723017107211436 0.02776014038618325 0.23207489725189195 45.51939549233251
0.23537923418656928 -0.02566539066972753 0.9715646678608244 15.17190638892547 0.03351892954868967 0.9992709556040537 0.018276724216065732 2.9000089361442103 -0.9713254333515898 0.028263846304606415 0.2360679086966611 45.51178213428595
0.23859507511789585 -0.022569978980876534 0.9708568309376456 15.15789633958032 0.032777952409564395 0.9993474209159516 0.015176895086647081 2.929593628277 -0.9705658122792714 0.028201566577719706 0.23917917065923647 45.506040850925295
0.24222328161987502 -0.01863075945594713 0.9700416365514383 15.51332637477778 0.033403588285043084 0.9993830129173517 0.010853284383924694 2.941320341276081 -0.9696453383227197 0.0297739532868857 0.24269616720230253 45.59766116699695
0.246182626714552 -0.016219411999738146 0.9690877385347032 15.956400981400181 0.03432396620592502 0.9993786845816324 0.008006881276696487 2.9547978594138744 -0.9686154962872612 0.03129177972355279 0.2465863842021985 45.71003506710489
0.2501116524792858 -0.016532422823266245 0.9680758442858042 15.874477748531607 0.03526172070356715 0.9993464410224997 0.007956247148342288 2.9913664521580365 -0.9675746856688137 0.03214606991927055 0.2505311514395774 45.69108743294124
0.2528552461398371 -0.019214136984401855 0.9673133108975118 15.95978362809581 0.03521497306877614 0.999323068022025 0.010644782328055546 3.0327558321759924 -0.9668630358904654 0.03137232313665913 0.25336070565437124 45.718683300672204
0.2548680633129196 -0.022217509464692975 0.9667205659218733 16.012155277652127 0.035444762827496874 0.9992788078454099 0.01362104912104117 3.071695043379994 -0.9663260004218162 0.03079361076979449 0.255471748818796 45.735797868568945
0.25662696434247034 -0.025014606664633003 0.9661867679831789 16.03116767065841 0.03573970485380703 0.9992269305269551 0.016377264931646658 3.1111696561489617 -0.9658495093280998 0.030328382137731716 0.25732258852960455 45.74209597643265
0.25761364259421493 -0.02535054578329247 0.9659154005283427 16.016599204964933 0.034297156629719945 0.9992657430710402 0.017078634951226853 3.147455345988706 -0.9656391231699639 0.028728462422656864 0.25829393963152353 45.740683235154485
0.25858734256543564 -0.024755246577145146 0.96567062916496 15.918693032001526 0.03418959089837997 0.999279785495322 0.01646153621698933 3.186619995378833 -0.9653826485591852 0.02875913884883528 0.25924747596365455 45.71333519521216
0.2584840439364069 -0.02283356537711139 0.9657456328259787 15.859034965000582 0.03426982811157311 0.9993080808998657 0.014454699216158086 3.2259644299577674 -0.9654074672963147 0.029359627729171767 0.2590876962499749 45.68875986181339
0.25814865768435724 -0.019772413105622836 0.9659028534049089 16.23563178462797 0.035324596809120326 0.9993151816359587 0.011015471490745074 3.244103738597774 -0.9654591878458862 0.031276499674211145 0.25867032526382144 45.78346508454269
0.25676364359222553 -0.018359262225144873 0.9662998338092548 17.03416942480394 0.03667820228255101 0.9992844110024375 0.009239881213076059 3.2407006432735974 -0.9657779976819549 0.03306967520342253 0.2572532910875487 45.99230099337675
0.2560737149398304 -0.01894463423455419 0.9664715998675979 17.451659408843543 0.03836268230097155 0.9992194598872708 0.009422079880044391 3.2591163436212227 -0.9658957278731443 0.03466369594128957 0.25660060611795205 46.09515427270266
0.2551154942161366 -0.022090756929307127 0.9666582038492959 17.51487560818334 0.03844482645928771 0.999180171341515 0.012687809758024984 3.297091879017892 -0.9661459930721511 0.03392615003549411 0.25575561853925566 46.10907120879971
0.2542796682965483 -0.024127846585515002 0.9668297147430583 17.520672950462437 0.03944329150157412 0.9991157279693739 0.01455983790259987 3.340689428392825 -0.9663260718031572 0.034432675518669624 0.25500649758409394 46.10313765161257
0.250566974517859 -0.024944983639944077 0.9677778355966671 17.336178647461942 0.04093823224816741 0.999046789925949 0.01515165598380142 3.3808316752475984 -0.9672332978249677 0.03582260919948863 0.25134933508720236 46.03676682198677
0.24719036722452656 -0.02426591176589914 0.9686630414533082 17.114134834209246 0.044399968098651786 0.9989199812022447 0.01369357468834906 3.431422611720966 -0.9679491542349956 0.03962368838304045 0.24800080268959018 45.957967702661975
0.2437016231804736 -0.022322933687385554 0.9695933196401422 17.39625348186084 0.04801944965258343 0.9987866452779103 0.01092564275272552 3.4533962053918175 -0.9686607514059121 0.0438967407228119 0.24447786165550553 46.01248608875961
0.240560316754157 -0.021508396474758402 0.9703958588556651 17.71578595625534 0.05102343080040619 0.9986524044145282 0.00948602479635892 3.4679155455616666 -0.9692921868624016 0.047230964823572925 0.2413335709124165 46.07570951827201
0.2376892524969178 -0.02057393625849569 0.9711233353154928 18.056881421868617 0.053522633173752616 0.9985341511117869 0.00805461368470543 3.487950755834537 -0.9698655303626399 0.05006258293669327 0.23844200721370823 46.15397731444386
0.2362908557960404 -0.020157478570629682 0.9714732665003442 18.28241363355628 0.05305835801235238 0.9985608390506097 0.007814176832789317 3.5116895702057804 -0.9702326742138755 0.04969835784224337 0.23702031793830713 46.211439224191125
0.23390350604692775 -0.019979205868382473 0.9720545155452051 17.95611922251449 0.054108408291042305 0.9985068786141696 0.007502900265675276 3.555718767107706 -0.9707530221488705 0.050841367930609484 0.23463530274828523 46.124918963447456
0.23184626476535078 -0.020304583473790848 0.9725405047628148 17.72772751978665 0.05653553584495108 0.998373412676238 0.007366277752396251 3.5961746975775872 -0.9711081519074382 0.053275254585567824 0.2326170770768208 46.06233464478769
0.231248166341377 -0.020920349090785613 0.9726698435531301 18.03268625964085 0.058419191848482974 0.9982633484189594 0.007581901287712213 3.610113338500846 -0.9711392709532047 0.05506928542559951 0.23206871873475893 46.133765762560465
0.23222052860353798 -0.02148694869582273 0.9724258003214624 18.308353534881363 0.059332732263190184 0.9982070987480416 0.00788764167550817 3.633036790956048 -0.970851818238643 0.05586500733697002 0.23307905950119598 46.20452388659993
0.23504394358537795 -0.022321472023852363 0.9717284067426054 18.02359366693907 0.06035284206851919 0.9981423478655183 0.008329937080326866 3.680293312443156 -0.9701092098511832 0.056688669804452196 0.23595447797767158 46.13550601907073
0.23766249438323794 -0.022536426050143474 0.9710863237964089 17.617495487403293 0.06121877364463237 0.998090847966589 0.008180523136193708 3.7270344807609606 -0.9694167321214265 0.05750451031198301 0.23858841291394292 46.034400306491946
0.24049922142478347 -0.02379120084103012 0.9703577192234907 17.654654851877478 0.061490076971858064 0.9980650124191831 0.009230461455962463 3.752173764259646 -0.9686996928501985 0.0574474520517387 0.24149678118909781 46.04890543690558
0.24386897728725052 -0.025666574363736972 0.9694684878206723 17.872981654881503 0.06154949243149064 0.9980440711262065 0.01094038716191097 3.767354302582154 -0.9678530786737712 0.057002272325385434 0.24497175153769463 46.10704979835718
0.24806819730467977 -0.02604202609523233 0.9683924733096917 18.189185580597826 0.06118761530425746 0.9980638256354881 0.011165826939001193 3.780974045897724 -0.9668082773846043 0.05648373956023784 0.24918134349486584 46.188417823103684
0.25270057379108746 -0.026293914143041528 0.9671871846156221 18.94790525069116 0.06159037286673599 0.9980404440289266 0.011040745114289532 3.7728347700304465 -0.9655822315969742 0.05677941670694275 0.25382484484901696 46.392560664656685
0.25690921676280265 -0.026262391540396293 0.9660786412776665 19.675519404546225 0.06221226934529385 0.998006796107458 0.010586239475586397 3.7711714289400176 -0.9644310695354193 0.05738224214776541 0.2580309872880835 46.59713579278933
0.25945700531135696 -0.025310786713127538 0.9654229262198124 20.314731203811608 0.061715038028887226 0.9980478311241717 0.009580233265898182 3.767495267749948 -0.9637807408720912 0.05709545397226118 0.26051255758551384 46.77977116350819
0.26261763822769607 -0.02424455283361497 0.9645953440430886 21.038004630761375 0.060890382524139725 0.9981081891450256 0.008509058567208986 3.763097785425966 -0.9629768104205685 0.05649995061532634 0.2635970754251544 46.98904943896597
0.2669658929431342 -0.023990848403761224 0.9634073132366923 21.785401718754414 0.061648332728465885 0.9980676815979515 0.0077708443227897704 3.7513174874792394 -0.9617321327047755 0.057317904205897385 0.26792902564031384 47.2035310008738
0.27166981436755633 -0.024614362453727716 0.9620756961499928 22.586161443454454 0.06192239897258331 0.9980485097753233 0.008049139130035562 3.739260421567841 -0.9603963392615458 0.05738732696555037 0.2726638337527936 47.43663657769946
0.2776937551300332 -0.02529321777638516 0.9603366240523667 23.398185371863992 0.061937614928806894 0.9980448733821337 0.008376310200205366 3.7310088467168483 -0.9586709081946277 0.05715491098895695 0.27871743026070717 47.67857394085785
0.2818633810541853 -0.025929705115064497 0.9591041053052314 24.14447117403055 0.06230158172249869 0.9980196895921706 0.008672491062040554 3.7250283790011682 -0.9574296565991564 0.057309245144149 0.2829206657093639 47.904810614601566
0.2858475810209877 -0.028371548230245167 0.9578550076475396 24.581649183899454 0.06322436739812277 0.9979420711614277 0.010691210088009256 3.7425243264636396 -0.9561871363867837 0.057503720375795216 0.2870531002295308 48.038744760775224
0.2919918754509024 -0.032289619115249704 0.955875580380656 24.479598076383724 0.06441117476470103 0.9978248007495678 0.014030950591991864 3.783821443892353 -0.9542494145851471 0.05747214548349391 0.29343654724220714 48.01742445714578
0.2983456798871583 -0.034531428689925106 0.9538330229790231 24.35576742830961 0.06372989439890388 0.9978358402204844 0.016190630975445857 3.8276465593604105 -0.9523278615332927 0.055957273022469 0.29990069647020634 47.98762140829885
0.30484903933141716 -0.035952361935264396 0.9517218558433905 24.208041797614555 0.0636127473013613 0.9978243870833317 0.0173179364401538 3.8632906065053345 -0.9502738981996116 0.05526228562996487 0.30647283433848876 47.949021859571076
0.3112521864213444 -0.03684544340895929 0.9496128104379855 24.520958320719025 0.06555816833247104 0.9977000954235771 0.017223418843980084 3.890078466345608 -0.9480633960937552 0.05689404970452507 0.31295185587466134 48.055737646119425
0.31607577107940116 -0.03909138354656749 0.9479282518571631 25.311498429601265 0.06546905617412785 0.9976676918495877 0.019312672605934063 3.8921213761101496 -0.9464723501614993 0.05595570008435486 0.31789786096769934 48.32551795300909
0.31940378540146147 -0.04290146899290022 0.946647075646182 25.746898614498566 0.06625916254153683 0.9975407366232749 0.02285174296168849 3.913991640793065 -0.9452993945044672 0.05542510924972646 0.32146090277690753 48.47103399125673
0.3220001307913984 -0.044736833711271594 0.9456820456579536 25.562398220216274 0.06619190173654117 0.9975023796523467 0.02465024812053856 3.951890650133247 -0.9444228649894192 0.054659109921348766 0.32415711281380727 48.40443662197774
0.32664127753770666 -0.043370691872230735 0.9441527730696224 25.30366902844382 0.06790501876191793 0.9974419570260915 0.022326011531445412 3.9934328130131425 -0.942705884269043 0.05682011484045677 0.3287508027580141 48.315699240802154
0.33162722397701744 -0.03865221217377422 0.9426183696551694 24.995331436668714 0.07048725881932268 0.9973827534286637 0.016099363564851615 4.031121204398869 -0.9407735809754835 0.061103597742923545 0.3334837622455341 48.20902327306742
0.3355139143056812 -0.03500919341904693 0.9413844961987778 25.239859858448444 0.0733589979954242 0.9972455812635166 0.01094111801856362 4.054982504712887 -0.9391745688211468 0.06538812603628098 0.3371580078436162 48.295114489028414
0.3384538844500755 -0.035345885368813806 0.9403189014840387 25.963847096200684 0.07408947650343244 0.9971929384799534 0.010816326417124893 4.054325245060874 -0.9380616811127629 0.0660069074658793 0.3401225817182512 48.56208359005258
0.34097119960475847 -0.03653611607657429 0.9393634830363221 26.650821083039567 0.07410840749498203 0.9971793687230118 0.011884886694105187 4.0572391580980565 -0.9371481126154233 0.06556232771350581 0.3427170789530879 48.816390182910574
0.34327869271005285 -0.03772140130494903 0.9384758041712464 27.238949759523017 0.07391984658039849 0.9971788981200852 0.013042293722400825 4.058926333339251 -0.9363202419112854 0.06489484592478843 0.3450986287419734 49.03098324527486
0.34486170324773074 -0.036790838169791236 0.9379322149600352 27.338680581386118 0.07328287334690027 0.9972369113333811 0.012172228566640636 4.077345410358564 -0.9357884515781847 0.06453663224108161 0.3466049581178593 49.067898348431434
0.34623698343187875 -0.03501239682186125 0.9374935111096934 27.353792258332014 0.07209713692097745 0.9973410694535265 0.010620453337395893 4.096948811640881 -0.9353726285025615 0.06391340430678456 0.3478406569079104 49.07364644152501
0.3477063524804744 -0.03395845729244123 0.9369883220313053 27.41034288517012 0.07058229156825675 0.9974562577445802 0.009957610313177325 4.1115473274542005 -0.9349430103282756 0.06267245858024847 0.3492187428730153 49.104715825496
0.3499365297804977 -0.03499896393442081 0.9361193821563036 27.570970029871066 0.07071379370519752 0.9974375536789349 0.010857526919080542 4.12414722312434 -0.9341006286824788 0.06239710758117649 0.3515147457227097 49.1682418273963
0.35174822837839376 -0.0372796195089678 0.9353520266733415 27.771862282313492 0.07077879848828021 0.9974055408238717 0.013135783889563508 4.13732145389855 -0.9334149910501852 0.061582603900001594 0.35347423863653554 49.2430802140229
0.35329794794423314 -0.03889586752004202 0.9347019158364108 27.497552726894405 0.0700173833273613 0.9974323684296243 0.015041158228587008 4.179210708999956 -0.9328869845862274 0.060131372001072735 0.35511419584534354 49.13464690113681
0.3550214120178092 -0.04002133417771221 0.9340011187463941 27.066336150856568 0.0691327566904518 0.9974716181008114 0.016463080991280018 4.215651936743768 -0.9322984816898825 0.05872532583121655 0.35689056746397396 48.968175515002784
0.35742902531676757 -0.039913557794100656 0.933087026897985 26.655977810106656 0.06881479104700665 0.9974961446192386 0.016308464149301295 4.251208360925575 -0.931401640751326 0.05838107033935941 0.3592807178680315 48.806471076813224
0.3585042591617335 -0.03843803188116237 0.9327364117841639 26.712954089921315 0.06775259781283197 0.9975883419432842 0.015069356604009284 4.272024936790504 -0.9310662069114681 0.05779288644763227 0.3602439459915204 48.82932824321824
0.35942158978378 -0.03796479335626364 0.9324027001584209 27.236232176090013 0.06625074694709857 0.9976889732683477 0.015084798563406986 4.274120292630907 -0.9308205838539729 0.05635057305975926 0.36110615279940145 49.03377182154156
0.3594143319286936 -0.03764837499873644 0.9324183277178774 27.271680656522285 0.06656926786662178 0.9976746445926847 0.014623136208040994 4.29802442470651 -0.930800661033259 0.056814640690683704 0.3610847906285105 49.04294503691686
0.35927124825513407 -0.03754943438260627 0.9324774582555558 27.352667969395252 0.06623928603778154 0.9976961464295601 0.01465456873496682 4.3216738959106955 -0.9308794375011201 0.05650167587912121 0.36093078763171144 49.06734627465724
0.3593134865099425 -0.03697073893926664 0.9324843070391864 27.940219271021757 0.06594041315258523 0.9977232486498107 0.01414853409125866 4.313509505456749 -0.9308843538943677 0.0564046413511313 0.3609332848446014 49.295108539381985
0.3594578428723045 -0.03599740148606668 0.9324667534469195 28.0789591132242 0.06713942479366808 0.9976636278603165 0.012632627714147098 4.328591713821317 -0.9307429058746371 0.05806438435770921 0.36103486041266825 49.3471755181731
0.3597311434835375 -0.03361281167310943 0.9324503650594232 28.188153325033298 0.06700924368398593 0.9977010979016674 0.01011338255502205 4.34289873889897 -0.9306466921817991 0.05884469506448414 0.3611565258912552 49.38797495179947
0.36031878118131583 -0.031467319716211875 0.9322983340743916 28.828728448008892 0.06589334653808655 0.9977928861322867 0.008211167140532627 4.335270239958308 -0.9304990289140662 0.05847361946789204 0.36159700360525837 49.6377893895347
0.3596535744761931 -0.030896165556000544 0.9325742508349835 29.350340878796086 0.06582681236906497 0.9978015798880245 0.00767058969615182 4.328179492660557 -0.9307610526552037 0.05862963522737469 0.3608967009176995 49.83495514844266
0.35985540197355753 -0.03060520910949915 0.9325059843485243 29.20475810847952 0.06570989987979552 0.9978113959974707 0.007391013148588857 4.356407258429046 -0.9306913015217421 0.05861517886127455 0.3610788862268521 49.771984770512546
0.36223928792755794 -0.0307761928205433 0.931576901944872 28.567363808185622 0.06741763948222111 0.9977020382916607 0.006745715329563234 4.4064869289352595 -0.9296437813315264 0.06036115260774098 0.36348173418685537 49.51317180273516
0.36500157579697645 -0.03023238616118862 0.9305159066306833 28.534704107983654 0.06738700732479982 0.9977089764099771 0.005982443878550116 4.42211809960277 -0.9285649362912266 0.060521080773176965 0.36620261860412057 49.49668460241664
0.36797681717165415 -0.029244472344607118 0.929374963543511 28.487586276997213 0.0660416303339708 0.9978030614372341 0.005249157009613683 4.4454940614401455 -0.9274866926738349 0.05944586969475634 0.3690997473437007 49.48154966686387
0.37165460806973655 -0.0276839128396813 0.9279582174162874 27.90881217077834 0.06499809263497637 0.9978783885281555 0.003737601137623762 4.493351278431573 -0.9260929220409496 0.05892641749108694 0.3726655029209443 49.251935510899834
0.37669242327193164 -0.025497015395379633 0.9259874299662203 27.317316231734427 0.06392280915724793 0.9979537562270795 0.001474754795165593 4.54440288479928 -0.9241302357995678 0.058636188810218474 0.3775514595957037 49.02201338606582
0.3823953407121815 -0.02288907617793628 0.9237152665152466 27.205493814397254 0.0636580863954057 0.9979704461013217 -0.0016238056536329462 4.560879432641757 -0.9218033691835198 0.05942288195675422 0.38307632354644916 48.978742288999754
0.38858849332637174 -0.017805152861694373 0.9212393605279301 27.694946349274133 0.06176004454984767 0.9980681269109886 -0.006760986731820183 4.546644172796924 -0.9193392625965344 0.05952302559479586 0.3889374367073707 49.18778056635674
0.39274101809556333 -0.01199433678633001 0.9195708937272393 27.653606416769733 0.06146515683841515 0.99802149521774 -0.013233653243590068 4.561283490192248 -0.9175927894224583 0.06171896765499771 0.3927012119048167 49.16879267503391
0.39692680709934924 -0.007030215216349655 0.9178233413244212 27.618113050073728 0.06310723670738287 0.9978133101949768 -0.01964878298768497 4.572759865196954 -0.9156782112079945 0.06572042355121126 0.39650250875268733 49.15077822970085
0.4014571556474098 -0.003950973932598472 0.91586928214919 28.17903219490197 0.06447239324791192 0.9976318874354398 -0.023956787783092726 4.5428021753421906 -0.9136057479506006 0.06866590840425453 0.4007611886580839 49.391832519089114
0.4050933198811417 -0.0033919602165732995 0.9142690505499799 28.28943192751389 0.06550298595184717 0.9975310264571654 -0.025322126425361042 4.5554892112350736 -0.911925852807708 0.0701451770344836 0.4043153387143922 49.44183589944865
0.40788491597621873 -0.004168166165395513 0.9130238341411948 28.45902559898813 0.06498279302407471 0.9975861616827109 -0.024476246238798866 4.557898646956762 -0.9107179211643207 0.06931433048057023 0.4071712068162075 49.517023233199666
0.4114832233356501 -0.00591175324405055 0.9113981611166893 29.179039085670528 0.06284766161137038 0.9977827627323729 -0.02190273553992644 4.512184570850873 -0.9092478915803353 0.06629185144292424 0.4109424072652795 49.84582058851496
0.41596609519772776 -0.008621756789301133 0.9093392507506859 29.409158892509147 0.06307760247970795 0.9978201802169275 -0.019393401384657435 4.518793760439683 -0.9071898498723219 0.06542593722462547 0.4156032038217611 49.9536544590645
0.42212050573399923 -0.01143562575362696 0.9064675973814474 29.673691707820442 0.06437284751623684 0.9977743960413553 -0.01738939639425226 4.524346928185499 -0.9042513008790883 0.0656923212249963 0.42191717645830396 50.082532214626404
0.42764137992893275 -0.01173219025823261 0.9038723393733322 29.78869967979366 0.06575994473575743 0.9976701578056645 -0.018162761143785774 4.540516652214136 -0.9015533704894165 0.06720574332421836 0.42741655118094185 50.13867471765185
0.4343945975749394 -0.010847441194353881 0.9006573525027368 29.339734345849436 0.06721613698370137 0.9975297676841561 -0.020404742413902405 4.6017075480620795 -0.898211180361664 0.06940241785070929 0.4340506650954248 49.93300898420434
0.44212494715151823 -0.009481488817589824 0.8969033573780775 29.448735712536305 0.0685718127789944 0.9973750269616768 -0.02325859164681745 4.622822136014363 -0.8943284841703686 0.07178549270564902 0.4416145439617419 49.99209131115983
0.44948751144764476 -0.00755834304953797 0.8932546381088358 30.040093599856764 0.06852563642203828 0.9973093687982663 -0.026043426428845707 4.593026243944612 -0.8906543741573144 0.0729170374984172 0.4487960465923203 50.29371435629986
0.45663576552154467 -0.007943740166816515 0.88961827467668 30.736831885206847 0.06962641806409035 0.9972121540331984 -0.026834339120409837 4.55431357748114 -0.8869249909401112 0.07419445289660645 0.45591582951818604 50.64877940484113
0.4627929804279823 -0.009220409956782657 0.8864184346609743 30.962198059400144 0.07112535258610023 0.9971083016895749 -0.026762266743128347 4.565917363836249 -0.8836084209003936 0.07543221289314195 0.4621105276575674 50.770377117261596
0.4685130867492235 -0.011020642103597785 0.8833878157368578 31.232454866820287 0.07250990427406087 0.9970282742387623 -0.0260179582334474 4.5740423797933545 -0.8804758948017146 0.07624411987881617 0.4679199000438253 50.91429935936647
0.4750160399119252 -0.013473083217938272 0.8798739897593248 31.928732092054453 0.07437975640785259 0.9969193263843819 -0.024889928043576433 4.541154665669057 -0.8768280411021877 0.07726792808085649 0.47455479517858695 51.28695677563202
0.4818433319724021 -0.015491798200622423 0.8761204298623804 32.67134642183905 0.07669154522106233 0.9967524931639906 -0.024553497978290623 4.5026430140750495 -0.8728948449414384 0.0790219688433246 0.48146663240019577 51.69228417640656
0.4879867602395377 -0.015882497366273673 0.872706518887265 33.39546511999354 0.0772173167872313 0.9966998433180324 -0.025038137270692006 4.465563972445398 -0.8694287824883068 0.07960633522035769 0.48760273130252624 52.09854972671261
0.49387383253470507 -0.015472755951915388 0.8693959002438028 34.06368922899474 0.07754895189621702 0.9966411857035329 -0.02631552810129437 4.435556405420937 -0.8660685871207195 0.08041729156533603 0.49341489805235444 52.47650851195621
0.4993242414883968 -0.015696268417505193 0.8662730106726174 34.24991369286305 0.07821972935369867 0.9965696671861568 -0.027029102543418 4.452475193115669 -0.8628771498897573 0.08125592656683023 0.49883915102555304 52.589679402874516
0.502857298257654 -0.015496756046827721 0.86423051794127 34.49307970227505 0.07908772537133564 0.9964701345166386 -0.02814964852314149 4.4699422967148745 -0.8607436722303571 0.0825052820637159 0.502307882823857 52.73188413471231
0.5057080605635152 -0.016456769205313623 0.862547698523629 34.72268427937484 0.08050495836026732 0.9963554967747713 -0.028189993368329988 4.49074886783049 -0.8589402244396865 0.08369527342698577 0.5051898574253866 52.86903672369787
0.5091633727388662 -0.017933335663336485 0.8604830360519413 34.30120163034567 0.08377680721784536 0.9960678925710255 -0.028813190755206275 4.557652669790237 -0.8565828076920325 0.08675914280983901 0.5086636852629992 52.62002905041152
0.5114180199871171 -0.020499500676000183 0.859087527149876 33.921443294787736 0.08643507959829708 0.995872556356228 -0.027691668626921153 4.627856682555873 -0.8549740264167629 0.08841731713042325 0.5110790469038672 52.39285419972804
0.5141147692166048 -0.022137580777228313 0.857435671984019 34.21512675197958 0.08757782539787959 0.9957970712048966 -0.026801445452138344 4.644091798795996 -0.853238611744648 0.08887137051422762 0.5138927426331171 52.57164012968698
0.5173045905277914 -0.02400800751274428 0.8554645382446543 34.53601527887084 0.08905121210212938 0.9956900805303877 -0.025906469395250355 4.6582945464053065 -0.8511555922638434 0.08958168958360575 0.5172129915705239 52.7603871790626
0.519456821945394 -0.026023200566001974 0.8541003472465577 34.8101147439516 0.09030160179163439 0.9956109459676344 -0.024585869585856096 4.671862999190419 -0.8497118516581106 0.08989792712698817 0.5195268345812508 52.92763355773025
0.5207688895593267 -0.027051604034956257 0.8532689929830329 35.049537512954245 0.09161244650610464 0.9954969219684602 -0.024352371475547176 4.678552340271593 -0.8487678854152708 0.09085201742643295 0.5209020902408005 53.074879730418964
0.5234044362037649 -0.026952869024415006 0.8516579941582 35.29901554599932 0.09243175610525295 0.9953974466719343 -0.025304023835893256 4.696494109223464 -0.8470561767825767 0.09196448233063219 0.5234867403899937 53.23098275194907
0.5230692572043467 -0.026420121321302156 0.8518805839770367 36.08229019818477 0.09210155242529937 0.9954184217204651 -0.025680142919825635 4.659755930909859 -0.8472991539052428 0.09189201754723053 0.5231061086458049 53.71261347137524
0.522341964499574 -0.026940840173287368 0.8523104265779454 36.88460479536598 0.09139009232852477 0.9955127163379979 -0.024541447258042092 4.630718774935942 -0.8478247007176111 0.09071175634995135 0.5224601938071431 54.21138193400604
0.5209273504992847 -0.027683340230768027 0.853151995939445 37.6579227979257 0.09078877977287257 0.9956015439779471 -0.02312926925078281 4.603595513315065 -0.8487591489752234 0.08950529762192802 0.5211494111370192 54.685014304477775
0.5184130010995761 -0.03050063255508292 0.8545862576151494 38.50265215365115 0.0901827312832325 0.9957407502704043 -0.019168547916381434 4.567534063072207 -0.8503617084918772 0.08700614728090285 0.518955581014509 55.19717159077147
0.5183459355186578 -0.03438887954407089 0.8544793128537326 39.35211391866551 0.089517584241442 0.9958836739151359 -0.014223576936270025 4.533581067714578 -0.8504728644953121 0.08386365716440615 0.5192906640448557 55.71128638070911
0.5190705660015301 -0.037239195218682034 0.8539197795169708 40.14295569123149 0.09042316583782858 0.9958366050266029 -0.011537208022244859 4.503583742189753 -0.84993493785743 0.0832027549336493 0.5202767561411284 56.185084759506594
0.5207905572441817 -0.03753030287749251 0.8528591160626792 40.93024371705202 0.09225114215159717 0.9956570809676228 -0.012518142464133537 4.471256699499998 -0.8486854082974552 0.08519655794074209 0.5219910193269891 56.6622898027636
0.5210797811175643 -0.03620949237042824 0.8527395466217943 41.69873941913808 0.09636180259263737 0.9952075333845761 -0.016624334443200627 4.4425367301426375 -0.8480508621017766 0.09083412440739282 0.5220717356183662 57.11959688589889
0.5203265412185583 -0.03284868855485587 0.8533353702758097 42.51728761494756 0.09839535502796372 0.9949108120976263 -0.021698619314507228 4.413310515176051 -0.8482798150448058 0.09525460425334319 0.5209106600522645 57.6131675517549
0.5197068266379645 -0.030005097927414227 0.8538176084177804 43.32254693598486 0.09912382278823408 0.994751452800608 -0.025377448786667745 4.388862320661581 -0.8485748535643396 0.09782249868736473 0.5199533408382111 58.09681570267088
0.5195863281449024 -0.02854687285018039 0.8539409368658755 44.17770211644952 0.09870304937268642 0.9947559221089102 -0.026802303516275945 4.349789095059241 -0.8486976821279931 0.0982126849226779 0.5196792403693338 58.61917909228717
0.521112872847991 -0.028533929886288636 0.8530106614793002 44.9966796893259 0.09789066855549461 0.9948436522073671 -0.02652403952000205 4.309416950473186 -0.847855406753928 0.09732380237097557 0.5212190391094548 59.12967193102196
0.5222268363969755 -0.02640957578532789 0.8523975983387336 45.773312737223115 0.09693622536547357 0.9948806143145678 -0.02856451422579641 4.267579670501979 -0.8472794695722881 0.09754536159090622 0.5221134003963109 59.621508545180276
0.5242624766514089 -0.022770051826446338 0.8512522424729038 46.534739563693954 0.09641823752185147 0.9948012636708011 -0.03277147039957344 4.229350023363821 -0.8460805984352245 0.0992570931409501 0.5237324225333942 60.101943156822244
0.5248905550766171 -0.021947939450650582 0.8508867099357158 47.321559956012386 0.09755810251937976 0.9946307914311288 -0.03452543077063124 4.181795423621097 -0.8455603596575326 0.10113296540174252 0.5242135075375974 60.58786106044899
0.5246412003474271 -0.023376294476443224 0.8510024440355958 48.14348071493934 0.09831769480789916 0.994598049281825 -0.03329190971455694 4.134345153394454 -0.845627129286702 0.10113490604797157 0.5241054178245022 61.092192324290856
0.5254053640482156 -0.025579259223345887 0.8504674625915697 49.04468277355412 0.09890807510333967 0.9946076707470916 -0.03118932462222726 4.082392455140446 -0.8450836621948807 0.10050513812051322 0.5251022006263754 61.64299020540524
0.5235888425488484 -0.027861519641083635 0.8515153901613539 50.04445442421965 0.09867018008945583 0.9947226897617636 -0.028124118372490965 4.025527578082746 -0.8462380985984197 0.0987446514825236 0.5235748029499921 62.261153038544634
0.5208310631497436 -0.030520520245963648 0.8531140026410419 50.939713720853845 0.09842473698952237 0.9948429132276031 -0.0244979417370601 3.9764905558345727 -0.8479667297759083 0.09672681037191694 0.5211490663413145 62.80305767221321
0.5188934154645509 -0.03175736794707714 0.8542488472152612 51.89228611342713 0.09682481379482523 0.9950621924255002 -0.02182174692702494 3.9303015736842477 -0.849337729540568 0.09403564636042903 0.5194061208654032 63.38264531687463
0.5157642409970741 -0.03075218680531374 0.8561784572829421 52.79961020475613 0.09495605116021007 0.9952502479857206 -0.02145442221114318 3.88915722990174 -0.8514520515312463 0.09236474917979003 0.5162345949780803 63.9298349325293
0.515186222488409 -0.029042672900469153 0.8565860606552707 53.55111891978086 0.0929337483285829 0.9954260172677298 -0.02214413168532927 3.8554764577883796 -0.852024926031932 0.09101410493596007 0.5155288140569668 64.38436434523535
0.5155610092653066 -0.02759197640534999 0.8564085056580067 54.29965535810265 0.09180981381063823 0.9955063466830978 -0.023196374753836704 3.8207010363122462 -0.8519200689110397 0.09058585182969307 0.5157774710424005 64.84078786276831
0.5148305027233455 -0.026606189650671255 0.8568790253810016 54.46895994863639 0.09082319526324711 0.9955860435599727 -0.023655381433554563 3.8383293464992443 -0.8524674191239204 0.09000300295470919 0.5149745224681828 64.94985130723366
0.5142074202715158 -0.027652990582818286 0.8572199490501459 54.053584332003155 0.09078950526312889 0.9956194355309339 -0.022342903283451957 3.912462210905447 -0.8528469937050757 0.08931546173470732 0.5144655028506058 64.69929355850667
0.5129243037694342 -0.029301056261077187 0.8579336260484388 53.61920103988374 0.09094060665090807 0.9956480598612147 -0.02036533713340525 3.99291869410885 -0.8536032243757067 0.0884668807892402 0.5133567437355977 64.43282147909832
0.510450355113931 -0.03104045108172788 0.8593468015654103 53.83664043320225 0.09108519052249459 0.9956778817694096 -0.018139565117610078 4.010674574949607 -0.8550695428042914 0.08753311460137826 0.5110714537289665 64.56022897014985
0.509237467700973 -0.03369709284482466 0.8599661082992192 54.578631866759984 0.09133885636502356 0.9957058151414014 -0.015071264430070236 3.973593672752051 -0.8557653970612669 0.08622317337815154 0.5101285618010138 64.9990874390717
0.5078679261495326 -0.03481385671862479 0.8607311804326278 54.62564531962953 0.0917478545388206 0.9956857709106963 -0.013862784478243259 4.003485710250187 -0.8565351719433909 0.08601070274298354 0.5088709642311707 65.02531304663029
0.5069706579178733 -0.032543881354045054 0.8613487376183524 54.78255480554824 0.0925224834775783 0.995568153837811 -0.016841648230159344 4.032395632035527 -0.8569832799194265 0.08823234582839233 0.5077348826781145 65.11993053682313
0.5055079673961058 -0.02680228801677544 0.8624055497595781 55.49169072740105 0.09318735051633054 0.9953667598084621 -0.02368820744894672 4.01199727511407 -0.857774919546382 0.09233986585144903 0.5056634617724833 65.5461017959036
0.5042853295204053 -0.022917383890735575 0.863232934928978 56.28634173409312 0.09455729605834234 0.9951021566988537 -0.028820400681097858 3.9738649050344423 -0.8583444670950169 0.09615867744976887 0.5039824248507874 66.01652136130681
0.5021961280467989 -0.024608828383911832 0.8644035252938125 57.19132599672352 0.09524158518401604 0.9950878583911762 -0.027003602242893998 3.921305545660352 -0.859492925757063 0.0958882664773318 0.5020730533752361 66.54456461260249
0.49741764923854653 -0.02723437045235739 0.8670836010974134 58.131958325363 0.09489946689148639 0.9952169085467968 -0.023181805931862996 3.8766475465491617 -0.8623049190452918 0.09381681090622643 0.4976229823688561 67.08821159217284
0.4960076356554943 -0.029436765224206345 0.867819049240438 59.07545415364524 0.09430342479796938 0.9953398155894149 -0.020137417257366882 3.8340233349433346 -0.8631820720119351 0.09182662117032579 0.4964721363798988 67.63363520009867
0.4940773318438452 -0.029465566402454495 0.8689185062792975 59.880858193255975 0.09393989518148456 0.9953837105168433 -0.01966125456339575 3.797608698777073 -0.8643279969151499 0.0913402935965147 0.49456452007229906 68.09916182137319
0.49191654005459323 -0.0293948501394337 0.870145999477096 60.59570004501295 0.09459284061749185 0.9953180765417419 -0.019852481284588188 3.763322009492826 -0.8654884817977815 0.09207534574749844 0.49239396684042197 68.50794363489355
0.4880062576551394 -0.0273409696529564 0.8724118086476469 61.30190530284747 0.09490764011576913 0.9952451925795667 -0.021898550064129944 3.726665870891168 -0.8676649309134712 0.09348517543274804 0.48828074878826266 68.90037315316863
0.4859059811280646 -0.0257014818546797 0.8736331102553536 61.98000035424673 0.09566476388020435 0.9951258753245131 -0.02393209584136413 3.6925560604975938 -0.8687598232283273 0.09520465372075602 0.48599634098848193 69.27629850290505
0.48453947194590014 -0.02352097494996478 0.874453122736598 62.72025818050948 0.09575621623213916 0.9950574697742293 -0.026294084874860832 3.6574818860224765 -0.869512649234782 0.09647484430620093 0.4843969005235291 69.68275371344168
0.4838025900973596 -0.023136179113355557 0.874871288265375 63.48660438928358 0.09565755789818725 0.9950592580415034 -0.02658391624348927 3.622449363715922 -0.8699337247354176 0.09654941844423835 0.4836253967339161 70.10921056175935
0.48168793757262857 -0.02259713764085011 0.876051425526757 64.30617726554452 0.09471239256598186 0.9951543678012579 -0.026407327401663197 3.5776079872952997 -0.8712096725194517 0.09569301759539078 0.48149408396369003 70.55945816662916
0.47772835879111 -0.02213077329924348 0.8782288107776498 65.08449086058519 0.09379748681282135 0.9952532270556984 -0.02594312052952941 3.5314939997297556 -0.8734859167006337 0.09476941969004866 0.4775365016595694 70.97919283729385
0.47440727008971584 -0.02086089968104487 0.8800582736106262 65.79638339961862 0.09236800871140081 0.995380243929109 -0.026197728189872593 3.4966782298162244 -0.8754461108787388 0.09371762299651674 0.47414250398711183 71.3635001718002
0.46769250121741385 -0.017286429379071214 0.8837221869254595 66.4982958403135 0.09174132373544266 0.9953581054306149 -0.029082150416328858 3.4623611155425333 -0.879117315165765 0.09467534691191605 0.4671074018497672 71.73225898300848
0.46204027507528245 -0.01455187451256105 0.8867395486593136 67.1691253248065 0.09063265401253806 0.9954052250155768 -0.030889481030359923 3.4340548314711663 -0.8822156801117264 0.09463974302507415 0.4612361789855026 72.08245559153143
0.458080641407347 -0.013241306545562138 0.8888120126150384 67.25079919226636 0.09112158342547179 0.995321164256438 -0.03213467001909051 3.464715271478731 -0.8842279021846479 0.09571022821082133 0.4571439261479515 72.12086119370902
0.45425624201567727 -0.017077090925276945 0.890707381554301 67.53314236108919 0.09012350848775243 0.9955679220946182 -0.02687500165682227 3.499644067205647 -0.8863007502014464 0.09248181151840616 0.45378199031100963 72.26172080001434
0.4483747316903447 -0.023386201917285687 0.8935396944408739 68.3684377848355 0.08712268081807636 0.9960412416360686 -0.017648893652085065 3.4660247302540905 -0.8895896461114401 0.08576089155293898 0.44863719307627825 72.69037517925362
0.4418484130471647 -0.028287941351808697 0.8966436149673815 68.54683078529784 0.08515810017379549 0.9963117870579483 -0.010531901261389882 3.5082168059935563 -0.8930386765770485 0.08100997064230109 0.4426277293550884 72.76845590333113
0.4392648168958728 -0.031410972034803905 0.8978083155514093 67.98399199590877 0.08361538544150196 0.9964797554879121 -0.006046835553562402 3.5977862602863997 -0.8944578737732137 0.0777267504696519 0.4403449378686257 72.48865493105794
0.4347962031611758 -0.03256476710237676 0.8999398855813583 67.26928256839787 0.08646823333254157 0.9962381482982782 -0.005726822815368307 3.6826132325728445 -0.896367952540121 0.08030621282800875 0.4359763822046415 72.12250718366312
0.4283984770160497 -0.03306467545642481 0.9029847574169151 66.49701074640822 0.0916657113200867 0.9957650455638876 -0.00702647858624555 3.782027091194773 -0.8989283298786981 0.08578287282495115 0.42961512598066937 71.72997716274281
0.4243584468274691 -0.02824661787526795 0.9050536101164292 66.50811495562368 0.09517925058580846 0.9953677622579081 -0.013562010013260463 3.821161435062032 -0.9004781057105696 0.09189747785594822 0.4250812095348527 71.72578852709493
0.42223298263465514 -0.02619891449599483 0.9061086718791902 66.67188523348855 0.09543926028072627 0.9953115137939273 -0.015695161875579258 3.8433765203134125 -0.9014491976659059 0.09310535638976097 0.4227537541394808 71.804801406625
0.41670077532828725 -0.027672473417305297 0.908622417759857 66.11287442173632 0.09566954312448422 0.9953207599578197 -0.01356183303734817 3.927906610256553 -0.9039954658952395 0.09257871792128572 0.417398345263723 71.52662113361578
0.410067076423537 -0.03028538580443998 0.9115524056466117 65.45920622182811 0.09434970897397926 0.9954950253723519 -0.009369465055067755 4.012140791462748 -0.9071621273234312 0.08984681333007281 0.41107715198543016 71.21784765876401
0.403043160193589 -0.031671468482817995 0.9146327837472819 64.69832622938192 0.09384473684790255 0.9955630733676576 -0.006879848303832459 4.100573549896345 -0.9103567302915418 0.08860634870525756 0.40422708788750084 70.86646494538434
0.3971372196513641 -0.032004623752853296 0.9172010318496254 64.04605415087555 0.09339501177545692 0.9956128273398481 -0.005698228830756484 4.1813829363859645 -0.9129947428890489 0.08792497992484107 0.3983839823112493 70.56706273014144
0.39004544054972995 -0.033431128636432474 0.9201885208719226 63.45251396844091 0.09439344765028357 0.9955275534763937 -0.0038428257820798993 4.255653584753914 -0.9159445569176415 0.08835864364844309 0.3914566626659292 70.29684546132063
0.38378098337012917 -0.034817520487203324 0.9227675205979975 63.488803908736905 0.09450317024698232 0.9955230376330968 -0.0017413658530884757 4.286938008035324 -0.9185756950936169 0.08787275919696394 0.3853531764166292 70.29691119013793
0.37726848779496613 -0.036738132578395914 0.92537494980767 63.566746200519596 0.09317045905008789 0.995648976398447 0.0015431646423728611 4.312788145327422 -0.9214053145479955 0.08563542147598613 0.37904989237742137 70.32194666857036
0.37218824371404563 -0.03903551936732859 0.9273360445214957 63.59690890171027 0.09208028545442351 0.9957392411750071 0.004958287491239128 4.33774970822386 -0.9235784386134626 0.08354395137852182 0.3741968411362889 70.32793820893329
0.3701559343184384 -0.03973553718645107 0.9281194273224455 63.507455113256825 0.09432104507018117 0.9955292559829139 0.0050040922221219215 4.375693706181851 -0.9241688832381817 0.0856888999030961 0.3722489592835477 70.29181138082913
0.3678784618948574 -0.037051177722990485 0.9291354301194252 63.47096608380478 0.09436577703212498 0.9955348524877038 0.002336152264242848 4.412253089218519 -0.9250732605577746 0.08681916672957553 0.3697321934716868 70.27599220300463
0.366434689050215 -0.032926569731158324 0.9298609894314352 64.12588196008856 0.09370854567048664 0.9955982657542034 -0.0016738266151893628 4.403784102812694 -0.9257128751016646 0.08774926913060058 0.3679072418940007 70.5361985727235
0.36221406712713305 -0.03200817098468199 0.9315451929806904 64.08091297593894 0.09306098403096716 0.9956584539433401 -0.001973915484082639 4.437612183235991 -0.9274376651971838 0.0874054922837552 0.3636202099611977 70.50615630182334
0.3594118692012113 -0.03529514732848399 0.9325113194231736 64.21258471404069 0.09215841116340573 0.9957419974090945 0.00216837440869904 4.464417101934369 -0.9286172169032422 0.08515942209057237 0.361134237230523 70.54783728862859
0.35757185602398445 -0.03971320020305585 0.9330408509326863 65.09902637210226 0.09081735209384068 0.9958387035608922 0.007581889528218798 4.458517082303314 -0.9294592924589122 0.08202522916631662 0.35969054121840194 70.89282019568789
0.35405219806217697 -0.04335804987917563 0.9342200600276214 65.18151806192243 0.09121965148340286 0.9957627220364421 0.011643735904572124 4.497116272814502 -0.9307663596362855 0.08109673799385421 0.35650708668435843 70.90952876556825
0.3508823876925749 -0.04390982610494428 0.9353894788688762 65.19617346386858 0.092603641836197 0.9956307335160908 0.012000333198627169 4.530814432744832 -0.9318294455134086 0.08240976671267972 0.35341549884594875 70.90216323026058
0.3483347790281692 -0.04167254315883403 0.9364434210704182 65.83859472711505 0.09439435362572086 0.995492486205207 0.009187813262785532 4.5267526510442 -0.9326052689766313 0.08519453653635652 0.35069830798191276 71.13567583269706
0.3427142107010529 -0.036567965753692595 0.9387277313812498 65.69204827591243 0.09643324666503682 0.9953330632607625 0.0035668077577326227 4.5593382236019115 -0.9344771793474629 0.08930216716618489 0.344641152821639 71.06579207565936
0.3376160184217933 -0.03131773970794408 0.940762787999503 65.63021677209872 0.09838031604055532 0.9951465065508414 -0.0021780531239103578 4.586656467187878 -0.936128590269933 0.09328788602619094 0.3390584504181965 71.02673601829228
0.33503628441808453 -0.03001123406122152 0.9417271441099296 65.65973505338506 0.09845758638864786 0.9951357274038856 -0.003314774027856738 4.618556531047721 -0.937046846110611 0.09383075121971685 0.33636141027129923 71.0341943145444
0.33135925202317434 -0.035349327544678684 0.9428422302489315 64.98996595345376 0.09964695439865853 0.9950202326794264 0.002284959003238222 4.699847003587305 -0.9382278670865151 0.09319421441652825 0.3332316128784483 70.77304749438339
0.33025093505013564 -0.0455814372101851 0.9427919454897581 64.35233928327685 0.10306681611085455 0.9946022515698077 0.011983012519182018 4.780242839800108 -0.938249194678727 0.09321316298741043 0.33316625719091064 70.53364140308678
0.3307251859337288 -0.05253604824937204 0.9422636653418396 63.516705427398435 0.10306788365129961 0.9944876074810732 0.019271998500619485 4.851937974980694 -0.9380820128052451 0.09074338654086798 0.33431687820143313 70.22759828350836
0.33145224277896046 -0.054852151561144424 0.9418761342267402 62.53861990394424 0.10513132899309957 0.9942385911750337 0.020905202281339384 4.926322783409489 -0.9375962960789356 0.09209161355624254 0.3353092904941137 69.87870778242547
0.327939371680785 -0.05158961763221653 0.9432890754451531 62.372838582104386 0.10646034877404786 0.9941653803195338 0.017360608083227494 4.9654576907652235 -0.9386809695740708 0.09472965705983025 0.3315182188550229 69.808046824159
0.32340756987923175 -0.04896438999809832 0.9449920805260336 63.101600463752085 0.10682818139598224 0.9941650635092801 0.014952128852122031 4.972941951771609 -0.9402102336203506 0.09611615373961595 0.3267512839850297 70.05340484141796
0.3188879100245142 -0.050014417776920485 0.9464719007211098 63.01301900611044 0.10800350546699468 0.9940195185547656 0.01613813926655703 5.014352035998513 -0.9416186827198338 0.09707602560149242 0.32238253923930216 70.00580074017182
0.31556848092889755 -0.051796965884754465 0.9474880517290755 62.058256025115625 0.10917049409381846 0.9938605600078374 0.017971935906115705 5.087464654921514 -0.9426018974432085 0.09776636224200826 0.31928576753501686 69.6687687941376
0.3110311186676181 -0.05280492545606653 0.9489316535282963 61.141346355819024 0.111075114596654 0.9936325596914718 0.018885318062122295 5.150977837447208 -0.9438866256800694 0.09952877055679234 0.31491595973170866 69.34275764851063
0.30594616860705204 -0.052168689531202496 0.9506184143741694 60.2543810107727 0.1128067059803291 0.9934500042908982 0.018213622931087796 5.217022668211809 -0.9453420486789585 0.10166374381757383 0.30982720053678603 69.03266313177058
0.2987611524146001 -0.05091273512646972 0.9529688700108937 59.344022370652766 0.11477132853371906 0.9932450411753547 0.017083042093458536 5.282915486342941 -0.9474013489300628 0.1042697539198386 0.3025863553813871 68.71611824215128
0.2896568682037934 -0.050107871566265894 0.9558180265664934 58.4440064298443 0.11540744060866548 0.9931711713870357 0.01709230756375731 5.351137780527083 -0.9501473682300682 0.10535760785437062 0.2934616723060731 68.41686479360303
0.2799905002211334 -0.0494913474320674 0.9587261998690115 57.51608700809906 0.1174132853409277 0.9929381765005925 0.016967559433301985 5.419719140873997 -0.9527955920402693 0.10781643741578159 0.28382419842501005 68.11746452094388
0.2684860857149313 -0.04800154374567681 0.9620868326588324 56.53863702477381 0.11955496151404611 0.9926959782455601 0.016164960638974987 5.481726769888449 -0.9558356725686938 0.11068218724400301 0.272263880219235 67.80836468268492
0.25799783170120155 -0.04506275230434209 0.9650940198717604 56.41292737139714 0.12130575484688966 0.9925176552924091 0.013914660393955728 5.50588803099319 -0.95849988663458 0.11348150636826398 0.26153377417435947 67.7527998249807
0.24775918430692953 -0.04181134554165604 0.9679190038301545 57.060954898295876 0.12163837780749678 0.9925050811853107 0.011737498272405422 5.505273862709695 -0.9611552900733175 0.11482802447717326 0.25098811358059187 67.91418640900463
0.23868643952780902 -0.04085046381935445 0.970237096379683 56.79688224164906 0.12313247633343023 0.9923237381995748 0.011488771806120937 5.538139796410752 -0.963258624076386 0.1167254822708371 0.24188423869922918 67.83001979001334
0.2314146785943033 -0.04217229347461944 0.9719407102257746 55.677908731558226 0.12458073486043288 0.9921191777633669 0.013385724327406172 5.613802961346279 -0.9648455249586471 0.11798743482771959 0.2348447959611726 67.54116450764931
0.223443455053041 -0.04341897167754917 0.973749359585115 54.54315795283695 0.12571451689928012 0.9919471870178076 0.015383055880862233 5.6864797135423 -0.9665758545684544 0.11897718716593242 0.22710250174611116 67.2600778158372
0.21528855653200596 -0.043708340176053864 0.9755718417550897 53.400203380513894 0.127252482914775 0.9917355826472445 0.016350526087869025 5.7641700381305325 -0.9682239632535378 0.12062385796507903 0.2190713168610402 66.98588004025935
0.20864074361104426 -0.042754637969796325 0.977057358110311 52.22330675006114 0.12943411947910963 0.9914630013153606 0.015745657731576882 5.835128917843206 -0.9693894206252183 0.1231793730898321 0.2123934867765438 66.71295577908813
0.19973031403601396 -0.04073804908163295 0.97900368386033 51.17243329803973 0.1322654556467246 0.9911117805022074 0.014257902801761176 5.904690764227191 -0.9708829233731731 0.12664063292151775 0.20334330378844007 66.46691278568953
0.19189221771582304 -0.039908727736859155 0.9806042373101024 50.19195258582197 0.13522874274376318 0.9907174930055622 0.01385771224664008 5.969676634127411 -0.9720548152836048 0.12994669100517645 0.1955077839390568 66.25195582140879
0.18308707524933018 -0.039113728304321776 0.9823182982795249 49.1414556745034 0.13765346064361786 0.9903846082789292 0.013778695766454983 6.0348429311154685 -0.9734118592093901 0.13269681210309564 0.1867107613615072 66.03017146182918
0.17328718885974112 -0.0379588102480599 0.9841395627153907 48.158888371024936 0.13971979650688948 0.9900978627980422 0.013586778382664649 6.097731402645334 -0.9749102156820193 0.13514936480538128 0.17687487258381326 65.83453754533818
0.16170999533620597 -0.03696758672124396 0.9861456661874921 47.135976175989654 0.1426835731568606 0.9896735039613526 0.013702317615915383 6.16719560045942 -0.9764687784868268 0.13849098558701906 0.16531476507433038 65.63161738108636
0.15035146161395296 -0.03610560125559775 0.9879730884738311 46.08114337324176 0.14574661778668835 0.9892232941638893 0.013971316590853749 6.247168684337 -0.9778304359112009 0.1418931282392233 0.15399343740626853 65.43884928032898
0.1392129926430367 -0.03595578218869125 0.9896094807582285 45.041027107879 0.14666900625975182 0.9890672406529859 0.01530346594283304 6.3190871629105905 -0.9793405665457484 0.14301459783632567 0.14296460933940036 65.26600168532897
0.12561943514054894 -0.03759666932109938 0.9913658497098492 44.92684296443308 0.1473165126541237 0.9889100210477959 0.01883654349061373 6.355584977037062 -0.9810798145994025 0.14367832379035567 0.12976492846064724 65.23690858845228
0.11449941910909162 -0.04113789919645901 0.9925711844867274 44.72880229153414 0.14717330494808958 0.9888193855165546 0.024005023168473475 6.390637920896968 -0.982461144948918 0.14333142040866093 0.11927364582881873 65.20069314550467
0.10752786998650937 -0.04538808766483509 0.9931654840328958 43.55983785426611 0.14814775196350044 0.988535930468778 0.029136879729776004 6.453619968612604 -0.9831022331193878 0.1440022071718192 0.11301930616190752 65.05006757344535
0.09819868202179395 -0.04792945547210441 0.9940119647908336 42.48268495411214 0.14920689308813292 0.9882581213748083 0.032911830573832235 6.521440313140034 -0.983917843066265 0.1450815385735957 0.10419705015473903 64.91318427310104
0.08709825322904438 -0.0526776940253632 0.9948059885407922 41.51029436234889 0.14973171548588934 0.9879490727623081 0.0392051400424452 6.583059383342594 -0.9848828903286442 0.14553930802455153 0.09393616001110959 64.79867662347806
0.07937870384134134 -0.05724805441184971 0.9951993175452492 40.572798005961594 0.1489397514795401 0.987824364252941 0.044944141080735904 6.631792774986508 -0.9856550977931802 0.14465713136354588 0.08693872865408366 64.70433469021648
0.07190682693174215 -0.05584458103664967 0.9958467708485339 39.50509986884753 0.14854160667299765 0.9878966086233183 0.04467305404323545 6.672443330389647 -0.9862883956164215 0.14471238177635826 0.07933175425389641 64.60483410460635
0.06770581005228606 -0.045863540000554384 0.9966506203197709 38.40124753999986 0.1497889431673387 0.988087859210548 0.03529383778405576 6.711293684799863 -0.986397078153609 0.14689764524774737 0.07376914009727543 64.51474177878325
0.06280956430652686 -0.03606141250464744 0.9973738181643816 37.39234440332377 0.15421425466302205 0.9876952830327119 0.025999837185241785 6.767398824766181 -0.9860390064750758 0.1521762215429867 0.06759789424639645 64.42965672966301
0.05767354483567466 -0.02974347905517437 0.9978923226880664 36.384897522849 0.1592186601841676 0.9870363006230585 0.020217801599198816 6.832881901566379 -0.9855572943645878 0.15771704633945066 0.06166159922280325 64.34972313049802
0.0505031301827891 -0.02743049012842152 0.9983471350452493 35.41685662025473 0.15957309203036543 0.9870023602656574 0.019046499150472546 6.908797132680648 -0.9858934334610461 0.15834743143270436 0.054223876816917344 64.28368290197803
0.04470266767932307 -0.030751652019626527 0.9985269187159744 34.42789545359157 0.1573228043704981 0.987270863554736 0.023361874943737176 6.981647008604521 -0.9865349495721657 0.15604671695985348 0.048971577457719115 64.22625142097048
0.04202002175538607 -0.03416908076551858 0.9985323188016094 33.3796769548053 0.15491233450486727 0.9875516588234856 0.027274342764463135 7.0438406024765 -0.9870341870421362 0.1535389041077888 0.046790154257602405 64.17654189446213
0.041406801907553255 -0.033813550982654324 0.9985700378670166 32.189165691523435 0.1531350970592426 0.9878336032688293 0.027100079364776077 7.106408809833603 -0.9873373885377009 0.15179399205128058 0.04608107173982348 64.12896284543126
0.04405847759118371 -0.02868342075581953 0.9986170997565054 31.89966644596801 0.1536263391124548 0.9878929582962405 0.021597473917259625 7.142862156338131 -0.9871462903152975 0.15246233739007897 0.04793158868952196 64.12476174161
0.04618662625222639 -0.02559396619342606 0.9986048990716646 31.83648133978991 0.15395224546851957 0.9879106678665999 0.018199407423548856 7.172430403216476 -0.9869982277950854 0.1528968973192634 0.04956850935326544 64.12859293328307
0.043862908083770843 -0.028427525817824543 0.9986330262265086 30.937074811444646 0.15349678103729936 0.9879178172743198 0.02138047060123755 7.244187017498013 -0.9871751534077546 0.15234914534653585 0.047696482119313904 64.08577814270802
0.039587591038452594 -0.03276785527870711 0.9986786721945201 29.917298022947463 0.15207242815855498 0.9880169788583298 0.02638988597208812 7.3174284422805576 -0.9875762245162324 0.15082677861736746 0.04409629941587223 64.03814532716132
0.03794291190749113 -0.034918846780150434 0.9986696198320688 28.71422653905711 0.15012419842887423 0.9882461055772921 0.028850647434743422 7.381897582868321 -0.9879387938946781 0.14882979859846696 0.042739098809771225 63.994046624264115
0.03681036216119611 -0.03428872997740324 0.9987338385346233 27.473219688170254 0.14892423180355469 0.9884393637912262 0.028446393263786313 7.444953645390866 -0.9881632306553843 0.147688547641764 0.04149123372694168 63.948881380241225
0.037172053777024754 -0.0335851323063386 0.998744350324931 26.383318069707887 0.14831596615365752 0.9885513907584801 0.027722229588958924 7.514627220622045 -0.9882411712744561 0.14709924104984892 0.04172769680503993 63.90879395187313
0.03866198826706946 -0.0337148651683426 0.9986834125637222 25.209073022468576 0.1483375496611974 0.9885507285889232 0.027630207505939332 7.586671105102347 -0.9881807638401752 0.1470740115485735 0.04322051715633759 63.86000430452803
0.03944724133147036 -0.03394354919752054 0.9986449572391662 24.01598491835356 0.14901542356526276 0.9884465192842505 0.027710684843848022 7.658025204334117 -0.9880477309781167 0.14772039122181213 0.044049600750434646 63.80789886634515
0.040646292176723914 -0.035542528039166896 0.9985412398258138 22.858656072277235 0.14846543464858206 0.9884881379544064 0.02914130810444416 7.726227768804792 -0.9880819265865026 0.14706437306164796 0.04545521454236499 63.76227496018993
0.0419297686961467 -0.03640885436501523 0.9984569544156215 21.715060778928905 0.14912955466332578 0.9883691742198597 0.0297783709740901 7.790044647942446 -0.9879282719018666 0.1476508407554102 0.04687172709869693 63.715778425192404
0.043523646768056146 -0.037750474470017115 0.9983389173268273 20.63393054490465 0.14905424538022607 0.988346902323093 0.030874465217676783 7.855552133495035 -0.9878707021195351 0.14746288463757498 0.048643329945886764 63.67158532713315
0.04545398590095061 -0.04071860225892335 0.9981362284757523 19.502365678751445 0.14934817658190833 0.9882165831307268 0.033512788261946265 7.920509771438687 -0.9877393670991238 0.14754653589803624 0.0509996316370439 63.625819527035645
0.04781642962886754 -0.04286602388028749 0.9979359163063757 18.316339723699873 0.1494445421042004 0.988140338073818 0.0352845732102034 7.9805688250391205 -0.9876132430728214 0.14744889374985126 0.05365543624956947 63.58120480232925
0.051298575093237375 -0.042902042794247836 0.9977614298606093 17.153884161180137 0.15028811471500186 0.9880310966772743 0.03475679176956374 8.031468661273573 -0.9873104571353514 0.14816871033650414 0.05713225453632275 63.52537149494498
0.05541933899138106 -0.04273489944577455 0.9975482069730375 16.00379672708053 0.15110764101687724 0.9879348957409606 0.03392819776545816 8.08800561790163 -0.9869626019723726 0.14885687806298029 0.06120826873282751 63.469802117845084
0.056855959340693644 -0.042942252093250144 0.9974584517024321 14.93476941886394 0.1523909023440439 0.9877408756352972 0.03383748634258189 8.138566411863952 -0.9866835423631127 0.15007973075794098 0.06270296360943746 63.406875994283624
0.05772855253659185 -0.04413121286834227 0.9973564309076286 13.939557766977698 0.15359894361002668 0.9875200994773953 0.034805425583365995 8.192774314185524 -0.9864455275097137 0.15118362735073002 0.06378661362042787 63.343198810250264
0.058845714614678295 -0.045576611490449934 0.9972261300008841 12.752352351741415 0.15439787038334482 0.9873521457871054 0.036014411430511435 8.251286440262199 -0.9862547741291694 0.1518502969857051 0.06513837434859286 63.2701787958084
0.0613874804865811 -0.04676792141840175 0.9970177223929952 11.512498306670619 0.1553757074931617 0.9871720235004416 0.03673942758185959 8.307867646559226 -0.9859462291426002 0.15265699310626227 0.06786660220790097 63.1949994334667
0.06345952012275029 -0.045372750105543994 0.9969524576696995 10.253270625189623 0.1540636689390073 0.9874361049885668 0.035132954303045257 8.357683102139402 -0.9860209304162086 0.151364632965788 0.06965251372556504 63.115084789016954
0.06485954151498771 -0.03965630248162278 0.9971061215076132 10.05363276998887 0.15486749324587828 0.9875036120899612 0.029200610353497962 8.39411056327515 -0.9858038848626062 0.15252538733851803 0.07019050368127847 63.106688040036914
0.06503190624089235 -0.03665751558658063 0.9972096458226319 10.894529056310695 0.15525163107202453 0.9875280718079658 0.026177059436013356 8.405347169948724 -0.9857321046918147 0.1531160799598139 0.06991197206192973 63.166655206981126
0.06526539186129184 -0.03583657963106 0.9972242316477985 11.774710844133393 0.15504746434474742 0.9875819119916247 0.025342669694220197 8.415911496949091 -0.9857488079756724 0.1529630892317251 0.07001129128384179 63.22509070780599
0.0651881582571481 -0.03944087081802243 0.9970932362282678 11.649771463697544 0.15476214896617843 0.9875276691965881 0.02894442638097959 8.461156810717625 -0.9857987529259783 0.15242545811074196 0.07047906390779447 63.21333909151078
0.0647972363828797 -0.044707489054231206 0.9968964633198424 10.601391745532784 0.15432661109326593 0.9874260063898764 0.03425170088340893 8.53646791758611 -0.985892801102438 0.15162823723635513 0.0708820316228766 63.14029110942471
0.062401557987512825 -0.04907839640197587 0.9968436971598631 9.519218978696701 0.15302473718603385 0.9874510430733368 0.03903674349281559 8.599343506500913 -0.9862502093129711 0.15010579116073125 0.0691286922350953 63.07185479660173
0.06103652827355464 -0.05115197145795312 0.9968239654183079 8.277487197989988 0.15260422360125317 0.9874229883850671 0.041325451573599736 8.65542774310616 -0.9864007771465784 0.14959718521639334 0.06807487803853744 62.992748207812255
0.059819240820637214 -0.05113915302575934 0.9968984128061664 6.9863004912687465 0.15343343355551556 0.9872897023167642 0.04143941561653491 8.707321118016154 -0.9863467138359671 0.15047867200066137 0.06690537630048501 62.90732905593776
0.05757626621270612 -0.05058609684376822 0.9970586845191809 5.663643043243102 0.1547477651494408 0.9870968803241242 0.041144599106496094 8.758625842509371 -0.9862748616639585 0.15192365076081338 0.0646614381934799 62.8136319131143
0.055138183914462666 -0.05078650621046238 0.9971862972692478 4.299526513479451 0.15617000581013019 0.9868527191832668 0.04162499160186868 8.816963327281657 -0.98618999688695 0.1534354633959383 0.06234459569677875 62.7161263090142
0.05227336542214182 -0.052058963517721275 0.9972749668897275 2.8930971701124215 0.15609271456112708 0.98679155937143 0.043329929774225215 8.87095733736271 -0.9863582309325478 0.15340235549287132 0.0597089407112278 62.63028491744933
0.05044179882042835 -0.05377617595735597 0.9972781697355888 1.5715565260620938 0.15560483838361389 0.9867783218393436 0.04533958336307885 8.923998879376219 -0.9865306681514632 0.15289429828260956 0.058142706759313316 62.554177495097946
0.04720250968011908 -0.05533943562411018 0.9973512269730789 -0.16149547333270808 0.1551107315434864 0.9867587812325361 0.047410638263192216 8.977975725303025 -0.9867687591527946 0.15246197731002853 0.05516123126593079 62.45184733588763
0.04646826077672608 -0.057123133953505795 0.9972851389185133 -1.8442663088419018 0.15482694112740206 0.9867105966162062 0.04930331455816245 9.031571478184981 -0.9868481742606211 0.1521155682125235 0.05469492541235308 62.36517303575451
0.0421196538482645 -0.05948740710145604 0.9973400539214547 -3.069038396389203 0.1550250944567789 0.9865254267339926 0.052295339142025596 9.080174948260096 -0.9870122364228177 0.15241007448216232 0.05077415039143936 62.29714944099196
0.03985729038511795 -0.060719486372696065 0.9973587821730926 -4.28612178428677 0.1529228752471656 0.9867636824436361 0.05396322114564146 9.130109219235408 -0.9874340436856017 0.15036814484760228 0.048615125072288184 62.24169641467892
0.03828027599363854 -0.05911654894172213 0.9975168440237356 -5.576598198322374 0.15122608387983338 0.9870936438276275 0.05269544448493624 9.174508647073923 -0.9877577091697248 0.14883336976738892 0.046726181306235175 62.176983430864446
0.035220337939988175 -0.05598008582037424 0.9978104818987114 -6.782662437817423 0.15287080041353673 0.9869816915802526 0.04997658317959164 9.215942192260577 -0.9876183707163004 0.1507758948802013 0.04331954924461687 62.10768722690128
0.03066929690526325 -0.0540869837404822 0.9980651243366817 -7.837984026051295 0.1535073249736746 0.9869433937936295 0.048767188011393646 9.26098922040566 -0.9876714511449471 0.15171465201808534 0.03857160816284112 62.05346632679864
0.03089581882117976 -0.05570230174974784 0.9979692890861677 -9.009360984364179 0.15437537778104196 0.9867312586338772 0.050295784811094035 9.313551924073465 -0.9875290836802384 0.15250795656156202 0.039084934067837966 62.00865461276668
0.03051933268213655 -0.058942079184539406 0.9977947692957919 -10.322340675566632 0.15406356201001115 0.9866077179599975 0.05356892497103486 9.363469471817448 -0.9875894841448175 0.1520889284700512 0.03919143584263109 61.96076035859536
0.030444377452222303 -0.06219861686053893 0.9975993544214955 -11.561659307685682 0.15358319648270352 0.9865007501927656 0.0568196412102794 9.408433831867455 -0.987666614622416 0.15148465905742875 0.03958606359001367 61.923156048035786
0.029677699085562937 -0.0648177429177433 0.9974557104854521 -12.884658451252836 0.15196463027634927 0.9865879464962363 0.059590057671652215 9.441974559469912 -0.9879402741674018 0.149809492460884 0.03912966453540118 61.881819653661
0.02917549566394226 -0.06553778030994839 0.9974234756635768 -14.263728334177793 0.15158654075200667 0.9865973241662876 0.06039238868234564 9.474095928350742 -0.9880133152521806 0.1494339964665477 0.03871911135902073 61.836112905738936
0.025825575379461115 -0.06379265461127932 0.997628957515753 -15.586482427551594 0.15290294832473647 0.9864711841990952 0.05912098729247126 9.499162947525233 -0.9879037038345005 0.15101357542446162 0.03523027089872631 61.7787660463414
0.019668846123146542 -0.06099531281731814 0.9979442410808853 -16.75289798911873 0.1558623955961193 0.9861211844426804 0.05720072755134396 9.526507099488478 -0.9875829332928071 0.15441690777787814 0.02890274141142007 61.7276871958002
0.018061138321125752 -0.06340783691702985 0.9978242538142933 -17.976113099382225 0.15701331562742332 0.9857843031448533 0.059800722310841554 9.558230053588154 -0.9874313211551631 0.155591625387482 0.027760261364999636 61.6969038754001
0.014566820920836152 -0.06760650094263926 0.9976057180863365 -19.2733459199291 0.15544169362923102 0.9857349850708915 0.06453231042635992 9.594092100170446 -0.987737661330142 0.15412949178395638 0.024867894009800922 61.6704722651796
0.011819359434832014 -0.06694740784604993 0.9976864975157509 -20.674955526040232 0.15414086416563422 0.9859521990822898 0.06433393442862467 9.615070683834315 -0.987978186366897 0.15302387299859355 0.021972654725556026 61.643824408776695
0.00868990572377685 -0.05862870376103106 0.9982420350966066 -22.032781041706723 0.15499057953672343 0.9862945175600976 0.05657777731374182 9.647792287110343 -0.9878777281594034 0.15422645598662366 0.017657703146884394 61.61665349008524
0.002363532233142659 -0.04803864895054022 0.9988426812678718 -23.231204837156962 0.15882883351539914 0.9861842227082109 0.04705401710309023 9.677309421580249 -0.9873033046432704 0.15853380424504737 0.009960800774657743 61.595427796679076
-0.0038709092135190575 -0.04172061603911087 0.9991218175273623 -23.08408615907149 0.16086023275650102 0.986091662923987 0.04179973479974792 9.724454512666057 -0.9869696051953106 0.16088077109810847 0.002894116703409281 61.58947274115527
-0.004171731443486711 -0.045246111724504164 0.9989671596356806 -23.15622137724589 0.15892369822661773 0.9862495160271029 0.045333765322098804 9.773054099022135 -0.9872820543283165 0.1589486757104878 0.0030763112884992 61.59901278176011
-0.005233038782583641 -0.05332126117812454 0.9985636977236234 -24.359834860954418 0.1569427221257865 0.986158572554012 0.05348132150554942 9.838785744912323 -0.9875938422635341 0.15699717476631841 0.0032077778205224987 61.60598381762186
-0.006335637679866007 -0.05910936425021583 0.9982314074167005 -25.588225851653227 0.15583307457823925 0.9859973542200682 0.05937398705255236 9.892377119884197 -0.9877630852399196 0.15593364142788102 0.0029642719778314153 61.610060277758194
-0.00876583225200567 -0.06134416983223097 0.9980781798098414 -26.875140340593777 0.15461942008619114 0.986029206611761 0.06196159004407074 9.936147693428062 -0.9879352180771479 0.15486541426727232 0.0008416333443915099 61.61851512640338
-0.011769340142329575 -0.06354082345185946 0.9979098388069314 -28.134275089126632 0.15315771118051374 0.986088369862847 0.06459444501795547 9.970577009812029 -0.9881316704460811 0.1535978208709059 -0.0018738423488991645 61.619519154150076
-0.013310739875188306 -0.06731295960374194 0.9976431173888595 -29.373410371018185 0.15043544313849375 0.9862403232092061 0.0685507281064429 10.004511086506996 -0.9885302229328661 0.15099334536854062 -0.0030013334897068724 61.62463294895917
-0.014853439604800045 -0.07032944392654793 0.9974132266262016 -30.667889674617385 0.14934714716540726 0.9861773431735477 0.07176125308768418 10.026453950747332 -0.9886732549055137 0.15002672138036927 -0.004144623794290987 61.63756145230134
-0.01684364318300219 -0.070269951079916 0.9973857957979704 -32.20887150766666 0.14791833588544273 0.9863758306677038 0.0719922675255879 10.031891214578998 -0.988856135943549 0.14874425921634962 -0.006219948309611492 61.65601312920315
-0.017971086691685612 -0.06676866565941297 0.9976066285511449 -33.724639291725666 0.14808496352704642 0.9865856957169361 0.06869867963738122 10.031413341316641 -0.9888113488529117 0.1489651311307034 -0.007842581647582237 61.67077067071983
-0.019689344195037373 -0.0648341878462486 0.9977017880165832 -35.30518880247723 0.14905308954794053 0.9865532466668402 0.06705123404775887 10.029916749363249 -0.9886331504766487 0.15003072877724416 -0.00976085043354008 61.683593407324445
-0.020298764486545058 -0.06726864577074745 0.9975283903009928 -36.80329773485252 0.14899676748973023 0.9863887904846397 0.06954938737226707 10.043449569669564 -0.9886293154858052 0.1500402722685347 -0.009999662976962604 61.70170343539748
-0.018183738110200375 -0.07121338307249557 0.9972953452913084 -38.315920676852656 0.1483115188900438 0.986233258521601 0.0731276496982488 10.056921102893254 -0.9887735054262269 0.14924012147285176 -0.007371642279745926 61.72644738030535
-0.015460658955092478 -0.0741382530450703 0.9971281198823446 -39.80192693434401 0.14650913862309223 0.986315774452987 0.07560598762743892 10.073925887666812 -0.9890884896330533 0.14725730033049625 -0.004387160218191391 61.750958354025215
-0.013695222017019356 -0.07434753013377318 0.9971383483032393 -41.46746102103134 0.14418343358709965 0.9866629735374975 0.075546767827447 10.07956298963239 -0.9894562033627055 0.14480546057779517 -0.0027928863051606832 61.773804723422266
-0.013676743598037937 -0.07259589978083508 0.9972676581638275 -43.129777187591486 0.14368650373955583 0.9868669472019286 0.07380932978590815 10.073391701900164 -0.9895287440633833 0.14430337437271948 -0.0030660751769237752 61.787127927069825
-0.014605649699196102 -0.07076868644853643 0.9973858170313097 -44.50725769275788 0.1453520004279943 0.9867463125820212 0.07214229395687954 10.069250956167373 -0.989272192557966 0.14602570877804072 -0.004125700840590135 61.7884438196943
-0.014483981282864012 -0.07090395169508604 0.9973779844774088 -45.84090452116893 0.1467949849993378 0.9865237625975518 0.07226408658116168 10.07520264229997 -0.9890608912828583 0.14745675794749558 -0.003880447187089529 61.79791244752205
-0.013200114897797136 -0.07334284518755052 0.9972194262179611 -47.28339255433669 0.14635502268627198 0.9864238545783918 0.07448614940513926 10.090640728347104 -0.9891440563948135 0.1469312974777629 -0.002286814447062949 61.814256114544115
-0.010404330788897149 -0.07652360702962924 0.9970134840953804 -48.866282161819285 0.14506747491501515 0.9864035775472842 0.07722311780610687 10.11357271550598 -0.9893670590951654 0.14543768345614294 0.000838217331023783 61.83628495137595
-0.005674694303711116 -0.0788601155680119 0.9968695401190462 -50.43987007717918 0.14312359618474918 0.9865580942371082 0.0788591333352449 10.135409296625262 -0.9896885540712818 0.1431230549836079 0.0056883277379914604 61.854392693783794
-0.0006288724627258364 -0.07951083252227326 0.9968338036157482 -52.05016145769869 0.14168092034313687 0.9867712281290797 0.0787975897305592 10.136745519066 -0.9899121785947214 0.14128188435973946 0.010644614676624257 61.861705543601
0.0019365716912000325 -0.07853094246215593 0.9969097957017424 -53.63283368158219 0.13926206600865804 0.9872184631561046 0.07749698687494257 10.132271826114193 -0.9902536678352094 0.1386816393027583 0.012848200621665104 61.862154026954435
0.005687970164997577 -0.07664931019811833 0.9970418899131342 -55.04616013054848 0.138962268389846 0.9874445115179691 0.07511873692351441 10.129366154246538 -0.9902813413163711 0.13812392956757472 0.0162679169367524 61.85415824156043
0.007916267187226036 -0.07575306298401557 0.9970951841034835 -56.47423322438625 0.1381925844491758 0.9876416496820117 0.07393768603796015 10.127509482910208 -0.990373738705282 0.13720584995520516 0.018286946737817923 61.83369161269224
0.011358645113953283 -0.07641123917071933 0.9970116868470351 -58.11627802360607 0.13707128122547987 0.9877825582431654 0.07414230569512822 10.124702817339182 -0.9904960600852392 0.13581951317457852 0.021693657981994192 61.808625115243615
0.016100909542535874 -0.07661901136668028 0.9969304327830983 -59.7564294510945 0.13611416563654663 0.9879457443931899 0.0737301841069843 10.121495074677272 -0.9905623123382856 0.13450923103109136 0.026335757867480904 61.780590426896715
0.022785518025980347 -0.07775125483385652 0.9967123770376531 -61.354520467141526 0.1361730045312584 0.9879210228073351 0.07395245453828027 10.118669520205769 -0.9904230071061655 0.13404027404876184 0.03309791425022337 61.74769153998015
0.028757108617851995 -0.0793230737293336 0.9964340814514886 -62.81696826858382 0.13548732375144965 0.9879561809216284 0.07473800694036199 10.131625768981277 -0.9903616580858794 0.13285493800713008 0.039158034175767985 61.70909407719616
0.03802532044145969 -0.08232865179140533 0.9958795449749603 -64.3362043962245 0.13467515169230318 0.9879300995554763 0.07652922258169825 10.143213844310045 -0.9901599257301725 0.13121018057495942 0.048653982277990636 61.6659556077521
0.04747655293434789 -0.08512374870453523 0.9952386268267319 -65.84683747587216 0.1330506045265153 0.9880225815179972 0.07815954865298508 10.15024008981652 -0.9899714710821731 0.12870635499848712 0.05823367261647201 61.61389865391441
0.05610545443825829 -0.08721297388816782 0.9946085034664938 -67.37788919571928 0.1317080770026721 0.988118453708572 0.07921429096341175 10.156441893822395 -0.9896995303800725 0.12655361956957042 0.06692548796464355 61.54495547972695
0.06635016511814956 -0.08876469534450804 0.9938402710945008 -69.05188587024404 0.1308722779162782 0.9882046141389284 0.07952413135352868 10.147000239027427 -0.9891764769048039 0.12478970091688439 0.07718437719691562 61.45281551759439
0.07535905226101955 -0.08888889174367672 0.9931866784078921 -70.53835175037116 0.1308319515876458 0.9882899571291286 0.07852363390387745 10.134832038258743 -0.9885362986183615 0.12402308479586825 0.08610610170962321 61.34885335114348
0.08375640776137658 -0.08961567645648176 0.9924484342736183 -72.08987275292824 0.1323665692784297 0.9881227844555565 0.07805417463052922 10.123558641705186 -0.9876557879627748 0.12482945715271537 0.0946237344992769 61.225376582941934
0.09349311640341806 -0.09211708161263639 0.9913493231249755 -73.79382813532025 0.1333865042742662 0.9878931139893633 0.07921638599359845 10.113481886344264 -0.9866443521668125 0.12482643392954257 0.10464838140059982 61.07908669754902
0.10001742354164433 -0.09581310046854115 0.9903617343005009 -75.35895859401008 0.13320180240374643 0.9876824313675681 0.08210173325965374 10.111398842618874 -0.9860293072847712 0.12370636421159273 0.11154792973903233 60.929339206053676
0.10872875178852828 -0.09763103415573848 0.9892655051623852 -76.80954890218369 0.13395218067174386 0.9875279197718291 0.0827370591960177 10.100719526702942 -0.9850050110673522 0.12351837450679887 0.12045056799951186 60.780672199853306
0.11570075453553687 -0.09743679801672403 0.9884935031613286 -78.35375413092187 0.1349720488510097 0.9874886529545063 0.0815395996743453 10.083023105219048 -0.9840710753948974 0.12398480019074881 0.12740442650391684 60.6029426877541
0.12396957328477284 -0.09668429197855885 0.9875645257825921 -80.1615094837521 0.13568051326656932 0.9875457521464882 0.07965039696790163 10.058771375857694 -0.9829660946438149 0.12411903601796435 0.13554379985325626 60.381928524763424
0.13071371068010026 -0.09551376393008036 0.9868085157416041 -81.92422711795402 0.1364235189599493 0.9876128529574125 0.07752081106323419 10.033834120651969 -0.9819890780017997 0.12449085738810753 0.14212486450987546 60.147577116145534
0.13514680066922508 -0.09457046741588279 0.9863020678076337 -82.496698918322 0.1376472902899233 0.9875742034958664 0.07583149784452081 10.0431348422774 -0.9812178992174548 0.12551342271742644 0.14648486260717272 60.073453749096636
0.1400332778082634 -0.09459382446660113 0.985617922665297 -83.04910069801686 0.13834572191661595 0.9875308542740652 0.0751217217860625 10.060865841435207 -0.9804341601217519 0.1258364821087828 0.1513738333954778 60.005503751695585
0.14696143158581113 -0.09527286648401535 0.9845432537670284 -84.83196879974923 0.13840994990708086 0.9875385101321079 0.0749024483763563 10.058453009925023 -0.9794105489491978 0.1252628113925769 0.1583167858726906 59.75258907189795
0.15206119728868683 -0.09582429275856094 0.9837149471246491 -86.67734306010932 0.13867519814091384 0.987512244646103 0.0747579834839696 10.050434507153629 -0.9785941864223949 0.12504907673122878 0.1634507470431319 59.47130988013113
0.1573113631786071 -0.0963157961293352 0.9828409853230885 -88.45768584741332 0.14141761650276907 0.9871724599471281 0.07410527690122654 10.041553185603334 -0.9773710619603815 0.1273334274175639 0.16891419568683935 59.1885614255334
0.16440162816324325 -0.09580324339415262 0.9817300256243742 -90.20087381684567 0.14534744548882986 0.986760723054813 0.0719541209814298 10.031686862791567 -0.9756260680953264 0.13086257674178398 0.17614982617463562 58.89724415777913
0.17067994245825388 -0.09482054766419909 0.980753496543911 -91.85977481796124 0.1486239617691202 0.9864480779713849 0.0695061684644425 10.028138421608338 -0.9740530145892975 0.1339001613412682 0.18245950663718258 58.60266352692667
0.17640254246640902 -0.09510294775527225 0.9797130050885531 -93.52227822622551 0.15079986330245984 0.986182725785048 0.06857865988139425 10.029390431367501 -0.9726980745531195 0.13564313728097865 0.18830665168609248 58.301080162283604
0.1829802922469846 -0.09604011054918561 0.9784142833252727 -95.20760596959191 0.15375133688700024 0.9857664461003837 0.06800764771755663 10.032904446979549 -0.9710194328923949 0.13798844483620817 0.19514212778643267 57.984660174545084
0.19047945372697392 -0.09682369111390934 0.976904678332001 -96.92698652061398 0.15673358864553683 0.9853588184391318 0.06710127505886443 10.03177102010956 -0.9690986326985324 0.14033236178199218 0.2028661340355328 57.64919849376183
0.2005853761542201 -0.09767133866312767 0.9747952690061753 -98.60629536166311 0.16055275059276686 0.984842171417923 0.06564077752375697 10.037184724504106 -0.9664307120275965 0.143339481653099 0.21322633948284628 57.308363346031754
0.21126651312937875 -0.09858652591562603 0.9724439096102359 -100.44545422712403 0.16374591326624743 0.984409664150723 0.0642252988724819 10.04204469550429 -0.9636149315565614 0.14566506113184652 0.22411593795778728 56.918220147109345
0.21997585385267354 -0.09870993461425352 0.9704983114515119 -102.3824644720296 0.16581446252801615 0.9841733616737126 0.06251686323228714 10.046990259596889 -0.9613096211618462 0.14717045552796626 0.23286191032746964 56.48202992976092
0.22515288169454797 -0.09867392615722603 0.9693140028707715 -104.30580961808101 0.16801213770707482 0.9838876251391673 0.06113151953864997 10.054909843815437 -0.9597281393435017 0.14909257994522615 0.23810355133331482 56.030831586828114
0.23072514524176538 -0.09886745836321899 0.9679830231104068 -106.27884281666391 0.16979766225551648 0.983651010915022 0.05999535497363683 10.065658860467442 -0.958089067490976 0.1505188174370508 0.24374048566379755 55.55893284797377
0.23533453234100155 -0.09856236565286687 0.966903882485096 -108.25988843263093 0.1706872570258414 0.9835741160390343 0.05871812792505265 10.078631678228925 -0.9568090291049919 0.15121976833383588 0.24829229446002649 55.07745409590723
0.2391383694525733 -0.09830013199400832 0.9659968552254842 -110.19818286989235 0.17191389442774224 0.9834315060105676 0.05751596203203393 10.090730168155716 -0.9556455687953839 0.1523140080089279 0.25207536532950725 54.59562697947794
0.24263634223870567 -0.09782811538627331 0.9651721428144269 -112.08306611181142 0.17342682205685434 0.9832497900550897 0.05606235588948614 10.102059230631431 -0.9544897814100912 0.1537839724958006 0.25553815172519534 54.111804476193434
0.24314613964656578 -0.09675179229023194 0.9651523431373935 -112.73704207075241 0.17507544420139193 0.9830487701213416 0.05443991550875008 10.11498645947896 -0.9540589832985482 0.15573761989815532 0.2559633765518022 53.93638533105242
0.24482910064869678 -0.09671788178035985 0.9647302020873354 -113.44827749038056 0.17623951272084135 0.9828753807899492 0.053810965359578085 10.13155655608588 -0.9534140473222912 0.15684909046892684 0.25768200788491175 53.7538046400009
0.24728333482999026 -0.09833236573604126 0.9639407129923047 -115.30690191448406 0.17623262112347113 0.9828081418306156 0.055047430488630825 10.161615749124568 -0.9527817250384851 0.15626548627321046 0.2603614453648756 53.27511797570803
0.2487819201344828 -0.10019493344727398 0.9633631358556839 -117.148144495045 0.17698369100980862 0.9825912983621424 0.05648994157848871 10.18971427292961 -0.9522522403915605 0.15644588743234114 0.26218381905594945 52.788979374705086
0.2503978484853761 -0.10005712147886903 0.9629587166204263 -119.05252862169066 0.17791784244765918 0.9824608970798865 0.055819593761977 10.206605668702387 -0.9516544324557453 0.15735043104594598 0.2638080420248603 52.284121032134806
0.2541270987813043 -0.098316264348129 0.9621607609072546 -120.9766894580749 0.17850615341742412 0.9824969767613843 0.05324700786760508 10.22100090089751 -0.9505550856510709 0.1582201087705558 0.2672291644329287 51.775133604050296
0.2518642831191079 -0.09333793965061057 0.9632509599843011 -121.70476882330018 0.1797163470991686 0.9825361498196177 0.04821564977235722 10.241798268304223 -0.9509292389416951 0.16096814380310895 0.2642401165726972 51.57184695979234
0.25097849110623394 -0.08800642352276351 0.9639837480065576 -121.14994220694174 0.18142317265230287 0.9824880029215481 0.04246123573329034 10.258985952022329 -0.9508393289230377 0.16423213307376014 0.26254976107250977 51.717925912657265
0.24832669023445342 -0.08540895020296554 0.9649037082229653 -121.51385768359413 0.18221676741445406 0.9824417279832638 0.0400662050896089 10.283704802384422 -0.9513836789593514 0.16587212647845065 0.2595294454725481 51.6156305442836
0.24536934553107118 -0.08556191819024563 0.9656464375894831 -123.03156523365374 0.18399754373648683 0.9821015824277356 0.04026643381122933 10.327616426503544 -0.9518081677379087 0.16779642412322185 0.2567208053097108 51.21020715714357
0.2430611593653939 -0.08756784709297308 0.9660502807636114 -124.7598340632349 0.18359223653473183 0.982069088482305 0.042827516058100874 10.388187981643974 -0.9524784320351446 0.16694962594457477 0.2547796281197555 50.75642936547963
0.24405086013487834 -0.08970893053637635 0.9656042074522283 -126.5304563289474 0.18361989143761723 0.981974956332625 0.044820983969275446 10.449914337011752 -0.952219991984975 0.16636554005429105 0.2561241768099614 50.303766081755974
0.2437558133869111 -0.09113211679464638 0.9655454627973828 -128.21687840948485 0.18375456347270583 0.9818818722637853 0.046284439315128566 10.501862381841574 -0.9522695856967409 0.16614128387696828 0.25608535676346655 49.86671295705854
0.24382841916178793 -0.08995817796548469 0.9656372135673903 -130.08890987434006 0.1845606728956518 0.9817967423642758 0.044861059987445155 10.547968687715734 -0.9520950898042536 0.16728025257041862 0.2559926894866517 49.3825247257843
0.243861224742258 -0.08950826326521716 0.9656707378161825 -131.68808260506432 0.1861498799052771 0.9815369712004485 0.04397040343114456 10.592922959541188 -0.9517772456191936 0.16903681543939234 0.25602076038409843 48.96876387802854
0.2438034501865043 -0.09049315580687531 0.9655935306479997 -133.1996554493144 0.18996444040204105 0.9808065573563773 0.04395461784008324 10.641741480753687 -0.9510380586810911 0.17271214722433645 0.25631450435210057 48.57129161638725
0.24651451276891925 -0.0921397894420544 0.9647491146385555 -134.88483485823087 0.19299804223928294 0.9801985807620786 0.04430008988488001 10.701397168290617 -0.9497275139144433 0.17527407530373187 0.25941597452800663 48.13535071957982
0.24949265025738693 -0.0935183156495569 0.9638504770479787 -136.63179057007852 0.19578185134163947 0.9796430725536068 0.04437248114503734 10.756852505070741 -0.9483790825154195 0.17763382289360397 0.2627229354499114 47.67782562970823
0.2528083433867401 -0.09364174131316692 0.9629741251964617 -138.29216969696893 0.1973405858561037 0.9793725710349351 0.04342879549778376 10.81147934829811 -0.9471771928673246 0.1790547161854621 0.26607287333308083 47.24345332292844
0.25302216584081805 -0.09177341844139147 0.9630978264230502 -139.71909245715028 0.19875870522251993 0.979186729716705 0.04108923758078076 10.856024000020906 -0.9468235108463944 0.1810275890970312 0.26599671293876426 46.85814978066199
0.2511651386341876 -0.08839062964213838 0.9638999791090027 -139.92942269433112 0.19845978328165018 0.9793683695803076 0.03809607703435681 10.884495416832616 -0.9473804872144413 0.18172697448940656 0.26352517752248406 46.80475508221228
0.24880432154782195 -0.08519458521714542 0.964799612473392 -140.14370725574304 0.19925211693535422 0.9793196915206357 0.035093242892392976 10.92076777833675 -0.9478370131388153 0.18350701471497763 0.2606341728831601 46.74737901221038
0.24905941466964543 -0.08505302227892854 0.9647462834163364 -141.61547936413692 0.20066059361628388 0.9790527423387704 0.03451164859132389 10.981766394505616 -0.9474728144564237 0.18499111092198578 0.2609090928769546 46.35730786970309
0.24847421456270338 -0.08561546959207687 0.9648474263135992 -143.1652828137673 0.20212577921122024 0.9787412541696237 0.03479549920214689 11.044561039995084 -0.9473150131163907 0.18637475352900573 0.26049705789374594 45.945873027853615
0.24748176082110404 -0.08387146119837985 0.9652555910520979 -144.91470280162835 0.20298192987658945 0.9786265610479331 0.03299075863129886 11.108252907569181 -0.9473917427360573 0.1877648316590247 0.2592166155700612 45.47620500251634
0.2479157727950917 -0.07831769498563405 0.9656107436496085 -145.49811823611176 0.2032208010045549 0.9787548413985341 0.02720783853955826 11.145971519934198 -0.9472270454534552 0.18948693646545844 0.2585645475900664 45.32234862666233
0.24730718207694022 -0.07212701816249058 0.9662488555978485 -144.67715288043283 0.20507113893637827 0.9785311679105811 0.020556784838306936 11.157142249351162 -0.9469873207538225 0.19306591278249893 0.2567889554730902 45.532200600659664
0.2452872243206229 -0.06815923500391281 0.9670514444789204 -143.93896482914408 0.20573598177188707 0.9784636652501587 0.016779797066137147 11.16646133455066 -0.9473683989818562 0.19484140850677586 0.2540274436781457 45.73006330273094
0.2417705415484591 -0.06885630562181985 0.9678872942731918 -144.07455315099782 0.20904843007849902 0.9777515524298759 0.01733942336642508 11.20758915634339 -0.9475472331873924 0.19814315758329812 0.2507858249220649 45.685230737850716
0.2384956541076395 -0.07227704914808776 0.9684502316269096 -145.4105205991353 0.2132202717731945 0.976791344371866 0.020390813254142583 11.296009309660919 -0.9474475915198355 0.20163010124146918 0.248371422664969 45.34198770263847
0.23633776376008525 -0.07454783084651069 0.9688070408171913 -146.94003606270343 0.2166800398916698 0.9759892692636004 0.022242000693402496 11.387464231135878 -0.9472033687299836 0.20466452354617043 0.24681614831325885 44.95074497941123
0.23722845066258186 -0.07385278020878934 0.9686425703280155 -148.52430742526883 0.21807199386767132 0.975707069656288 0.020983796446688328 11.467813231115889 -0.946661115546008 0.20625586313646932 0.247570699467891 44.55417348596673
0.2377451948706549 -0.07142726607330271 0.9686977691608508 -148.96502451687036 0.21790617480363056 0.9757949292566891 0.018470382220750276 11.517068327876064 -0.9465696600347842 0.2066939807982434 0.24755499793664343 44.44217070360545
0.239254363141862 -0.07028679804629097 0.9684095805690809 -148.20246546204868 0.2171281621538653 0.9759916703162345 0.017193623033250942 11.512859871118405 -0.9463681687996854 0.20615534311223818 0.24877150879674426 44.64031338765424
0.24043466814837777 -0.07133061257309618 0.9680408638390879 -148.75048212964734 0.2163758635526914 0.9761407519212498 0.01818565672287752 11.566947541039985 -0.9462413307524723 0.20508821552825046 0.2501323006475402 44.509456742351794
0.24342584137166481 -0.07351333080164943 0.9671295931502383 -150.54574432888464 0.21772109387595362 0.9758187282491974 0.019373561354981975 11.665310413373584 -0.9451673846647259 0.20584848746727366 0.2535448977468892 44.06114739505873
0.24697699552543587 -0.07527214509324893 0.9660934053466521 -152.27999486973434 0.2197296111372908 0.975359427927188 0.01982131032503226 11.75040316854242 -0.9437803037098657 0.20738392060766703 0.25743086023767464 43.61852271259761
0.25042025237592525 -0.07616264125252954 0.9651367515939993 -154.12547310404216 0.22159446882388778 0.9749451071458091 0.019440407380073542 11.836739627658446 -0.9424359864662634 0.20900069408947589 0.2610232198167062 43.135037444707585
0.2539022134129713 -0.07750126966312239 0.9641199195248471 -155.72679597603172 0.22293791339206065 0.9746348713962559 0.019635534899621464 11.919216606079447 -0.9411866726619057 0.20995337734602934 0.2647399224609086 42.71174182818021
0.2582777420631895 -0.07866239890679531 0.9628628328858523 -157.255547405497 0.2248654029239858 0.9741992544882084 0.019270784167984834 12.00120973800777 -0.9395361400832729 0.21153732425471342 0.2693024357940015 42.30558584309226
0.26202101899902713 -0.07938769959552064 0.961791338469859 -158.89191702168682 0.22685019385926095 0.97375253046235 0.01857414773771387 12.093915546806047 -0.9380213084726426 0.21331573446677135 0.27315274532791145 41.857385117369205
0.2656153304284919 -0.08054079654448 0.9607089446514714 -160.53704463758615 0.2301208613935018 0.9729965455876854 0.017947462938830757 12.186845811958072 -0.9362119874221209 0.216312048592788 0.2769769164401894 41.40129552948557
0.2688448717159608 -0.07985804140373098 0.9598672450788124 -161.0356845541022 0.23120218008370838 0.9727712544138244 0.016175243759889615 12.233655242834528 -0.9350229873519531 0.21757476831956268 0.27998791637161713 41.2603615863328
0.27140833214528687 -0.0802434100261174 0.9591133991293701 -161.55286986473843 0.23222922000528642 0.9725351672795585 0.015650488179419074 12.27704446670561 -0.9340273586024402 0.21848648368239687 0.2825890122249128 41.11491354558078
0.27524433660111447 -0.08147840726138209 0.9579153534207295 -163.23276080897386 0.23316891838549927 0.9723094245413313 0.01570472690109926 12.37607841991219 -0.9326697221781943 0.21903344972457997 0.28662089462180046 40.6333904566526
0.27893893431002964 -0.08150721330115486 0.9568435844514324 -164.97009572079656 0.23415120141933007 0.9720913634450185 0.014546339384385645 12.466522744644061 -0.9313250161999681 0.21998853446368846 0.29023914089014485 40.13273839360699
0.28331454964579217 -0.08084362826705309 0.9556135064593954 -166.64739262566175 0.2350000268807526 0.971914324022226 0.012551259955132576 12.55884571797059 -0.9297891445510909 0.2210132451438924 0.2943557238205472 39.65163248725874
0.2874907345230647 -0.08033287712645078 0.9544085636748948 -168.20771770776688 0.23638827119045303 0.9716011384308287 0.010574168690863195 12.652861840818156 -0.92815390038882 0.22257101485256464 0.29831607489460227 39.19148048479846
0.29067216092785547 -0.07943210756308966 0.9535199185909105 -168.37270793335728 0.23768282489863968 0.9713059934426629 0.008458241576122575 12.691929504106138 -0.9268314677489834 0.2241767324912271 0.3012112597494048 39.14968448920291
0.2921133596049215 -0.07734782555238437 0.9532508059386279 -167.50393938928445 0.23555671525623292 0.9718377003353307 0.006672188893149545 12.681224895830516 -0.9269211503887594 0.22259559314876326 0.302106575355007 39.42498178990919
0.2935414622299184 -0.07652263064427335 0.9528786370525898 -166.6670794461472 0.23385559418275123 0.9722525955513964 0.006037508840642602 12.670799018108797 -0.9269007341788845 0.22106374067867515 0.30329169381273496 39.69326637999042
0.2936344458130198 -0.07732750582711397 0.9527850067431992 -167.0197712647113 0.23351280333327035 0.9723289000693411 0.006948436470052698 12.719237752161318 -0.926957702870805 0.22044719760636233 0.3035662203803041 39.5852140170984
0.2937398772810476 -0.07959105769343909 0.9525660859122345 -168.32325113847364 0.23512130593071007 0.9719270509919307 0.008705116171677903 12.81887370347959 -0.9265175961590552 0.2214115423490035 0.3042072861097889 39.173254528830796
0.29436812790201783 -0.08248708945475505 0.9521256667839305 -169.75594588459347 0.2372097824501589 0.9713982055384943 0.010818751616410088 12.925655871691415 -0.9257855714934269 0.22266882662346899 0.3055154157562561 38.723015253971255
0.2975984293609406 -0.08502993243528179 0.9508969899163381 -171.34621426674013 0.23827000187086564 0.9711214662053077 0.012268010584740117 13.039695676543278 -0.9244796271689065 0.22291928688496426 0.3092643052218283 38.228428297143
0.2998406717175042 -0.08560925606834965 0.9501403195630737 -172.794969788518 0.23838237383811095 0.9710938674747188 0.012269653470948149 13.134717977755463 -0.9237258334740374 0.22281776371827663 0.3115811752084573 37.77428621132916
0.29981681951119393 -0.08359887774798401 0.950326839764862 -172.87855013810332 0.23850558023087745 0.9710877744727865 0.010179512179843708 13.16679137856906 -0.9237017716432757 0.22360626536115827 0.3110872468525683 37.74591770465365
0.2982771190271223 -0.08315665005525576 0.9508500048990208 -172.02386816727656 0.2377152016082608 0.9712795065909899 0.010373186622439311 13.1654212623213 -0.924403723050284 0.22293741639291456 0.3094780528289987 38.02265684223383
0.2977689821990675 -0.08542799399348648 0.9508079149241347 -172.4132851017884 0.23892130852109666 0.9709595714247635 0.012414467093007331 13.21857430828199 -0.9242565886022672 0.22347162795506115 0.30953221144885146 37.89885102942471
0.2973734378646267 -0.08728762718658302 0.950762803538669 -173.96152437439522 0.23911396271781946 0.9708855183599088 0.014346535205050455 13.312353966570615 -0.9243341123673608 0.22307438306346297 0.3095872548004864 37.402606853884755
0.29741891480936 -0.08716063934543794 0.9507602284816703 -174.39485764251324 0.23822106897555717 0.9711026395216303 0.01450468235649136 13.357750014404598 -0.924550004818435 0.22217715108222624 0.3095877938924922 37.268542472573
0.29873073999923444 -0.08551507660353308 0.9504983517360787 -174.92192662662512 0.2377640055231755 0.971240513859753 0.012654719080871363 13.406635973342704 -0.9242446768345964 0.22221394175643502 0.31047180456843854 37.10987667655315
0.3012613760042935 -0.08577535367735509 0.9496758247052125 -176.71168183349906 0.23767496813996197 0.9712664970211582 0.012328880075438834 13.516225768965265 -0.9234458256160297 0.22199995600398476 0.312991735811924 36.54278434504926
0.3031509797903787 -0.08613979059508899 0.9490413162388498 -178.61614629676282 0.2396007672777949 0.9708024440395789 0.01157959268152044 13.624364985322526 -0.922329092987979 0.22388066268218026 0.3149388720132251 35.93336191910299
0.30426172155673153 -0.08701314059013923 0.9486060922005382 -179.07553326911514 0.2429698130582387 0.9699710100990134 0.011041263964888894 13.672128856589595 -0.9210811444915054 0.22712321090575158 0.3162666158956446 35.78463032194332
0.3049578106615004 -0.08771680469569344 0.948317718852982 -179.42856164656914 0.2452563108224002 0.969398138541605 0.010797730958662563 13.717610144828246 -0.9202445738597612 0.22928805282013073 0.31713863390577707 35.66947567483
0.3072083864983619 -0.08938302337116545 0.947435318318936 -181.17742460872427 0.24730106676285296 0.9688737528373788 0.011217550568929462 13.828969922567016 -0.918947871015016 0.23085563929833136 0.3197506593599627 35.10573603015196
0.3092430926242381 -0.08959191711013774 0.9467533987542521 -182.73581004838334 0.24851054148283572 0.9685724491089762 0.010484350191844268 13.931452367336371 -0.9179385711669966 0.23203598689765276 0.32178887542661855 34.597243059625725
0.30811728497030305 -0.08865356516925056 0.9472086803262054 -182.90797876879066 0.2507418342366084 0.9680118116432084 0.009036873513141825 13.97200848415269 -0.9177103417016684 0.23472042497834064 0.32049032876484296 34.54425019098735
0.30722888044738794 -0.08825663890165443 0.9475342636067726 -182.99341213059043 0.2518880669656094 0.9677193573449697 0.008464463371388623 14.011308399379658 -0.917694293727152 0.23607204643841237 0.3195421289141809 34.52741404509807
0.30838735461201044 -0.09120900412287543 0.9468781109954546 -184.35998413658217 0.2547306458026512 0.9669584568794067 0.010180410520146357 14.11664268593704 -0.916520342166159 0.23805936284109433 0.3214314890599893 34.08031448558155
0.31183448428326616 -0.09362521240581993 0.9455123341415256 -186.17175170003605 0.25538130057736746 0.9667719692444473 0.011504381714118222 14.233295995693327 -0.9151719214045002 0.2378787066661853 0.32538296695989094 33.49610520344855
0.3151246032460418 -0.09263085621381832 0.9445189298823615 -188.14313090478805 0.2559098850773335 0.966654731876011 0.00942125583040171 14.346109523618425 -0.9138963919114321 0.23874286129392627 0.3283218406266306 32.84697289979187
0.3158594505810496 -0.08727160890836982 0.9447838238227749 -188.71876289777444 0.25514391188420343 0.9668947553530878 0.004014511068296838 14.400961354832383 -0.9138568770365889 0.23978781943467495 0.32766966588883484 32.65948395125302
0.3190889164081666 -0.08335425340020865 0.944052081119235 -187.84611640813444 0.2547601564255292 0.9670039983118011 -0.000727974607805089 14.38981117005956 -0.9128414572769502 0.24073914448855963 0.3297956006186479 32.97397006317985
0.3244478201911135 -0.08139221342582591 0.9423953096057314 -188.35717205002715 0.25474563051768434 0.9669990360665678 -0.004186642864581038 14.457658564092908 -0.9109545958528263 0.24142943449375215 0.33447504010709816 32.81164732322664
0.33126677344661587 -0.08144278631850413 0.9400156367672559 -190.16401904091694 0.25423826524295495 0.9671242027971456 -0.005803520503763415 14.6097819584508 -0.9086392184451016 0.24091045830487154 0.3410819868929105 32.20667336245732
0.33740204810773156 -0.0793354202494074 0.9380115932260971 -191.68951337898682 0.25320474459483877 0.9673684018254257 -0.009259182706052598 14.739827569063554 -0.9066681946817009 0.24063305309863722 0.34648018487217735 31.68561969747005
0.34163419424591623 -0.07937570200298324 0.9364750798891981 -191.6334158083472 0.2539302553365903 0.9671637967089021 -0.010659069392553617 14.773552489878421 -0.9048787226731776 0.241440858735954 0.35057211666960586 31.714563032231435
0.3448517457668898 -0.08062531512496027 0.9351881265299148 -191.9758986889936 0.2526213798405729 0.9675161659399214 -0.009742027117547292 14.843284808451765 -0.904024176606454 0.23960806999330173 0.3540173172390185 31.599971326739574
0.35095580646720986 -0.0836833537823323 0.9326452263356598 -193.81220669450263 0.2518200034017262 0.9677416162458999 -0.007927803764446274 15.008821416575765 -0.9018961735109583 0.23764103283211438 0.360707681815596 30.939487977708364
0.3571866146939595 -0.08567552396208408 0.9300953859025933 -195.44821313634156 0.25049895503929565 0.9680913875920544 -0.00702415790762166 15.159504534493095 -0.8998155343222818 0.235496857439569 0.3672509146733302 30.338918096526157
0.36342053179387496 -0.08709838727764983 0.9275448172483594 -197.0901014840936 0.25184351851363485 0.9677365184369177 -0.007802119344476806 15.311935801484072 -0.8969394401258834 0.23643160071620203 0.3736304844755645 29.71187582870572
0.37010432013263206 -0.08856545345005196 0.9247588619063629 -198.9079721517278 0.2524322243162828 0.9675784515759098 -0.008361349932766922 15.46819793297106 -0.8940362209362098 0.23653350819947488 0.38046173940746414 29.006529432176453
0.37752937200793585 -0.09003082679568171 0.9216105595628676 -200.75438280428978 0.25390256672615974 0.9671828881107296 -0.009526151145935271 15.622515584722073 -0.8905083154475116 0.23759568845472176 0.3879990063731678 28.268156643369952
0.38794025576797914 -0.0896296798607355 0.917316127865819 -201.37274003196995 0.25410106656957343 0.967090725845033 -0.012968267144519352 15.697840794485845 -0.8859655782945991 0.23812191934508783 0.3979484207840655 28.030015092303042
0.3985553255501201 -0.08872947336942479 0.912842118348636 -202.00372559515696 0.25210978469513967 0.9675659478152897 -0.016024764874089957 15.776895137851929 -0.8818130804975688 0.23652318529878655 0.40799812975001254 27.78130464595199
0.40982860320851255 -0.08920637529078841 0.9077900300177574 -204.00830625238817 0.2516403380480894 0.9676436668679459 -0.01851686359505508 15.955083964499925 -0.8767654511094777 0.23602533037331733 0.41901597483027286 26.920791426486
0.42177010495139095 -0.08932127629905492 0.9022924626580912 -205.90173486325307 0.25222122635980115 0.9674164969455628 -0.0221308475014605 16.11586419541544 -0.8709158579006663 0.23691144134018277 0.43055607929660794 26.076564121194256
0.43501723144299764 -0.09048537187959091 0.8958640554366961 -207.55457398754226 0.25341302622039874 0.9670251665235917 -0.025380414729437476 16.265969682007075 -0.8640265311259208 0.2380645391187669 0.4436027825934826 25.316983933249823
0.44843727784887927 -0.09122416237161327 0.8891468720268246 -208.91861789245408 0.25336308701863614 0.9669490957722994 -0.028576079533733634 16.393711564985864 -0.857152934995778 0.2380915756273808 0.4567288557157272 24.65925887717727
0.461125263008818 -0.09072684720140986 0.8826846158237618 -209.37760846787572 0.25229738956547765 0.967107197245866 -0.03239901624570693 16.443995388107755 -0.850711184264963 0.23763902926946995 0.4688477074001433 24.44320768748989
0.4697635848428305 -0.08942267384774545 0.8782515355850703 -208.89955993070814 0.24994093939071696 0.9676222320136775 -0.03516735601880373 16.40587613505235 -0.8466709521249093 0.23603135705830924 0.47690407558870224 24.708079986931004
0.4772645798670858 -0.0888349184096394 0.8742579013514539 -208.39281207521526 0.2479476652744299 0.9680670027498518 -0.036989640061460764 16.36343236793258 -0.8430542545348165 0.2344240505111834 0.48405050196511235 24.991486569488565
0.48488073800953807 -0.08826103570230161 0.8701153139004532 -207.9210308635999 0.246432285370163 0.9683709922755216 -0.039099233324435996 16.32561525903067 -0.839143491087529 0.23338297045002487 0.49129481013884013 25.262595834869728
0.49192429624023726 -0.08837982586058488 0.8661405735499299 -207.36159841284618 0.24596124407773381 0.9684173104697771 -0.04087761238398625 16.287733569082764 -0.8351727684618808 0.23314570372051607 0.49812601583975213 25.582047508421756
0.49815260172840936 -0.08887700491113881 0.8625223842830071 -206.7968726113103 0.2458314876428025 0.968393777431389 -0.042194448870558475 16.24672851098413 -0.8315111935954589 0.23305443533687342 0.5042566460595914 25.910005368983818
0.5041020478167786 -0.08911659939988924 0.8590339673716814 -206.18524973862063 0.24592909513022998 0.9682947227939627 -0.043865817874365574 16.2029804099115 -0.8278888847879029 0.2333742949014744 0.5100357173021155 26.269206403718304
0.5103574893029589 -0.0898574679880907 0.8552548559108861 -206.37287145458063 0.24656314483453254 0.968061679900541 -0.04542245609217726 16.254615690693754 -0.8238579056619454 0.23405601755757033 0.5162130683384576 26.17033447518355
0.5161253293038264 -0.08992538688926388 0.8517793547884536 -206.56730931668432 0.24665190597470898 0.9679508206764105 -0.0472656961326625 16.306340598971765 -0.8202301394913879 0.23448802430972474 0.5217642041432722 26.066404232404608
0.5221010229814204 -0.09026748607926287 0.84809333375442 -206.81336465464267 0.24630819478465635 0.9679720306517968 -0.04860474316112884 16.36165669915018 -0.8165431984798354 0.23426892417212655 0.5276128089646389 25.931859204071383
0.5278514859799742 -0.09115022563919387 0.844431433045134 -207.0747505838814 0.24621020099723057 0.9679556056669645 -0.04942147693869574 16.4182879181624 -0.8128673604430418 0.23399483289983722 0.5333789201895226 25.782711208253584
0.5325719996736276 -0.09168035793914558 0.8414046452996234 -206.46096229524858 0.2458358621568216 0.9680144511513796 -0.05012735021626285 16.367847246159585 -0.8098961625055692 0.23354385954300272 0.5380757117994759 26.175603585491263
0.5385907248784694 -0.09283912239695435 0.837437119088621 -205.94133400868273 0.245493124865701 0.9680786838951696 -0.05056468561622384 16.3153608137097 -0.8060106430553874 0.2328187259228895 0.5441895663655125 26.513437570199603
0.5455181804399375 -0.09435831614469269 0.832770330273503 -206.69249143451353 0.2449985068987523 0.9681923277755586 -0.050787282403428384 16.428645299319143 -0.8014896421207719 0.23173287339279638 0.5512841635329613 26.04851303687227
0.5524867924086996 -0.09511132238374292 0.8280774001072385 -207.4508762150523 0.243889340182474 0.9684352958877341 -0.05148851740138532 16.540931894705828 -0.7970422410131757 0.23040597655714362 0.5582443479404386 25.57310601194207
0.5572763806449264 -0.09446274802454377 0.8249362549984964 -207.96728119769583 0.2442197892036102 0.968209006186972 -0.054111134711617506 16.63083430236076 -0.7935992251361116 0.23162061560682848 0.5626296830858456 25.23904376628272
0.5629002745281031 -0.09144182172566054 0.8214509566466403 -208.51932156484787 0.2442525519410207 0.9678763430313236 -0.059632838860893295 16.726541755489905 -0.7896100124786202 0.2342088338210214 0.5671527575122178 24.87767854724526
0.5669639572722188 -0.08903576733018988 0.8189166644354916 -207.9462872827089 0.24372391918381067 0.9677623252759401 -0.063519548126442 16.67171486166221 -0.7868611836734041 0.23560287331106206 0.5703865037986638 25.27834924770976
0.570662454739494 -0.08962013744386581 0.8162797276150122 -208.57480788638577 0.24354606917975463 0.9677747492224218 -0.06401052221757542 16.785296989308783 -0.7842382768889735 0.23533012074959542 0.5740993462199692 24.859865742130584
0.575293413639368 -0.09285574039804001 0.8126593995631233 -209.14820347267204 0.24334259863228108 0.9679783309042695 -0.061663040718662444 16.89448780553884 -0.7809109218816528 0.23322899128306218 0.5794673154812393 24.47707066630657
0.5780006410936489 -0.09430429394241457 0.8105689107283568 -208.6221334013476 0.24244822069094604 0.9682928975963314 -0.060230596446433055 16.837880976905115 -0.779188115399052 0.2313343135129794 0.5825378238469616 24.855280229251598
0.5813762778978065 -0.09426353756319837 0.8081559311072121 -209.17621635114205 0.24302970047469022 0.968040554431552 -0.06191970335066145 16.92948896652657 -0.7764909453334764 0.2324045405363739 0.5857046536892143 24.466824967525937
0.5836649374803531 -0.09194690871703994 0.8067719669977612 -209.69840450353612 0.24393949184482874 0.9675275355320495 -0.06621172332573286 17.02578641931195 -0.7744861296850598 0.23544900501946703 0.5871413807259722 24.094700265414048
0.5855656781435958 -0.0884481010417555 0.8057851884977404 -209.05132692888918 0.24339581155863546 0.967347317883048 -0.07069402733035207 16.956518747146863 -0.7732213884108128 0.237520735950735 0.5879732855304546 24.568217570222316
0.5850730211964228 -0.089019010076529 0.8060801298339303 -208.3964533806102 0.24420642097826006 0.967161301169747 -0.07044317903550844 16.89160080451678 -0.7733387251528788 0.23806434710942068 0.5875989983094648 25.042327290103945
0.5866543230414306 -0.09226064922056045 0.804564899720465 -207.7408156224529 0.24490435891568438 0.9671831471900699 -0.06766546220640554 16.817986389125082 -0.7719187523573312 0.2367376868960867 0.589997209622378 25.52241354756155
0.5900808808697335 -0.0962465606302224 0.8015866475926684 -208.23680733518034 0.24566672399703876 0.9671917501490317 -0.06471459776753284 16.920177947775663 -0.7690594351235557 0.2351100125696559 0.59436593714389 25.176365243329982
0.5923547372813723 -0.09907947192657827 0.7995618321700124 -208.7801970988815 0.2464838828061174 0.9671122913176892 -0.06276552795178889 17.024533528559058 -0.7670473001954552 0.2342585627570464 0.5972950401919196 24.792750048780462
0.592060264456133 -0.09968526358467847 0.7997046276445993 -208.17903063052776 0.24676809628945465 0.9670798593736146 -0.062145412120167165 16.957081029789897 -0.7671832570551916 0.23413541769232651 0.597168700013847 25.241568092497225
0.5922826361854967 -0.0991790824040985 0.7996028942460375 -207.62504277895005 0.24657392429652922 0.9670943329350223 -0.06268852416488184 16.896489068937 -0.7670740373198456 0.23429054786406256 0.5972481565073181 25.652660403375194
0.5924333348139619 -0.09910276968166462 0.7995007097199046 -207.05979156049943 0.24631144381623804 0.9671648748944903 -0.06263207976334889 16.834391405289754 -0.7670419913188378 0.2340315060237516 0.5973908584351513 26.07080674559822
0.5926770474050697 -0.0997439799061508 0.7992402992540419 -206.3624272775695 0.24649259429837247 0.9671538446705489 -0.06208737146176684 16.76454309451124 -0.7667954867076793 0.23380457483003814 0.5977960374185152 26.58863426987246
0.5950864457310705 -0.10053744495129589 0.7973483205411716 -206.9941588948192 0.24702395455551274 0.9669959747361061 -0.06243357045629734 16.878934997416184 -0.7647557047730453 0.23411750683541518 0.6002813548747388 26.13024402307014
0.5974138802598562 -0.09788623767213869 0.795936517661588 -207.6444624675875 0.2461055423035145 0.9670071492554638 -0.06579692497610429 16.99980779181547 -0.7632356894959474 0.23519238457741723 0.6017938388820823 25.660795760119193
0.5987749602483247 -0.0921949481722824 0.7955932619819799 -207.15935546587247 0.24564485506739844 0.9666176577011761 -0.07286226045907242 16.946703494498074 -0.762316963053121 0.2390614886421465 0.6014336642470783 26.030208811977303
0.5986973282525583 -0.08881247413785857 0.7960363393594293 -206.62784526854134 0.24661267593719852 0.9659940510476653 -0.07770251866967871 16.88995524705484 -0.7620654153091728 0.24283294211871204 0.6002403393738446 26.429883350287177
0.5998804120576529 -0.08879326092279383 0.7951473121656368 -206.07699651971853 0.24663273801755087 0.9659487952798221 -0.07819985572507758 16.828430654850056 -0.761127968062865 0.24301992040191597 0.6013530863979502 26.84886145808453
0.5995129070644832 -0.08957556460609507 0.7953367164217877 -205.51010370677648 0.24613870427867768 0.9661936727448878 -0.07671717541564739 16.762878460362693 -0.761577318805586 0.24175608570052778 0.6012935909417744 27.276139458481904
0.6000942269700978 -0.0900508793303454 0.794844486606652 -205.0207982776435 0.24557024455355425 0.9664017246969027 -0.07591417188349361 16.698248222190834 -0.7613029447907501 0.2407458112505402 0.602045912383974 27.64190618135106
0.5997089986555346 -0.08966285006894988 0.7951790303127269 -204.52730543479402 0.245918499616333 0.9662659479507046 -0.0765128053163314 16.630543279367107 -0.7614940633242173 0.24143465192145955 0.6015281376407398 28.012718841958854
0.5987354200010909 -0.08741350810992587 0.7961625307913158 -203.92957629149984 0.24505278219430096 0.9663518635456585 -0.07818701785247252 16.552446806287833 -0.762538543796279 0.24191518022180086 0.6000100122525496 28.465550217055686
0.5986242978568471 -0.08763084378639574 0.7962221958930062 -204.22036769981992 0.24594280754778902 0.9660937859301477 -0.07858073684219702 16.62965103523092 -0.762339219397053 0.24286546070702567 0.5998793900149072 28.253285298312857
0.5978408232313749 -0.08947460088218058 0.7966057028888297 -204.5742451030742 0.24725664559488 0.965879697203754 -0.07707503966103615 16.715696051661745 -0.7625290166853983 0.24304465911958853 0.5995655029988334 27.98776211298282
0.5972948496790903 -0.09024496373266559 0.7969282960641583 -203.94199840042418 0.246818709916359 0.9661093110663639 -0.07558652992496413 16.64129585696139 -0.7630985434280803 0.24184425895969341 0.5993262612518998 28.46271953601887
0.5977297783262228 -0.09016255825131565 0.7966114643862857 -203.31972402714763 0.2469004822706441 0.9660624288805083 -0.07591795150037829 16.562762347508947 -0.7627314494346017 0.24206217506060018 0.5997054605790448 28.935288705131295
0.598008032937296 -0.08980690665418374 0.7964427864320652 -203.68697602579093 0.24788216838174112 0.9657070646433363 -0.07722885403989198 16.64902531296644 -0.7621947409559006 0.24360743998317383 0.5997621128781088 28.66870860358343
0.5988543375300438 -0.08935772220104883 0.7958571981860139 -204.04212186446918 0.24888778658454624 0.9653136376933482 -0.07889518725675429 16.74071023159709 -0.7612019128394896 0.2453258615928481 0.6003223047024241 28.409631852695032
0.5992350327465576 -0.0885793248385832 0.7956576391516471 -203.41556291861977 0.2487240004613115 0.9652765815752277 -0.07985920521118663 16.665519498474065 -0.7609558115447663 0.24575358445723994 0.6004593480017326 28.88031254632324
0.5996115970795748 -0.08723792660425081 0.7955221409926145 -202.7875809891819 0.24825144143008215 0.9652811986128568 -0.08126148800269117 16.588850978028336 -0.760813482054287 0.2462148487933181 0.6004507421580196 29.35267107838769
0.6000768806955492 -0.08765347240439221 0.7951255284734305 -203.0814505544841 0.24952530517679775 0.9648947320679112 -0.08194680045015952 16.666003015111375 -0.7600295121448417 0.24757832054330786 0.6008827804703933 29.13107180986514
0.6011221448899743 -0.09017193365476174 0.794053643845199 -203.23776116410963 0.25017963114200437 0.964903587600095 -0.07981991479646591 16.72859595218855 -0.758987693631806 0.24663756611154317 0.6025840952913114 29.01782130868611
0.6017988638939267 -0.09169258212189225 0.7933666225647509 -202.4221261724057 0.24883755311126268 0.9654660361810501 -0.07716997565407051 16.626665613090143 -0.7588926139959329 0.24386021275450104 0.6038329214755953 29.636370605054594
0.6025499904113364 -0.09190225598812318 0.7927720254900477 -201.73089784366397 0.24719393869582512 0.965988916294902 -0.07589842071772457 16.53663591695042 -0.7588337536821519 0.2417010321444526 0.604774292883688 30.166274091147287
0.6048566087385244 -0.08946719871478395 0.7912926786085298 -201.09653792512196 0.24550557869677672 0.9662182874190534 -0.07841703823629177 16.45519720271661 -0.7575457040298588 0.2416978307952324 0.6063882130242874 30.650738158473413
0.6070622321718794 -0.08609151637399853 0.789977023133535 -200.45126454489215 0.24381575827439086 0.9663445268374073 -0.08204956714371212 16.373330878286055 -0.7563262009791679 0.24241804029364733 0.6076217338547152 31.14099205722228
0.608477075855161 -0.08406368751384906 0.7891064215936449 -200.9060617366491 0.24388319281334797 0.9660598748895938 -0.08514285872267038 16.476782571281056 -0.7551666282496342 0.24425727127329366 0.6083270082843654 30.79613164532667
0.6089632713119237 -0.08307811908291478 0.7888356991938983 -201.41396188824646 0.24425471555505754 0.9658147332139632 -0.08684201192946991 16.595708105679986 -0.7546544693581294 0.24556043499815977 0.6084379217646758 30.415281511383625
0.6095615999545633 -0.08342686814876168 0.7883366118173903 -200.865566484433 0.24383220323903568 0.9659689848745345 -0.08631209025424978 16.52468948902421 -0.7543079692833903 0.24483438878423402 0.609159756996653 30.839686829902497
0.6116450851951526 -0.08373346613405844 0.7866886273525199 -200.2941482537723 0.24362440499010782 0.9659958455426807 -0.08659778107720939 16.44443569441148 -0.7526868133890962 0.24462365593592333 0.6112461271097871 31.287760437694224
0.614711566196562 -0.0840166752831969 0.78426455272346 -200.9026684451681 0.24412841477733566 0.9657518314019539 -0.0878903705878884 16.57160572588859 -0.7500206713701142 0.24548848938011167 0.6141696785900435 30.824390592424766
0.6172974011488203 -0.08550700963322198 0.7820693510415156 -202.784267833657 0.24583617183855966 0.9652623357444317 -0.08850536598966921 16.938626820994635 -0.7473342593181957 0.24689506778546097 0.6168746471954731 29.37851408886472
0.6190598462722483 -0.08788374598868971 0.7804110160193641 -204.6893876686205 0.24809118487117043 0.9647169181925406 -0.08815912739078381 17.313328253958687 -0.7451279559395152 0.24818886950079233 0.6190206897457637 27.904651118113097
0.6192539123452927 -0.0908717871299521 0.7799146814548743 -206.39021102329315 0.2510569321766078 0.9640535011762127 -0.08701300865936851 17.64794362074758 -0.7439724516748724 0.2496861333228059 0.6198078944117998 26.57538566473856
0.6200434625728382 -0.09375208708660064 0.7789458586369099 -207.85683640529757 0.2533266676484474 0.963579495767252 -0.08567470335554563 17.944062887907076 -0.7425440754452358 0.25044979837052034 0.6212110708264532 25.41788158732146
0.6210308703258545 -0.09506088091331093 0.7780000559269244 -208.21742301040908 0.2546758767859458 0.9632305050387754 -0.08559901837085734 18.031385793079206 -0.7412562686990396 0.2512974792605968 0.6224055920632863 25.12756553329068
0.6217144385778718 -0.09305803893773394 0.7776961863432691 -207.72818745856583 0.25437077462204155 0.9630846512719554 -0.08811051868282661 17.964882207257045 -0.740787868341528 0.2526027629964438 0.6224348787179104 25.509269425286302
0.6208179024486792 -0.08951196991064055 0.7788277981954286 -207.23922140585344 0.2544588447256951 0.9626792963784997 -0.09219147826702856 17.89604193153505 -0.7415091559381368 0.25541374193044536 0.6204256539610549 25.890795491366212
0.6198524963052615 -0.08429263491379047 0.7801779505493774 -206.69748002149208 0.25345099228327594 0.96243396097904 -0.09738308510628234 17.815677053336042 -0.7426610783761055 0.25810002412530925 0.6179311452028922 26.320184444703823
0.6185469164502475 -0.08057636730397578 0.781605502272077 -206.10522286075053 0.25340933092981205 0.9620335763158486 -0.1013662125100972 17.72584659796973 -0.743763015447526 0.260765885562188 0.6154817054790288 26.782803643628885
0.6173105015228647 -0.07987299733510095 0.7826544889070124 -205.4465000246655 0.25364675640569334 0.9619152495152684 -0.1018939434650014 17.624154789171662 -0.7447087133063917 0.2614179738401419 0.6140599117992122 27.30002772210604
0.6172572566366286 -0.08084812436928403 0.7825963582303415 -204.77816802158816 0.25241812475761133 0.962472419878077 -0.09965907519081697 17.523673534529795 -0.7451701613881729 0.25905679253786584 0.6145006174258252 27.833931450703748
0.6181590536338827 -0.0822510150873018 0.7817379067996972 -204.10519142746145 0.2510143110546929 0.9630951964627441 -0.09715687415785762 17.42089752907544 -0.7448967714094364 0.2562858034841113 0.6159921970904376 28.370263912892547
0.6192651418159475 -0.08230370164008159 0.7808564431622599 -203.5259689970193 0.24975842331852113 0.9634856632533961 -0.0965199807636174 17.322945375645695 -0.7444000363468035 0.25479693365796857 0.6172091286471526 28.835303885445438
0.619868983453244 -0.08168866864646052 0.7804418010123567 -202.99573878677546 0.24910078582901418 0.9636088509609988 -0.09698856040270899 17.230932218732434 -0.7441177607422165 0.25452886626941007 0.6176599504449036 29.26096421750919
0.6202141584318909 -0.08085813812870805 0.7802540350289646 -202.42885220846 0.2492739440283814 0.9634307680969508 -0.09830389571453259 17.136998696140953 -0.7437720743004257 0.25546646860689415 0.6176892300407767 29.71230977175671
0.6205898608565708 -0.08021238668750585 0.7800219212457535 -201.85621119024924 0.24944950129950075 0.96327215104839 -0.09940678707229542 17.04535666527261 -0.7433997382992904 0.2562669234148263 0.6178058700433725 30.16295944114209
0.6210488165931176 -0.07915970240749295 0.7797641367253596 -201.2612835536999 0.2487871404559888 0.9633454484166268 -0.10035190959168912 16.951877955002434 -0.7432384046535949 0.25631872450081306 0.6179784667108211 30.640187195226776
0.6211115467917347 -0.07844639132599027 0.7797862592594899 -200.66530170277292 0.24907033198229536 0.9631524687890997 -0.10149527866698957 16.857129465843574 -0.7430911223855448 0.2572615119939055 0.6177637884162548 31.115604440630193
0.6211552426780472 -0.07853654116232914 0.7797423780940945 -200.1036594170878 0.25037963134132457 0.9627074047156997 -0.10249142947067481 16.76863792429126 -0.7426144387924054 0.2588946979136842 0.617654701827182 31.5633158043792
0.6209460203585022 -0.07913376403831715 0.7798486309471002 -200.4105667270624 0.2520568813018771 0.9622089952653748 -0.10305909964077589 16.856994944192003 -0.7422219131697141 0.26056035158773483 0.617426056132366 31.326363347423282
0.6204221610898384 -0.07985025721087809 0.7801924624424226 -200.71921941772476 0.25335413677743707 0.9618716842248285 -0.10302691135935868 16.946498947673504 -0.7422183124973235 0.2615851668383476 0.6169969020050109 31.089275388459438
0.6200687974297806 -0.08103231946339115 0.7803514910963956 -201.12378214617306 0.2541056073765456 0.9617785523594511 -0.10204095511681885 17.051355016544587 -0.7422567121648563 0.26156410194011476 0.6169596371096575 30.791281311586943
0.6198238695243166 -0.0827612174225087 0.7803646273753354 -201.4769016513661 0.2554600804041029 0.9615369259079116 -0.10093011163914073 17.14906320383852 -0.7419963059799096 0.2619109028015146 0.6171257253638556 30.529566523409144
0.6188864625142508 -0.08408146005066403 0.7809672557747502 -200.8243929280834 0.25622948461960027 0.9614775049617955 -0.09953621785064644 17.05179797947643 -0.7425132980143656 0.26170845520958236 0.6165895610076811 31.054448623842095
0.6194406794098044 -0.08622776683130792 0.7802935453530319 -201.0798021162154 0.2572893810685845 0.961350746074497 -0.09801488362156631 17.13392584774234 -0.7416841774513351 0.26147564943850926 0.6176852480584646 30.869654000797492
0.620307165738192 -0.08865885093278165 0.7793321681318748 -202.56302448229715 0.25789956080828935 0.9614002435085635 -0.09590301515887374 17.455329199437337 -0.7407474850910679 0.26047875140393045 0.6192285389081389 29.72167012060925
0.6206165625447533 -0.08917751816918944 0.7790266058025983 -203.0480098638853 0.2576709778519416 0.9615308106602606 -0.09520592063439819 17.58235400135078 -0.7405678560860968 0.25981891848786354 0.6197204048019075 29.355712632110542
0.6199216267642277 -0.089134143905729 0.7795846849830906 -202.40663418626073 0.2580629874328247 0.9614177187083334 -0.09528622497982818 17.48781372123954 -0.7410132732868137 0.2602519443613315 0.6190058596402047 29.873510180499284
0.6199726721750711 -0.09019770797164149 0.7794217467024911 -202.80338152528628 0.25939609650321643 0.9610762479395397 -0.09511104439205105 17.592073408669958 -0.7405049296763622 0.261145206969447 0.6192379429604509 29.572568979208906
0.6212706231021775 -0.09308237135880816 0.7780478680726854 -204.04026485626906 0.262075264368358 0.960422624761876 -0.09436597719390298 17.86743591871534 -0.7384709667119524 0.2625339101672887 0.6210769496091353 28.617079809227523
0.6222104546743328 -0.0958034808989668 0.7769657927744303 -204.26491174892809 0.26387347626746605 0.9600697869300371 -0.09293434643140522 17.944856432127505 -0.7370379492376774 0.2628453866282436 0.6226454561881648 28.44831634086169
0.6245012075910197 -0.09769893603796746 0.7748891273042903 -204.6991347520733 0.26507910975537374 0.9597675292806895 -0.09262480936409734 18.052850453986384 -0.7346640778537185 0.263251225325707 0.6252739280314341 28.117296919052603
0.6268664243128963 -0.09992181433606127 0.7726927701803296 -206.24951807806795 0.26670843073513395 0.9593459185243621 -0.09231479613500339 18.366246396839447 -0.7320553934259105 0.2639527223395032 0.6280317359223185 26.887729992449845
0.6303889332612065 -0.10266702024674106 0.7694603796008287 -208.10755494345145 0.2688155251871021 0.9587585210600224 -0.0923055345750091 18.733180820716445 -0.7282499613732767 0.26503128352790956 0.6319892503131441 25.406755026841765
0.6343744078905711 -0.10526021609987607 0.7658259577215262 -210.06118482403485 0.27090379435991796 0.958131307513384 -0.0927120907114573 19.120355375664815 -0.7240029314960577 0.2662793354154576 0.6363293728218251 23.836040621249765
0.6361011492109386 -0.10848507864443296 0.7639413038211985 -211.7395926794266 0.2740345547740311 0.9572866375846295 -0.09223533103811346 19.45882556667469 -0.7213046449055494 0.26801731513733074 0.6386597905178131 22.46667701474254
0.6377200938451302 -0.11007824154232491 0.7623620285960645 -212.30104497584128 0.27461736214019444 0.9571892879909992 -0.0915094058905603 19.577007692773215 -0.7196515728582262 0.26771523620113935 0.6406482388865596 22.013131296199525
0.6391118005326853 -0.11131367086568104 0.7610160136937162 -212.90296328811826 0.2750579282590608 0.9571112570591491 -0.0910009764369963 19.70577283963722 -0.7182473407689733 0.26748328599944426 0.6423188065044017 21.53230066023263
0.6406748920047696 -0.11354464733777177 0.7593703285062019 -214.65736455533155 0.2763577103313822 0.9568227692320685 -0.09009219843843304 20.055124252883246 -0.7163533336943945 0.26757765478457923 0.6443912631041125 20.083152421818397
0.6419419094589964 -0.11487838968067372 0.7580986350498937 -215.3902494173975 0.27694257154236485 0.9567059808388485 -0.08953478818133914 20.208863744699794 -0.7149918859313296 0.26742591836161034 0.6459643807833457 19.477196442747655
0.6435535368772053 -0.11651667574090244 0.756480475258369 -216.18645442544036 0.27786646711276414 0.9564819240717347 -0.08906489419688088 20.368981158680143 -0.7131823551007906 0.26751858477182494 0.6479234022433292 18.812574752427963
0.6455572321582695 -0.11833681526072934 0.7544880768853148 -218.1262681937142 0.27912095053184544 0.9561358212737303 -0.0888582368236411 20.747433851008534 -0.7108778762785859 0.26795650660350734 0.6502706787073312 17.181369851229565
0.647076901302254 -0.12100416273969687 0.7527612346559407 -219.86242675932274 0.28070374984734764 0.9557834698171969 -0.08765479819059968 21.090691387409866 -0.708870149338163 0.2680222965050899 0.6524317281934018 15.71263403737644
0.6485403220119093 -0.12379886678491266 0.7510454655395091 -221.5111037135708 0.2828458250148085 0.9552310667381231 -0.08678622246668355 21.416694562529813 -0.7066779252222184 0.26871443898889413 0.6545218562298012 14.308622741387307
0.6500328027434396 -0.12634417440062864 0.7493293701387455 -223.05325228465958 0.28517725319733567 0.9545692530188598 -0.08643769692579217 21.725331897077208 -0.7043658776632558 0.26987902991161844 0.6565318115656198 12.990394994640738
0.6505740397561078 -0.12773407458146271 0.7486236871661439 -224.54345780348757 0.2867123238979013 0.9541159383749036 -0.08636445718024528 22.025270630669652 -0.7032421077555584 0.27082611087151687 0.6573459937884523 11.709508742348262
0.6510365902063455 -0.1287768810663571 0.7480426947142211 -226.0958457829855 0.2890158114785725 0.9533245234566579 -0.08741975572783806 22.32794960276609 -0.701869801977457 0.2731096261191728 0.6578677018923871 10.373047827938242
0.6500006943550765 -0.1282177636589558 0.7490389191625573 -226.60605401665123 0.29029171361957945 0.9528081281358044 -0.08881099009778803 22.44043437975279 -0.7023032239294679 0.27516699664138117 0.6565464992044644 9.932386886152884
0.6485695563348405 -0.12698078493887574 0.7504887812965177 -226.16134957390548 0.291131898176892 0.9523973300202957 -0.09045188574114116 22.37839149439741 -0.7032778600663792 0.2771555628640999 0.6546640707369988 10.317552078866436
0.648337515298485 -0.1258107130685834 0.7508862302198371 -225.732949336304 0.29092722544271093 0.9523472747764828 -0.09162978621610231 22.315119505505884 -0.7035764462748807 0.2778602755036738 0.654044227513883 10.694848034506485
0.6484053552567036 -0.12464126573869738 0.7510226695310075 -225.30322472843037 0.28965431758871774 0.9527029629636609 -0.09196434451716863 22.250895998547215 -0.7040389702116212 0.2771671323142664 0.6538405839255055 11.073570433984475
0.6480706290999318 -0.12457898355080213 0.7513218594952932 -224.88680044883606 0.28944066721235034 0.9527954872096193 -0.09167802199355347 22.184356560920058 -0.7044349223751515 0.2768769336915417 0.653536994919097 11.433376118255646
0.6490126518042002 -0.12638862902269754 0.7502056333111877 -225.6509787437654 0.29004300564510205 0.9527333773307032 -0.09041109775013141 22.345007851379084 -0.7033190120240125 0.2762698430408065 0.6549941535248807 10.787638034398233
0.6490744660511236 -0.12791663863878822 0.7498931064357103 -226.38829502642193 0.2905256414221523 0.9527237881501055 -0.08895074574817233 22.500713954635994 -0.7030627206705623 0.2755988335466301 0.6555517475768357 10.162783179049553
0.6477158540335712 -0.12892339789023935 0.750894752884846 -225.98011843284237 0.2914851627169957 0.9525291161650935 -0.08789017449970729 22.43634376896316 -0.7039180153607419 0.27580253866521587 0.6545474675807831 10.514137094234595
0.6459277580827916 -0.13023604443663817 0.7522073544360183 -225.54866153910322 0.29296891148394166 0.9521814713403977 -0.08671598779894096 22.3717531359481 -0.7049443582596079 0.27638563342824124 0.6531955552454556 10.8872348597006
0.6451821208940202 -0.13214369451285551 0.7525145014411241 -226.03077282972265 0.29498910346570373 0.9516402550025449 -0.0858035774032038 22.47970129909431 -0.7047846903240671 0.2773425121743523 0.652962228023664 10.479938825972223
0.6453927206554873 -0.1354524479490699 0.7517452164593461 -227.4860940751029 0.29829105739310136 0.9507014248048445 -0.0847894212348457 22.76758975839643 -0.7032003137116838 0.2789613507614263 0.6539800330110617 9.241326446241425
0.6445547521590674 -0.13844643013602392 0.7519187173170714 -229.10013612338872 0.30127067265407015 0.9498883037262779 -0.08335581708899575 23.083200642391766 -0.7026984796253107 0.2802584457721149 0.6539648693207257 7.861714818827644
0.6433560085587505 -0.14232000328112027 0.7522220835081957 -230.89418400418455 0.30533276382502145 0.9487394019741108 -0.08164221014142237 23.428391609504907 -0.702043410044082 0.28220305421427466 0.6538321547658933 6.326788679454395
0.6424543607776764 -0.14571116933356443 0.7523434384968003 -232.5855026278367 0.3087566701501044 0.9477622852432253 -0.08009974599432178 23.75384890109746 -0.7013713089053212 0.2837514859907891 0.6538833085822383 4.881616596907824
0.6411238042080063 -0.14881207042171934 0.7528713272363685 -234.20342633922297 0.31181471548390605 0.9469055243704382 -0.0783677939234725 24.064624088395128 -0.7012359452320889 0.2849998168658057 0.6534854654090747 3.496749579277841
0.6402526324725211 -0.15262416269851725 0.7528495411253032 -235.92125169487264 0.31558897602012104 0.945795149482978 -0.07664941897391371 24.39161123372154 -0.7003428908945781 0.28666600805649084 0.6537143374581745 2.0339491501949265
0.6393913002937569 -0.15591319081096247 0.7529075919658396 -237.7454412767024 0.31908571428515453 0.944726382483939 -0.07534168287169153 24.723771410505506 -0.6995449035249901 0.2884148733507873 0.6537995019746193 0.4756602168064952
0.6385690937793997 -0.15859518588941213 0.7530452041427889 -239.42056201494793 0.32251503042296115 0.9436075587237093 -0.07475847959096872 25.026181608363977 -0.6987228117222368 0.29060685148870824 0.6537079548596527 -0.953114110136166
0.6378505982850742 -0.15977909418481825 0.753403779741546 -240.03956310037287 0.3245626861604465 0.9429006425860559 -0.074816047497274 25.146586832473712 -0.698430867745466 0.2922482151738113 0.6532880709978071 -1.4795046321484282
0.6363900531944706 -0.15925135952416897 0.7547494317221042 -239.7079409113466 0.3248595581789655 0.9427846882514087 -0.07498865953234304 25.108148612074654 -0.6996241617146328 0.2929096039538389 0.6517131242016702 -1.1975194325173888
0.6349932081704524 -0.1588635051270323 0.7560066218732125 -239.34803293377482 0.32459091826690495 0.9429164157290866 -0.0744940851830265 25.065201720673873 -0.7010166626807387 0.29269612174978077 0.6503111708686818 -0.8916129183042872
0.6341503207749798 -0.1593712019677613 0.7566070252411999 -239.00370178100846 0.32474005309962883 0.9429383182792663 -0.07356103475016681 25.02894159571888 -0.7017102454530908 0.2923493593357382 0.6497188495973819 -0.5991468663417504
0.634470513855637 -0.16118592497439188 0.7559538773218314 -239.72955053735942 0.3258571082314401 0.9426350222331341 -0.07250075775175546 25.16337546269661 -0.7009024982569289 0.2923325374461171 0.6505977063343442 -1.2107561502760595
0.6360512935892811 -0.1620277454193825 0.7544440082853795 -240.40841874456774 0.32555309832795987 0.942779235361268 -0.07198953771683765 25.286701670150595 -0.6996098427641392 0.29140062300196035 0.6524045867570247 -1.7804278120639776
0.6382189185935815 -0.16217026671777848 0.7525805050238281 -240.11911320293137 0.3243743997296306 0.9431970360427724 -0.07183731620938226 25.2490945240137 -0.698181824992084 0.28996578383114463 0.654570075284466 -1.5324382724596752
0.6405512241556173 -0.1626555657605426 0.7504913698103759 -239.842370265388 0.3236804516495275 0.9434389531409513 -0.07179071608683073 25.214968326393965 -0.6963656327337631 0.2889050166117238 0.6569694033392152 -1.2938863831797516
0.6426012272211522 -0.16312905817787493 0.74863380444104 -239.5961363339835 0.32323462899011135 0.9435877825364567 -0.0718433801373106 25.180438678469134 -0.694681968526239 0.28815101427190765 0.6590796276464472 -1.0830137880612973
0.6461402319486728 -0.16303123685223384 0.7456028543854583 -239.36600463640116 0.32224085458769713 0.94384852104632 -0.0728752423890407 25.144303967613176 -0.691855210497039 0.2873513270007678 0.6623938274010368 -0.8840716146651582
0.6503621835240168 -0.1625958464586541 0.7420186122707867 -239.13668504393513 0.320800550223581 0.9442304805134062 -0.07426847679646231 25.112531753807023 -0.688560844964421 0.2863413878289573 0.666252634064638 -0.6794561025088445
0.6558253267895402 -0.16221117944348543 0.7372792374704059 -238.90749665400068 0.3193308685947058 0.9445720199667411 -0.0762331650825133 25.080505290917944 -0.6840474669962168 0.2854316597007082 0.6712732904984064 -0.4714544805905604
0.6627962844648178 -0.16222688770070157 0.7310154049037362 -238.68409975034967 0.3186246944301348 0.944560218072389 -0.079273567690251 25.04676941751198 -0.6776277661068295 0.28546178613254375 0.6777404955136478 -0.2632541716027442
0.6716340646849921 -0.16250055224351004 0.7228424819248428 -238.44150521605894 0.3183092412420128 0.9443048310638495 -0.08347222873150568 25.004000659038844 -0.6690193645139473 0.2861502342302476 0.6859527194751305 -0.032101823946598634
0.6822742076748223 -0.1630478998987928 0.7126831609349863 -238.171811245743 0.3180122930717917 0.9439482663968873 -0.08848644993177439 24.9562978868103 -0.6583085044239596 0.2870140287597479 0.695882792069316 0.23946285613428328
0.6949771232590847 -0.1628859527338746 0.7003391782190269 -237.93476518580908 0.31597467462404877 0.9441020868911123 -0.09397475471673046 24.9061911056771 -0.6458845122332241 0.28659974865624316 0.7075971883264004 0.48970366473193006
0.7079000430800221 -0.16300322367289202 0.6872463008845847 -237.6877269805108 0.3142169113995084 0.9440976977714934 -0.09973599978501224 24.854896620922165 -0.6325703609859166 0.28654752857913174 0.7195451704148518 0.7619712210953238
0.7224946974921074 -0.16337265792494335 0.6717966855666415 -237.4541711214785 0.3128374505844023 0.9437679655782184 -0.1069334216239219 24.802527364425345 -0.6165501939077114 0.287421992531692 0.7329764365936159 1.0255347523559502
0.7371024467462509 -0.16305985561540517 0.6558135912645995 -237.24222173771017 0.31099488593452845 0.9434320165232019 -0.11497047934809912 24.752079463516065 -0.5999684691075498 0.2886996946407218 0.7461168289156175 1.2829034642681518
0.7552205297514639 -0.16145115001738441 0.6352759066736124 -237.03298162381668 0.30730870865260734 0.9432845129488189 -0.12560129464768294 24.696286473466003 -0.5789674507501976 0.2900824947992759 0.7620031739978818 1.5575729079643987
0.7717519092069941 -0.16022873332696805 0.6154069740032146 -236.83924730881907 0.3040199621896764 0.9429442841710927 -0.13574954710514367 24.635740187405155 -0.5585435105929929 0.29186097712010084 0.77643178503263 1.8321474488536933
0.7864040194178382 -0.16023107069485917 0.5965691261098292 -236.672258119773 0.3008517609794721 0.9428352714631989 -0.14335225425665415 24.577949161199683 -0.539496928776259 0.2922116610761686 0.7896552469097454 2.0819637100737634
0.7975431611196759 -0.15905381381869277 0.5819164806576295 -236.50562571734093 0.29721086865662116 0.9430213793631682 -0.14958735780928303 24.513592541773498 -0.5249672425052903 0.2922542769126146 0.7993727740689429 2.3358636348305426
0.8025752501734439 -0.1582005048699448 0.5751917663422579 -236.28920885640534 0.2960519786181106 0.9427074524179138 -0.15380469795174398 24.44856770487918 -0.5179055838329344 0.29372650444694437 0.8034292419498106 2.6435704113193044
0.8017052759785953 -0.15772266942189267 0.5765346563898086 -236.05379139920836 0.29628905000197375 0.9425771607170577 -0.15414634262121313 24.3786781159698 -0.5191160268350506 0.2944008417871827 0.8024005826505798 2.966294726190506
0.7971051125901952 -0.15716282664120437 0.5830294035507274 -235.82649018657904 0.2975147401300436 0.9424243049392776 -0.15271348619251315 24.31049133210355 -0.5254601972442077 0.2951885420910945 0.7979694892226227 3.2692068566905745
0.7884241768204625 -0.1568710810264728 0.5947930575776418 -235.5572424261713 0.30004940263475355 0.9421774427848559 -0.14923813951505854 24.23892168748339 -0.536989453698581 0.2961302589148485 0.7899045488991219 3.6048799787977215
0.7767556308812064 -0.15645216032197415 0.610060170331521 -235.21981531051998 0.302807990674708 0.9421194227962125 -0.14393857708646537 24.15521953421484 -0.5522300342048428 0.29653619462169967 0.7791715309233266 4.018850351000572
0.7628384862240903 -0.15744757407289303 0.6271265465230266 -235.67147902880464 0.3070484553177596 0.941773994849269 -0.13705104418655933 24.33306333442243 -0.5690331185636857 0.29710604848136324 0.7667654830086431 3.4172712746058647
0.7476162487957999 -0.16029770965609813 0.6444956080653339 -237.1392863333118 0.3131859053924373 0.9408499935927743 -0.12928989991486226 24.80978071700196 -0.5856488138808217 0.29850617051492573 0.7535977262203637 1.6176477601562658
0.7316577118200588 -0.16177445046614694 0.6621978706629992 -238.98167504454736 0.31708706984298723 0.94070583295271 -0.12053350566185192 25.367253081326997 -0.603434157860343 0.2981636514149975 0.7395712637077346 -0.5165487378265889
0.7164509688617648 -0.16351679260863575 0.678203706678179 -240.71144544320904 0.32105255709415437 0.9403636790037287 -0.11243401084136595 25.850380358101003 -0.619373283892953 0.2982924902600749 0.7262219532994744 -2.42438282423198
0.6994322074663227 -0.16615509684198404 0.6951165880283801 -241.21363258304206 0.3263585725568451 0.9395286655416267 -0.10380736363201074 25.99994775752684 -0.6358338377889644 0.2994634709259242 0.7113627487460648 -2.978280467702794
0.6829935615141395 -0.1664771135484807 0.7111998070829296 -240.81028806015868 0.32935939201452985 0.9392671994100422 -0.09643401373081444 25.940363478682464 -0.6519525947659448 0.30010414655079803 0.6963442506411398 -2.605151651569511
0.6661002373818076 -0.16685808370208724 0.7269586327042035 -240.40403462697682 0.33261649435947 0.9388262794858385 -0.0892831710166809 25.883873580131347 -0.6675902496591104 0.3012699733628385 0.6808521584823259 -2.2508015638351595
0.6511698905891012 -0.16754203015411648 0.7402077017445935 -239.98032623837491 0.33562477676545566 0.9383440422202952 -0.0828641517835903 25.82801518659215 -0.680686258720795 0.3023906853087805 0.6672526437768337 -1.8935966300991698
0.6365403921842828 -0.16789225268884228 0.7527473152426011 -239.57780050622938 0.33861820500429124 0.9377525157100106 -0.07718763190575113 25.782787047142808 -0.6929314831623318 0.3040269901943129 0.653768727361473 -1.5644704030746757
0.6232033623597557 -0.16826247447466097 0.7637442692597814 -239.19866826478324 0.3413645132116214 0.9371631932376493 -0.07207925055385081 25.74063734045784 -0.7036247851399817 0.30563522199556303 0.6414820907963362 -1.266316397473653
0.6108885898645742 -0.1696878586448097 0.7733182794954545 -238.77747892331595 0.3441476721435488 0.9365680517609769 -0.0663525747716273 25.69286869611942 -0.7130059680896413 0.3066697165505391 0.6305364179961117 -0.9427502660843484
0.6007800847277095 -0.17198137892429313 0.7806956481868357 -238.34566354178224 0.34709149409116824 0.9358491257201251 -0.0609418462014193 25.642158647885346 -0.7201324770652444 0.3075854664839946 0.6219327908091842 -0.6154221707482643
0.5922564376637577 -0.17393782085842438 0.7867515151055366 -237.9117139797082 0.34988688197501416 0.9350768888928032 -0.05666023014742349 25.599922252184964 -0.7258178021154047 0.30883142057371715 0.6146638689550458 -0.29016827272299445
0.5870502918289889 -0.17485808506565265 0.7904407662504962 -237.5454730968745 0.35177049853215403 0.9344966577575019 -0.05452992758567128 25.565308429966976 -0.7291292554999683 0.31006555230665783 0.6101064514056808 -0.02460356114310558
0.5858512559629677 -0.1748095562691065 0.7913405871833008 -237.25529517512422 0.3529024177652436 0.9340463653208311 -0.05492969111865167 25.531763647981542 -0.7295465642589637 0.3114466350242753 0.608902951306693 0.19247583593354342
0.5866062080334477 -0.17643723386215973 0.7904195463193512 -236.9079693061105 0.3553035708354539 0.933107895205173 -0.055398812779227626 25.49687775066301 -0.727772305909063 0.31333617475938347 0.6100556633119357 0.4619525670473903
0.5907933222570123 -0.17858326372087088 0.7868108211605404 -237.70007690093485 0.3578711255727202 0.9320190057282843 -0.05717368662745992 25.61394629202352 -0.7231123756774157 0.31535470644983815 0.6145403983971306 -0.12592707326402963
0.5979712094008978 -0.1803190760624129 0.7809708467898308 -238.49159474220372 0.35968963800905546 0.9311137165877964 -0.06042028708120914 25.734898730452564 -0.7162777373592885 0.3170367133157607 0.6216380983927882 -0.712683854622967
0.6077281239649592 -0.18141988431720138 0.773145104696631 -239.2368695730301 0.3604148908692204 0.9305279311875548 -0.06495287306607465 25.84657548085928 -0.7076493720634244 0.3181266962298888 0.6308944217253002 -1.2720116329821556
0.6185982328230224 -0.1839956596135435 0.7638598193331095 -241.4593151675705 0.36268138512218423 0.9292904848785244 -0.06986707092823718 26.18196506166196 -0.6969924240865801 0.3202573839236428 0.6415892524102168 -3.020992159343753
0.6297660782255056 -0.18583716262971092 0.7542275755381823 -242.56028571991664 0.3635388703860621 0.9285749789454654 -0.07475291429004377 26.361497411181944 -0.6864649855854934 0.32126789049353827 0.6523440550069753 -3.900048847999068
0.6398299149883522 -0.1867447111233031 0.7454824563686736 -242.25337332036747 0.3638201769693821 0.9280462695689751 -0.0797809524202109 26.314437761034846 -0.6769435417492098 0.3222677992083348 0.6617332596125535 -3.623375041184187
0.6506707590247023 -0.18762066496821253 0.7358165868116204 -241.98854699332682 0.3646711140577152 0.927150335373117 -0.08606529027093848 26.274651892093743 -0.6660649682441807 0.324331222201013 0.6716894493614433 -3.3805482225780525
0.6632014395125988 -0.18691390672575264 0.7247254943086608 -243.01531625438417 0.36479687437641445 0.9262337760994369 -0.09494331181171224 26.470364183808332 -0.6535190059008336 0.32734413617032354 0.6824651825853786 -4.26947224958376
0.6748310240744653 -0.18498001773076336 0.714412683248929 -244.0072816679192 0.3648910447525994 0.9250942497004639 -0.10514349542644869 26.67507082921277 -0.6414496195384043 0.3316368830686098 0.6917798518188983 -5.153462713138267
0.6864829427282367 -0.18334437481643615 0.7036519093744795 -243.77513981078576 0.36344888361271177 0.9246557561083277 -0.11365140428701341 26.6301753842049 -0.6297984426337152 0.333761251374254 0.7013967128075543 -4.892698668077512
0.6978410992737575 -0.18389620300073806 0.6922427223787228 -243.49647803553339 0.3612496031202457 0.9249133406577753 -0.1184653388917592 26.57154691777025 -0.6184792028919469 0.3327423910402563 0.7118749727269243 -4.584411360140882
0.7083084479496928 -0.18626231592988368 0.6808858143826568 -243.2451542460931 0.3599786632632124 0.925024631436022 -0.12142814019774358 26.51250951670829 -0.6072186628870422 0.33111294281723486 0.7222532205124372 -4.307651267628898
0.7173062683067477 -0.18771628345090166 0.670995018144866 -243.02070169406977 0.358852121077806 0.9250080191753053 -0.12484117773931046 26.45876737393559 -0.5972410507038234 0.3303373448291312 0.7308764368656556 -4.057283778505219
0.7261464429893074 -0.1874840041219147 0.661484007011803 -242.81733800361647 0.35678163339268437 0.9251774017202783 -0.12943585832281443 26.413322170248097 -0.5877229018913798 0.3299947326011894 0.738705128618889 -3.8247231571887927
0.7346774591364489 -0.18691191320908962 0.6521602316435203 -242.64949400954265 0.3546133330022435 0.9253204201823764 -0.13428143598633152 26.370376552227455 -0.5783583794619487 0.32991825759425647 0.7460935117075628 -3.6243908781412904
0.7427534614137569 -0.1857187592013258 0.643292964393832 -242.5123661168357 0.3518310801502034 0.9256883549646611 -0.1389818712032691 26.32717057492409 -0.5696772652987164 0.32955972442569803 0.7528998614943682 -3.454332169772872
0.7509094325658844 -0.18494468898583483 0.6339798783080709 -242.32197644113714 0.3493240605951331 0.9259265352622615 -0.14364105258091694 26.267318110050603 -0.5604531423526059 0.329325846712887 0.7598925989335175 -3.212743711903511
0.7580780154610565 -0.18459738522525188 0.6254930278129632 -242.1808541136774 0.3466713631850345 0.9264371356149201 -0.14674194935687032 26.214504601149137 -0.5523917888800098 0.32808236636799837 0.7663062523928168 -3.0380405048095356
0.7643857508804908 -0.18593578146303583 0.6173672399978805 -243.00533947470538 0.3461419104928868 0.9261729614795386 -0.14963095677217897 26.46801469455036 -0.5439670961107884 0.32807244717585576 0.7723135812303498 -4.014255500873492
0.771523947104559 -0.18658857659480507 0.608223233795395 -243.82381094962957 0.34551897030243073 0.9256353941056031 -0.15432355082784502 26.732714524244333 -0.5341979410343606 0.32921698052089016 0.7786197656952741 -5.002359647417764
0.779124051774592 -0.18498644945243717 0.5989538592123151 -243.62478901580397 0.34271334170356854 0.9257332345405052 -0.15989228838674246 26.666476748212308 -0.5248935867056455 0.3298454061922922 0.7846583528193218 -4.734266593336155
0.7852307628717655 -0.18387103254128032 0.5912732806681114 -243.44627156550752 0.3405018106879088 0.9257766910278913 -0.16430470251245533 26.598345989876158 -0.5171761459677757 0.3303467295761463 0.7895567568580929 -4.49271068135257
0.7897173131235907 -0.18327740503227757 0.5854536345070327 -243.30325917498322 0.33871971775968646 0.9259426852813545 -0.16703022593158395 26.537516786767256 -0.5114836440724737 0.33021135107472194 0.7933126404310961 -4.300489997445429
0.7936502066973976 -0.18401632686413807 0.5798770049386438 -243.14330768878705 0.3379159918776577 0.925941988487711 -0.16865413243904043 26.481233615300038 -0.505897353069295 0.32980210036150237 0.7970561101670511 -4.076603899337268
0.7974770220301735 -0.18514142555107582 0.5742412836768227 -242.98885636843775 0.3375070855945896 0.9258038934347548 -0.17022372946948097 26.42430641847963 -0.5001193522623725 0.32956001493805237 0.8007938748808608 -3.860959206037544
0.8012036709599565 -0.18574152466337854 0.5688345661578741 -242.84032166958315 0.3365899924599691 0.9258524391117292 -0.17176855930775964 26.370748876518967 -0.4947523164332735 0.3290856226069291 0.8043151113694981 -3.6530923074517117
0.8057690653749338 -0.1856486246631124 0.5623795883969334 -242.7043315326382 0.3346497133436207 0.9261889243909307 -0.1737344113715161 26.316872279444407 -0.4886161915489913 0.3281899823216283 0.8084216429932447 -3.453006543987579
