0.9999997625768345 0.0006632089604034415 0.0001870832696108894 -0.0064632825288162225 -0.000662751241220205 0.9999968129624712 -0.0024361497681532262 -0.016341623694423588 -0.0001886983497246121 0.00243602520008569 0.999997015082624 0.8607410005259514
0.9999973389279748 0.0019558038672723857 0.0012235065189504406 -0.013411020206018996 -0.0019512884508745237 0.9999913215948304 -0.003680924938955117 -0.029733509540577102 -0.0012306950680958891 0.003678527729608737 0.9999924768833974 1.8522927214227545
0.9999927687461408 0.0036834645442486986 0.000945803562232146 -0.017928993870447843 -0.003682921676195488 0.9999930526630223 -0.0005750770530778824 -0.0478771931872782 -0.0009479152673513076 0.0005715895741089553 0.9999993873708147 2.814251412889745
0.9999940650898286 0.0031412795696550036 -0.0014149727151625353 -0.022778497149876058 -0.003140114709411709 0.9999947297531648 0.0008247093465528342 -0.06598883033020794 0.0014175559005282924 -0.0008202612753406471 0.9999986588524552 3.70946669761517
0.9999936775659082 0.0016015973759433513 -0.0031748565409328742 -0.029826480454493674 -0.0016049737367077501 0.9999981489484331 -0.0010612063945644938 -0.08763907147072077 0.003173151038732832 0.0010662952465230187 0.9999943970477698 4.52537247071074
0.9999884434285503 0.0009228116704608696 -0.004718201772502621 -0.03150334608750954 -0.0009375320223945526 0.9999946975201568 -0.0031186479887140854 -0.10705684929437945 0.004715298829572782 0.0031230354130856175 0.9999840061754773 5.307688459588992
0.9999781585236105 0.0011092782943998242 -0.006515518198474039 -0.03800776890148866 -0.001126103776118847 0.9999960396210326 -0.002579269768035907 -0.12567392171521669 0.006512631266583719 0.0025865505826228393 0.9999754473936197 6.173347804623396
0.9999798897208911 0.00032674841770766546 -0.006333513185120543 -0.04934099487906349 -0.00032556734979743355 0.9999999294230951 0.00018750921722273967 -0.14562723392684834 0.006333574006460816 -0.0001854434612574587 0.9999799255240218 7.072383620883326
0.9999687301665822 0.001258279115133766 -0.007807395385267797 -0.05928919424357824 -0.0012349017315956001 0.9999947424132417 0.0029983601499365357 -0.15684326256358339 0.0078111271111655145 -0.0029886250256336002 0.9999650265952856 7.933699139060758
0.9999606225740514 0.0028789579664018844 -0.00839433751664975 -0.0755319344194374 -0.00283915783009338 0.9999846911900266 0.004749375580408752 -0.1662383395541134 0.008407882261994506 -0.004725355713134687 0.9999534881829523 8.863389833016758
0.9999525250408506 0.00398233174475774 -0.008893182686835402 -0.09795951696094406 -0.003926138753971894 0.9999722755811352 0.006327203455827804 -0.1746713486797994 0.008918133151691234 -0.006291987202909273 0.9999404371251959 9.76070731169735
0.9999512194097829 0.004407176393262595 -0.008839434208531671 -0.11397814865859807 -0.004342298198158406 0.9999635937888486 0.0073454437068117395 -0.18603420589378625 0.008871485064326114 -0.0073067019324958675 0.9999339522486593 10.577239136420866
0.9999474209778388 0.004677691657610906 -0.009125485221385557 -0.12354101854494501 -0.00461225263367365 0.9999635943682168 0.007178931942937425 -0.19475187941438393 0.009158733832390773 -0.007136465438469815 0.9999325919558951 11.274069441279293
0.999921697835631 0.005293810121439443 -0.01133903752122315 -0.13434159317760286 -0.005220222707619121 0.9999651870007397 0.006509536193950935 -0.20291646467614985 0.011373103023907717 -0.006449834182027074 0.9999145224301093 11.931634780131986
0.9998671017097129 0.006119578588534832 -0.015110581607525552 -0.15129446193071486 -0.006011676640075901 0.9999561818003394 0.007175947551596337 -0.2083803858722663 0.015153833264032874 -0.007084153949967617 0.9998600782610637 12.664357130327046
0.9998415233090295 0.006122894395749114 -0.016716412034222593 -0.16684268865985902 -0.005993729683762402 0.9999518809296585 0.007766017622780873 -0.20910009715332276 0.01676315816179587 -0.007664593234990472 0.9998301108383293 13.51124228594419
0.999836665516045 0.0058723053872511595 -0.017092639327952422 -0.1825765671357655 -0.00573035943550726 0.999948788435031 0.00834167177816389 -0.21267272040715923 0.017140748831264575 -0.008242362328458026 0.9998191127362744 14.334932390818965
0.999817944815711 0.007096402420570971 -0.01771209465798449 -0.2039655512753383 -0.006925793673760827 0.9999292098694078 0.009675155395718569 -0.2197963359489228 0.017779499612660166 -0.009550723670388653 0.9997963157918198 15.239992236531286
0.9998139070167554 0.006888747904533354 -0.018019336508279873 -0.21873650086213037 -0.006685804466833606 0.9999138167078956 0.011298635992059186 -0.22274607861211324 0.01809561699755244 -0.011176059634664393 0.999773796584268 16.01545752826273
0.9997870971795328 0.006242279353844843 -0.019667085747289273 -0.24004424733474053 -0.005960561573070434 0.9998792597063124 0.01435053012576185 -0.22834735269812304 0.01975429115550095 -0.014230247981863307 0.9997035900822397 16.890122754354334
0.9997667679936073 0.00577273663726307 -0.02081069742543571 -0.2628455727374065 -0.005437056553898938 0.9998547841260085 0.016150822776662604 -0.22617709854197113 0.020900909828185495 -0.01603390694903334 0.9996529726841733 17.86158960661624
0.9997424996374975 0.004928930842668369 -0.022150396369281265 -0.2828587961723522 -0.004561228288460877 0.9998514703219527 0.016620243425738198 -0.22937295264804808 0.022229026408473698 -0.016514930692511007 0.9996164901846877 18.718587297066133
0.9997147633953721 0.005801840120737319 -0.02316744484289287 -0.3093684418012318 -0.005405792360452646 0.99983880795132 0.017121200992926643 -0.23521922683628405 0.023263044905831934 -0.016991079003345354 0.999584980867566 19.700403044368127
0.9996946075780647 0.006711534430463406 -0.023783332082104452 -0.34488774839378517 -0.006290513922561246 0.9998229667253292 0.017733150965134756 -0.23334241169931666 0.023898138294206485 -0.017578126013625597 0.9995598473687911 20.76860727756955
0.9997140431032967 0.005988348767340551 -0.02315106263436907 -0.37142849137388684 -0.005546985581107508 0.9998025359984616 0.019081927628230362 -0.223502736779018 0.023260760370692416 -0.018948052408802516 0.9995498528522184 21.770593190162202
0.9997252963396557 0.006658780992977965 -0.02247203805344202 -0.3963730829854058 -0.006187528931167553 0.9997608455638926 0.02097537039238621 -0.22039719361160887 0.022606334163542654 -0.02083056199576437 0.9995274090001875 22.741034770027742
0.9996849838831715 0.0073670066488502215 -0.023992920029445485 -0.4236628360112377 -0.006835332490595854 0.99973092048478 0.022166751146687133 -0.22061169224525218 0.02414976662923629 -0.021995768676996662 0.9994663450722405 23.625324442185068
0.9995834615639112 0.007872610986969881 -0.027765542749187175 -0.4507374935665388 -0.0072485345296665615 0.9997204274547572 0.022506125318482912 -0.22051111915587435 0.027934962235187134 -0.022295491156887916 0.9993610703639567 24.462916834415324
0.999528200720323 0.009467872711988401 -0.029218749992140303 -0.477053154476584 -0.008850558427059426 0.9997364005582382 0.02118482981731068 -0.21611783376312688 0.02941162321808882 -0.020916232575891716 0.9993485216052054 25.32556735915744
0.9994072813700041 0.009109634067715944 -0.033197899207170777 -0.5083327604379645 -0.008446219095213774 0.9997629124773235 0.02006938508914456 -0.2140767713756963 0.03337285315361586 -0.019777092860505077 0.9992472763387324 26.123949225199194
0.9992878911744321 0.009064275866191802 -0.03662716826589107 -0.5379935964365902 -0.008344353379959679 0.9997699164854092 0.01976071500299801 -0.21968734474214155 0.03679785753038729 -0.019441013188127007 0.9991336070253035 26.876174136127215
0.9991387410493262 0.00781195907492703 -0.04075229355237107 -0.566872463387334 -0.00698681206935762 0.999768480873155 0.020351145169069364 -0.22114115539138327 0.040901840930139544 -0.020048888946690338 0.9989620020103516 27.64240881011028
0.9990247334984775 0.00633826236432168 -0.043696776637380905 -0.5998684442751852 -0.005510341279352468 0.9998035104668329 0.019041444199022824 -0.22412180959857295 0.04380888034726748 -0.01878208956427531 0.9988633615837152 28.43341075707724
0.9989456039264559 0.005650620947550772 -0.04556040911706988 -0.6304579417566714 -0.004845389261564612 0.9998304483720966 0.017765041822567027 -0.22807931963787467 0.045653067792992816 -0.017525552515134636 0.9988036105311838 29.15134810921959
0.9988998546833542 0.004604753612061529 -0.04666772501146769 -0.6660971495977341 -0.003767482269899013 0.9998306505319997 0.018013226643386483 -0.23115837443779855 0.04674276832751519 -0.01781758964989986 0.9987480398519686 29.906165209486513
0.9988431456508367 0.004309086698145998 -0.04789365467542944 -0.7110573194930474 -0.0033732901731225525 0.9998021573626477 0.01960273058543406 -0.23139235925958102 0.04796864913408901 -0.01941849388662928 0.9986600676884138 30.672309479107298
0.9987396733088464 0.0037626586494443753 -0.05004904952969811 -0.7451435142709852 -0.0027406153419533303 0.9997866333761241 0.02047380643614055 -0.23588195079662425 0.050115406677845725 -0.020310837558428305 0.9985368875966427 31.407895953535
0.9986371015638749 0.004296363291250108 -0.052014234999395406 -0.7807908223542613 -0.003224520128551457 0.9997810880069999 0.020673135550313356 -0.23120611530088053 0.052091667760240684 -0.020477239218475284 0.9984323416355998 32.06843020018667
0.9984949933284737 0.004651855306711005 -0.05464529751200877 -0.8213986924940241 -0.0035576087796000623 0.9997915491211323 0.020104768731297063 -0.23590906774350165 0.05472743112682927 -0.019880104330034398 0.9983034056508501 32.777453176621975
0.9984113363976558 0.004957576552839995 -0.056126872239317976 -0.8682920678971034 -0.003857576486964713 0.9997986939225657 0.019689863747115594 -0.23591099826377668 0.05621318756567012 -0.019442069474608182 0.9982294743586024 33.56721849530716
0.9983466701140755 0.006337379264823938 -0.05712936106933224 -0.9114054841880509 -0.005187441600961369 0.9997813981629381 0.020254538676516446 -0.23381117168687196 0.05724523317947942 -0.019924696018149564 0.9981613044828034 34.25498962305409
0.9983051153226166 0.009055350974084855 -0.05748823653090079 -0.958369912520834 -0.0077910608936980815 0.9997236724591141 0.02217832489198364 -0.23257134764521734 0.05767318346378449 -0.021692840837470626 0.9980998069158984 35.00277493795081
0.9982842765980423 0.010385940541221649 -0.057624954110159284 -1.0032271737291631 -0.00907189951191487 0.9996938831545562 0.023018267150520324 -0.23272308132069094 0.05784638049497543 -0.022456006377831586 0.99807290517336 35.72606908816861
0.9983149932887682 0.012123942080372797 -0.05674666689135851 -1.055493725276242 -0.010924254124892303 0.9997112273045176 0.02140380043619205 -0.2347708273454947 0.056989778440188835 -0.020747819878949383 0.9981591522014965 36.565756932399665
0.998382489866576 0.013172512375707253 -0.0553072223631634 -1.0993958501216388 -0.012139104660045447 0.9997461795327437 0.01897942696021386 -0.23887037222263724 0.05554319099465771 -0.018277347384056286 0.9982889824628614 37.286375483994846
0.9984839761557031 0.013275420861964956 -0.05341827927999344 -1.1317904758093955 -0.012359467535130406 0.9997715050276118 0.017440794049430167 -0.24307414598877244 0.053637607352917296 -0.01675413190124415 0.9984199047202993 37.86242403165206
0.9985810552266939 0.012013550431632023 -0.051880157559222526 -1.171310848048332 -0.011093143871018554 0.9997765778703862 0.017992679090103717 -0.2468427651937855 0.05208472234158499 -0.01739163442029547 0.998491218164082 38.55971640841087
0.9987143516609995 0.011929642475814182 -0.049267914678308725 -1.211266365329398 -0.010986959627549994 0.9997521979548892 0.019360511421787605 -0.2469414558902209 0.049486669967703865 -0.01879431602293182 0.9985979387024286 39.329838281645095
0.998873490577772 0.01256999686425378 -0.045757458406371895 -1.2414583502871235 -0.011634937234026971 0.9997191784767244 0.020644428337598098 -0.25544562776919316 0.04600410912666885 -0.020088787038012538 0.9987392365271351 40.01775387257629
0.9990298317719432 0.014399523098549766 -0.041617892357228056 -1.2730887649212224 -0.013535887640990363 0.9996886937813847 0.02095937192384177 -0.26247526164576024 0.041906741408679976 -0.020375702692318955 0.9989137378994755 40.71986004553581
0.9992404457165244 0.015631527297563917 -0.035695756030479316 -1.300940356159311 -0.014892911961896564 0.9996713733967887 0.02086495588962098 -0.2667116168280657 0.03601017658297698 -0.020317494071025215 0.9991448676829292 41.453816030997636
0.9994036742552146 0.016038993672525127 -0.030578531147678452 -1.3216561997967633 -0.015382756279754257 0.9996488505357142 0.021576525018290167 -0.2635058584919832 0.030913859261090693 -0.021093276288901144 0.9992994581210312 42.19738560898003
0.9995731963543463 0.016762796174452678 -0.023925588694318645 -1.3341596109747251 -0.01623332221423329 0.9996227399215477 0.022155294663554346 -0.2595007040313098 0.02428794721348087 -0.021757446912581316 0.9994682131633815 42.9460943056738
0.9996994800998681 0.016697753691014356 -0.01794810602065511 -1.3497520565004253 -0.01631528854426216 0.9996410861757034 0.021248769121534776 -0.2578174547111664 0.01829647091031293 -0.02094955491501044 0.999613102805827 43.61496671810675
0.9998078948097593 0.016269101236820644 -0.010931139969109162 -1.3601096754979545 -0.016037767644501547 0.999652359613959 0.02092725321745256 -0.25841169940034747 0.011267807464593717 -0.020747921900577903 0.9997212412726609 44.18995664760625
0.9998420912432872 0.01736879504793663 -0.0037573310785659025 -1.3648528447327124 -0.017288538640515317 0.9996417837694617 0.020430628328244726 -0.2684179328913493 0.004110840537723882 -0.020362443389589552 0.9997842126625528 44.67214670445328
0.9998282062805116 0.018372350639871346 0.0024524799410836013 -1.3630438617093759 -0.018416215219748306 0.999644973427568 0.019255391919656303 -0.2802206657959061 -0.002097842433480105 -0.01929724936267533 0.9998115898628903 45.11879473992451
0.9997797965429532 0.01858645663946129 0.009741768531493486 -1.352752941624519 -0.018747295970629695 0.9996849828109667 0.016687541341646878 -0.2825651753325527 -0.009428537443388754 -0.01686649850529112 0.9998132945254582 45.67129953807211
0.9997133547558892 0.017720645007763325 0.016099287662373743 -1.3444762506437364 -0.017967747942188046 0.9997209456696364 0.015335932423457443 -0.28899164615667244 -0.01582303247209665 -0.015620804394130567 0.9997527804979932 46.197093779803446
0.9996295990614824 0.01748894221814649 0.020851896323162818 -1.3384544219352998 -0.017818973086862124 0.9997172016917459 0.015748042410345154 -0.2947035523843882 -0.02057058283839528 -0.016113768700049023 0.9996585404926883 46.75420654942084
0.9994767772863887 0.017976405048213108 0.026889041015974977 -1.3326338535355409 -0.018418642741924066 0.9996976408643816 0.01629050182586131 -0.29857571933489213 -0.026588066209515423 -0.016777237905436074 0.9995056773343033 47.3269944883642
0.9992325342747327 0.017579280102790296 0.035004447688312595 -1.3134224725197552 -0.01817879243042138 0.9996922046594101 0.016882755965261904 -0.3056670160472178 -0.03469688678639379 -0.017506137617377893 0.9992445452405806 47.90725148012325
0.9988279723513053 0.017474081274429887 0.04513688217184795 -1.284085457875567 -0.01821113943509795 0.9997066119855545 0.01597010810363103 -0.30243084897324285 -0.044844576584644975 -0.01677338475027805 0.9988531511263123 48.55970839848288
0.9985043792559053 0.015868211063204095 0.05231829970892864 -1.2445967191099028 -0.016701729078297197 0.9997398533176434 0.015533123775153963 -0.30078512315431866 -0.05205820639029776 -0.016383698180590944 0.9985096482164572 49.22483777007654
0.9980271712005133 0.014692833967217248 0.06104003747962212 -1.2077095281525754 -0.015672632516276798 0.9997554109295382 0.015604067005826273 -0.3039406871529351 -0.060795839787864035 -0.016529940929245947 0.9980133400498035 49.7698274545305
0.997253775898804 0.014167444239870604 0.07269243412686666 -1.154862689647754 -0.015292578908528583 0.9997713682266554 0.014944842071105637 -0.3014284028633588 -0.07246408411002737 -0.01601545497055953 0.9972424287585149 50.32849603304593
0.9963216708738177 0.013135402381485318 0.08467933249312687 -1.105997563742011 -0.014288544162948863 0.9998130619675136 0.01302607480597323 -0.30079110263565995 -0.08449239997129049 -0.01418810499763167 0.9963231062379656 50.84035983530241
0.9948680904614131 0.013225382167589367 0.10031237136158068 -1.047438962295552 -0.014358680674962552 0.9998408899869597 0.010584091806163933 -0.30359050474644267 -0.10015643199983178 -0.011970128512595808 0.9948996960259139 51.373778663194734
0.9932718356177582 0.011436029723711305 0.11524008761142324 -0.9803700369635808 -0.012628059707489162 0.9998739944561654 0.009619112136737752 -0.30351209247856414 -0.11511556226920065 -0.011009651876123912 0.9932910927261018 51.87387391391151
0.9911349098590443 0.009441932364524825 0.13252335783524616 -0.897380720801532 -0.010921900751371458 0.9998857992037059 0.010445124927264692 -0.30488867398023445 -0.13240960139915145 -0.011799934914766006 0.9911248453112887 52.45596410161842
0.9885532363070278 0.010143869967445915 0.15053106287070978 -0.8154032495736938 -0.011826667252177257 0.9998771357484958 0.010288019687613026 -0.3033525198694643 -0.15040820765040827 -0.01195053594906875 0.9885517466283301 52.95638789131005
0.9853923864102354 0.009791683106663155 0.17001755129009744 -0.7222882413661682 -0.011705355558312544 0.9998788819019495 0.010257006276850974 -0.29724377770154414 -0.16989652573256386 -0.012097291781575188 0.9853876526908365 53.4479167834891
0.9816514491970941 0.009259341196865629 0.19045917381382885 -0.6135011758315593 -0.011559611489312593 0.9998730087807575 0.010970036186567457 -0.2933483510526387 -0.1903334118631367 -0.012970385974151838 0.9816338224695706 53.979626139017924
0.9775932903002698 0.008474939150174816 0.21033196182771458 -0.48200708222812993 -0.01109104268377132 0.9998750761546731 0.011261476673914524 -0.2965952880009145 -0.2102102460206951 -0.013341944801684385 0.9775651614991349 54.55102135578599
0.973065751240089 0.007943253172255178 0.2303908602627389 -0.34245754901913705 -0.010809151796439796 0.9998790798923783 0.011179795660760022 -0.3033871492354741 -0.23027419742777305 -0.013369006044440435 0.9730339478540206 55.12254490729379
0.9675644397191416 0.007577979359642125 0.25251065169574616 -0.21047082717199506 -0.010736643439993868 0.9998803779342487 0.011133476982081454 -0.3002982835483872 -0.2523960765911944 -0.013483473250351315 0.9675300597244931 55.591205892456905
0.9603313108632981 0.006341585919595985 0.27878945041662906 -0.046557785538963725 -0.010036072498616223 0.9998796971400001 0.011826601203578554 -0.29815629380781855 -0.27868091184073635 -0.014155406573120715 0.9602794248760972 56.11728257039135
0.9514846923259509 0.004436814433610496 0.3076640943416612 0.14995660553773246 -0.008834216771997376 0.9998777455728242 0.01290157053371753 -0.3023925685817226 -0.30756923916968404 -0.014993618172170263 0.9514075648904058 56.65557211708726
0.9411346039754136 0.004728264313655024 0.33799896555555325 0.32979323694225576 -0.009970162611417782 0.9998554224112413 0.013774256144876927 -0.30360292617572415 -0.3378849701563327 -0.016333333751044513 0.9410456785677485 57.10412512944796
0.9294969242493523 0.0032742873714922617 0.368815328929269 0.5359347479995474 -0.00963143823212717 0.9998350704917849 0.015396987116721925 -0.3049854353936603 -0.3687040862379705 -0.017863674227343848 0.9293751588753193 57.58258005901536
0.915603162594007 0.0006081431935035972 0.4020826765849417 0.7537023025036816 -0.007781201756110382 0.9998383842342647 0.016206736594692347 -0.3075432468957929 -0.40200783766872683 -0.017967625710572643 0.9154599187726582 58.02399829760786
0.8977447616722435 -0.0026082471269895514 0.4405082745385988 1.0101666908112832 -0.005610876797371586 0.9998336500426318 0.01735483517631401 -0.309937800915865 -0.4404802617048961 -0.018051850025879897 0.8975807873161235 58.492968840724636
0.8777632806769933 -0.006365972643103399 0.47905229097403457 1.308917895946581 -0.0025625926201674645 0.9998350285221164 0.017981903660225 -0.30398071607629457 -0.4790877333163801 -0.017011470615141102 0.8776021613768311 58.98742897071436
0.8563320745539738 -0.007551678760472788 0.5163703615022734 1.5837255826885912 -0.0011129155230312343 0.9998637711071159 0.016468170708978748 -0.3003578311500754 -0.5164243792745736 -0.014676899378277883 0.856207013002997 59.3819041952133
0.8313061565109778 -0.008734139098272744 0.5557461551474376 1.901367283858961 -0.00018127529724766594 0.9998722119568396 0.01598520865699417 -0.29177477475723457 -0.5558147544697014 -0.013389345419140435 0.8311983422403074 59.817886442485815
0.8043539433371065 -0.009457731276086585 0.5940751511022475 2.23156563732343 0.0008129462058582067 0.9998898822286957 0.014817642699010702 -0.280948334022585 -0.594149874153412 -0.011435678195826336 0.804273058300282 60.20807013515392
0.7753959526870557 -0.009215167863755624 0.6314081067247858 2.5072831583209663 0.0010586879732264298 0.9999110808040921 0.013293218758908472 -0.27176572485883166 -0.6314744616659578 -0.00963904385505408 0.7753367610898196 60.49456950362464
0.743402978293022 -0.008130082240357769 0.6687943732028792 2.8580389287285266 0.0005850397116634423 0.9999336416863808 0.011505214137628918 -0.26910675554302593 -0.6688435314732459 -0.008161739188551584 0.7433584037460113 60.826620292786444
0.7064132097970288 -0.009451996002518464 0.7077365588945015 3.223991183713146 0.0019444997185940624 0.9999329733687288 0.011413487233192791 -0.27185239631285807 -0.7077970019328327 -0.006686444611768051 0.7063842407028561 61.14358655470996
0.6647767972721187 -0.010579704080682236 0.7469671208762759 3.6339671249182612 0.0024289747886481676 0.9999250379215718 0.012000775767622766 -0.27056333109352726 -0.7470380913247358 -0.006163472975023541 0.664752662056186 61.46487117235119
0.6188783419180541 -0.012454262496036069 0.7853881137695192 4.107293606282996 0.0021891820580313857 0.999897758950042 0.014130786552987856 -0.2721939786488877 -0.7854838033891474 -0.007025880184655723 0.6188423317945809 61.80269893946006
0.5705431877343278 -0.01445435099441679 0.8211403915697275 4.6181243208155935 0.0012587661518201133 0.999859323556507 0.016725686978568452 -0.271021735657298 -0.821266635410042 -0.008509103034998697 0.570481120395595 62.13507870349539
0.5209128975244592 -0.015399435645179663 0.8534709195833713 5.139884515291968 0.0004089170475988867 0.9998416463956504 0.017790866187146263 -0.2667557926116764 -0.8536097386859667 -0.008918492846368751 0.5208367061813414 62.42088094799969
0.47125004201269016 -0.015313181378704823 0.8818667157678107 5.746830981515004 -0.0008322415918180492 0.9998411056972741 0.01780648005618866 -0.26136736700827445 -0.881999266029726 -0.00912523063387899 0.47116241879940723 62.74095647825893
0.4196427435367032 -0.01779381200195386 0.907514929933074 6.346281704010279 -0.0015763894118815847 0.9997920399017188 0.020332042336874936 -0.25637846665355796 -0.9076879875780092 -0.00996279095462155 0.4195274246136762 63.00638754222478
0.37405895661702276 -0.020216356491742315 0.9271845533143805 6.991079620771482 -0.0012693023772106064 0.9997502804167829 0.02231066287777328 -0.25240900048839665 -0.9274040574884632 -0.009522380835128907 0.37393988610092305 63.24945149807342
0.32307881536800637 -0.02104801657445332 0.9461379709422357 7.616857642583993 -0.0015076651691570031 0.99973992820272 0.022755282968228877 -0.2552069827296465 -0.9463708607127271 -0.008778209128745646 0.32296305831836036 63.453179896725814
0.27168603843609596 -0.021445418327520817 0.9621469693096069 8.243781781682907 -0.0019128939065889143 0.9997376814073211 0.02282343557009027 -0.25498979167868024 -0.9623840383941367 -0.008041293868374644 0.27157374732679906 63.62474034587043
0.2182176005968494 -0.023150180513207677 0.9756255162366162 8.871171522893508 -0.00022113291764610735 0.9997173981082546 0.02377130665110387 -0.2497636749422237 -0.9759001126600978 -0.005403060417391215 0.21815081262314692 63.75661399851692
0.1742641935286258 -0.025994354156351835 0.9843557712564174 9.563456624842466 0.001423801347679708 0.999657111457396 0.026146363081399043 -0.24847641780072227 -0.9846979047624429 -0.003154847802375468 0.17424145112975797 63.85976700376319
0.12679475667559686 -0.026057947310222606 0.9915866442533192 10.221229787313927 0.0018550848402496126 0.9996593658955024 0.026032879933736677 -0.2391643742914785 -0.9919272394383657 -0.001461355325214871 0.12679990576022443 63.91407084194483
0.08622994952694864 -0.024330777295233547 0.9959781167680313 10.775083436004476 0.002486290411951367 0.9997038871507923 0.024206535803164127 -0.22983394471779084 -0.9962721586818394 0.000388962481704592 0.08626490910921134 63.94071741824599
0.05532574659452886 -0.022237796726826454 0.9982206881048392 11.355412878617011 0.004969160104976873 0.9997457015167467 0.02199635757677892 -0.2232662006201801 -0.9984559926264219 0.003743353513997578 0.055422180513402336 63.9545308274868
0.025671685928426786 -0.02288985718057567 0.9994083344558667 12.04897304609708 0.0052901434869042 0.9997269322735437 0.022761266854543015 -0.21803342944359155 -0.9996564304417217 0.0047026933972564985 0.02578576644839589 63.95931565512531
-0.000528965150959493 -0.02302881765783934 0.9997346616743644 12.69810016329448 0.005237191365220131 0.999721027195184 0.0230312746155506 -0.21440526073656002 -0.9999861459152711 0.005247984479286011 -0.0004082112590788442 63.943873191721785
-0.021487766037985544 -0.022645169500661103 0.9995126173335622 13.266175797718658 0.00581154138197041 0.9997237270140852 0.022774890380403902 -0.21033819069454276 -0.9997522202513316 0.006298090453470392 -0.02135022620904672 63.916474680312675
-0.036907957935057356 -0.021097889635525544 0.9990959321776844 13.81298005067391 0.006433088986419171 0.9997513788123664 0.021349377716270792 -0.2025077469253293 -0.9992979625753081 0.00721523497236018 -0.03676305723327133 63.88672794364935
-0.05245929381349215 -0.019015117141781435 0.9984420102402939 14.344580611693 0.007693087769439748 0.9997813336254152 0.019444827969539565 -0.20388213983412387 -0.9985934302273206 0.00870116396108127 -0.05230153776478262 63.84491347203902
-0.06403845865667855 -0.017667329978195305 0.9977910308598306 14.876355288480914 0.009266817801136955 0.9997896423099994 0.018297464783159044 -0.21215586027298988 -0.9979044051915605 0.010418089128624972 -0.06386126774650364 63.80226733074509
-0.0737795906910518 -0.015279708900636155 0.9971575113758998 15.43831379042971 0.010884858772786582 0.9998107223562044 0.01612573443501045 -0.2146403905526249 -0.9972151682796258 0.0120436687717576 -0.07359930839049264 63.7533301065996
-0.08066707709554888 -0.013174959622891023 0.9966540237774595 15.99686493203805 0.012802876583125653 0.9998164522944634 0.014253002228212928 -0.21700077367831358 -0.9966588729470395 0.013909786492084603 -0.08048359345659584 63.69689374697652
-0.08364627006149479 -0.01305884527291035 0.9964099397662304 16.61555656808612 0.01347379027610589 0.9998078999460253 0.014234471578578666 -0.2192352719152438 -0.9964044151249031 0.014616079011281874 -0.0834542494660456 63.643386003842295
-0.08566235590220816 -0.015736027931468548 0.996199948908967 17.274096291782318 0.01225242471311842 0.9997830182514101 0.016846201493417118 -0.22538162718224963 -0.9962488839993437 0.013648950181148868 -0.08545096423692206 63.59354448682395
-0.08633680576738915 -0.021898431484781034 0.9960253082469319 18.109134482061243 0.010834637008475355 0.9996786382981926 0.022917913761357888 -0.2230461019927468 -0.9962070902231043 0.01277023213511834 -0.08607179886836626 63.522889704392725
-0.08764550053255472 -0.02756158741187126 0.9957703676730599 18.984290423607497 0.009386186300186599 0.9995499414085446 0.02849235225319476 -0.21878522050818106 -0.9961075071211649 0.011843712657765695 -0.08734735672786063 63.448568050379336
-0.08812627779835334 -0.030331424312363294 0.9956474094078667 19.794983021078014 0.0102208765897788 0.9994561412652339 0.03135211905042901 -0.2245970211950943 -0.9960568722935201 0.012939334851495852 -0.08776833580772109 63.36969565143874
-0.08888667710292261 -0.028423461183169896 0.9956361109802995 20.456506035931632 0.011133939476345611 0.9995019475960589 0.029527819821812837 -0.22142387044789627 -0.9959795148623007 0.013709981986173451 -0.08852594178319118 63.303895087716484
-0.08897108896666926 -0.02127295190315208 0.995807012852097 21.175757621075633 0.011806939836098363 0.9996791297927539 0.02241056957143804 -0.21077612084575542 -0.9959642270181182 0.013751326268243604 -0.08869137233165655 63.237313459288785
-0.08869333704949812 -0.014228474013690937 0.9959573497345512 21.933001482899986 0.012863431100312149 0.9997982205871034 0.015428877185199369 -0.19709381213927557 -0.9959759154233385 0.014179867351642008 -0.08849241356488242 63.17384153643282
-0.08718062924585211 -0.012592924229763132 0.996112923389535 22.759174903466292 0.013995410651681004 0.9998059332091906 0.013864501447832255 -0.19241093577636473 -0.9960942055674219 0.015149725378684966 -0.0869874672350123 63.10324379518216
-0.08540995952623985 -0.016560856550315056 0.9962082497369967 23.691355633509914 0.014299962231234795 0.9997384895049094 0.017845550779778667 -0.1892291766851406 -0.996243268430917 0.01576992811550785 -0.0851508043022518 63.02443805928407
-0.08373590118903845 -0.021370221939637283 0.9962588079742705 24.63736438227734 0.013677605895526763 0.999651187979257 0.022592597651282745 -0.18570014144030805 -0.996394109752276 0.015518246869950786 -0.08341439962654543 62.950556850347006
-0.08322962056734036 -0.02274496673277407 0.9962707948888923 25.512570205167382 0.013487188151618541 0.9996222180065573 0.023948215453752576 -0.18296396274422022 -0.9964391230857927 0.015430092546109726 -0.08289141226954148 62.88215565718934
-0.08245269224424162 -0.018102504543397596 0.9964305559701272 26.35537149596943 0.01448192182783543 0.9997076818533775 0.019360392132509327 -0.18032114936427357 -0.9964897528233061 0.01602654587265553 -0.08216643077037497 62.81395808020504
-0.08106035768754792 -0.01167066748780949 0.9966408650722484 27.08545375165551 0.01508183270474021 0.9998026009640331 0.012934350692105965 -0.17512704643595337 -0.9965950816323735 0.016079633887285432 -0.08086834139648123 62.75305613221399
-0.08034887993954631 -0.010675202692092284 0.9967096355207703 27.988005318540687 0.013996319268139863 0.9998319807689274 0.011836945494212495 -0.17449491203124717 -0.996668530926611 0.014901351588745384 -0.08018596623739048 62.689464422744415
-0.07869356633682065 -0.014064134898529701 0.9967996402119897 28.95368321104915 0.011717664446894689 0.9998183542846596 0.01503179215630852 -0.17215961819236406 -0.9968299849809428 0.012863069038003152 -0.07851447317419366 62.626598727411036
-0.07451330146396569 -0.017153895481342635 0.9970724706734005 29.879248664577652 0.01217206011441084 0.9997619095474826 0.01810980868336733 -0.17335758992476163 -0.9971457310030042 0.0134858476853392 -0.07428676231130613 62.56257862299656
-0.0697463734055293 -0.017199387115235974 0.9974164749389497 30.730222936832345 0.012681250208579613 0.9997552783730781 0.01812647947953963 -0.17667034483834695 -0.9974841498940863 0.013912744087167871 -0.06951119522811487 62.50777625629654
-0.06507712875809708 -0.014871239294908562 0.9977694190314911 31.50113754584215 0.012132784059202905 0.9998032451103352 0.015692884305349385 -0.17379595837652445 -0.9978064756572684 0.013126968754510502 -0.06488389497975054 62.46262078952066
-0.05833824653950709 -0.014312644372371869 0.9981942682673393 32.28839260435034 0.012529288992302132 0.99980796708357 0.015068041464350106 -0.17430931358072027 -0.9982182456297054 0.013385707575395771 -0.05814771641829905 62.42072143178965
-0.053899396065694036 -0.015087488749019207 0.9984323826814735 33.148815698386194 0.012111039463825838 0.9998024216111775 0.01576199427532933 -0.1735847097246583 -0.9984729229312442 0.012941615960848113 -0.053706021538211336 62.38489841182297
-0.049655957487404076 -0.016936255186883097 0.9986227762004314 34.040072364348305 0.012386327496956527 0.9997688822468149 0.01757159588930604 -0.17985399487877135 -0.9986895737801365 0.01324180317040364 -0.04943470311076045 62.345689175719954
-0.04352850301801373 -0.017192599604442124 0.9989042416287233 34.91392782465597 0.013709961990228526 0.9997474857345819 0.017804541825402843 -0.17753700688350202 -0.9989581104166682 0.014469944237189194 -0.04328180156295919 62.31226081917933
-0.037979240891676834 -0.01658654487738906 0.9991408628368299 35.7213838531051 0.015868455424412575 0.9997261480030127 0.01719945119780405 -0.17522985450125472 -0.9991525255854274 0.016508044344881335 -0.03770563735268265 62.28046420852489
-0.03320343194978414 -0.01621398630330958 0.9993170861918229 36.585050709802545 0.01672222982917749 0.9997194248992372 0.01677612913288313 -0.1697215219351445 -0.9993087106276516 0.017267835049568043 -0.032922981888107994 62.25611302406722
-0.028109152528525982 -0.01681235988562863 0.9994634661152991 37.46496426274447 0.017341875680320015 0.9996998693257525 0.017304063625827603 -0.17327516351014868 -0.999454418616487 0.01781897374021489 -0.027809158254595623 62.23679747667312
-0.022474292428678464 -0.017578507933664524 0.9995928682411955 38.25574557501693 0.017394713455526973 0.99968717995842 0.017971259571511678 -0.1760648945547022 -0.9995960834875427 0.017791522858165692 -0.02216148891110458 62.224991767574465
-0.01633279646024915 -0.017163216287814986 0.9997192924848702 38.959085315546254 0.0174130355794177 0.9996961427530083 0.017447302274905273 -0.17954194495014805 -0.9997149723554719 0.017693110846305735 -0.016028969925804052 62.221180389901
-0.012092282969986212 -0.015100387460596432 0.999812859984866 39.64273253976331 0.017209720924382423 0.9997347200678355 0.015307351063997143 -0.18171973477430928 -0.9997787766292513 0.01739160111753489 -0.011829201675933276 62.21673009214748
-0.0060858013059798145 -0.014527634773854855 0.9998759477306901 40.343326838514535 0.017870591879599156 0.9997332035587233 0.014634331145985027 -0.1878526059182252 -0.9998217866041632 0.01795743662372289 -0.005824560203829608 62.211841376666676
-0.0011972062004440543 -0.015180083372471023 0.9998840591619224 41.09108948541611 0.018009881312083795 0.9997222758149565 0.015199191244734633 -0.19785453134963812 -0.9998370921667401 0.018025989797350653 -0.0009234822074819587 62.211446796477055
0.004872348712063484 -0.01586369516974727 0.9998622922150796 41.85278396632313 0.018921365895213184 0.9996966164250366 0.015768862387554636 -0.20659169941463884 -0.9998091028444835 0.01884192887948331 0.005171033302249658 62.21160651004888
0.0102105218810017 -0.015510642957908667 0.9998275677325333 42.588742881348594 0.019737443225994168 0.999688017197095 0.015306913713949384 -0.21403195350153023 -0.9997530587989325 0.019577748276497765 0.010513476808546512 62.21818399420054
0.016497237382336195 -0.013620665066731139 0.9997711331309251 43.28888478080274 0.020513196460800496 0.9997013643116655 0.013281226011173704 -0.2214875572673927 -0.999653464921577 0.02028939813151694 0.016771714096935487 62.225724865480366
0.024132747616297044 -0.011227324493063998 0.9996457160800615 43.886502892686046 0.02222985559370534 0.9996957192836627 0.010691228470466569 -0.228044988833907 -0.9994615770567542 0.02196397119493993 0.024374986288749602 62.2375767983203
0.029841261936255935 -0.008988041866981128 0.9995142391129066 44.45612173373277 0.022342836813203367 0.9997157239882754 0.008322791222991736 -0.23652439095775865 -0.9993049067873094 0.022083620944046665 0.030033597134032 62.25578346057254
0.034450984292408976 -0.0076424965833063446 0.9993771670031599 45.193879801321664 0.022074417387251105 0.9997326278174855 0.006884255527143741 -0.2467368111675414 -0.9991625742482054 0.021823499332685677 0.034610476717009404 62.28765601553158
0.03894387838611423 -0.00795812156330679 0.9992097090388157 45.97792964553866 0.02200638775194897 0.9997325860655811 0.007104594058846996 -0.25954435287713556 -0.9989990456623878 0.021712315855609773 0.039108593759272656 62.3213031840941
0.0430988723449748 -0.008338096222366028 0.9990360170454226 46.79062725828328 0.022734440055682526 0.9997144250734923 0.007362984132554393 -0.2706429433420127 -0.9988121106784547 0.022395188129779878 0.043276126336418114 62.36144670343169
0.04769049013710261 -0.006321280352972422 0.9988421589846845 47.62995701579772 0.02270994798302459 0.9997283498872162 0.005242584705751656 -0.280764314093189 -0.9986039632472397 0.022433632039591516 0.04782109095808016 62.41289841184407
0.051421441500023014 -0.005346808049288612 0.9986627293524817 48.54859588667694 0.022463017433721064 0.9997388693637804 0.004195942207371493 -0.28907857656887814 -0.9984243828161629 0.022217216903098348 0.051528119228714586 62.47313453170046
0.055598905029508136 -0.005656378649319956 0.9984371623392727 49.43566270581946 0.023458943373273495 0.9997153054897079 0.004357286476070519 -0.30047896228991006 -0.9981775592224725 0.02318002049611939 0.055715768992900046 62.53277548806597
0.05959779707391843 -0.0053080885963625426 0.9982083583998851 50.38439343165178 0.024316718943031983 0.9996968366934653 0.003864179722743569 -0.3156810679921785 -0.9979262496616598 0.024042855498822038 0.05970880450721763 62.590811144821785
0.06424219892350963 -0.0005776388230297341 0.9979341692771456 51.33747915814338 0.02443079688466277 0.9997010292969235 -0.0009940755792521153 -0.3306815105248128 -0.9976352419802822 0.024444188594981847 0.06423710456488826 62.655118691052195
0.07240813001965422 0.004048424917967328 0.9973668697940318 52.145970020955765 0.026516507464780594 0.9996304728339395 -0.005982692844398945 -0.349063791356557 -0.9970225361238988 0.026879881649363092 0.07227402315901024 62.7135151350191
0.08069893611477352 0.008935357814054794 0.9966984704968114 52.84686521160561 0.027531066546981113 0.9995583136611897 -0.011190083359376452 -0.3641518694920354 -0.996358229797262 0.028343199740659214 0.08041729256653507 62.7697527730971
0.085630723635966 0.012386562378599877 0.9962499446634997 53.55845122436838 0.027220898454140913 0.999520365009571 -0.014766943437563018 -0.3856872102219857 -0.995955019996854 0.028383322631078435 0.08525247878795048 62.82957508191345
0.09062972617379826 0.012271575799914168 0.9958090485434713 54.39354255369108 0.028011134259534682 0.9994970575297542 -0.01486634948003327 -0.4179529125991505 -0.9954906474152132 0.029241074138189972 0.09024040387813102 62.907326166335835
0.09572991130023988 0.012054691129927915 0.995334350107648 55.21116094028357 0.027928221284273757 0.9995004919852438 -0.014791246639702365 -0.45119382870032726 -0.995015476532073 0.029213882710483793 0.09534542736090308 62.990686788050574
0.09995232363493127 0.010912474109874308 0.9949323850939736 56.07427941248509 0.0271606457842803 0.9995373129617375 -0.01369157835366445 -0.4827065707271168 -0.9946214517697485 0.028391511161524982 0.09960968714641252 63.08094640502382
0.10525021220287162 0.00786685085416168 0.9944146547034056 57.01382577344383 0.025935479032222247 0.9996068552627739 -0.01065297324890484 -0.5119354449363398 -0.9941075111669883 0.026911848121433355 0.10500480309047412 63.18751570194976
0.11240625796200147 0.0032024795626186355 0.9936571729201353 57.87829836794845 0.024632909426291746 0.9996785074496753 -0.006008453743736925 -0.5355265829552185 -0.9933569614917791 0.025152054942797965 0.11229123379845099 63.292904522541264
0.11909193216027475 0.0006195272269779419 0.9928830383687461 58.90066380055236 0.025243207497143885 0.9996746703137077 -0.00365157615855113 -0.5527776676924705 -0.9925622862921969 0.02549842581808908 0.11903754916500403 63.42123517132069
0.1254904274766104 0.0018285537557802788 0.9920931453260352 59.80153650627084 0.025992179467968862 0.9996489819858569 -0.005130245720308552 -0.5648326742553463 -0.9917542836903943 0.026430459810757485 0.12539884997857617 63.548930765627524
0.13141259194356333 0.006775265389998213 0.9913046083104703 60.52165548200203 0.027240577773659423 0.9995743573571656 -0.01044294195005525 -0.5747610192278483 -0.9909534205002957 0.02837604434924118 0.13117209499683297 63.65584996505066
0.13848872364139633 0.010441038577309453 0.990308971047728 61.279820893514156 0.027321527195974818 0.9995235639951118 -0.01435894042731206 -0.593840261098938 -0.9899870744488842 0.029045304817519522 0.13813747750773797 63.774780142501825
0.1438355239273532 0.013069029504024422 0.9895153068671412 62.043437817192505 0.027571957299581017 0.9994716899191226 -0.017208376474528126 -0.6128947292828713 -0.989217432735199 0.0297580496343754 0.14339919544664176 63.898580101585004
0.14713479783676967 0.013457869434571801 0.9890248920102166 62.81842615484531 0.026498278206065096 0.9994949248088408 -0.01754242097001454 -0.6341310113291336 -0.9887614436848005 0.0287885573042007 0.1467038733322875 64.02133594290517
0.1492968261450131 0.011147347003857385 0.9887295860637563 63.67180604856126 0.025774250401961848 0.9995528122782282 -0.015161249384783778 -0.6577721916506483 -0.9884564460406168 0.027747290344576497 0.14894274792446613 64.15241064495899
0.15103165095391916 0.005987022594573317 0.9885107970935831 64.58470580570562 0.025569171286511053 0.9996234274170156 -0.009960965755646273 -0.686075007160402 -0.988198187556453 0.02677982299262202 0.15082169336878973 64.29225838963887
0.15260155557710217 0.0013788318641820812 0.9882868328871656 65.53151293917087 0.02468500773152739 0.9996817215246566 -0.005206346396329967 -0.7142479313354748 -0.9879794611370961 0.025190364669739514 0.1525189493114298 64.44368268507687
0.15450764414542578 -0.0020323966328009485 0.9879895026084857 66.40134366142279 0.023546422885288496 0.9997214225715442 -0.0016257985240162923 -0.7332866283047688 -0.9877109667660584 0.02351481693444604 0.15451245747382908 64.58329800360934
0.1560600216680107 -0.002277053422467502 0.9877449491972595 67.18184077826199 0.0244971265269751 0.9996986740631001 -0.0015658443109722573 -0.7494635342499476 -0.9874437505138737 0.024441278693964844 0.15606877800156735 64.70736618161365
0.15697064927981133 -0.0007318881885574058 0.9876029969599925 67.88785950438508 0.025088691451871696 0.9996799567615549 -0.003246784633056019 -0.7658079789272407 -0.9872845450152202 0.025287316759595474 0.1569387740018145 64.81549086273364
0.16007743355801204 0.001791119067585254 0.9871028351483808 68.62777375874269 0.025338538768845082 0.9996613807461776 -0.005923031125253641 -0.7828683659190635 -0.9867791919768797 0.025959887078658893 0.15997784391697267 64.93593504626034
0.16234209484736922 0.0054433633856485674 0.9867195214627231 69.38492365979359 0.02478808453875234 0.9996467003001928 -0.009592989306871429 -0.8057485117000796 -0.9864231318787446 0.026016232893981073 0.1621498088822144 65.05831916505787
0.16553265640363243 0.009760266809560237 0.9861560104039159 70.14102363624123 0.025397345415375118 0.9995771989213735 -0.014156208615222246 -0.8312293371094333 -0.9858772309521161 0.02738905964635816 0.1652147841504479 65.1878097119899
0.16944203110796216 0.012353878506756802 0.9854627236886508 71.00223044626917 0.025831622005738814 0.9995222308918835 -0.01697166042171927 -0.8582143707754355 -0.9852015658729764 0.0283318131922017 0.1690419562199903 65.3369160507341
0.1729741678787688 0.012346447716054183 0.9848489744501172 71.77497943682388 0.02606140441722088 0.9995139485899123 -0.017107594045026268 -0.8835038021420011 -0.9845815052327832 0.02862571925737585 0.1725683277735178 65.47735149013606
0.17496083040955193 0.010109439130426515 0.9845234923874969 72.73524688358292 0.025812229486481826 0.9995564910667509 -0.014850925064349919 -0.9123633733569182 -0.9842369819465945 0.02801107650194722 0.1746222865554818 65.65531090612897
0.17607389554546377 0.007700372316353899 0.9843468329677498 73.62235216491473 0.02625258377033634 0.9995769936417677 -0.01251541559323904 -0.9395866178669252 -0.9840268213584574 0.02804528566942309 0.17579726049883085 65.81829392513083
0.17699760628627245 0.0055071932392078094 0.9841958738948057 74.44234959692244 0.026824541579849807 0.9995858748044415 -0.010417430608113357 -0.9613281854765278 -0.983845664389473 0.02824446342329717 0.17677657918392173 65.96776511547463
0.176999857571074 0.005658981275232695 0.9841946079667124 75.21756223069424 0.025702012764202236 0.9996158614395684 -0.010369961345298294 -0.9828439440492291 -0.9838752242838984 0.027131264057554727 0.176786417891621 66.11104261201541
0.17695435198037698 0.006855868119329407 0.9841951810426324 75.93464251076344 0.025962803534977163 0.9995952426479151 -0.0116311524908117 -1.0009215279113142 -0.9838765624547686 0.027610649177277603 0.176704730848385 66.24029127675128
0.17580155422618254 0.009437891429321933 0.9843803836612306 76.72773325011127 0.02640381634065472 0.9995490896024287 -0.014298809657079732 -1.0235484892387199 -0.9840714669241816 0.02850515182083325 0.17547308712552928 66.37628528615943
0.1750231791818829 0.012979058433575287 0.9844787609650343 77.5473386973459 0.027573682880970517 0.999456279615098 -0.018078637955644784 -1.0505097251005322 -0.9841781234926171 0.030309885848175754 0.17457013507018973 66.51753442705235
0.17365709217440603 0.014539765307700086 0.9846988420640761 78.360426671584 0.028968383864802827 0.9993829104853956 -0.019865320687220456 -1.0779598344422316 -0.9843800318341464 0.031974887873793684 0.17312873670095025 66.65689302312975
0.17287078165990963 0.014211125669043177 0.9848419856786754 79.21930699309254 0.03029684427123815 0.9993460332339443 -0.019738467184407096 -1.1056899753058056 -0.9844784375878937 0.0332498085228206 0.1723271776525673 66.80312969486208
0.17146787317571943 0.011374186091068564 0.9851240512541386 80.17296092597059 0.029851557674083595 0.9994142396367265 -0.01673505649167865 -1.1396570897821896 -0.984737352278784 0.032277011976243344 0.17102789691994438 66.97315765057057
0.1700847012460643 0.009789211338006474 0.9853808226992354 81.11301175952276 0.030396563481817986 0.9994227114133455 -0.015175402455853299 -1.167208995569935 -0.9849605288185594 0.03253329452393583 0.1696889549053972 67.13476581485665
0.1658059033354847 0.009434658287761388 0.9861132742449531 81.89737303557743 0.031507108688642003 0.9993930668100195 -0.014859344337839376 -1.192972940599781 -0.9856549622059381 0.03353334512185673 0.16540801142554246 67.25834221379807
0.16185057054999172 0.010794778380199446 0.986756234118827 82.67841896037234 0.034590189872653915 0.9992636221465453 -0.01660518651338537 -1.2095764303493972 -0.9862088579896342 0.03681964440747548 0.16135799394046485 67.37428888369267
0.158196082121846 0.013284474288446497 0.9873183490365114 83.47687887842417 0.03800731521793106 0.9990865425036417 -0.019532654147559114 -1.235053881914829 -0.986675956731097 0.04061530907186271 0.15754666952295127 67.49073593839483
0.15502507714097116 0.01445821878821737 0.9878047303829398 84.25291395479587 0.040696842156598495 0.9989506590484343 -0.021008279919688056 -1.264785288258211 -0.9870719287346384 0.043457343409084456 0.15427399913111736 67.60074410543567
0.15205563781250941 0.015745095358578962 0.988246515289371 85.06194426361851 0.04285936724475968 0.9988275406131526 -0.02250819299864494 -1.2916716417798935 -0.9874422300311104 0.045778117969557025 0.15120253392835548 67.7238757481234
0.1497063460749931 0.01648554885005227 0.9885930591623591 85.84139651359644 0.04290532210315962 0.998810823071913 -0.023153251383680257 -1.3225149644436773 -0.9877991411618562 0.04588209229671535 0.1488210009587932 67.84473958643713
0.14628990807684233 0.017241805924636637 0.9890914937068922 86.54862469998464 0.04409248716650428 0.9987407766332301 -0.023931436762727597 -1.3552845826156508 -0.9882586277743002 0.04711243167693572 0.14534546229980952 67.94709564143962
0.14401695308041168 0.017322668310739354 0.98942359098014 87.26211884773677 0.045788256196785164 0.9986592285086775 -0.02414913888557216 -1.3836821254104958 -0.9885153275594131 0.04878186627275745 0.14303068448082987 68.0505700480946
0.14335265212776416 0.016970573931577495 0.9895261576877965 88.03810383975167 0.047279641554165225 0.9985939171667404 -0.023975489402703175 -1.4173716875477136 -0.988541679759861 0.05022139203588783 0.1423487237720512 68.16432520774285
0.1438243604875713 0.016722828714274236 0.9894619246490182 88.8637914718623 0.048123606453292965 0.9985560904089932 -0.023871589998153617 -1.4490521976937358 -0.9884324315967539 0.05104979242763293 0.14281192828621084 68.28977990554426
0.14598020117290705 0.016297406258262953 0.9891532618430653 89.60383638855684 0.048630584299449366 0.9985372993305822 -0.023628967736363825 -1.4769332560206325 -0.9880915175914695 0.051552462548796835 0.1449741234460244 68.40035039466069
0.14820290418554902 0.01633101801830275 0.9888221260881351 90.2516939324552 0.048655765368683934 0.9985323960583461 -0.0237838289257711 -1.5017334891189904 -0.9877593409770207 0.05163672987775886 0.147190802838271 68.49884862984105
0.15077780634485813 0.015188987152347316 0.9884509840063507 90.88278999409529 0.0484877740072521 0.9985648683233397 -0.022740701884882593 -1.5255134329932964 -0.9873778349171382 0.05135658107469068 0.14982494016239273 68.60116275531237
0.15396884925842436 0.013390934126178878 0.9879849575480741 91.5906400736129 0.048132385276364424 0.9986194253279641 -0.02103608436137856 -1.556088316820018 -0.9869026633592829 0.05079297432598085 0.15311174616428347 68.71476821662216
0.15802805528325348 0.013121950983413126 0.9873474303130517 92.41589347649106 0.047249104834618236 0.9986658278178714 -0.02083474120736072 -1.5926135858405779 -0.986303531290303 0.0499437558783812 0.15719721821024812 68.84727861541533
0.16276611072126349 0.012898322122511453 0.9865803700090033 93.18973114511765 0.047498761061060615 0.9986527779942808 -0.02089250348748622 -1.6257651498570214 -0.9855207054640398 0.0502619367984788 0.16193417431452817 68.97946152570768
0.16708291809715592 0.012985207825210524 0.9858573339271153 93.93287828435211 0.047981611033716134 0.9986214014256121 -0.02128524412263679 -1.6513703585632669 -0.9847746257305522 0.05085942383164754 0.16622952663340082 69.1149340667595
0.16966228798195412 0.01390648672823229 0.9854041392563818 94.58593503157888 0.04740047973993383 0.998628029130091 -0.022254301970160668 -1.6760620526799639 -0.9843616726372242 0.050484344728167624 0.1687703421227049 69.23686897669936
0.17285481065439184 0.014913459267994133 0.9848344039310873 95.32511279464944 0.046471853957164126 0.9986483086376812 -0.023279227755377684 -1.7042241080728524 -0.9838503855888957 0.04979100709731237 0.17192810819879611 69.37745460106791
0.17732391825605326 0.015241403290504017 0.9840345154719221 96.0885331685071 0.04708638108027874 0.9986036106182641 -0.02395206832265997 -1.7405670368071648 -0.9830254832561991 0.05058189879696895 0.1763586424959372 69.52102356452679
0.18213912719960132 0.014626883920770203 0.9831639703578134 96.90679041834804 0.04720556634353213 0.9986063226424425 -0.023601840706354328 -1.7789224729100754 -0.9821389783778841 0.05070963069585544 0.1811948136827763 69.67813388592995
0.1882956293286118 0.013929456054830286 0.9820136079656749 97.73721421052481 0.04702272490150509 0.9986247968707042 -0.02318142398098524 -1.8138140371594735 -0.9809860444056171 0.050541916554137215 0.18738168360983182 69.84294754015856
0.19257336642368936 0.013309805677079097 0.981192309191776 98.50082966064268 0.04724964570980442 0.9986224177458951 -0.02281967913107656 -1.8442572966293946 -0.9801443615736131 0.05075545141347595 0.1916791971687818 69.99827284186516
0.19653742285015413 0.011053893973760569 0.9804340124901015 99.43160061916763 0.04764794055867084 0.9986473788856379 -0.020810728131588754 -1.8801321882191133 -0.979337896325848 0.050805748423444985 0.19574488689924038 70.18799352261459
0.20248833852263023 0.007499396044608033 0.9792559582771578 100.30998444561335 0.04789344268333662 0.9986982326526813 -0.01755158808635566 -1.9132643261598563 -0.9781128211562728 0.05045393102010252 0.20186557392070584 70.37804790325956
0.20853002544383303 0.005423173129415192 0.9780009292846336 101.15040710628512 0.046230599383349676 0.9988121435533113 -0.015395894618381523 -1.938168651360807 -0.9769226991779089 0.048424075454803095 0.20803160516444805 70.56497727045442
0.2148276336171505 0.00420408947330575 0.9766429303825218 101.93363596711177 0.04506041349814268 0.9988831717453047 -0.014211556544597846 -1.965442107255223 -0.9756119346183869 0.04706096934556634 0.2143982700359864 70.74514587950591
0.22137268431331725 0.0036137816641749216 0.9751825855817996 102.73304572247395 0.04631550287984055 0.998825710062807 -0.014215312536874757 -1.9832653604037433 -0.9740888095204174 0.04831295374552474 0.22094535448268365 70.9297032653641
0.2263201190935585 0.0012887274559566242 0.9740521253377696 103.54532675945529 0.04606682873531584 0.9988659786098026 -0.01202514308259725 -2.0073080675938795 -0.9729630265245177 0.04759302425177575 0.22600409965047344 71.12299246943101
0.22960994547531224 -0.0023647798436238 0.9732798573663791 104.4815169230569 0.0463652884386719 0.9988882917955841 -0.008511200955392012 -2.0343062617011274 -0.972177727047284 0.04708065770563845 0.22946432991465457 71.34274319576855
0.23169972838584604 -0.0038461024762625334 0.9727797506947149 105.30142174642593 0.045614452421032084 0.998935184788366 -0.006915079331963757 -2.05852963894138 -0.9717173239148592 0.04597503765718995 0.2316284488489383 71.53722263688894
0.235919771773366 -0.0019133190524394364 0.9717706522099804 106.09236475945305 0.04646549552600065 0.998876473483679 -0.009313884599722213 -2.0773794232268914 -0.9706610216815791 0.047351134421651356 0.23574361297192425 71.73089674281033
0.24072776480790825 0.0034397228759877646 0.9705865811750797 106.78281355343452 0.04792094099965226 0.9987320230776042 -0.015424963307213567 -2.096385254941886 -0.9694089573881074 0.05022463923073454 0.24025769280055556 71.90521848637266
0.24472312180572678 0.007640524977340607 0.9695628994715789 107.531382995299 0.05012724226163388 0.998531992238873 -0.020521209972037484 -2.117334150273254 -0.968296366427606 0.053623528917291635 0.24398086791704246 72.09345476791874
0.24778213352035522 0.007364122893838196 0.9687877910059102 108.27746156279538 0.050759606880724936 0.9984989906316848 -0.020572506333148055 -2.142094428019026 -0.9674851299205677 0.054272786933394136 0.24703641023352627 72.28886242664407
0.2503755953287213 0.006136489588831721 0.9681293326613548 108.98562166696077 0.05069454915737026 0.9985249931071287 -0.019439671451594132 -2.162042856943944 -0.9668206265639567 0.053946099357980525 0.24969520302668874 72.47520866273551
0.2527445064118043 0.004892503025508923 0.9675206860283683 109.59155424572631 0.05042904989504145 0.9985613817792793 -0.01822300045947854 -2.179963125301423 -0.9662179492254008 0.05339691220668208 0.252134179280507 72.6316469670279
0.2541199384977224 0.005907769268760626 0.9671546696987955 110.18982659094728 0.049304538310063505 0.9986020145647538 -0.019054632225597723 -2.202283292584295 -0.9659151719276117 0.05252727643318647 0.2534734026886572 72.79057565541893
0.2552512686741052 0.007749977588606667 0.9668436935139214 110.7064982404346 0.04763312781664648 0.9986528603678805 -0.02058032102422488 -2.221562431842767 -0.9657007170830233 0.051306942283020726 0.25453825390087015 72.92899775413206
0.2564341832176261 0.008821006891085378 0.9665214428635001 111.25662763812029 0.04567023828850458 0.9987309095986857 -0.021232040572197765 -2.2472425419157878 -0.9654821277538921 0.04958588558870013 0.25570588757047424 73.08638595617576
0.2585714340760213 0.00793512911107572 0.965959547396197 111.92896175755426 0.04527901903925306 0.9987675912454747 -0.02032508579468835 -2.2803682346146434 -0.9649303725734387 0.048993187319351206 0.2578934735148954 73.27109339438371
0.2603173342662775 0.0057259201655949395 0.9655061363444368 112.607941593168 0.04484183774454548 0.9988316756051333 -0.018013700217891532 -2.3106437996992937 -0.9644812569812822 0.04798434792831342 0.2597564383912425 73.45490329109464
0.2614086346145072 0.004342848810804798 0.965218454762025 113.33399097624691 0.043252167064000875 0.998932698386417 -0.016208458862753166 -2.337068714653531 -0.96425866643409 0.0459848209591414 0.2609417951346788 73.65108843382974
0.26265299506372225 0.0034070236390790426 0.9648843435220538 113.90745547969559 0.04154936193002497 0.9990262708859419 -0.01483780991058206 -2.361903177814026 -0.9639953603141805 0.04398752402281273 0.2622556825372487 73.8089586047318
0.26473662656475394 0.003742449039823246 0.964313492921417 114.46327015328494 0.04026367662166005 0.9990775237332779 -0.01493110564874187 -2.3832385600921864 -0.9634798155125113 0.04277961718122109 0.2643417285519022 73.96112461938083
0.26561166050367846 0.005305580020146781 0.9640655043227788 115.01810089973421 0.03869833320105912 0.9991202539869194 -0.016160355212044442 -2.4003428999142504 -0.9633031115967293 0.04160010689613023 0.2651726726008769 74.11724053793884
0.26649154749701776 0.005635228401051691 0.9638207817397993 115.5589494581737 0.03716542322442388 0.9991791336112122 -0.016118010810972857 -2.415724844993996 -0.9631204423275399 0.04011612090944437 0.2660633578942888 74.26846142041745
0.26632489232515233 0.006113803827613859 0.9638639287424123 116.09158172776726 0.03702817416626693 0.9991768519020248 -0.01656903561095678 -2.4292473959329834 -0.963171825816095 0.040102868051075866 0.265879284503643 74.41406434465459
0.26598083324992916 0.006331291274432388 0.9639575255655596 116.67598749396 0.036240944997319995 0.9992058214427268 -0.016562617567041877 -2.44559174503584 -0.963296833924713 0.03934007048505569 0.26554014499667655 74.57163579919322
0.2660109555679845 0.006897886374586655 0.9639453255664326 117.28274640943482 0.035940583097790274 0.9992081584416694 -0.01706840912925866 -2.4734039605504146 -0.963299769544455 0.03918514089774613 0.2655524029799484 74.7396504941071
0.2660643833108546 0.0081618483595593 0.9639207063678914 117.93587988335464 0.036650138355146314 0.9991554843043179 -0.018576478222679868 -2.500849388032107 -0.9632582786002747 0.040270366474178275 0.2655405548914739 74.92144000603746
0.26620000522732806 0.010742405801105198 0.9638579552686068 118.5520237387198 0.0360036464703039 0.9991293262139512 -0.021079064023402514 -2.5283417927729137 -0.9632451892731224 0.04031364802229769 0.2655814660802259 75.0933962599187
0.26675637562458887 0.012841382667343373 0.963678439602562 119.21378934341288 0.03486776528854324 0.9991280315717936 -0.02296552788989541 -2.557354609595814 -0.9631330515600728 0.0397275146299055 0.2660760221701951 75.27785892925168
0.2660660487609253 0.013425285247578505 0.9638613071457817 119.75199150955342 0.03482346378836558 0.9991164641830164 -0.023529074954472144 -2.581968044091074 -0.963325585701185 0.03982527733053375 0.26536345494249314 75.42186153457082
0.2655684529203202 0.013956812825377968 0.9639909772343671 120.28936264025084 0.034613044974839885 0.9991125554529187 -0.0240008052763611 -2.606808956953217 -0.9634704634450811 0.03974051977643793 0.2648496878548679 75.56586243284288
0.26732380178733384 0.014327773908486581 0.9635002334679524 120.84542479279878 0.03561514359144861 0.9990593539578495 -0.024738003482307733 -2.6363187593589488 -0.9629483613075673 0.04092825630487403 0.2665620589861122 75.71295667543686
0.2700038330713204 0.015015534485426415 0.9627421585507289 121.32634106081296 0.035005317766801596 0.9990643118378456 -0.02539938070156452 -2.6619616131187755 -0.9622227173865946 0.040559025334624736 0.26922557012487736 75.84582033259217
0.27243465542648115 0.016164047455995534 0.9620385034355432 121.80542383397747 0.033680042499493135 0.9990859281488431 -0.02632418872828474 -2.6828471108647047 -0.9615846365556643 0.039573118967429634 0.27164122477139324 75.98354058305996
0.27502762792938934 0.018186743827766777 0.9612642957191749 122.29190483540704 0.03265132159482544 0.9990676534787952 -0.028243848365447802 -2.7098597411603715 -0.9608817279320316 0.03915438827669649 0.2741773856557698 76.12270316532056
0.2789946077832796 0.02085601188478041 0.9600661620930718 122.75378661457758 0.031511886297901436 0.9990268661910328 -0.030859709176811086 -2.734433108694593 -0.9597754997132423 0.03886318819642984 0.27806589642278406 76.26332527440829
0.28434425693211485 0.023775097245160866 0.9584274037717784 123.17650330724625 0.03107744978796302 0.9989385318707794 -0.034000024390192576 -2.763377631639832 -0.9582184175147136 0.03945319118702814 0.2833035651748128 76.38920500903232
0.29068304253685395 0.02884057841876852 0.9563846453273877 123.68445497519859 0.028962485172474035 0.9988223873990112 -0.038923166407406125 -2.7946469664364586 -0.9563809613507336 0.039013580545949236 0.2895054356982484 76.54563633468815
0.294711108422282 0.03496419179265474 0.9549465261808124 124.14504390597261 0.02804019665237465 0.9985836479046335 -0.04521554499478952 -2.8275233330150904 -0.9551749106546966 0.04010241176994385 0.29331329091268166 76.68718186741599
0.2989546594790252 0.04046464413418105 0.9534090015050619 124.62573591317916 0.02900166535466876 0.9982537673632472 -0.05146182421703144 -2.8690061928267974 -0.9538265119938938 0.04303520094275061 0.297259073027857 76.83613761319752
0.3037322223307224 0.04383133181783597 0.951748680833927 125.20754055422589 0.030210353723310955 0.9979958551913316 -0.05560222611406873 -2.9184101773065834 -0.9522783582786888 0.045640852007848766 0.30179933893573097 77.01696218736478
0.30735186038378914 0.04473216266185282 0.950543985064459 125.84905553279053 0.030662736484386534 0.9979102874420145 -0.056875784027038356 -2.9709912206630387 -0.9511017981845661 0.04662715776234681 0.3053379728253464 77.22559173611535
0.31009946481155376 0.04405201511500531 0.9496829691470203 126.54164255258802 0.029545998279346394 0.9979968273572473 -0.055940741598149823 -3.035186845283145 -0.9502448925983591 0.045406525403089947 0.30817672128431983 77.45243073629435
0.31374451200403647 0.04200361026577952 0.9485779240062436 127.29031304651672 0.027286527218713108 0.9982095941623707 -0.05322641782558054 -3.1055341727712027 -0.9491152862638416 0.04258289382887629 0.31203664934341724 77.70374855034048
0.3182418714359351 0.03940324533471585 0.947190316421178 128.02779826866916 0.02688006406044798 0.9983590674456139 -0.050563174398328935 -3.163568820964775 -0.9476283941614784 0.04155185562910286 0.31666049623013875 77.95405237266921
0.32454780851997933 0.03687593489488212 0.9451501919856509 128.8074171317284 0.02747532421437161 0.9984505549897678 -0.04839003823045951 -3.2236698677368505 -0.9454701616361018 0.04167318881797481 0.3230317612705396 78.22636427672268
0.32999430837468613 0.03698536482083398 0.9432580978869929 129.52533525307578 0.028335888854172927 0.9983937862301282 -0.049060422133512326 -3.277921447137232 -0.9435575413524917 0.042917716693042764 0.32841625378579953 78.4777090142763
0.33640954270279333 0.03861394776569081 0.9409237921407086 130.24576980214277 0.02877941591962303 0.9982707421239233 -0.0512569082044767 -3.334737194150928 -0.9412759238383958 0.04432255021211326 0.3347165169884381 78.7416984046575
0.3442294879763931 0.040474381260527166 0.9380127312937139 130.9494604018572 0.02943673398186355 0.9981139556131452 -0.053870310030356104 -3.3847072790065416 -0.9384239651138464 0.04615578048157316 0.342388822288557 79.00191384356529
0.351940966033959 0.042505187180640835 0.9350566108476147 131.56845576694602 0.029140145417221534 0.9979866549859836 -0.05633372342527852 -3.434443555653195 -0.9355684947411115 0.04707383065601602 0.34999378010933463 79.23842906130783
0.35949400102073875 0.04225795558041603 0.9321900709727977 132.29757088700376 0.029999882760541954 0.9979343206448632 -0.05680755859420524 -3.4966521645660547 -0.9326650364758277 0.04838756936697593 0.3574836679714203 79.51688072352803
0.3658315972603 0.04136555207074222 0.9297613314974256 133.0553001908619 0.03078606723464377 0.9979271787899776 -0.0565116262065195 -3.555485283822594 -0.9301717371056833 0.04929743334255952 0.36379981109895265 79.81700482726716
0.37175734309799857 0.03993104001222351 0.9274707488089665 133.87011693979935 0.03144648745403142 0.9979594365750822 -0.055570508163537445 -3.6206628046394638 -0.9277971741062395 0.0498244417358844 0.3697430577119555 80.14276161945756
0.3786950042977671 0.03760331436532329 0.9247573111193351 134.60103411117478 0.033100706973875405 0.9979847909548911 -0.05413594203999619 -3.676741503742118 -0.9249294226684256 0.05111113158080985 0.3766871584097136 80.4383498365998
0.386004896141556 0.03578394094427474 0.9218024353001292 135.38131052894164 0.03518797802295011 0.997949018099027 -0.05347488642203829 -3.7398068309561765 -0.9218253773667796 0.053077931814363 0.383954042558359 80.761523115676
0.39250827993169707 0.03545781931300648 0.9190647383262144 136.143383870419 0.03551207228738691 0.997927244669453 -0.05366662900066711 -3.800581493200657 -0.9190626436249703 0.05370248966301299 0.3904355256595861 81.08759842039748
0.39873719809949976 0.03595117625443682 0.916360278371825 136.84714728882497 0.03565153452767619 0.9978682420705863 -0.05466204856008947 -3.8523926321722026 -0.9163719850244142 0.05446544218939271 0.3966054723141512 81.39142306400629
0.4043004320653543 0.03606659423727724 0.9139148545744824 137.57359364571164 0.03563406051813622 0.9978424259727193 -0.055142602947938706 -3.904930446215606 -0.9139318215068128 0.054860675433390425 0.4021429247521754 81.71630375078153
0.4078649810279082 0.036682415776076394 0.9123050792492285 138.367833590033 0.03586248607352697 0.9977779362467408 -0.05615222196696364 -3.960622434249872 -0.9123376783536529 0.05562005314661365 0.40564315641242726 82.071335640796
0.4107119808253741 0.0361579876040449 0.9110478959631756 139.1798191922728 0.03670441154637962 0.9977476826111688 -0.056145774703737356 -4.0174211438674226 -0.9110260451707924 0.056499219255442545 0.40845976943144974 82.43911133017478
0.4141743144452287 0.03560651511265758 0.9095008594472922 139.85838829408846 0.038825322250551485 0.9976339314557853 -0.056737405300393895 -4.075404550221922 -0.9093691393520945 0.058810839898886115 0.41181191520452776 82.74811250998398
0.41634113785355614 0.033840330964998486 0.9085784990472712 140.57406861038157 0.04038514700755368 0.9976325322157543 -0.05566300895538512 -4.131675103684871 -0.9083111233668716 0.05986787673676397 0.41398881688162364 83.07596206417416
0.41905793736115776 0.032613021887243424 0.9073735922639588 141.46544616369374 0.04091806846811292 0.9976610327677898 -0.05475559669616498 -4.196922037270264 -0.9070370206377768 0.06007374218488828 0.4167433127147358 83.4894462052293
0.42238094617396443 0.031139580671467694 0.9058833604967022 142.344171542413 0.041750923236375796 0.9976805611621075 -0.053762052492249975 -4.259178863812893 -0.905456347218407 0.06052953324513857 0.4201011531607931 83.89296917772025
0.42454941918091155 0.029499634268511658 0.904924064356331 143.18088892233007 0.04239092041167662 0.9977253688886024 -0.052412766982484454 -4.3209492207155105 -0.9044118533830732 0.06061237377081812 0.4223332092152645 84.28594452241543
0.4258491112755446 0.028877348673344218 0.9043332533747909 143.96814627965256 0.043115579418576716 0.9977074557457326 -0.052162050964132574 -4.385831888865759 -0.9037663311040268 0.06120401525212588 0.423627769722179 84.65868150534736
0.4285050415920142 0.029437661120036512 0.903059717537005 144.77666444519105 0.04328871897928799 0.9976525097582128 -0.05306181849766472 -4.441310131181425 -0.9025018094936781 0.06182955507626402 0.42622481154868497 85.04439110716082
0.42812980901339726 0.029959274354962845 0.9032205204236022 145.60661324080914 0.042968973381406775 0.9976451430227273 -0.05345873108967026 -4.503550994034111 -0.9026951500704458 0.06169773483114093 0.42583430528317634 85.43700809105283
0.42731602650543277 0.029314004377169935 0.9036269709559306 146.4577431573568 0.04228024374142465 0.9977327972808039 -0.05236073165451109 -4.55857620415932 -0.9031131681471479 0.06058014837886463 0.425107811198077 85.84428188102765
0.42577909882459103 0.02844539899360517 0.9043799081581922 147.27735232357807 0.04172429071190046 0.9978252390059676 -0.05102818796782697 -4.610943788068018 -0.9038646151768044 0.059461346089587176 0.4236662669513652 86.22974585802706
0.42307522241389267 0.025374303271553017 0.9057392013780373 148.17176497179221 0.04119971934940327 0.9980352257112799 -0.04720456932302353 -4.674712773455608 -0.9051574113406851 0.05728728456581772 0.4211985609212221 86.64583807105069
0.422965515577609 0.021168001797444283 0.9058984978087101 149.071192234251 0.040535913035385195 0.9982842878124406 -0.04225305268502325 -4.736557108997525 -0.9052386494105077 0.05459300693970842 0.42138176420761836 87.06328027190612
0.42378698903853174 0.018262312596962562 0.9055777580419435 149.90808154702583 0.04141892407719595 0.9983601191398412 -0.03951639203389692 -4.792655709669435 -0.904814379113168 0.05425458920404771 0.4223356235274928 87.44705713114988
0.4257189684055331 0.018189355869426806 0.9046725967292204 150.74171933565765 0.043193094226033915 0.9982497065015214 -0.040396535505093506 -4.8508116617094785 -0.9038239411251033 0.056273180136621616 0.4241881807009722 87.8346884627096
0.4262667524818073 0.02011377717277236 0.9043738672122632 151.55463215694604 0.04730022800065142 0.9978895232594169 -0.04448806356976191 -4.904980812280477 -0.9033600301982067 0.0617408724990572 0.4244157401691814 88.20452450362734
0.42558700722044485 0.023933209430359807 0.9046009621769774 152.42128196520392 0.049361512166159555 0.9975478700332966 -0.04961540193034501 -4.961139004477285 -0.9035702188550812 0.0657681418195932 0.42336203315812543 88.60483899249022
0.42497225370029806 0.027037212539881682 0.9048025048169178 153.27384541464932 0.05011139013535005 0.9973183396945624 -0.05333833412837822 -5.012140946747164 -0.9038182517318383 0.0680082233774786 0.4224777501708767 88.99661723176771
0.4248194526891195 0.028528720063692618 0.9048284615044172 154.1796158467508 0.049693889688835584 0.9972613860158661 -0.05477449487959029 -5.079153512321493 -0.9039131318575451 0.0682337166893895 0.4222383331274415 89.42178761035937
0.42639200095397356 0.028445627027471315 0.904091094871245 155.04808187463252 0.04883035607724131 0.9973240669121588 -0.0544086563256984 -5.14599903997475 -0.9032194959409595 0.06734650592875713 0.4238619943936356 89.83922688400357
0.4275185262340536 0.030580854466695777 0.9034891925566988 155.87235139958963 0.047838105609891615 0.9972620282589529 -0.05639115750277373 -5.21272396815753 -0.9027399544599344 0.06732947595914095 0.4248850624448296 90.24288520275124
0.4296500645574559 0.03438227448858637 0.9023406680554585 156.68041111627133 0.04725307079087959 0.9970496656206184 -0.06049059089355595 -5.2754068017548015 -0.9017582654606559 0.06862815374764882 0.4267577851505253 90.63678885937536
0.43038450304409787 0.035401436586814564 0.901951172640227 157.513863393693 0.04837428039440151 0.996890052201974 -0.06221055229682193 -5.348505015268783 -0.9013484944991106 0.07040569656172382 0.4273335106867337 91.03362375102624
0.43016447258787194 0.03398238155567281 0.9021107051060909 158.3842317295881 0.04914316161827375 0.9969280083088142 -0.06098767019314115 -5.422731069026935 -0.9014119347941665 0.07056730116159883 0.42717300923327195 91.44484721655641
0.43101129162342355 0.03172535688652597 0.9017886494204376 159.33831272739022 0.049709671641389404 0.9970292958520269 -0.05883478357335403 -5.5041019574521135 -0.9009762566452115 0.07018607371295754 0.42815382751803693 91.89356847446302
0.42906743059128344 0.029267296609064172 0.902798186393281 160.39758343148745 0.04953041327070272 0.9972088592674389 -0.05586796183657774 -5.593409458550515 -0.9019134538119676 0.06868709010969205 0.426420221712379 92.39841696825209
0.426124357506819 0.026406581975496474 0.904279118617575 161.3448997136344 0.04937446077441631 0.9974052116474111 -0.052392808684256276 -5.671818431994974 -0.9033162206905404 0.06697414580986326 0.4237148442412678 92.8388694222299
0.4239731763344555 0.02488630402888877 0.9053327662360732 162.35347390495272 0.04783542052220784 0.9976117911782142 -0.04982455866001196 -5.749187595100883 -0.9044105916520111 0.0644312499799836 0.42177019303606517 93.31029442815974
0.4205433116822856 0.02570475325237663 0.9069082581273236 163.31372350995744 0.04606656280801808 0.9977042467776279 -0.04963977994458923 -5.820168456705697 -0.9061021988663064 0.06265382368320976 0.41839371838917633 93.75439886698656
0.41981199769506683 0.027257769236650957 0.907201686841203 164.10923436737437 0.04406041190241579 0.9977583697482275 -0.050367804204218936 -5.8785267947684385 -0.9065409900794729 0.06111668850327666 0.41766994588086637 94.12352419840329
0.4201440332062299 0.02865324063174391 0.9070049521157573 164.90195761374542 0.04292261042862129 0.9977551810114798 -0.05140280419148313 -5.9377794225940175 -0.9064417470942076 0.060527601687614487 0.41797101401741893 94.49489670351124
0.41906952237624434 0.029901164140756678 0.9074616552771686 165.69126678439602 0.04137761047582784 0.9977902397265689 -0.05198587171253603 -5.9974646009918695 -0.9070108206447489 0.05933428932269356 0.41690624047129937 94.86898652757604
0.4179429577198104 0.029521286987886027 0.9079934899034248 166.5060756634089 0.040214280857892915 0.9978910042633765 -0.05095444264554444 -6.05939389070339 -0.9075827762289802 0.05781035568835769 0.41587434047760796 95.24922155220804
0.41605762905133903 0.028568546732037747 0.9088893703008099 167.3579586116265 0.039344278540835304 0.9980048270950879 -0.04938008546985932 -6.120408987838347 -0.9084866961349976 0.05630455783086135 0.4141035132828394 95.64030379023066
0.41320336084251025 0.02715588889900282 0.9102337833142452 168.2645435652397 0.039059007429269356 0.9981068787890217 -0.04750844611943221 -6.189558950804004 -0.9098007345166844 0.05518347770979749 0.41136043472939493 96.0547236846873
0.4119325463136011 0.02437142692461204 0.9108883635425675 169.0491646617399 0.03935447334447416 0.9982336719813976 -0.04450574738526362 -6.252031557559597 -0.9103641044743451 0.05418089766882892 0.41024581364399926 96.40826285487543
0.40990005838545307 0.023640145057466613 0.9118240431559533 169.8016660491169 0.03959715885437172 0.9982604800246112 -0.04368156397956566 -6.303100086666037 -0.9112705455276542 0.05401071710967336 0.4082509464667951 96.74768935900637
0.4083972987688225 0.026574563743770756 0.9124173600497539 170.68497423151177 0.040164426191920566 0.9980848544447462 -0.047047233677330845 -6.359986576303044 -0.9119202077084414 0.05586068286231258 0.4065478063932362 97.14720193327865
0.4068871437009997 0.032735814974114125 0.9128916796141956 171.43677843429893 0.04088152185030974 0.9977037934640735 -0.05399853404126436 -6.404997977724994 -0.9125631777921178 0.05929171042720468 0.40461455684709474 97.49024158857665
0.405675282545482 0.03701859289947142 0.9132673151445806 172.27767058309058 0.04229637697688368 0.9973487909005424 -0.059214911836972216 -6.4708961119172015 -0.9130381052433003 0.06264992473239085 0.40303400018454044 97.86809962754012
0.4035032655648221 0.03530856339313106 0.9142966805308013 173.2339806528585 0.04305522350761511 0.9974155159822166 -0.05751987662228513 -6.5552885285121265 -0.9139646395825373 0.06257470598450167 0.4009401997352202 98.29110984915086
0.39842073636006825 0.032470592260193235 0.9166278293160084 174.22784712729552 0.04288161432975428 0.9976209101370602 -0.05397857732269958 -6.633206383265857 -0.9161998057142222 0.06081266558522749 0.39608046621064663 98.72526856651474
0.3968913260764248 0.0300615171937924 0.9173731958528701 175.22485927104444 0.04233479077169512 0.9978003146037304 -0.05101272063924898 -6.709192052258516 -0.9168887832096199 0.059083308647270016 0.3947456419818675 99.16079247723462
0.394826029553587 0.029978859463808804 0.9182666684423447 176.07593762594266 0.0420394465823059 0.9978311744239526 -0.05065207082413577 -6.774087265263462 -0.9177935995189804 0.05860217856845431 0.39270942610157283 99.53250604036688
0.392580066082335 0.03013079605068651 0.9192241439628016 176.83071322934995 0.04277041769690296 0.9977838097350937 -0.05097215318739533 -6.833779396136816 -0.9187227999156357 0.05932625186103338 0.3904213272290571 99.85812492674079
0.38846445594841605 0.032327874565209365 0.920896451828761 177.5749140715299 0.04322573027627838 0.9976448861440482 -0.05325614887237537 -6.895868552520761 -0.9204492939357317 0.06049454253674669 0.38615218193930406 100.1685770303931
0.3862912047954694 0.03414737064048099 0.9217445753439563 178.28944327764984 0.04405945508358349 0.9974906430748859 -0.05541824064144631 -6.954427313988102 -0.9213239764140546 0.062019142660933065 0.3838173477426465 100.4657556492887
0.3848529316855898 0.036454147624107175 0.9222577275870398 179.06912632515002 0.044200277031905974 0.9973453686033485 -0.05786666774369045 -7.0163127028547905 -0.9219189533160237 0.06303420378219819 0.3822200055860943 100.78619632916005
0.38406837117211245 0.03684460953793783 0.9225692174645764 179.87700604911768 0.044128061889337794 0.9973291156181924 -0.05820093894543027 -7.078934737277215 -0.9222495326206968 0.06306433134693348 0.381416687748022 101.12352119513548
0.3817767226145126 0.03728501777330971 0.9235022260500341 180.73996272277805 0.04325798224194815 0.9973701915982752 -0.058150218259083196 -7.153441802018787 -0.9232417240582654 0.06214924264114312 0.37915984834506766 101.47875046042984
0.37754056439176964 0.037645737599409146 0.9252274967159931 181.55839632760973 0.042485465646899596 0.9974168366968076 -0.057919246218368414 -7.2279550490900055 -0.9250178957444615 0.061175585933722715 0.3749659187688325 101.80843205883264
0.37394923767421523 0.03879016480053558 0.926637626452554 182.30739031886347 0.04117511033251617 0.9974454737560287 -0.05837068761561899 -7.288748283295169 -0.9265347149092577 0.0599820806438251 0.37139678521718306 102.11010644631389
0.36683248265144763 0.04244601272063525 0.929318172466189 183.04470978628297 0.04079382187564519 0.9972637009958526 -0.0616520459744545 -7.3489810433757015 -0.9293921636040162 0.060526413078735956 0.36409718421222087 102.39746304908367
0.36081254063742857 0.0451571241236068 0.9315444941921195 183.74933976088295 0.03989253999391319 0.9971657185466677 -0.06378961520612687 -7.402129988980098 -0.9317847904809344 0.06017776911947513 0.35798846396525735 102.6697182530384
0.35641742381254066 0.046943396380373335 0.9331467931355223 184.53381283229467 0.03988084156914062 0.997062430592929 -0.06539134480847907 -7.464697364810406 -0.9334753014828885 0.06052129407406485 0.35349828073843714 102.970938392278
0.3521036147542334 0.043161047626627765 0.9349653300763493 185.53432361470288 0.038382185262479426 0.997430026462181 -0.06049917492109499 -7.532433104729613 -0.9351737016894133 0.05718799069235166 0.349542102455615 103.34892577857929
0.34573831118090387 0.03614502624430731 0.9376345542158615 186.41106691871784 0.03560044040987347 0.9980330665448234 -0.051600452767034614 -7.597473299299645 -0.9376553891619245 0.05122045646944442 0.34377148807698044 103.68011187965371
0.33806298474754576 0.03120949678219662 0.9406058609503696 187.35779335246983 0.033800806730974374 0.9984025393301416 -0.04527554443035316 -7.651893090583729 -0.9405163070398711 0.047099222602200314 0.33646803625656885 104.01734512418275
0.33425851990985245 0.028613131347283657 0.9420469895828874 188.27267696348375 0.031667162789602646 0.9986337106310358 -0.04156805013648682 -7.705583298082524 -0.9419492728743583 0.04372643028873686 0.3328957293593175 104.34759859781357
0.32927661406530084 0.02848059393511814 0.9438038817459888 189.03293716367324 0.03345617883048929 0.9985654684321978 -0.04180537468856704 -7.749650222602427 -0.9436406071846175 0.04534160367578618 0.32785140452399164 104.60881255521653
0.32220247358631726 0.029379428332297564 0.946214782808707 189.81010216196324 0.03781669199954737 0.9983210520638796 -0.04387453489535422 -7.785628471636047 -0.9459151462055517 0.049919196677627606 0.3205504796159097 104.86713828631997
0.3176780218221115 0.03529749116057637 0.9475414300013278 190.64559894903664 0.040996188373481554 0.9978611191039621 -0.05091659375329006 -7.835783665218533 -0.9473119797564243 0.05502066973747757 0.3155514837734133 105.1443226612159
0.3152462468548486 0.0378155489884268 0.9482561827368372 191.52868013660756 0.040673847600851236 0.997749241938411 -0.05331124020947363 -7.90049039527991 -0.9481378813048632 0.05537539585441669 0.312998599946855 105.44442014176539
0.30905813860966835 0.03698976722889306 0.9503235365282087 192.38896213483414 0.039801528923932086 0.9978648363452066 -0.05178423197339714 -7.9599353053020465 -0.9502099269395394 0.0538286680692501 0.30692599961463907 105.71858895106472
0.30116072365986174 0.034901419726694936 0.9529344727869443 193.2321434145576 0.037977520077218684 0.9980981165964322 -0.04855777605535667 -8.02384218697728 -0.9528168378515638 0.050813783048684495 0.2992624817093311 105.98758266192475
0.29271528387603113 0.03423835423657661 0.9555864679266589 194.0481989005582 0.037107663991771955 0.9981991776259315 -0.047131974921395224 -8.082719511321944 -0.9554793476880852 0.0492558309856606 0.29091765029895167 106.24022280541672
0.28587530926922716 0.034540047089011996 0.9576441367738412 194.89670292134076 0.035711127020912684 0.9982720132649202 -0.046665864814690594 -8.139307669932455 -0.9576011815767153 0.04753916994537832 0.2841478565180175 106.49442329634418
0.2781497026978426 0.03383519374484012 0.9599416245550317 195.74186616477485 0.03565181589712859 0.9983271063709809 -0.04551853148098096 -8.195712928307222 -0.9598758726587203 0.04688462806930357 0.27647810173404963 106.74056283284051
0.2714190150603363 0.03274008524742471 0.9619042598313362 196.52551230028286 0.03536788560115721 0.9984069490983251 -0.04396221855504403 -8.245627167800631 -0.9618112241660423 0.04595270188105761 0.2698286831640582 106.95542166013115
0.2643056119753361 0.030863153622051113 0.9639450239649805 197.3125643301018 0.03365968606025118 0.9985837320701928 -0.04120140263503103 -8.29655567488909 -0.9638514247604081 0.043335848823696475 0.2628924403516784 107.17293197727143
0.2587121023371933 0.02864460858263987 0.965529665263279 198.05351444033332 0.03213523573736014 0.9987517048298382 -0.03824079920189781 -8.344487534644262 -0.9654197919705058 0.04092088096122717 0.2574686520199743 107.37302501410674
0.255981783333224 0.02866986527959634 0.9662563663057518 198.79847631993715 0.03433762307415768 0.998659633868813 -0.03872806892461453 -8.386269684656794 -0.9660715575169163 0.04309262704758678 0.2546542189930841 107.5730173058138
0.25283480391009294 0.03197053876155325 0.96698109939287 199.61152972557286 0.034352403986490754 0.9985270570551369 -0.041995579162097715 -8.433948172912698 -0.9668994126961162 0.04383606939618441 0.2513641278062536 107.78781175516615
0.2512861214927575 0.03617632126020325 0.9672365578932636 200.2924843373876 0.033763317695984764 0.9983655140575319 -0.04611224044441754 -8.473652843895294 -0.9673237945606881 0.044244481245939965 0.24965396523185857 107.96506366441389
0.2465913313282925 0.03732575671969631 0.9684004869882323 200.98403405935116 0.032629399555820573 0.9983717004443231 -0.046789635994965634 -8.515567559423157 -0.9685700994757004 0.04313624505235481 0.2449718897433251 108.13543256454096
0.24337476380196651 0.03411180732488924 0.96933230057879 201.8692928827003 0.031156280987859386 0.9985906976714818 -0.04296399281948727 -8.574881834663652 -0.9694317977554396 0.040657141131872854 0.24196897812661844 108.35433043804723
0.24136745727955786 0.02934486827087716 0.9699900150375617 202.79048528724564 0.029902874089220835 0.9988431534597624 -0.0376586365627647 -8.623592951354853 -0.9699729731737923 0.038095058639238934 0.24021073627060777 108.58640501756932
0.23740939550792664 0.02598417055092497 0.9710620998707263 203.70426682258974 0.029902920197949268 0.9989729576349538 -0.03404181660417611 -8.670252644552004 -0.9709493263235713 0.03711943958167633 0.23638856342248432 108.80163785926582
0.23390303217715527 0.02594982871360478 0.9719135650499332 204.5548523494048 0.0308325267308762 0.9989429957711099 -0.03409173646552435 -8.715733771881851 -0.9717709230233861 0.03794071150597369 0.23285569689551847 109.00014714325911
0.23138765943017633 0.028512205457764696 0.9724437285536693 205.22045427008553 0.03275110586303785 0.9987755733335605 -0.037077205625159704 -8.751797448754866 -0.9723101954253972 0.040427815327525325 0.2301705359503476 109.15155126286933
0.22543470081354874 0.034335475893665764 0.9736530546166152 205.8434090715703 0.03431773296355071 0.9984787392067015 -0.0431566977008585 -8.78612584639722 -0.9736536801519059 0.04314258276177201 0.2239134401488554 109.28839680424485
0.2200813052683283 0.040291094024103476 0.9746490890642304 206.5683114718251 0.03572847733710322 0.9981432890326947 -0.049330015874436625 -8.836203514563891 -0.9748270077190943 0.04567934217281277 0.21823313845540895 109.44376730801052
0.2170862404981293 0.04198349535855018 0.9752491734443416 207.4108698645537 0.035295767666952034 0.9980837702697968 -0.05082318672450429 -8.893929487487512 -0.9755141070077823 0.045455182779435305 0.21518841369204528 109.63292745247492
0.21299018424352725 0.03726037620678096 0.976343610508535 208.28764620027292 0.03530053025122261 0.9983267089265863 -0.04580016165691212 -8.951915998271003 -0.9764164347141504 0.044220432028033246 0.21131847863204692 109.81184072320994
0.21163964913982994 0.02787499586940259 0.976950174531565 209.22877203025723 0.03763596880067086 0.998619332007799 -0.03664646767067825 -9.008048302366046 -0.9766228508305582 0.04452431184851616 0.21029834257552074 110.0076085151812
0.21102593272612452 0.021568138876817983 0.977242483267313 210.09509722470915 0.036969853174508294 0.9988651114905113 -0.030028636387788923 -9.061376329050159 -0.9767810838019576 0.04246533212451101 0.2099890708923446 110.1872879132934
0.2106314804805489 0.020277702566274702 0.977355203704984 210.87608610562594 0.038338519299582575 0.9988443185793616 -0.02898594796884107 -9.096491444486913 -0.9768134608862072 0.04357570447359991 0.2096106405007661 110.3561834017252
0.20646300143719623 0.024225436000709862 0.9781544649431012 211.63040443547416 0.039441195308684125 0.9986748803793325 -0.03305866621559471 -9.130535900221917 -0.977659153872232 0.04540497274426416 0.20523393311030638 110.50896332776958
0.2018005679465043 0.027006216049900073 0.9790542349998486 212.384299496947 0.04005262091656512 0.998556041500772 -0.03579971424506127 -9.162485293389109 -0.9786073361334381 0.04643809079818229 0.20042750656742994 110.65719262143944
0.19672956612946127 0.026481694513141373 0.9801000957383031 213.1936910153858 0.04101057499967329 0.9985380664781585 -0.035211681758510534 -9.202841349655262 -0.9795997195532019 0.04712164735850287 0.19535593106304822 110.80870231827426
0.19258173453460206 0.025500894399990266 0.9809495297457709 213.96526637298211 0.04124478893056875 0.9985684977757995 -0.034056168837104266 -9.243341220149416 -0.9804137610772905 0.04701765237215757 0.19125427434620568 110.9554828519804
0.18756218262502247 0.02532173844751118 0.9819262890924848 214.70216890068767 0.04200888572166235 0.9985462069439447 -0.033774637204428054 -9.284845124793543 -0.9813540040012899 0.047584473937012775 0.18622576800962692 111.0883325290816
0.18198730316587153 0.02679248928445585 0.982935798516037 215.47582499708116 0.04255666737848077 0.998477464391292 -0.03509534391309301 -9.32449262328937 -0.9823795353874446 0.048217378824270754 0.18057002196174737 111.22548441304522
0.17427282153466767 0.028937855683681315 0.9842721088107599 216.2450050364713 0.04345801765239834 0.9983681341912033 -0.03704685321730351 -9.36670755845837 -0.9837379653017724 0.049230774318621294 0.17273084983267745 111.35315020476003
0.16432508112502978 0.030462111053377212 0.9859357623615386 217.04654164137224 0.04327673063406912 0.9983379680598473 -0.03805819380588807 -9.411681156744416 -0.985456438559757 0.04892199219484034 0.16273366701702846 111.48576983161772
0.15391489211347814 0.0320144855736159 0.9875653288259754 217.86073638690053 0.04451874514546505 0.9982352875212853 -0.03929875415295699 -9.459899322200767 -0.9870806893645375 0.05001383269414726 0.15221803185848934 111.61084780976945
0.1418684276667841 0.03430030428641803 0.9892910786806972 218.4931542186166 0.045813688839261506 0.9981010335952291 -0.041175631762968186 -9.498296092439457 -0.9888247848563947 0.05116459578653341 0.14002760082107613 111.6943916153813
0.13103198426134344 0.037799647765588695 0.9906572594643094 219.16165153983002 0.04739877435397627 0.9978912152870092 -0.044344995690170905 -9.545768592794817 -0.9902444017969892 0.05276655268082092 0.12896400904091826 111.77331387175305
0.12057083190454286 0.041197309001864996 0.9918495128923815 219.82421488863446 0.048354038834327547 0.9977087901763322 -0.04731867425543919 -9.58625747570016 -0.9915263795896989 0.05366518178380525 0.11830252255068835 111.84649953637528
0.11103418957941937 0.042682501616182006 0.9928995985497374 220.46746659010552 0.049834302717919346 0.9975813231842633 -0.04845663944763371 -9.633720638661996 -0.9925663459019057 0.05486080285343812 0.10863858105302958 111.91011521983876
0.10271831214033345 0.04235498977233193 0.9938083332275041 221.0996407570636 0.051348143880397136 0.9975352185995342 -0.04782108084957868 -9.67950117421559 -0.9933842743224195 0.05594231399369847 0.10029028384619929 111.96943219652714
0.09337201129710355 0.04209431273614758 0.994741039839821 221.79190268823658 0.05271463555677395 0.9974954632736684 -0.04715896464693347 -9.730835316535675 -0.9942347985785105 0.056840738768295464 0.09091917131069867 112.03191468068609
0.08412105223508677 0.04266753643283531 0.9955416264052538 222.5153078308136 0.05381979937000779 0.9974299505048998 -0.04729612068203793 -9.777755870124409 -0.9950010441032889 0.057558450036032445 0.08160849871683408 112.09231941310868
0.0766522556181836 0.044498539584745506 0.9960644114129734 223.17887742036 0.055291671620481826 0.9972766127270587 -0.048807671088280116 -9.824705081129627 -0.9955236123558592 0.05881528442908145 0.07398310320247915 112.14074964465334
0.06727163933941958 0.047361418396240335 0.9966099651258192 223.87095388279437 0.057260095803509915 0.997043137227071 -0.051247087107239395 -9.871776359663786 -0.99609026095488 0.06051345764291085 0.06436080697862329 112.17842074343532
0.05913872060669335 0.04895396550044717 0.9970487054235554 224.55582544635857 0.05919577816448521 0.9968671973604071 -0.05245617860950533 -9.921705186128076 -0.9964930865653335 0.062123265276322025 0.05605558258463742 112.21553692194993
0.04995552692127528 0.05044396678588963 0.9974767423578986 225.20456734253798 0.060705507774727975 0.9967238091843088 -0.05344613672604352 -9.971905040785915 -0.9969048533615591 0.06322226206037349 0.046729636464873055 112.24336671598533
0.039771753078616405 0.052201475857340154 0.9978442832302908 225.88044864973807 0.061884946872686794 0.9965885981263357 -0.05460237572811919 -10.024550016958068 -0.997290559971175 0.06392317265988509 0.03640559008553701 112.2700476692759
0.027899364129133453 0.05392815715322649 0.9981549876383182 226.55028596926684 0.06410597620905409 0.9963916476441692 -0.055624709610272875 -10.073614437561048 -0.9975530308186508 0.0655395939184847 0.02434157623338834 112.27866455245484
0.016205404209596132 0.05555325629867064 0.9983242061520003 227.25018875080727 0.06646027978071271 0.9961873782094557 -0.05651317286832357 -10.117552605477911 -0.9976574643061988 0.0672647248622175 0.012451534176042098 112.28172748391556
0.004516285976573489 0.056161785905944644 0.9984114667634967 227.95240597494345 0.06670748701073202 0.9961807740500359 -0.056338056318877866 -10.169073007081456 -0.9977623536382261 0.06685595872419188 0.0007526256561533708 112.2817911457352
-0.009340218648206671 0.05476883088646372 0.9984553748059738 228.7093112532128 0.06760020496864397 0.9962492382140208 -0.05401543896132732 -10.223029207873621 -0.9976687689828736 0.06699127197865008 -0.013007569906846804 112.27125643237949
-0.021048994683717424 0.05157281277190415 0.9984473870993918 229.4653854540837 0.06788196421382206 0.9964377769630036 -0.05003794135958307 -10.281045522566115 -0.9974712921970634 0.06672332143880272 -0.024474877300938547 112.251406425875
-0.0288214913420482 0.04795472884366175 0.998433606014118 230.24345637235928 0.06834520991162088 0.9966055742056525 -0.045894027327769746 -10.340193360484898 -0.9972453328639638 0.06691542007457214 -0.03200113493748062 112.22283497545672
-0.038853412622486025 0.04606192582363359 0.9981827043768134 231.11221771195443 0.06892249323918406 0.9966814648832676 -0.04330990052912322 -10.39255236624413 -0.9968651374450221 0.06711450325798422 -0.04189917897945707 112.18110747088899
-0.05074979618836745 0.04199182122970684 0.9978282142416378 232.03301636622513 0.06924155425801491 0.9968594623165734 -0.03842941001174495 -10.448253696429967 -0.9963082180483985 0.06714089171085488 -0.053497993509081715 112.1297781894719
-0.05969233231071034 0.038308320383784594 0.9974814775486737 232.9338180744976 0.06881393493847149 0.9970440387909866 -0.034173484891732706 -10.505911989568892 -0.9958420898021899 0.06660073048199215 -0.062152030358416634 112.07243717398184
-0.06884114283215045 0.040868992986245675 0.9967901596955387 233.75057749854 0.06916450713668335 0.9969519237448925 -0.036098929262537216 -10.55644208162563 -0.9952271941652843 0.06645740856858746 -0.07145799353637594 112.00997773757088
-0.07433107031273548 0.05165828075009325 0.9958947303887652 234.59504649851627 0.06989467558841808 0.9964713446394627 -0.04647142817704566 -10.611051775354753 -0.9947811951934726 0.0661534681053763 -0.07767942035750554 111.94642980310077
-0.07954629756817011 0.0622808084968638 0.9948836552261663 235.46543052038803 0.07313822390529728 0.995720943071727 -0.05648542938079882 -10.666412203811523 -0.9941444496385706 0.0682708167618607 -0.08376102214928947 111.86983443612986
-0.08476741049647352 0.0694534852678486 0.9939772127679162 236.28420084819354 0.07694526676534619 0.9950450706146433 -0.06296612873532158 -10.724459288736881 -0.9934253429624863 0.0711443661132214 -0.08969151091500192 111.79057877966046
-0.09303697426238255 0.07252892455584391 0.9930174603313267 237.16803567783316 0.0772393444692424 0.9948634965077036 -0.06542711198296992 -10.792505004383496 -0.9926621807473396 0.07061287714888162 -0.09816117610692396 111.7011596932958
-0.10063432534334843 0.0702727597791231 0.9924386488824988 238.00405965837052 0.0759604798854706 0.9951336832953562 -0.06276111747404521 -10.86585920763658 -0.992019525038827 0.06907019331120709 -0.10548255940056839 111.60670639884003
-0.10521659598397484 0.06797192848329946 0.9921236237827477 238.75763182314992 0.07445434649882647 0.9953996274684783 -0.06030034761965594 -10.935856902183566 -0.9916582164319414 0.06752331874160108 -0.10979336596143925 111.51983380373852
-0.1080882341514159 0.06957900743544151 0.9917034311538567 239.37956627125504 0.07364474366459925 0.995367297410246 -0.06180934376615345 -10.990196661752448 -0.9914097968895635 0.0663528821568876 -0.11271162167616128 111.44959989875801
-0.10661897437517533 0.07554376350158971 0.9914260104007794 239.99816871005223 0.0744850314312418 0.9949146809661913 -0.06779939299604944 -11.041561583959588 -0.9915061141495165 0.06661769580195409 -0.11170366247427055 111.38366850844672
-0.10478925112465949 0.07872290064457126 0.9913737528111398 240.77139014783566 0.07381781939113122 0.9947277994961694 -0.07118661706986129 -11.109895498125107 -0.9917510485948945 0.06572145634127163 -0.11004793404381123 111.30522523254432
-0.10827981425477248 0.0765170484064111 0.9911713389359724 241.6542634641676 0.07285998227203216 0.9949628493170607 -0.06885021032792488 -11.187848820126112 -0.9914468744255907 0.06476163819771123 -0.11330942330485011 111.20704209132381
-0.1143336709073955 0.073343420478831 0.9907313229979711 242.50905648440818 0.0722348073061153 0.9952450100273332 -0.06534143118378943 -11.264425931891644 -0.9908127695535063 0.06409456051930514 -0.11908796329415264 111.10309621177394
-0.1180253575598941 0.07233711504860585 0.9903723323878295 243.1591050319228 0.07115491717482575 0.9953955088216514 -0.06422428496708638 -11.321979441814188 -0.9904579712106439 0.06288976708602571 -0.12262905227213775 111.02512048757549
-0.12114444822075672 0.07403708873332095 0.9898699571949783 243.81814542248586 0.07050387185182144 0.9953377626976463 -0.0658174916108925 -11.378086804460928 -0.990127884022661 0.06181624090756648 -0.12579954547162506 110.94390724885663
-0.12293179805347952 0.07608071133138873 0.9894945671354916 244.63510526586848 0.07053221295756738 0.9952055969460055 -0.06775711580828347 -11.447730911556091 -0.9899055409293599 0.06146173745232592 -0.1277085543990478 110.8372531536085
-0.12337365401990297 0.07710433991613394 0.9893603298393766 245.39468326855297 0.07062008745241573 0.9951314237705983 -0.06874774667230438 -11.511710768549406 -0.9898443032830933 0.06138705230261043 -0.1282181152084456 110.73330418838515
-0.12421080841327645 0.07791625173471564 0.9891919595250146 246.1755520180911 0.07102558705022653 0.9950531441813116 -0.06945938553615766 -11.577148939043054 -0.9897105844930086 0.0616303332012921 -0.12913040297314485 110.62695133477423
-0.12498333354360412 0.07748857843486313 0.9891282457540467 246.98362175481952 0.07068072975588495 0.9951078553947756 -0.06902601373967703 -11.649675091795888 -0.989638015022415 0.061285204933642465 -0.12984884627418827 110.52027090463082
-0.12506457003948154 0.07747211796001695 0.9891192669540084 247.80426487275543 0.07065702136062588 0.9951108227459698 -0.0690075052895537 -11.723001263492593 -0.9896294451224084 0.06125782719484028 -0.12992705628191345 110.41548608222844
-0.12492500168618723 0.07678854372751857 0.9891902059290314 248.69192761239074 0.06970548936939511 0.9952162090604464 -0.06845321011561173 -11.800521223374417 -0.9897145491026601 0.06040046999457769 -0.12967996961348716 110.30346627093319
-0.12463872722666337 0.07473636587060636 0.989383476358777 249.57379314526668 0.0693569756831712 0.9953761995900348 -0.06645172092420526 -11.878447022157019 -0.9897751247628948 0.060338187793132284 -0.12924591093895155 110.19415318252531
-0.12403037550774487 0.07349238839005008 0.9895530985248543 250.41229051666954 0.06885936635401509 0.9954868170395215 -0.06530225697363765 -11.951643515883987 -0.989886283174352 0.06004053588412979 -0.12853124302680374 110.09709322648091
-0.12195425683233083 0.07429724602039081 0.9897510184254751 251.2489866703534 0.06871701849938044 0.9954335841471408 -0.06625670472139236 -12.030026118461558 -0.9901540943757347 0.059932451858467024 -0.12650284820984442 109.99320290919844
-0.11881504422732636 0.07484004878252434 0.9900918908684658 252.07704689257648 0.06780437990312038 0.9954391779558838 -0.06710744412114929 -12.099766557676357 -0.9905985823385849 0.05915919276620666 -0.12334763305406023 109.89839758357859
-0.11811385826013009 0.07508318990959528 0.9901573769254622 252.91265977584396 0.06750867885805857 0.9954374376328042 -0.06743060164259276 -12.176764654195082 -0.9907026268087452 0.058879727852989755 -0.12264372337063377 109.79861070747093
-0.11809312674607475 0.07448004624521656 0.9902054009783282 253.81948132929384 0.06734149935683698 0.9954881778261868 -0.06684616872100037 -12.259080950387155 -0.9907164760312157 0.05878784329785957 -0.12257590954456651 109.68602301408387
-0.11834166687746152 0.07377657586079236 0.990228391198175 254.68027574151452 0.06715734998916713 0.9955473243791482 -0.0661469218025757 -12.335154967818719 -0.9906993187759329 0.058673177651975425 -0.12276936914851108 109.58068440438656
-0.11745935653017002 0.0735838329929205 0.9903477768368005 255.5058989501185 0.06739453111350016 0.9955426023015165 -0.06597654263994512 -12.408942686768986 -0.9907882098306937 0.05899446181463979 -0.1218949413867993 109.48054123139414
-0.11753060674686723 0.07561770439974555 0.9901861033457452 256.3379126703164 0.06551147042195048 0.9955151205134077 -0.06824875143424629 -12.490073059401638 -0.9909060519145434 0.056847230455777706 -0.12195732314478143 109.38033984415945
-0.11698332108278679 0.08184621036633163 0.9897555761081201 257.2122975477177 0.06583967835986791 0.9950450372688411 -0.07450174870514185 -12.56966924603049 -0.990949059912724 0.0564497267958413 -0.121792401252148 109.27768243830612
-0.1167657323723739 0.08489197190378835 0.9895246923901568 258.0459207602054 0.06620720744987858 0.9947891951369393 -0.07753104488199397 -12.64570011842037 -0.9909502355947207 0.056460697348610596 -0.12177774932095274 109.17708157928348
-0.11655983531863676 0.08566800366118238 0.9894820857090868 258.9175251565376 0.06597802889706454 0.9947401689970822 -0.07835110647922383 -12.726822815101881 -0.990989760034558 0.056151485575790146 -0.1215989563042444 109.06766870639433
-0.11745512017731206 0.08242074664003633 0.9896520172603283 259.83789172536854 0.06538631692853208 0.9950293309648145 -0.07510832229679627 -12.812573524199378 -0.9909232686251017 0.05588784342785806 -0.12226047870971464 108.95041665022319
-0.119696292414783 0.07833783887188314 0.9897151007148687 260.83838801776835 0.06507254822450223 0.9953575677258236 -0.07091456718126805 -12.90512937631206 -0.9906757093265814 0.055915072849989166 -0.12423825328157151 108.82165546170735
-0.12435988314862911 0.07548624231281736 0.9893616359475207 261.74266309872195 0.0650445790266207 0.995577447157064 -0.06778458122225922 -12.991439569652691 -0.9901029351549814 0.05592292851521596 -0.12871986584740192 108.70684681395188
-0.12798121748409777 0.07499605106494674 0.9889370052212405 262.53373113214866 0.06571886105526466 0.9955865811851423 -0.06699545257464966 -13.064306459643058 -0.989596806418092 0.05641765405214209 -0.13234503783053614 108.6011538347443
-0.13117883995119833 0.07646361865398754 0.9884054972385571 263.36997004456106 0.06696031180767897 0.9954275351331879 -0.06812003333299 -13.141882867582787 -0.9890947520797367 0.05724803333745881 -0.1356990570612671 108.4851464488708
-0.1350315905543563 0.07812947075410527 0.9877561720141507 264.20312465474433 0.06805229321984639 0.9952636453846697 -0.06942018123818532 -13.219288522107565 -0.9885015705297999 0.05784515515845578 -0.13970892271008878 108.36209714489829
-0.13906027244825486 0.07919589226781462 0.9871120763492494 264.98050262455627 0.06953212669359694 0.9951177274555196 -0.07004278593282988 -13.285299681854866 -0.9878398270894342 0.05889583305864103 -0.1438880011128311 108.23730693389615
-0.14399286432133124 0.07927618180033812 0.9863981660687041 265.72285516646093 0.07020071593420846 0.9950929500045745 -0.06972718503942564 -13.35206253985119 -0.9870855659500161 0.059205640359322506 -0.14885152885603634 108.12276958850407
-0.1479613655424308 0.07885200632979977 0.9858447116075579 266.55927846967853 0.0703222418898385 0.995132249192723 -0.06904048748541773 -13.428391975190031 -0.9864898461729886 0.05911148546942684 -0.15278617634848923 107.99158270595552
-0.15406358728131025 0.07891370394286312 0.984904583400868 267.3575436827086 0.07104441175033314 0.9951101554235173 -0.0686182929839959 -13.502758687336703 -0.9855034767229712 0.0594003863876868 -0.15891661796027004 107.85570777773692
-0.15748361132696687 0.07842034815117174 0.9844029465413396 268.2031053908582 0.07107811344735258 0.9951566076542394 -0.0679060235242605 -13.577006294394684 -0.9849603108512461 0.059275418496718545 -0.162294826811753 107.71735725461926
-0.1635263211950258 0.07729484318964949 0.9835063037381686 269.0855533475895 0.07177198628196275 0.9952163165955925 -0.06628171065270805 -13.653808367387885 -0.9839247553860836 0.05974939663456878 -0.16829166747121532 107.5646703606932
-0.16850123410823734 0.07744665941219438 0.982654236774003 269.92188484625575 0.07110046910593518 0.9952667145425556 -0.06624869973508124 -13.723029283202138 -0.9831337942502628 0.05870418954013863 -0.173210163482166 107.41655214558011
-0.17228085288636438 0.07979140094831816 0.9818108983217988 270.7449408708656 0.06969074289580905 0.9952036169170365 -0.06865101040687126 -13.790002922116589 -0.9825795174352956 0.05659587626284091 -0.17701524992684736 107.26294963419625
-0.1760365123299862 0.08341451864998183 0.9808430885748712 271.55180067529 0.07021984684550948 0.994929026877895 -0.07200975340052443 -13.856329460466808 -0.9818759185537088 0.056198305616832825 -0.1810011906317453 107.10487699466373
-0.1811659993253915 0.08550989571660286 0.9797279920584968 272.3939939177066 0.06973692490591873 0.9948220108325747 -0.07393191508208874 -13.927672392860543 -0.9809768814773873 0.054929268132522927 -0.18619112091968046 106.94218584668668
-0.1822595050979144 0.08465847809561339 0.9795991092727696 273.27412796086094 0.06965951243683106 0.9948947960324187 -0.07301984082892204 -14.002773184132144 -0.9807798046088263 0.0549298362836869 -0.1872263014571436 106.7727862348774
-0.18472421427523286 0.08252900032550452 0.9793191148781262 274.13345322126014 0.06938966197299526 0.995076343233909 -0.07076825522443966 -14.078444870266058 -0.980337717050442 0.05488201200312191 -0.18954135508331166 106.60544935198459
-0.1870616318337444 0.08075998075258756 0.9790228656188497 275.0184989489783 0.06956867341945738 0.995201722690411 -0.06880211357728493 -14.158026615261715 -0.9798816997854154 0.05523908636904111 -0.19178242297656015 106.43622049746021
-0.19036791346677553 0.07954450427304745 0.9784849152451289 275.7845103077537 0.0690672310312761 0.995327409887498 -0.06747640124016134 -14.22911192497735 -0.9792802331916948 0.05473590198951707 -0.19497232089046782 106.2867862132277
-0.19309150646547288 0.08000058846021772 0.977913889857854 276.5893522987487 0.06899534537508722 0.9953103744454382 -0.06780044865530145 -14.299004710583246 -0.9787519156801012 0.054379815807950135 -0.19770564783340638 106.12747617307339
-0.19747254356743715 0.08237570292171688 0.976841255325125 277.3439095974722 0.06957913284771758 0.995127847084832 -0.0698520739024498 -14.365058759498279 -0.9778360490435849 0.05417390076842028 -0.2022420571156435 105.96795241049702
-0.2036651027963198 0.08581183805841973 0.975272707683347 278.0652729035934 0.07157593772400833 0.9947907966666468 -0.07258206394333437 -14.426699459506986 -0.9764207141606 0.05502362507487951 -0.2087462326407973 105.8099965588867
-0.2063606144015969 0.08436500641763095 0.9748322124940044 278.84330232497683 0.07221317740324598 0.9948722661815578 -0.07081264711975181 -14.497846933921915 -0.9758076418193935 0.05578279013219241 -0.21139471727539733 105.64500575134063
-0.21236255387704556 0.08166010118015983 0.9737729579250352 279.6763989001847 0.07205430224105974 0.9950980826847491 -0.0677346540974261 -14.57479141706718 -0.9745308221084523 0.055780226894393076 -0.2172055318085551 105.4635060659754
-0.21755555142619643 0.08356971900163374 0.9724637186597959 280.4631413607961 0.0718687031852699 0.9949948101691087 -0.06942778434470204 -14.648190689557142 -0.973398413572836 0.05478530644739354 -0.22247269192274846 105.2869579816936
-0.22247824507731395 0.09265428934400438 0.9705249162867914 281.35792762718205 0.0726151044689374 0.994283574203502 -0.07827656528030662 -14.723323553748816 -0.9722296421475158 0.053059935311629204 -0.22793456559820394 105.08015287860786
-0.2289707227047051 0.1037768521570967 0.9678857231618083 282.1740459868557 0.07561156843810202 0.9931930292036409 -0.08860303301599594 -14.805116346803914 -0.9704922971679982 0.05289585709360903 -0.23525885624119952 104.88987521671838
-0.23495189769313088 0.11032430678290128 0.9657257131832393 283.1596427167283 0.07749646997687135 0.992501168881592 -0.09452897391702234 -14.90408333194322 -0.9689127426716624 0.05263057192880824 -0.24173977741970032 104.64441986194473
-0.2366841878037316 0.10727597867447543 0.9656461358298543 284.14599250014845 0.07598683453680732 0.9928853244609325 -0.09167733333377967 -15.013114470148134 -0.9686106525435114 0.051677817964292425 -0.24315181864359112 104.40274977922682
-0.24047626084886814 0.10093152137254768 0.9653931820567091 285.09211188418567 0.07540911062687944 0.9935157633710808 -0.08508756646919785 -15.115453786513012 -0.9677213617579256 0.05233790143490683 -0.24652811213080736 104.16303289645117
-0.24433323483683533 0.09719440077495899 0.9648080217391295 286.03338451661773 0.07600847654933675 0.9938224173470112 -0.0808684998698539 -15.21458442359636 -0.9667078058269832 0.05357472572536653 -0.25021144441578824 103.91756560661986
-0.24885105337294253 0.09589843960034328 0.963782466388243 286.92334388822115 0.0752244914463907 0.9939939555441576 -0.07948139548548437 -15.297912304918986 -0.9656160878536629 0.05272101690888903 -0.2545703542329389 103.69178302787778
-0.25371455330598736 0.09439800290159005 0.962661904558887 287.83771068178856 0.07394900489403035 0.9942068644973078 -0.07800163627529645 -15.389009099854515 -0.9644482723899349 0.051397739586798295 -0.25922538889823626 103.44675737524771
-0.2578010527341098 0.09165453047438116 0.9618409765926564 288.7952847365171 0.07207106494972726 0.9945413704593209 -0.07545345612970702 -15.484203133041133 -0.9635062941186225 0.04986892307265252 -0.2629994519107921 103.18274185068996
-0.26158626242817845 0.08993541549238235 0.9609808782432028 289.72241328683566 0.0716394707133816 0.9947120638981204 -0.07359141370742091 -15.578162162820334 -0.9625177471323667 0.04959365862449315 -0.26664593655159013 102.93090421093954
-0.2661668132674664 0.09127610116877204 0.9595956965672982 290.3885093874219 0.07140157416350403 0.9946386841738126 -0.07480443270267262 -15.6447382068597 -0.961278857939786 0.04860618582467779 -0.2712570662260463 102.74837130486449
-0.2690731134111426 0.09556657172846272 0.9583666782642802 291.0133935243995 0.07159186884155293 0.9942966536802416 -0.07904915430322726 -15.70995012646784 -0.9604552378716101 0.04734125947152352 -0.2743802857288433 102.57189656189301
-0.272122225074946 0.09803626487465615 0.957255653098844 291.62041437334557 0.07184894438972907 0.994089733507164 -0.08138384929299679 -15.778181143031063 -0.9595765856930571 0.04663145403147786 -0.2775577123492846 102.39680818148966
-0.27487851759874665 0.0968882139111006 0.9565847973744093 292.3627868823107 0.07210585377243778 0.994185331844464 -0.07997669533725742 -15.859792195786666 -0.9587713733807794 0.04699148806366387 -0.2802663976203699 102.17803894522422
-0.27556769310405016 0.09479327802711512 0.9565964044246632 293.05794404777095 0.07241977288704117 0.9943452352533957 -0.07767193588334537 -15.935945841291062 -0.9585498542132821 0.04787261816269471 -0.2808743302937233 101.97291951191251
-0.27639820961782097 0.09389333683332543 0.956445540016981 293.78301492855354 0.072233867853425 0.994430512466274 -0.07674779613125916 -16.015165798116882 -0.95832473517853 0.04787480730379036 -0.2816410921201451 101.76006674469416
-0.27832476170216647 0.0955288719220349 0.955724626476028 294.32706741189406 0.0717376130514688 0.9943299467255864 -0.07849631786509349 -16.076221276190154 -0.9578042816239195 0.04671393447359677 -0.2835996587249122 101.60142346220027
-0.2805437999696676 0.09824931019746991 0.9547995859573403 294.82770466722263 0.07149364207651282 0.994123100700306 -0.08128911241151976 -16.132059341074548 -0.9571749241602695 0.04545694336114708 -0.2859192733256138 101.45524603477324
-0.28206569152451966 0.1003061035355093 0.9541371134477089 295.4370638781053 0.0716194908077547 0.9939459972192495 -0.08331868426876009 -16.198110747409014 -0.9567181372803777 0.04483347193072444 -0.2875419371037982 101.27178700880171
-0.28266480676938616 0.10044252876204487 0.9539454415373656 296.08675050914275 0.07139887702726379 0.9939468176810999 -0.0834980477668064 -16.263798084785623 -0.9565577909218421 0.04450867373341949 -0.2881252689182622 101.0814875872996
-0.28359602953582547 0.09917501171821587 0.9538016612913898 296.80407007962384 0.07102314673733823 0.9940781665671543 -0.08224543380649992 -16.339626217889 -0.9563100985867737 0.04441751687324 -0.28896034249663716 100.869064026231
-0.2842541903451538 0.09842784247508861 0.9536831313895241 297.4683689877413 0.07129227407516132 0.9941323196569718 -0.08135319705240972 -16.41415208388783 -0.9560946432903054 0.04486525202375711 -0.2896034223424022 100.67320227801399
-0.28335726774202974 0.09838672361583561 0.9539542501786552 298.16204292927824 0.07068064210174256 0.994160781790353 -0.08153886669611374 -16.4929312594496 -0.9564062450914148 0.04432146845652091 -0.2886567196238479 100.46896010916439
-0.2820988933609549 0.09967004169138323 0.9541939515390828 298.8167542103054 0.07047192590842127 0.9940547393054909 -0.08299929471421587 -16.5690791845882 -0.9567935629085746 0.04382987626650549 -0.2874456816916553 100.27430963428111
-0.283177604183794 0.10190191702408521 0.9536385288963267 299.51272904807394 0.06927903404909667 0.9939151304600887 -0.08563369012098088 -16.64888226833364 -0.956562000044928 0.04181761290806186 -0.2885141717848901 100.07077371620407
-0.281641802539104 0.104404898438898 0.953822579017972 300.2220262452185 0.06819558925963357 0.9937268155055845 -0.0886362101551567 -16.72982097422713 -0.9570931285241047 0.0400828308269404 -0.2869949651210685 99.8629458635952
-0.2813697978133103 0.10560364085347097 0.9537708885875034 300.9388274046743 0.06645972854543315 0.9936840096726679 -0.09041677611220322 -16.81473948846287 -0.9572952216323692 0.03794680433643966 -0.2866110581964483 99.64837818997755
-0.2807453478611763 0.10583609916632762 0.953929121983164 301.6437155359943 0.06514412143004787 0.9937107810488617 -0.09107758818928277 -16.90102220029326 -0.9575689495265692 0.03657326537957263 -0.2858742785947368 99.43567245529901
-0.27891623194964144 0.10643483689021475 0.9543989527714161 302.3654683798074 0.06366494072759868 0.993702000891881 -0.09221230257201106 -16.99016660193372 -0.9582027504015884 0.0350422447858885 -0.2839357853515489 99.22190271290228
-0.27486928032432406 0.10614409982067553 0.9556046822861713 303.11931319142235 0.06243932394634437 0.9937602619489133 -0.0924222516299983 -17.085152932304215 -0.9594520360909735 0.03426327253041815 -0.279781733850505 99.00405027914552
-0.2716789223162472 0.10528191106983288 0.9566118765573496 304.01714303294057 0.06060760337949578 0.9938968267678413 -0.09217275168626127 -17.18933950128892 -0.9604776320048681 0.032936559357456145 -0.27640170309897993 98.74791705739891
-0.2656022974104281 0.10334753850093127 0.9585273631441661 304.85454171757635 0.05878219971892997 0.994123900612172 -0.09089732244599644 -17.283340035172582 -0.9622889756234915 0.03220180922628622 -0.27011658756182994 98.51638351495798
-0.25975853198860727 0.10171395351930261 0.9603019195641566 305.6590770877989 0.05674731806746552 0.9943266708137879 -0.0899678475930497 -17.374888258783447 -0.9640047961246229 0.03112464245335921 -0.26405683039996736 98.30306283680717
-0.25475141685462477 0.10092550044542425 0.961725407260518 306.4387711484998 0.055286943161404895 0.9944319786579074 -0.08971284043209428 -17.460327717077337 -0.9654248129846422 0.03031638471796201 -0.25891281793531185 98.10006245629219
-0.24791827229770766 0.10049802580203399 0.9635541900022131 307.1087769425271 0.0536730026437078 0.9945020437986418 -0.08991603676508751 -17.53672104630314 -0.967292995450774 0.029425018100686512 -0.2519492592996579 97.93267521469951
-0.2411873883283338 0.10086288961502263 0.9652229386053116 307.7829964327007 0.051654137258720985 0.99450889436956 -0.09101598279368484 -17.616734477208563 -0.9691029325182221 0.02790585096983904 -0.24507298844677805 97.76669685269736
-0.2346377266959178 0.10086050161246973 0.9668362304058844 308.45517984422486 0.05079167583282616 0.9945161085086426 -0.09142163629539012 -17.69526176112882 -0.9707550375234052 0.027656267487035625 -0.23847387276517495 97.6078899852739
-0.22761835054142837 0.09965206838568758 0.9686378847449962 309.18743615015336 0.05027701116335672 0.9946255351908764 -0.09051114237898795 -17.7823467507117 -0.9724515970706622 0.02809822081064848 -0.23140523188121115 97.43958251188313
-0.22389393073002883 0.09717955079333741 0.9697564862839892 310.0290693692293 0.049384610336843805 0.9948694696508261 -0.08829438611015555 -17.879247503344565 -0.9733615299795538 0.028122469029163717 -0.2275444103720607 97.24885407589908
-0.2173511700631003 0.09621712801629885 0.9713396590011667 310.9299748204951 0.04811352450536047 0.9949761740984442 -0.08779237857639566 -17.988032945942816 -0.9749069481914033 0.02765279828017855 -0.22088858077185114 97.05176061524043
-0.21243034279787332 0.09722938994768718 0.9723270001337951 311.7507667532826 0.04726271868080587 0.9948953036190267 -0.08916036260419044 -18.087551683700525 -0.976032573678604 0.027014451081084294 -0.21594127570038768 96.87521140874084
-0.20699467180146722 0.09906013262495451 0.9733140787896455 312.4084754155138 0.04662404341398339 0.9947291588832856 -0.09132414271751566 -18.166704930989187 -0.9772304766131357 0.02647622691556687 -0.21052221969849577 96.73691684266205
-0.20243868571999596 0.10081209255801285 0.9740921416981263 313.07596207185003 0.04544310935703717 0.9945827281610496 -0.09348861243860211 -18.250986272228527 -0.9782400024206369 0.025340063887161524 -0.20592323527535614 96.60002208797427
-0.1987817467979483 0.1022120358355785 0.9746991930181896 313.69020587306835 0.04529521802972333 0.9944419701385582 -0.09504478549920627 -18.32318467734458 -0.978996506818895 0.025256043975585455 -0.2023066283617699 96.47944888073172
-0.19531333248922833 0.1030771869603322 0.9753090770008779 314.378975630039 0.04559466382667586 0.9943405920892456 -0.09595787385174949 -18.40263699784465 -0.9796804727983953 0.02572703737239406 -0.1989077443579185 96.34695876764519
-0.19163148290664192 0.10391601162929777 0.9759502227501506 315.0906238639989 0.045531496763547334 0.9942497578330717 -0.0969242067357639 -18.486518987377906 -0.9804102496207777 0.025862744942207104 -0.19526100702030103 96.21348735636089
-0.1895249937741874 0.1046632630527241 0.9762816592060195 315.7217053391504 0.045461617622542395 0.9941715439632175 -0.09775572871674593 -18.562232987088464 -0.9808228780254055 0.025856189606292566 -0.19317851692413335 96.09541209189942
-0.18593331390683845 0.10558039689047305 0.9768733707968904 316.34538603637435 0.04650841626599456 0.9940413553550963 -0.09858372614301003 -18.636167516790298 -0.9814610384503573 0.027102834469132628 -0.18973578040972908 95.98310621052273
-0.1798181753096602 0.10752808497457222 0.9778052642372168 316.9598401230256 0.04782320719414433 0.9937879546219046 -0.10049100508048141 -18.710814011864535 -0.9825366988983028 0.02869167457853518 -0.1838434745317586 95.87228758533372
-0.1744173913404006 0.10968434909845694 0.978543773758162 317.5976125120875 0.04849139082665373 0.9935275771329899 -0.10272068190951256 -18.789104762874633 -0.983477075794708 0.029534675198931066 -0.17860723486798497 95.75590352746015
-0.17017665906276302 0.11052990614843208 0.9791951003538889 318.2716399914875 0.04867300170562797 0.9934194064664896 -0.10367652463667586 -18.875043518362162 -0.9842107719463365 0.030017040203759313 -0.17443661795106555 95.63872212988545
-0.16521659662541802 0.11110176679860313 0.9799795271401082 319.01273279636797 0.04968355129261752 0.9933107333234764 -0.10423690227236679 -18.972443753698172 -0.9850050867536021 0.031467196866163546 -0.16963134908064165 95.5115225477972
-0.15911219769765642 0.11167842235292409 0.9809236660029114 319.67840948185074 0.05029471242100838 0.9932081700490926 -0.10491888700433664 -19.062384569030698 -0.985978575044262 0.03264139899732527 -0.16364836884365086 95.40170923318692
-0.14997156085601313 0.11229205375541278 0.9822927392574018 320.3655692049879 0.05102796587413081 0.993084214244952 -0.10573499948570712 -19.150799165603598 -0.9873726133700301 0.034267157467251584 -0.15466442475875 95.29328147191839
-0.1408650051954309 0.11290550341313989 0.9835697217840348 320.96792036739845 0.05160290397877832 0.9929627458090998 -0.10659327247165967 -19.227962342322847 -0.9886830587262286 0.03573979202913658 -0.14569995419857207 95.20548597926575
-0.13430041931551615 0.11417264968320316 0.9843414059339375 321.53268818897243 0.051792102630364 0.9927914712692696 -0.10808641302278865 -19.30229815933918 -0.9895862647979741 0.03646506052817633 -0.13924555247430417 95.12485604029769
-0.1309815568204913 0.11559585454475219 0.9846224810479175 322.09298637927577 0.05243321520879313 0.9925966075446712 -0.10955698350030565 -19.376395267296413 -0.9899972675294375 0.037276978188774 -0.13607291126952864 95.04960628852369
-0.12766330124554917 0.11704315405582784 0.984887293858419 322.6400742192574 0.053378333502483055 0.9923842046941026 -0.11101506107803115 -19.45018435712305 -0.9903801467252814 0.038399093248734605 -0.1329386121865625 94.9767678450601
-0.12568397776551823 0.1188149321555458 0.9849297181169413 323.1704964710029 0.05389265065514842 0.9921540378838587 -0.11280934055353882 -19.52137092322142 -0.990605431005909 0.038902146568475994 -0.1311011176686381 94.91080574426552
-0.12428361860126466 0.12062695561499207 0.9848871609105491 323.70308575661653 0.05472569369923334 0.9919054239273972 -0.11458066343216781 -19.597612852767647 -0.9907364334657918 0.03965813362321444 -0.12987898922077554 94.84507993162654
-0.12255481254637657 0.12240395181550981 0.9848845569414095 324.2408105220953 0.05517573661459797 0.9916708008542704 -0.1163815312757744 -19.677551207116746 -0.9909268166775805 0.04007861416022105 -0.12828775731236883 94.77501619106422
-0.12244686872834401 0.12427072255010765 0.9846641822751072 324.77292925385433 0.056013439248374874 0.9914138385391408 -0.1181570792490349 -19.758279476560865 -0.9908931622340508 0.04068646298178593 -0.128356350710978 94.70307725433285
-0.12186063368207142 0.12525650369034166 0.9846120018778376 325.32089330211903 0.05695548084591907 0.9912530645032226 -0.11905223775548021 -19.841377752895287 -0.9909117312658168 0.041571268879463365 -0.12792877097642008 94.63338729990781
-0.12266106328983838 0.12522961735978796 0.9845160265270111 325.94121275554556 0.05782321557772576 0.9912236631205777 -0.11887861628603452 -19.935145147223263 -0.9907627058447759 0.04234610496552725 -0.12882572763772987 94.55536600684314
-0.12409401488799951 0.1253192742897694 0.9843250250605585 326.56275815054585 0.05970106719635936 0.9911385056552465 -0.1186602089291407 -20.02895037117523 -0.9904728456876526 0.044040232730732216 -0.1304760508922244 94.46976300537284
-0.12513769758454052 0.12728315284196765 0.9839408293418133 327.10914906925126 0.06127171085568502 0.9908349241695789 -0.12038243432780805 -20.113203445468063 -0.9902455928162779 0.04522335733313006 -0.131789657634667 94.39669062815297
-0.12423546516790143 0.13078026665362916 0.9835964980867548 327.64560955326186 0.06229299756727301 0.990348760841297 -0.12380999294967174 -20.200201159770298 -0.9902954769403942 0.04588958219595902 -0.13118313381407526 94.32829731215851
-0.12755751333976398 0.13708615671758534 0.9823117969499219 328.17753059170974 0.06424909609987328 0.9894641260344591 -0.12974126922926318 -20.281398893903976 -0.9897480156286901 0.046563171361844694 -0.13502124511276892 94.25045453609404
-0.12804803312655963 0.14319890061922105 0.9813754511265668 328.73918522363664 0.06610139401075853 0.9885531971639463 -0.13562146617250836 -20.36686602785577 -0.9895626846856435 0.047504223374272764 -0.1360479394895541 94.16856134583621
-0.13101971196458506 0.14626112175841127 0.9805312434281197 329.33771167008405 0.06649372399884641 0.9881264174252918 -0.13850908943108853 -20.463707318322786 -0.9891473195361178 0.04705175287101653 -0.13918948525762462 94.08273031352304
-0.13479361808594806 0.1470362353455862 0.9799035799601425 329.9322903280702 0.06716010466387136 0.9880104019258968 -0.13901426555491309 -20.561464200173653 -0.9885950641515675 0.047072191170917516 -0.14305246573733463 93.99843541307673
-0.1396215723776332 0.14602187314048073 0.9793791038670108 330.61675560098416 0.06740395257173694 0.9881744771400854 -0.1377240353265623 -20.67029972925517 -0.987908155500555 0.04678477630031452 -0.14781292569334148 93.89207628282345
-0.14165937147363583 0.14558938302543806 0.9791508331324514 331.3695732981561 0.06857018602696584 0.9881930239803224 -0.13701341884961576 -20.78795516791651 -0.9875377218425262 0.04773131997865982 -0.14996989374928948 93.77548271852766
-0.14443143806332306 0.14527755061064146 0.9787921091771943 332.21297445419344 0.06870136303772155 0.9882489471471606 -0.13654355048589942 -20.924587153881905 -0.9871269839365779 0.047523170676088806 -0.15271498234676195 93.64622690426671
-0.14663574242010657 0.14755716535370692 0.9781231221056429 332.9568167988211 0.06887523571734572 0.9879348247735003 -0.1387118736973913 -21.046002331128538 -0.9867898261280308 0.04702834201351086 -0.15502959103886 93.53384175680526
-0.14804746010155495 0.14911270270666865 0.9776744608759087 333.6928751949404 0.06924789279639297 0.987704866319271 -0.14015643543019451 -21.166174665642515 -0.9865529275719286 0.046952091974177955 -0.15655293724012564 93.4219999505963
-0.1488507326914136 0.15010289430730023 0.9774009312957548 334.42607121322084 0.07181027337298486 0.9874432988210773 -0.140708977153038 -21.284376908307724 -0.9862488245951587 0.04924279372586865 -0.15776058839502716 93.30219281084864
-0.14788395746388155 0.15052664781698627 0.9774825131028227 335.2716994533362 0.0739001495764065 0.9872685217188794 -0.14085323537502467 -21.41946040941835 -0.9862398810722529 0.051406170057769665 -0.15712511786021416 93.16607380723887
-0.14686019661979632 0.151226826036882 0.9775287871646612 336.0654680749994 0.07594598598635086 0.9870508196722954 -0.14129007961219164 -21.548829706477054 -0.9862374409143884 0.05348949869898834 -0.15644354786176162 93.03824505300794
-0.14551472716567315 0.15243966266724243 0.9775416172336628 336.8928599990729 0.07622483910300201 0.9868489586729982 -0.14254440244972524 -21.682827878131793 -0.9864153476510932 0.05377064265865822 -0.1552207457347563 92.91332846860418
-0.14651962386589518 0.15520156042542646 0.976956741858982 337.6748784981727 0.07606068206679228 0.9864590989927771 -0.14530388383626072 -21.815310089076174 -0.9862792568363876 0.05301812572960222 -0.15634035268729982 92.79309810241315
-0.14912875224841574 0.15861336240408336 0.9760135329593077 338.45516021886624 0.0752292607771228 0.9860101267822468 -0.14874336356891302 -21.950009270331805 -0.9859519124053486 0.05124286437873182 -0.1589748259143716 92.6728200453408
-0.15188388425155763 0.16227375304950434 0.974986417739189 339.27551236371164 0.07555945774163571 0.9854503220767978 -0.1522446421537851 -22.08938785278118 -0.9855059888455553 0.0505459374230273 -0.16193533944009303 92.53948571352468
-0.15296347174510425 0.16336039123979557 0.9746361161406206 340.07644230620605 0.07553131423424772 0.9852901127840356 -0.15329192483649492 -22.231800925722887 -0.9853411576107728 0.050167481738783735 -0.16305222137173395 92.40767742016845
-0.1549865842461669 0.16386761782715337 0.974231267477783 340.94943808915485 0.07584376878395438 0.9852105405493988 -0.1536486691351902 -22.392713086191115 -0.9850009550454037 0.05007588858945081 -0.16512275416073094 92.26223869777267
-0.15769113720666653 0.1663877176728928 0.9733697307056978 341.6314163309382 0.07568309153073681 0.9848394933982623 -0.15608728935891217 -22.51574673321294 -0.9845839603115749 0.049054048259734674 -0.16789319654623708 92.14082509599505
-0.1584005267486464 0.17236027597148876 0.9722145896831584 342.30660388615416 0.07541196657669207 0.9838816036340251 -0.16214199125329462 -22.640416219026825 -0.9844908879328409 0.04763323731996206 -0.16884539164464368 92.02312992222258
-0.15853415424600012 0.17936240755478594 0.9709253569114701 343.12690229046547 0.07736231695060136 0.9825947732115513 -0.16888630368796675 -22.790648373858886 -0.9843180349122672 0.04833878787785553 -0.1696507227599096 91.8725059568314
-0.16038093727025693 0.1836376206920891 0.9698222410456833 343.8683529441454 0.07841609528308684 0.9818060014360326 -0.17293898214327616 -22.925769003307998 -0.9839353997904917 0.04831355721479182 -0.17186311188962408 91.74541765312004
-0.16355015729940497 0.18440011119164307 0.9691480511458808 344.68314459385107 0.08143359982925069 0.9815466260765028 -0.1730167323026671 -23.08385206675122 -0.9831683044454782 0.050624300788781135 -0.1755484699547616 91.59099415208995
-0.16708299255483214 0.1829907730089825 0.9688124950641924 345.51644179734757 0.08456413019049318 0.9816641991089959 -0.17083415370712007 -23.246393691072345 -0.9823096158971744 0.05338330433082663 -0.17949384762346396 91.43662149262296
-0.16994163909195656 0.1825605275363217 0.9683963512366246 346.43327108219523 0.08698494067928628 0.9816336206059461 -0.1697912099936027 -23.428802450112357 -0.9816075893134524 0.055381302636635155 -0.18270044313167216 91.25914888623235
-0.1705025825803676 0.18420140619904618 0.9679869375604856 347.3186767088768 0.08682774869535466 0.9813588259553155 -0.1714520247069414 -23.61208555495909 -0.9815242286311264 0.05481511355372085 -0.1833180076702003 91.09070649762654
-0.17098708986048095 0.18674972601075499 0.9674130218970385 348.12725923451364 0.08589528356539422 0.9809598602503371 -0.17418310147332858 -23.770450306653853 -0.9815219892403179 0.05331315421690331 -0.18377239244560248 90.93394550618524
-0.1696923290531643 0.18755198872365994 0.9674857957542948 348.8871914118924 0.08482471448210725 0.9808599885350563 -0.17526679863581324 -23.92554814119878 -0.9818397431727584 0.05232527512414884 -0.18235345982360934 90.79530101857483
-0.17017930499233466 0.18681077247838637 0.967543662807195 349.63593493892563 0.08410475624111592 0.9810368016739622 -0.17462297597668583 -24.07397136247526 -0.9818173934749552 0.0516578072256296 -0.1826638355632867 90.65544236216407
-0.16913435396247647 0.18583117631414398 0.9679154633641339 350.3778316511741 0.08421664059056976 0.9811972281066526 -0.17366507133983364 -24.22312750124871 -0.98198835418621 0.052141859053281434 -0.1816042366717621 90.51774732368375
-0.16696766771110388 0.18529357089323345 0.968394594431814 351.1282819513189 0.08425803408201522 0.9812706209437605 -0.17322976697233597 -24.382647088821955 -0.9823555271039884 0.052671254572965676 -0.17945293898390643 90.37938532037239
-0.16483279447714383 0.18543639850118654 0.9687329311919637 351.73386549626946 0.0840546649952957 0.9812354559620541 -0.17352749999777498 -24.508814685047657 -0.9827334140841 0.05282349925798506 -0.17732657660023085 90.26540859434024
-0.16248886220885897 0.184837185036562 0.9692433052055809 352.4518127479737 0.08305679240056414 0.9813736198448683 -0.17322640534490902 -24.656399797672847 -0.9832084920779554 0.05235487847707125 -0.17481426659586802 90.13546957805168
-0.15906042950231813 0.18466741341347814 0.9698441762415868 353.2380749357903 0.0824164257045917 0.9814054324999618 -0.17335198249126343 -24.81682870574257 -0.9838228054586984 0.05235764970610656 -0.171322397767003 89.99912709729118
-0.15638247827650517 0.18500354634853872 0.9702155473535613 353.99944182277466 0.08204096789810672 0.9813397388474809 -0.17390111139699024 -24.96638968733786 -0.9842833941880997 0.05240233579937721 -0.1686422103992036 89.86388887618787
-0.15344440113121358 0.18546955813437302 0.9705956206201076 354.7584189306051 0.08293558538695439 0.9811794639106585 -0.17438046988273878 -25.116871852434574 -0.9846707594104805 0.053739209200006015 -0.16593852161734998 89.73275384081398
-0.1507009878771681 0.18670164826130012 0.970789218517268 355.4591289582702 0.08254227506727098 0.9809516587797789 -0.17584258859539229 -25.25618951486401 -0.9851273953553271 0.05363149889498885 -0.1632411628441563 89.611433319004
-0.1486655035510619 0.18689666234717253 0.9710655001890476 356.16272947546423 0.08230035070378831 0.9809093816944967 -0.17619147873198432 -25.402420965310775 -0.9854568586843108 0.053725436314811095 -0.1612090480241127 89.49441181354297
-0.14651734120113583 0.18644761915975022 0.9714782313757833 356.95762401598955 0.08123743473274984 0.9810273038632704 -0.17602814625171329 -25.564561546371298 -0.9858666988621734 0.05312922345031125 -0.15888403850033173 89.36343731104054
-0.14432845016919954 0.18709436881608388 0.9716815299413059 357.64124618284274 0.08003707157888959 0.980952687914178 -0.17699121799409914 -25.708363866425124 -0.9862876688090748 0.052225675977149506 -0.15655386652490366 89.25977429606257
-0.1413934164677583 0.18834346936475568 0.9718717195840362 358.33317920832366 0.07842698441559812 0.9807802266570937 -0.17865988669521043 -25.850531218922782 -0.9868419883117345 0.05095963644019888 -0.153447077387718 89.1648601017032
-0.13834257921023393 0.18964570022931332 0.9720575287306832 359.1022386901356 0.07728211587184226 0.9805695449926028 -0.18030763156167703 -26.010278248020768 -0.9873645756982772 0.05017843976792984 -0.15031074092900043 89.05399349976676
-0.13541698115106435 0.19116263188738972 0.972172355802112 359.9519653382879 0.07697671884673656 0.9802746518215554 -0.18203349074203243 -26.183687879402093 -0.9877939187763461 0.050184212318471984 -0.14746090621738325 88.9306703204055
-0.1345448053769065 0.19233781676349404 0.9720616542116826 360.8351470470412 0.07457820726364864 0.980164429965448 -0.18361857539982093 -26.367299944168952 -0.9880970531012826 0.047789690030089815 -0.14622024203029294 88.80052173385683
-0.13356455178700122 0.19241836519744634 0.9721808901848921 361.6873013052993 0.07260477122802568 0.9802340512619946 -0.1840373656120792 -26.543989118901695 -0.988376981571744 0.04600410287409416 -0.14489501308839575 88.67790876433952
-0.13448019069190603 0.19164446039358968 0.9722075288290706 362.5877269053541 0.07153415387908547 0.9804374703027443 -0.1833718398641669 -26.737004164888713 -0.9883308874765983 0.04488616297720487 -0.1455585422876721 88.54412697211552
-0.13524591818932954 0.19027386820598005 0.972370503815839 363.536283076946 0.07131535612862079 0.980711428474593 -0.18198685128212555 -26.938781447029974 -0.9882422079598613 0.04473196996855648 -0.14620666629589477 88.39821044707863
-0.1357141476974433 0.18869996898486546 0.9726119430789842 364.51903588687475 0.07173861570750395 0.9809892986552351 -0.1803151877693396 -27.14572760400441 -0.9881473782443265 0.0453025123920511 -0.1466712011263308 88.24727499231668
-0.13467319530444768 0.18747628156552593 0.9729932036334393 365.56111664376465 0.07158951846393867 0.9812133983508126 -0.17915135428726772 -27.363986294223388 -0.9883005976486101 0.045529229591816975 -0.14556448035212532 88.08971692340731
-0.13466169763122815 0.1875970259663806 0.9729715222141164 366.41428138585655 0.07038061516025448 0.9812459969676411 -0.17945156016222213 -27.542015553691645 -0.9883889903275676 0.04431308253282098 -0.14533944583525732 87.96620896728382
-0.1354688433198061 0.18984125397673904 0.9724240282809465 367.3018912447064 0.06959363849683879 0.980870663385528 -0.18179512422069247 -27.729314208015094 -0.9883344160608665 0.04304695109046582 -0.14608915781621182 87.83211568143867
-0.13726271636429932 0.18994157520371896 0.9721528401982038 368.1733133982912 0.06912013611532247 0.9808868058597447 -0.1818886496559881 -27.90329254395914 -0.9881201108568242 0.042228806511781423 -0.14776797495024915 87.70012072847764
-0.1381001920303369 0.18827612918605008 0.972358183047745 368.9408475896485 0.06950114373804521 0.9811871817079806 -0.18011470087437545 -28.056524545272485 -0.9879766839254338 0.04270613106662742 -0.14858754452857928 87.5816873194979
-0.13996604693278217 0.18671273046725462 0.9723928537311874 369.71297060734946 0.06804736301018849 0.9815519356161582 -0.1786766746823563 -28.220907525544163 -0.9878152975599125 0.04116010167197467 -0.15008925323614278 87.46198114308002
-0.14103850406199486 0.18657870319217695 0.972263610286372 370.4976781691945 0.06632586213037639 0.9816546851290456 -0.17875950094153967 -28.383426045416776 -0.9877798440870444 0.03927424957057198 -0.15082610164043758 87.34378708686084
-0.14076454698463575 0.1881935177585213 0.9719920484170091 371.23094281544155 0.0648233152815231 0.981412671639224 -0.1806297476660054 -28.53290886672383 -0.9879186606741122 0.03758148240351455 -0.15034743786387564 87.23771847982671
-0.14051249213448974 0.18845001903008687 0.9719788217249001 372.0470438795267 0.06315338058699786 0.981425315923014 -0.1811518693965316 -28.704155173583906 -0.9880626954169447 0.03592964782716571 -0.1498037727576553 87.11435435158225
-0.14025555456620376 0.18945899407490827 0.971819771859711 372.75654057611905 0.06353043844267522 0.9812212348174221 -0.18212295773643333 -28.856346926271243 -0.9880750289348563 0.036196379756946895 -0.14965814140193956 87.00891755616998
-0.13905559636013315 0.1903071470362072 0.9718264921825694 373.57723690499404 0.06582198833043436 0.980966832836895 -0.18267878564899565 -29.032168422430466 -0.9880946346242171 0.03856504454688158 -0.14893532276106064 86.8823271054767
-0.13849441596403983 0.19080573265290127 0.9718088645065858 374.46582674005055 0.06709642403631547 0.980818259561436 -0.18301259954556903 -29.222491035642065 -0.9880877322527224 0.039858676567059395 -0.14864023437146567 86.74516863519223
-0.13800053459487227 0.1908723560732764 0.9718660381650223 375.33017478667784 0.06803830167363946 0.9807634368336392 -0.18295865783189222 -29.408270608343123 -0.988092425816991 0.0408757221014747 -0.148332509537818 86.61661599415234
-0.13790633253825282 0.19201933169847266 0.9716534462965339 376.25407054780453 0.06810545938807007 0.9805432995426506 -0.184109978337851 -29.60799806319791 -0.9881009512430388 0.04078497242975627 -0.14830069513159877 86.47750140363755
-0.13913628156103616 0.19415919097138515 0.9710526781358033 377.1615840194266 0.06958515211228355 0.9800836511498308 -0.18599447130046562 -29.799637719431427 -0.9878253903190016 0.041692269189462096 -0.1498757916774926 86.34214518829518
-0.1404495364606206 0.19524178178752838 0.9706464723844821 378.12476985733144 0.06995198340774704 0.9798708692698054 -0.18697539831157292 -30.002445434072733 -0.9876136125658298 0.04163803790862669 -0.1512799592603093 86.20276288241884
-0.14036445022114466 0.19407315543320447 0.9708931102105557 379.13312089207733 0.07110437389543238 0.9800450695462253 -0.18562281559949986 -30.219115038330763 -0.9875434112620388 0.042979902260785394 -0.15136293758578792 86.04652295428833
-0.1394944775662687 0.19302916961494532 0.9712265597718636 380.0458000381969 0.07099524174725878 0.9802416209395864 -0.1846240510523834 -30.418279036153674 -0.9876745245159316 0.043198428854641126 -0.1504424453627653 85.91303181163975
-0.13898718429647833 0.19532857294560815 0.9708394878621182 380.8335718116756 0.07079329769707415 0.9798061834814893 -0.18699773210556364 -30.593492409322277 -0.9877605335315438 0.04273864062511802 -0.15000845641165353 85.79830694003395
-0.1397518930859818 0.2007175435716454 0.9696297623740002 381.62184495416307 0.06934928096722819 0.9788189229162003 -0.19262448798247564 -30.76379307123782 -0.9877550736939917 0.04032348997479187 -0.15071141479012212 85.68168395216425
-0.13655365044468606 0.2045519240763808 0.9692840713159856 382.5208700492109 0.06829662427241483 0.9780653713555254 -0.19678338463443518 -30.95474270822444 -0.9882756051138942 0.039327340513211094 -0.14752860273497811 85.55586721359046
-0.1324456879015539 0.20690023898284376 0.9693556782033816 383.3804884495123 0.06679216585929339 0.9776114002586934 -0.19953635424171415 -31.140828602970487 -0.9889372812954923 0.03831763553629567 -0.1432997294861331 85.43166718899934
-0.12876426349987002 0.20794144233138778 0.9696288573503211 384.3334666004702 0.06531218622288651 0.9774239107000885 -0.20093983458375125 -31.35640306637946 -0.9895221487041779 0.037454710690385966 -0.13943838019346247 85.3015573896928
-0.12542669088194583 0.2106925974225346 0.9694724207556203 385.2618344220654 0.0628788734538559 0.9769129845520077 -0.20417460147353372 -31.571046854151128 -0.9901082731133953 0.035350389036730163 -0.13577907610295917 85.18096729563148
-0.12169539015202382 0.2111361176749575 0.9698514173979975 386.2624735135543 0.06172891165705906 0.9768323028833503 -0.2049102084066544 -31.80053654813711 -0.9906461393865077 0.03493124470685377 -0.13190919096806078 85.04801419284836
-0.12015203442021645 0.20961716774425435 0.9703731919275037 387.29955419286483 0.05942045304105765 0.9772203974851612 -0.20373881441529967 -32.03441834355578 -0.9909756295616401 0.033180381640867875 -0.12987056590732138 84.91153493190905
-0.11719639326884847 0.20741550800885322 0.9712073992933818 388.2187271187652 0.05783501241371323 0.9777123715419769 -0.20182574135348116 -32.24532537775051 -0.9914232782943366 0.03251654303898301 -0.1265802420795404 84.79736153613845
-0.11392910933504526 0.20594303229256444 0.9719092681399221 389.28234801009114 0.055327644058079474 0.978075979677575 -0.20076411477340225 -32.49020247991937 -0.9919470801656288 0.030900573261821225 -0.12282566801359225 84.66835732046862
-0.10938230236759484 0.20581994392812675 0.972457537690052 390.2924313022295 0.05429031151276256 0.9781044568188219 -0.2009085205436001 -32.71638264004828 -0.9925160321146568 0.030819186111800366 -0.11816134631424557 84.54436990144487
-0.10464453629359229 0.2052553835802797 0.9730980158931696 391.11277663210757 0.052440610614240005 0.978247708556968 -0.2007022746793381 -32.90041431317114 -0.9931261266235603 0.03002745767405433 -0.11313199548902284 84.45259196492557
-0.09867946526300335 0.20506799905257322 0.9737604833325254 391.87250465021555 0.0511342458270693 0.9782886537491666 -0.2008397342394007 -33.07435521385325 -0.9938046347442314 0.029973750353103023 -0.10702299869965055 84.36804010340192
-0.08894227454189235 0.20605087952095968 0.9744907936188855 392.64101298073666 0.048758748668983866 0.9780960184306643 -0.20236294907499602 -33.24362175442435 -0.994842628875321 0.029516330712566215 -0.09704086764717744 84.29554425071191
-0.0799997939726663 0.2066179758233353 0.9751456532390483 393.4172509697238 0.04474959128313092 0.9780392866478067 -0.20355988763372582 -33.41552724175531 -0.9957898910133272 0.027352620352171595 -0.08748901139884015 84.2303049870294
-0.07075345851302324 0.2066864346287121 0.9758456157860874 394.0009427719582 0.041257223540186835 0.9780666080648838 -0.20416550074442197 -33.54652575298505 -0.9966402508499298 0.025815265424486467 -0.07772890361289322 84.19126212742076
-0.05962021037763213 0.20737833180321166 0.9764423475111346 394.53024724001483 0.03772963008252192 0.9779515878753533 -0.20539514791231975 -33.67676722650505 -0.9975078473517756 0.02459510663942672 -0.06612998715433382 84.16410439025319
-0.046696768465232755 0.2073340200446496 0.9771550623862318 395.0875541751217 0.034488795844899015 0.9779736069685879 -0.205859532288479 -33.812785211273074 -0.9983135453233536 0.02408792653981176 -0.0528189077787431 84.14282141646282
-0.03371636521940446 0.20712259278359013 0.977733827928136 395.70719201846197 0.029907033035250268 0.9780610316149535 -0.20616058743448934 -33.97102337778838 -0.998983871787443 0.02229013223173993 -0.039171085173523176 84.11982882351717
-0.020903365068133457 0.2075521221826875 0.9780005960664351 396.29935737497453 0.025441516186803476 0.9780079879089307 -0.2070099148361113 -34.11850112010477 -0.9994577422697546 0.02055461417298489 -0.02572409868692777 84.11277957850913
-0.011954326946287949 0.2078801316791594 0.978081256808619 396.8314150924381 0.021397610666802926 0.9779803485157837 -0.20759715839748552 -34.24909743597216 -0.999699573034331 0.018446917629083952 -0.016139234956237238 84.11284220562186
-0.00411787576843627 0.2075987634510059 0.9782053958718385 397.39646502877645 0.017949207922451468 0.9780714411627295 -0.20749477563743865 -34.389187121840116 -0.9998304201383968 0.01670357433269276 -0.00775381005699007 84.11559952466817
0.004047547883035121 0.20758038974546564 0.9782095885592546 397.92661867541943 0.014962617225843347 0.9780955202565812 -0.20761809492376437 -34.517156688995456 -0.99987986150432 0.015476919820850026 0.0008529425370672238 84.12389289356511
0.011937510153683887 0.20736409290284794 0.978190998131715 398.555343323449 0.013133046269296492 0.9781438100475295 -0.20751436085583042 -34.66245616799267 -0.9998424970699286 0.015323832428424552 0.008953279437520917 84.1304074532631
0.019040292865335897 0.20689722152151355 0.9781773903409804 399.192446523295 0.011807342045632819 0.9782399937609282 -0.20714029371527143 -34.81115839039173 -0.9997489954590754 0.015493686885610633 0.016183069710996104 84.14224661767481
0.025926879242176258 0.20684911772189124 0.9780292630747033 399.8846726343844 0.01076763320196815 0.9782436047218288 -0.20717989259598135 -34.97111863674884 -0.9996058498268205 0.015902588422322398 0.023135528381273206 84.15829494501365
0.03238358130776255 0.20686153485708447 0.9778341418963981 400.7015716467589 0.009268350516287945 0.9782430517987311 -0.20725498615527835 -35.158450138762035 -0.9994325396645846 0.015774568269487844 0.02976174819328437 84.18669776250425
0.038155119383939395 0.20734075857905937 0.9775244225576506 401.51483638686113 0.007313087794559027 0.9781526107050483 -0.2077594496474698 -35.34589845050559 -0.9992450678445789 0.0150758085279302 0.03580522846628311 84.22149057949244
0.04406336202724215 0.2072817337041155 0.9772884441143683 402.289404316441 0.004904610166277205 0.9781818973116906 -0.20769237003518026 -35.52589179014526 -0.9990166990225857 0.013944842929544388 0.042085346971329936 84.26212197266396
0.04979254655373116 0.2067352818909306 0.9771290731163322 403.0441544501317 0.0027997692572659266 0.9783098909631981 -0.20712778310910854 -35.7021692353422 -0.9987556576059087 0.013049155722323019 0.0481337297031293 84.30464645347205
0.05523322734803907 0.20606497039209531 0.9769782590078631 403.7547639283051 0.0015467380837781864 0.9784530834875608 -0.2064634859121505 -35.86602604620031 -0.9984722821380824 0.012914774136684988 0.05372439307221923 84.34742331417883
0.06224367865722234 0.20472711754960002 0.9768380274165511 404.35751380366935 8.927968924282317e-05 0.9787346674153862 -0.20513030694766202 -36.01351191275386 -0.9980609783456937 0.012855276704035731 0.060901768155851264 84.39032657664136
0.06851076260276075 0.20358105643777502 0.9766580921014669 404.98579701153506 -0.0013615388746765283 0.9789764425850898 -0.20396879926926711 -36.16232556831106 -0.9976494482630112 0.012644300025443117 0.06734760617412903 84.43945814828874
0.07465744040019347 0.20296632275391618 0.9763354640801771 405.6063758061839 -0.003430521979986653 0.9791142887121587 -0.20328167934823851 -36.31020400815443 -0.9972033383978647 0.0118271495910246 0.07379444708590911 84.49544407515626
0.07948976181768837 0.20448919818041275 0.9756359698133875 406.3556229567878 -0.004852454438973141 0.9788007729182469 -0.2047571747719031 -36.48431530397035 -0.9968238718309743 0.011541869960538294 0.07879691482367224 84.5601702052784
0.0852538376015261 0.20871389177930186 0.9742537115929095 407.0618086402188 -0.006721931968347451 0.9779119034633728 -0.20890936957270947 -36.64895767470113 -0.9963365891127531 0.011261458297751197 0.08477370318785404 84.62585778967957
0.09000457631812342 0.21143480232081655 0.9732391795490777 407.74194475871764 -0.007985643308765526 0.9773271074173495 -0.2115843912206014 -36.80677045383542 -0.9959093361058273 0.01127162254534352 0.0896523551417079 84.69235045137482
0.09334836820028382 0.2112175254638333 0.9729713454625931 408.3757344186702 -0.009605599411531537 0.977384024964053 -0.21125387618934618 -36.95594940186124 -0.9955871707762706 0.010374231634847493 0.0932660747737192 84.76099027059436
0.09782403670856381 0.20787714932539078 0.9732510203592905 409.07430548640974 -0.011406689099523625 0.97811145745888 -0.20776877588189985 -37.11955203844736 -0.9951383548461177 0.00922320855373155 0.09805400113277314 84.83932779527359
0.10084128275088255 0.20571414636801025 0.9734026534159678 409.7032386477029 -0.012782258948349227 0.9785771043904032 -0.20548348989415646 -37.26965798505611 -0.9948204107020238 0.008278933928081393 0.10131046196558591 84.90938355815442
0.10427098483123443 0.20664752237893014 0.9728434422953076 410.30531320169854 -0.0137796962213958 0.9783818380038076 -0.20634703544356542 -37.41758021928069 -0.9944534587874789 0.008110521496899642 0.10486437787293482 84.97829653094702
0.1064642192971161 0.21051544994864385 0.9717760108905678 410.95365997732523 -0.014267831615393089 0.9775534543875775 -0.21020388387448996 -37.57199319696252 -0.9942141615318401 0.008514055898653975 0.10707806433487717 85.05049591655805
0.10862587521510214 0.21449234908197987 0.970666498556047 411.7318044661739 -0.01514775759959945 0.9766881898427346 -0.2141278245848417 -37.75573793278265 -0.9939672855147025 0.008556401523255116 0.10934268754478217 85.14244733037971
0.10828946394739188 0.21428186934096907 0.9707505717071382 412.51743212009245 -0.014254503967962824 0.9767272343053007 -0.21401102514346304 -37.93734120811051 -0.9940172036311157 0.009337571315315605 0.10882375038252179 85.22998686308155
0.1104757262859856 0.21089202324957437 0.9712464509233966 413.30546748793006 -0.013843305497726147 0.9774599528490867 -0.21066656941519651 -38.126761110637986 -0.9937824091794386 0.009828280926605747 0.11090504091134436 85.32423720121456
0.11397166423134997 0.20717611589838836 0.9716421752649499 414.0890684659483 -0.01451706736851803 0.9782577930551544 -0.20688389275602756 -38.313300966242934 -0.9933779313571265 0.00947350664364968 0.11450125835342706 85.42376422938592
0.11601389072034136 0.20481713131892704 0.9719005709835874 414.82045970750727 -0.014933163009135001 0.978756935436758 -0.20447949035783194 -38.485615273341104 -0.9931353270337737 0.00920891159375509 0.11660796775858398 85.52121386161451
0.11574453452824414 0.20424522614855106 0.9720530285547061 415.54770002107546 -0.0145983530939723 0.9788744827233986 -0.20394027351151714 -38.658753140370855 -0.9931717327903533 0.009414598692246383 0.11628101529346911 85.6135902869106
0.11595486246338389 0.20474918141986997 0.9719219323479639 416.21677676752853 -0.014830861646177916 0.9787703922670218 -0.2044225153066612 -38.81710271110385 -0.9931437536499632 0.009289344937264117 0.1165297930003599 85.69624943209821
0.11605307012633304 0.20468411238468778 0.9719239162874602 416.8987078971003 -0.015118504439198793 0.9787865357113114 -0.2043241256772719 -38.97908807896441 -0.9931279453009987 0.009018406042770452 0.11668570012933557 85.77956868812538
0.11641726259009275 0.2040305211360481 0.9720177814299444 417.7421956251107 -0.014981774426655365 0.9789217665625651 -0.20368534897008614 -39.172238469952134 -0.993087391625766 0.009149939616723543 0.11702013159688361 85.8823424867227
0.11806877497051635 0.20406142922662945 0.9718120690128088 418.4649862235121 -0.015204034181606116 0.978914139572756 -0.2037055342624389 -39.34389173041346 -0.9928890178270557 0.009275798969712375 0.1186817502057802 85.97454730022709
0.11909100558844168 0.20743953536026055 0.9709717666119145 419.1813183581485 -0.016868589058535916 0.9782129422263954 -0.2069175931716859 -39.51004299092617 -0.9927400380215946 0.008263100526338897 0.11999557524585427 86.07094625862462
0.12063375881027934 0.21416053449209502 0.9693207733776126 419.7723742673617 -0.017568139189079676 0.9767593726297384 -0.21361762208535925 -39.64826587367863 -0.9925416146040154 0.00874033443470614 0.12159255665225921 86.14944606281104
0.1208668844890711 0.21888800942795147 0.9682351137831059 420.41745461620434 -0.016592691261439054 0.9756951559766697 -0.21850319265487872 -39.798939787618835 -0.9925300392585694 0.010344173835622842 0.12156117487524608 86.23088257319259
0.12235299062770841 0.21899770467298135 0.9680236314431744 421.08813740436227 -0.016782563287318482 0.9756688630772947 -0.21860607308804614 -39.95712262850419 -0.9923447441559672 0.010501188953386665 0.12305134609829375 86.31990538407385
0.1217246221284038 0.21770872159368712 0.9683935299813548 421.77586695840404 -0.017208357705705838 0.9759647868812905 -0.2172478013532928 -40.1225108758559 -0.9924147262071331 0.00977994426414553 0.12254535445058812 86.4088201147232
0.12225783605893599 0.21680396842485136 0.9685293288266659 422.3664903839005 -0.01787623476746264 0.9761725064300784 -0.2162583591923502 -40.273313245193435 -0.9923373729497112 0.009125621363234103 0.12322037689444813 86.48500922733545
0.12189472231684637 0.21747453851393986 0.9684247527657773 422.9627884152151 -0.017461930021426906 0.9760193870258014 -0.21698211251095353 -40.42758844494647 -0.9923894183591616 0.009538409088431496 0.12276913733033996 86.56405981294346
0.12038275092600967 0.21960207565987702 0.9681337312816704 423.6876899660044 -0.018149350053216346 0.9755498738558418 -0.21902749761732546 -40.61027743875833 -0.9925616325307671 0.0087961347042559 0.12142501242385073 86.66192663738292
0.11961749904246093 0.2203377924351563 0.9680614190988286 424.4569797921452 -0.018247872115686837 0.9753855327536771 -0.21975003448938304 -40.79941313092522 -0.9926523404929267 0.008620888564268544 0.1206938738888015 86.76204586839492
0.1181099933886833 0.2193059014018173 0.9684807437796948 425.1486080795444 -0.017792337983761466 0.9756181991547279 -0.21875228498730587 -40.97030082801179 -0.9928411062052205 0.008605294209516796 0.11913222377161742 86.84672714629426
0.11727830439372604 0.21805758672270656 0.9688636065985816 425.9145757562292 -0.018129942115126176 0.9759036335394503 -0.21744747237760773 -41.1566567848376 -0.9929335851493009 0.007936429750062509 0.1184056948182285 86.94378801023991
0.11784929725433035 0.2182360897511759 0.9687541237418226 426.67035464067294 -0.018126370950185728 0.9758624883951382 -0.21763234690513072 -41.34453029814603 -0.9928660422296887 0.008087822536113651 0.1189605367917758 87.0448639626984
0.11758131294167916 0.2197433877449717 0.9684459088608321 427.41229184913476 -0.018215327374079097 0.9755238656239997 -0.21913783207532578 -41.526741383592835 -0.9928961862629825 0.008125954736622152 0.11870607467207478 87.14156776220763
0.11797706423233671 0.2214173784689095 0.9680164031807951 428.17400557958274 -0.018369109533841854 0.9751440773202513 -0.22080897690578422 -41.709371282001264 -0.9928464071194807 0.008268795510906373 0.11911187552358438 87.23779865895449
0.11839669137896276 0.22228385480034082 0.9677665583009286 428.93286304673984 -0.018599956813529116 0.9749471467622332 -0.22165762478815265 -41.89592175164062 -0.9927921560311899 0.008243113203861608 0.11956498654563838 87.33321533015555
0.11870482301517947 0.22363795560328423 0.9674167818507842 429.6935582669301 -0.01913681473836688 0.9746398375847599 -0.22295956878867684 -42.08406955351571 -0.9927451572859037 0.007953100423534826 0.11997416754888816 87.42967845871365
0.1187283537064335 0.22441570880383943 0.9672337709510767 430.42225219447954 -0.01896019634009211 0.9744587652869436 -0.22376466591086472 -42.26837879371193 -0.9927457322904565 0.008228268197266724 0.11995085085804325 87.51864819795999
0.11923567235867844 0.22228021576166523 0.9676643840289518 431.32507826697946 -0.019505382184311526 0.974953651118853 -0.2215511639235324 -42.49347603123401 -0.9926743647858683 0.007542138355638819 0.12058491467014616 87.63293993818472
0.11961841543624148 0.21960685031002333 0.968227383410242 432.31548528155605 -0.020960009178280815 0.9755708274992259 -0.21868296355165145 -42.74011343987342 -0.9925986664829743 0.00586445474000817 0.12129919812939048 87.76145997512705
0.11999196824219238 0.21834028760038715 0.9684675763121628 433.15733914207414 -0.022727077366163435 0.9758642883859078 -0.21719201322210105 -42.95191497497315 -0.9925146888141088 0.004050859619536637 0.12205811330913464 87.87601057737571
0.12230644999366218 0.22037362559609402 0.9677172094323789 433.9291210806379 -0.024815779115188254 0.9754116038172647 -0.218989452361407 -43.14538664652292 -0.9921820948781854 0.0027691659891393855 0.1247678737611187 87.97931379404064
0.12450034699539972 0.22355706657316063 0.9667067298737704 434.71295020639843 -0.02688638939954059 0.9746894618447735 -0.22194047633050934 -43.34156842039982 -0.9918552241446791 0.0016404127409298135 0.12735981855733747 88.0820431898115
0.12529880001664292 0.22659420040063472 0.9658961015860854 435.44626074359064 -0.028077811409813955 0.9739886852791703 -0.22485034457300707 -43.52798933443235 -0.991721658138429 0.0010532297765176492 0.12840188272067304 88.18014615682343
0.12499188551157094 0.22851062370285918 0.9654842947511908 436.1284149533103 -0.02881710623952982 0.9735412847765705 -0.22668687924883588 -43.69656816535183 -0.9917391809060755 0.0005115569636030011 0.12826977572768597 88.27472848097194
0.1256013454666999 0.22785214573752757 0.9655608223720401 436.7986145568313 -0.029343026703275526 0.9736957416987572 -0.22595483925247123 -43.86413029917952 -0.9916467560582531 4.7754830322635e-05 0.12898336682933378 88.36776857969272
0.12816277436074594 0.2274898781479724 0.9653096180026326 437.4991172503068 -0.029919463593771112 0.9737804449167571 -0.22551379291740822 -44.043967236359 -0.9913017345724906 2.0927384362713405e-05 0.1316087785659715 88.47113238544725
0.131228165476261 0.22812681200286097 0.9647472862004629 438.11433671069517 -0.03094743006275175 0.973631408195524 -0.22601800270713884 -44.205269307724315 -0.9908690252289943 -0.000196521308052149 0.13482780210746295 88.55935315476833
0.13230971948086606 0.2287130555436549 0.9644607178909835 438.7756874263912 -0.030659585495689635 0.9734937922605157 -0.22664912584760813 -44.37535787568905 -0.9907341358548915 0.0004179164240675238 0.13581493805077305 88.65616296452846
0.13252793770384452 0.22852728412119605 0.9644747929003474 439.44488070803095 -0.0296409556855786 0.9735364389520152 -0.2266014469916012 -44.547329601699886 -0.990735968598104 0.0014430678542869321 0.1357945436354359 88.7547141768449
0.13186899873143543 0.22773492923910768 0.9647524911489157 440.1107198413832 -0.028699202276883145 0.9737208887497227 -0.22592916279474115 -44.71996198120005 -0.9908516150071364 0.0021054255913641184 0.13493940944305283 88.85132275865506
0.1316917102156813 0.22663755158473808 0.9650350841664542 440.75596179919904 -0.02861487883942662 0.9739771266372352 -0.2248327055757055 -44.88117627437178 -0.9908776322884099 0.00199424150046423 0.13474991959687296 88.93585789052648
0.13240871861975623 0.22646794452938646 0.9649767879768509 441.4117517748905 -0.028477676555792288 0.9740159748869496 -0.22468178075451758 -45.05203726943987 -0.9907860279452215 0.0022695298350583464 0.13541748802451528 89.02387766172288
0.13317376928639282 0.2287986058365279 0.9643214947004586 442.01100059971975 -0.02890341560932188 0.9734709294483764 -0.2269778449211298 -45.206590841086935 -0.9906711562068314 0.0023553102103191278 0.13625385416069374 89.10441369534168
0.13205771270110847 0.23317984012217105 0.9634250996713556 442.6095357575529 -0.02865505620672205 0.9724291379907913 -0.2314313274824481 -45.36331027669228 -0.9908277591337217 0.002955291372663562 0.1350985491519484 89.18555312291032
0.13045939049276964 0.23887618577740516 0.9622465979678521 443.27571799895617 -0.02948266370413451 0.9710466655418005 -0.2370635903741269 -45.53999296475907 -0.9910151966408868 0.002557578659902272 0.13372486237881986 89.28199773604406
0.12877653188721955 0.24331519536515622 0.9613606610110106 443.99987726653814 -0.02928893780335521 0.9699427869917729 -0.2415639627200127 -45.73588251325377 -0.9912410216276678 0.0029505367410726587 0.1320323118614846 89.38237312317005
0.12728443132018583 0.24423067733044626 0.9613272334612287 444.80650695963647 -0.028830054687358105 0.9697120243417164 -0.24254364100884365 -45.955108396177245 -0.9914471753402864 0.0031569127030038396 0.1304704273464475 89.49668102570347
0.12677514630843492 0.2422129426121051 0.96190485637077 445.6304690249765 -0.030040457271666484 0.970221836834589 -0.24034799407575258 -46.17382120201361 -0.9914764915041586 0.0015740903766775654 0.13027620286952574 89.61943510394977
0.1274222276369216 0.23962996832487865 0.9624661314481013 446.45917010694296 -0.031596962386365925 0.9708642838788414 -0.23753773227929903 -46.39573241018815 -0.9913451507280454 -0.0001434191586660016 0.13128126888077252 89.74241008502779
0.12838505221355098 0.23882047886124988 0.9625393795812296 447.17273171333215 -0.03304300097657891 0.9710626702089626 -0.23652790662649928 -46.59531802463501 -0.9911737680420105 -0.001438542017293398 0.13256127693364592 89.85354442154897
0.12892162550654518 0.23919045193345792 0.9623757801298977 447.82551589519477 -0.033804442350268554 0.9709706025278431 -0.2367981180333092 -46.78025703686942 -0.9910784399603033 -0.002004178284951069 0.13326480824007708 89.95585565679072
0.1294243942193961 0.24035871212363744 0.962017159767548 448.5220874942653 -0.033694744446261145 0.9706827944043842 -0.23799070747407228 -46.97423349145633 -0.9910166448539875 -0.001613119206608385 0.13372885802541518 90.06101197430841
0.12996724754617806 0.24130361138799625 0.961707378414241 449.2233271585613 -0.033588110968849456 0.9704488737108723 -0.23895778354105923 -47.16776078584974 -0.9909492183592585 -0.001245248739172138 0.13423150147697352 90.16206266267356
0.13031780198538262 0.24219919820586275 0.9614347709928877 449.95720745855397 -0.03432797927026879 0.9702249502887533 -0.23976057990507488 -47.36603696395003 -0.9908778231068294 -0.0017590411123896018 0.1347517920082928 90.27399904529005
0.13049902306802758 0.24327271922915067 0.9611391101485549 450.69071553812427 -0.03405821631973117 0.969957057808601 -0.24088035185214363 -47.566048382381105 -0.9908632816284089 -0.0013000331338061106 0.1348638833581552 90.38424662921612
0.13102273568467582 0.2440377883342461 0.9608738734082864 451.38191989889424 -0.03276652233279061 0.9697657024613243 -0.24182811528836057 -47.75381695970058 -0.9908377252345253 0.00020048599852233687 0.13505762495115176 90.48767664541003
0.13026182314439705 0.24486526319367397 0.9607668084983998 452.11177894691565 -0.03209460167733408 0.9695567981446163 -0.2427540972151545 -47.953177931499155 -0.9909600365172561 0.0007861632554583673 0.13415508925517722 90.5934461639994
0.1289615942689893 0.2452550595691366 0.9608427878479133 452.84468921363566 -0.03175341415406034 0.9694582142228451 -0.24319229339233756 -48.15319095101776 -0.9911410736586249 0.0008524268903306986 0.13281056236322175 90.6995594024764
0.12765049917583515 0.2447395783269532 0.9611492542058782 453.5384377692776 -0.0319333535340357 0.9695888095685624 -0.24264748358781782 -48.34123146087831 -0.991305004018562 0.0002813534702139463 0.13158385101521497 90.809641715716
0.12679316250958994 0.24397716150409277 0.9614565193524007 454.3034568234785 -0.031595447571742846 0.9697809323465203 -0.24192286156927642 -48.548663811509776 -0.9914258528168253 0.0002965156520289477 0.13067015896871798 90.92548768130182
0.12587470253785227 0.24278539354064618 0.9618787927511093 455.11019321396776 -0.030661100149403122 0.9700796740904702 -0.24084294229677491 -48.76202642149189 -0.9915722143135349 0.0008237717238187118 0.12955255768031537 91.04541336707064
0.12584435552542933 0.2413698471215133 0.9622389490573208 455.91180479628633 -0.03073550103512577 0.9704330431054619 -0.23940559271914338 -48.97419675536351 -0.9915737628429466 0.0005529463101341828 0.12954214407623824 91.16371099209243
0.12483175587700784 0.2398309399822972 0.9627555000891356 456.6794317968201 -0.032134895672199196 0.9708138388408413 -0.23767170381696195 -49.17751921087913 -0.9916573910402781 -0.001269071443449032 0.12889533836749612 91.27427029026599
0.12403199019513121 0.23949796465667939 0.9629417377669086 457.5184388176586 -0.03337523355394429 0.970893053620167 -0.23717666878792926 -49.39726650972002 -0.9917167736775786 -0.002720911139193419 0.12841509821324731 91.3963963073056
0.12328628351257646 0.23975920541062956 0.9629724895959026 458.3127751501944 -0.032858730278762106 0.9708295172060248 -0.23750863640296455 -49.60685879415848 -0.9918269990992051 -0.0023604962172386838 0.12756814616307674 91.51265373995723
0.12281322881600265 0.23983105469769325 0.9630150445503906 459.0598028176455 -0.032598041885955956 0.9708121243719455 -0.2376156283531089 -49.804212434451024 -0.991894287962684 -0.00221006222387095 0.1270465943344286 91.61900902986902
0.12327620365555447 0.23917972280483413 0.9631178732695638 459.91403834931407 -0.03228737427352882 0.9709734931989202 -0.23699789232737703 -50.02374495322378 -0.9918470159630495 -0.0018803468032927923 0.1274204113205726 91.74127885527757
0.12403673378063343 0.23760980895914957 0.963408774798859 460.7730802195352 -0.031736447368667715 0.9713597230771244 -0.23548478993760763 -50.24934477267557 -0.9917699766485463 -0.001366407677037408 0.12802517857285717 91.86050476745689
0.12640688460374955 0.2367410589148099 0.9633145750733139 461.5261504989786 -0.03202655469202105 0.971572040275856 -0.2345678374133613 -50.44863099189799 -0.9914613453480391 -0.0012006573685448523 0.13039539525056057 91.9700062039126
0.12800480061291322 0.23625163270894067 0.9632237211896406 462.23065337030476 -0.032970000938075505 0.97169022104843 -0.23394677462407626 -50.64180923373334 -0.991225378033776 -0.0018111767514101904 0.13217022955485627 92.07068450572424
0.1309678428050862 0.23558529423973326 0.9629885738101834 462.85074693871735 -0.03329708554306737 0.9718524886307572 -0.23322530831055507 -50.814489036255836 -0.9908272948628991 -0.001519697402169776 0.13512572765571268 92.16284907719971
0.13451919400428158 0.23513320209463087 0.9626094554476254 463.4255718415494 -0.033695978764624136 0.9719624968631463 -0.23270901509538447 -50.97173491370628 -0.9903379056966074 -0.0011322386212284628 0.13867065506505705 92.25169547830733
0.1359440318327213 0.23436873362813715 0.9625957183088946 463.98763142808514 -0.03302780004745509 0.9721477431624317 -0.2320300193686729 -51.12310280977499 -0.9901658369349544 -0.000249322571640948 0.13989836741422604 92.33762519626526
0.1372307304233695 0.23337604366321252 0.9626543247041403 464.52721637206963 -0.033800717022381035 0.9723861890073944 -0.23091689188203496 -51.2713450337761 -0.9899622407729756 -0.0008495126796302319 0.1413295445827433 92.42514507596137
0.13817583185437537 0.23272688497129107 0.9626762885326098 465.09955018804817 -0.034673898484810436 0.9725408466909808 -0.23013479154935707 -51.42345010924245 -0.9898005658996292 -0.001580673641348283 0.14245118888806432 92.52360107144622
0.13862801758149215 0.23190065101872714 0.9628106567744903 465.62924680697637 -0.035753275192250265 0.9727358446095385 -0.2291433610751257 -51.56406106717504 -0.989698932026534 -0.00265794448188502 0.14313964956181208 92.60990993181287
0.13949746039096061 0.23119677615192571 0.9628543551552531 466.12349677212916 -0.03645922372100436 0.9729015690245286 -0.22832709430832515 -51.69464394303994 -0.9895510009848626 -0.0032538725508902177 0.14414655307459945 92.68870470477357
0.1409192258388766 0.2303798306849255 0.9628431364467247 466.5920250345044 -0.03682888911249384 0.9730948101410881 -0.22744257165981474 -51.8235093766201 -0.9893358402058022 -0.00340941198381807 0.14561240055095978 92.76310664445325
0.14187024002085377 0.2300843628317331 0.9627741277042867 467.0913332040758 -0.03793306553570845 0.9731610998339691 -0.2269769951096667 -51.95917267442648 -0.9891581863056579 -0.0043196933068708485 0.14679040402643992 92.84328401298613
0.14239446310222484 0.22892525229060318 0.9629730244100932 467.6366284491554 -0.03870561371322647 0.9734304561039369 -0.22568788757125188 -52.10452887165007 -0.9890529269684817 -0.005135756319690941 0.1474717995486358 92.93110554676717
0.1431610077260759 0.22802134085535325 0.9630738258209441 468.2308268612424 -0.03899629739820112 0.9736412471230793 -0.2247265242241243 -52.262784369048255 -0.9889308442232423 -0.005384237657432997 0.1482794501229441 93.02597268528362
0.14396030807574892 0.22757883256174036 0.9630593463897125 468.8530124502786 -0.039105692074897856 0.9737448150745793 -0.22425828850396354 -52.4241468338875 -0.9888104846461166 -0.005376809948197882 0.14908023131422257 93.12618490856514
0.14310629039398107 0.22793658215950374 0.9631020216794937 469.44829187071053 -0.03982931855400145 0.9736560488206107 -0.2245161998132243 -52.575660347720685 -0.9889055642644589 -0.006230016732851163 0.14841486400731851 93.22169298998868
0.14246881112748683 0.22926410728217553 0.9628814085691123 469.9399930282216 -0.03979450875245068 0.9733448978030298 -0.2258674544815428 -52.70535743598856 -0.9889990065359427 -0.006138324928498588 0.14779474293086492 93.30311415688455
0.1404792220630321 0.23130153811661547 0.9626864425312446 470.4347950881176 -0.03942518600284346 0.9728640627189171 -0.2279937941670675 -52.833947549073656 -0.989298358877248 -0.005925701219421446 0.1457862928668245 93.3803262907878
0.13892470842484392 0.23338485719851873 0.9624091821151277 471.0019433967761 -0.03832138524872488 0.97237214517886 -0.23026915276018198 -52.97869887148985 -0.9895612142872723 -0.004890778128300078 0.144030147773335 93.46607847643757
0.13852885832479225 0.2347126698507821 0.9621432939135194 471.5514155501964 -0.038481895155700656 0.9720522241502656 -0.23158932892030729 -53.12051093307741 -0.9896104784997302 -0.004943292025605747 0.14368947319652253 93.55469020309702
0.1380822060422596 0.23527669992413688 0.9620697369979583 472.102608833032 -0.039762202675944734 0.9719085130932607 -0.23197588110666936 -53.26343086056909 -0.9896222873464755 -0.006222270459099999 0.1435583913864795 93.64401216348352
0.1375462716884571 0.23516844556026334 0.9621729706021598 472.631690564684 -0.03991232327691149 0.9719328099372633 -0.23184826809382475 -53.4070028183168 -0.9896908757764995 -0.006512693777248373 0.14307185336228512 93.72620962092475
0.13789746665095942 0.23387390196580968 0.9624381988837228 473.1766103398678 -0.04043900315406111 0.972240720864215 -0.2304618574023657 -53.55630749686833 -0.9896206221149414 -0.007139935064787041 0.14352715984132458 93.81408975701201
0.13704851464726556 0.232785294309095 0.9628233022660057 473.75767487065957 -0.0409346529471773 0.9724953462186969 -0.22929709062934395 -53.71443223304542 -0.9897181714109741 -0.007988012044023267 0.1428080279343988 93.90775899219342
0.13564370138977852 0.232086584637094 0.9631908447990875 474.27566785504257 -0.03972404586205566 0.972668261537086 -0.22877598907836302 -53.854959646500724 -0.9899610024913307 -0.007229815345014548 0.14115574135134204 93.9860950647476
0.13389316288948722 0.23134924991179875 0.9636130683509367 474.82483261685456 -0.037909642163678196 0.9728524935080296 -0.2282999888441562 -54.000025686337565 -0.9902704074960945 -0.005962419011449451 0.13902866465970484 94.06917846919217
0.1326222888487324 0.23080421855498573 0.9639194682118187 475.3999132876042 -0.036851488138385 0.9729857957071585 -0.22790482481532628 -54.150582011810705 -0.9904813457721048 -0.00529660734248844 0.1375450821663556 94.15597473562576
0.13215975115130502 0.2300103762603668 0.9641727163678709 476.0119828336697 -0.035815232954564624 0.9731777777847089 -0.2272493826491857 -54.31235470696901 -0.9905811775236015 -0.004498848584946779 0.13685280814573808 94.2468926217348
0.13023834561154624 0.22927077583449873 0.9646102242256323 476.55486415630133 -0.03490431876087732 0.9733538254677672 -0.22663631434329576 -54.45372301986524 -0.9908681354570934 -0.00415232411080381 0.13477053216587156 94.32440300085968
0.1283934390609976 0.22816619575130398 0.9651193252248542 477.04991640015106 -0.03285643474824371 0.9736184039475841 -0.22580446893319966 -54.58202133941537 -0.9911788837045183 -0.0027185678118439097 0.13250294293836642 94.39133250936813
0.12655779711742285 0.22722452191583412 0.9655838340760037 477.54627956848685 -0.03147131413673761 0.9738405305112777 -0.2250426126759774 -54.70671165294564 -0.9914598733056734 -0.001907294849740513 0.13039816659395184 94.45667464846302
0.1239742685915567 0.22633254606187095 0.966128334808761 478.010025514169 -0.030379260272868337 0.9740488665055015 -0.22428978176598144 -54.81954528861079 -0.9918202867820723 -0.0015441024931510054 0.1276328111224878 94.51359267951852
0.12246919819813583 0.22515229250536384 0.9665959552327412 478.5925420385649 -0.028697617472051233 0.974323505496188 -0.2233162631539827 -54.96365040591203 -0.9920573281036458 -0.00038963728022919344 0.1257859528669883 94.58805962689459
0.12087979586618142 0.22440777575878618 0.9669690921277451 479.08714074135133 -0.0272868013717692 0.9744951815868202 -0.2227432861726234 -55.092179219742896 -0.9922920464370656 0.0005396694135791758 0.12392014902620159 94.64843947607214
0.11919489237869045 0.22437443864132198 0.967185963977577 479.5423643752551 -0.025939073013231503 0.9745018870402804 -0.2228749349885667 -55.20822395152057 -0.9925319854402971 0.0014776465528825804 0.12197571249481595 94.70454833977459
0.11804564378219454 0.22478846072516112 0.9672307759314065 479.9584130569259 -0.024868631707677363 0.9744048259985325 -0.22342064861549504 -55.3130132715093 -0.9926967196183568 0.002320128357082232 0.12061442643138263 94.75656257189614
0.11624259344286189 0.22558002072062872 0.9672648622385542 480.3797488251119 -0.02428326978360258 0.9742212183709976 -0.22428406203820428 -55.41733218943683 -0.992923955939379 0.002583007437282402 0.11872382151145801 94.80716059223813
0.11426532732372154 0.22577004525674121 0.9674561083772136 480.83672330651547 -0.024275132027125595 0.9741782192713031 -0.2244716353182957 -55.53171020605899 -0.9931536401467197 0.0021642001232299274 0.11679539075305201 94.8623781247647
0.11321779976881179 0.22517067956682849 0.9677189131555366 481.27465530688636 -0.023958667002699538 0.9743169298761343 -0.22390288616319587 -55.63669174146488 -0.9932812854831075 0.0021645369407757614 0.1157048084085917 94.91346208753855
0.1130985881869634 0.2241577491599822 0.9679679813101554 481.67403497202974 -0.023991301573447872 0.9745508531079646 -0.22287900788401177 -55.73978340049208 -0.9932940787092909 0.0019844893751391358 0.11559816176303286 94.96019497502412
0.11393907447209452 0.22342212471474715 0.9680394834387706 482.1312340791884 -0.025662887339486202 0.9747216812094054 -0.22194382260770926 -55.860408170994475 -0.9931562331888447 0.0004453855290573521 0.1167925430405857 95.01763729315189
0.11627193184530621 0.22250203569048463 0.9679740089375141 482.4993167711385 -0.027271237909200913 0.9749319580309127 -0.22082562530857255 -55.95512745905911 -0.9928429470202587 -0.0007220274320826158 0.1194251281285768 95.0640505883431
0.11905682238732924 0.22151863995661863 0.9678610257649669 482.8525661811079 -0.028425686536996293 0.9751551940421908 -0.21969143787924386 -56.043812290389745 -0.9924804549148283 -0.0013563496301646995 0.1223956981586701 95.1088625261641
0.12158771341852465 0.22071697898179973 0.9677295299487428 483.1652788660905 -0.029274599269961513 0.9753363642186254 -0.2187737974950115 -56.12679699371264 -0.9921488929506752 -0.0017296883976520273 0.1250503194510475 95.1490497455017
0.1258677446804712 0.22034502774359987 0.9672669639751665 483.458001351654 -0.030960333854175043 0.9754188274210254 -0.21817325418172134 -56.207642141723355 -0.9915637995493289 -0.002485932677333166 0.12959572354840235 95.18932271913167
0.13088031174181142 0.22012372607614664 0.9666518966084597 483.754378127282 -0.03321966830722043 0.9754652135584715 -0.21763288073013332 -56.283275833956324 -0.990841459384869 -0.0036279960986504026 0.13498162841062314 95.23296682917514
0.13759121322619833 0.21991816807751385 0.9657663575587967 484.05269810205334 -0.03573871868689427 0.9755072321484846 -0.21704465902812262 -56.35856800692216 -0.9898441301687726 -0.004651814210114593 0.14208081712529877 95.2793776950264
0.146770042996743 0.21992261123580564 0.9644130855323206 484.3463965431527 -0.03776588697415791 0.9755063999739947 -0.21670487163615906 -56.43343389172425 -0.9884494383931843 -0.004616132256969912 0.1514806887467729 95.32965671019718
0.15879985750149328 0.2200920849415144 0.962466664047963 484.6673638580515 -0.0397248714773343 0.9754714949400826 -0.21651165591136576 -56.51962133053622 -0.986511297372527 -0.0038518444243869385 0.1636478641807325 95.39019092162953
0.17351176480582547 0.22014191795394827 0.959912081095731 485.03315941533134 -0.04195208715600569 0.9754639218894292 -0.21612533279410082 -56.613287863051085 -0.9839378485744081 -0.002770027375880281 0.17848987952013948 95.46879091228764
0.19055199480819668 0.22003786514712048 0.9566991560444312 485.3603433268274 -0.04622771423206764 0.975485988959998 -0.21515130438745997 -56.70137804685838 -0.9805880560722262 -0.0032285049550663794 0.19605264865402777 95.54949279521654
0.208359886505984 0.2199149665904914 0.9530076417137111 485.7085650871002 -0.05017928569256642 0.9755137849568295 -0.21413756010237264 -56.790520614155064 -0.9767641460366006 -0.0032035650011527353 0.21429311745524152 95.64214175451784
0.22918615249299884 0.22011254816164416 0.9481688529198039 486.0408899854879 -0.05392620121431917 0.9754719583800259 -0.21341608008030463 -56.877420325518905 -0.9718876850377627 -0.002219134073960935 0.23543449856788817 95.73576448360325
0.2502864556723305 0.22108080295621715 0.942592153941051 486.35317152893776 -0.05801841750497718 0.9752546374026726 -0.2133360153720256 -56.95613062552465 -0.9664318668883045 -0.0012925899695456606 0.25691978490176604 95.83572003447897
0.2764760119586532 0.2231408909953771 0.9347562022138403 486.67309810338 -0.0643236736473505 0.9747856359957149 -0.2136713103459441 -57.03614824643759 -0.9588657256466941 -0.0010519611366136485 0.2838580870044379 95.95226081536852
0.30116393144617554 0.22511465038584408 0.9266194907174988 486.9802330624374 -0.06980921876537526 0.9743322534941173 -0.21401713196951644 -57.1152867316068 -0.9510136483622437 -0.00023234187898409013 0.3091488098731738 96.07873307777372
0.3235829058216458 0.2253098026980886 0.9189829138064441 487.2520811865718 -0.07475743450886904 0.9742871687093304 -0.21254608647072923 -57.18662527765993 -0.9432419779916952 7.547528756231206e-05 0.33210625597511506 96.19974037337914
0.3404379922217719 0.22627171702375337 0.9126352412257296 487.5250062436518 -0.07965327069352188 0.9740640420507133 -0.21178904233143162 -57.26328347758367 -0.9368870422414043 -0.000593345567916376 0.3496316890975466 96.32626601267053
0.3484459318727481 0.22777825786255632 0.9092318174186633 487.86917311400583 -0.08133649230593296 0.9737130132124671 -0.21276123453317194 -57.34911415905493 -0.93379323599002 0.00018205991152471895 0.35781302278353316 96.46744039730298
0.34707443876477795 0.22853739971591486 0.909565825483355 488.2363047579481 -0.08100983079121762 0.9735350128564743 -0.21369835295981407 -57.44358423430264 -0.9343322435147502 0.00048546230260398823 0.35640289428546984 96.61147746926378
0.33985215887863496 0.22942533001355683 0.9120660765831148 488.58529459810813 -0.07929951984213507 0.9733259031442213 -0.21528648917502383 -57.536817531681855 -0.9371297115438992 0.0008391761861925849 0.3489802279857562 96.7440847137332
0.32653568538706446 0.2301860192067488 0.9167272455482955 488.9860502155228 -0.07579700846656678 0.9731455085221624 -0.21735370424880296 -57.642368639000715 -0.9421407854860829 0.001488557995943417 0.33521414725332394 96.8802717699284
0.3086790859058016 0.230747275038556 0.9227529013699467 489.48521733414356 -0.07164953877402627 0.9730124136910047 -0.21934718233132025 -57.77015054047249 -0.9484637924126794 0.0015930679524937385 0.3168815182630101 97.04379103865374
0.28734515204633965 0.23095119933239236 0.9295667308603562 489.93909125417696 -0.06676035150602981 0.9729642204800051 -0.22109654256125763 -57.885860741041235 -0.9554976813484538 0.0014728179386360417 0.29499493511764247 97.17446964064919
0.26455147767050663 0.23078341659821758 0.9363501109550951 490.3881857434771 -0.060787731879728996 0.973003127892003 -0.2226426840597079 -58.00154241395429 -0.9624538260692216 0.0019818515702305153 0.2714382157123122 97.28907473648425
0.23878022762939885 0.2309807965314483 0.9432029869158413 490.936780181746 -0.05406337253022867 0.9729547478321867 -0.22458007574466252 -58.14581391069696 -0.9695675090698556 0.0026325471540824697 0.24480995701068026 97.41890936967852
0.21464451180517852 0.23118759691356325 0.9489362616030979 491.4175535772586 -0.04727206131131276 0.972902067809761 -0.22633364458446206 -58.27178106753248 -0.9755475825254811 0.0037231015078889192 0.21975680363498576 97.52109595948137
0.19135082488572677 0.23033144650804518 0.954113351004522 491.8901456781753 -0.040201247453084794 0.9730991233314898 -0.22685227764939173 -58.39478942209139 -0.9806980786759921 0.0050518235333921226 0.19546293142235313 97.61007587980784
0.16932616556936286 0.23044117263755048 0.9582408442594282 492.41907375015535 -0.03422213110596121 0.9730689339550149 -0.22795985504959418 -58.531988232212996 -0.9849657331075825 0.005806524355962261 0.17265221944348222 97.69298417268094
0.14730376839587103 0.230802658468182 0.9617856999666865 492.93900942471566 -0.0277731801616902 0.972975003231104 -0.2292341456920274 -58.67025841430608 -0.9887012947701119 0.00705520598333148 0.14973300834635875 97.7589022760451
0.12831725609261857 0.2308985776512166 0.9644794080889028 493.4740904452898 -0.021840961615449902 0.972941129314997 -0.2300185455196705 -58.813565916274506 -0.9914926395009636 0.008450190880537443 0.1298881830248948 97.81717392169436
0.11008896853050244 0.2315508471056325 0.9665736517268451 493.9774316720965 -0.01589464336875212 0.972770454509838 -0.23122500544906013 -58.9440518881107 -0.9937946363912842 0.010091978864516014 0.1107717140904113 97.8620921084725
0.09376850295097029 0.23217076313678112 0.9681447229618271 494.44418625206214 -0.010384484780072341 0.9726043993029725 -0.2322344611214515 -59.06838134177197 -0.9955398687798498 0.01172259361247916 0.09361063224233798 97.89519821617111
0.079051763036713 0.2316298139237369 0.9695867408656418 494.95775158271414 -0.004991318633253717 0.9727103535937932 -0.23196908145214892 -59.20856705658485 -0.9968580167200859 0.013498048492560607 0.07805060658190745 97.92643861700907
0.06744948863969191 0.23033353995220496 0.9707713566310785 495.4812060174088 0.0001345645367792055 0.972985040848448 -0.23086812724484876 -59.35457976334685 -0.997722681096628 0.01570256852379171 0.06559634873318823 97.95568684738095
0.057925316302459604 0.22949016812405895 0.9715857761750459 496.00650496113093 0.0047967079291791285 0.9731446784184343 -0.23014436004155944 -59.49382136917373 -0.9983093955905238 0.017991598047090707 0.05526891599633293 97.97933063425691
0.052240587389820944 0.22946015667532202 0.9719150979009015 496.4444309179065 0.0078323074897919 0.9731199572897072 -0.23016560056593768 -59.611773589884216 -0.9986038133256686 0.01963632407122626 0.049039155665833986 97.99210744902074
0.051273056159031764 0.23028061161791363 0.9717725627043647 496.7944803475386 0.009230699046502323 0.9729016050973452 -0.2310351942759748 -59.7098500582469 -0.9986420118877639 0.02081602055879687 0.04775798761327805 98.00938015791965
0.053388387447133465 0.23005971498319291 0.9717109691815066 497.2204539700599 0.01146473074234165 0.972893424964465 -0.23096957290936349 -59.82087235290305 -0.9985080069958455 0.02347149766802954 0.04930363842982851 98.03565784303537
0.05884139711668516 0.22988764103780251 0.9714367516639708 497.6603776236512 0.011953541184801946 0.9728908151650193 -0.23095578499077044 -59.93980634997754 -0.9981957738031728 0.025201870280482836 0.0544982834212772 98.06496505024701
0.06774939783063304 0.22985565773565475 0.9708637369376366 498.1046380750365 0.011053547468974603 0.972866910630389 -0.23110126198021752 -60.055630694739854 -0.9976411369735876 0.026388459739205 0.06337042694076274 98.10173621622945
0.07946382960140985 0.23001266792665023 0.9699379734696228 498.5856822398068 0.008550637727340549 0.9728218138921463 -0.23139707217262964 -60.188029659265496 -0.9968010766344249 0.02668128574252023 0.07533739185551903 98.14963841319761
0.0919626099499058 0.23012635044425464 0.968805832560078 498.95518895419605 0.006782276124065555 0.9727613300602943 -0.23170972243287338 -60.295671471817464 -0.9957393630372324 0.02787933949272258 0.08789689031854885 98.19453056222046
0.10547584742626136 0.22976785107314812 0.9675130904659406 499.31297915352513 0.004740434546276665 0.9728130511103981 -0.23154329156683612 -60.39337721540207 -0.9944105660591297 0.029008657371897242 0.101519081494344 98.2425354202076
0.11913182552973293 0.22962172498953237 0.9659614234320126 499.7107947277301 0.002959656734315126 0.9728034615056654 -0.231613181219515 -60.50117106614932 -0.9928740345975324 0.030451415327378495 0.11521225076610159 98.2980465155622
0.13433388883670172 0.230106272045493 0.9638493190718919 500.05679491511967 0.001645182593166775 0.9726123063529407 -0.23242761218293817 -60.59277895098663 -0.9909347605590682 0.032808613139735175 0.13027622660947485 98.3487676005036
0.1504350547101405 0.23285738936578013 0.960805251095208 500.34861017539896 -0.0017099669370766965 0.9719250133083155 -0.23528460323344222 -60.66978521920882 -0.9886184149243046 0.033752106947533715 0.14660977098805844 98.40593677824587
0.16549818714770798 0.23731948897574875 0.9572302806551446 500.6653090488502 -0.0048247772143939 0.9707981882760612 -0.23984911749840176 -60.75410293834291 -0.9861982922189975 0.035076171287929885 0.1618103539089076 98.47283599669946
0.18139313553959807 0.23981870730935279 0.9537208805534246 500.9972641803872 -0.008426734835875327 0.9701528180877124 -0.24234788981233113 -60.83620309300422 -0.9833745575919345 0.035923490656602115 0.177999950280684 98.55631464824042
0.19672084684807076 0.23880340235330078 0.9509331435173987 501.3918882911821 -0.012675179712916342 0.9704235158160192 -0.2410757967331768 -60.939873306346925 -0.9803776049230406 0.035371386398872016 0.19392941187349153 98.65457473343741
0.2115081688438329 0.23601061437298748 0.9484531007992065 501.74587920975137 -0.01576195293405418 0.9711048319869876 -0.23813224504725056 -61.03925440621999 -0.9772491265547634 0.035417441957659626 0.2091165929646479 98.74434687404101
0.22440249813291827 0.23442247252047482 0.9458803429658049 502.0638695728558 -0.018399318028147815 0.9714810805861437 -0.2364021471122715 -61.12843803543732 -0.9743228335248124 0.03564567912917761 0.2223159949972443 98.82728935339881
0.23671746022870613 0.2344099621371125 0.9428768815034997 502.35619350105134 -0.021923840756650954 0.9715003850473851 -0.23602192071770375 -61.20533986339686 -0.9713311429318855 0.035199027027385095 0.23511027044129137 98.90564322746309
0.24868499713542783 0.2348170688655231 0.939689691530759 502.6018109474745 -0.025453447879218105 0.9714173866621773 -0.23600928558321793 -61.272485990108464 -0.9682499130858869 0.034773625923179806 0.24755383404290524 98.97852959218507
0.25976666917449864 0.23555228352001398 0.9365022153281382 502.80507844318606 -0.029496423201444334 0.9712768033099612 -0.2361172004965319 -61.33381012058654 -0.9652208237519141 0.033711913035382055 0.25925328988305363 99.0457044083977
0.27130246256022383 0.2360283579174748 0.9331053467146978 503.0907978654024 -0.033227678397142614 0.9711849154004498 -0.23599953704821833 -61.417957028066475 -0.9619204204075881 0.03302233119296378 0.27132753351896943 99.14306579124347
0.28133192247451316 0.23559166493149453 0.9302413218147315 503.2982932945313 -0.03692848789181077 0.9713345747852262 -0.2348306423975472 -61.48881057963799 -0.9588997007919211 0.03171295069252913 0.28196746723612276 99.21483911302386
0.2902237525622488 0.23520352413028225 0.9276041589414098 503.55001573121353 -0.03942620706247432 0.9714408794520287 -0.233983315486708 -61.57249895533391 -0.9561463003355555 0.03133560221507221 0.29120840027112016 99.30279690587265
0.3004894668855776 0.23601262052387142 0.9241234350693059 503.7965709945975 -0.04206630418936452 0.9712376750228455 -0.23436681648236998 -61.64806506770838 -0.9528570230326716 0.03155030221231111 0.301774869874286 99.39012965546584
0.31160873191643423 0.23763171902412641 0.9200169369675149 504.1046106660231 -0.04587038623302083 0.9708574175236105 -0.2352270871014545 -61.73711865562476 -0.9491026845712123 0.031097282084459794 0.31342790747904664 99.50437534716308
0.3207044690384423 0.23879514790956508 0.9165836136837916 504.3800377950741 -0.04884902066022757 0.9705801667815345 -0.23577089097444145 -61.82484977714413 -0.9459188214214392 0.030838566523012756 0.322934306160708 99.6106894375073
0.3273731352665106 0.2391839183967576 0.9141213724042159 504.59873991013467 -0.051178611771436254 0.9704998991183745 -0.23560707864661123 -61.9010916498451 -0.9435081239729425 0.03034796519727621 0.32995669565180974 99.69704966464418
0.3337347895285101 0.23836911939998862 0.912031388261859 504.8511229365122 -0.05242721340191837 0.9706971070802636 -0.23451761895630388 -61.97412421782263 -0.9412079884665708 0.03045142398145668 0.33645242341857257 99.7962782404881
0.34020990233143694 0.23734648829850893 0.9099032183963408 505.0940183736076 -0.05324391530467984 0.9709320880319018 -0.2333580208886271 -62.04710686938485 -0.9388409385187036 0.03094389959902647 0.3429579671606169 99.89257927398708
0.3462569267685209 0.23660315901065068 0.9078133540607448 505.32813027063565 -0.05455844179990861 0.9711147732937259 -0.23229178530257824 -62.11612202023209 -0.9365519297365221 0.030903757649740436 0.34916391662074786 99.98514353931584
0.3532387575529904 0.23616300770995585 0.9052344524772721 505.547823641511 -0.056990889518122125 0.971248396815121 -0.2311462528270974 -62.18220516466075 -0.9337957049988886 0.03005969849254291 0.35654171684696895 100.07894203938658
